time,pos_1,pos_2,pos_3,pos_4,pos_5,pos_6,pos_7,pos_8,pos_9,vel_1,vel_2,vel_3,vel_4,vel_5,vel_6,vel_7,vel_8,vel_9,acc_1,acc_2,acc_3,acc_4,acc_5,acc_6,acc_7,acc_8,acc_9,tau_1,tau_2,tau_3,tau_4,tau_5,tau_6,tau_7,tau_8,tau_9,tau_cmd_1,tau_cmd_2,tau_cmd_3,tau_cmd_4,tau_cmd_5,tau_cmd_6,tau_cmd_7,tau_cmd_8,tau_cmd_9,pred_1,pred_2,pred_3,pred_4,pred_5,pred_6,pred_7,pred_8
0.0,-0.0014,-0.0308,0.0061,-0.0487,-0.0656,0.0512,0.0522,0.0043,0.0048,-0.2981,-1.5277,-0.4471,-2.2152,-2.6198,1.0876,2.3251,0.2036,-0.0286,0.0,0.0,0.0,0.0,0.0,0.0,0.0,0.0,0.0,0.0,0.0,0.0,0.0,0.0,0.0,0.0,0.0,0.0,0.0,0.0,0.0,0.0,0.0,0.0,0.0,0.0,0.0,,,,,,,,
0.02,0.0,-0.569,0.0,-2.81,0.0,3.037,0.741,0.04,0.04,0.0,0.0,0.0,0.0,0.0,0.0,0.0,0.0,0.0,0.0,0.0,0.0,0.0,0.0,0.0,0.0,0.0,0.0,0.0,45.52,0.0,87.0,0.0,-12.0,-12.0,-80.0,-80.0,0.0,45.52,0.0,224.8,0.0,-242.96,-59.28,-80.0,-80.0,-1.167,2.36,-0.1611,0.8606,0.8697,-0.1106,-0.3589,0.1768
0.04,-0.0325,-0.546,0.0264,-2.7982,0.0421,3.0276,0.6895,0.0399,0.04,-2.1567,2.175,1.4941,1.4021,1.6021,-0.88897,-2.455,0.0013784,0.003654,0.10126,105.18,-5.7074,61.244,82.588,3.4722,15.455,0.53509,0.3668,-37.166,87.0,-13.435,31.084,12.0,-0.47302,-1.8588,0.54198,0.0014061,-37.166,89.433,-13.435,31.084,30.125,-0.47302,-1.8588,0.54198,0.0014061,-1.3149,2.0313,0.0335,0.1706,1.2001,-0.2673,-0.4411,0.0896
0.06,-0.0757,-0.5025,0.0575,-2.7744,0.0915,2.9922,0.638,0.0399,0.04,-2.1591,2.175,1.429,1.116,2.2493,-1.9365,-2.3559,-0.00050926,0.00069906,0.30146,0.011206,-7.0541,-20.828,8.2968,11.638,25.402,-0.069534,-0.068685,-39.6171,68.9707,-8.0421,-0.4283,12.0,-0.4548,-0.9987,0.0977,-0.1386,-39.6171,68.9707,-8.0421,-0.4283,34.0133,-0.4548,-0.9987,0.0977,-0.1386,-1.224,1.8937,0.057,0.0846,1.2681,-0.2242,-0.63,0.1489
0.08,-0.1188,-0.459,0.0858,-2.7604,0.142,2.968,0.5858,0.04,0.04,-2.154,2.175,1.2801,0.54821,2.294,-0.93162,-2.61,-0.00021952,-0.00011146,0.30107,0.0,-8.7416,-25.083,-6.4211,27.291,-0.00011921,-0.024188,0.0070113,-32.551,59.986,-8.9551,-3.3307,12.0,0.57765,-4.4364,0.096202,0.021913,-32.551,59.986,-8.9551,-3.3307,31.943,0.57765,-4.4364,0.096202,0.021913,-1.0473,1.7248,0.2177,0.0886,1.4351,-0.2402,-0.7146,0.1897
0.1,-0.1621,-0.4155,0.1128,-2.7557,0.193,2.9515,0.5336,0.04,0.04,-2.1607,2.175,1.2963,0.11693,2.4207,-0.75496,-2.61,0.00036593,0.00036161,0.34857,-7.1526e-05,-1.5566,-21.131,-3.1286,11.267,2.3842e-05,-0.00073314,-0.00841,-22.0,49.748,-4.4889,-2.0115,12.0,0.076379,-3.6412,0.027971,-0.036316,-22.0,49.748,-4.4889,-2.0115,34.195,0.076379,-3.6412,0.027971,-0.036316,-0.9313,1.4999,0.4028,0.1558,1.5728,-0.2353,-0.7765,0.2631
0.12,-0.2056,-0.372,0.1416,-2.7586,0.2451,2.939,0.4814,0.04,0.04,-2.1724,2.175,1.4629,-0.21122,2.5718,-0.5423,-2.5879,0.0010285,-7.4523e-05,0.30034,0.0002861,5.209,-15.408,-3.8188,8.6496,2.0128,0.0051256,0.027582,-13.8432,37.2721,0.3155,2.1714,12.0,0.4791,-1.9489,-0.0918,0.0728,-13.8432,37.2721,0.3155,2.1714,34.9427,0.4791,-1.9489,-0.0918,0.0728,-0.8618,1.3166,0.6218,0.279,1.6596,-0.226,-0.8341,0.3674
0.14,-0.2495,-0.3284,0.1752,-2.7662,0.2974,2.9294,0.4314,0.04,0.0399,-2.1769,2.175,1.7664,-0.37202,2.61,-0.39717,-2.1661,0.0021952,-0.001323,0.026655,0.00059605,13.4,-7.4322,-2.3842e-05,6.9422,43.855,-0.070849,0.11521,-7.556,26.4584,5.7245,8.512,12.0,1.0787,-0.093,-0.2904,0.3343,-7.556,26.4584,5.7245,8.512,34.2393,1.0787,-0.093,-0.2904,0.3343,-0.8825,1.2334,0.8092,0.357,1.6936,-0.198,-0.9053,0.4985
0.16,-0.2939,-0.2849,0.216,-2.7761,0.3498,2.9253,0.3846,0.04,0.0399,-2.1781,2.1749,2.1541,-0.44163,2.61,-0.10995,-1.9309,0.0027605,-0.0016431,0.044417,0.001502,17.368,-1.909,-0.00016689,4.8478,43.118,-0.20468,0.21262,-4.8464,19.6493,8.8714,12.8477,12.0,1.5297,0.0326,-0.4807,0.5115,-4.8464,19.6493,8.8714,12.8477,31.4119,1.5297,0.0326,-0.4807,0.5115,-0.9782,1.1957,0.9394,0.4105,1.7198,-0.1663,-0.9758,0.6275
0.18,-0.3372,-0.2413,0.2596,-2.7865,0.4015,2.9254,0.3412,0.04,0.0399,-2.1774,2.175,2.175,-0.42449,2.5059,0.05939,-1.7681,0.0010922,0.00075243,-0.0082731,0.00030994,0.10142,2.0377,-2.0957,0.83042,40.137,-0.065574,0.028782,-5.1698,14.6583,9.8583,15.9048,12.0,2.0976,0.0449,-0.1748,0.093,-5.1698,14.6583,9.8583,15.9048,28.6251,2.0976,0.0449,-0.1748,0.093,-0.9584,1.1746,1.1168,0.4415,1.7893,-0.1228,-1.0783,0.7551
0.2,-0.3798,-0.1977,0.3031,-2.7962,0.4534,2.9313,0.2954,0.04,0.0399,-2.1276,2.1751,2.175,-0.37572,2.5459,0.36555,-1.878,0.00072152,0.00072583,3.7653,0.000453,2.3842e-05,4.2504,6.1114,1.4102,41.915,-0.10698,0.0026105,-0.9897,10.3228,13.4667,17.8526,12.0,2.4144,0.0204,-0.1791,0.0426,-0.98968,10.323,13.467,17.853,27.44,2.4144,0.02039,-0.17913,0.042614,-0.926,1.1827,1.2949,0.4366,1.8727,-0.1074,-1.1623,0.8781
0.22,-0.4206,-0.1541,0.3466,-2.8044,0.5058,2.9392,0.2508,0.04,0.0399,-1.976,2.1751,2.1748,-0.28877,2.61,0.4234,-1.8223,0.0010727,0.00022679,7.704,-0.001502,-0.00069141,5.3999,0.0,-3.8235,41.36,-0.063337,0.0097839,3.2137,7.1634,17.1066,18.0828,12.0,1.9987,0.0391,-0.1706,0.0937,3.2137,7.1634,17.1066,18.0828,26.1004,1.9987,0.0391,-0.1706,0.0937,-0.9576,1.1973,1.4145,0.3864,1.9309,-0.0981,-1.2623,1.0039
0.24,-0.4586,-0.1106,0.3902,-2.8111,0.5582,2.9471,0.2046,0.04,0.0399,-1.824,2.175,2.1748,-0.22673,2.61,0.42712,-1.9,0.0008558,0.00043235,8.2269,-0.0020742,-0.002718,3.8887,9.5367e-05,-4.2866,43.092,-0.088421,0.020393,4.5185,4.2596,18.4099,16.3527,12.0,1.6949,0.0475,-0.174,0.0863,4.5185,4.2596,18.4099,16.3527,24.2369,1.6949,0.0475,-0.174,0.0863,-0.9755,1.1981,1.5245,0.3239,1.9881,-0.0916,-1.3839,1.1336
0.26,-0.4933,-0.0671,0.4337,-2.8168,0.6105,2.9547,0.155,0.04,0.0399,-1.6392,2.175,2.1748,-0.20568,2.61,0.42161,-2.1278,0.00054799,0.00083376,9.9725,-0.00030994,0.0028133,1.8369,0.00014305,-4.1785,46.04,-0.090296,0.047268,6.0496,0.80871,19.327,14.172,12.0,1.3587,-0.0088291,-0.1451,0.071195,6.0496,0.80871,19.327,14.172,22.332,1.3587,-0.0088291,-0.1451,0.071195,-0.9495,1.2046,1.6385,0.26,2.0401,-0.0926,-1.4948,1.2633
0.28,-0.5236,-0.0235,0.4772,-2.8224,0.6628,2.9613,0.1044,0.04,0.04,-1.3807,2.175,2.1738,-0.21971,2.61,0.3704,-2.2265,0.00059181,0.0010378,13.41,0.0032902,-0.057578,-0.091273,4.7684e-05,-4.5639,37.895,-0.042295,0.057937,8.8058,-2.4133,20.409,12.0383,12.0,0.9383,-0.4024,-0.1015,0.0562,8.8058,-2.4133,20.409,12.0383,20.2269,0.9383,-0.4024,-0.1015,0.0562,-0.8738,1.2659,1.7371,0.2221,2.0431,-0.0812,-1.5554,1.3732
0.3,-0.5475,0.02,0.5206,-2.8284,0.7151,2.9682,0.0581,0.04,0.04,-1.0036,2.175,2.1699,-0.25261,2.61,0.42057,-1.8988,0.00086913,0.00071392,18.674,0.00066757,-0.17166,-0.549,-7.1526e-05,-3.9483,42.846,-0.0070584,0.016548,12.7254,-3.4442,20.8871,11.0968,12.0,0.6957,0.0345,-0.094,0.0373,12.7254,-3.4442,20.8871,11.0968,16.1643,0.6957,0.0345,-0.094,0.0373,-0.7663,1.417,1.7862,0.2433,1.9465,-0.045,-1.5172,1.3993
0.32,-0.5623,0.0636,0.5639,-2.8346,0.7674,2.9783,0.033,0.04,0.0399,-0.49658,2.175,2.1623,-0.24504,2.6094,0.6104,-0.99611,0.0017843,-0.00051506,24.089,0.0016212,-0.32926,2.0783,-0.059748,-4.3138,22.462,0.041399,-0.063458,16.7913,-0.8849,19.4023,12.518,8.1172,0.7034,-0.0591,-0.137,0.0759,16.7913,-0.8849,19.4023,12.518,8.1172,0.7034,-0.0591,-0.137,0.0759,-0.6447,1.6065,1.7375,0.3124,1.5798,-0.0218,-1.3005,1.1258
0.34,-0.5576,0.1073,0.5936,-2.8395,0.7893,2.9878,0.0525,0.04,0.0399,0.43809,2.175,1.4949,-0.15058,0.72675,0.5797,0.82827,0.0025016,-0.0010471,23.6607,0.0,-3.3655,6.0816,-30.9519,-2.9723,-20.525,0.0402,-0.0569,18.3413,3.2043,17.0192,15.5277,-3.4587,1.007,-0.3435,-0.2099,0.1578,18.3413,3.2043,17.0192,15.5277,-3.4587,1.007,-0.3435,-0.2099,0.1578,-0.6189,1.8029,1.3214,0.3706,1.0786,-0.0113,-0.97,0.3608
0.36,-0.5173,0.151,0.5842,-2.8411,0.7409,2.9923,0.1045,0.04,0.04,2.0939,2.175,-0.46493,0.056895,-2.608,0.40981,2.61,-0.00015533,0.0018465,0.87459,-4.7684e-05,7.1081,12.118,-0.15643,4.7771,0.00016689,-0.14176,0.1155,9.957,7.5678,7.843,17.5525,-7.7827,1.9031,3.7645,-0.1262,0.0313,9.957,7.5678,7.843,17.5525,-7.7827,1.9031,3.7645,-0.1262,0.0313,-1.2491,1.5081,0.3157,0.4809,0.864,0.2576,-0.6438,-1.2567
0.38,-0.468,0.1939,0.5549,-2.8386,0.689,3.0307,0.1567,0.0365,0.0359,2.1753,2.1415,-1.6358,0.3278,-2.5431,1.79,2.5618,-0.1996,-0.1998,0.0049591,0.47941,-51.084,19.286,-1.1019,-19.21,0.16088,-5.7054,-0.17375,-19.2801,-7.534,-28.6285,21.1573,-12.0,4.4364,12.0,-62.8889,-56.1052,-19.2801,-7.534,-28.6285,21.1573,-12.5122,4.4364,12.8385,-62.8889,-56.1052,-2.4522,1.0077,-0.729,0.0553,0.6911,0.4242,-0.3688,-2.2087
0.4,-0.4375,0.2313,0.5136,-2.8362,0.637,3.0724,0.2091,0.0324,0.0335,0.5659,1.5163,-1.9191,0.0944,-2.6004,1.3599,2.6102,-0.1993,-0.148,-99.331,-27.13,19.886,1.5225,-1.1108,-109.6,9.6926,0.073697,5.2118,-68.5069,-29.4581,-63.4045,4.0434,-12.0,5.9106,12.0,-48.8406,-47.6299,-68.5069,-29.4581,-63.4045,4.0434,-15.0518,5.9106,19.8547,-48.8406,-47.6299,-2.8913,-0.2737,-1.2824,0.3462,0.9676,0.5481,-0.0583,-2.7119
0.42,-0.4443,0.2475,0.4719,-2.8383,0.5851,3.1025,0.2604,0.0284,0.0317,-1.2924,-0.0763,-2.0967,-0.2897,-2.5855,1.3921,2.4189,-0.0871,0.0693,-93.3487,-76.1903,-3.2673,-16.6173,0.731,-7.0782,51.6033,7.2033,6.0027,-79.3386,-78.6808,-82.462,16.4562,0.1873,11.9641,12.0,-44.8618,-65.6916,-79.3386,-78.6808,-82.462,16.4562,0.1873,11.9641,30.6003,-44.8618,-65.6916,-2.6966,-1.0172,-1.9829,-0.0732,0.7181,0.5359,0.6258,-3.089
0.44,-0.4831,0.2302,0.4297,-2.8526,0.5333,3.1357,0.3111,0.0278,0.0313,-2.175,-1.6832,-2.1277,-1.0925,-2.5965,2.0212,2.5388,0.0383,0.0128,-7.1526e-05,-79.81,-23.309,-32.215,-0.38679,15.303,30.249,0.18138,-0.29926,-62.2065,-87.0,-87.0,2.8449,-5.6436,7.5579,12.0,-59.459,-64.5748,-62.2065,-102.0846,-107.8292,2.8449,-5.6436,7.5579,52.5569,-59.459,-64.5748,-1.9948,-0.65073,-1.9502,-0.095543,0.81199,0.0029147,0.83886,-3.1388
0.46,-0.5275,0.1892,0.3861,-2.8689,0.4895,3.1149,0.3611,0.0285,0.0305,-2.1747,-2.1724,-2.1656,-0.7268,-1.778,-1.742,2.3266,0.0433,0.011,3.3524,0.018334,0.94252,12.023,33.066,-45.521,11.366,-0.98098,0.56903,-30.5241,-79.7012,-87.0,3.692,0.1752,-2.3694,12.0,-61.9501,-62.0774,-30.5241,-79.7012,-101.9312,3.692,0.1752,-2.3694,57.1055,-61.9501,-62.0774,-1.9089,-0.4065,-1.1035,-0.347,0.7419,-0.0456,0.8293,-2.944
0.48,-0.5718,0.1465,0.3426,-2.8837,0.4514,3.0784,0.4128,0.0288,0.0302,-2.1688,-2.1737,-2.1696,-0.8366,-1.6886,-1.4842,2.4183,0.0378,0.0208,1.868,-0.0441,0.5384,-6.4872,25.7866,24.5033,-11.723,-0.4088,0.4602,-23.6263,-66.5142,-64.5823,-5.5153,-0.114,0.3902,12.0,-61.6448,-62.3214,-23.6263,-66.5142,-64.5823,-5.5153,-0.114,0.3902,51.3351,-61.6448,-62.3214,-1.8717,-0.5071,-0.9332,-0.4154,0.6373,0.0051,0.819,-2.8326
0.5,-0.6163,0.1039,0.2991,-2.9024,0.4104,3.059,0.4647,0.029,0.0301,-2.1747,-2.1738,-2.1707,-1.0616,-1.8974,-0.4885,2.4291,0.0349,0.0237,2.2679,-0.1193,0.4256,-8.1517,21.6253,30.3035,-10.3742,-0.3688,0.2079,-18.5436,-67.1288,-54.2924,-6.0959,-0.5175,1.0225,12.0,-61.7139,-62.5216,-18.5436,-67.1288,-54.2924,-6.0959,-0.5175,1.0225,46.7957,-61.7139,-62.5216,-1.9191,-0.6116,-1.0882,-0.3879,0.4982,0.0796,0.9041,-2.7758
0.52,-0.6612,0.0612,0.2556,-2.9248,0.3613,3.058,0.5165,0.0291,0.03,-2.1762,-2.1734,-2.175,-1.1927,-2.3231,0.2897,2.4318,0.0321,0.0245,4.9495,-0.14784,0.00019073,-2.7368,21.116,13.124,-9.6139,-0.59068,0.23869,-16.7395,-67.8963,-57.0147,-2.5893,-0.8174,0.9637,12.0,-61.891,-62.3319,-16.7395,-67.8963,-57.0147,-2.5893,-0.8174,0.9637,46.0715,-61.891,-62.3319,-2.0411,-0.6989,-1.3198,-0.3426,0.3142,0.1853,1.0094,-2.7124
0.54,-0.7061,0.0185,0.2121,-2.9491,0.3093,3.0732,0.5687,0.0291,0.0299,-2.2082,-2.1727,-2.175,-1.2386,-2.6026,1.0086,2.5321,0.034,0.0233,0.56434,-0.072122,-0.00019073,2.6395,-0.36602,1.5603,0.20082,-0.10838,0.035959,-18.0847,-67.977,-62.7985,1.5072,-3.8636,1.2569,12.0,-61.7065,-62.2572,-18.0847,-67.977,-62.7985,1.5072,-3.8636,1.2569,46.124,-61.7065,-62.2572,-2.1429,-0.7719,-1.4923,-0.2883,0.1,0.2837,1.1038,-2.6401
0.56,-0.7509,-0.0242,0.1685,-2.9732,0.2572,3.0989,0.6209,0.0292,0.0299,-2.2117,-2.1725,-2.175,-1.1709,-2.6011,1.4183,2.5318,0.0338,0.024,-0.95484,-0.063062,-0.00033379,7.4992,-0.013971,-8.4301,-0.083327,0.071793,-0.010353,-18.6305,-67.4825,-66.218,5.5617,-8.2597,1.462,12.0,-61.5992,-62.2658,-18.6305,-67.4825,-66.218,5.5617,-8.2597,1.462,45.7145,-61.5992,-62.2658,-2.2092,-0.8263,-1.5066,-0.2328,-0.1227,0.3722,1.1793,-2.5424
0.58,-0.7956,-0.067,0.125,-2.995,0.2052,3.1297,0.6731,0.0292,0.0299,-2.2062,-2.1721,-2.175,-1.0114,-2.6007,1.5987,2.5323,0.0335,0.0245,-0.58041,-0.059438,-0.00014305,11.369,-1.0536,-15.486,-0.043797,0.077942,-0.030432,-17.7127,-66.2404,-63.3073,9.1488,-12.0,1.6983,12.0,-61.5961,-62.2994,-17.7127,-66.2404,-63.3073,9.1488,-13.0456,1.6983,44.5607,-61.5961,-62.2994,-2.2397,-0.8663,-1.3776,-0.1794,-0.3494,0.4517,1.2442,-2.415
0.6,-0.8401,-0.1099,0.0815,-3.0129,0.1533,3.1623,0.7253,0.0291,0.0299,-2.1953,-2.1717,-2.175,-0.7894,-2.5805,1.6573,2.5323,0.0329,0.0252,-0.40429,-0.05734,0.00023842,13.998,-2.2799,-18.384,-0.18358,0.08157,-0.0091698,-15.4003,-64.4162,-54.6653,12.1038,-12.0,1.9737,12.0,-61.5216,-62.371,-15.4003,-64.4162,-54.6653,12.1038,-18.0853,1.9737,42.9723,-61.5216,-62.371,-2.2329,-0.8949,-1.123,-0.13,-0.5747,0.5241,1.3077,-2.2573
0.62,-0.8843,-0.1528,0.038,-3.0261,0.1014,3.1949,0.7775,0.0291,0.03,-2.1866,-2.1712,-2.175,-0.526,-2.5896,1.6488,2.5333,0.0331,0.0246,-0.067854,-0.048804,-0.0002861,15.634,-2.8094,-19.454,-0.039721,0.052035,-0.022626,-11.5946,-62.1282,-41.002,14.3416,-12.0,2.2389,12.0,-61.4929,-62.3923,-11.5946,-62.1282,-41.002,14.3416,-22.9322,2.2389,41.3388,-61.4929,-62.3923,-2.2048,-0.9096,-0.7571,-0.0694,-0.8088,0.5933,1.3833,-2.0654
0.64,-0.9283,-0.1957,-0.0055,-3.0337,0.0495,3.227,0.8297,0.029,0.03,-2.1784,-2.1707,-2.175,-0.229,-2.6038,1.6204,2.5356,0.0331,0.0237,0.40634,-0.043821,-0.00011921,16.859,-0.78745,-18.768,0.17462,-0.049826,0.03918,-6.9519,-59.2859,-22.8849,16.4662,-12.0,2.5562,12.0,-61.4729,-62.3532,-6.9519,-59.2859,-22.8849,16.4662,-28.0106,2.5562,40.1864,-61.4729,-62.3532,-2.157,-0.8789,-0.2861,0.0056,-1.0243,0.6414,1.4689,-1.8696
0.66,-0.972,-0.23869,-0.048961,-3.0347,-0.0025077,3.2559,0.88193,0.028923,0.030128,-2.175,-2.1703,-2.1613,0.1189,-2.6007,1.4457,2.5332,0.0356,0.0207,0.0302,-0.0349,1.367,18.2868,0.2558,-19.1633,-0.2655,0.1818,-0.1892,-1.5657,-54.6222,-0.5623,18.4862,-12.0,2.7016,12.0,-61.322,-62.4286,-1.5657,-54.6222,-0.5623,18.4862,-32.4402,2.7016,39.4248,-61.322,-62.4286,-2.1148,-0.8391,0.1697,0.1543,-1.1827,0.6691,1.5462,-1.6693
0.68,-1.0178,-0.2817,-0.08,-3.0278,-0.0482,3.2782,0.9325,0.0291,0.03,-2.175,-2.1699,-1.1147,0.5354,-1.6549,1.1461,2.2372,0.0449,0.0111,-2.3842e-05,-0.017905,42.24,21.223,-4.9418,-19.736,4.2147,-0.30783,0.31056,3.7084,-49.5927,18.2656,22.6673,-12.0,2.9013,12.0,-62.7511,-60.9425,3.7084,-49.5927,18.2656,22.6673,-38.8588,2.9013,39.7738,-62.7511,-60.9425,-2.2216,-0.8203,0.3972,0.6596,-1.1603,0.7295,1.5472,-1.3972
0.7,-1.0639,-0.3245,-0.0895,-3.0089,-0.0937,3.2932,0.9838,0.0294,0.0296,-2.175,-2.1666,0.0943,1.2865,-1.6685,0.8295,2.3451,0.0452,0.0043,0.00026226,-0.017095,54.697,35.452,-18.242,-12.911,6.907,-0.52939,0.24364,3.1159,-45.4199,24.71,39.4726,-12.0,5.3872,12.0,-63.5039,-59.7513,3.1159,-45.4199,24.71,39.4726,-34.8148,5.3872,35.4177,-63.5039,-59.7513,-2.5462,-0.7224,0.1846,1.3273,-0.8315,0.8304,1.4255,-1.2806
0.72,-1.1085,-0.3665,-0.0828,-2.9721,-0.1451,3.3082,1.0359,0.0295,0.0294,-2.175,-2.1671,0.58992,2.1687,-2.5628,1.2927,2.5052,0.041335,0.0018929,4.7684e-05,-0.64037,28.918,27.266,-2.3115,49.045,-1.2528,-0.4353,0.1462,-6.2446,-38.1295,13.2002,60.1456,-12.0,8.9663,12.0,-63.5206,-58.9763,-6.2446,-38.1295,13.2002,60.1456,-13.5617,8.9663,25.4428,-63.5206,-58.9763,-3.1095,-0.6788,-0.3336,1.8238,-0.5477,0.9734,1.3005,-1.2557
0.74,-1.1512,-0.4086,-0.0757,-2.9288,-0.1951,3.3528,1.0881,0.0292,0.0296,-2.1422,-2.1738,0.24,2.1735,-2.2092,2.6094,2.5381,0.0076,0.0324,-0.2715,-0.6096,-11.3926,0.6916,34.8547,5.7203,0.2763,-0.8247,0.9306,-25.4354,-33.0091,-8.4848,75.5256,1.9938,5.4717,12.0,-60.3396,-61.2158,-25.4354,-33.0091,-8.4848,75.5256,1.9938,5.4717,16.1961,-60.3396,-61.2158,-3.1234,-0.8553,-0.342,2.0472,-0.2459,1.0389,1.4542,-1.0203
0.76,-1.1938,-0.4514,-0.0675,-2.8856,-0.1938,3.4023,1.1404,0.0286,0.0303,-2.1444,-2.1735,0.3759,2.1741,0.8787,2.61,2.5408,0.0161,0.0353,-0.86,-0.01874,-11.376,0.32995,42.974,0.012064,6.8644,1.027,0.18569,-22.5961,-36.6383,-9.9058,80.9812,4.4048,3.8264,12.0,-58.2422,-63.2921,-22.5961,-36.6383,-9.9058,80.9812,4.4048,3.8264,18.4163,-58.2422,-63.2921,-1.3364,-1.1492,1.2362,2.2502,0.0699,1.1545,1.5389,-0.1838
0.78,-1.218,-0.4944,-0.0524,-2.842,-0.1427,3.4511,1.1924,0.0293,0.0297,-0.6334,-2.1762,1.1042,2.1784,2.6086,2.61,2.5381,0.0712,-0.0077,62.709,0.01967,28.531,-0.038981,0.026178,9.5367e-05,-0.043869,-0.59472,1.2779,48.3111,-44.9543,51.1053,85.5983,5.8829,4.5277,12.0,-65.5614,-58.0138,48.3111,-44.9543,51.1053,85.5983,5.8829,4.5277,17.3688,-65.5614,-58.0138,0.9034,-1.0256,2.1036,2.1167,0.06,1.3016,1.1566,0.8291
0.8,-1.1923,-0.537,-0.0345,-2.7984,-0.0899,3.502,1.2351,0.033,0.0332,1.0461,-2.1748,2.1743,2.175,2.6035,2.6094,1.763,0.1416,0.1596,87.6,0.16809,37.783,-0.20351,-0.55435,-0.05579,-49.682,0.23348,-4.047,87.0,-36.5817,80.8054,76.7755,1.2643,6.4482,-0.7707,3.6515,-3.1215,132.0376,-36.5817,80.8054,76.7755,1.2643,6.4482,-0.7707,3.6515,-3.1215,1.0713,-1.0051,0.9161,1.9311,-0.937,1.4581,-0.6806,1.5808
0.82,-1.1528,-0.5794,-0.0071,-2.7548,-0.1052,3.5532,1.1841,0.0363,0.0358,1.6545,-2.175,1.8555,2.1743,-1.9033,2.6071,-2.3811,0.1802,0.1225,7.0555,0.04015,0.45699,-0.091577,-238.71,-0.28942,20.975,10.712,-0.67105,87.0,-32.3678,30.9263,65.8709,-12.0,8.6305,-12.0,4.0852,-2.0529,130.3466,-32.3678,30.9263,65.8709,-32.5142,8.6305,-54.3105,4.0852,-2.0529,0.3485,0.3456,-0.4221,2.0734,-1.0769,1.1224,-1.5386,1.9693
0.84,-1.1088,-0.6155,0.0144,-2.7113,-0.1574,3.5786,1.1319,0.0384,0.0375,2.1772,-1.5491,0.805,2.1734,-2.61,0.9405,-2.603,0.0835,0.078,-0.062943,33.613,-27.119,0.022316,-2.3842e-05,-44.255,0.11172,-0.81933,-1.2252,87.0,23.7681,-21.594,68.0836,-12.0,-3.2389,-12.0,-4.0681,-2.4896,95.7027,23.7681,-21.594,68.0836,-22.1335,-3.2389,-84.4914,-4.0681,-2.4896,-0.2938,1.1291,-0.2934,1.9517,-1.0942,0.6935,-1.2677,2.0455
0.86,-1.0648,-0.6373,0.027,-2.6679,-0.2099,3.5427,1.0798,0.0395,0.0388,2.1768,-0.6067,0.4611,2.1737,-2.61,-2.2754,-2.6088,0.0364,0.0553,-0.056338,56.537,-17.699,0.011063,0.036001,-28.808,0.12174,-2.5435,-0.81935,66.4868,54.6426,-16.0127,59.737,-12.0,-6.6971,-12.0,-4.2691,-2.7557,66.4868,54.6426,-16.0127,59.737,-18.6324,-6.6971,-69.4549,-4.2691,-2.7557,-0.5193,1.0023,0.018,1.9737,-1.0918,0.2003,-0.7425,1.9984
0.88,-1.0212,-0.6387,0.0359,-2.6247,-0.2621,3.4929,1.0276,0.04,0.0396,2.1751,0.3853,0.4114,2.175,-2.6095,-2.0913,-2.6049,0.0251,0.0336,0.000453,45.971,-3.2296,7.1526e-05,-1.436,-12.141,-0.0076294,-0.57394,-0.7385,53.9686,46.096,-3.585,57.1509,-12.0,-12.0,-12.0,-2.6362,-2.5176,53.9686,46.096,-3.585,57.1509,-14.414,-22.5897,-44.2925,-2.6362,-2.5176,-0.6653,0.4977,0.299,2.3167,-0.4213,-0.2791,-0.0806,1.8467
0.9,-0.9777,-0.6244,0.0514,-2.5816,-0.2633,3.444,0.9754,0.04,0.04,2.1721,0.9794,0.9462,2.175,1.0343,-2.1761,-2.61,0.0067,0.0088,-0.1307,26.855,9.3804,0.32811,59.646,-9.5082,-0.028944,-1.2397,-2.0302,44.6475,22.1858,5.1445,67.4393,3.0142,-12.0,-12.0,-1.9084,-2.7251,44.6475,22.1858,5.1445,67.4393,3.0142,-37.3762,-13.6245,-1.9084,-2.7251,-0.3214,0.0886,0.6317,2.4289,0.1641,-0.4791,0.317,1.9281
0.92,-0.9346,-0.6018,0.0762,-2.5386,-0.2127,3.3919,0.9491,0.04,0.04,2.1573,1.2104,1.3859,2.1753,2.61,-2.6065,-1.0005,0.0021957,0.0002296,0.12014,11.598,10.315,-0.0058174,0.00014305,-2.3574,22.357,-0.47989,-0.61897,55.009,2.7434,15.089,68.467,12.0,-12.0,0.04882,-0.69946,-0.64193,55.009,2.7434,15.089,68.467,15.226,-39.315,0.04882,-0.69946,-0.64193,-0.1275,-0.1686,0.6918,2.5512,0.3805,-0.5212,0.3576,2.1018
0.94,-0.8915,-0.576,0.1053,-2.4955,-0.1604,3.3397,0.9393,0.04,0.04,2.155,1.2802,1.5724,2.1753,2.61,-2.6096,-0.38293,0.0040632,0.00088418,0.1065,3.4456,8.0682,-0.0053167,0.00011921,-0.042963,8.5985,0.11166,0.04857,59.328,-10.122,14.485,69.908,12.0,-12.0,-0.023798,-0.29466,-0.039847,59.328,-10.122,14.485,69.908,19.705,-36.72,-0.023798,-0.29466,-0.039847,-0.1596,-0.272,0.6109,2.7003,0.3401,-0.4503,0.1831,2.243
0.96,-0.8483,-0.5493,0.1365,-2.4523,-0.108,3.2875,0.9048,0.04,0.04,2.161,1.2838,1.607,2.1743,2.6101,-2.61,-1.4546,0.0035,0.0034,0.10529,-0.045824,1.3628,-0.030661,0.0011683,-2.3842e-05,32.683,-0.10774,0.15528,54.57,-16.527,8.3989,72.424,12.0,-12.0,0.058235,-0.45405,-0.17999,54.57,-16.527,8.3989,72.424,13.899,-29.704,0.058235,-0.45405,-0.17999,-0.3107,-0.2442,0.4786,2.763,0.1048,-0.2786,-0.0865,2.3578
0.98,-0.805,-0.5226,0.1668,-2.4092,-0.0579,3.2353,0.8527,0.04,0.04,2.171,1.2826,1.4627,2.1737,2.3146,-2.6098,-2.61,0.0041,0.0062,0.060344,-0.5885,-8.6036,0.017571,-29.545,0.017023,-0.36836,0.0062813,0.22862,45.022,-17.5698,0.7863,71.4863,0.3003,-12.0,-4.0575,-0.4016,-0.3942,45.022,-17.5698,0.7863,71.4863,0.3003,-18.6591,-4.0575,-0.4016,-0.3942,-0.5053,-0.1984,0.3829,2.7905,-0.1706,-0.0516,-0.3445,2.4655
1.0,-0.7615,-0.4964,0.1892,-2.366,-0.0594,3.1832,0.8005,0.04,0.04,2.175,1.244,1.0041,2.1725,-0.7018,-2.61,-2.6081,0.0096,0.0162,0.00050068,-0.87702,-10.79,-0.21315,-40.373,-0.040579,0.13442,0.51372,0.87999,33.7467,-17.7141,-3.4477,69.1231,-1.4206,-5.4059,-10.187,-0.4485,-0.7358,33.7467,-17.7141,-3.4477,69.1231,-1.4206,-5.4059,-10.187,-0.4485,-0.7358,-0.7707,-0.2968,0.3809,2.9346,-0.1265,0.1933,-0.5174,2.537
1.02,-0.7179,-0.4699,0.2082,-2.323,-0.0681,3.1491,0.7483,0.04,0.04,2.175,1.2927,0.9132,2.1698,-0.1864,-1.0602,-2.6078,0.0112,0.0131,-0.00040531,-0.49022,-6.3373,0.092173,9.7796,44.63,0.031042,0.084737,-0.45171,19.6475,-23.9211,-4.5846,71.4687,1.2565,3.7038,-12.0,-1.0307,-1.7621,19.6475,-23.9211,-4.5846,71.4687,1.2565,3.7038,-12.9331,-1.0307,-1.7621,-0.9362,-0.2618,0.3951,3.0939,-0.0904,0.4388,-0.4569,2.6163
1.04,-0.6744,-0.4412,0.2255,-2.2801,-0.0676,3.1632,0.6961,0.04,0.04,2.175,1.3921,0.8162,2.171,0.1772,1.3199,-2.6074,0.0133,0.0047,0.00026226,-2.6878,-7.0224,0.26727,-2.4858,24.671,0.053644,0.17019,-0.60289,9.5454,-25.2131,-5.1087,74.4108,1.0345,4.0949,-6.3385,-1.1573,-1.077,9.5454,-25.2131,-5.1087,74.4108,1.0345,4.0949,-6.3385,-1.1573,-1.077,-1.0292,-0.2328,0.4357,3.2617,-0.0459,0.6654,-0.3353,2.6747
1.06,-0.6309,-0.4116,0.2411,-2.237,-0.0608,3.2117,0.6552,0.04,0.04,2.175,1.3978,0.74271,2.1714,0.4715,2.6096,-1.6606,0.0097842,0.00022371,2.3842e-05,-5.0493,-5.6444,0.015378,-4.4782,0.0082731,37.692,-0.36916,-0.33475,2.3422,-26.5209,-4.45,77.6666,1.2516,4.2745,0.1432,-1.3476,-0.3571,2.3422,-26.5209,-4.45,77.6666,1.2516,4.2745,0.1432,-1.3476,-0.3571,-1.0051,-0.2334,0.4954,3.3479,-0.0892,0.8724,-0.3324,2.7153
1.08,-0.589,-0.384,0.2558,-2.1938,-0.0605,3.2639,0.6288,0.04,0.04,1.9946,1.269,0.76339,2.1714,0.027765,2.6098,-1.0958,0.0070002,-0.00021617,-13.817,-6.795,5.63,-0.029683,-7.9807,-0.006485,23.459,-0.084543,-0.024439,0.023191,-28.407,-2.8788,77.663,0.78566,8.3926,0.045423,-0.78456,-0.0028217,0.023191,-28.407,-2.8788,77.663,0.78566,8.3926,0.045423,-0.78456,-0.0028217,-0.9876,-0.2005,0.5303,3.331,-0.1914,1.0771,-0.4952,2.7339
1.1,-0.5542,-0.3592,0.2729,-2.1507,-0.0752,3.3161,0.5852,0.04,0.04,1.5707,1.1215,0.934,2.1714,-0.79665,2.6097,-1.8676,0.014335,-0.00098076,-19.9836,-6.6671,10.8294,-0.3044,-6.0792,5.7573,38.1481,0.7998,-0.0645,-0.94671,-28.592,-3.1963,73.523,0.56388,12.0,0.024614,-0.63368,0.040309,-0.94671,-28.592,-3.1963,73.523,0.56388,12.636,0.024614,-0.63368,0.040309,-1.0158,-0.0445,0.5723,3.2071,-0.2379,1.3025,-0.7312,2.7073
1.12,-0.5299,-0.3369,0.2962,-2.1076,-0.096,3.3677,0.533,0.04,0.04,1.0584,1.0262,1.246,2.1732,-0.89878,2.4528,-2.6097,0.017272,-0.00093661,-18.352,-3.203,11.333,-0.045753,9.3032,6.1588,0.010538,0.48447,0.084433,-2.3403,-23.7043,-4.3359,65.1204,1.2865,12.0,-4.254,-1.2428,0.2137,-2.3403,-23.7043,-4.3359,65.1204,1.2865,18.1499,-4.254,-1.2428,0.2137,-1.0703,0.2131,0.6467,2.9492,-0.2946,1.5491,-1.0274,2.655
1.14,-0.5176,-0.3156,0.3273,-2.0646,-0.1194,3.419,0.4808,0.04,0.04,0.49876,1.0275,1.6188,2.1732,-1.0082,2.4119,-2.6098,0.017068,-0.00042253,-12.904,1.4737,8.4536,-0.047922,10.989,-0.12136,0.0037432,0.090555,0.13859,-3.5311,-14.949,-5.1371,51.3583,1.3066,12.0,-11.9283,-1.6162,0.217,-3.5311,-14.949,-5.1371,51.3583,1.3066,23.8055,-11.9283,-1.6162,0.217,-1.1394,0.5063,0.7436,2.6206,-0.3217,1.8062,-1.357,2.5771
1.16,-0.5166,-0.2931,0.367,-2.0217,-0.1405,3.4707,0.4286,0.04,0.04,0.013697,1.1513,2.0005,2.1733,-0.83589,2.5089,-2.6098,0.015113,-0.0011034,-3.5385,7.1794,3.2887,-0.028467,12.749,-3.2268,0.00076294,-0.05601,-0.022108,-4.4871,-5.2147,-5.8313,34.782,1.4243,12.0,-12.0,-1.5673,0.1366,-4.4871,-5.2147,-5.8313,34.782,1.4243,29.4518,-20.938,-1.5673,0.1366,-1.2573,0.8668,0.7607,2.2137,-0.3229,2.0562,-1.6513,2.495
1.18,-0.5201,-0.2669,0.4104,-1.9795,-0.1563,3.5228,0.3764,0.04,0.0399,-0.12774,1.4258,2.1196,2.1732,-0.57697,2.6097,-2.6097,0.01135,-0.00099755,7.0688,14.186,-5.4937,-0.028563,10.606,-0.0019789,0.001812,-0.18289,0.00078768,-8.0247,6.4681,-9.3691,15.0961,1.7367,12.0,-12.0,-1.3179,0.1832,-8.0247,6.4681,-9.3691,15.0961,1.7367,35.0261,-28.5331,-1.3179,0.1832,-1.4257,1.2448,0.6592,1.7169,-0.333,2.2442,-1.8366,2.4196
1.2,-0.523,-0.2368,0.4522,-1.9437,-0.1668,3.575,0.3242,0.04,0.0399,-0.021168,1.5698,1.9092,1.6185,-0.38635,2.6097,-2.6098,0.0079504,-0.00049378,13.6,6.329,-17.737,-30.18,9.4677,0.00050068,-0.00050068,-0.17605,0.057945,-14.6483,18.4184,-16.5278,-6.9872,1.5682,12.0,-12.0,-0.9711,0.2357,-14.6483,18.4184,-16.5278,-6.9872,1.5682,38.3785,-31.7691,-0.9711,0.2357,-1.5724,1.6129,0.4935,0.5041,-0.5165,2.3902,-1.8142,2.3857
1.22,-0.516,-0.2123,0.4776,-1.9402,-0.1882,3.6272,0.272,0.04,0.0399,0.467,0.90972,0.87416,-0.91064,-1.1874,2.61,-2.61,0.0094144,0.00018399,3.5464,-32.3,-31.96,-122.09,-3.5596,-2.3842e-05,-2.3842e-05,0.2062,0.30477,-22.9777,31.8921,-22.4244,-51.0315,-1.9675,12.0,-12.0,-0.7352,0.5189,-22.9777,31.8921,-22.4244,-51.0315,-1.9675,40.0379,-26.6943,-0.7352,0.5189,-0.7426,0.5646,1.1231,-2.0303,-0.5093,2.4169,-0.8719,2.7155
1.24,-0.4938,-0.2013,0.4833,-1.9826,-0.2077,3.6786,0.2812,0.04,0.0399,1.1564,0.55205,0.28804,-2.175,-1.0043,2.4943,0.47749,0.0012768,0.0041863,-7.4198,8.9222,14.1815,-0.076,-5.7068,1.0111,-13.5106,-0.7369,0.0819,5.7719,-8.2269,5.9164,-87.0,-0.8385,12.0,-0.1013,-0.8645,-0.0924,5.7719,-8.2269,5.9164,-140.45,-0.83853,37.47,-0.10134,-0.86454,-0.092433,0.005,-0.4,1.4832,-2.4168,-0.1685,2.1572,-0.4583,2.6732
1.26,-0.4558,-0.1886,0.4846,-2.0262,-0.1851,3.7288,0.3331,0.04,0.04,1.9849,0.4754,0.1981,-2.1749,2.0687,2.2023,2.6099,0.0133,0.0158,0.27795,-9.5572,18.694,0.017643,53.355,1.5346,-0.014901,1.282,1.1133,30.316,-48.229,20.634,-87.0,3.3932,12.0,5.9465,0.0060363,-0.46366,30.316,-48.229,20.634,-152.42,3.3932,24.212,5.9465,0.0060363,-0.46366,0.1402,-0.6002,1.4877,-2.3925,-0.1835,1.9101,-0.4009,2.5784
1.28,-0.4164,-0.1824,0.4908,-2.0697,-0.1509,3.7525,0.3853,0.04,0.04,1.9749,0.00055202,0.35229,-2.1745,1.4947,6.5299e-08,2.61,0.01766,0.011242,-0.8191,-16.6622,11.1062,-0.7267,-18.5937,0.3847,0.1153,0.4232,0.4741,32.56,-55.4883,19.5466,-87.0,-0.7511,12.0,4.0727,-1.3427,-0.6501,32.56,-55.4883,19.5466,-147.9955,-0.7511,19.1785,4.0727,-1.3427,-0.6501,0.0787,-0.7598,1.5607,-2.585,-0.1064,1.8932,-0.4832,2.5485
1.3,-0.3776,-0.1847,0.5025,-2.1132,-0.1168,3.7525,0.424,0.04,0.04,1.9637,-0.37805,0.66212,-2.1745,1.6488,7.6726e-06,1.5819,0.012617,0.0080779,0.91028,-19.414,11.723,0.047827,-17.46,0.00078959,-33.743,-0.29784,-0.24502,27.0873,-60.5661,20.5725,-87.0,-0.8336,12.0,-0.2475,-1.5595,-1.0528,27.0873,-60.5661,20.5725,-152.1815,-0.8336,18.4864,-0.2475,-1.5595,-1.0528,-0.0756,-0.7509,1.5738,-2.6448,-0.0796,1.879,-0.5825,2.5111
1.32,-0.3486,-0.1956,0.528,-2.1567,-0.0869,3.7525,0.434,0.04,0.04,1.4227,-0.81692,1.3473,-2.1748,1.2584,1.6723e-06,0.3723,0.0050532,0.0036424,-4.9052,-20.62,13.789,-0.0096083,-29.018,-2.5022e-05,-8.6311,-0.46985,-0.31011,20.0543,-57.9876,17.006,-87.0,-1.332,12.0,-0.2387,-0.9752,-0.6744,20.0543,-57.9876,17.006,-151.0958,-1.332,17.9188,-0.2387,-0.9752,-0.6744,-0.3193,-0.6889,1.5915,-2.7405,-0.0116,1.9345,-0.6848,2.48
1.34,-0.3357,-0.2158,0.571,-2.2002,-0.0602,3.7525,0.4235,0.04,0.04,0.60239,-1.2971,2.1758,-2.175,1.1742,3.985e-06,-0.45738,0.0020467,0.0025408,2.8702,-21.512,0.0024796,-0.00033379,-22.148,-5.1138e-05,10.524,-0.16026,-0.099187,12.288,-52.381,11.0236,-87.0,-0.2249,12.0,-0.1402,-0.3649,-0.3533,12.288,-52.381,11.024,-151.44,-0.22486,20.14,-0.1402,-0.36493,-0.35327,-0.5595,-0.6025,1.5892,-2.8453,0.0594,2.005,-0.7957,2.446
1.36,-0.3238,-0.245,0.6148,-2.2438,-0.0359,3.7525,0.398,0.04,0.04,0.47886,-1.7573,2.1765,-2.175,1.0899,3.6474e-06,-1.0678,0.0013194,0.0029042,-8.1962,-24.059,-0.0016451,-0.0002861,-18.193,-4.5443e-05,24.249,0.024629,0.019357,1.7246,-45.214,7.425,-87.0,1.0869,12.0,-0.083413,-0.10731,-0.27106,1.7246,-45.214,7.425,-152.15,1.0869,22.962,-0.083413,-0.10731,-0.27106,-0.7621,-0.5625,1.6051,-2.9248,0.1404,2.0148,-0.8526,2.3857
1.38,-0.3161,-0.2842,0.6586,-2.2873,-0.0111,3.7525,0.371,0.04,0.04,0.24821,-2.172,2.1755,-2.175,1.2919,0.00049261,-1.1545,0.0025463,0.0026311,-9.6546,-15.731,-0.17288,0.0076771,-0.49269,0.049034,20.33,0.21829,-0.017867,-6.3275,-38.893,4.5568,-87.0,2.3051,12.0,-0.053846,-0.03037,-0.28097,-6.3275,-38.893,4.5568,-151.85,2.3051,23.351,-0.053846,-0.03037,-0.28097,-0.8984,-0.5339,1.623,-3.0068,0.2565,2.0092,-0.8528,2.3106
1.4,-0.3108,-0.3274,0.7023,-2.3308,0.0235,3.7525,0.3521,0.04,0.04,0.17383,-2.171,2.175,-2.1649,1.8025,2.5696e-07,-0.75687,0.00045912,0.0012132,-8.0785,-0.10929,-0.085783,1.0103,-10.73,4.7409e-05,19.322,-0.10471,-0.11254,-11.9004,-33.7308,1.782,-87.0,2.1904,12.0,0.1368,-0.1478,-0.2339,-11.9,-33.731,1.782,-151.64,2.1904,23.129,0.13676,-0.14778,-0.23385,-1.0145,-0.564,1.6679,-3.0985,0.4162,1.951,-0.7501,2.1995
1.42,-0.3077,-0.3707,0.7459,-2.3744,0.0698,3.7525,0.356,0.04,0.04,0.0067467,-2.1705,2.175,-2.1574,2.3912,2.7321e-07,0.21004,-0.00023913,0.00033535,-13.834,-0.12615,-0.036955,1.7661,-14.713,4.1143e-05,-1.2649,0.037141,-0.085065,-16.458,-31.478,0.086753,-87.0,2.8486,12.0,0.091143,0.1196,-0.1186,-16.458,-31.478,0.086753,-151.83,2.8486,20.801,0.091143,0.1196,-0.1186,-1.0187,-0.6124,1.7389,-3.1918,0.6094,1.8706,-0.6143,2.0591
1.44,-0.3086,-0.414,0.7895,-2.4178,0.1216,3.7525,0.3813,0.0399,0.04,-0.18976,-2.1714,2.1751,-2.159,2.6092,-8.3891e-08,1.0642,0.0010582,0.00074346,-10.96,-0.059319,0.00081062,0.08595,-0.031114,-2.8061e-05,-24.041,0.15814,0.053902,-15.818,-29.947,-0.56477,-87.0,6.2947,12.0,-0.063393,0.16787,-0.020445,-15.818,-29.947,-0.56477,-152.14,6.2947,17.585,-0.063393,0.16787,-0.020445,-0.9184,-0.6518,1.8533,-3.3016,0.8535,1.8141,-0.4598,1.8877
1.46,-0.3125,-0.4573,0.8332,-2.4613,0.1738,3.7525,0.4238,0.04,0.04,-0.28727,-2.1731,2.1751,-2.1624,2.6099,1.9356e-07,1.77,0.0031494,0.0014642,-4.4418,0.006485,0.0057936,-0.023985,1.5292,-0.0091054,-40.889,0.16474,0.11837,-10.939,-28.048,0.52189,-87.0,11.949,12.0,-0.15992,-0.047434,-0.028048,-10.939,-28.048,0.52189,-153.05,11.949,15.324,-0.15992,-0.047434,-0.028048,-0.7909,-0.6969,2.0128,-3.4148,1.1036,1.7834,-0.2916,1.6924
1.48,-0.3168,-0.5006,0.8768,-2.5048,0.2257,3.7525,0.4756,0.04,0.04,-0.24258,-2.1746,2.175,-2.1649,2.5534,2.4849e-07,2.4402,0.0042979,0.0017169,3.1263,-0.0035286,0.0073671,-0.23248,2.978,1.6374e-05,-16.98,0.15188,0.10704,-5.3559,-26.38,3.4132,-87.0,12.0,12.0,1.1881,-0.25707,-0.064653,-5.3559,-26.38,3.4132,-154.1,18.075,14.096,1.1881,-0.25707,-0.064653,-0.6931,-0.8084,2.2008,-3.5396,1.3163,1.7423,-0.105,1.4759
1.5,-0.3189,-0.544,0.9204,-2.5482,0.2778,3.7525,0.5278,0.04,0.04,-0.081481,-2.175,2.175,-2.1701,2.5715,5.8659e-06,2.61,0.0039784,0.0014829,7.8228,-0.0035048,-0.001049,0.0453,-0.20757,0.00065705,2.3842e-05,0.03357,0.020032,-1.6252,-27.3718,7.4468,-87.0,12.0,12.0,4.5036,-0.3643,-0.1283,-1.6252,-27.372,7.4468,-155.58,22.22,12.451,4.5036,-0.36427,-0.12826,-0.5967,-0.9495,2.3646,-3.6614,1.4733,1.6531,0.1129,1.2482
1.52,-0.3169,-0.5874,0.964,-2.5918,0.33,3.7525,0.58,0.04,0.04,0.16935,-2.175,2.1749,-2.175,2.61,-3.8517e-06,2.61,0.0037186,0.0013497,11.959,0.00066757,0.0041962,-0.0015736,-0.00026226,0.0001736,0.00014305,-0.02121,-0.0026381,1.4164,-29.5454,10.5079,-87.0,12.0,8.8827,9.0417,-0.3931,-0.1376,1.4164,-29.545,10.508,-156.96,24.183,8.8827,9.0417,-0.39307,-0.13761,-0.492,-1.1121,2.4977,-3.7595,1.5879,1.5105,0.3922,1.0018
1.54,-0.3092,-0.6309,1.0076,-2.6352,0.3822,3.7525,0.6322,0.04,0.04,0.48578,-2.175,2.1744,-2.1654,2.61,-2.2958e-05,2.61,0.0035173,0.0012308,15.277,0.0044346,0.0175,0.2301,-0.00030994,-0.00082661,9.5367e-05,-0.036975,-0.0023773,4.098,-32.5724,12.3458,-87.0,12.0,3.1788,12.0,-0.3887,-0.1255,4.098,-32.572,12.346,-157.43,24.587,3.1788,16.039,-0.38871,-0.12546,-0.4116,-1.3101,2.5957,-3.8277,1.6767,1.3279,0.7233,0.7278
1.56,-0.294,-0.6743,1.0512,-2.6787,0.4344,3.7345,0.6844,0.04,0.04,0.87787,-2.1739,2.1752,-2.175,2.6094,-0.94579,2.61,0.0037347,0.00021712,16.728,0.1137,0.13318,-0.0098705,-0.061607,-9.7817,0.41671,0.096214,-0.030818,4.8963,-37.016,12.783,-87.0,12.0,-0.17173,12.0,-0.27725,-0.05253,4.8963,-37.016,12.783,-156.65,23.964,-0.17173,25.122,-0.27725,-0.05253,-0.4446,-1.3802,2.7006,-3.9045,1.7042,1.2868,0.7518,0.6369
1.58,-0.2726,-0.7178,1.0948,-2.7222,0.4865,3.7101,0.7366,0.04,0.04,1.1108,-2.174,2.1753,-2.175,2.5732,-0.92846,2.61,0.0033266,4.8356e-05,9.9003,0.01204,0.006628,-9.5367e-05,-3.0537,15.046,-0.00026226,-0.0073991,-0.013867,0.87825,-36.343,13.484,-87.0,12.0,0.98017,12.0,-0.34006,-0.018703,0.87825,-36.343,13.484,-156.24,20.916,0.98017,22.071,-0.34006,-0.018703,-0.5379,-1.354,2.741,-3.9394,1.6927,1.317,0.6607,0.642
1.6,-0.2488,-0.7613,1.1385,-2.7657,0.5382,3.6961,0.7888,0.04,0.04,1.1486,-2.175,2.175,-2.1736,2.5494,-0.25163,2.61,0.0022386,0.00054013,2.1671,-0.051546,-0.024056,0.14138,2.5443,22.418,0.00069141,-0.068716,0.036787,-5.1602,-31.817,11.605,-87.0,12.0,1.4166,12.0,-0.29257,-0.017226,-5.1602,-31.817,11.605,-154.16,16.624,1.4166,14.251,-0.29257,-0.017226,-0.6232,-1.3353,2.7537,-3.9533,1.6957,1.353,0.5875,0.6418
1.62,-0.2256,-0.8048,1.1822,-2.8092,0.5899,3.6947,0.841,0.04,0.04,1.0569,-2.1757,2.1751,-2.1613,2.6033,0.277,2.61,0.00063594,0.0011948,-4.4172,-0.047255,0.0054598,0.64809,2.8513,12.082,-0.00016689,-0.12499,0.042322,-10.375,-27.586,8.6177,-87.0,12.0,0.9204,7.1449,-0.17453,-0.077155,-10.375,-27.586,8.6177,-151.26,12.405,0.9204,7.1449,-0.17453,-0.077155,-0.6753,-1.3203,2.7784,-3.9766,1.7114,1.4026,0.5103,0.6418
1.64,-0.2054,-0.8484,1.226,-2.8526,0.6413,3.7034,0.8906,0.04,0.04,0.86625,-2.1759,2.175,-2.1522,2.6034,0.70822,2.1498,0.00049627,0.0018061,-9.0555,0.0080109,-9.5367e-05,0.65107,0.20278,3.9107,-45.618,-0.0033858,0.041032,-13.635,-23.499,6.1079,-87.0,8.7978,0.53449,-0.10334,-0.0004417,-0.13957,-13.635,-23.499,6.1079,-148.76,8.7978,0.53449,-0.10334,-0.0004417,-0.13957,-0.6982,-1.3084,2.8227,-4.0136,1.7408,1.4717,0.4207,0.6449
1.66,-0.1897,-0.8919,1.2697,-2.896,0.6921,3.7214,0.9115,0.0399,0.04,0.62074,-2.176,2.175,-2.1491,2.6022,1.1229,0.81435,0.00071009,0.00025957,-11.355,0.012851,9.5367e-05,0.51725,0.14958,-1.6648,-18.91,0.049426,-0.093006,-15.109,-19.541,4.3803,-87.0,5.8759,0.34054,-0.098827,0.081593,-0.11896,-15.109,-19.541,4.3803,-146.78,5.8759,0.34054,-0.098827,0.081593,-0.11896,-0.7019,-1.2932,2.8895,-4.0563,1.7827,1.5666,0.2985,0.6549
1.68,-0.1796,-0.9355,1.3134,-2.9394,0.7413,3.7493,0.9054,0.04,0.04,0.34044,-2.1762,2.175,-2.1463,2.5421,1.5781,-0.30957,0.0039599,0.00029202,-12.835,-0.0010967,-7.1526e-05,0.83125,-5.7439,-7.2124,5.1956,0.26812,-0.0026548,-15.237,-15.446,3.5517,-87.0,3.5222,0.26135,-0.018038,0.0019583,-0.031857,-15.237,-15.446,3.5517,-145.02,3.5222,0.26135,-0.018038,0.0019583,-0.031857,-0.6984,-1.2766,2.9559,-4.0942,1.8306,1.6805,0.1666,0.6642
1.7,-0.1732,-0.9791,1.3571,-2.9827,0.7875,3.7525,0.8793,0.04,0.04,0.15553,-2.1759,2.175,-2.1457,2.2238,-0.00062662,-1.1159,0.0052442,0.0044868,-16.203,0.0021458,-0.00014305,-0.051212,-37.794,0.015486,24.135,0.10322,0.39436,-15.153,-11.295,2.7184,-87.0,1.5392,9.9839,0.07021,-0.3936,-0.054314,-15.153,-11.295,2.7184,-143.1,1.5392,9.9839,0.07021,-0.3936,-0.054314,-0.7053,-1.2242,3.0714,-4.2281,1.8899,1.8812,-0.0741,0.714
1.72,-0.1725,-1.0227,1.4008,-3.0261,0.8267,3.7525,0.828,0.04,0.04,-0.12866,-2.1761,2.175,-2.1462,1.9864,-0.00086406,-2.5185,0.011292,0.010132,-15.428,0.029874,-7.1526e-05,-0.22926,-27.415,0.094197,8.4868,0.62501,0.53745,-14.5489,-5.7082,3.8399,-87.0,1.9056,12.0,-1.578,-0.5042,-0.4758,-14.5489,-5.7082,3.8399,-144.9986,1.9056,18.0144,-1.578,-0.5042,-0.4758,-0.7424,-1.1904,3.1437,-4.2778,1.9463,2.0691,-0.2961,0.7339
1.74,-0.1779,-1.0663,1.4445,-3.0694,0.8611,3.7525,0.7758,0.04,0.04,-0.43733,-2.1764,2.175,-2.1453,1.8222,-0.0013554,-2.6038,0.012564,0.011985,-16.096,0.034666,2.3842e-05,-0.33696,-20.089,0.082806,-0.21451,0.093439,0.092143,-14.6404,-0.868,3.2348,-87.0,2.1961,12.0,-6.3096,-1.163,-1.1064,-14.6404,-0.868,3.2348,-143.5252,2.1961,25.5342,-6.3096,-1.163,-1.1064,-0.7762,-1.1635,3.1953,-4.3047,1.995,2.2235,-0.475,0.7299
1.76,-0.2013,-1.1088,1.4884,-3.0718,0.9013,3.7525,0.7236,0.04,0.04,-1.3401,-2.1173,2.1748,1.4838e-05,1.8503,5.2372e-06,-2.6094,0.0095528,0.0056687,-13.439,-4.731,0.00040531,0.00029315,-35.684,-0.0036053,-0.025129,-0.47622,-0.95742,-11.1428,3.1982,1.788,-87.0,0.3496,12.0,-9.263,-1.4315,-1.5243,-11.1428,3.1982,1.788,-151.2459,0.3496,31.6994,-9.263,-1.4315,-1.5243,-1.0085,-0.5551,3.0743,-4.0736,1.711,2.6731,-1.5637,0.5585
1.78,-0.2333,-1.145,1.5296,-3.0718,0.8961,3.7525,0.6731,0.04,0.04,-1.7914,-1.346,2.1269,2.1633e-06,-0.81822,0.00063062,-2.6092,0.014391,0.010659,-20.334,37.715,24.449,-0.024284,-30.086,0.064276,-40.746,0.32942,0.5339,-16.7016,29.4561,-5.2073,-87.0,-1.7276,12.0,-12.0,-1.1097,-0.532,-16.7016,29.4561,-5.2073,-142.0029,-1.7276,49.6842,-50.3987,-1.1097,-0.532,-1.2583,-0.6954,3.1696,-4.1525,1.7658,2.7757,-1.6523,0.5931
1.8,-0.2742,-1.1705,1.5733,-3.0718,0.8786,3.7525,0.6209,0.04,0.04,-2.17,-0.91528,2.1745,3.9225e-06,-0.48307,-0.00099344,-2.6002,0.014577,0.017253,-12.024,22.349,0.023675,-0.00016703,22.997,-0.057498,-0.047112,-0.1261,0.081402,-21.9182,23.9177,-6.0273,-87.0,2.5424,12.0,-12.0,-1.5838,-1.6439,-21.9182,23.9177,-6.0273,-145.158,2.5424,53.7878,-48.1763,-1.5838,-1.6439,-1.3365,-0.7634,3.2291,-4.1717,1.7827,2.8232,-1.6961,0.6052
1.82,-0.3176,-1.188,1.617,-3.0718,0.871,3.7525,0.5688,0.04,0.04,-2.1716,-0.55624,2.1746,3.8539e-06,0.010858,-0.00011062,-2.6048,0.010255,0.015565,-0.080872,17.75,0.003767,5.014e-05,16.928,0.083714,-0.36936,-0.20197,-0.12658,-21.1073,21.2927,-7.145,-87.0,2.0512,12.0,-12.0,-1.2275,-1.6831,-21.1073,21.2927,-7.145,-145.9254,2.0512,55.6926,-45.7478,-1.2275,-1.6831,-1.4282,-0.8185,3.268,-4.1801,1.7725,2.8325,-1.7203,0.619
1.84,-0.361,-1.1997,1.6605,-3.0718,0.8672,3.7525,0.5166,0.04,0.04,-2.1721,-0.32264,2.1279,4.7801e-06,-0.010679,0.0010138,-2.6085,0.0079273,0.014797,0.019217,11.291,-3.374,5.1444e-05,-2.2123,0.010547,0.016832,-0.083512,-0.0075004,-21.2961,19.0394,-9.0326,-87.0,1.3296,12.0,-12.0,-0.8762,-1.4872,-21.2961,19.0394,-9.0326,-146.2621,1.3296,56.055,-42.5103,-0.8762,-1.4872,-1.5103,-0.8552,3.3002,-4.1883,1.7618,2.8551,-1.7602,0.6313
1.86,-0.4045,-1.2075,1.7034,-3.0718,0.8627,3.7525,0.4644,0.04,0.04,-2.1719,-0.17497,2.0464,4.8567e-06,-0.12503,0.0011722,-2.6082,0.0067373,0.014766,0.02749,7.1562,-4.6445,8.9803e-05,-3.7661,0.016032,0.025916,-0.049553,0.010066,-21.1034,17.5781,-10.9309,-87.0,1.616,12.0,-12.0,-0.7233,-1.4666,-21.1034,17.5781,-10.9309,-146.5865,1.616,56.9589,-39.9299,-0.7233,-1.4666,-1.5753,-0.8765,3.3298,-4.196,1.7541,2.8875,-1.812,0.6424
1.88,-0.4479,-1.2127,1.7454,-3.0718,0.8577,3.7525,0.4122,0.04,0.04,-2.1716,-0.077492,1.9574,5.2653e-06,-0.1969,0.0013306,-2.608,0.0058137,0.014575,0.029469,4.5946,-5.204,0.00010821,-2.6695,0.01441,0.022173,-0.04612,-0.0056552,-20.2285,16.7452,-12.8062,-87.0,2.0267,12.0,-12.0,-0.6275,-1.4632,-20.2285,16.7452,-12.8062,-146.8977,2.0267,58.2547,-37.8288,-0.6275,-1.4632,-1.627,-0.8882,3.3566,-4.2027,1.7484,2.9229,-1.8676,0.6524
1.9,-0.4913,-1.2162,1.7863,-3.0718,0.8529,3.7525,0.36,0.04,0.04,-2.1712,-0.013331,1.8609,5.1856e-05,-0.24412,4.4955e-05,-2.608,0.0050974,0.014196,0.042939,2.8692,-5.8076,0.0046744,-2.3512,-0.12982,0.00023842,-0.034612,-0.016796,-18.8256,16.2921,-14.691,-87.0,2.396,12.0,-12.0,-0.5444,-1.4364,-18.8256,16.2921,-14.691,-147.1662,2.396,59.6695,-35.8787,-0.5444,-1.4364,-1.6688,-0.8935,3.3814,-4.2086,1.7441,2.9596,-1.9248,0.6615
1.92,-0.5348,-1.2185,1.8258,-3.0718,0.8483,3.7525,0.3078,0.04,0.04,-2.1708,0.026793,1.7435,5.4952e-05,-0.28049,0.0001113,-2.6078,0.0043966,0.013712,0.032592,1.5902,-7.3232,0.00036039,-2.3918,0.0041839,0.017118,-0.040375,-0.023836,-17.0235,16.0905,-16.5167,-87.0,2.7399,12.0,-12.0,-0.48,-1.3951,-17.0235,16.0905,-16.5167,-147.4019,2.7399,61.1418,-33.9891,-0.48,-1.3951,-1.7009,-0.895,3.4055,-4.2135,1.7419,2.9961,-1.9817,0.6697
1.94,-0.5782,-1.2202,1.8623,-3.0718,0.8434,3.7525,0.2556,0.04,0.04,-2.1705,0.044492,1.5558,5.6758e-05,-0.28859,0.00018489,-2.6077,0.0036567,0.012994,0.027061,0.48184,-11.111,0.00016326,-1.0754,0.0042522,0.013185,-0.047538,-0.041412,-14.8335,16.0715,-18.0097,-87.0,3.1129,12.0,-12.0,-0.4132,-1.3408,-14.8335,16.0715,-18.0097,-147.5979,3.1129,62.6045,-32.0916,-0.4132,-1.3408,-1.7161,-0.8946,3.4319,-4.216,1.7442,3.0295,-2.0352,0.6768
1.96,-0.6216,-1.2218,1.8945,-3.0718,0.8392,3.7525,0.2034,0.04,0.04,-2.1705,0.054412,1.3301,4.8355e-05,-0.22445,0.00023869,-2.6079,0.0026813,0.011812,0.0080824,0.05227,-13.168,-0.00078748,0.38288,0.0035723,-0.020218,-0.06425,-0.069306,-11.9685,16.1617,-18.8908,-87.0,3.3848,12.0,-12.0,-0.3324,-1.2505,-11.9685,16.1617,-18.8908,-147.6956,3.3848,63.9382,-30.057,-0.3324,-1.2505,-1.7168,-0.8934,3.4583,-4.2159,1.7495,3.0569,-2.0815,0.683
1.98,-0.6651,-1.2231,1.9221,-3.0718,0.8366,3.7525,0.1512,0.04,0.04,-2.1708,0.062516,1.084,3.2566e-06,-0.12931,0.00063297,-2.6085,0.0015779,0.010507,-0.0093937,-0.044278,-14.181,-0.0037941,0.56206,0.039381,-0.039768,-0.073576,-0.073038,-8.5222,16.289,-19.2849,-87.0,3.5006,12.0,-12.0,-0.2314,-1.1238,-8.5222,16.289,-19.2849,-147.6912,3.5006,65.0366,-27.7313,-0.2314,-1.1238,-1.7061,-0.8918,3.4835,-4.214,1.7572,3.0789,-2.1201,0.6889
2.0,-0.7082,-1.2243,1.9444,-3.0718,0.8361,3.7525,0.099,0.04,0.04,-2.1283,0.06532,0.81419,-1.1267e-05,-0.028656,1.1272e-07,-2.6096,0.00050192,0.0091582,2.8401,-0.41807,-15.575,0.00025828,-0.016272,6.4203e-06,0.0014782,-0.069054,-0.078239,-4.6782,16.4289,-19.2526,-87.0,3.5031,12.0,-12.0,-0.1192,-0.9941,-4.6782,16.429,-19.253,-147.62,3.5031,65.917,-25.094,-0.11925,-0.99405,-1.6904,-0.8889,3.5063,-4.2107,1.7639,3.0959,-2.1535,0.695
2.02,-0.7507,-1.2254,1.9615,-3.0718,0.8373,3.7525,0.0468,0.04,0.04,-2.0642,0.071435,0.54461,-1.3242e-05,0.046544,-3.1778e-07,-2.6096,-0.00026698,0.007889,3.3073,-0.044171,-14.847,0.00057385,-0.74211,1.9639e-05,0.00035763,-0.046611,-0.070464,-0.86224,16.625,-18.811,-87.0,3.4133,12.0,-12.0,-0.0047437,-0.85937,-0.86224,16.625,-18.811,-147.49,3.4133,66.595,-22.256,-0.0047437,-0.85937,-1.6722,-0.886,3.5258,-4.2065,1.7696,3.1084,-2.1812,0.7017
2.04,-0.7912,-1.2263,1.9731,-3.0718,0.8396,3.7525,-0.0054,0.04,0.04,-1.9227,0.073989,0.26892,-2.0572e-05,0.10367,-1.7736e-07,-2.6096,-0.00056011,0.0067736,8.1347,-0.27218,-15.059,0.00077873,-0.7919,4.6956e-05,-0.0022411,-0.019349,-0.063832,2.8321,16.8029,-18.0854,-87.0,3.2664,12.0,-12.0,0.0876,-0.7412,2.8321,16.803,-18.085,-147.32,3.2664,67.097,-19.19,0.087557,-0.74119,-1.6596,-0.8824,3.5411,-4.2012,1.7704,3.1163,-2.2053,0.7091
2.06,-0.8282,-1.2272,1.9792,-3.0718,0.8424,3.7525,-0.0575,0.0399,0.04,-1.7061,0.07785,0.0018154,-1.5359e-05,0.1196,-1.3423e-06,-2.6097,-0.0004498,0.0057578,11.557,0.069448,-13.652,-5.5766e-05,-0.69338,-5.0169e-05,-0.00052452,0.0021545,-0.05256,5.7225,17.0191,-17.0542,-87.0,3.0283,12.0,-12.0,0.1406,-0.6283,5.7225,17.019,-17.054,-147.1,3.0283,67.414,-15.978,0.14056,-0.62834,-1.6579,-0.8796,3.5514,-4.1947,1.7656,3.1197,-2.2251,0.717
2.08,-0.8603,-1.228,1.9801,-3.0718,0.8448,3.7525,-0.1097,0.0399,0.04,-1.4488,0.090306,-0.23026,-1.7201e-05,0.092552,-8.8985e-07,-2.6097,-0.00012058,0.0049279,13.287,0.74837,-10.958,-1.0015e-05,-0.30718,9.9099e-06,-0.0013113,0.014382,-0.037608,7.6004,17.1753,-15.8796,-87.0,2.7461,12.0,-12.0,0.1541,-0.5304,7.6004,17.1753,-15.8796,-146.8435,2.7461,67.5474,-12.5927,0.1541,-0.5304,-1.6677,-0.8787,3.5565,-4.1869,1.756,3.119,-2.2392,0.7252
2.1,-0.8871,-1.2283,1.9769,-3.0718,0.8461,3.7525,-0.1619,0.0399,0.04,-1.1812,0.11361,-0.40909,-1.9323e-05,0.036255,-1.3261e-06,-2.6097,0.00027888,0.0042924,13.562,1.4635,-7.5915,-0.00040828,0.38161,-5.4282e-05,-0.0013828,0.019436,-0.024392,8.5102,17.1917,-14.7228,-87.0,2.4708,12.0,-8.9823,0.1378,-0.4536,8.5102,17.192,-14.723,-146.53,2.4708,67.521,-8.9823,0.13782,-0.45363,-1.6873,-0.8797,3.5568,-4.1777,1.743,3.1153,-2.2478,0.7335
2.12,-0.9087,-1.2282,1.9707,-3.0718,0.8458,3.7525,-0.2141,0.0399,0.04,-0.92628,0.14622,-0.52838,-1.6017e-05,-0.036886,-1.1887e-06,-2.6098,0.00066553,0.0038253,12.768,2.0326,-4.1462,-0.00011371,1.231,-1.7273e-05,-0.0012159,0.020806,-0.013969,8.6101,17.0564,-13.7094,-87.0,2.2342,12.0,-5.1491,0.1021,-0.3965,8.6101,17.056,-13.709,-146.17,2.2342,67.371,-5.1491,0.10212,-0.3965,-1.7139,-0.8816,3.5529,-4.1671,1.7277,3.1095,-2.2519,0.7415
2.14,-0.9255,-1.2272,1.9627,-3.0718,0.8439,3.7525,-0.266,0.0399,0.04,-0.69885,0.18369,-0.59244,-8.114e-06,-0.12842,-7.1392e-08,-2.4451,0.0010506,0.0034885,11.309,2.2594,-1.2339,0.00046179,0.80827,9.5871e-05,16.47,0.025371,-0.0069487,8.104,16.794,-12.912,-87.0,2.0548,12.0,-1.1383,0.054318,-0.3558,8.104,16.794,-12.912,-145.74,2.0548,67.14,-1.1383,0.054318,-0.3558,-1.7446,-0.8837,3.5462,-4.1535,1.7102,3.1015,-2.2523,0.7483
2.16,-0.9381,-1.2256,1.9539,-3.0718,0.84,3.7525,-0.3057,0.0399,0.04,-0.50717,0.2234,-0.59998,-8.7297e-06,-0.21006,-1.0204e-07,-1.6451,0.00041082,0.0019257,9.468,2.4886,1.9136,-7.4024e-05,3.4925,-2.1592e-05,36.041,-0.044285,-0.095296,7.206,16.458,-12.338,-87.0,2.0278,12.0,0.23487,0.026504,-0.28787,7.206,16.458,-12.338,-145.2,2.0278,66.821,0.23487,0.026504,-0.28787,-1.7751,-0.8869,3.5367,-4.1322,1.6881,3.0815,-2.2414,0.7509
2.18,-0.9472,-1.2232,1.9453,-3.0718,0.8341,3.7525,-0.3304,0.0399,0.04,-0.35059,0.25779,-0.57863,-8.9886e-06,-0.30156,-4.3047e-07,-1.0328,3.7592e-05,0.0006986,7.6864,2.289,3.5826,-3.1849e-05,4.5184,1.688e-05,22.277,-0.0096807,-0.047591,6.1509,16.024,-12.0369,-87.0,1.9438,12.0,0.1909,0.1032,-0.1175,6.1509,16.024,-12.037,-144.34,1.9438,66.019,0.1909,0.10318,-0.11745,-1.802,-0.8921,3.5248,-4.1136,1.668,3.0595,-2.2242,0.7524
2.2,-0.9535,-1.2202,1.9374,-3.0718,0.8268,3.7525,-0.3441,0.0399,0.04,-0.22408,0.28072,-0.53596,-9.156e-06,-0.36174,-7.7227e-07,-0.58103,3.2973e-05,0.0002103,6.1837,1.6647,4.4232,-4.4221e-06,5.6555,-2.0943e-05,12.189,0.0011097,-0.02057,5.1188,15.48,-11.981,-87.0,1.956,12.0,0.16189,0.12909,-0.041599,5.1188,15.48,-11.981,-143.6,1.956,65.141,0.16189,0.12909,-0.041599,-1.8241,-0.8969,3.5124,-4.0981,1.6501,3.0397,-2.2065,0.7531
2.22,-0.9576,-1.2169,1.9304,-3.0718,0.8188,3.7525,-0.3503,0.0399,0.04,-0.1221,0.28997,-0.48379,-9.6069e-06,-0.39132,-9.0484e-07,-0.27605,0.00011783,7.0709e-05,4.959,0.91408,4.607,6.4847e-07,6.2863,1.2864e-06,5.392,0.004199,-0.0057325,4.1885,14.967,-12.082,-87.0,2.0054,12.0,0.14314,0.13708,-0.012803,4.1885,14.967,-12.082,-142.98,2.0054,64.35,0.14314,0.13708,-0.012803,-1.8415,-0.9001,3.5005,-4.0855,1.635,3.0234,-2.1912,0.7534
2.24,-0.9598,-1.2135,1.9246,-3.0718,0.8106,3.7525,-0.3519,0.0399,0.04,-0.040287,0.28692,-0.42985,-9.9382e-06,-0.3947,-1.0502e-06,-0.089083,0.0001906,5.7235e-05,3.9524,0.22829,4.3797,6.7542e-06,6.462,5.3347e-06,1.2403,0.0037531,6.0275e-05,3.3686,14.551,-12.276,-87.0,2.0709,12.0,0.13245,0.13914,-0.0056632,3.3686,14.551,-12.276,-142.48,2.0709,63.695,0.13245,0.13914,-0.0056632,-1.8551,-0.9016,3.4895,-4.0754,1.6224,3.0106,-2.1795,0.7535
2.26,-0.9605,-1.2102,1.9199,-3.0718,0.8028,3.7525,-0.351,0.0399,0.04,0.024552,0.27453,-0.37889,-1.0159e-05,-0.37871,-1.1658e-06,0.011493,0.0002348,6.991e-05,3.1066,-0.30594,3.9286,1.1345e-05,6.2696,-1.688e-07,-0.97847,0.002538,0.0012169,2.6494,14.252,-12.517,-87.0,2.1386,12.0,0.12739,0.14042,-0.0057741,2.6494,14.252,-12.517,-142.07,2.1386,63.186,0.12739,0.14042,-0.0057741,-1.8654,-0.9015,3.4799,-4.0675,1.6123,3.0013,-2.1715,0.7535
2.28,-0.9602,-1.2073,1.9162,-3.0718,0.7956,3.7525,-0.3491,0.0399,0.04,0.074735,0.25612,-0.33326,-1.0412e-05,-0.3499,-1.1718e-06,0.053886,0.00026129,7.6612e-05,2.3781,-0.66667,3.386,3.3429e-06,5.8158,2.3312e-06,-1.8973,0.0016877,0.00071944,2.0173,14.065,-12.77,-87.0,2.2007,12.0,0.12599,0.14209,-0.0069418,2.0173,14.065,-12.77,-141.76,2.2007,62.811,0.12599,0.14209,-0.0069418,-1.8733,-0.9003,3.4718,-4.0613,1.6042,2.9948,-2.1666,0.7533
2.3,-0.9589,-1.2047,1.9134,-3.0718,0.7892,3.7525,-0.347,0.0399,0.04,0.112,0.23473,-0.29374,-1.0492e-05,-0.31375,-1.1895e-06,0.060598,0.00028076,7.3668e-05,1.7388,-0.86885,2.8358,5.8326e-06,5.2028,1.1377e-05,-2.0199,0.0012388,1.0335e-05,1.4606,13.968,-13.014,-87.0,2.2539,12.0,0.12672,0.1437,-0.0073565,1.4606,13.968,-13.014,-141.51,2.2539,62.551,0.12672,0.1437,-0.0073565,-1.8793,-0.8984,3.4653,-4.0565,1.598,2.9906,-2.1642,0.7531
2.32,-0.9571,-1.2025,1.9114,-3.0718,0.7837,3.7525,-0.3452,0.0399,0.04,0.13776,0.21273,-0.26025,-1.0539e-05,-0.27445,-1.2003e-06,0.048131,0.00029843,6.5614e-05,1.1734,-0.94571,2.3215,4.1706e-06,4.5074,-6.2661e-06,-1.7166,0.0009787,-0.00043496,0.9706,13.94,-13.238,-87.0,2.2971,12.0,0.12846,0.14473,-0.0069963,0.9706,13.94,-13.238,-141.31,2.2971,62.383,0.12846,0.14473,-0.0069963,-1.8837,-0.8962,3.4602,-4.0528,1.5935,2.9881,-2.1636,0.7528
2.34,-0.9548,-1.2008,1.91,-3.0718,0.7791,3.7525,-0.3439,0.0399,0.04,0.15335,0.1918,-0.23228,-1.0543e-05,-0.23502,-1.2025e-06,0.027488,0.00031451,5.6749e-05,0.67653,-0.93313,1.8629,5.2305e-06,3.7916,-6.3679e-06,-1.233,0.00078592,-0.00059919,0.54323,13.959,-13.436,-87.0,2.3313,12.0,0.13053,0.14508,-0.0062741,0.54323,13.959,-13.436,-141.17,2.3313,62.284,0.13053,0.14508,-0.0062741,-1.887,-0.8939,3.4563,-4.05,1.5903,2.9869,-2.1643,0.7523
2.36,-0.9523,-1.1995,1.9091,-3.0718,0.7753,3.7525,-0.3431,0.0399,0.04,0.16009,0.17293,-0.20923,-1.0498e-05,-0.19748,-1.1847e-06,0.0053667,0.00032793,4.9518e-05,0.24819,-0.86489,1.4625,3.6984e-06,3.0944,-3.9348e-06,-0.71969,0.00057172,-0.00055618,0.17647,14.007,-13.608,-87.0,2.3575,12.0,0.13251,0.14486,-0.005508,0.17647,14.007,-13.608,-141.05,2.3575,62.237,0.13251,0.14486,-0.005508,-1.8893,-0.8918,3.4536,-4.0479,1.5882,2.9867,-2.1657,0.7519
2.38,-0.9498,-1.1985,1.9087,-3.0718,0.7724,3.7525,-0.3428,0.0399,0.04,0.15937,0.15661,-0.19049,-1.0449e-05,-0.16302,-1.2513e-06,-0.01465,0.00033777,4.4369e-05,-0.10919,-0.76724,1.1169,-1.0808e-06,2.4458,-8.0618e-06,-0.25624,0.00033475,-0.0004551,-0.12994,14.07,-13.754,-87.0,2.3772,12.0,0.1342,0.14431,-0.004892,-0.12994,14.07,-13.754,-140.97,2.3772,62.228,0.1342,0.14431,-0.004892,-1.8908,-0.8898,3.4519,-4.0465,1.5871,2.9871,-2.1676,0.7513
2.4,-0.9473,-1.1978,1.9086,-3.0718,0.7702,3.7525,-0.343,0.0399,0.04,0.15263,0.14295,-0.17557,-1.0386e-05,-0.13228,-1.0922e-06,-0.031041,0.00034357,4.1201e-05,-0.39357,-0.6591,0.81955,6.0658e-06,1.8609,-4.3336e-06,0.12348,0.00011341,-0.00033302,-0.37625,14.139,-13.876,-87.0,2.3918,12.0,0.13552,0.14368,-0.0044532,-0.37625,14.139,-13.876,-140.91,2.3918,62.246,0.13552,0.14368,-0.0044532,-1.8917,-0.8882,3.4509,-4.0455,1.5867,2.9881,-2.1697,0.7508
2.42,-0.945,-1.1974,1.9088,-3.0718,0.7686,3.7525,-0.3434,0.0399,0.04,0.14136,0.13184,-0.16408,-1.0409e-05,-0.10556,-1.0923e-06,-0.043476,0.00034574,3.9237e-05,-0.60453,-0.55233,0.56377,-3.5295e-06,1.3485,4.3947e-07,0.41199,-6.5443e-05,-0.00024782,-0.56357,14.208,-13.976,-87.0,2.4022,12.0,0.13648,0.14314,-0.0041715,-0.56357,14.208,-13.976,-140.88,2.4022,62.283,0.13648,0.14314,-0.0041715,-1.8919,-0.8869,3.4506,-4.0449,1.587,2.9893,-2.1719,0.7502
2.44,-0.943,-1.1971,1.9092,-3.0718,0.7675,3.7525,-0.3441,0.0399,0.04,0.127,0.12301,-0.15569,-1.0374e-05,-0.082821,-1.0891e-06,-0.052265,0.00034514,3.831e-05,-0.74449,-0.45399,0.34427,4.7667e-07,0.91035,1.5338e-06,0.61676,-0.00020642,-0.00016326,-0.69436,14.274,-14.055,-87.0,2.4093,12.0,0.13713,0.14274,-0.0039943,-0.69436,14.274,-14.055,-140.85,2.4093,62.333,0.13713,0.14274,-0.0039943,-1.8917,-0.8858,3.4508,-4.0447,1.5876,2.9908,-2.1741,0.7496
2.46,-0.9413,-1.1971,1.9097,-3.0718,0.7668,3.7525,-0.3449,0.0399,0.04,0.11087,0.11617,-0.15009,-1.0383e-05,-0.063915,-1.0761e-06,-0.05797,0.00034274,3.7851e-05,-0.81907,-0.36643,0.1584,-1.9661e-06,0.54723,8.7894e-07,0.75048,-0.00028751,-0.00011777,-0.77291,14.334,-14.115,-87.0,2.4135,12.0,0.13751,0.14252,-0.0039028,-0.77291,14.334,-14.115,-140.84,2.4135,62.391,0.13751,0.14252,-0.0039028,-1.8911,-0.885,3.4514,-4.0447,1.5886,2.9923,-2.1762,0.749
2.48,-0.9399,-1.1971,1.9104,-3.0718,0.7665,3.7525,-0.3457,0.0399,0.04,0.094181,0.11102,-0.14697,-1.0414e-05,-0.0486,-1.0558e-06,-0.061181,0.00033927,3.7691e-05,-0.83643,-0.29023,0.0035584,-2.1347e-06,0.25276,3.2538e-06,0.82628,-0.0003259,-8.4805e-05,-0.80525,14.389,-14.159,-87.0,2.4154,12.0,0.13766,0.14245,-0.0038539,-0.80525,14.389,-14.159,-140.84,2.4154,62.454,0.13766,0.14245,-0.0038539,-1.8901,-0.8843,3.4522,-4.0449,1.5897,2.9939,-2.1781,0.7485
2.5,-0.9389,-1.1972,1.911,-3.0718,0.7665,3.7525,-0.3467,0.0399,0.04,0.077908,0.10728,-0.14601,-1.045e-05,-0.036571,-1.0803e-06,-0.062405,0.00033612,3.7751e-05,-0.80662,-0.22421,-0.12064,-7.8368e-06,0.023451,1.7957e-06,0.85666,-0.00030074,-6.2711e-05,-0.79855,14.439,-14.187,-87.0,2.4151,12.0,0.13766,0.14252,-0.0038378,-0.79855,14.439,-14.187,-140.85,2.4151,62.518,0.13766,0.14252,-0.0038378,-1.889,-0.8839,3.4532,-4.0452,1.5909,2.9955,-2.1799,0.748
2.52,-0.9382,-1.1974,1.9117,-3.0718,0.7667,3.7525,-0.3476,0.0399,0.04,0.062828,0.10471,-0.14687,-1.0486e-05,-0.02754,-1.0948e-06,-0.062056,0.00033341,3.784e-05,-0.74048,-0.16711,-0.21599,-5.7046e-06,-0.14987,-1.5134e-07,0.85013,-0.00024351,-4.7955e-05,-0.7608,14.483,-14.202,-87.0,2.413,12.0,0.1375,0.14267,-0.0038319,-0.7608,14.483,-14.202,-140.86,2.413,62.58,0.1375,0.14267,-0.0038319,-1.8877,-0.8835,3.4543,-4.0456,1.5922,2.9969,-2.1815,0.7476
2.54,-0.9377,-1.1976,1.9123,-3.0718,0.7671,3.7525,-0.3484,0.0399,0.04,0.049488,0.10311,-0.14918,-1.0545e-05,-0.02115,-1.1111e-06,-0.060483,0.00033101,3.8082e-05,-0.64909,-0.11761,-0.28289,-8.4333e-06,-0.27158,-5.2969e-07,0.81481,-0.00021257,-3.7888e-05,-0.7002,14.521,-14.206,-87.0,2.4095,12.0,0.13724,0.14278,-0.0038461,-0.7002,14.521,-14.206,-140.88,2.4095,62.638,0.13724,0.14278,-0.0038461,-1.8864,-0.8833,3.4554,-4.046,1.5934,2.9983,-2.1829,0.7472
2.56,-0.9375,-1.1979,1.9129,-3.0718,0.7675,3.7525,-0.3492,0.0399,0.04,0.038227,0.10231,-0.15256,-1.0588e-05,-0.017069,-1.1388e-06,-0.05793,0.00032963,3.8377e-05,-0.54287,-0.074638,-0.32344,-4.398e-06,-0.34876,-1.0477e-07,0.7574,-0.00014267,-2.5816e-05,-0.62461,14.554,-14.2,-87.0,2.4048,12.0,0.13691,0.14291,-0.0038635,-0.62461,14.554,-14.2,-140.9,2.4048,62.691,0.13691,0.14291,-0.0038635,-1.8852,-0.8832,3.4564,-4.0464,1.5944,2.9994,-2.184,0.7469
2.58,-0.9375,-1.1981,1.9134,-3.0718,0.768,3.7525,-0.35,0.0399,0.04,0.029188,0.10217,-0.15663,-1.0589e-05,-0.01491,-1.155e-06,-0.054625,0.00032877,3.882e-05,-0.4311,-0.037612,-0.33981,-2.6852e-06,-0.38794,-2.1071e-06,0.68242,-0.00010039,-1.2316e-05,-0.54125,14.582,-14.187,-87.0,2.3993,12.0,0.13651,0.14298,-0.0038943,-0.54125,14.582,-14.187,-140.91,2.3993,62.736,0.13651,0.14298,-0.0038943,-1.884,-0.8831,3.4573,-4.0468,1.5954,3.0003,-2.1849,0.7467
2.6,-0.9377,-1.1984,1.9139,-3.0718,0.7685,3.7525,-0.3506,0.0399,0.04,0.022362,0.10256,-0.16106,-1.0613e-05,-0.01438,-1.1334e-06,-0.050781,0.00032865,3.9319e-05,-0.32111,-0.0063054,-0.33635,8.0427e-07,-0.39907,1.0623e-06,0.59466,-4.7943e-05,-2.6852e-06,-0.45624,14.604,-14.169,-87.0,2.3933,12.0,0.13607,0.143,-0.0039345,-0.45624,14.604,-14.169,-140.93,2.3933,62.773,0.13607,0.143,-0.0039345,-1.8829,-0.8831,3.4581,-4.0471,1.5962,3.0011,-2.1856,0.7465
2.62,-0.9379,-1.1986,1.9142,-3.0718,0.769,3.7525,-0.3511,0.0399,0.04,0.017617,0.10335,-0.16555,-1.0656e-05,-0.015129,-1.1529e-06,-0.046607,0.00032897,3.9966e-05,-0.21872,0.01969,-0.31618,-1.1208e-06,-0.38589,-2.3894e-06,0.49899,1.4377e-06,1.3338e-05,-0.3745,14.622,-14.147,-87.0,2.3872,12.0,0.1356,0.14298,-0.0039833,-0.3745,14.622,-14.147,-140.94,2.3872,62.803,0.1356,0.14298,-0.0039833,-1.8821,-0.8832,3.4588,-4.0474,1.5968,3.0016,-2.186,0.7465
2.64,-0.9383,-1.1988,1.9144,-3.0718,0.7695,3.7525,-0.3516,0.0399,0.04,0.014734,0.10445,-0.16985,-1.07e-05,-0.016835,-1.1631e-06,-0.042288,0.00032946,4.0652e-05,-0.12793,0.040233,-0.2836,-3.0012e-06,-0.35534,9.3132e-08,0.40033,3.0507e-05,1.9824e-05,-0.29972,14.635,-14.124,-87.0,2.3812,12.0,0.13515,0.1429,-0.0040454,-0.29972,14.635,-14.124,-140.95,2.3812,62.823,0.13515,0.1429,-0.0040454,-1.8814,-0.8833,3.4594,-4.0476,1.5972,3.0019,-2.1862,0.7464
2.66,-0.9387,-1.1991,1.9146,-3.0718,0.7699,3.7525,-0.3519,0.0399,0.04,0.013441,0.10574,-0.17376,-1.0699e-05,-0.019195,-1.1735e-06,-0.037996,0.0003301,4.1439e-05,-0.051085,0.055493,-0.24275,-2.977e-06,-0.31306,-1.1933e-06,0.30218,4.3877e-05,3.3042e-05,-0.23433,14.643,-14.1,-87.0,2.3756,12.0,0.13471,0.14279,-0.0041108,-0.23433,14.643,-14.1,-140.96,2.3756,62.837,0.13471,0.14279,-0.0041108,-1.8809,-0.8835,3.4598,-4.0477,1.5975,3.0021,-2.1863,0.7464
2.68,-0.9391,-1.1992,1.9146,-3.0718,0.7703,3.7525,-0.3521,0.0399,0.04,0.013439,0.10716,-0.17715,-1.0674e-05,-0.021986,-1.1685e-06,-0.033904,0.00033072,4.2233e-05,0.010755,0.065861,-0.1975,1.8847e-06,-0.26421,2.2643e-06,0.20861,6.014e-05,3.9801e-05,-0.17979,14.647,-14.077,-87.0,2.3706,12.0,0.13431,0.14266,-0.0041835,-0.17979,14.647,-14.077,-140.97,2.3706,62.843,0.13431,0.14266,-0.0041835,-1.8805,-0.8836,3.46,-4.0478,1.5977,3.0021,-2.1862,0.7464
2.7,-0.9394,-1.1994,1.9146,-3.0718,0.7705,3.7525,-0.3523,0.0399,0.04,0.014431,0.10861,-0.17995,-1.0671e-05,-0.024932,-1.1707e-06,-0.030143,0.00033127,4.3068e-05,0.057653,0.071619,-0.15079,1.0765e-06,-0.21134,-1.95e-07,0.12244,6.4928e-05,4.8808e-05,-0.13651,14.648,-14.057,-87.0,2.3664,12.0,0.13394,0.14252,-0.004258,-0.13651,14.648,-14.057,-140.97,2.3664,62.843,0.13394,0.14252,-0.004258,-1.8803,-0.8838,3.4602,-4.0479,1.5978,3.002,-2.186,0.7465
2.72,-0.9398,-1.1995,1.9146,-3.0718,0.7708,3.7525,-0.3523,0.0399,0.04,0.016131,0.11002,-0.18212,-1.0703e-05,-0.027876,-1.1815e-06,-0.026813,0.00033158,4.3794e-05,0.090639,0.073113,-0.10602,-3.7998e-06,-0.15957,1.3388e-07,0.046262,6.5053e-05,4.5882e-05,-0.10423,14.646,-14.039,-87.0,2.3629,12.0,0.13363,0.14238,-0.0043336,-0.10423,14.646,-14.039,-140.97,2.3629,62.839,0.13363,0.14238,-0.0043336,-1.8803,-0.884,3.4602,-4.0479,1.5977,3.0018,-2.1856,0.7466
2.74,-0.9401,-1.1996,1.9145,-3.0718,0.7709,3.7525,-0.3523,0.0399,0.04,0.018287,0.11135,-0.18368,-1.0665e-05,-0.030664,-1.1762e-06,-0.024004,0.00033187,4.4516e-05,0.11118,0.071246,-0.064874,3.0182e-06,-0.11047,2.2992e-07,-0.017938,7.5935e-05,5.0944e-05,-0.082128,14.642,-14.024,-87.0,2.3603,12.0,0.13337,0.14228,-0.0044006,-0.082128,14.642,-14.024,-140.97,2.3603,62.831,0.13337,0.14228,-0.0044006,-1.8803,-0.8842,3.4602,-4.0479,1.5976,3.0015,-2.1853,0.7466
2.76,-0.9404,-1.1997,1.9144,-3.0718,0.771,3.7525,-0.3522,0.0399,0.04,0.020682,0.11256,-0.18469,-1.0698e-05,-0.033184,-1.1638e-06,-0.021738,0.00033194,4.5094e-05,0.12127,0.066672,-0.029014,-2.6107e-06,-0.066369,6.9267e-07,-0.069726,5.6493e-05,4.9323e-05,-0.068907,14.636,-14.012,-87.0,2.3584,12.0,0.13317,0.14216,-0.0044601,-0.068907,14.636,-14.012,-140.97,2.3584,62.82,0.13317,0.14216,-0.0044601,-1.8804,-0.8843,3.4601,-4.0478,1.5975,3.0012,-2.1849,0.7467
2.78,-0.9406,-1.1997,1.9143,-3.0718,0.7711,3.7525,-0.3521,0.0399,0.04,0.023135,0.11361,-0.18519,-1.0666e-05,-0.03537,-1.1725e-06,-0.020031,0.00033176,4.5573e-05,0.12266,0.059899,0.0006631,8.1391e-07,-0.028259,1.3068e-06,-0.10866,4.1802e-05,4.6869e-05,-0.06338,14.63,-14.003,-87.0,2.3572,12.0,0.13303,0.14207,-0.0045104,-0.06338,14.63,-14.003,-140.97,2.3572,62.808,0.13303,0.14207,-0.0045104,-1.8806,-0.8845,3.4599,-4.0478,1.5973,3.0009,-2.1845,0.7468
2.8,-0.9408,-1.1997,1.9141,-3.0718,0.7711,3.7525,-0.352,0.0399,0.04,0.025506,0.11449,-0.18528,-1.0636e-05,-0.037168,-1.1856e-06,-0.01886,0.00033161,4.5898e-05,0.11741,0.051929,0.02438,2.3948e-06,0.0043936,-1.9674e-06,-0.13527,4.2125e-05,3.8823e-05,-0.063916,14.623,-13.997,-87.0,2.3567,12.0,0.13294,0.14203,-0.004551,-0.063916,14.623,-13.997,-140.97,2.3567,62.796,0.13294,0.14203,-0.004551,-1.8808,-0.8846,3.4597,-4.0477,1.5971,3.0006,-2.1841,0.7469
2.82,-0.9409,-1.1998,1.914,-3.0718,0.771,3.7525,-0.3518,0.0399,0.04,0.027693,0.1152,-0.18504,-1.0669e-05,-0.038588,-1.183e-06,-0.01818,0.00033139,4.6135e-05,0.10744,0.043111,0.0411,-1.1222e-06,0.02788,-7.5961e-07,-0.15091,3.3504e-05,3.1655e-05,-0.069139,14.616,-13.994,-87.0,2.3566,12.0,0.1329,0.142,-0.0045819,-0.069139,14.616,-13.994,-140.96,2.3566,62.783,0.1329,0.142,-0.0045819,-1.881,-0.8848,3.4596,-4.0476,1.5969,3.0003,-2.1837,0.747
2.84,-0.941,-1.1998,1.9139,-3.0718,0.771,3.7525,-0.3516,0.0399,0.04,0.02963,0.11573,-0.18456,-1.0642e-05,-0.039643,-1.1565e-06,-0.017933,0.00033112,4.6257e-05,0.094359,0.034296,0.052261,2.4272e-06,0.045809,7.9744e-07,-0.15676,3.53e-05,2.5215e-05,-0.077646,14.609,-13.993,-87.0,2.357,12.0,0.13288,0.142,-0.0046005,-0.077646,14.609,-13.993,-140.96,2.357,62.772,0.13288,0.142,-0.0046005,-1.8812,-0.8848,3.4594,-4.0476,1.5967,3.0,-2.1834,0.747
2.86,-0.9411,-1.1997,1.9138,-3.0718,0.7709,3.7525,-0.3515,0.0399,0.04,0.031276,0.11611,-0.18391,-1.0632e-05,-0.040351,-1.1535e-06,-0.018042,0.00033085,4.6282e-05,0.079609,0.02582,0.058299,-5.3769e-07,0.057245,1.1845e-06,-0.15412,2.2331e-05,1.673e-05,-0.088209,14.603,-13.994,-87.0,2.3577,12.0,0.13292,0.142,-0.0046115,-0.088209,14.603,-13.994,-140.96,2.3577,62.761,0.13292,0.142,-0.0046115,-1.8814,-0.8849,3.4592,-4.0475,1.5966,2.9998,-2.1831,0.7471
2.88,-0.9411,-1.1997,1.9137,-3.0718,0.7708,3.7525,-0.3513,0.0399,0.04,0.03262,0.11636,-0.18317,-1.0642e-05,-0.040751,-1.1564e-06,-0.018428,0.00033061,4.6239e-05,0.064373,0.018074,0.060293,-1.012e-06,0.064406,1.5454e-06,-0.14549,1.9238e-05,1.1603e-05,-0.099786,14.598,-13.996,-87.0,2.3586,12.0,0.13296,0.14202,-0.0046123,-0.099786,14.598,-13.996,-140.96,2.3586,62.752,0.13296,0.14202,-0.0046123,-1.8816,-0.885,3.459,-4.0474,1.5964,2.9996,-2.1829,0.7471
2.9,-0.9411,-1.1997,1.9136,-3.0718,0.7707,3.7525,-0.3512,0.0399,0.04,0.033664,0.11648,-0.18239,-1.0603e-05,-0.040896,-1.1561e-06,-0.019014,0.00033042,4.6158e-05,0.049483,0.011337,0.058781,1.0257e-06,0.066549,-8.4401e-08,-0.13209,1.4302e-05,8.9934e-06,-0.1116,14.594,-13.999,-87.0,2.3596,12.0,0.13303,0.14205,-0.0046068,-0.1116,14.594,-13.999,-140.95,2.3596,62.744,0.13303,0.14205,-0.0046068,-1.8818,-0.885,3.4589,-4.0474,1.5963,2.9994,-2.1827,0.7471
2.92,-0.9411,-1.1997,1.9135,-3.0718,0.7707,3.7525,-0.351,0.0399,0.04,0.034427,0.11651,-0.18163,-1.062e-05,-0.04083,-1.1787e-06,-0.019731,0.0003302,4.5994e-05,0.035639,0.0055239,0.054577,1.6663e-06,0.064922,-2.1537e-07,-0.11585,1.0198e-05,1.8212e-06,-0.12299,14.59,-14.002,-87.0,2.3606,12.0,0.1331,0.14208,-0.0045976,-0.12299,14.59,-14.002,-140.95,2.3606,62.738,0.1331,0.14208,-0.0045976,-1.882,-0.885,3.4587,-4.0473,1.5962,2.9993,-2.1826,0.7471
2.94,-0.941,-1.1997,1.9135,-3.0718,0.7706,3.7525,-0.3509,0.0399,0.04,0.034938,0.11646,-0.18091,-1.0635e-05,-0.040613,-1.1704e-06,-0.020522,0.00032998,4.5836e-05,0.02334,0.00091568,0.048776,-1.4347e-06,0.061078,-4.482e-07,-0.09777,5.1514e-06,-1.8019e-06,-0.13343,14.588,-14.006,-87.0,2.3616,12.0,0.13318,0.14211,-0.0045854,-0.13343,14.588,-14.006,-140.95,2.3616,62.733,0.13318,0.14211,-0.0045854,-1.8821,-0.885,3.4586,-4.0473,1.5961,2.9992,-2.1825,0.7472
2.96,-0.941,-1.1996,1.9134,-3.0718,0.7705,3.7525,-0.3508,0.0399,0.04,0.035233,0.11636,-0.18026,-1.0609e-05,-0.040277,-1.1582e-06,-0.021326,0.00032988,4.5668e-05,0.012843,-0.0027187,0.04169,3.1141e-06,0.05463,-9.1677e-07,-0.079538,1.0699e-05,-4.6115e-06,-0.14264,14.586,-14.01,-87.0,2.3625,12.0,0.13325,0.14216,-0.0045714,-0.14264,14.586,-14.01,-140.95,2.3625,62.73,0.13325,0.14216,-0.0045714,-1.8822,-0.885,3.4585,-4.0473,1.596,2.9992,-2.1824,0.7472
2.98,-0.9409,-1.1996,1.9134,-3.0718,0.7705,3.7525,-0.3508,0.0399,0.04,0.035347,0.11622,-0.17971,-1.0623e-05,-0.039883,-1.15e-06,-0.022104,0.0003298,4.5514e-05,0.0041459,-0.0051878,0.034274,-1.8298e-06,0.047174,2.2614e-06,-0.06184,9.8284e-06,-4.5668e-06,-0.15049,14.585,-14.013,-87.0,2.3633,12.0,0.13332,0.14219,-0.004556,-0.15049,14.585,-14.013,-140.95,2.3633,62.727,0.13332,0.14219,-0.004556,-1.8822,-0.885,3.4585,-4.0473,1.596,2.9991,-2.1824,0.7472
3.0,-0.9409,-1.1996,1.9134,-3.0718,0.7704,3.7525,-0.3507,0.0399,0.04,0.035318,0.11607,-0.17925,-1.0647e-05,-0.039443,-1.1606e-06,-0.022824,0.00032984,4.5353e-05,-0.0026818,-0.0066906,0.02708,-4.3019e-06,0.039538,5.9081e-07,-0.045515,9.4093e-06,-5.6811e-06,-0.15685,14.584,-14.016,-87.0,2.364,12.0,0.13339,0.14223,-0.004541,-0.15685,14.584,-14.016,-140.95,2.364,62.726,0.13339,0.14223,-0.004541,-1.8823,-0.885,3.4584,-4.0472,1.596,2.9991,-2.1824,0.7472
3.02,-0.9409,-1.1996,1.9134,-3.0718,0.7704,3.7525,-0.3507,0.0399,0.04,0.035181,0.11591,-0.17889,-1.0622e-05,-0.039006,-1.1717e-06,-0.023462,0.00032985,4.5209e-05,-0.0077337,-0.0075176,0.020054,7.4306e-07,0.031703,-1.2456e-06,-0.030906,1.103e-06,-6.1904e-06,-0.16181,14.584,-14.019,-87.0,2.3646,12.0,0.13345,0.14225,-0.0045271,-0.16181,14.584,-14.019,-140.95,2.3646,62.726,0.13345,0.14225,-0.0045271,-1.8823,-0.885,3.4584,-4.0472,1.5959,2.9991,-2.1824,0.7472
3.04,-0.9408,-1.1996,1.9134,-3.0718,0.7703,3.7525,-0.3507,0.0399,0.04,0.03497,0.11575,-0.17861,-1.0641e-05,-0.038586,-1.1695e-06,-0.024005,0.0003299,4.5097e-05,-0.011175,-0.0076741,0.013752,-1.0158e-06,0.023837,4.0745e-08,-0.018439,-4.0454e-07,-6.7881e-06,-0.16538,14.585,-14.022,-87.0,2.365,12.0,0.1335,0.14227,-0.0045165,-0.16538,14.585,-14.022,-140.95,2.365,62.726,0.1335,0.14227,-0.0045165,-1.8823,-0.885,3.4584,-4.0472,1.5959,2.9992,-2.1824,0.7471
3.06,-0.9408,-1.1996,1.9134,-3.0718,0.7703,3.7525,-0.3507,0.0399,0.04,0.034712,0.11561,-0.17842,-1.0636e-05,-0.038199,-1.1548e-06,-0.024448,0.00032994,4.5005e-05,-0.013233,-0.0073545,0.0083014,-2.4374e-08,0.016978,-3.1723e-07,-0.008424,-2.0984e-06,-6.6979e-06,-0.16777,14.585,-14.023,-87.0,2.3653,12.0,0.13353,0.14229,-0.0045072,-0.16777,14.585,-14.023,-140.95,2.3653,62.727,0.13353,0.14229,-0.0045072,-1.8823,-0.885,3.4584,-4.0472,1.596,2.9992,-2.1825,0.7471
3.08,-0.9408,-1.1996,1.9134,-3.0718,0.7703,3.7525,-0.3507,0.0399,0.04,0.034434,0.11549,-0.1783,-1.0633e-05,-0.037861,-1.1497e-06,-0.024795,0.00032995,4.4926e-05,-0.014068,-0.0067607,0.0035957,1.8833e-06,0.010673,1.947e-06,-0.00053197,-5.0932e-07,-5.7433e-06,-0.1691,14.586,-14.025,-87.0,2.3656,12.0,0.13356,0.1423,-0.0044983,-0.1691,14.586,-14.025,-140.95,2.3656,62.728,0.13356,0.1423,-0.0044983,-1.8823,-0.885,3.4584,-4.0472,1.596,2.9992,-2.1825,0.7471
3.1,-0.9407,-1.1996,1.9134,-3.0718,0.7703,3.7525,-0.3507,0.0399,0.04,0.034153,0.11538,-0.17825,-1.0648e-05,-0.037573,-1.1593e-06,-0.025054,0.00032999,4.4861e-05,-0.014026,-0.005798,7.1526e-05,-1.5838e-06,0.0058912,1.3853e-06,0.0052612,-1.298e-06,-5.7596e-06,-0.16957,14.587,-14.026,-87.0,2.3657,12.0,0.13357,0.14231,-0.0044918,-0.16957,14.587,-14.026,-140.95,2.3657,62.729,0.13357,0.14231,-0.0044918,-1.8823,-0.8849,3.4584,-4.0472,1.596,2.9992,-2.1825,0.7471
3.12,-0.9407,-1.1996,1.9135,-3.0718,0.7703,3.7525,-0.3507,0.0399,0.04,0.033884,0.1153,-0.17824,-1.0629e-05,-0.037341,-1.1696e-06,-0.025232,0.00033006,4.4825e-05,-0.013272,-0.004755,-0.0027046,7.3305e-08,0.0015244,-1.6531e-06,0.0094246,-4.191e-07,-5.195e-06,-0.16937,14.588,-14.027,-87.0,2.3657,12.0,0.13359,0.14232,-0.0044877,-0.16937,14.588,-14.027,-140.95,2.3657,62.73,0.13359,0.14232,-0.0044877,-1.8823,-0.8849,3.4584,-4.0472,1.596,2.9993,-2.1826,0.7471
3.14,-0.9407,-1.1996,1.9135,-3.0718,0.7703,3.7525,-0.3507,0.0399,0.04,0.033639,0.11524,-0.17828,-1.0614e-05,-0.037163,-1.1637e-06,-0.025343,0.00033018,4.4806e-05,-0.011993,-0.0037439,-0.0047162,1.8942e-06,-0.0017863,-4.2492e-07,0.011872,2.631e-06,-2.5717e-06,-0.16866,14.589,-14.027,-87.0,2.3657,12.0,0.13359,0.14233,-0.0044832,-0.16866,14.589,-14.027,-140.95,2.3657,62.731,0.13359,0.14233,-0.0044832,-1.8822,-0.8849,3.4585,-4.0473,1.596,2.9993,-2.1826,0.7471
3.16,-0.9407,-1.1996,1.9135,-3.0718,0.7703,3.7525,-0.3507,0.0399,0.04,0.033426,0.1152,-0.17833,-1.0642e-05,-0.037031,-1.1357e-06,-0.025388,0.00033029,4.4793e-05,-0.010395,-0.0028513,-0.0059232,-1.1223e-06,-0.0040974,1.33e-06,0.012885,3.5361e-06,-2.5688e-06,-0.16759,14.589,-14.027,-87.0,2.3657,12.0,0.13359,0.14233,-0.0044819,-0.16759,14.589,-14.027,-140.95,2.3657,62.732,0.13359,0.14233,-0.0044819,-1.8822,-0.8849,3.4585,-4.0473,1.5961,2.9993,-2.1826,0.7471
3.18,-0.9407,-1.1996,1.9135,-3.0718,0.7703,3.7525,-0.3507,0.0399,0.04,0.033247,0.11517,-0.17841,-1.0652e-05,-0.036946,-1.1734e-06,-0.025392,0.00033044,4.4793e-05,-0.0086494,-0.0018127,-0.0064984,-2.4944e-06,-0.005674,-5.0932e-07,0.012963,5.7131e-06,-1.4294e-06,-0.1663,14.59,-14.027,-87.0,2.3656,12.0,0.13359,0.14233,-0.0044807,-0.1663,14.59,-14.027,-140.95,2.3656,62.733,0.13359,0.14233,-0.0044807,-1.8822,-0.8849,3.4585,-4.0473,1.5961,2.9994,-2.1827,0.7471
3.2,-0.9407,-1.1996,1.9135,-3.0718,0.7703,3.7525,-0.3507,0.0399,0.04,0.033103,0.11516,-0.17849,-1.0644e-05,-0.036901,-1.1475e-06,-0.025361,0.00033059,4.4782e-05,-0.006894,-0.00090823,-0.0065506,-3.0323e-06,-0.0064343,1.8656e-06,0.012216,5.9197e-06,-2.1431e-06,-0.16493,14.591,-14.027,-87.0,2.3654,12.0,0.13358,0.14233,-0.0044804,-0.16493,14.591,-14.027,-140.95,2.3654,62.734,0.13358,0.14233,-0.0044804,-1.8822,-0.8849,3.4585,-4.0473,1.5961,2.9994,-2.1827,0.7471
3.22,-0.9407,-1.1996,1.9135,-3.0718,0.7703,3.7525,-0.3507,0.0399,0.04,0.032993,0.11517,-0.17858,-1.0636e-05,-0.036883,-1.1403e-06,-0.025302,0.00033062,4.4804e-05,-0.0051752,-0.00016242,-0.0062972,7.8662e-07,-0.0067525,1.0827e-06,0.010966,1.7521e-06,-5.7298e-07,-0.16355,14.591,-14.026,-87.0,2.3653,12.0,0.13358,0.14233,-0.004481,-0.16355,14.591,-14.026,-140.95,2.3653,62.735,0.13358,0.14233,-0.004481,-1.8822,-0.8849,3.4585,-4.0473,1.5961,2.9994,-2.1827,0.7471
3.24,-0.9407,-1.1996,1.9135,-3.0718,0.7703,3.7525,-0.3508,0.0399,0.04,0.032914,0.11518,-0.17867,-1.0651e-05,-0.036895,-1.1612e-06,-0.02523,0.00033064,4.4832e-05,-0.0036187,0.00036731,-0.0058576,-4.5693e-07,-0.0068277,-9.3714e-07,0.0093127,-5.7917e-07,2.0151e-06,-0.16227,14.592,-14.026,-87.0,2.3652,12.0,0.13357,0.14232,-0.0044811,-0.16227,14.592,-14.026,-140.95,2.3652,62.736,0.13357,0.14232,-0.0044811,-1.8821,-0.8849,3.4585,-4.0473,1.5961,2.9994,-2.1827,0.7471
3.26,-0.9407,-1.1996,1.9135,-3.0718,0.7703,3.7525,-0.3508,0.0399,0.04,0.032865,0.11521,-0.17874,-1.0643e-05,-0.036923,-1.1639e-06,-0.025147,0.0003307,4.4835e-05,-0.0021998,0.00082925,-0.005129,-1.8307e-06,-0.0062354,3.5798e-07,0.007364,1.8685e-06,-1.353e-06,-0.16106,14.592,-14.025,-87.0,2.3651,12.0,0.13356,0.14232,-0.0044848,-0.16106,14.592,-14.025,-140.95,2.3651,62.736,0.13356,0.14232,-0.0044848,-1.8821,-0.8849,3.4585,-4.0473,1.5961,2.9994,-2.1827,0.7471
3.28,-0.9407,-1.1996,1.9135,-3.0718,0.7703,3.7525,-0.3508,0.0399,0.04,0.03284,0.11523,-0.17881,-1.0634e-05,-0.036969,-1.1642e-06,-0.025071,0.00033072,4.486e-05,-0.0010423,0.0010513,-0.0044197,-1.0771e-06,-0.0058945,-1.0768e-07,0.0054808,-6.3737e-07,9.1786e-07,-0.16005,14.592,-14.025,-87.0,2.365,12.0,0.13355,0.14231,-0.0044851,-0.16005,14.592,-14.025,-140.95,2.365,62.736,0.13355,0.14231,-0.0044851,-1.8821,-0.8849,3.4586,-4.0473,1.5961,2.9994,-2.1827,0.7471
3.3,-0.9407,-1.1996,1.9135,-3.0718,0.7704,3.7525,-0.3508,0.0399,0.04,0.032835,0.11526,-0.17887,-1.0626e-05,-0.037006,-1.1695e-06,-0.024991,0.00033074,4.4883e-05,-5.4017e-05,0.0011466,-0.0033826,8.0718e-07,-0.0043537,-4.8021e-07,0.0038015,1.6385e-06,9.2441e-07,-0.15916,14.592,-14.025,-87.0,2.3649,12.0,0.13354,0.14231,-0.0044873,-0.15916,14.592,-14.025,-140.95,2.3649,62.736,0.13354,0.14231,-0.0044873,-1.8821,-0.8849,3.4586,-4.0473,1.5961,2.9994,-2.1827,0.7471
3.32,-0.9407,-1.1996,1.9135,-3.0718,0.7704,3.7525,-0.3508,0.0399,0.04,0.032847,0.11528,-0.17892,-1.061e-05,-0.037054,-1.1543e-06,-0.024919,0.00033076,4.49e-05,0.00074394,0.0011235,-0.0026733,1.4509e-06,-0.003789,1.7113e-06,0.0021912,1.56e-06,1.6895e-06,-0.15843,14.592,-14.024,-87.0,2.3648,12.0,0.13354,0.14231,-0.0044883,-0.15843,14.592,-14.024,-140.95,2.3648,62.736,0.13354,0.14231,-0.0044883,-1.8821,-0.8849,3.4586,-4.0473,1.5961,2.9994,-2.1827,0.7471
3.34,-0.9407,-1.1996,1.9135,-3.0718,0.7704,3.7525,-0.3508,0.0399,0.04,0.032872,0.1153,-0.17896,-1.0625e-05,-0.037109,-1.1539e-06,-0.024864,0.00033078,4.4893e-05,0.0013236,0.0010766,-0.0019372,-2.6921e-07,-0.0030708,-7.7125e-07,0.00076871,1.2078e-06,-7.4397e-07,-0.15787,14.592,-14.024,-87.0,2.3648,12.0,0.13353,0.14231,-0.0044901,-0.15787,14.592,-14.024,-140.95,2.3648,62.736,0.13353,0.14231,-0.0044901,-1.8821,-0.8849,3.4586,-4.0473,1.5961,2.9994,-2.1827,0.7471
3.36,-0.9407,-1.1996,1.9135,-3.0718,0.7704,3.7525,-0.3508,0.0399,0.04,0.032905,0.11532,-0.17898,-1.0646e-05,-0.037156,-1.1544e-06,-0.024817,0.0003308,4.4924e-05,0.0017032,0.0010535,-0.0011489,3.5816e-07,-0.0020925,3.8417e-07,-0.00016354,2.0547e-06,2.7394e-07,-0.15746,14.592,-14.024,-87.0,2.3647,12.0,0.13353,0.14231,-0.0044922,-0.15746,14.592,-14.024,-140.95,2.3647,62.736,0.13353,0.14231,-0.0044922,-1.8821,-0.8849,3.4586,-4.0473,1.5961,2.9994,-2.1827,0.7471
3.38,-0.9407,-1.1996,1.9135,-3.0718,0.7704,3.7525,-0.3508,0.0399,0.04,0.032942,0.11534,-0.179,-1.0601e-05,-0.037199,-1.1621e-06,-0.024783,0.0003308,4.4926e-05,0.0019033,0.0011012,-0.00046492,9.969e-07,-0.00103,1.7142e-06,-0.00094716,-4.5984e-07,1.3031e-06,-0.15721,14.592,-14.023,-87.0,2.3647,12.0,0.13352,0.14231,-0.0044913,-0.15721,14.592,-14.023,-140.95,2.3647,62.736,0.13352,0.14231,-0.0044913,-1.8821,-0.8849,3.4586,-4.0473,1.5961,2.9994,-2.1827,0.7471
3.4,-0.9407,-1.1996,1.9135,-3.0718,0.7704,3.7525,-0.3508,0.0399,0.04,0.032981,0.11536,-0.17901,-1.0621e-05,-0.037233,-1.1779e-06,-0.024756,0.00033083,4.4944e-05,0.0019386,0.0010483,8.6427e-05,2.8273e-06,-0.0005614,-1.2311e-06,-0.0015911,2.145e-06,8.4692e-07,-0.15709,14.592,-14.023,-87.0,2.3647,12.0,0.13352,0.14231,-0.0044936,-0.15709,14.592,-14.023,-140.95,2.3647,62.736,0.13352,0.14231,-0.0044936,-1.8821,-0.8849,3.4586,-4.0473,1.5961,2.9994,-2.1827,0.7471
3.42,-0.9407,-1.1996,1.9135,-3.0718,0.7704,3.7525,-0.3508,0.0399,0.04,0.033018,0.11538,-0.17901,-1.0649e-05,-0.037267,-1.162e-06,-0.024732,0.00033084,4.4951e-05,0.0018116,0.00092536,0.00046343,1.2233e-07,-0.00027828,-3.9872e-07,-0.0020692,1.5716e-06,2.1755e-06,-0.15712,14.592,-14.023,-87.0,2.3646,12.0,0.13352,0.1423,-0.0044929,-0.15712,14.592,-14.023,-140.95,2.3646,62.736,0.13352,0.1423,-0.0044929,-1.8821,-0.8849,3.4586,-4.0473,1.5961,2.9994,-2.1827,0.7471
3.44,-0.9407,-1.1996,1.9135,-3.0718,0.7704,3.7525,-0.3508,0.0399,0.04,0.033051,0.11539,-0.179,-1.0612e-05,-0.037302,-1.1602e-06,-0.024715,0.00033084,4.4946e-05,0.0016212,0.00081956,0.00073165,3.821e-06,3.7253e-07,-2.2992e-07,-0.0024578,1.17e-06,3.7471e-08,-0.15723,14.591,-14.023,-87.0,2.3646,12.0,0.13352,0.1423,-0.0044946,-0.15723,14.591,-14.023,-140.95,2.3646,62.735,0.13352,0.1423,-0.0044946,-1.8821,-0.8849,3.4586,-4.0473,1.5961,2.9994,-2.1827,0.7471
3.46,-0.9407,-1.1996,1.9135,-3.0718,0.7704,3.7525,-0.3508,0.0399,0.04,0.03308,0.1154,-0.17899,-1.061e-05,-0.037316,-1.1559e-06,-0.024711,0.00033085,4.493e-05,0.0014156,0.00069588,0.001049,3.3229e-06,0.00068024,1.4959e-06,-0.0026951,-2.9104e-09,-1.8095e-06,-0.15735,14.591,-14.023,-87.0,2.3647,12.0,0.13351,0.1423,-0.0044948,-0.15735,14.591,-14.023,-140.95,2.3647,62.735,0.13351,0.1423,-0.0044948,-1.8821,-0.8849,3.4586,-4.0473,1.5961,2.9994,-2.1827,0.7471
3.48,-0.9407,-1.1996,1.9135,-3.0718,0.7704,3.7525,-0.3508,0.0399,0.04,0.033105,0.11541,-0.17898,-1.0625e-05,-0.037335,-1.1704e-06,-0.024708,0.00033083,4.4949e-05,0.0011951,0.00051633,0.0010565,-2.2917e-06,0.00091195,-2.2264e-06,-0.0027524,1.5047e-06,1.6807e-07,-0.15753,14.591,-14.023,-87.0,2.3647,12.0,0.13352,0.14231,-0.0044947,-0.15753,14.591,-14.023,-140.95,2.3647,62.735,0.13352,0.14231,-0.0044947,-1.8821,-0.8849,3.4585,-4.0473,1.5961,2.9994,-2.1827,0.7471
3.5,-0.9407,-1.1996,1.9135,-3.0718,0.7704,3.7525,-0.3508,0.0399,0.04,0.033126,0.11541,-0.17896,-1.0628e-05,-0.037336,-1.1799e-06,-0.024717,0.00033083,4.4946e-05,0.0010259,0.00029802,0.0010014,8.9531e-07,0.0011563,-1.2544e-06,-0.0025244,7.6834e-07,6.5556e-07,-0.15768,14.591,-14.023,-87.0,2.3647,12.0,0.13352,0.1423,-0.004494,-0.15768,14.591,-14.023,-140.95,2.3647,62.735,0.13352,0.1423,-0.004494,-1.8821,-0.8849,3.4585,-4.0473,1.5961,2.9994,-2.1827,0.7471
3.52,-0.9407,-1.1996,1.9135,-3.0718,0.7704,3.7525,-0.3508,0.0399,0.04,0.033143,0.11541,-0.17895,-1.0651e-05,-0.037337,-1.1506e-06,-0.024727,0.00033083,4.4946e-05,0.00082962,0.00019595,0.00090748,-3.2014e-06,0.0010941,1.3184e-06,-0.0021204,6.5484e-07,-1.0477e-07,-0.15785,14.591,-14.023,-87.0,2.3647,12.0,0.13353,0.1423,-0.0044947,-0.15785,14.591,-14.023,-140.95,2.3647,62.735,0.13353,0.1423,-0.0044947,-1.8821,-0.8849,3.4585,-4.0473,1.5961,2.9994,-2.1826,0.7471
3.54,-0.9407,-1.1996,1.9135,-3.0718,0.7704,3.7525,-0.3508,0.0399,0.04,0.033157,0.11541,-0.17894,-1.0629e-05,-0.037333,-1.1593e-06,-0.024739,0.0003308,4.4943e-05,0.00066012,5.886e-05,0.00079125,6.9722e-07,0.0011493,-8.411e-07,-0.0018671,4.5111e-07,8.5493e-07,-0.158,14.591,-14.023,-87.0,2.3647,12.0,0.13353,0.14231,-0.0044934,-0.158,14.591,-14.023,-140.95,2.3647,62.735,0.13353,0.14231,-0.0044934,-1.8821,-0.8849,3.4585,-4.0473,1.5961,2.9994,-2.1826,0.7471
3.56,-0.9407,-1.1996,1.9135,-3.0718,0.7704,3.7525,-0.3508,0.0399,0.04,0.033166,0.11541,-0.17893,-1.0618e-05,-0.037328,-1.1641e-06,-0.024755,0.0003308,4.4943e-05,0.00042394,-8.9407e-06,0.0006184,1.8843e-06,0.00092946,-2.9395e-07,-0.0015883,1.0972e-06,-4.9404e-07,-0.15821,14.591,-14.023,-87.0,2.3648,12.0,0.13352,0.14231,-0.0044948,-0.15821,14.591,-14.023,-140.95,2.3648,62.735,0.13352,0.14231,-0.0044948,-1.8821,-0.8849,3.4585,-4.0473,1.5961,2.9994,-2.1826,0.7471
3.58,-0.9407,-1.1996,1.9135,-3.0718,0.7704,3.7525,-0.3508,0.0399,0.04,0.033171,0.11541,-0.17892,-1.0665e-05,-0.037327,-1.178e-06,-0.024774,0.00033079,4.494e-05,0.00022762,-5.4389e-05,0.00050962,-1.8005e-06,0.00077523,-2.4098e-06,-0.0013646,-7.276e-08,-9.7134e-08,-0.15837,14.591,-14.023,-87.0,2.3648,12.0,0.13352,0.14231,-0.0044941,-0.15837,14.591,-14.023,-140.95,2.3648,62.734,0.13352,0.14231,-0.0044941,-1.8821,-0.8849,3.4585,-4.0473,1.5961,2.9994,-2.1826,0.7471
3.6,-0.9407,-1.1996,1.9135,-3.0718,0.7704,3.7525,-0.3508,0.0399,0.04,0.033173,0.11541,-0.17892,-1.0642e-05,-0.03732,-1.1645e-06,-0.024786,0.0003308,4.4923e-05,5.1782e-05,-6.78e-05,0.00047386,-1.7777e-06,0.00068545,7.5961e-07,-0.0009615,1.592e-06,-1.0801e-06,-0.15851,14.591,-14.023,-87.0,2.3648,12.0,0.13352,0.14231,-0.0044934,-0.15851,14.591,-14.023,-140.95,2.3648,62.734,0.13352,0.14231,-0.0044934,-1.8821,-0.8849,3.4585,-4.0473,1.5961,2.9994,-2.1826,0.7471
3.62,-0.9407,-1.1996,1.9135,-3.0718,0.7704,3.7525,-0.3508,0.0399,0.04,0.033172,0.11541,-0.17891,-1.0631e-05,-0.037312,-1.1546e-06,-0.024795,0.0003308,4.4943e-05,-8.3819e-05,-7.7486e-05,0.00045151,1.4892e-06,0.00058375,6.8394e-07,-0.00064466,1.1321e-06,1.3712e-06,-0.15862,14.591,-14.023,-87.0,2.3648,12.0,0.13353,0.14231,-0.0044929,-0.15862,14.591,-14.023,-140.95,2.3648,62.734,0.13353,0.14231,-0.0044929,-1.8821,-0.8849,3.4585,-4.0473,1.5961,2.9994,-2.1826,0.7471
3.64,-0.9407,-1.1996,1.9135,-3.0718,0.7704,3.7525,-0.3508,0.0399,0.04,0.033169,0.11541,-0.1789,-1.0664e-05,-0.037306,-1.1653e-06,-0.024803,0.00033079,4.4942e-05,-0.00018179,-6.2585e-05,0.00036657,-4.2529e-06,0.00042059,4.2201e-07,-0.00045393,-3.4925e-07,7.2505e-07,-0.1587,14.591,-14.024,-87.0,2.3648,12.0,0.13353,0.14231,-0.0044935,-0.1587,14.591,-14.024,-140.95,2.3648,62.734,0.13353,0.14231,-0.0044935,-1.8821,-0.8849,3.4585,-4.0473,1.5961,2.9994,-2.1826,0.7471
3.66,-0.9407,-1.1996,1.9135,-3.0718,0.7704,3.7525,-0.3508,0.0399,0.04,0.033164,0.1154,-0.1789,-1.0613e-05,-0.037307,-1.1671e-06,-0.024812,0.00033078,4.494e-05,-0.00024736,-0.00010729,0.00019073,7.4815e-07,-4.4331e-05,-6.6066e-07,-0.00019334,-1.5978e-06,1.1605e-06,-0.15877,14.591,-14.024,-87.0,2.3648,12.0,0.13353,0.14231,-0.0044928,-0.15877,14.591,-14.024,-140.95,2.3648,62.734,0.13353,0.14231,-0.0044928,-1.8821,-0.8849,3.4585,-4.0473,1.5961,2.9994,-2.1826,0.7471
3.68,-0.9407,-1.1996,1.9135,-3.0718,0.7704,3.7525,-0.3508,0.0399,0.04,0.033159,0.1154,-0.1789,-1.0639e-05,-0.037302,-1.1787e-06,-0.024819,0.00033079,4.4928e-05,-0.00025369,-0.00011772,0.00011176,1.4797e-07,0.00010431,-1.493e-06,-9.8161e-05,1.2689e-06,3.9763e-07,-0.1588,14.591,-14.024,-87.0,2.3648,12.0,0.13353,0.14231,-0.0044924,-0.1588,14.591,-14.024,-140.95,2.3648,62.734,0.13353,0.14231,-0.0044924,-1.8821,-0.8849,3.4585,-4.0473,1.5961,2.9994,-2.1826,0.7471
3.7,-0.9407,-1.1996,1.9135,-3.0718,0.7704,3.7525,-0.3508,0.0399,0.04,0.033153,0.1154,-0.1789,-1.064e-05,-0.037305,-1.1685e-06,-0.024829,0.00033078,4.4923e-05,-0.000282,-0.00011548,-2.5332e-05,-1.6425e-07,-9.127e-05,1.5425e-07,0.00015479,-2.5117e-06,9.8116e-07,-0.15884,14.591,-14.024,-87.0,2.3648,12.0,0.13353,0.14231,-0.0044913,-0.15884,14.591,-14.024,-140.95,2.3648,62.734,0.13353,0.14231,-0.0044913,-1.8821,-0.8849,3.4585,-4.0473,1.5961,2.9994,-2.1826,0.7471
3.72,-0.9407,-1.1996,1.9135,-3.0718,0.7704,3.7525,-0.3508,0.0399,0.04,0.033148,0.1154,-0.17889,-1.0633e-05,-0.037297,-1.1744e-06,-0.024831,0.00033079,4.4925e-05,-0.00024773,-0.00012517,-7.3016e-05,5.9663e-08,4.8801e-05,3.4051e-07,0.00020433,9.9244e-07,2.2192e-08,-0.15883,14.591,-14.024,-87.0,2.3648,12.0,0.13353,0.14231,-0.0044925,-0.15883,14.591,-14.024,-140.95,2.3648,62.734,0.13353,0.14231,-0.0044925,-1.8821,-0.8849,3.4585,-4.0473,1.5961,2.9994,-2.1826,0.7471
3.74,-0.9407,-1.1996,1.9135,-3.0718,0.7704,3.7525,-0.3508,0.0399,0.04,0.033143,0.1154,-0.17889,-1.0614e-05,-0.037294,-1.1647e-06,-0.02484,0.0003308,4.4904e-05,-0.00025854,-7.1526e-05,-0.00011474,3.3164e-06,-0.00015981,-8.2655e-07,0.00026431,1.3853e-06,-1.4596e-06,-0.15884,14.591,-14.024,-87.0,2.3648,12.0,0.13353,0.14231,-0.0044919,-0.15884,14.591,-14.024,-140.95,2.3648,62.735,0.13353,0.14231,-0.0044919,-1.8821,-0.8849,3.4585,-4.0473,1.5961,2.9994,-2.1826,0.7471
3.76,-0.9407,-1.1996,1.9135,-3.0718,0.7704,3.7525,-0.3508,0.0399,0.04,0.033139,0.1154,-0.1789,-1.0647e-05,-0.037294,-1.1607e-06,-0.024842,0.00033077,4.4922e-05,-0.00015534,-7.2271e-05,-0.00019222,-1.4233e-06,-8.8662e-05,-1.6007e-06,0.00025071,-8.2073e-07,2.0904e-06,-0.15877,14.591,-14.024,-87.0,2.3648,12.0,0.13353,0.14231,-0.0044901,-0.15877,14.591,-14.024,-140.95,2.3648,62.735,0.13353,0.14231,-0.0044901,-1.8821,-0.8849,3.4585,-4.0473,1.5961,2.9994,-2.1827,0.7471
3.78,-0.9407,-1.1996,1.9135,-3.0718,0.7704,3.7525,-0.3508,0.0399,0.04,0.033138,0.1154,-0.1789,-1.0638e-05,-0.037292,-1.1483e-06,-0.024845,0.00033077,4.4926e-05,-5.5507e-05,-5.5134e-05,-0.00021905,-2.1707e-06,-0.00012107,2.567e-06,0.00024885,1.7171e-07,1.0485e-06,-0.1587,14.591,-14.024,-87.0,2.3648,12.0,0.13352,0.14231,-0.0044916,-0.1587,14.591,-14.024,-140.95,2.3648,62.735,0.13352,0.14231,-0.0044916,-1.8821,-0.8849,3.4585,-4.0473,1.5961,2.9994,-2.1827,0.7471
3.8,-0.9407,-1.1996,1.9135,-3.0718,0.7704,3.7525,-0.3508,0.0399,0.04,0.033138,0.11539,-0.17891,-1.0646e-05,-0.037294,-1.1585e-06,-0.024846,0.00033077,4.4937e-05,3.9861e-05,-5.5134e-05,-0.00027567,8.3328e-07,-0.00018701,5.5006e-07,0.0002576,-4.482e-07,9.5206e-07,-0.15863,14.591,-14.024,-87.0,2.3648,12.0,0.13352,0.14231,-0.0044927,-0.15863,14.591,-14.024,-140.95,2.3648,62.735,0.13352,0.14231,-0.0044927,-1.8821,-0.8849,3.4585,-4.0473,1.5961,2.9994,-2.1827,0.7471
3.82,-0.9407,-1.1996,1.9135,-3.0718,0.7704,3.7525,-0.3508,0.0399,0.04,0.033141,0.11539,-0.17891,-1.0637e-05,-0.037293,-1.1696e-06,-0.024843,0.00033076,4.4929e-05,0.00011921,-1.1921e-05,-0.00014603,-1.135e-07,-7.8231e-06,-9.5461e-07,0.00024512,2.2119e-07,8.6911e-07,-0.15855,14.591,-14.024,-87.0,2.3648,12.0,0.13353,0.14231,-0.0044921,-0.15855,14.591,-14.024,-140.95,2.3648,62.735,0.13353,0.14231,-0.0044921,-1.8821,-0.8849,3.4585,-4.0473,1.5961,2.9994,-2.1827,0.7471
3.84,-0.9407,-1.1996,1.9135,-3.0718,0.7704,3.7525,-0.3508,0.0399,0.04,0.033143,0.11539,-0.17891,-1.0636e-05,-0.037294,-1.166e-06,-0.024836,0.00033077,4.4921e-05,0.00013933,-2.7567e-05,-5.6624e-05,-2.4632e-06,-4.6939e-05,-1.6298e-07,0.00020601,2.2119e-07,2.874e-08,-0.15852,14.591,-14.024,-87.0,2.3648,12.0,0.13353,0.14231,-0.004492,-0.15852,14.591,-14.024,-140.95,2.3648,62.735,0.13353,0.14231,-0.004492,-1.8821,-0.8849,3.4585,-4.0473,1.5961,2.9994,-2.1827,0.7471
3.86,-0.9407,-1.1996,1.9135,-3.0718,0.7704,3.7525,-0.3508,0.0399,0.04,0.033146,0.11539,-0.17891,-1.0625e-05,-0.037295,-1.1525e-06,-0.02483,0.00033078,4.4918e-05,0.00013448,2.2352e-05,-1.1921e-05,-4.673e-07,-0.00010207,2.2468e-06,0.00021216,8.7603e-07,-2.0009e-08,-0.15851,14.591,-14.024,-87.0,2.3648,12.0,0.13353,0.14231,-0.0044918,-0.15851,14.591,-14.024,-140.95,2.3648,62.735,0.13353,0.14231,-0.0044918,-1.8821,-0.8849,3.4585,-4.0473,1.5961,2.9994,-2.1827,0.7471
3.88,-0.9407,-1.1996,1.9135,-3.0718,0.7704,3.7525,-0.3508,0.0399,0.04,0.033148,0.11539,-0.17891,-1.0624e-05,-0.037301,-1.144e-06,-0.024827,0.00033078,4.4926e-05,7.4506e-05,2.0117e-05,2.5332e-05,8.9785e-07,-0.00017285,3.3207e-06,0.00015441,-9.3714e-07,-1.728e-07,-0.15855,14.591,-14.024,-87.0,2.3648,12.0,0.13353,0.14231,-0.0044928,-0.15855,14.591,-14.024,-140.95,2.3648,62.735,0.13353,0.14231,-0.0044928,-1.8821,-0.8849,3.4585,-4.0473,1.5961,2.9994,-2.1827,0.7471
3.9,-0.9407,-1.1996,1.9135,-3.0718,0.7704,3.7525,-0.3508,0.0399,0.04,0.033148,0.1154,-0.17891,-1.0634e-05,-0.037297,-1.1556e-06,-0.024821,0.00033079,4.4926e-05,3.3528e-05,3.8743e-05,0.00011921,-1.3101e-06,3.9488e-05,3.1141e-07,-9.2573e-05,1.7259e-06,-3.296e-07,-0.15857,14.591,-14.024,-87.0,2.3648,12.0,0.13353,0.14231,-0.004493,-0.15857,14.591,-14.024,-140.95,2.3648,62.735,0.13353,0.14231,-0.004493,-1.8821,-0.8849,3.4585,-4.0473,1.5961,2.9994,-2.1827,0.7471
3.92,-0.9407,-1.1996,1.9135,-3.0718,0.7704,3.7525,-0.3508,0.0399,0.04,0.033148,0.1154,-0.17891,-1.0654e-05,-0.0373,-1.1589e-06,-0.024823,0.00033078,4.4922e-05,-4.0606e-05,5.6624e-05,0.00016689,-1.9987e-06,-3.5018e-05,1.2369e-06,3.7253e-06,-8.0327e-07,-1.6909e-06,-0.15861,14.591,-14.024,-87.0,2.3648,12.0,0.13353,0.14231,-0.0044939,-0.15861,14.591,-14.024,-140.95,2.3648,62.735,0.13353,0.14231,-0.0044939,-1.8821,-0.8849,3.4585,-4.0473,1.5961,2.9994,-2.1827,0.7471
3.94,-0.9407,-1.1996,1.9135,-3.0718,0.7704,3.7525,-0.3508,0.0399,0.04,0.033147,0.1154,-0.1789,-1.063e-05,-0.037303,-1.1504e-06,-0.024819,0.00033078,4.4929e-05,-4.5821e-05,4.3958e-05,0.00018924,1.7193e-06,8.6427e-05,4.5693e-07,-0.00011623,-5.2678e-07,2.161e-07,-0.15862,14.591,-14.024,-87.0,2.3648,12.0,0.13353,0.14231,-0.0044927,-0.15862,14.591,-14.024,-140.95,2.3648,62.735,0.13353,0.14231,-0.0044927,-1.8821,-0.8849,3.4585,-4.0473,1.5961,2.9994,-2.1826,0.7471
3.96,-0.9407,-1.1996,1.9135,-3.0718,0.7704,3.7525,-0.3508,0.0399,0.04,0.033146,0.1154,-0.1789,-1.0631e-05,-0.037301,-1.1451e-06,-0.024819,0.00033078,4.4916e-05,-6.7428e-05,2.9057e-05,0.0001058,-5.3478e-07,-1.6019e-05,9.1677e-07,-9.8906e-05,-9.6043e-08,9.0949e-08,-0.15865,14.591,-14.024,-87.0,2.3648,12.0,0.13353,0.14231,-0.0044916,-0.15865,14.591,-14.024,-140.95,2.3648,62.735,0.13353,0.14231,-0.0044916,-1.8821,-0.8849,3.4585,-4.0473,1.5961,2.9994,-2.1826,0.7471
3.98,-0.9407,-1.1996,1.9135,-3.0718,0.7704,3.7525,-0.3508,0.0399,0.04,0.033144,0.1154,-0.1789,-1.0627e-05,-0.037304,-1.1723e-06,-0.024819,0.00033077,4.4927e-05,-6.2212e-05,-6.7055e-06,7.4506e-06,4.1523e-06,-5.886e-05,-6.9849e-07,-8.5309e-05,-2.5e-06,9.5461e-07,-0.15866,14.591,-14.024,-87.0,2.3648,12.0,0.13353,0.14231,-0.0044918,-0.15866,14.591,-14.024,-140.95,2.3648,62.735,0.13353,0.14231,-0.0044918,-1.8821,-0.8849,3.4585,-4.0473,1.5961,2.9994,-2.1826,0.7471
4.0,-0.9407,-1.1996,1.9135,-3.0718,0.7704,3.7525,-0.3508,0.0399,0.04,0.033144,0.1154,-0.1789,-1.0615e-05,-0.037301,-1.1621e-06,-0.024819,0.00033077,4.4923e-05,-1.9372e-05,-5.7369e-05,-5.5134e-05,-3.4688e-07,-3.6508e-05,1.135e-07,-0.000103,4.4238e-07,3.9072e-07,-0.15864,14.591,-14.024,-87.0,2.3648,12.0,0.13353,0.14231,-0.0044919,-0.15864,14.591,-14.024,-140.95,2.3648,62.735,0.13353,0.14231,-0.0044919,-1.8821,-0.8849,3.4585,-4.0473,1.5961,2.9994,-2.1827,0.7471
4.02,-0.9407,-1.1996,1.9135,-3.0718,0.7704,3.7525,-0.3508,0.0399,0.04,0.033144,0.1154,-0.1789,-1.0633e-05,-0.037301,-1.1532e-06,-0.024825,0.00033078,4.4923e-05,1.2666e-05,-1.6391e-05,-5.9605e-05,-6.431e-07,6.929e-05,2.0955e-07,5.1782e-05,5.6752e-07,1.3861e-07,-0.15862,14.591,-14.024,-87.0,2.3648,12.0,0.13353,0.14231,-0.0044922,-0.15862,14.591,-14.024,-140.95,2.3648,62.735,0.13353,0.14231,-0.0044922,-1.8821,-0.8849,3.4585,-4.0473,1.5961,2.9994,-2.1826,0.7471
4.04,-0.9407,-1.1996,1.9135,-3.0718,0.7704,3.7525,-0.3508,0.0399,0.04,0.033144,0.1154,-0.1789,-1.062e-05,-0.0373,-1.1529e-06,-0.024823,0.00033076,4.4927e-05,3.7253e-05,-3.3528e-05,-0.00011474,5.4179e-07,-2.3842e-05,7.7707e-07,-8.0094e-06,-2.0402e-06,5.668e-07,-0.15861,14.591,-14.024,-87.0,2.3648,12.0,0.13353,0.14231,-0.0044921,-0.15861,14.591,-14.024,-140.95,2.3648,62.735,0.13353,0.14231,-0.0044921,-1.8821,-0.8849,3.4585,-4.0473,1.5961,2.9994,-2.1827,0.7471
4.06,-0.9407,-1.1996,1.9135,-3.0718,0.7704,3.7525,-0.3508,0.0399,0.04,0.033145,0.1154,-0.17891,-1.0624e-05,-0.037301,-1.1589e-06,-0.024827,0.00033077,4.4921e-05,2.645e-05,-2.8312e-05,-0.00011176,3.4463e-06,-8.1956e-06,1.9209e-07,0.00015013,2.1973e-06,1.9827e-07,-0.15862,14.591,-14.024,-87.0,2.3648,12.0,0.13353,0.14231,-0.0044919,-0.15862,14.591,-14.024,-140.95,2.3648,62.735,0.13353,0.14231,-0.0044919,-1.8821,-0.8849,3.4585,-4.0473,1.5961,2.9994,-2.1827,0.7471
4.08,-0.9407,-1.1996,1.9135,-3.0718,0.7704,3.7525,-0.3508,0.0399,0.04,0.033146,0.1154,-0.17891,-1.0645e-05,-0.037299,-1.1498e-06,-0.024827,0.00033079,4.4917e-05,2.3097e-05,1.1921e-05,-2.3842e-05,-1.2992e-06,6.0722e-05,9.6625e-07,0.00016075,2.4447e-07,-4.8676e-07,-0.15861,14.591,-14.024,-87.0,2.3648,12.0,0.13354,0.14231,-0.0044921,-0.15861,14.591,-14.024,-140.95,2.3648,62.735,0.13354,0.14231,-0.0044921,-1.8821,-0.8849,3.4585,-4.0473,1.5961,2.9994,-2.1827,0.7471
4.1,-0.9407,-1.1996,1.9135,-3.0718,0.7704,3.7525,-0.3508,0.0399,0.04,0.033145,0.1154,-0.1789,-1.0628e-05,-0.037298,-1.1642e-06,-0.024826,0.00033078,4.4922e-05,-2.943e-05,3.5018e-05,0.00010878,3.3937e-06,8.4937e-05,-6.0827e-07,3.6322e-05,-2.0082e-07,-2.4738e-08,-0.15862,14.591,-14.024,-87.0,2.3648,12.0,0.13353,0.14231,-0.0044923,-0.15862,14.591,-14.024,-140.95,2.3648,62.735,0.13353,0.14231,-0.0044923,-1.8821,-0.8849,3.4585,-4.0473,1.5961,2.9994,-2.1827,0.7471
4.12,-0.9407,-1.1996,1.9135,-3.0718,0.7704,3.7525,-0.3508,0.0399,0.04,0.033145,0.1154,-0.1789,-1.0634e-05,-0.037298,-1.1657e-06,-0.024821,0.00033077,4.4919e-05,-3.3155e-05,1.9372e-05,9.9838e-05,2.7492e-06,1.9744e-05,9.9535e-07,-4.3027e-05,-8.5565e-07,-1.0292e-06,-0.15862,14.591,-14.024,-87.0,2.3648,12.0,0.13353,0.14231,-0.0044929,-0.15862,14.591,-14.024,-140.95,2.3648,62.735,0.13353,0.14231,-0.0044929,-1.8821,-0.8849,3.4585,-4.0473,1.5961,2.9994,-2.1827,0.7471
4.14,-0.9407,-1.1996,1.9135,-3.0718,0.7704,3.7525,-0.3508,0.0399,0.04,0.033145,0.1154,-0.1789,-1.0644e-05,-0.037301,-1.1582e-06,-0.024822,0.00033078,4.4929e-05,2.0862e-05,-1.4901e-06,-3.1292e-05,2.0562e-06,-4.3213e-05,1.592e-06,-6.8359e-05,7.5088e-07,8.12e-07,-0.1586,14.591,-14.024,-87.0,2.3648,12.0,0.13353,0.14231,-0.0044921,-0.1586,14.591,-14.024,-140.95,2.3648,62.735,0.13353,0.14231,-0.0044921,-1.8821,-0.8849,3.4585,-4.0473,1.5961,2.9994,-2.1827,0.7471
4.16,-0.9407,-1.1996,1.9135,-3.0718,0.7704,3.7525,-0.3508,0.0399,0.04,0.033145,0.1154,-0.1789,-1.0629e-05,-0.0373,-1.1612e-06,-0.024824,0.00033078,4.4934e-05,2.0489e-05,-2.1607e-05,-5.2154e-05,9.6743e-07,-7.0781e-05,-3.085e-07,-1.4156e-05,4.1036e-07,9.5133e-07,-0.15861,14.591,-14.024,-87.0,2.3648,12.0,0.13353,0.14231,-0.0044924,-0.15861,14.591,-14.024,-140.95,2.3648,62.735,0.13353,0.14231,-0.0044924,-1.8821,-0.8849,3.4585,-4.0473,1.5961,2.9994,-2.1827,0.7471
4.18,-0.9407,-1.1996,1.9135,-3.0718,0.7704,3.7525,-0.3508,0.0399,0.04,0.033146,0.1154,-0.1789,-1.0623e-05,-0.037299,-1.1627e-06,-0.024824,0.00033078,4.4943e-05,4.2841e-05,3.7253e-06,-4.6194e-05,1.9118e-06,1.5274e-05,-4.773e-07,4.6566e-06,9.0804e-07,9.5715e-07,-0.15859,14.591,-14.024,-87.0,2.3648,12.0,0.13353,0.14231,-0.0044933,-0.15859,14.591,-14.024,-140.95,2.3648,62.735,0.13353,0.14231,-0.0044933,-1.8821,-0.8849,3.4585,-4.0473,1.5961,2.9994,-2.1827,0.7471
4.2,-0.9407,-1.1996,1.9135,-3.0718,0.7704,3.7525,-0.3508,0.0399,0.04,0.033145,0.1154,-0.1789,-1.0634e-05,-0.037298,-1.1618e-06,-0.024824,0.00033077,4.4928e-05,-3.7998e-05,1.4156e-05,0.00010133,2.4948e-06,1.8626e-05,-5.9663e-07,1.1548e-05,-2.337e-06,-5.8935e-08,-0.15863,14.591,-14.024,-87.0,2.3648,12.0,0.13353,0.14231,-0.0044929,-0.15863,14.591,-14.024,-140.95,2.3648,62.735,0.13353,0.14231,-0.0044929,-1.8821,-0.8849,3.4585,-4.0473,1.5961,2.9994,-2.1827,0.7471
4.22,-0.9407,-1.1996,1.9135,-3.0718,0.7704,3.7525,-0.3508,0.0399,0.04,0.033145,0.1154,-0.1789,-1.0658e-05,-0.037301,-1.141e-06,-0.024822,0.00033078,4.4919e-05,-3.7625e-05,9.6858e-06,3.2783e-05,-2.7676e-07,8.1956e-05,3.085e-07,-2.794e-06,-1.7753e-07,-1.6109e-06,-0.15864,14.591,-14.024,-87.0,2.3648,12.0,0.13353,0.14231,-0.0044935,-0.15864,14.591,-14.024,-140.95,2.3648,62.735,0.13353,0.14231,-0.0044935,-1.8821,-0.8849,3.4585,-4.0473,1.5961,2.9994,-2.1827,0.7471
4.24,-0.9407,-1.1996,1.9135,-3.0718,0.7704,3.7525,-0.3508,0.0399,0.04,0.033144,0.1154,-0.1789,-1.0638e-05,-0.0373,-1.1613e-06,-0.024822,0.00033077,4.4924e-05,-9.6858e-06,-8.1956e-06,-7.1526e-05,1.8013e-06,-1.8626e-05,-1.8685e-06,-8.5682e-06,-5.9372e-07,-4.4602e-07,-0.15864,14.591,-14.024,-87.0,2.3648,12.0,0.13353,0.14231,-0.0044929,-0.15864,14.591,-14.024,-140.95,2.3648,62.735,0.13353,0.14231,-0.0044929,-1.8821,-0.8849,3.4585,-4.0473,1.5961,2.9994,-2.1827,0.7471
4.26,-0.9407,-1.1996,1.9135,-3.0718,0.7704,3.7525,-0.3508,0.0399,0.04,0.033145,0.1154,-0.1789,-1.0648e-05,-0.037297,-1.1679e-06,-0.024826,0.00033078,4.4917e-05,1.8254e-05,-3.7998e-05,-8.1956e-05,-1.5408e-06,-6.6683e-05,2.9104e-07,4.2841e-05,1.0623e-06,-5.7917e-07,-0.15862,14.591,-14.024,-87.0,2.3648,12.0,0.13353,0.14231,-0.0044923,-0.15862,14.591,-14.024,-140.95,2.3648,62.735,0.13353,0.14231,-0.0044923,-1.8821,-0.8849,3.4585,-4.0473,1.5961,2.9994,-2.1827,0.7471
4.28,-0.9407,-1.1996,1.9135,-3.0718,0.7704,3.7525,-0.3508,0.0399,0.04,0.033145,0.1154,-0.17891,-1.063e-05,-0.0373,-1.1642e-06,-0.024824,0.00033077,4.493e-05,1.7881e-05,-1.1921e-05,-2.2352e-05,5.4724e-07,3.7253e-06,6.8685e-07,5.6438e-05,-4.3074e-07,8.6038e-07,-0.15861,14.591,-14.024,-87.0,2.3648,12.0,0.13353,0.14231,-0.0044921,-0.15861,14.591,-14.024,-140.95,2.3648,62.735,0.13353,0.14231,-0.0044921,-1.8821,-0.8849,3.4585,-4.0473,1.5961,2.9994,-2.1827,0.7471
4.3,-0.9407,-1.1996,1.9135,-3.0718,0.7704,3.7525,-0.3508,0.0399,0.04,0.033146,0.1154,-0.17891,-1.0623e-05,-0.037301,-1.1661e-06,-0.024823,0.00033077,4.4934e-05,3.4645e-05,-4.4703e-06,-1.4901e-06,8.3674e-08,2.7567e-05,-8.5856e-07,-4.4703e-06,9.0222e-08,1.2813e-06,-0.15859,14.591,-14.024,-87.0,2.3648,12.0,0.13353,0.14231,-0.0044922,-0.15859,14.591,-14.024,-140.95,2.3648,62.735,0.13353,0.14231,-0.0044922,-1.8821,-0.8849,3.4585,-4.0473,1.5961,2.9994,-2.1827,0.7471
4.32,-0.9407,-1.1996,1.9135,-3.0718,0.7704,3.7525,-0.3508,0.0399,0.04,0.033146,0.1154,-0.17891,-1.063e-05,-0.037299,-1.1552e-06,-0.024821,0.00033078,4.4925e-05,-7.8231e-06,3.1292e-05,0.00010878,2.0648e-06,0.0001166,6.6357e-07,-6.0163e-05,3.5798e-07,-1.2737e-06,-0.15861,14.591,-14.024,-87.0,2.3648,12.0,0.13353,0.14231,-0.0044938,-0.15861,14.591,-14.024,-140.95,2.3648,62.735,0.13353,0.14231,-0.0044938,-1.8821,-0.8849,3.4585,-4.0473,1.5961,2.9994,-2.1826,0.7471
4.34,-0.9407,-1.1996,1.9135,-3.0718,0.7704,3.7525,-0.3508,0.0399,0.04,0.033146,0.1154,-0.1789,-1.0628e-05,-0.037299,-1.1598e-06,-0.024819,0.00033078,4.4926e-05,-1.8254e-05,4.8429e-05,0.0001356,1.6791e-06,2.7195e-05,7.7416e-07,-9.3319e-05,-2.4156e-07,1.5782e-06,-0.15861,14.591,-14.024,-87.0,2.3648,12.0,0.13353,0.14231,-0.004491,-0.15861,14.591,-14.024,-140.95,2.3648,62.735,0.13353,0.14231,-0.004491,-1.8821,-0.8849,3.4585,-4.0473,1.5961,2.9994,-2.1826,0.7471
4.36,-0.9407,-1.1996,1.9135,-3.0718,0.7704,3.7525,-0.3508,0.0399,0.04,0.033146,0.1154,-0.1789,-1.0631e-05,-0.037301,-1.1655e-06,-0.024819,0.00033077,4.4933e-05,-5.9605e-06,-5.2154e-06,-2.2352e-05,1.1451e-06,-5.0664e-05,-9.7789e-07,-0.00011325,-2.6484e-07,7.3887e-07,-0.15862,14.591,-14.024,-87.0,2.3648,12.0,0.13353,0.14231,-0.0044925,-0.15862,14.591,-14.024,-140.95,2.3648,62.735,0.13353,0.14231,-0.0044925,-1.8821,-0.8849,3.4585,-4.0473,1.5961,2.9994,-2.1827,0.7471
4.38,-0.9407,-1.1996,1.9135,-3.0718,0.7704,3.7525,-0.3508,0.0399,0.04,0.033145,0.1154,-0.1789,-1.0618e-05,-0.037301,-1.1552e-06,-0.024824,0.00033078,4.4921e-05,-4.2096e-05,2.9802e-06,-1.0431e-05,1.2932e-06,-4.7684e-05,-4.482e-07,-5.4017e-06,3.2305e-07,-1.115e-06,-0.15865,14.591,-14.024,-87.0,2.3648,12.0,0.13353,0.14231,-0.0044933,-0.15865,14.591,-14.024,-140.95,2.3648,62.735,0.13353,0.14231,-0.0044933,-1.8821,-0.8849,3.4585,-4.0473,1.5961,2.9994,-2.1827,0.7471
4.4,-0.9407,-1.1996,1.9135,-3.0718,0.7704,3.7525,-0.3508,0.0399,0.04,0.033145,0.1154,-0.1789,-1.0645e-05,-0.037303,-1.1575e-06,-0.024825,0.00033079,4.4935e-05,-4.0978e-06,0.0,-4.4703e-05,-3.4415e-06,7.3761e-05,9.6043e-07,4.5449e-05,1.202e-06,1.4628e-06,-0.15863,14.591,-14.024,-87.0,2.3648,12.0,0.13353,0.14231,-0.004492,-0.15863,14.591,-14.024,-140.95,2.3648,62.735,0.13353,0.14231,-0.004492,-1.8821,-0.8849,3.4585,-4.0473,1.5961,2.9994,-2.1827,0.7471
4.42,-0.9407,-1.1996,1.9135,-3.0718,0.7704,3.7525,-0.3508,0.0399,0.04,0.033145,0.1154,-0.1789,-1.0624e-05,-0.0373,-1.1688e-06,-0.024823,0.00033077,4.4935e-05,-4.8429e-06,9.6858e-06,2.3842e-05,-5.7935e-08,0.00015236,-2.4913e-06,5.5879e-07,-1.1467e-06,9.7862e-07,-0.15862,14.591,-14.024,-87.0,2.3648,12.0,0.13353,0.14231,-0.0044925,-0.15862,14.591,-14.024,-140.95,2.3648,62.735,0.13353,0.14231,-0.0044925,-1.8821,-0.8849,3.4585,-4.0473,1.5961,2.9994,-2.1827,0.7471
4.44,-0.9407,-1.1996,1.9135,-3.0718,0.7704,3.7525,-0.3508,0.0399,0.04,0.033145,0.1154,-0.1789,-1.0634e-05,-0.037297,-1.1755e-06,-0.024823,0.00033078,4.4943e-05,4.4703e-06,8.1956e-06,7.3016e-05,3.0968e-07,9.9093e-05,-1.6065e-06,-3.3528e-06,6.9267e-07,1.321e-06,-0.1586,14.591,-14.024,-87.0,2.3648,12.0,0.13353,0.14231,-0.004493,-0.1586,14.591,-14.024,-140.95,2.3648,62.735,0.13353,0.14231,-0.004493,-1.8821,-0.8849,3.4585,-4.0473,1.5961,2.9994,-2.1826,0.7471
4.46,-0.9407,-1.1996,1.9135,-3.0718,0.7704,3.7525,-0.3508,0.0399,0.04,0.033146,0.1154,-0.1789,-1.0638e-05,-0.037301,-1.1559e-06,-0.024818,0.00033077,4.4919e-05,4.5449e-05,-2.6822e-05,-5.5134e-05,1.8194e-06,-5.6997e-05,1.9703e-06,-0.00011176,7.858e-08,-7.8981e-07,-0.15859,14.591,-14.024,-87.0,2.3648,12.0,0.13353,0.14231,-0.0044927,-0.15859,14.591,-14.024,-140.95,2.3648,62.735,0.13353,0.14231,-0.0044927,-1.8821,-0.8849,3.4585,-4.0473,1.5961,2.9994,-2.1826,0.7471
4.48,-0.9407,-1.1996,1.9135,-3.0718,0.7704,3.7525,-0.3508,0.0399,0.04,0.033146,0.1154,-0.1789,-1.0649e-05,-0.037299,-1.1682e-06,-0.02482,0.00033078,4.4938e-05,2.9802e-06,4.2468e-05,9.5367e-05,4.9668e-07,9.9838e-05,-1.1642e-07,-9.2201e-05,3.6671e-07,3.4233e-07,-0.1586,14.591,-14.024,-87.0,2.3648,12.0,0.13353,0.14231,-0.0044935,-0.1586,14.591,-14.024,-140.95,2.3648,62.735,0.13353,0.14231,-0.0044935,-1.8821,-0.8849,3.4585,-4.0473,1.5961,2.9994,-2.1826,0.7471
4.5,-0.9407,-1.1996,1.9135,-3.0718,0.7704,3.7525,-0.3508,0.0399,0.04,0.033146,0.1154,-0.1789,-1.0617e-05,-0.037297,-1.1582e-06,-0.024823,0.00033078,4.4931e-05,4.8429e-06,-2.3097e-05,-1.4901e-06,4.0558e-06,-0.0001464,6.3155e-07,3.9116e-06,9.7498e-07,3.0341e-07,-0.15861,14.591,-14.024,-87.0,2.3648,12.0,0.13353,0.14231,-0.0044928,-0.15861,14.591,-14.024,-140.95,2.3648,62.735,0.13353,0.14231,-0.0044928,-1.8821,-0.8849,3.4585,-4.0473,1.5961,2.9994,-2.1827,0.7471
4.52,-0.9407,-1.1996,1.9135,-3.0718,0.7704,3.7525,-0.3508,0.0399,0.04,0.033145,0.1154,-0.1789,-1.061e-05,-0.037301,-1.1697e-06,-0.024826,0.00033077,4.493e-05,-2.3097e-05,7.4506e-07,-2.3842e-05,-6.9213e-08,-6.929e-05,-1.9179e-06,4.34e-05,-6.6939e-07,-8.24e-07,-0.15864,14.591,-14.024,-87.0,2.3648,12.0,0.13353,0.14231,-0.0044939,-0.15864,14.591,-14.024,-140.95,2.3648,62.735,0.13353,0.14231,-0.0044939,-1.8821,-0.8849,3.4585,-4.0473,1.5961,2.9994,-2.1827,0.7471
4.54,-0.9407,-1.1996,1.9135,-3.0718,0.7704,3.7525,-0.3508,0.0399,0.04,0.033145,0.1154,-0.1789,-1.0636e-05,-0.037302,-1.1511e-06,-0.024825,0.00033077,4.4929e-05,-2.7195e-05,4.4703e-06,-3.4273e-05,5.9081e-07,-2.1607e-05,1.4639e-06,3.5577e-05,1.8335e-07,1.5716e-06,-0.15864,14.591,-14.024,-87.0,2.3648,12.0,0.13353,0.14231,-0.0044914,-0.15864,14.591,-14.024,-140.95,2.3648,62.735,0.13353,0.14231,-0.0044914,-1.8821,-0.8849,3.4585,-4.0473,1.5961,2.9994,-2.1827,0.7471
4.56,-0.9407,-1.1996,1.9135,-3.0718,0.7704,3.7525,-0.3508,0.0399,0.04,0.033144,0.1154,-0.1789,-1.0617e-05,-0.037297,-1.1756e-06,-0.024829,0.00033077,4.4925e-05,-4.9174e-05,-2.0862e-05,-4.1723e-05,2.5558e-06,1.4156e-05,-1.0332e-06,0.00020117,-1.1903e-06,9.0149e-07,-0.15866,14.591,-14.024,-87.0,2.3648,12.0,0.13354,0.14231,-0.0044916,-0.15866,14.591,-14.024,-140.95,2.3648,62.735,0.13354,0.14231,-0.0044916,-1.8821,-0.8849,3.4585,-4.0473,1.5961,2.9994,-2.1827,0.7471
4.58,-0.9407,-1.1996,1.9135,-3.0718,0.7704,3.7525,-0.3508,0.0399,0.04,0.033143,0.1154,-0.1789,-1.0637e-05,-0.0373,-1.16e-06,-0.024826,0.00033078,4.4926e-05,-2.6822e-05,-1.4901e-05,-7.0035e-05,1.1389e-06,-3.688e-05,-8.3528e-07,9.5554e-05,-1.0448e-06,1.8652e-06,-0.15865,14.591,-14.024,-87.0,2.3648,12.0,0.13353,0.14231,-0.0044907,-0.15865,14.591,-14.024,-140.95,2.3648,62.735,0.13353,0.14231,-0.0044907,-1.8821,-0.8849,3.4585,-4.0473,1.5961,2.9994,-2.1827,0.7471
4.6,-0.9407,-1.1996,1.9135,-3.0718,0.7704,3.7525,-0.3508,0.0399,0.04,0.033144,0.1154,-0.17891,-1.0621e-05,-0.037299,-1.1582e-06,-0.024825,0.00033076,4.4921e-05,4.6194e-05,-1.8626e-05,-5.5134e-05,1.7099e-08,4.1351e-05,9.3132e-08,5.5321e-05,-2.372e-06,6.4683e-07,-0.1586,14.591,-14.024,-87.0,2.3648,12.0,0.13353,0.14231,-0.0044915,-0.1586,14.591,-14.024,-140.95,2.3648,62.735,0.13353,0.14231,-0.0044915,-1.8821,-0.8849,3.4585,-4.0473,1.5961,2.9994,-2.1827,0.7471
4.62,-0.9407,-1.1996,1.9135,-3.0718,0.7704,3.7525,-0.3508,0.0399,0.04,0.033145,0.1154,-0.17891,-1.0613e-05,-0.037301,-1.1563e-06,-0.024824,0.00033078,4.4919e-05,3.1292e-05,1.9372e-05,0.0,2.388e-06,2.6077e-06,3.085e-07,7.4506e-07,6.3446e-07,-3.3142e-07,-0.15859,14.591,-14.024,-87.0,2.3648,12.0,0.13353,0.14231,-0.0044923,-0.15859,14.591,-14.024,-140.95,2.3648,62.735,0.13353,0.14231,-0.0044923,-1.8821,-0.8849,3.4585,-4.0473,1.5961,2.9994,-2.1827,0.7471
4.64,-0.9407,-1.1996,1.9135,-3.0718,0.7704,3.7525,-0.3508,0.0399,0.04,0.033146,0.1154,-0.17891,-1.0641e-05,-0.037296,-1.1688e-06,-0.024821,0.00033077,4.4936e-05,6.5193e-05,1.2666e-05,1.3411e-05,-2.6147e-06,8.9407e-05,-9.5752e-07,-4.8615e-05,-8.5565e-07,1.1561e-06,-0.15857,14.591,-14.024,-87.0,2.3648,12.0,0.13353,0.14231,-0.0044924,-0.15857,14.591,-14.024,-140.95,2.3648,62.735,0.13353,0.14231,-0.0044924,-1.8821,-0.8849,3.4585,-4.0473,1.5961,2.9994,-2.1827,0.7471
4.66,-0.9407,-1.1996,1.9135,-3.0718,0.7704,3.7525,-0.3508,0.0399,0.04,0.033146,0.1154,-0.1789,-1.0659e-05,-0.0373,-1.1712e-06,-0.024822,0.00033078,4.4935e-05,-1.8626e-06,1.1921e-05,0.0001058,5.0159e-07,1.4901e-06,-2.1508e-06,-4.8988e-05,1.3388e-07,-1.8263e-07,-0.1586,14.591,-14.024,-87.0,2.3648,12.0,0.13353,0.14231,-0.0044937,-0.1586,14.591,-14.024,-140.95,2.3648,62.735,0.13353,0.14231,-0.0044937,-1.8821,-0.8849,3.4585,-4.0473,1.5961,2.9994,-2.1826,0.7471
4.68,-0.9407,-1.1996,1.9135,-3.0718,0.7704,3.7525,-0.3508,0.0399,0.04,0.033146,0.1154,-0.1789,-1.0645e-05,-0.037301,-1.1542e-06,-0.024817,0.00033079,4.4926e-05,-1.1176e-05,3.4273e-05,0.0001058,4.5657e-07,-1.4901e-06,6.6648e-07,-8.8103e-05,1.3388e-06,-1.2024e-06,-0.15861,14.591,-14.024,-87.0,2.3648,12.0,0.13353,0.14231,-0.0044938,-0.15861,14.591,-14.024,-140.95,2.3648,62.735,0.13353,0.14231,-0.0044938,-1.8821,-0.8849,3.4585,-4.0473,1.5961,2.9994,-2.1826,0.7471
4.7,-0.9407,-1.1996,1.9135,-3.0718,0.7704,3.7525,-0.3508,0.0399,0.04,0.033146,0.1154,-0.1789,-1.0636e-05,-0.037302,-1.1617e-06,-0.024819,0.00033076,4.4939e-05,-2.2352e-06,-1.7881e-05,0.0,1.0708e-06,-4.0978e-05,-2.3283e-07,-0.00010021,-2.0838e-06,4.8894e-07,-0.15862,14.591,-14.024,-87.0,2.3648,12.0,0.13353,0.14231,-0.0044934,-0.15862,14.591,-14.024,-140.95,2.3648,62.735,0.13353,0.14231,-0.0044934,-1.8821,-0.8849,3.4585,-4.0473,1.5961,2.9994,-2.1826,0.7471
4.72,-0.9407,-1.1996,1.9135,-3.0718,0.7704,3.7525,-0.3508,0.0399,0.04,0.033145,0.1154,-0.1789,-1.0634e-05,-0.037301,-1.1466e-06,-0.024822,0.00033077,4.4931e-05,-3.1292e-05,-9.6858e-06,1.4901e-06,-9.1359e-07,9.9093e-05,5.2096e-07,-1.8626e-06,-1.1438e-06,-2.7248e-07,-0.15865,14.591,-14.024,-87.0,2.3648,12.0,0.13353,0.14231,-0.0044934,-0.15865,14.591,-14.024,-140.95,2.3648,62.735,0.13353,0.14231,-0.0044934,-1.8821,-0.8849,3.4585,-4.0473,1.5961,2.9994,-2.1827,0.7471
4.74,-0.9407,-1.1996,1.9135,-3.0718,0.7704,3.7525,-0.3508,0.0399,0.04,0.033145,0.1154,-0.1789,-1.0641e-05,-0.0373,-1.1519e-06,-0.024824,0.00033078,4.4931e-05,-2.8685e-05,-7.4506e-07,-5.0664e-05,-1.5812e-06,-9.6858e-06,7.1886e-07,-1.1176e-05,9.0222e-07,6.6211e-08,-0.15865,14.591,-14.024,-87.0,2.3648,12.0,0.13353,0.14231,-0.004493,-0.15865,14.591,-14.024,-140.95,2.3648,62.735,0.13353,0.14231,-0.004493,-1.8821,-0.8849,3.4585,-4.0473,1.5961,2.9994,-2.1827,0.7471
4.76,-0.9407,-1.1996,1.9135,-3.0718,0.7704,3.7525,-0.3508,0.0399,0.04,0.033144,0.1154,-0.1789,-1.0631e-05,-0.037297,-1.1838e-06,-0.024827,0.00033078,4.493e-05,-1.4901e-06,-2.5332e-05,-6.1095e-05,-1.5561e-06,4.0978e-06,-2.7765e-06,0.00014678,-3.4925e-08,2.532e-07,-0.15863,14.591,-14.024,-87.0,2.3648,12.0,0.13353,0.14231,-0.0044927,-0.15863,14.591,-14.024,-140.95,2.3648,62.735,0.13353,0.14231,-0.0044927,-1.8821,-0.8849,3.4585,-4.0473,1.5961,2.9994,-2.1827,0.7471
4.78,-0.9407,-1.1996,1.9135,-3.0718,0.7704,3.7525,-0.3508,0.0399,0.04,0.033144,0.1154,-0.1789,-1.0646e-05,-0.037299,-1.1657e-06,-0.024827,0.00033078,4.4916e-05,2.6077e-06,-2.0862e-05,-8.0466e-05,-3.2715e-07,-0.0001315,-1.2777e-06,0.00015125,-4.0163e-07,-1.5352e-07,-0.15863,14.591,-14.024,-87.0,2.3648,12.0,0.13353,0.14231,-0.0044918,-0.15863,14.591,-14.024,-140.95,2.3648,62.735,0.13353,0.14231,-0.0044918,-1.8821,-0.8849,3.4585,-4.0473,1.5961,2.9994,-2.1827,0.7471
4.8,-0.9407,-1.1996,1.9135,-3.0718,0.7704,3.7525,-0.3508,0.0399,0.04,0.033144,0.1154,-0.1789,-1.0645e-05,-0.037298,-1.1597e-06,-0.024825,0.00033078,4.4921e-05,1.8626e-06,1.1176e-05,1.3411e-05,-9.8917e-07,-3.4645e-05,4.1036e-07,6.7055e-05,1.3795e-06,-1.5272e-06,-0.15861,14.591,-14.024,-87.0,2.3648,12.0,0.13353,0.14231,-0.0044937,-0.15861,14.591,-14.024,-140.95,2.3648,62.735,0.13353,0.14231,-0.0044937,-1.8821,-0.8849,3.4585,-4.0473,1.5961,2.9994,-2.1827,0.7471
4.82,-0.9407,-1.1996,1.9135,-3.0718,0.7704,3.7525,-0.3508,0.0399,0.04,0.033145,0.1154,-0.1789,-1.0641e-05,-0.037299,-1.1604e-06,-0.024823,0.00033077,4.4927e-05,3.6135e-05,-4.4703e-06,1.7881e-05,1.1971e-06,5.9605e-05,1.2224e-07,1.1176e-06,-1.4377e-06,-3.9545e-07,-0.15859,14.591,-14.024,-87.0,2.3648,12.0,0.13353,0.14231,-0.0044931,-0.15859,14.591,-14.024,-140.95,2.3648,62.735,0.13353,0.14231,-0.0044931,-1.8821,-0.8849,3.4585,-4.0473,1.5961,2.9994,-2.1827,0.7471
4.84,-0.9407,-1.1996,1.9135,-3.0718,0.7704,3.7525,-0.3508,0.0399,0.04,0.033145,0.1154,-0.1789,-1.0635e-05,-0.037299,-1.1603e-06,-0.024823,0.00033078,4.4939e-05,1.0058e-05,2.7567e-05,7.0035e-05,3.5061e-07,2.8685e-05,3.085e-07,1.8626e-07,-3.7253e-07,2.7394e-07,-0.1586,14.591,-14.024,-87.0,2.3648,12.0,0.13353,0.14231,-0.0044936,-0.1586,14.591,-14.024,-140.95,2.3648,62.735,0.13353,0.14231,-0.0044936,-1.8821,-0.8849,3.4585,-4.0473,1.5961,2.9994,-2.1827,0.7471
4.86,-0.9407,-1.1996,1.9135,-3.0718,0.7704,3.7525,-0.3508,0.0399,0.04,0.033145,0.1154,-0.1789,-1.0631e-05,-0.037301,-1.1504e-06,-0.02482,0.00033078,4.4927e-05,-2.0489e-05,3.9488e-05,0.00012964,2.2229e-06,1.0431e-05,1.4174e-06,-9.4622e-05,7.276e-08,9.3642e-07,-0.15861,14.591,-14.024,-87.0,2.3648,12.0,0.13353,0.14231,-0.0044917,-0.15861,14.591,-14.024,-140.95,2.3648,62.735,0.13353,0.14231,-0.0044917,-1.8821,-0.8849,3.4585,-4.0473,1.5961,2.9994,-2.1826,0.7471
4.88,-0.9407,-1.1996,1.9135,-3.0718,0.7704,3.7525,-0.3508,0.0399,0.04,0.033145,0.1154,-0.1789,-1.0624e-05,-0.037305,-1.1701e-06,-0.02482,0.00033077,4.4926e-05,-1.1176e-05,1.6391e-05,4.4703e-06,3.635e-06,3.5018e-05,-2.8173e-06,-0.00011809,-7.5961e-07,-6.2137e-07,-0.15863,14.591,-14.024,-87.0,2.3648,12.0,0.13353,0.14231,-0.0044933,-0.15863,14.591,-14.024,-140.95,2.3648,62.735,0.13353,0.14231,-0.0044933,-1.8821,-0.8849,3.4585,-4.0473,1.5961,2.9994,-2.1827,0.7471
4.9,-0.9407,-1.1996,1.9135,-3.0718,0.7704,3.7525,-0.3508,0.0399,0.04,0.033145,0.1154,-0.1789,-1.0631e-05,-0.037302,-1.1641e-06,-0.024823,0.00033077,4.4917e-05,-1.6391e-05,-2.2352e-06,1.4901e-06,1.4974e-06,7.8604e-05,9.4587e-07,3.7253e-06,1.4552e-07,-2.5266e-06,-0.15863,14.591,-14.024,-87.0,2.3648,12.0,0.13353,0.14231,-0.0044942,-0.15863,14.591,-14.024,-140.95,2.3648,62.735,0.13353,0.14231,-0.0044942,-1.8821,-0.8849,3.4585,-4.0473,1.5961,2.9994,-2.1827,0.7471
4.92,-0.9407,-1.1996,1.9135,-3.0718,0.7704,3.7525,-0.3508,0.0399,0.04,0.033145,0.1154,-0.1789,-1.0626e-05,-0.037301,-1.1699e-06,-0.024825,0.00033077,4.4922e-05,8.9407e-06,-1.7136e-05,-7.0035e-05,-1.7232e-06,-2.6077e-05,-2.7649e-07,5.0478e-05,1.5425e-07,-7.0904e-07,-0.15862,14.591,-14.024,-87.0,2.3648,12.0,0.13353,0.14231,-0.0044929,-0.15862,14.591,-14.024,-140.95,2.3648,62.735,0.13353,0.14231,-0.0044929,-1.8821,-0.8849,3.4585,-4.0473,1.5961,2.9994,-2.1827,0.7471
4.94,-0.9407,-1.1996,1.9135,-3.0718,0.7704,3.7525,-0.3508,0.0399,0.04,0.033145,0.1154,-0.1789,-1.0656e-05,-0.037301,-1.1556e-06,-0.024826,0.00033078,4.4923e-05,2.8685e-05,-1.4901e-05,-9.8348e-05,-2.1982e-06,-2.2352e-06,7.276e-08,5.5507e-05,5.8499e-07,3.4233e-07,-0.15861,14.591,-14.024,-87.0,2.3648,12.0,0.13353,0.14231,-0.004492,-0.15861,14.591,-14.024,-140.95,2.3648,62.735,0.13353,0.14231,-0.004492,-1.8821,-0.8849,3.4585,-4.0473,1.5961,2.9994,-2.1827,0.7471
4.96,-0.9407,-1.1996,1.9135,-3.0718,0.7704,3.7525,-0.3508,0.0399,0.04,0.033146,0.1154,-0.17891,-1.0631e-05,-0.037298,-1.1555e-06,-0.024825,0.00033077,4.4935e-05,3.092e-05,1.4901e-06,-1.3411e-05,-1.0647e-06,5.2899e-05,7.1886e-07,5.6438e-05,-8.6438e-07,1.7761e-06,-0.1586,14.591,-14.024,-87.0,2.3648,12.0,0.13353,0.14231,-0.0044917,-0.1586,14.591,-14.024,-140.95,2.3648,62.735,0.13353,0.14231,-0.0044917,-1.8821,-0.8849,3.4585,-4.0473,1.5961,2.9994,-2.1827,0.7471
4.98,-0.9407,-1.1996,1.9135,-3.0718,0.7704,3.7525,-0.3508,0.0399,0.04,0.033146,0.1154,-0.1789,-1.0638e-05,-0.037296,-1.1726e-06,-0.024824,0.00033077,4.4927e-05,1.4529e-05,1.1176e-05,1.0431e-05,3.2542e-07,-5.3644e-05,-1.8859e-06,6.1281e-05,-5.1514e-07,1.1543e-06,-0.1586,14.591,-14.024,-87.0,2.3648,12.0,0.13353,0.14231,-0.0044916,-0.1586,14.591,-14.024,-140.95,2.3648,62.735,0.13353,0.14231,-0.0044916,-1.8821,-0.8849,3.4585,-4.0473,1.5961,2.9994,-2.1826,0.7471
5.0,-0.9407,-1.1996,1.9135,-3.0718,0.7704,3.7525,-0.3508,0.0399,0.04,0.033146,0.1154,-0.1789,-1.0637e-05,-0.037298,-1.163e-06,-0.024819,0.00033079,4.4936e-05,-3.241e-05,9.6858e-06,0.00010431,-1.4545e-06,2.5705e-05,7.7125e-07,-0.00010822,1.2311e-06,2.0143e-06,-0.15862,14.591,-14.024,-87.0,2.3648,12.0,0.13353,0.14231,-0.0044916,-0.15862,14.591,-14.024,-140.95,2.3648,62.735,0.13353,0.14231,-0.0044916,-1.8821,-0.8849,3.4585,-4.0473,1.5961,2.9994,-2.1827,0.7471
5.02,0.0,-0.569,0.0,-2.81,0.0,3.037,0.741,0.04,0.04,0.0,0.0,0.0,0.0,0.0,0.0,0.0,0.0,0.0,0.0,0.0,0.0,0.0,0.0,0.0,0.0,0.0,0.0,-75.2855,-35.3977,87.0,-87.0,12.0,12.0,-12.0,0.0,0.0,-75.2855,-35.3977,138.3416,-161.8916,63.8443,119.9743,-87.306,0.0,0.0,,,,,,,,
