Timestep,joint_pos_J1,joint_pos_J2,joint_pos_J3,joint_pos_J4,joint_pos_J5,joint_pos_J6,joint_pos_J7,joint_pos_J8,joint_pos_J9,joint_vel_J1,joint_vel_J2,joint_vel_J3,joint_vel_J4,joint_vel_J5,joint_vel_J6,joint_vel_J7,joint_vel_J8,joint_vel_J9,joint_acc_J1,joint_acc_J2,joint_acc_J3,joint_acc_J4,joint_acc_J5,joint_acc_J6,joint_acc_J7,joint_acc_J8,joint_acc_J9,joint_applied_torque_J1,joint_applied_torque_J2,joint_applied_torque_J3,joint_applied_torque_J4,joint_applied_torque_J5,joint_applied_torque_J6,joint_applied_torque_J7,joint_applied_torque_J8,joint_applied_torque_J9,joint_computed_torque_J1,joint_computed_torque_J2,joint_computed_torque_J3,joint_computed_torque_J4,joint_computed_torque_J5,joint_computed_torque_J6,joint_computed_torque_J7,joint_computed_torque_J8,joint_computed_torque_J9,joint_effort_limits_J1,joint_effort_limits_J2,joint_effort_limits_J3,joint_effort_limits_J4,joint_effort_limits_J5,joint_effort_limits_J6,joint_effort_limits_J7,joint_effort_limits_J8,joint_effort_limits_J9,joint_effort_target_J1,joint_effort_target_J2,joint_effort_target_J3,joint_effort_target_J4,joint_effort_target_J5,joint_effort_target_J6,joint_effort_target_J7,joint_effort_target_J8,joint_effort_target_J9
0,0.021235,-0.559573,-0.037263,-2.826768,-0.051601,3.060515,0.793173,0.039963,0.040000,0.557532,0.612698,-1.716279,-1.282275,-2.610002,0.551976,2.573857,-0.001756,0.000503,-37.122387,27.117134,-1.374590,-65.216240,0.000048,-7.018268,-0.200748,0.113726,0.034040,-15.860176,48.000000,-48.000000,-48.000000,-12.000000,-3.979551,12.000000,0.328446,-0.016230,-15.860176,95.321991,-112.093185,-68.347610,-54.559868,-3.979551,23.771830,0.328446,-0.016230,48.000000,48.000000,48.000000,48.000000,12.000000,12.000000,12.000000,200.000000,200.000000,0.000000,0.000000,0.000000,0.000000,0.000000,0.000000,0.000000,0.000000,0.000000
1,0.031157,-0.536592,-0.078647,-2.866509,-0.103575,3.095243,0.845379,0.039978,0.040000,-0.023015,1.499290,-1.837178,-2.170238,-2.610002,1.209969,2.594900,0.000940,0.000605,-35.626835,50.935966,-1.193070,-11.452341,-19.917416,-68.310966,-1.510072,0.066714,0.079464,-11.872995,48.000000,-48.000000,-47.488659,-12.000000,-5.669504,12.000000,0.042490,0.022816,-11.872995,66.458710,-107.475899,-47.488659,-26.131927,-5.669504,16.401283,0.042490,0.022816,48.000000,48.000000,48.000000,48.000000,12.000000,12.000000,12.000000,200.000000,200.000000,0.000000,0.000000,0.000000,0.000000,0.000000,0.000000,0.000000,0.000000,0.000000
2,0.036310,-0.495727,-0.122123,-2.909641,-0.155233,3.107361,0.897549,0.040000,0.039962,0.323474,2.174373,-2.174887,-2.174078,-2.473685,0.125042,2.601788,0.005685,-0.002045,0.647429,1.534986,-0.073719,-7.373929,0.829887,-84.601067,2.850485,0.060126,-0.069999,4.275873,46.760403,-48.000000,-11.853164,-12.000000,-3.756875,12.000000,-0.508371,0.168210,4.275873,46.760403,-100.080093,-11.853164,-25.344936,-3.756875,20.124535,-0.508371,0.168210,48.000000,48.000000,48.000000,48.000000,12.000000,12.000000,12.000000,200.000000,200.000000,0.000000,0.000000,0.000000,0.000000,0.000000,0.000000,0.000000,0.000000,0.000000
3,0.048041,-0.452136,-0.165677,-2.952041,-0.203157,3.100479,0.949010,0.040000,0.039870,0.937093,2.174998,-2.175002,-2.049093,-2.058703,-0.122861,2.483554,0.007120,-0.003697,24.892599,0.000095,0.000024,5.356789,-12.771726,-1.588456,7.930112,0.034309,0.072581,15.009876,28.767746,-48.000000,13.802338,-12.000000,2.007819,12.000000,-0.677650,0.616419,15.009876,28.767746,-89.601456,13.802338,-36.205406,2.007819,30.806694,-0.677650,0.616419,48.000000,48.000000,48.000000,48.000000,12.000000,12.000000,12.000000,200.000000,200.000000,0.000000,0.000000,0.000000,0.000000,0.000000,0.000000,0.000000,0.000000,0.000000
4,0.067201,-0.408505,-0.209233,-2.991115,-0.254806,3.097322,1.001207,0.040000,0.039838,1.107137,2.175003,-2.175001,-1.746528,-2.591399,0.063002,2.606297,0.003713,-0.000750,11.478233,0.000238,0.000048,15.309298,-2.483773,4.341950,0.010562,-0.207211,0.125118,6.796155,17.294163,-48.000000,25.805309,-12.000000,3.730818,12.000000,-0.578558,0.507444,6.796155,17.294163,-86.563705,25.805309,-40.600784,3.730818,31.324371,-0.578558,0.507444,48.000000,48.000000,48.000000,48.000000,12.000000,12.000000,12.000000,200.000000,200.000000,0.000000,0.000000,0.000000,0.000000,0.000000,0.000000,0.000000,0.000000,0.000000
5,0.089782,-0.364853,-0.252774,-3.021960,-0.306621,3.096861,1.053408,0.040000,0.039849,1.192085,2.175005,-2.175002,-1.220554,-2.587987,0.141104,2.605734,0.002662,0.000636,3.690267,0.000095,0.000048,26.844227,-0.046253,2.100096,0.014329,-0.038409,0.036256,1.486982,8.656189,-48.000000,35.528168,-12.000000,4.536718,12.000000,-0.304639,0.289907,1.486982,8.656189,-83.671021,35.528168,-41.606327,4.536718,30.791702,-0.304639,0.289907,48.000000,48.000000,48.000000,48.000000,12.000000,12.000000,12.000000,200.000000,200.000000,0.000000,0.000000,0.000000,0.000000,0.000000,0.000000,0.000000,0.000000,0.000000
6,0.115122,-0.321183,-0.296329,-3.040568,-0.358385,3.099744,1.105609,0.040000,0.039864,1.357922,2.175013,-2.175001,-0.533372,-2.585430,0.308258,2.605355,0.001769,0.001009,7.368648,0.000381,0.000048,34.749889,-0.150871,3.216296,0.035095,-0.052583,0.049625,1.422898,4.068645,-48.000000,41.568069,-12.000000,5.233663,12.000000,-0.229441,0.241522,1.422898,4.068645,-76.571434,41.568069,-43.249619,5.233663,31.786795,-0.229441,0.241522,48.000000,48.000000,48.000000,48.000000,12.000000,12.000000,12.000000,200.000000,200.000000,0.000000,0.000000,0.000000,0.000000,0.000000,0.000000,0.000000,0.000000,0.000000
7,0.145681,-0.277523,-0.339893,-3.044718,-0.410186,3.101673,1.157809,0.040000,0.039882,1.673043,2.175020,-2.175003,0.192977,-2.586318,0.186759,2.605597,0.000864,0.001013,13.317251,0.000358,-0.000119,34.772648,-0.115466,1.725896,0.029945,-0.048928,0.038859,2.925436,4.736359,-48.000000,40.420994,-12.000000,4.904715,12.000000,-0.135310,0.195506,2.925436,4.736359,-66.365204,40.420994,-43.684635,4.904715,33.375843,-0.135310,0.195506,48.000000,48.000000,48.000000,48.000000,12.000000,12.000000,12.000000,200.000000,200.000000,0.000000,0.000000,0.000000,0.000000,0.000000,0.000000,0.000000,0.000000,0.000000
8,0.182460,-0.233904,-0.383452,-3.035815,-0.462103,3.096605,1.210011,0.040000,0.039909,1.951346,2.175026,-2.175001,0.745044,-2.591765,-0.206867,2.606669,0.000330,0.001111,10.013950,0.000548,-0.000024,24.170452,-0.011945,3.095900,0.011301,-0.020332,0.015137,2.261807,6.955155,-48.000000,31.181011,-12.000000,3.624356,12.000000,-0.053320,0.112564,2.261807,6.955155,-55.938934,31.181011,-41.402390,3.624356,33.979630,-0.053320,0.112564,48.000000,48.000000,48.000000,48.000000,12.000000,12.000000,12.000000,200.000000,200.000000,0.000000,0.000000,0.000000,0.000000,0.000000,0.000000,0.000000,0.000000,0.000000
9,0.222061,-0.190332,-0.426996,-3.018582,-0.514139,3.083598,1.262213,0.039998,0.039951,1.971372,2.175024,-2.175002,1.025213,-2.598597,-0.572518,2.608024,0.000634,0.001296,-2.875841,0.000572,-0.000024,10.263151,0.045776,8.091277,-0.001121,0.013327,-0.007210,-1.030881,6.917655,-47.923134,20.346367,-12.000000,2.273165,12.000000,-0.044259,-0.001226,-1.030881,6.917655,-47.923134,20.346367,-36.500938,2.273165,32.123180,-0.044259,-0.001226,48.000000,48.000000,48.000000,48.000000,12.000000,12.000000,12.000000,200.000000,200.000000,0.000000,0.000000,0.000000,0.000000,0.000000,0.000000,0.000000,0.000000,0.000000
10,0.260790,-0.146778,-0.470538,-2.997565,-0.566216,3.067092,1.314415,0.039998,0.039990,1.874131,2.175018,-2.175000,1.137395,-2.602064,-0.668110,2.608694,0.000863,0.001107,-7.511890,-0.000215,0.000119,2.909970,0.005770,13.600004,0.003386,0.025839,-0.004869,-2.636631,4.886830,-39.617325,14.664072,-12.000000,1.758980,12.000000,-0.051666,-0.060871,-2.636631,4.886830,-39.617325,14.664072,-32.074276,1.758980,29.349371,-0.051666,-0.060871,48.000000,48.000000,48.000000,48.000000,12.000000,12.000000,12.000000,200.000000,200.000000,0.000000,0.000000,0.000000,0.000000,0.000000,0.000000,0.000000,0.000000,0.000000
11,0.297701,-0.103225,-0.514081,-2.974893,-0.618294,3.051030,1.366618,0.040000,0.040000,1.781455,2.175014,-2.175004,1.197363,-2.603064,-0.605222,2.608825,0.001196,0.000832,-6.945956,-0.000262,-0.000215,0.992882,-0.035501,15.449184,0.007749,0.013439,0.009121,-2.696668,3.534729,-29.690098,12.957418,-12.000000,1.672145,12.000000,-0.106162,-0.074096,-2.696668,3.534729,-29.690098,12.957418,-29.411644,1.672145,26.930809,-0.106162,-0.074096,48.000000,48.000000,48.000000,48.000000,12.000000,12.000000,12.000000,200.000000,200.000000,0.000000,0.000000,0.000000,0.000000,0.000000,0.000000,0.000000,0.000000,0.000000
12,0.332853,-0.059672,-0.557624,-2.951180,-0.670380,3.036351,1.418820,0.040000,0.040000,1.695331,2.175004,-2.175003,1.241911,-2.603634,-0.539787,2.608804,0.001568,0.001244,-6.538200,-0.000358,-0.000262,0.346088,-0.035238,14.516247,0.002217,0.018590,0.020743,-2.668252,3.881602,-18.501438,12.150766,-12.000000,1.553599,12.000000,-0.138165,-0.103652,-2.668252,3.881602,-18.501438,12.150766,-27.577063,1.553599,24.563137,-0.138165,-0.103652,48.000000,48.000000,48.000000,48.000000,12.000000,12.000000,12.000000,200.000000,200.000000,0.000000,0.000000,0.000000,0.000000,0.000000,0.000000,0.000000,0.000000,0.000000
13,0.366069,-0.016116,-0.601160,-2.926821,-0.722473,3.023877,1.471022,0.040000,0.040000,1.590977,2.174999,-2.175001,1.266417,-2.604299,-0.427976,2.608727,0.001791,0.001450,-7.023585,-0.000167,0.000048,-0.259209,-0.045276,13.500607,-0.003338,0.013206,0.007356,-3.085519,5.787722,-6.314747,11.451101,-12.000000,1.440961,12.000000,-0.165934,-0.137602,-3.085519,5.787722,-6.314747,11.451101,-25.638325,1.440961,21.642195,-0.165934,-0.137602,48.000000,48.000000,48.000000,48.000000,12.000000,12.000000,12.000000,200.000000,200.000000,0.000000,0.000000,0.000000,0.000000,0.000000,0.000000,0.000000,0.000000,0.000000
14,0.377310,0.027439,-0.622654,-2.901731,-0.774543,3.013041,1.523223,0.040000,0.040000,0.315898,2.175004,-0.792784,1.316411,-2.603256,-0.366927,2.608882,0.001845,0.001826,-13.508996,0.000072,17.773426,1.713181,-0.034571,10.891783,0.014210,-0.059046,0.022531,0.806146,9.308497,1.178596,11.279421,-12.000000,1.656093,12.000000,-0.243584,-0.160117,0.806146,9.308497,1.178596,11.279421,-23.502266,1.656093,17.989618,-0.243584,-0.160117,48.000000,48.000000,48.000000,48.000000,12.000000,12.000000,12.000000,200.000000,200.000000,0.000000,0.000000,0.000000,0.000000,0.000000,0.000000,0.000000,0.000000,0.000000
15,0.373652,0.070991,-0.626077,-2.874570,-0.826593,3.003205,1.575424,0.040000,0.040000,-0.176845,2.175003,-0.106208,1.451590,-2.602579,-0.319517,2.609071,0.001691,0.000966,3.941765,-0.000024,4.293343,5.298603,-0.048995,10.417933,0.016427,-0.000276,-0.002283,2.990208,11.527038,2.701223,13.366785,-12.000000,1.937150,12.000000,-0.169336,-0.098857,2.990208,11.527038,2.701223,13.366785,-19.191784,1.937150,14.937469,-0.169336,-0.098857,48.000000,48.000000,48.000000,48.000000,12.000000,12.000000,12.000000,200.000000,200.000000,0.000000,0.000000,0.000000,0.000000,0.000000,0.000000,0.000000,0.000000,0.000000
16,0.349099,0.114544,-0.605335,-2.844354,-0.878720,2.987103,1.627625,0.040000,0.040000,-1.130839,2.175004,0.932049,1.571161,-2.604696,-0.697335,2.608755,0.002211,0.002061,20.704222,0.000095,-20.544779,1.945531,0.085878,9.035897,-0.013757,0.067290,0.048871,-0.906356,12.412299,-1.276333,10.153175,-12.000000,1.012809,8.194829,-0.153800,-0.157271,-0.906356,12.412299,-1.276333,10.153175,-12.835498,1.012809,8.194829,-0.153800,-0.157271,48.000000,48.000000,48.000000,48.000000,12.000000,12.000000,12.000000,200.000000,200.000000,0.000000,0.000000,0.000000,0.000000,0.000000,0.000000,0.000000,0.000000,0.000000
17,0.308788,0.158132,-0.568473,-2.812021,-0.930680,2.962306,1.679107,0.040000,0.040000,-1.904015,2.175006,1.633488,1.637404,-2.602657,-1.082730,2.355299,0.001903,0.002472,20.507288,0.000238,-28.909481,-1.768422,0.460458,15.293145,-25.294327,0.071607,0.056348,-6.097079,5.227080,-5.592179,7.424314,-1.494118,0.455874,0.909966,-0.118689,-0.190820,-6.097079,5.227080,-5.592179,7.424314,-1.494118,0.455874,0.909966,-0.118689,-0.190820,48.000000,48.000000,48.000000,48.000000,12.000000,12.000000,12.000000,200.000000,200.000000,0.000000,0.000000,0.000000,0.000000,0.000000,0.000000,0.000000,0.000000,0.000000
18,0.266292,0.200418,-0.528450,-2.784408,-0.932856,2.942754,1.704902,0.035918,0.036596,-2.102743,2.028805,2.003428,1.374133,0.426972,-1.328174,1.163206,-0.196290,-0.178171,1.324892,-4.398537,5.957234,-2.972817,24.137779,5.241323,-16.115356,0.164425,1.982784,-14.469512,-8.750463,-6.068783,6.953676,2.179895,0.254212,0.183196,-56.102528,-56.099922,-14.469512,-8.750463,-6.068783,6.953676,2.179895,0.254212,0.183196,-56.102528,-56.099922,48.000000,48.000000,48.000000,48.000000,12.000000,12.000000,12.000000,200.000000,200.000000,0.000000,0.000000,0.000000,0.000000,0.000000,0.000000,0.000000,0.000000,0.000000
19,0.224738,0.235534,-0.491196,-2.755487,-0.895091,2.944528,1.652925,0.033740,0.034895,-2.041343,1.456582,1.705178,1.725006,0.726969,0.641825,-2.538801,0.020733,-0.017049,0.672197,-39.635921,0.022733,17.555977,-27.809811,-13.808876,3.717065,5.498884,-11.991234,-42.811661,-48.000000,-14.253149,48.000000,12.000000,1.849749,-11.089489,-64.963531,-81.107422,-42.811661,-83.101326,-14.253149,50.000526,56.925678,1.849749,-11.089489,-64.963531,-81.107422,48.000000,48.000000,48.000000,48.000000,12.000000,12.000000,12.000000,200.000000,200.000000,0.000000,0.000000,0.000000,0.000000,0.000000,0.000000,0.000000,0.000000,0.000000
20,0.184637,0.261256,-0.464145,-2.719011,-0.856752,2.978794,1.600727,0.033003,0.033246,-1.986427,1.184321,0.914111,2.076527,1.229442,2.257419,-2.606558,-0.023876,-0.052462,-1.707077,-12.432587,-28.578217,34.546875,-23.138977,-0.232100,-7.713413,-17.759239,-25.260908,-48.000000,-48.000000,-25.735092,48.000000,12.000000,3.524671,-12.000000,-82.287437,-87.712021,-48.388451,-95.238106,-25.735092,73.333549,48.629871,3.524671,-12.465466,-82.287437,-87.712021,48.000000,48.000000,48.000000,48.000000,12.000000,12.000000,12.000000,200.000000,200.000000,0.000000,0.000000,0.000000,0.000000,0.000000,0.000000,0.000000,0.000000,0.000000
21,0.148341,0.282113,-0.457993,-2.675908,-0.815503,3.031195,1.548556,0.030534,0.032043,-1.035716,0.939313,-0.997553,2.168302,1.590106,2.610003,-2.609992,-0.116245,0.013319,-23.026449,-18.014980,-18.192028,0.053644,24.448036,0.041151,0.000954,3.851794,-0.646196,-48.000000,-48.000000,-35.152424,48.000000,12.000000,12.000000,-12.000000,-48.116180,-67.236572,-61.634922,-125.677048,-35.152424,102.402016,72.342407,19.270689,-12.276077,-48.116180,-67.236572,48.000000,48.000000,48.000000,48.000000,12.000000,12.000000,12.000000,200.000000,200.000000,0.000000,0.000000,0.000000,0.000000,0.000000,0.000000,0.000000,0.000000,0.000000
22,0.104275,0.294919,-0.447321,-2.632575,-0.765753,3.080047,1.496457,0.030061,0.031293,-2.175001,0.470724,0.642408,2.168696,2.469887,2.300302,-2.568324,0.073678,0.124593,0.000215,-18.050650,17.730927,-0.526381,0.440669,5.680418,1.142955,7.468122,15.413361,-32.044014,-48.000000,5.275410,48.000000,12.000000,12.000000,-12.000000,-59.869659,-59.887749,-32.044014,-131.893326,5.275410,101.265640,82.203346,37.387421,-37.747505,-59.869659,-59.887749,48.000000,48.000000,48.000000,48.000000,12.000000,12.000000,12.000000,200.000000,200.000000,0.000000,0.000000,0.000000,0.000000,0.000000,0.000000,0.000000,0.000000,0.000000
23,0.059664,0.300637,-0.428047,-2.589225,-0.715923,3.128469,1.444268,0.030140,0.031248,-2.174453,0.135020,1.050838,2.175004,2.452976,2.402868,-2.563530,0.098564,0.069653,0.018835,-14.776799,17.380316,0.000000,-3.851151,18.133879,0.684309,0.530537,-0.556692,-21.499722,-48.000000,6.973542,48.000000,12.000000,12.000000,-12.000000,-69.505157,-70.130943,-21.499722,-123.664253,6.973542,97.123352,71.229691,37.029030,-42.867168,-69.505157,-70.130943,48.000000,48.000000,48.000000,48.000000,12.000000,12.000000,12.000000,200.000000,200.000000,0.000000,0.000000,0.000000,0.000000,0.000000,0.000000,0.000000,0.000000,0.000000
24,0.015188,0.300465,-0.401588,-2.545872,-0.666463,3.177774,1.392079,0.030194,0.031191,-2.174579,-0.139291,1.389185,2.175004,2.434607,2.461073,-2.568620,0.096067,0.073982,0.004816,-12.243177,14.811826,0.000024,-1.741242,9.779048,-0.349069,-0.150155,0.408752,-14.059920,-48.000000,5.849866,48.000000,12.000000,12.000000,-12.000000,-70.087875,-69.434517,-14.059920,-120.748924,5.849866,95.384445,68.195930,33.320023,-40.184055,-70.087875,-69.434517,48.000000,48.000000,48.000000,48.000000,12.000000,12.000000,12.000000,200.000000,200.000000,0.000000,0.000000,0.000000,0.000000,0.000000,0.000000,0.000000,0.000000,0.000000
25,-0.029666,0.295452,-0.367642,-2.502528,-0.616040,3.228366,1.339871,0.030274,0.031107,-2.175002,-0.367757,1.769321,2.172050,2.511193,2.459880,-2.566881,0.084138,0.085697,0.000095,-10.501933,16.575993,-0.202632,-2.649665,3.897762,-0.351667,-0.608692,0.465693,-4.834044,-48.000000,9.065310,48.000000,12.000000,12.000000,-12.000000,-69.497551,-70.393784,-4.834044,-122.001114,9.065310,91.383659,66.925095,26.073723,-35.157661,-69.497551,-70.393784,48.000000,48.000000,48.000000,48.000000,12.000000,12.000000,12.000000,200.000000,200.000000,0.000000,0.000000,0.000000,0.000000,0.000000,0.000000,0.000000,0.000000,0.000000
26,-0.074874,0.286465,-0.325237,-2.459232,-0.564752,3.280040,1.287747,0.030383,0.030998,-2.175002,-0.548477,2.161083,2.161530,2.525007,2.544620,-2.580210,0.069827,0.082615,0.000167,-7.907200,11.847401,-1.103330,-7.315230,10.625839,-6.956601,-0.661017,-0.279935,5.521766,-48.000000,16.943417,48.000000,12.000000,12.000000,-12.000000,-68.373459,-70.564964,5.521766,-123.250336,16.943417,86.793861,67.052040,18.060009,-30.246765,-68.373459,-70.564964,48.000000,48.000000,48.000000,48.000000,12.000000,12.000000,12.000000,200.000000,200.000000,0.000000,0.000000,0.000000,0.000000,0.000000,0.000000,0.000000,0.000000,0.000000
27,-0.114580,0.274695,-0.281839,-2.415968,-0.513110,3.332194,1.235630,0.030501,0.030984,-1.814803,-0.672531,2.169885,2.161664,2.610002,2.597476,-2.541632,0.075851,0.062936,17.932165,-5.844331,-0.119114,0.295758,0.000191,1.963568,0.542045,-1.140220,-1.226220,18.674885,-48.000000,35.577789,48.000000,12.000000,12.000000,-12.000000,-69.638977,-69.577522,18.674885,-121.820770,35.577789,81.571701,66.081512,12.908112,-29.889297,-69.638977,-69.577522,48.000000,48.000000,48.000000,48.000000,12.000000,12.000000,12.000000,200.000000,200.000000,0.000000,0.000000,0.000000,0.000000,0.000000,0.000000,0.000000,0.000000,0.000000
28,-0.133442,0.261102,-0.251402,-2.372578,-0.462325,3.384018,1.186922,0.030702,0.030888,1.103264,-0.697895,-0.501769,2.161066,2.184400,2.600041,-1.834325,-0.010773,0.113046,30.919283,-6.855166,-6.362745,-1.393771,0.250602,-0.732231,3.877640,-3.629023,-2.342878,26.851173,-48.000000,48.000000,48.000000,12.000000,10.687472,-12.000000,-63.647812,-75.785912,26.851173,-111.906975,89.273735,66.000107,66.117424,10.687472,-49.087879,-63.647812,-75.785912,48.000000,48.000000,48.000000,48.000000,12.000000,12.000000,12.000000,200.000000,200.000000,0.000000,0.000000,0.000000,0.000000,0.000000,0.000000,0.000000,0.000000,0.000000
29,-0.146410,0.245633,-0.219366,-2.329193,-0.413765,3.435756,1.140771,0.033149,0.033350,0.492077,-0.870490,0.434684,2.175072,2.161198,2.610000,-1.841592,0.125742,0.134620,13.441173,-6.483179,-1.997170,0.007129,5.251575,4.497838,-6.861293,2.806178,-1.757345,10.792428,-48.000000,48.000000,32.273811,12.000000,12.000000,-12.000000,7.080107,0.982649,10.792428,-72.588982,118.750656,32.273811,70.756073,20.183716,-72.005692,7.080107,0.982649,48.000000,48.000000,48.000000,48.000000,12.000000,12.000000,12.000000,200.000000,200.000000,0.000000,0.000000,0.000000,0.000000,0.000000,0.000000,0.000000,0.000000,0.000000
30,-0.165758,0.227844,-0.177177,-2.292038,-0.361518,3.485569,1.088564,0.035494,0.035521,-0.798013,-1.093807,1.946553,1.557404,2.609455,2.243617,-2.609638,0.090140,0.089191,10.669237,-7.421291,-10.186648,-30.795563,0.004125,1.861238,0.021601,-2.184326,-1.976768,1.729870,-30.018164,48.000000,-3.706001,12.000000,12.000000,-12.000000,-0.116447,0.023945,1.729870,-30.018164,121.557861,-3.706001,49.448875,32.975708,-86.776100,-0.116447,0.023945,48.000000,48.000000,48.000000,48.000000,12.000000,12.000000,12.000000,200.000000,200.000000,0.000000,0.000000,0.000000,0.000000,0.000000,0.000000,0.000000,0.000000,0.000000
31,-0.183126,0.203267,-0.136468,-2.279344,-0.309362,3.537768,1.036358,0.037043,0.036980,-0.564007,-1.561249,1.720403,-0.209620,2.607587,2.609942,-2.609975,0.061576,0.059803,10.607844,-23.751820,-9.238064,-85.208435,0.044799,0.003433,0.002646,-1.518501,-1.280186,1.772997,-14.715239,48.000000,-36.978180,12.000000,12.000000,-12.000000,-0.402086,0.098615,1.772997,-14.715239,127.359169,-36.978180,33.388603,28.163084,-93.483871,-0.402086,0.098615,48.000000,48.000000,48.000000,48.000000,12.000000,12.000000,12.000000,200.000000,200.000000,0.000000,0.000000,0.000000,0.000000,0.000000,0.000000,0.000000,0.000000,0.000000
32,-0.182583,0.164552,-0.111704,-2.307811,-0.257295,3.589966,0.984957,0.038057,0.037952,1.843709,-2.174698,-0.625789,-2.175000,2.541891,2.610000,-2.350480,0.039426,0.041459,26.167797,-12.802958,-11.520433,-70.240829,-6.730986,-0.000072,22.952032,-0.884346,-0.936850,10.891888,-26.881273,48.000000,-45.074009,12.000000,11.334327,-12.000000,-0.007047,-0.134833,10.891888,-26.881273,124.604736,-45.074009,19.113110,11.334327,-96.616074,-0.007047,-0.134833,48.000000,48.000000,48.000000,48.000000,12.000000,12.000000,12.000000,200.000000,200.000000,0.000000,0.000000,0.000000,0.000000,0.000000,0.000000,0.000000,0.000000,0.000000
33,-0.169796,0.121440,-0.091573,-2.351252,-0.205737,3.605991,0.935954,0.038737,0.038598,2.175002,-2.175001,-0.483295,-2.174877,2.459923,0.134933,-2.144214,0.026012,0.027959,-0.054288,0.000024,23.042038,-0.536609,-14.613128,-63.536133,17.121124,-0.644038,-0.571819,19.753555,-45.032845,48.000000,-48.000000,1.325735,-2.323388,-12.000000,-0.097470,0.006310,19.753555,-45.032845,116.248947,-49.609272,1.325735,-2.323388,-97.583023,-0.097470,0.006310,48.000000,48.000000,48.000000,48.000000,12.000000,12.000000,12.000000,200.000000,200.000000,0.000000,0.000000,0.000000,0.000000,0.000000,0.000000,0.000000,0.000000,0.000000
34,-0.149384,0.078193,-0.074990,-2.394549,-0.209443,3.572889,0.899856,0.039271,0.039006,2.175000,-2.169849,-0.349754,-2.169815,-1.513525,-2.008067,-1.569117,0.017647,0.023595,-0.018907,0.515270,19.889030,-3.556514,-60.392944,-28.566433,-136.484909,-0.628738,0.309592,32.383358,-48.000000,48.000000,-48.000000,-4.710585,-1.722677,-12.000000,-0.494818,0.398614,32.383358,-64.075851,126.962646,-54.894627,-4.710585,-1.722677,-111.227798,-0.494818,0.398614,48.000000,48.000000,48.000000,48.000000,12.000000,12.000000,12.000000,200.000000,200.000000,0.000000,0.000000,0.000000,0.000000,0.000000,0.000000,0.000000,0.000000,0.000000
35,-0.125343,0.035032,-0.056690,-2.437993,-0.258712,3.520953,0.854126,0.039703,0.039628,2.175000,-2.174794,0.060618,-2.175003,-2.610003,-2.610000,-2.425880,0.017302,0.035876,-0.000024,0.017953,26.334879,-0.000238,-0.000119,0.000119,-59.149803,0.112645,0.570724,32.915302,-48.000000,48.000000,-48.000000,-7.454980,-2.186110,-12.000000,-0.606205,-1.572732,32.915302,-83.895561,139.805161,-56.072323,-7.454980,-2.186110,-109.125748,-0.606205,-1.572732,48.000000,48.000000,48.000000,48.000000,12.000000,12.000000,12.000000,200.000000,200.000000,0.000000,0.000000,0.000000,0.000000,0.000000,0.000000,0.000000,0.000000,0.000000
36,-0.095781,-0.008112,-0.035115,-2.481497,-0.310769,3.468826,0.803438,0.040000,0.040000,2.175026,-2.171282,0.499769,-2.175001,-2.609750,-2.561331,-2.514647,0.017509,0.032074,0.002480,0.359511,21.935596,0.000238,0.025249,4.866934,-2.125525,-0.100122,-0.375093,23.852936,-48.000000,48.000000,-48.000000,-11.835398,-1.334025,-12.000000,-1.677162,-3.544383,23.852936,-99.374725,157.072098,-57.507812,-11.835398,-1.334025,-111.069664,-1.677162,-3.544383,48.000000,48.000000,48.000000,48.000000,12.000000,12.000000,12.000000,200.000000,200.000000,0.000000,0.000000,0.000000,0.000000,0.000000,0.000000,0.000000,0.000000,0.000000
37,-0.062923,-0.051195,-0.009018,-2.525017,-0.362839,3.418240,0.752275,0.040000,0.040000,2.175001,-2.146323,0.875117,-2.175003,-2.609507,-2.209938,-2.535601,0.021182,0.034877,-0.001884,2.236676,18.604015,-0.000119,-0.072622,32.691238,-0.230598,0.231503,0.144835,13.204381,-48.000000,48.000000,-48.000000,-12.000000,0.650902,-12.000000,-1.886692,-3.342842,13.204381,-110.133568,172.181305,-58.668045,-14.134914,0.650902,-113.659622,-1.886692,-3.342842,48.000000,48.000000,48.000000,48.000000,12.000000,12.000000,12.000000,200.000000,200.000000,0.000000,0.000000,0.000000,0.000000,0.000000,0.000000,0.000000,0.000000,0.000000
38,-0.029963,-0.094190,0.023917,-2.568546,-0.414908,3.369111,0.700792,0.040000,0.040000,2.174467,-2.131632,1.213787,-2.175002,-2.609622,-2.051813,-2.550779,0.026254,0.037236,-0.041103,2.247787,16.583765,-0.000024,-0.044322,33.223129,0.962114,0.168127,0.216030,2.900678,-48.000000,48.000000,-48.000000,-12.000000,1.006055,-12.000000,-2.457309,-3.507559,2.900678,-119.094498,181.438385,-58.845253,-12.900151,1.006055,-115.134819,-2.457309,-3.507559,48.000000,48.000000,48.000000,48.000000,12.000000,12.000000,12.000000,200.000000,200.000000,0.000000,0.000000,0.000000,0.000000,0.000000,0.000000,0.000000,0.000000,0.000000
39,-0.002122,-0.137026,0.067429,-2.612101,-0.466852,3.325871,0.649317,0.040000,0.040000,1.417068,-2.122277,2.175050,-2.175100,-2.610004,-1.600730,-2.538775,0.031112,0.038032,9.261560,1.020241,0.007343,-0.007105,-0.000286,35.777294,0.260973,0.151355,0.097025,-1.475686,-48.000000,48.000000,-48.000000,-3.899159,1.603372,-12.000000,-2.959895,-3.706181,-1.475686,-119.761551,164.916672,-54.560383,-3.899159,1.603372,-117.858337,-2.959895,-3.706181,48.000000,48.000000,48.000000,48.000000,12.000000,12.000000,12.000000,200.000000,200.000000,0.000000,0.000000,0.000000,0.000000,0.000000,0.000000,0.000000,0.000000,0.000000
40,0.032121,-0.179702,0.110976,-2.655742,-0.495721,3.295301,0.597180,0.040000,0.040000,1.771975,-2.125328,2.175252,-2.175006,-0.931095,-0.961480,-2.599246,0.027423,0.027700,12.254548,-1.322913,0.002742,0.000167,44.379295,31.133007,-0.358415,-0.578846,-0.941604,-2.746595,-48.000000,48.000000,-37.697464,2.175454,1.859447,-12.000000,-3.321128,-3.711555,-2.746595,-102.380081,114.784851,-37.697464,2.175454,1.859447,-116.341827,-3.321128,-3.711555,48.000000,48.000000,48.000000,48.000000,12.000000,12.000000,12.000000,200.000000,200.000000,0.000000,0.000000,0.000000,0.000000,0.000000,0.000000,0.000000,0.000000,0.000000
41,0.072737,-0.222316,0.154548,-2.699464,-0.473590,3.284792,0.545029,0.040000,0.040000,1.966301,-2.148225,2.175332,-2.175005,1.611996,0.073450,-2.600092,0.014183,0.009717,-1.867163,-3.407073,-0.033164,0.000787,27.652693,30.659184,-1.299000,-1.080500,-1.421192,-11.049524,-48.000000,48.000000,-6.894887,3.611636,2.261569,-12.000000,-2.498833,-2.392934,-11.049524,-77.136993,58.988510,-6.894887,3.611636,2.261569,-103.868813,-2.498833,-2.392934,48.000000,48.000000,48.000000,48.000000,12.000000,12.000000,12.000000,200.000000,200.000000,0.000000,0.000000,0.000000,0.000000,0.000000,0.000000,0.000000,0.000000,0.000000
42,0.109754,-0.265097,0.198119,-2.739235,-0.424005,3.279328,0.494844,0.040000,0.040000,1.431254,-2.160269,2.175002,-1.697414,1.981400,-0.257884,-2.059911,0.006576,0.004645,-29.556965,-0.446701,0.000048,20.263409,23.558187,1.517963,-20.850193,-0.607381,-0.305451,-28.127924,-48.000000,19.427969,25.959471,12.000000,1.973354,-12.000000,-1.265023,-0.769909,-28.127924,-51.196819,19.427969,25.959471,20.389820,1.973354,-82.280182,-1.265023,-0.769909,48.000000,48.000000,48.000000,48.000000,12.000000,12.000000,12.000000,200.000000,200.000000,0.000000,0.000000,0.000000,0.000000,0.000000,0.000000,0.000000,0.000000,0.000000
43,0.128917,-0.307601,0.241728,-2.761278,-0.395314,3.246141,0.460871,0.039974,0.040000,0.219078,-2.159648,2.175003,-0.478632,-0.352696,-1.987415,-0.076162,0.000875,0.005883,-52.166355,0.060916,-0.000119,40.002747,14.717242,3.289270,-13.946776,-0.290537,0.215469,-35.906525,-27.826071,-2.715798,44.631924,12.000000,3.273320,-12.000000,-0.378055,-0.372814,-35.906525,-27.826071,-2.715798,44.631924,51.924213,3.273320,-66.278572,-0.378055,-0.372814,48.000000,48.000000,48.000000,48.000000,12.000000,12.000000,12.000000,200.000000,200.000000,0.000000,0.000000,0.000000,0.000000,0.000000,0.000000,0.000000,0.000000,0.000000
44,0.127497,-0.344658,0.285362,-2.761009,-0.371854,3.195603,0.418684,0.039937,0.040000,-0.735866,-1.642380,2.175001,0.688608,-0.431266,-2.543512,-1.003109,0.003331,0.007767,-47.067051,27.375877,0.029182,53.445850,12.431347,6.648898,-12.060618,0.089505,0.328029,-30.982836,-2.144753,-12.070789,48.000000,12.000000,-0.665227,-12.000000,-0.144227,-0.448661,-30.982836,-2.144753,-12.070789,54.293186,72.360535,-0.665227,-42.345966,-0.144227,-0.448661,48.000000,48.000000,48.000000,48.000000,12.000000,12.000000,12.000000,200.000000,200.000000,0.000000,0.000000,0.000000,0.000000,0.000000,0.000000,0.000000,0.000000,0.000000
45,0.107578,-0.367129,0.329008,-2.737551,-0.346655,3.143776,0.366620,0.039946,0.040000,-1.547565,-0.732660,2.174169,1.891762,-0.088618,-2.609643,-2.609703,0.006589,0.010531,-39.291943,45.080208,-0.006056,59.222614,13.732150,0.035715,-15.179467,0.290681,0.402095,-27.030111,13.668333,-18.318172,48.000000,12.000000,-3.861088,-12.000000,-0.217760,-0.651019,-27.030111,13.668333,-18.318172,55.019627,80.462410,-3.861088,-20.378059,-0.217760,-0.651019,48.000000,48.000000,48.000000,48.000000,12.000000,12.000000,12.000000,200.000000,200.000000,0.000000,0.000000,0.000000,0.000000,0.000000,0.000000,0.000000,0.000000,0.000000
46,0.070673,-0.373465,0.372080,-2.696472,-0.314057,3.091788,0.314429,0.039972,0.040000,-2.093493,-0.099150,1.976630,2.175098,1.361691,-2.604893,-2.610006,0.003008,0.006355,-6.917119,27.632076,-19.536818,-0.003695,99.213997,-0.180435,0.000286,-0.249727,-0.291084,-30.892399,16.485806,-21.355568,48.000000,12.000000,-4.934858,-8.574845,-0.476291,-0.926595,-30.892399,16.485806,-21.355568,53.462467,78.547676,-4.934858,-8.574845,-0.476291,-0.926595,48.000000,48.000000,48.000000,48.000000,12.000000,12.000000,12.000000,200.000000,200.000000,0.000000,0.000000,0.000000,0.000000,0.000000,0.000000,0.000000,0.000000,0.000000
47,0.028744,-0.369492,0.408612,-2.653647,-0.270441,3.039629,0.276187,0.039958,0.040000,-2.095903,0.359316,1.521228,2.175005,1.717500,-2.605770,-1.513605,-0.000393,0.000263,0.052357,21.862425,-23.796976,0.000048,1.612639,-0.035548,35.270714,-0.041926,-0.235674,-33.412392,12.646064,-22.117029,48.000000,12.000000,-5.651132,0.009562,0.066928,-0.262008,-33.412392,12.646064,-22.117029,52.004463,68.688423,-5.651132,0.009562,0.066928,-0.262008,48.000000,48.000000,48.000000,48.000000,12.000000,12.000000,12.000000,200.000000,200.000000,0.000000,0.000000,0.000000,0.000000,0.000000,0.000000,0.000000,0.000000,0.000000
48,-0.013112,-0.357359,0.436026,-2.610785,-0.226967,2.987448,0.280698,0.040000,0.040000,-2.091966,0.727118,1.074855,2.175003,1.697174,-2.607210,0.292262,0.005058,0.000781,0.106978,17.784304,-21.652496,-0.000095,1.160610,-0.048089,-5.175230,0.508653,0.107005,-35.727100,9.095699,-23.626507,48.000000,12.000000,-7.121150,-0.136009,0.091049,0.034682,-35.727100,9.095699,-23.626507,50.339539,66.828941,-7.121150,-0.136009,0.091049,0.034682,48.000000,48.000000,48.000000,48.000000,12.000000,12.000000,12.000000,200.000000,200.000000,0.000000,0.000000,0.000000,0.000000,0.000000,0.000000,0.000000,0.000000,0.000000
49,-0.054692,-0.338418,0.454348,-2.567955,-0.184179,2.935291,0.305786,0.040000,0.040000,-2.078740,1.040533,0.606623,2.175002,1.614018,-2.608372,1.117459,0.010268,0.003765,0.157738,15.098411,-21.784103,-0.000024,1.775491,-0.067902,-23.578083,0.554419,0.273628,-37.417938,6.833580,-26.761444,46.589520,12.000000,-8.183175,-0.221591,-0.472401,-0.102882,-37.417938,6.833580,-26.761444,46.589520,67.055122,-8.183175,-0.221591,-0.472401,-0.102882,48.000000,48.000000,48.000000,48.000000,12.000000,12.000000,12.000000,200.000000,200.000000,0.000000,0.000000,0.000000,0.000000,0.000000,0.000000,0.000000,0.000000,0.000000
50,-0.095046,-0.317235,0.458006,-2.525656,-0.150091,2.883370,0.254206,0.039960,0.040000,-1.971872,0.979815,-0.361676,2.170902,0.755500,-2.609773,-2.609973,-0.002912,0.000237,-13.797224,-4.153925,-25.542927,0.249147,1.895487,-0.018072,0.002813,-1.557124,-0.348444,-48.000000,-12.410557,-41.406086,36.834572,12.000000,-6.768739,-3.465282,-1.265893,-0.372157,-51.362236,-12.410557,-41.406086,36.834572,100.242249,-6.768739,-3.465282,-1.265893,-0.372157,48.000000,48.000000,48.000000,48.000000,12.000000,12.000000,12.000000,200.000000,200.000000,0.000000,0.000000,0.000000,0.000000,0.000000,0.000000,0.000000,0.000000,0.000000
51,-0.138389,-0.309519,0.455756,-2.500204,-0.098056,2.861891,0.202074,0.039981,0.040000,-2.149926,0.040419,-0.229936,0.907017,2.551100,-0.486018,-2.574034,0.001746,0.001195,-0.068140,-47.552731,-8.098914,-50.654858,-5.890012,30.973970,2.985668,0.248918,0.136885,-17.386423,-48.000000,-6.719137,0.876577,12.000000,1.958092,-12.000000,0.169218,0.021312,-17.386423,-102.664589,-6.719137,0.876577,50.921635,1.958092,-64.804207,0.169218,0.021312,48.000000,48.000000,48.000000,48.000000,12.000000,12.000000,12.000000,200.000000,200.000000,0.000000,0.000000,0.000000,0.000000,0.000000,0.000000,0.000000,0.000000,0.000000
52,-0.184973,-0.325245,0.460557,-2.497977,-0.046141,2.813653,0.151830,0.040000,0.039900,-2.176016,-1.168734,0.396142,-0.425330,2.610003,-2.591396,-2.316659,0.013325,-0.012158,0.017452,-56.739933,26.810499,-76.354805,-0.295520,1.860547,7.872725,0.145252,-0.082749,8.761007,-48.000000,33.682259,-20.313137,10.840565,-3.277685,-12.000000,-1.187298,1.247808,8.761007,-169.473175,33.682259,-20.313137,10.840565,-3.277685,-107.325119,-1.187298,1.247808,48.000000,48.000000,48.000000,48.000000,12.000000,12.000000,12.000000,200.000000,200.000000,0.000000,0.000000,0.000000,0.000000,0.000000,0.000000,0.000000,0.000000,0.000000
53,-0.230030,-0.363216,0.471313,-2.523335,0.005387,2.761566,0.102153,0.040000,0.039869,-2.175002,-2.174343,0.599392,-1.604617,2.392903,-2.598939,-2.181769,0.003092,-0.000358,0.067830,-45.759464,9.526080,-52.428638,-21.709919,-6.600904,22.518110,-0.545929,0.493913,14.241815,-48.000000,18.410128,-8.063949,-0.934296,-12.000000,-12.000000,-0.855136,0.766445,14.241815,-201.738113,18.410128,-8.063949,-0.934296,-15.278150,-130.987122,-0.855136,0.766445,48.000000,48.000000,48.000000,48.000000,12.000000,12.000000,12.000000,200.000000,200.000000,0.000000,0.000000,0.000000,0.000000,0.000000,0.000000,0.000000,0.000000,0.000000
54,-0.250189,-0.405485,0.462208,-2.560284,0.057712,2.709380,0.050488,0.040000,0.039889,-0.320771,-2.045322,-1.079469,-1.823346,2.610819,-2.610030,-2.514407,0.002785,0.003382,44.584259,-2.999759,-42.629917,-10.254455,0.018096,-0.002885,3.732872,0.050368,0.150151,3.289594,-48.000000,-6.604872,14.117800,5.417190,-8.625432,-12.000000,-0.228177,0.076146,3.289594,-180.471725,-6.604872,14.117800,5.417190,-8.625432,-127.508270,-0.228177,0.076146,48.000000,48.000000,48.000000,48.000000,12.000000,12.000000,12.000000,200.000000,200.000000,0.000000,0.000000,0.000000,0.000000,0.000000,0.000000,0.000000,0.000000,0.000000
55,-0.266261,-0.447713,0.443771,-2.594452,0.107504,2.657281,0.000627,0.039998,0.039993,-0.953687,-2.018026,-1.044216,-1.332264,1.989894,-2.610002,-2.057208,-0.002116,0.006101,-24.454397,0.746608,-1.912355,22.089207,9.452999,-0.000143,-8.008015,0.005667,-0.167536,-15.264305,-48.000000,-20.632326,34.985188,12.000000,-0.330854,-12.000000,0.226330,-0.683445,-15.264305,-149.593323,-20.632326,34.985188,23.204029,-0.330854,-116.831718,0.226330,-0.683445,48.000000,48.000000,48.000000,48.000000,12.000000,12.000000,12.000000,200.000000,200.000000,0.000000,0.000000,0.000000,0.000000,0.000000,0.000000,0.000000,0.000000,0.000000
56,-0.289719,-0.489662,0.420097,-2.618395,0.152713,2.611858,-0.045330,0.039980,0.040000,-1.191724,-1.990758,-1.508779,-0.749107,1.454343,-2.018461,-1.606066,-0.002726,0.000364,-13.742006,-0.783288,-18.510485,25.138914,14.287686,42.520237,-11.775637,0.055809,0.001850,-16.473139,-48.000000,-26.489923,44.829277,12.000000,7.024067,-12.000000,0.357254,-0.034528,-16.473139,-117.107208,-26.489923,44.829277,34.156151,7.024067,-101.115936,0.357254,-0.034528,48.000000,48.000000,48.000000,48.000000,12.000000,12.000000,12.000000,200.000000,200.000000,0.000000,0.000000,0.000000,0.000000,0.000000,0.000000,0.000000,0.000000,0.000000
57,-0.321166,-0.531949,0.389281,-2.631497,0.193766,2.592804,-0.088420,0.039942,0.040000,-1.678475,-2.060266,-1.840133,-0.263752,1.204060,-0.421103,-1.504352,-0.003066,0.003504,-20.643211,-0.520444,-18.422985,31.849846,-6.415868,30.838186,3.733611,0.087256,0.221294,-18.501247,-48.000000,-28.628798,48.000000,12.000000,7.058259,-12.000000,0.497578,-0.129086,-18.501247,-77.884300,-28.628798,54.141136,45.172539,7.058259,-77.389549,0.497578,-0.129086,48.000000,48.000000,48.000000,48.000000,12.000000,12.000000,12.000000,200.000000,200.000000,0.000000,0.000000,0.000000,0.000000,0.000000,0.000000,0.000000,0.000000,0.000000
58,-0.357197,-0.573584,0.348455,-2.633732,0.234129,2.604683,-0.134093,0.039953,0.040000,-2.049941,-2.170677,-2.173290,0.226462,1.397472,0.946303,-1.923666,-0.000382,0.009793,-34.071602,-3.394794,-0.020361,35.680145,8.171844,10.414494,-5.572331,0.147010,0.418812,-14.790474,-36.647018,-29.112930,48.000000,12.000000,6.810581,-12.000000,0.325032,-0.560440,-14.790474,-36.647018,-29.112930,57.930244,53.192238,6.810581,-50.627357,0.325032,-0.560440,48.000000,48.000000,48.000000,48.000000,12.000000,12.000000,12.000000,200.000000,200.000000,0.000000,0.000000,0.000000,0.000000,0.000000,0.000000,0.000000,0.000000,0.000000
59,-0.397046,-0.606051,0.305163,-2.618801,0.279055,2.635240,-0.185844,0.040000,0.040000,-2.012501,-1.249669,-2.173606,1.371266,1.838547,1.531063,-2.538378,0.002907,0.014704,1.048446,44.901501,-0.001884,64.287163,-6.589866,-23.697245,-0.491071,-0.018800,0.215643,-1.500978,3.167645,-26.568544,48.000000,12.000000,4.456790,-12.000000,-0.298263,-1.254791,-1.500978,3.167645,-26.568544,55.387482,53.226105,4.456790,-23.580418,-0.298263,-1.254791,48.000000,48.000000,48.000000,48.000000,12.000000,12.000000,12.000000,200.000000,200.000000,0.000000,0.000000,0.000000,0.000000,0.000000,0.000000,0.000000,0.000000,0.000000
60,-0.429419,-0.614617,0.261944,-2.579638,0.328883,2.671218,-0.221763,0.040000,0.040000,-1.308484,0.050989,-2.175056,2.175039,2.610002,2.352826,-1.465020,0.006575,0.016828,38.796638,49.796646,-0.089836,3.591037,41.605259,71.865311,34.115112,0.258212,0.268588,7.269563,28.198198,-21.340706,48.000000,12.000000,2.707139,0.112886,-0.399286,-1.414217,7.269563,28.198198,-21.340706,53.005901,45.325844,2.707139,0.112886,-0.399286,-1.414217,48.000000,48.000000,48.000000,48.000000,12.000000,12.000000,12.000000,200.000000,200.000000,0.000000,0.000000,0.000000,0.000000,0.000000,0.000000,0.000000,0.000000,0.000000
61,-0.447153,-0.603069,0.218620,-2.536067,0.380349,2.703640,-0.176740,0.040000,0.040000,-0.601875,0.953397,-2.175001,2.175017,2.607582,1.253241,1.951430,0.019210,0.041407,32.610542,42.822582,0.001645,-0.000262,-0.044155,-45.543552,-43.922806,1.251754,2.247018,7.610357,42.336067,-18.653761,48.000000,12.000000,-5.031231,-0.091187,-0.669266,-1.893646,7.610357,42.336067,-18.653761,54.608452,36.748348,-5.031231,-0.091187,-0.669266,-1.893646,48.000000,48.000000,48.000000,48.000000,12.000000,12.000000,12.000000,200.000000,200.000000,0.000000,0.000000,0.000000,0.000000,0.000000,0.000000,0.000000,0.000000,0.000000
62,-0.453356,-0.576994,0.175211,-2.492574,0.431915,2.699004,-0.124536,0.040000,0.040000,-0.085170,1.613224,-2.175007,2.175013,2.605400,-0.634711,2.596970,0.020553,0.031851,26.498301,35.278450,-0.000548,-0.000739,0.430918,-36.119411,0.695133,0.544802,-0.044153,6.954503,39.565285,-18.756107,48.000000,12.000000,-5.138175,4.405839,-1.510535,-3.229294,6.954503,39.565285,-18.756107,50.034576,31.913429,-5.138175,4.405839,-1.510535,-3.229294,48.000000,48.000000,48.000000,48.000000,12.000000,12.000000,12.000000,200.000000,200.000000,0.000000,0.000000,0.000000,0.000000,0.000000,0.000000,0.000000,0.000000,0.000000
63,-0.449824,-0.539350,0.131720,-2.449242,0.483701,2.663985,-0.072333,0.040000,0.040000,0.397802,2.140562,-2.175013,2.175008,2.608381,-1.835978,2.601614,0.025040,0.026685,25.051891,28.730928,0.000191,-0.000548,0.469971,-4.157782,0.565886,0.384408,-0.229817,9.004741,32.231861,-15.991994,40.225689,12.000000,-3.604738,8.489239,-2.119609,-2.898317,9.004741,32.231861,-15.991994,40.225689,24.024349,-3.604738,8.489239,-2.119609,-2.898317,48.000000,48.000000,48.000000,48.000000,12.000000,12.000000,12.000000,200.000000,200.000000,0.000000,0.000000,0.000000,0.000000,0.000000,0.000000,0.000000,0.000000,0.000000
64,-0.437951,-0.495876,0.088209,-2.406388,0.535865,2.613137,-0.020129,0.040000,0.040000,0.758586,2.174919,-2.175235,2.175153,2.610377,-2.534337,2.610002,0.028345,0.023740,18.165583,0.126028,-0.013423,0.008583,0.037456,7.032609,0.267005,0.268068,-0.122012,10.339952,26.656111,-11.194320,27.687515,12.000000,-1.506799,12.000000,-2.566479,-2.495970,10.339952,26.656111,-11.194320,27.687515,13.001027,-1.506799,14.150050,-2.566479,-2.495970,48.000000,48.000000,48.000000,48.000000,12.000000,12.000000,12.000000,200.000000,200.000000,0.000000,0.000000,0.000000,0.000000,0.000000,0.000000,0.000000,0.000000,0.000000
65,-0.430922,-0.452717,0.054084,-2.374150,0.547584,2.586354,-0.004446,0.036160,0.036099,-0.059954,2.155729,-1.195069,1.303559,-0.112987,-0.737030,0.518687,-0.195327,-0.198072,-40.398285,-1.474643,53.591217,-41.181873,-42.825897,55.586685,-17.431051,-2.221817,-2.111727,10.680727,13.345538,24.107084,-15.648361,-3.781446,-0.211658,-0.322188,-59.066910,-58.611084,10.680727,13.345538,24.107084,-15.648361,-3.781446,-0.211658,-0.322188,-59.066910,-58.611084,48.000000,48.000000,48.000000,48.000000,12.000000,12.000000,12.000000,200.000000,200.000000,0.000000,0.000000,0.000000,0.000000,0.000000,0.000000,0.000000,0.000000,0.000000
66,-0.442078,-0.409310,0.039459,-2.352221,0.555112,2.556260,0.004546,0.032104,0.031971,-0.814094,2.174407,-0.461997,1.000062,0.541686,-1.611213,0.393561,-0.194868,-0.199739,-22.370756,0.029516,26.622698,-22.567331,6.861371,12.331200,-6.338513,0.239520,0.007921,1.989234,13.659184,6.625913,-1.675078,0.144472,-0.763908,0.047412,-48.508728,-48.082016,1.989234,13.659184,6.625913,-1.675078,0.144472,-0.763908,0.047412,-48.508728,-48.082016,48.000000,48.000000,48.000000,48.000000,12.000000,12.000000,12.000000,200.000000,200.000000,0.000000,0.000000,0.000000,0.000000,0.000000,0.000000,0.000000,0.000000,0.000000
67,-0.447343,-0.365770,0.021402,-2.335630,0.572945,2.514966,0.034494,0.028167,0.027886,0.136903,2.175004,-1.242464,0.805014,1.026625,-2.075750,1.287585,-0.187609,-0.197549,35.953873,0.000000,-29.837645,-13.952279,2.005565,16.970421,-26.357544,0.729606,0.251988,0.422331,8.299783,-5.525498,7.471797,0.916496,0.274349,-0.026204,-40.702713,-39.820229,0.422331,8.299783,-5.525498,7.471797,0.916496,0.274349,-0.026204,-40.702713,-39.820229,48.000000,48.000000,48.000000,48.000000,12.000000,12.000000,12.000000,200.000000,200.000000,0.000000,0.000000,0.000000,0.000000,0.000000,0.000000,0.000000,0.000000,0.000000
68,-0.447842,-0.322240,-0.002479,-2.324998,0.529208,2.487536,0.035116,0.024178,0.023828,-0.223118,2.175003,-0.961972,0.434186,-2.603542,-0.796074,-0.096700,-0.200969,-0.199040,-20.883968,0.000167,27.038515,-19.241165,-0.992799,55.618458,1.577795,-1.207888,-0.094272,3.227833,16.647636,6.882938,4.631957,-4.173981,2.351898,-0.058311,-33.570755,-31.907768,3.227833,16.647636,6.882938,4.631957,-4.173981,2.351898,-0.058311,-33.570755,-31.907768,48.000000,48.000000,48.000000,48.000000,12.000000,12.000000,12.000000,200.000000,200.000000,0.000000,0.000000,0.000000,0.000000,0.000000,0.000000,0.000000,0.000000,0.000000
69,-0.456375,-0.278643,-0.017242,-2.315406,0.477134,2.455598,0.011853,0.020076,0.019819,-0.448727,2.175010,-0.644302,0.614633,-2.593050,-1.689206,-0.979017,-0.202664,-0.195543,0.815383,0.000000,9.629202,1.956201,0.501442,16.950428,22.320759,-0.185198,0.343131,6.163693,8.713344,7.259414,20.111439,-5.004403,1.603103,0.001329,-24.185564,-23.709837,6.163693,8.713344,7.259414,20.111439,-5.004403,1.603103,0.001329,-24.185564,-23.709837,48.000000,48.000000,48.000000,48.000000,12.000000,12.000000,12.000000,200.000000,200.000000,0.000000,0.000000,0.000000,0.000000,0.000000,0.000000,0.000000,0.000000,0.000000
70,-0.456707,-0.235010,-0.035498,-2.304073,0.426428,2.436892,-0.008870,0.015985,0.015851,0.095720,2.175015,-0.950064,0.725354,-2.309326,-0.716118,-0.869528,-0.202084,-0.196271,5.780882,0.000072,2.294964,7.311809,27.637339,25.891674,16.648287,0.032923,-0.006063,3.387156,0.801544,2.946496,25.985390,0.166928,3.268960,-0.021763,-15.810690,-16.044289,3.387156,0.801544,2.946496,25.985390,0.166928,3.268960,-0.021763,-15.810690,-16.044289,48.000000,48.000000,48.000000,48.000000,12.000000,12.000000,12.000000,200.000000,200.000000,0.000000,0.000000,0.000000,0.000000,0.000000,0.000000,0.000000,0.000000,0.000000
71,-0.431590,-0.200899,-0.069818,-2.302510,0.375509,2.421869,-0.061016,0.011926,0.011943,1.475452,1.351025,-1.631863,-0.280402,-2.301494,-0.824312,-2.609674,-0.202265,-0.191589,5.652177,-39.808857,21.249222,-48.625755,-2.211285,-3.735107,-0.011015,-0.061882,0.568594,30.705826,-48.000000,31.657188,2.007046,-12.000000,-1.711985,-12.000000,-7.747122,-8.004955,30.705826,-63.903263,31.657188,2.007046,-22.622316,-1.711985,-35.615334,-7.747122,-8.004955,48.000000,48.000000,48.000000,48.000000,12.000000,12.000000,12.000000,200.000000,200.000000,0.000000,0.000000,0.000000,0.000000,0.000000,0.000000,0.000000,0.000000,0.000000
72,-0.426357,-0.181521,-0.076964,-2.316988,0.323401,2.401088,-0.112040,0.008086,0.008300,-0.079120,0.770238,0.151676,-0.830408,-2.601612,-1.054935,-2.362852,-0.166725,-0.154386,-14.186241,-27.593130,33.547562,-28.998655,-2.304316,14.486790,6.492615,3.430064,3.606176,19.413000,-48.000000,22.679102,13.959305,-12.000000,1.136169,-12.000000,0.307594,-1.024284,19.413000,-87.672241,22.679102,13.959305,-13.144264,1.136169,-46.646156,0.307594,-1.024284,48.000000,48.000000,48.000000,48.000000,12.000000,12.000000,12.000000,200.000000,200.000000,0.000000,0.000000,0.000000,0.000000,0.000000,0.000000,0.000000,0.000000,0.000000
73,-0.407406,-0.171923,-0.089365,-2.340810,0.271449,2.388171,-0.162615,0.005379,0.005725,1.106293,0.362209,-0.611637,-1.129492,-2.594372,-0.688396,-2.343549,-0.113068,-0.101876,1.873422,-19.765898,13.990474,-12.257492,0.183463,4.364639,-3.220797,2.466506,2.317879,16.725468,-48.000000,16.963785,22.898710,-8.240776,2.232007,-12.000000,0.581337,-1.263942,16.725468,-94.243935,16.963785,22.898710,-8.240776,2.232007,-45.073742,0.581337,-1.263942,48.000000,48.000000,48.000000,48.000000,12.000000,12.000000,12.000000,200.000000,200.000000,0.000000,0.000000,0.000000,0.000000,0.000000,0.000000,0.000000,0.000000,0.000000
74,-0.400614,-0.168942,-0.084964,-2.367604,0.219708,2.382309,-0.213626,0.003538,0.004030,0.161930,0.087083,0.487005,-1.145826,-2.586719,-0.308841,-2.381852,-0.077292,-0.066496,-4.044616,-13.543057,14.362600,1.918256,-0.094366,7.432434,-0.172925,1.698025,1.488700,9.170966,-48.000000,10.620868,31.417694,-1.167699,3.907881,-12.000000,0.703835,-1.459039,9.170966,-90.229843,10.620868,31.417694,-1.167699,3.907881,-38.331627,0.703835,-1.459039,48.000000,48.000000,48.000000,48.000000,12.000000,12.000000,12.000000,200.000000,200.000000,0.000000,0.000000,0.000000,0.000000,0.000000,0.000000,0.000000,0.000000,0.000000
75,-0.383788,-0.170968,-0.086003,-2.393322,0.175436,2.384743,-0.265164,0.002327,0.002872,0.935193,-0.146594,-0.062957,-1.028423,-1.892798,0.011776,-2.502053,-0.051399,-0.044971,0.299382,-11.659869,7.974541,8.362949,38.907387,-2.602932,-4.001689,1.233501,0.883681,6.206483,-48.000000,6.248121,35.659016,1.721797,4.166444,-12.000000,0.648792,-1.428358,6.206483,-87.783585,6.248121,35.659016,1.721797,4.166444,-32.833023,0.648792,-1.428358,48.000000,48.000000,48.000000,48.000000,12.000000,12.000000,12.000000,200.000000,200.000000,0.000000,0.000000,0.000000,0.000000,0.000000,0.000000,0.000000,0.000000,0.000000
76,-0.382240,-0.177179,-0.069720,-2.415392,0.150228,2.391032,-0.316941,0.001535,0.002052,-0.058916,-0.344788,0.982723,-0.789989,-1.042183,0.168248,-2.494297,-0.034441,-0.031640,1.158998,-9.945605,3.175783,14.950109,21.930170,-4.827690,2.528143,0.811388,0.518956,2.091436,-48.000000,3.037467,39.415596,1.792954,4.803608,-12.000000,0.486913,-1.186390,2.091436,-82.838669,3.037467,39.415596,1.792954,4.803608,-28.871727,0.486913,-1.186390,48.000000,48.000000,48.000000,48.000000,12.000000,12.000000,12.000000,200.000000,200.000000,0.000000,0.000000,0.000000,0.000000,0.000000,0.000000,0.000000,0.000000,0.000000
77,-0.370226,-0.187651,-0.061893,-2.432582,0.130922,2.400339,-0.368733,0.001029,0.001462,0.738033,-0.581418,0.281488,-0.574275,-0.879839,0.311436,-2.530366,-0.022890,-0.021547,4.092562,-12.061989,-1.506171,12.147135,16.026806,-6.771028,-5.382848,0.540844,0.458082,1.172510,-48.000000,0.815865,37.723667,1.623951,4.653498,-12.000000,0.330218,-0.854963,1.172510,-80.028717,0.815865,37.723667,1.623951,4.653498,-26.863083,0.330218,-0.854963,48.000000,48.000000,48.000000,48.000000,12.000000,12.000000,12.000000,200.000000,200.000000,0.000000,0.000000,0.000000,0.000000,0.000000,0.000000,0.000000,0.000000,0.000000
78,-0.380596,-0.203135,-0.032169,-2.443999,0.121417,2.398806,-0.420657,0.000706,0.001042,-0.675749,-0.837731,1.644889,-0.273831,-0.363060,-0.313873,-2.516500,-0.016996,-0.013520,5.388898,-12.845546,-4.035246,12.505937,12.242797,-4.619810,3.074288,0.197276,0.394707,-0.075631,-48.000000,0.920970,38.132961,1.778719,4.478902,-12.000000,0.178028,-0.707086,-0.075631,-80.132927,0.920970,38.132961,1.778719,4.478902,-26.692312,0.178028,-0.707086,48.000000,48.000000,48.000000,48.000000,12.000000,12.000000,12.000000,200.000000,200.000000,0.000000,0.000000,0.000000,0.000000,0.000000,0.000000,0.000000,0.000000,0.000000
79,-0.371645,-0.225068,-0.020136,-2.452564,0.113222,2.391198,-0.472283,0.000505,0.000737,0.777184,-1.213367,0.306445,-0.269289,-0.388307,-0.514825,-2.514832,-0.011431,-0.008937,15.330511,-18.936993,-12.560823,-1.617679,10.547787,1.032370,-5.517030,0.184894,0.291033,1.549436,-48.000000,-0.064309,29.718885,1.358123,3.592865,-12.000000,0.133676,-0.559113,1.549436,-83.424538,-0.064309,29.718885,1.358123,3.592865,-29.992634,0.133676,-0.559113,48.000000,48.000000,48.000000,48.000000,12.000000,12.000000,12.000000,200.000000,200.000000,0.000000,0.000000,0.000000,0.000000,0.000000,0.000000,0.000000,0.000000,0.000000
80,-0.392151,-0.255468,0.019830,-2.459754,0.113213,2.364007,-0.523881,0.000377,0.000522,-1.216503,-1.637993,2.174824,-0.192445,0.056591,-1.537809,-2.480038,-0.010482,-0.003775,-0.804782,-20.717943,-0.017667,-2.731375,9.101780,9.508395,4.193759,-0.110374,0.347301,-0.330555,-48.000000,7.717507,29.244261,1.467782,3.398391,-12.000000,0.025240,-0.478447,-0.330555,-92.280258,7.717507,29.244261,1.467782,3.398391,-34.313477,0.025240,-0.478447,48.000000,48.000000,48.000000,48.000000,12.000000,12.000000,12.000000,200.000000,200.000000,0.000000,0.000000,0.000000,0.000000,0.000000,0.000000,0.000000,0.000000,0.000000
81,-0.394219,-0.295374,0.043667,-2.470323,0.105522,2.333228,-0.574093,0.000285,0.000381,0.404816,-2.094683,0.797092,-0.504385,-0.490474,-1.467405,-2.404940,-0.007072,-0.002064,35.274185,-17.504442,-24.523502,-14.572918,5.278233,23.386204,-16.807056,0.044893,0.224097,7.817958,-48.000000,5.040571,17.323446,0.476585,2.412807,-12.000000,0.082964,-0.436686,7.817958,-104.763687,5.040571,17.323446,0.476585,2.412807,-43.439430,0.082964,-0.436686,48.000000,48.000000,48.000000,48.000000,12.000000,12.000000,12.000000,200.000000,200.000000,0.000000,0.000000,0.000000,0.000000,0.000000,0.000000,0.000000,0.000000,0.000000
82,-0.413706,-0.338102,0.085643,-2.479163,0.101523,2.287463,-0.625750,0.000209,0.000311,-1.037469,-2.078054,2.175000,-0.248890,-0.112449,-2.331446,-2.527733,-0.007254,0.001414,1.775169,0.224686,-0.000024,2.825299,13.283770,25.669884,3.514647,-0.150112,0.269297,0.815719,-48.000000,23.586725,20.975210,1.275699,2.473189,-12.000000,0.043477,-0.512958,0.815719,-123.123329,23.586725,20.975210,1.275699,2.473189,-49.307449,0.043477,-0.512958,48.000000,48.000000,48.000000,48.000000,12.000000,12.000000,12.000000,200.000000,200.000000,0.000000,0.000000,0.000000,0.000000,0.000000,0.000000,0.000000,0.000000,0.000000
83,-0.431225,-0.380888,0.128867,-2.486526,0.078687,2.247308,-0.674511,0.000104,0.000318,-0.645362,-2.087130,2.118527,-0.272296,-1.302713,-1.709709,-2.328319,-0.006944,0.003613,25.183826,-0.139856,-5.590224,-5.164301,8.068645,44.521416,-29.862118,-0.101299,0.274467,13.220921,-48.000000,13.805677,15.983013,-0.051723,2.904664,-12.000000,0.265991,-0.683646,13.220921,-133.136703,13.805677,15.983013,-0.051723,2.904664,-54.550499,0.265991,-0.683646,48.000000,48.000000,48.000000,48.000000,12.000000,12.000000,12.000000,200.000000,200.000000,0.000000,0.000000,0.000000,0.000000,0.000000,0.000000,0.000000,0.000000,0.000000
84,-0.443669,-0.423369,0.172408,-2.491685,0.061545,2.210470,-0.726005,0.000028,0.000350,-0.534249,-2.050350,2.175002,-0.027385,-0.660299,-1.804699,-2.481238,-0.005648,0.004136,8.386517,-0.193548,0.000095,7.086921,22.853153,24.997366,7.840085,0.072499,-0.034880,5.212934,-48.000000,16.641186,25.095144,1.610641,3.214858,-12.000000,0.502681,-1.110468,5.212934,-139.611679,16.641186,25.095144,1.610641,3.214858,-53.967560,0.502681,-1.110468,48.000000,48.000000,48.000000,48.000000,12.000000,12.000000,12.000000,200.000000,200.000000,0.000000,0.000000,0.000000,0.000000,0.000000,0.000000,0.000000,0.000000,0.000000
85,-0.452931,-0.465770,0.215941,-2.492711,0.041009,2.179136,-0.776347,0.000000,0.000385,-0.368623,-2.045786,2.175004,0.169981,-1.043172,-1.411516,-2.451339,-0.002451,0.004644,8.770958,-0.441098,0.000143,6.240479,14.202415,32.400860,-13.652658,0.247485,0.130336,6.034300,-48.000000,16.678541,24.998466,1.051785,3.786964,-12.000000,0.492604,-1.051224,6.034300,-142.020416,16.678541,24.998466,1.051785,3.786964,-55.007458,0.492604,-1.051224,48.000000,48.000000,48.000000,48.000000,12.000000,12.000000,12.000000,200.000000,200.000000,0.000000,0.000000,0.000000,0.000000,0.000000,0.000000,0.000000,0.000000,0.000000
86,-0.459866,-0.508106,0.259498,-2.488546,0.021042,2.149420,-0.827598,0.000000,0.000422,-0.294540,-2.036490,2.175002,0.475162,-0.890107,-1.461343,-2.518515,-0.002730,0.004820,3.615469,-0.441575,0.000048,10.208884,21.069187,24.424290,-3.538275,-0.036510,0.042916,3.519432,-48.000000,19.470226,27.668777,1.655859,3.732914,-12.000000,0.236440,-1.231745,3.519432,-146.864426,19.470226,27.668777,1.655859,3.732914,-55.032406,0.236440,-1.231745,48.000000,48.000000,48.000000,48.000000,12.000000,12.000000,12.000000,200.000000,200.000000,0.000000,0.000000,0.000000,0.000000,0.000000,0.000000,0.000000,0.000000,0.000000
87,-0.465263,-0.550427,0.303053,-2.478632,-0.000983,2.121486,-0.878296,0.000000,0.000458,-0.201626,-2.036624,2.175003,0.749362,-1.059883,-1.334259,-2.494763,-0.003575,0.004969,4.358967,-0.912404,-0.000119,8.817303,18.870937,27.300762,-11.576200,-0.107700,0.090655,5.111902,-48.000000,20.733921,26.915829,1.464504,3.836674,-12.000000,0.249815,-1.267335,5.111902,-151.355515,20.733921,26.915829,1.464504,3.836674,-56.059399,0.249815,-1.267335,48.000000,48.000000,48.000000,48.000000,12.000000,12.000000,12.000000,200.000000,200.000000,0.000000,0.000000,0.000000,0.000000,0.000000,0.000000,0.000000,0.000000,0.000000
88,-0.468948,-0.592657,0.346617,-2.463093,-0.022802,2.094974,-0.929166,0.000000,0.000492,-0.111470,-2.027625,2.175004,1.033909,-1.003267,-1.307639,-2.495742,-0.004030,0.004808,3.781472,-0.808835,-0.000095,9.113479,21.311199,24.490320,-7.799625,-0.056356,0.040364,5.926857,-48.000000,21.913969,26.740475,1.657754,3.692469,-12.000000,0.346665,-1.376986,5.926857,-156.078201,21.913969,26.740475,1.657754,3.692469,-56.178047,0.346665,-1.376986,48.000000,48.000000,48.000000,48.000000,12.000000,12.000000,12.000000,200.000000,200.000000,0.000000,0.000000,0.000000,0.000000,0.000000,0.000000,0.000000,0.000000,0.000000
89,-0.470692,-0.634891,0.390181,-2.442350,-0.044236,2.070168,-0.979826,0.000000,0.000521,0.008460,-2.027508,2.175003,1.275408,-1.008880,-1.225209,-2.464489,-0.004533,0.004625,5.081316,-0.956297,-0.000119,7.461464,19.955624,24.380707,-8.159184,0.113822,0.046386,7.855276,-48.000000,21.867609,25.222862,1.591135,3.545897,-12.000000,0.567087,-1.415623,7.855276,-160.011444,21.867609,25.222862,1.591135,3.545897,-55.890484,0.567087,-1.415623,48.000000,48.000000,48.000000,48.000000,12.000000,12.000000,12.000000,200.000000,200.000000,0.000000,0.000000,0.000000,0.000000,0.000000,0.000000,0.000000,0.000000,0.000000
90,-0.469943,-0.677138,0.433746,-2.417077,-0.064281,2.046710,-1.030438,0.000000,0.000545,0.152203,-2.027399,2.175005,1.483127,-0.934744,-1.186026,-2.440158,-0.004859,0.004377,6.035066,-1.019859,-0.000048,5.877078,19.793427,22.636627,-5.896091,0.238777,0.023573,9.460908,-48.000000,21.383858,23.492069,1.622099,3.273069,-12.000000,0.724713,-1.467925,9.460908,-163.675568,21.383858,23.492069,1.622099,3.273069,-54.796921,0.724713,-1.467925,48.000000,48.000000,48.000000,48.000000,12.000000,12.000000,12.000000,200.000000,200.000000,0.000000,0.000000,0.000000,0.000000,0.000000,0.000000,0.000000,0.000000,0.000000
91,-0.466132,-0.719402,0.477307,-2.388076,-0.082769,2.024191,-1.080841,0.000000,0.000563,0.327723,-2.028004,2.175004,1.641897,-0.875159,-1.153833,-2.410961,-0.005151,0.004173,7.377320,-1.147246,-0.000072,3.517818,18.473185,21.958076,-6.014371,0.226826,0.024735,11.101477,-48.000000,20.372833,21.206450,1.571829,2.977652,-12.000000,0.741896,-1.487398,11.101477,-167.154678,20.372833,21.206450,1.571829,2.977652,-53.403885,0.741896,-1.487398,48.000000,48.000000,48.000000,48.000000,12.000000,12.000000,12.000000,200.000000,200.000000,0.000000,0.000000,0.000000,0.000000,0.000000,0.000000,0.000000,0.000000,0.000000
92,-0.458647,-0.761604,0.520864,-2.356282,-0.099382,2.001885,-1.131228,0.000000,0.000575,0.528249,-2.026922,2.175005,1.748584,-0.790774,-1.162447,-2.404659,-0.005346,0.003979,8.181232,-1.696563,0.000119,0.592136,17.700689,21.200108,-6.706309,0.220567,0.015608,12.286927,-48.000000,19.039398,18.560108,1.534968,2.601599,-12.000000,0.755206,-1.508396,12.286927,-170.827972,19.039398,18.560108,1.534968,2.601599,-51.652122,0.755206,-1.508396,48.000000,48.000000,48.000000,48.000000,12.000000,12.000000,12.000000,200.000000,200.000000,0.000000,0.000000,0.000000,0.000000,0.000000,0.000000,0.000000,0.000000,0.000000
93,-0.447022,-0.803836,0.564415,-2.322940,-0.113857,1.979080,-1.181660,0.000000,0.000583,0.750770,-2.029956,2.175004,1.785371,-0.700266,-1.200000,-2.391792,-0.005473,0.003758,9.339881,-1.516652,0.000000,-2.597773,16.259396,20.853710,-4.866576,0.205959,0.007436,13.084768,-48.000000,17.251181,15.329737,1.433274,2.142394,-12.000000,0.753269,-1.515042,13.084768,-174.691696,17.251181,15.329737,1.433274,2.142394,-49.527573,0.753269,-1.515042,48.000000,48.000000,48.000000,48.000000,12.000000,12.000000,12.000000,200.000000,200.000000,0.000000,0.000000,0.000000,0.000000,0.000000,0.000000,0.000000,0.000000,0.000000
94,-0.430828,-0.846166,0.607957,-2.289551,-0.126099,1.955423,-1.232155,0.000000,0.000586,0.988082,-2.041354,2.175003,1.739375,-0.606394,-1.247561,-2.400866,-0.007443,0.003493,10.116118,-1.692772,-0.000048,-6.380606,14.737356,20.831240,-6.364989,-0.006397,0.002431,13.332678,-48.000000,15.046781,11.688335,1.281275,1.622931,-12.000000,0.737860,-1.504324,13.332678,-178.866272,15.046781,11.688335,1.281275,1.622931,-46.967972,0.737860,-1.504324,48.000000,48.000000,48.000000,48.000000,12.000000,12.000000,12.000000,200.000000,200.000000,0.000000,0.000000,0.000000,0.000000,0.000000,0.000000,0.000000,0.000000,0.000000
95,-0.409672,-0.888620,0.651489,-2.257785,-0.136481,1.931121,-1.282861,0.000000,0.000586,1.239742,-2.057238,2.175004,1.605647,-0.534947,-1.275931,-2.416327,-0.007135,0.003304,10.779691,-1.848435,0.000024,-10.320080,13.017559,20.892693,-6.166649,-0.001967,0.002737,13.081757,-48.000000,12.561431,7.846465,1.069782,1.082061,-12.000000,0.711514,-1.487485,13.081757,-183.195480,12.561431,7.846465,1.069782,1.082061,-43.817459,0.711514,-1.487485,48.000000,48.000000,48.000000,48.000000,12.000000,12.000000,12.000000,200.000000,200.000000,0.000000,0.000000,0.000000,0.000000,0.000000,0.000000,0.000000,0.000000,0.000000
96,-0.383322,-0.931239,0.695013,-2.229359,-0.145095,1.906899,-1.333820,0.000000,0.000584,1.494031,-2.077105,2.175001,1.389790,-0.463632,-1.266010,-2.439318,-0.006753,0.003093,10.924017,-1.892900,-0.000191,-13.662064,11.415807,20.344400,-5.649924,0.006576,-0.003020,12.208538,-48.000000,9.686070,4.182463,0.834228,0.552583,-12.000000,0.681852,-1.472023,12.208538,-187.286163,9.686070,4.182463,0.834228,0.552583,-39.988235,0.681852,-1.472023,48.000000,48.000000,48.000000,48.000000,12.000000,12.000000,12.000000,200.000000,200.000000,0.000000,0.000000,0.000000,0.000000,0.000000,0.000000,0.000000,0.000000,0.000000
97,-0.351809,-0.974025,0.738528,-2.205717,-0.152067,1.883377,-1.385167,0.000000,0.000582,1.736249,-2.100247,2.174837,1.109498,-0.399462,-1.227802,-2.477823,-0.006334,0.002896,10.124361,-2.279019,-0.008821,-16.242468,9.886917,19.174921,-4.675150,0.012024,-0.003155,10.690588,-48.000000,6.557988,0.846740,0.569742,0.057383,-12.000000,0.645455,-1.450265,10.690588,-191.116226,6.557988,0.846740,0.569742,0.057383,-35.894199,0.645455,-1.450265,48.000000,48.000000,48.000000,48.000000,12.000000,12.000000,12.000000,200.000000,200.000000,0.000000,0.000000,0.000000,0.000000,0.000000,0.000000,0.000000,0.000000,0.000000
98,-0.315442,-1.017005,0.782032,-2.187909,-0.157824,1.860791,-1.436824,0.000000,0.000578,1.959774,-2.123042,2.170612,0.786346,-0.355666,-1.176666,-2.520099,-0.005910,0.002656,9.304893,-1.998401,-0.301147,-17.664497,8.535803,17.768871,-4.462528,0.014418,-0.005267,8.739012,-48.000000,3.249413,-2.049633,0.277077,-0.387130,-12.000000,0.605457,-1.423266,8.739012,-194.723022,3.249413,-2.049633,0.277077,-0.387130,-31.942556,0.605457,-1.423266,48.000000,48.000000,48.000000,48.000000,12.000000,12.000000,12.000000,200.000000,200.000000,0.000000,0.000000,0.000000,0.000000,0.000000,0.000000,0.000000,0.000000,0.000000
99,-0.274696,-1.060251,0.825433,-2.176657,-0.162722,1.839328,-1.488759,0.000000,0.000573,2.157426,-2.155615,2.150193,0.430674,-0.320332,-1.108286,-2.566799,-0.005403,0.002294,8.130288,-2.205801,-1.170778,-18.520233,7.645640,16.288435,-3.903317,0.017917,-0.009563,6.475808,-48.000000,-0.225657,-4.537899,-0.056692,-0.799909,-12.000000,0.558202,-1.383157,6.475808,-198.102249,-0.225657,-4.537899,-0.056692,-0.799909,-28.356110,0.558202,-1.383157,48.000000,48.000000,48.000000,48.000000,12.000000,12.000000,12.000000,200.000000,200.000000,0.000000,0.000000,0.000000,0.000000,0.000000,0.000000,0.000000,0.000000,0.000000
100,-0.231372,-1.103819,0.868745,-2.171505,-0.167572,1.818308,-1.540945,0.000000,0.000563,2.176303,-2.175000,2.145709,0.168358,-0.331153,-1.097341,-2.609649,-0.005087,0.002030,0.012755,0.000072,-1.213384,-13.355245,5.601639,14.108122,-0.728607,0.000928,0.003700,4.361368,-48.000000,-3.529275,-6.783908,-0.498145,-0.982600,-12.000000,0.509660,-1.327271,4.361368,-201.410507,-3.529275,-6.783908,-0.498145,-0.982600,-25.282808,0.509660,-1.327271,48.000000,48.000000,48.000000,48.000000,12.000000,12.000000,12.000000,200.000000,200.000000,0.000000,0.000000,0.000000,0.000000,0.000000,0.000000,0.000000,0.000000,0.000000
101,-0.187898,-1.147438,0.911864,-2.171355,-0.173922,1.797598,-1.593148,0.000000,0.000549,2.176748,-2.175001,2.118574,-0.097187,-0.427273,-1.050693,-2.608985,-0.004795,0.001624,0.007319,-0.000072,-2.177572,-14.512852,4.827910,14.867390,0.053859,-0.001483,0.007997,3.568101,-48.000000,-7.061624,-8.929674,-0.798660,-1.163501,-12.000000,0.478010,-1.257137,3.568101,-204.896347,-7.061624,-8.929674,-0.798660,-1.163501,-23.888262,0.478010,-1.257137,48.000000,48.000000,48.000000,48.000000,12.000000,12.000000,12.000000,200.000000,200.000000,0.000000,0.000000,0.000000,0.000000,0.000000,0.000000,0.000000,0.000000,0.000000
102,-0.144391,-1.191078,0.954748,-2.176439,-0.182660,1.777535,-1.645351,0.000000,0.000531,2.177006,-2.175001,2.092351,-0.368940,-0.538864,-0.995829,-2.608106,-0.004464,0.001288,0.003457,-0.000048,-2.294731,-14.615748,5.930638,14.221048,0.067997,0.000886,0.016423,2.775898,-48.000000,-10.262934,-10.229436,-0.976823,-1.306015,-12.000000,0.447265,-1.182312,2.775898,-207.873489,-10.262934,-10.229436,-0.976823,-1.306015,-22.641094,0.447265,-1.182312,48.000000,48.000000,48.000000,48.000000,12.000000,12.000000,12.000000,200.000000,200.000000,0.000000,0.000000,0.000000,0.000000,0.000000,0.000000,0.000000,0.000000,0.000000
103,-0.101888,-1.234696,0.997293,-2.186958,-0.194830,1.758137,-1.697554,0.004018,0.004839,2.138780,-2.175001,2.044365,-0.708786,-0.711877,-0.895438,-2.604533,0.196043,0.210031,-3.830051,0.000000,-5.027270,-22.215473,4.893941,19.696760,0.343680,0.099470,-0.066267,2.040381,-48.000000,-13.039574,-10.760633,-1.132435,-1.364153,-12.000000,56.481628,53.549660,2.040381,-210.427673,-13.039574,-10.760633,-1.132435,-1.364153,-21.399471,56.481628,53.549660,48.000000,48.000000,48.000000,48.000000,12.000000,12.000000,12.000000,200.000000,200.000000,0.000000,0.000000,0.000000,0.000000,0.000000,0.000000,0.000000,0.000000,0.000000
104,-0.060565,-1.278320,1.038618,-2.202106,-0.194530,1.732419,-1.749754,0.002711,0.003419,2.143766,-2.175002,1.972191,-0.838768,0.188498,-1.307696,-2.603457,-0.055081,-0.061130,6.808901,-0.000215,1.644921,-8.115631,16.626390,7.279217,0.016737,1.452140,1.060447,3.365194,-48.000000,-21.080872,-2.818208,-0.087319,-1.264882,-8.543585,0.325861,-1.025911,3.365194,-198.398972,-21.080872,-2.818208,-0.087319,-1.264882,-8.543585,0.325861,-1.025911,48.000000,48.000000,48.000000,48.000000,12.000000,12.000000,12.000000,200.000000,200.000000,0.000000,0.000000,0.000000,0.000000,0.000000,0.000000,0.000000,0.000000,0.000000
105,-0.017480,-1.321949,1.080722,-2.222336,-0.211318,1.719034,-1.801957,0.006744,0.007669,2.176848,-2.175001,1.996236,-1.179253,-1.245406,-0.353793,-2.603864,0.196662,0.210449,-0.019741,0.000048,-5.186915,-17.252827,-13.998437,28.680954,0.287557,-0.179903,0.338444,-0.903273,-48.000000,-19.812235,-10.682327,-2.728377,-0.546245,-12.000000,50.675346,48.236088,-0.903273,-210.989105,-19.812235,-10.682327,-2.728377,-0.546245,-21.480303,50.675346,48.236088,48.000000,48.000000,48.000000,48.000000,12.000000,12.000000,12.000000,200.000000,200.000000,0.000000,0.000000,0.000000,0.000000,0.000000,0.000000,0.000000,0.000000,0.000000
106,0.022011,-1.365559,1.120832,-2.242470,-0.221486,1.693180,-1.854158,0.010777,0.011905,1.920204,-2.175002,1.866157,-0.969584,-0.272695,-1.438061,-2.603314,0.200168,0.207271,-11.158228,-0.000048,-7.801747,4.149729,27.923859,2.610075,0.024366,0.315848,-0.326610,-0.163873,-48.000000,-21.594408,0.275727,0.121886,-1.121110,-6.754539,42.806839,39.335709,-0.163873,-202.480988,-21.594408,0.275727,0.121886,-1.121110,-6.754539,42.806839,39.335709,48.000000,48.000000,48.000000,48.000000,12.000000,12.000000,12.000000,200.000000,200.000000,0.000000,0.000000,0.000000,0.000000,0.000000,0.000000,0.000000,0.000000,0.000000
107,0.059107,-1.409202,1.158467,-2.261513,-0.224613,1.667537,-1.906358,0.014847,0.016087,1.846326,-2.175002,1.715768,-0.958290,-0.191381,-1.076447,-2.601953,0.200860,0.206547,-4.106605,-0.000072,-7.686377,1.391023,4.369661,20.566059,0.033712,0.013964,-0.010082,0.786184,-48.000000,-26.940319,0.710450,-1.236657,-0.084133,-9.637685,34.304619,31.340498,0.786184,-200.603058,-26.940319,0.710450,-1.236657,-0.084133,-9.637685,34.304619,31.340498,48.000000,48.000000,48.000000,48.000000,12.000000,12.000000,12.000000,200.000000,200.000000,0.000000,0.000000,0.000000,0.000000,0.000000,0.000000,0.000000,0.000000,0.000000
108,0.094261,-1.452835,1.193894,-2.278761,-0.230003,1.644881,-1.958558,0.018916,0.020259,1.712979,-2.175002,1.618476,-0.817643,-0.347688,-0.979109,-2.602246,0.201372,0.206526,-6.850803,-0.000191,-6.176364,5.941117,2.336058,16.727930,0.063109,0.052479,0.010347,-1.686773,-48.000000,-25.823162,1.991740,-1.388696,0.080005,-10.550941,26.155098,23.009411,-1.686773,-202.671860,-25.823162,1.991740,-1.388696,0.080005,-10.550941,26.155098,23.009411,48.000000,48.000000,48.000000,48.000000,12.000000,12.000000,12.000000,200.000000,200.000000,0.000000,0.000000,0.000000,0.000000,0.000000,0.000000,0.000000,0.000000,0.000000
109,0.126481,-1.496461,1.227668,-2.292384,-0.238747,1.621922,-2.010759,0.022988,0.024418,1.546169,-2.175002,1.543573,-0.609572,-0.494846,-1.010019,-2.602532,0.202191,0.206463,-8.123672,-0.000024,-5.397701,8.147794,4.907298,16.217863,0.072360,0.081114,0.009474,-3.013697,-48.000000,-24.453232,2.844461,-1.301581,0.217258,-11.990428,17.963032,14.682919,-3.013697,-205.815704,-24.453232,2.844461,-1.301581,0.217258,-11.990428,17.963032,14.682919,48.000000,48.000000,48.000000,48.000000,12.000000,12.000000,12.000000,200.000000,200.000000,0.000000,0.000000,0.000000,0.000000,0.000000,0.000000,0.000000,0.000000,0.000000
110,0.155435,-1.540092,1.259810,-2.301852,-0.248824,1.599463,-2.062959,0.027058,0.028559,1.375165,-2.175002,1.458854,-0.393595,-0.524001,-0.963359,-2.602599,0.202779,0.206236,-8.291554,-0.000143,-5.676544,8.874596,7.543808,17.095041,0.061798,0.062746,-0.000443,-3.596946,-48.000000,-23.944889,3.242249,-1.187768,0.357827,-12.000000,9.741306,6.394684,-3.596946,-208.211624,-23.944889,3.242249,-1.187768,0.357827,-13.414417,9.741306,6.394684,48.000000,48.000000,48.000000,48.000000,12.000000,12.000000,12.000000,200.000000,200.000000,0.000000,0.000000,0.000000,0.000000,0.000000,0.000000,0.000000,0.000000,0.000000
111,0.181388,-1.583729,1.290449,-2.307152,-0.258637,1.578993,-2.115159,0.031073,0.032352,1.233825,-2.175001,1.395255,-0.184453,-0.487032,-0.845621,-2.602482,0.184657,0.159449,-5.611384,-0.000048,-2.625275,9.081920,7.575417,16.313339,0.061703,-1.798569,-3.479853,-4.096761,-48.000000,-23.743340,3.129343,-1.143994,0.414764,-12.000000,1.557581,-0.623419,-4.096761,-209.439346,-23.743340,3.129343,-1.143994,0.414764,-14.181109,1.557581,-0.623419,48.000000,48.000000,48.000000,48.000000,12.000000,12.000000,12.000000,200.000000,200.000000,0.000000,0.000000,0.000000,0.000000,0.000000,0.000000,0.000000,0.000000,0.000000
112,0.205690,-1.627375,1.321328,-2.308456,-0.270170,1.562339,-2.167360,0.034112,0.034963,1.154166,-2.175003,1.414226,0.006356,-0.577859,-0.616592,-2.602293,0.124023,0.107560,-4.312074,-0.000143,-0.646734,9.070280,6.450593,16.234421,0.067520,-2.717186,-2.290262,-5.342972,-48.000000,-23.573572,1.860919,-1.277998,0.439485,-12.000000,-0.609469,-0.609954,-5.342972,-212.000824,-23.573572,1.860919,-1.277998,0.439485,-15.684736,-0.609469,-0.609954,48.000000,48.000000,48.000000,48.000000,12.000000,12.000000,12.000000,200.000000,200.000000,0.000000,0.000000,0.000000,0.000000,0.000000,0.000000,0.000000,0.000000,0.000000
113,0.228374,-1.671015,1.352740,-2.305802,-0.286995,1.548647,-2.219560,0.036166,0.036719,1.073885,-2.175001,1.445490,0.189396,-0.881333,-0.496355,-2.602302,0.083834,0.073530,-4.149389,0.000048,-0.596356,7.895945,5.356896,13.817838,0.088239,-1.779988,-1.422776,-6.109800,-48.000000,-22.758293,-0.140442,-1.525572,0.185381,-12.000000,-0.647685,-0.607770,-6.109800,-215.860840,-22.758293,-0.140442,-1.525572,0.185381,-17.199322,-0.647685,-0.607770,48.000000,48.000000,48.000000,48.000000,12.000000,12.000000,12.000000,200.000000,200.000000,0.000000,0.000000,0.000000,0.000000,0.000000,0.000000,0.000000,0.000000,0.000000
114,0.249586,-1.714670,1.384356,-2.299581,-0.306967,1.535782,-2.271760,0.037555,0.037913,1.008130,-2.175002,1.443117,0.348104,-0.960775,-0.481417,-2.601971,0.056853,0.050193,-3.273594,0.000000,-2.097476,6.384987,11.840534,11.644730,0.074625,-1.186517,-0.982795,-5.725526,-48.000000,-23.265358,-1.846283,-1.309840,-0.163426,-12.000000,-0.732237,-0.736561,-5.725526,-217.791382,-23.265358,-1.846283,-1.309840,-0.163426,-17.702305,-0.732237,-0.736561,48.000000,48.000000,48.000000,48.000000,12.000000,12.000000,12.000000,200.000000,200.000000,0.000000,0.000000,0.000000,0.000000,0.000000,0.000000,0.000000,0.000000,0.000000
115,0.269886,-1.758338,1.415421,-2.290764,-0.326642,1.523926,-2.323961,0.038490,0.038716,0.979657,-2.175002,1.401303,0.445742,-0.912714,-0.425642,-2.601585,0.038334,0.033780,-1.537830,-0.000119,-3.706741,3.848240,13.950658,11.023008,0.058508,-0.811649,-0.683312,-4.566418,-48.000000,-24.429419,-3.880548,-1.299368,-0.481368,-12.000000,-0.785642,-0.760653,-4.566418,-218.124161,-24.429419,-3.880548,-1.299368,-0.481368,-17.005297,-0.785642,-0.760653,48.000000,48.000000,48.000000,48.000000,12.000000,12.000000,12.000000,200.000000,200.000000,0.000000,0.000000,0.000000,0.000000,0.000000,0.000000,0.000000,0.000000,0.000000
116,0.290581,-1.762810,1.453997,-2.277347,-0.353690,1.509705,-2.376161,0.039062,0.039332,1.016004,0.000105,1.752625,0.584603,-0.785096,-0.240452,-2.610001,0.026030,0.025636,-2.713728,-0.027382,-9.652019,-7.182318,62.027161,35.370590,0.000048,-0.259698,-0.383233,-3.601954,-48.000000,-27.666033,-6.947756,0.945347,0.059060,-12.000000,-0.440923,-1.042758,-3.601954,-227.577072,-27.666033,-6.947756,0.945347,0.059060,-14.952185,-0.440923,-1.042758,48.000000,48.000000,48.000000,48.000000,12.000000,12.000000,12.000000,200.000000,200.000000,0.000000,0.000000,0.000000,0.000000,0.000000,0.000000,0.000000,0.000000,0.000000
117,0.309308,-1.762798,1.481691,-2.270170,-0.327624,1.527929,-2.424263,0.039386,0.039745,0.833118,0.000000,1.043681,0.245414,1.747958,1.026946,-2.001779,0.015187,0.013582,-12.134493,-0.094623,-28.234636,-6.476913,33.003616,-4.895961,45.246841,-0.370995,-0.718608,-15.199798,-48.000000,-48.000000,-15.866282,0.223043,-1.718793,0.136109,-0.337392,-1.269000,-15.199798,-206.105621,-66.596649,-15.866282,0.223043,-1.718793,0.136109,-0.337392,-1.269000,48.000000,48.000000,48.000000,48.000000,12.000000,12.000000,12.000000,200.000000,200.000000,0.000000,0.000000,0.000000,0.000000,0.000000,0.000000,0.000000,0.000000,0.000000
118,0.324602,-1.762798,1.498813,-2.268997,-0.296495,1.553997,-2.466707,0.039663,0.039886,0.686639,0.000000,0.575654,-0.098541,1.075343,1.183867,-1.730795,0.010190,0.007141,-8.415288,0.000003,-22.549374,-13.427628,-34.531818,-18.353796,39.318394,-0.305800,-0.106082,-16.289417,-48.000000,-48.000000,-21.598610,-3.800184,-2.721302,0.113461,-0.403385,-0.467869,-16.289417,-209.253769,-63.363136,-21.598610,-3.800184,-2.721302,0.113461,-0.403385,-0.467869,48.000000,48.000000,48.000000,48.000000,12.000000,12.000000,12.000000,200.000000,200.000000,0.000000,0.000000,0.000000,0.000000,0.000000,0.000000,0.000000,0.000000,0.000000
119,0.336746,-1.762800,1.507314,-2.273237,-0.279755,1.570410,-2.498742,0.039845,0.039924,0.527308,0.000000,0.127952,-0.358780,0.488619,0.601661,-1.300661,0.006281,0.002249,-7.733732,-0.000004,-23.003574,-13.768112,-21.428478,-20.393950,29.274977,-0.159520,-0.159863,-16.509214,-48.000000,-48.000000,-21.717533,-3.438610,-3.216889,0.076266,-0.315737,-0.210570,-16.509214,-214.021988,-59.175934,-21.717533,-3.438610,-3.216889,0.076266,-0.315737,-0.210570,48.000000,48.000000,48.000000,48.000000,12.000000,12.000000,12.000000,200.000000,200.000000,0.000000,0.000000,0.000000,0.000000,0.000000,0.000000,0.000000,0.000000,0.000000
120,0.346108,-1.762802,1.507125,-2.282979,-0.274120,1.575734,-2.530456,0.039971,0.039917,0.401063,0.005071,-0.328207,-0.652273,0.050981,0.147907,-1.301666,0.004219,0.000993,-6.192493,0.080574,-23.775366,-15.647859,-11.368076,-10.980042,29.173183,-0.067931,0.013377,-15.249871,-48.000000,-48.000000,-21.482094,-3.224435,-3.121864,0.077203,-0.317870,0.077414,-15.249871,-219.072205,-54.911629,-21.482094,-3.224435,-3.121864,0.077203,-0.317870,0.077414,48.000000,48.000000,48.000000,48.000000,12.000000,12.000000,12.000000,200.000000,200.000000,0.000000,0.000000,0.000000,0.000000,0.000000,0.000000,0.000000,0.000000,0.000000
121,0.353129,-1.762811,1.498028,-2.298825,-0.276394,1.574509,-2.560435,0.040000,0.039899,0.283464,0.009698,-0.812095,-0.961967,-0.223202,-0.062539,-1.236993,0.001211,-0.000065,-6.175050,-0.545425,-25.529093,-15.623850,-2.866688,-2.747302,26.757669,0.044276,-0.013101,-14.319569,-48.000000,-48.000000,-20.651276,-3.105463,-2.944843,0.081371,-0.076822,0.183380,-14.319569,-223.267014,-49.123322,-20.651276,-3.105463,-2.944843,0.081371,-0.076822,0.183380,48.000000,48.000000,48.000000,48.000000,12.000000,12.000000,12.000000,200.000000,200.000000,0.000000,0.000000,0.000000,0.000000,0.000000,0.000000,0.000000,0.000000,0.000000
122,0.357858,-1.762812,1.480384,-2.320784,-0.285982,1.570027,-2.588140,0.040000,0.039883,0.174561,0.000071,-1.196380,-1.268337,-0.566381,-0.179588,-1.153231,0.001186,-0.000126,-5.836154,0.005745,-19.481586,-15.048647,-2.952272,-0.623645,25.552237,0.029036,0.040977,-13.606303,-48.000000,-41.482109,-19.910349,-2.999751,-2.769651,0.143072,-0.089595,0.281385,-13.606303,-227.042526,-41.482109,-19.910349,-2.999751,-2.769651,0.143072,-0.089595,0.281385,48.000000,48.000000,48.000000,48.000000,12.000000,12.000000,12.000000,200.000000,200.000000,0.000000,0.000000,0.000000,0.000000,0.000000,0.000000,0.000000,0.000000,0.000000
123,0.360277,-1.762810,1.456499,-2.348409,-0.302268,1.563096,-2.612907,0.040000,0.039881,0.059590,0.000069,-1.439406,-1.536610,-0.851893,-0.292040,-1.031476,0.001129,0.000403,-6.097853,0.006509,-12.808979,-13.376069,2.383864,1.270971,22.791862,0.024181,0.028022,-13.043708,-48.000000,-33.469566,-18.373722,-2.419424,-2.438998,0.120511,-0.088768,0.232725,-13.043708,-230.121750,-33.469566,-18.373722,-2.419424,-2.438998,0.120511,-0.088768,0.232725,48.000000,48.000000,48.000000,48.000000,12.000000,12.000000,12.000000,200.000000,200.000000,0.000000,0.000000,0.000000,0.000000,0.000000,0.000000,0.000000,0.000000,0.000000
124,0.360158,-1.762808,1.428936,-2.380864,-0.323022,1.554351,-2.635645,0.040000,0.039889,-0.073031,0.000067,-1.560963,-1.752387,-1.024148,-0.372815,-0.948959,0.001277,0.000716,-6.920960,0.006311,-6.695366,-10.774220,7.296634,2.777249,20.940107,0.036323,0.008107,-12.602829,-48.000000,-26.144142,-16.164568,-1.821606,-2.029852,0.104633,-0.091393,0.173134,-12.602829,-232.225189,-26.144142,-16.164568,-1.821606,-2.029852,0.104633,-0.091393,0.173134,48.000000,48.000000,48.000000,48.000000,12.000000,12.000000,12.000000,200.000000,200.000000,0.000000,0.000000,0.000000,0.000000,0.000000,0.000000,0.000000,0.000000,0.000000
125,0.357101,-1.762806,1.400084,-2.417033,-0.346102,1.544496,-2.658287,0.040000,0.039901,-0.229204,0.000062,-1.566814,-1.905132,-1.106511,-0.420691,-0.947436,0.001807,0.000700,-7.986064,0.005853,-0.801384,-7.666111,10.570229,3.907671,20.911777,0.066718,-0.014322,-12.226915,-48.000000,-19.546116,-13.418464,-1.295200,-1.555016,0.097122,-0.113955,0.129755,-12.226915,-233.727097,-19.546116,-13.418464,-1.295200,-1.555016,0.097122,-0.113955,0.129755,48.000000,48.000000,48.000000,48.000000,12.000000,12.000000,12.000000,200.000000,200.000000,0.000000,0.000000,0.000000,0.000000,0.000000,0.000000,0.000000,0.000000,0.000000
126,0.350632,-1.762805,1.372236,-2.455624,-0.369772,1.534122,-2.682667,0.040000,0.039909,-0.411161,0.000054,-1.462914,-1.987851,-1.115659,-0.442127,-1.021240,0.002796,0.000441,-9.118521,0.005241,4.830718,-4.249132,12.632740,4.709432,22.580887,0.110207,-0.028130,-11.824348,-48.000000,-13.912876,-10.199137,-0.849317,-1.040475,0.097734,-0.169433,0.119516,-11.824348,-234.891815,-13.912876,-10.199137,-0.849317,-1.040475,0.097734,-0.169433,0.119516,48.000000,48.000000,48.000000,48.000000,12.000000,12.000000,12.000000,200.000000,200.000000,0.000000,0.000000,0.000000,0.000000,0.000000,0.000000,0.000000,0.000000,0.000000
127,0.340263,-1.762803,1.347548,-2.495230,-0.392644,1.523782,-2.710253,0.040000,0.039912,-0.617982,0.000044,-1.258469,-1.996917,-1.067884,-0.436859,-1.155067,0.004247,0.000125,-10.185278,0.004546,10.006261,-0.637400,13.666320,5.335823,25.599062,0.162605,-0.026265,-11.292562,-48.000000,-9.494225,-6.607798,-0.506944,-0.513354,0.105136,-0.262096,0.141263,-11.292562,-235.841919,-9.494225,-6.607798,-0.506944,-0.513354,0.105136,-0.262096,0.141263,48.000000,48.000000,48.000000,48.000000,12.000000,12.000000,12.000000,200.000000,200.000000,0.000000,0.000000,0.000000,0.000000,0.000000,0.000000,0.000000,0.000000,0.000000
128,0.325548,-1.762802,1.327944,-2.534366,-0.413667,1.514035,-2.741853,0.040000,0.039908,-0.846058,0.000033,-0.968134,-1.929869,-0.978345,-0.404014,-1.321492,0.006024,-0.000078,-11.062699,0.003773,14.410221,3.132582,13.849348,5.795386,29.353798,0.213070,-0.008301,-10.521776,-48.000000,-6.474766,-2.775892,-0.283371,-0.010183,0.117119,-0.389283,0.181433,-10.521776,-236.582138,-6.474766,-2.775892,-0.283371,-0.010183,0.117119,-0.389283,0.181433,48.000000,48.000000,48.000000,48.000000,12.000000,12.000000,12.000000,200.000000,200.000000,0.000000,0.000000,0.000000,0.000000,0.000000,0.000000,0.000000,0.000000,0.000000
129,0.306139,-1.762802,1.314965,-2.571477,-0.432044,1.505435,-2.777468,0.040000,0.039902,-1.089038,0.000022,-0.614996,-1.784909,-0.856664,-0.343438,-1.486788,0.007853,-0.000092,-11.618930,0.002935,17.590069,7.036436,13.383829,6.036976,33.088600,0.248056,0.019167,-9.414636,-48.000000,-4.963617,1.128996,-0.179789,0.430912,0.130573,-0.537272,0.222539,-9.414636,-237.083023,-4.963617,1.128996,-0.179789,0.430912,0.130573,-0.537272,0.222539,48.000000,48.000000,48.000000,48.000000,12.000000,12.000000,12.000000,200.000000,200.000000,0.000000,0.000000,0.000000,0.000000,0.000000,0.000000,0.000000,0.000000,0.000000
130,0.281847,-1.762801,1.309595,-2.604970,-0.447329,1.498604,-2.816378,0.040000,0.039894,-1.336936,0.000013,-0.229710,-1.562659,-0.720733,-0.249510,-1.621393,0.009388,0.000061,-11.684060,0.002066,19.141277,10.967422,12.194419,6.057735,36.143589,0.255978,0.048438,-7.901811,-48.000000,-4.896789,4.897148,-0.200300,0.786648,0.142541,-0.682860,0.253260,-7.901811,-237.297409,-4.896789,4.897148,-0.200300,0.786648,0.142541,-0.682860,0.253260,48.000000,48.000000,48.000000,48.000000,12.000000,12.000000,12.000000,200.000000,200.000000,0.000000,0.000000,0.000000,0.000000,0.000000,0.000000,0.000000,0.000000,0.000000
131,0.252710,-1.762801,1.312095,-2.633287,-0.459448,1.494194,-2.857389,0.040000,0.039888,-1.576825,0.000008,0.149672,-1.267143,-0.585409,-0.121547,-1.706129,0.010339,0.000319,-11.113834,0.001239,18.705919,14.719653,10.491758,5.690922,38.085102,0.235627,0.073347,-5.971982,-48.000000,-6.106680,8.291312,-0.319893,1.032875,0.150614,-0.798241,0.268178,-5.971982,-237.176956,-6.106680,8.291312,-0.319893,1.032875,0.150614,-0.798241,0.268178,48.000000,48.000000,48.000000,48.000000,12.000000,12.000000,12.000000,200.000000,200.000000,0.000000,0.000000,0.000000,0.000000,0.000000,0.000000,0.000000,0.000000,0.000000
132,0.219058,-1.762800,1.321924,-2.654994,-0.468639,1.492615,-2.897300,0.040000,0.039885,-1.791095,-0.000719,0.487238,-0.908286,-0.463873,0.006382,-0.000000,0.010446,0.000706,-9.614218,-0.072175,16.534372,17.913103,8.296144,2.725962,210.925171,0.182613,0.097751,-3.625294,-48.000000,-8.244631,11.067829,-0.497229,1.152358,0.152668,-0.862021,0.264744,-3.625294,-236.784668,-8.244631,11.067829,-0.497229,1.152358,0.152668,-0.862021,0.264744,48.000000,48.000000,48.000000,48.000000,12.000000,12.000000,12.000000,200.000000,200.000000,0.000000,0.000000,0.000000,0.000000,0.000000,0.000000,0.000000,0.000000,0.000000
133,0.182085,-1.762802,1.338195,-2.669639,-0.478799,1.493791,-2.897300,0.040000,0.039862,-1.916968,0.000004,0.773977,-0.570175,-0.587174,0.183052,-0.000002,0.002421,-0.000054,-5.305314,0.001991,13.175458,16.913134,3.529334,4.635514,-0.000022,0.009072,0.073023,0.182422,-48.000000,-10.758137,11.264109,-1.006420,1.013117,-9.483959,-0.233042,0.342009,0.182422,-236.838089,-10.758137,11.264109,-1.006420,1.013117,-9.483959,-0.233042,0.342009,48.000000,48.000000,48.000000,48.000000,12.000000,12.000000,12.000000,200.000000,200.000000,0.000000,0.000000,0.000000,0.000000,0.000000,0.000000,0.000000,0.000000,0.000000
134,0.142928,-1.762803,1.358983,-2.676985,-0.487273,1.497749,-2.897300,0.040000,0.039858,-2.012459,0.000020,0.943991,-0.191526,-0.420531,0.309016,-0.000001,0.002428,0.000443,-3.659427,-0.000416,7.730544,18.787016,8.861944,1.842901,-0.000078,-0.004609,0.037398,2.222276,-48.000000,-13.672127,12.626516,-0.767736,0.850163,-11.226807,-0.247430,0.277401,2.222276,-235.795868,-13.672127,12.626516,-0.767736,0.850163,-11.226807,-0.247430,0.277401,48.000000,48.000000,48.000000,48.000000,12.000000,12.000000,12.000000,200.000000,200.000000,0.000000,0.000000,0.000000,0.000000,0.000000,0.000000,0.000000,0.000000,0.000000
135,0.102586,-1.762803,1.382156,-2.676815,-0.493116,1.504478,-2.897300,0.040000,0.039861,-2.041068,0.000028,1.020204,0.172367,-0.313909,0.454266,-0.000001,0.002259,0.000858,-0.356984,-0.001039,3.181177,18.044895,5.790895,0.599080,-0.000054,-0.009083,0.043942,4.975451,-48.000000,-16.283823,12.577456,-1.001567,0.659931,-12.000000,-0.234985,0.244940,4.975451,-234.518646,-16.283823,12.577456,-1.001567,0.659931,-12.635287,-0.234985,0.244940,48.000000,48.000000,48.000000,48.000000,12.000000,12.000000,12.000000,200.000000,200.000000,0.000000,0.000000,0.000000,0.000000,0.000000,0.000000,0.000000,0.000000,0.000000
136,0.062417,-1.762804,1.405943,-2.669671,-0.497075,1.513874,-2.897300,0.040000,0.039871,-2.000403,0.000036,1.017766,0.499131,-0.227092,0.581449,-0.000000,0.002000,0.001200,3.014898,-0.001594,-0.497901,16.111671,4.139973,-1.337808,-0.000023,-0.013321,0.036457,7.515597,-48.000000,-18.474361,11.764111,-1.140738,0.380063,-12.000000,-0.213326,0.189493,7.515597,-233.050674,-18.474361,11.764111,-1.140738,0.380063,-13.326645,-0.213326,0.189493,48.000000,48.000000,48.000000,48.000000,12.000000,12.000000,12.000000,200.000000,200.000000,0.000000,0.000000,0.000000,0.000000,0.000000,0.000000,0.000000,0.000000,0.000000
137,0.023738,-1.762804,1.428990,-2.656491,-0.499336,1.525120,-2.897300,0.040000,0.039887,-1.896419,0.000042,0.959278,0.771681,-0.142889,0.658184,0.000000,0.001666,0.001333,6.063759,-0.001874,-3.042001,13.244141,3.110774,-3.387642,0.000134,-0.017327,0.019751,9.633419,-48.000000,-20.240904,10.324283,-1.228885,0.038862,-12.000000,-0.183887,0.131251,9.633419,-231.494415,-20.240904,10.324283,-1.228885,0.038862,-13.338962,-0.183887,0.131251,48.000000,48.000000,48.000000,48.000000,12.000000,12.000000,12.000000,200.000000,200.000000,0.000000,0.000000,0.000000,0.000000,0.000000,0.000000,0.000000,0.000000,0.000000
138,-0.012311,-1.762804,1.450401,-2.638505,-0.499812,1.537110,-2.897300,0.040000,0.039904,-1.739943,0.000045,0.866102,0.978222,-0.053292,0.677909,0.000000,0.001285,0.001243,8.553850,-0.002001,-4.547048,9.786510,2.274623,-4.947257,0.000044,-0.020403,0.001184,11.237604,-48.000000,-21.670317,8.450143,-1.294024,-0.321503,-12.000000,-0.148942,0.086444,11.237604,-230.007309,-21.670317,8.450143,-1.294024,-0.321503,-12.761345,-0.148942,0.086444,48.000000,48.000000,48.000000,48.000000,12.000000,12.000000,12.000000,200.000000,200.000000,0.000000,0.000000,0.000000,0.000000,0.000000,0.000000,0.000000,0.000000,0.000000
139,-0.044818,-1.762805,1.469703,-2.617103,-0.498345,1.548692,-2.897300,0.040000,0.039919,-1.543359,0.000046,0.757318,1.113667,0.042328,0.641482,-0.000003,0.000905,0.000988,10.427380,-0.001937,-5.174738,6.085658,1.402837,-5.838972,-0.000116,-0.021350,-0.015132,12.332087,-48.000000,-22.805077,6.335100,-1.350750,-0.674196,-11.680845,-0.111836,0.060963,12.332087,-228.738358,-22.805077,6.335100,-1.350750,-0.674196,-11.680845,-0.111836,0.060963,48.000000,48.000000,48.000000,48.000000,12.000000,12.000000,12.000000,200.000000,200.000000,0.000000,0.000000,0.000000,0.000000,0.000000,0.000000,0.000000,0.000000,0.000000
140,-0.073126,-1.762805,1.486750,-2.593700,-0.494882,1.558809,-2.897300,0.040000,0.039930,-1.319287,0.000045,0.646619,1.179344,0.137122,0.556574,-0.000000,0.000574,0.000660,11.687064,-0.001705,-5.212301,2.467966,0.372095,-5.969590,0.000070,-0.019707,-0.026209,12.941604,-48.000000,-23.708168,4.166571,-1.410645,-0.994341,-10.208527,-0.077086,0.054543,12.941604,-227.796722,-23.708168,4.166571,-1.410645,-0.994341,-10.208527,-0.077086,0.054543,48.000000,48.000000,48.000000,48.000000,12.000000,12.000000,12.000000,200.000000,200.000000,0.000000,0.000000,0.000000,0.000000,0.000000,0.000000,0.000000,0.000000,0.000000
141,-0.096816,-1.762805,1.501611,-2.569623,-0.489551,1.566606,-2.897300,0.040000,0.039937,-1.079723,0.000044,0.542288,1.182149,0.223019,0.434953,-0.000000,0.000323,0.000341,12.370432,-0.001326,-4.919428,-0.785983,-0.748549,-5.366263,0.000024,-0.016015,-0.031754,13.100958,-48.000000,-24.417103,2.112656,-1.473940,-1.262037,-8.454207,-0.048311,0.061880,13.100958,-227.245010,-24.417103,2.112656,-1.473940,-1.262037,-8.454207,-0.048311,0.061880,48.000000,48.000000,48.000000,48.000000,12.000000,12.000000,12.000000,200.000000,200.000000,0.000000,0.000000,0.000000,0.000000,0.000000,0.000000,0.000000,0.000000,0.000000
142,-0.115683,-1.762805,1.514469,-2.546031,-0.482698,1.571612,-2.897300,0.040000,0.039940,-0.834727,0.000042,0.448678,1.131619,0.289187,0.297448,0.000000,0.000164,0.000092,12.561774,-0.000902,-4.458552,-3.505862,-1.923549,-4.112455,0.000086,-0.011071,-0.031388,12.870453,-48.000000,-24.937426,0.286332,-1.542974,-1.460071,-6.506231,-0.027454,0.077351,12.870453,-227.075729,-24.937426,0.286332,-1.542974,-1.460071,-6.506231,-0.027454,0.077351,48.000000,48.000000,48.000000,48.000000,12.000000,12.000000,12.000000,200.000000,200.000000,0.000000,0.000000,0.000000,0.000000,0.000000,0.000000,0.000000,0.000000,0.000000
143,-0.129708,-1.762805,1.525564,-2.523870,-0.474817,1.573718,-2.897300,0.040000,0.039940,-0.592928,0.000041,0.367507,1.039834,0.331172,0.159764,0.000000,0.000081,-0.000068,12.329733,-0.000506,-3.936660,-5.572271,-2.930540,-2.514348,0.000091,-0.006691,-0.028272,12.306220,-48.000000,-25.272722,-1.240784,-1.606717,-1.589640,-4.420067,-0.014768,0.093996,12.306220,-227.237701,-25.272722,-1.240784,-1.606717,-1.589640,-4.420067,-0.014768,0.093996,48.000000,48.000000,48.000000,48.000000,12.000000,12.000000,12.000000,200.000000,200.000000,0.000000,0.000000,0.000000,0.000000,0.000000,0.000000,0.000000,0.000000,0.000000
144,-0.139019,-1.762805,1.535149,-2.503834,-0.466460,1.573097,-2.897300,0.040000,0.039938,-0.361190,0.000039,0.298639,0.919363,0.347106,0.034029,-0.000001,0.000053,-0.000148,11.757792,-0.000132,-3.427279,-6.964314,-3.686774,-0.808228,-0.000062,-0.003372,-0.023949,11.481344,-48.000000,-25.445055,-2.447828,-1.661809,-1.657062,-2.269058,-0.008662,0.108728,11.481344,-227.654770,-25.445055,-2.447828,-1.661809,-1.657062,-2.269058,-0.008662,0.108728,48.000000,48.000000,48.000000,48.000000,12.000000,12.000000,12.000000,200.000000,200.000000,0.000000,0.000000,0.000000,0.000000,0.000000,0.000000,0.000000,0.000000,0.000000
145,-0.143866,-1.762806,1.543454,-2.486384,-0.458234,1.570203,-2.897300,0.040000,0.039935,-0.144670,0.000038,0.240722,0.781425,0.333756,-0.066844,-0.000000,0.000056,-0.000166,10.922011,0.000214,-2.974953,-7.733369,-4.213410,0.838287,0.000132,-0.001229,-0.018504,10.460855,-48.000000,-25.487938,-3.356889,-1.711810,-1.669690,-0.133452,-0.006860,0.121279,10.460855,-228.227097,-25.487938,-3.356889,-1.711810,-1.669690,-0.133452,-0.006860,0.121279,48.000000,48.000000,48.000000,48.000000,12.000000,12.000000,12.000000,200.000000,200.000000,0.000000,0.000000,0.000000,0.000000,0.000000,0.000000,0.000000,0.000000,0.000000
146,-0.144589,-1.762806,1.550693,-2.471760,-0.450697,1.565544,-2.889446,0.040000,0.039932,0.052357,0.000038,0.192455,0.636882,0.297676,-0.141418,0.325972,0.000349,-0.000119,9.861195,0.000355,-2.605389,-7.922673,-4.229882,2.320892,-7.519493,0.027392,-0.011383,9.287724,-48.000000,-25.417656,-3.986757,-1.740259,-1.640851,-0.012145,-0.007534,0.130180,9.287724,-228.903549,-25.417656,-3.986757,-1.740259,-1.640851,-0.012145,-0.007534,0.130180,48.000000,48.000000,48.000000,48.000000,12.000000,12.000000,12.000000,200.000000,200.000000,0.000000,0.000000,0.000000,0.000000,0.000000,0.000000,0.000000,0.000000,0.000000
147,-0.141541,-1.762806,1.557031,-2.460124,-0.444667,1.559847,-2.875311,0.040000,0.039931,0.233138,0.000036,0.151113,0.483080,0.215103,-0.181421,0.583096,0.000729,0.000132,8.958448,0.000789,-2.367906,-8.194410,-4.412998,3.428719,-13.307333,0.041190,0.014211,8.153446,-48.000000,-25.382605,-4.706501,-1.804708,-1.623987,-0.030225,-0.031665,0.138140,8.153446,-229.502808,-25.382605,-4.706501,-1.804708,-1.623987,-0.030225,-0.031665,0.138140,48.000000,48.000000,48.000000,48.000000,12.000000,12.000000,12.000000,200.000000,200.000000,0.000000,0.000000,0.000000,0.000000,0.000000,0.000000,0.000000,0.000000,0.000000
148,-0.135119,-1.762806,1.562546,-2.451509,-0.440146,1.553555,-2.857231,0.040000,0.039933,0.390168,0.000036,0.111745,0.334704,0.151079,-0.207277,0.743004,0.001034,0.000339,7.696474,0.000807,-2.281508,-7.769141,-3.256786,3.782748,-16.899311,0.042683,0.020108,6.802197,-48.000000,-25.296074,-5.113080,-1.778113,-1.597219,-0.040105,-0.060727,0.123085,6.802197,-230.045547,-25.296074,-5.113080,-1.778113,-1.597219,-0.040105,-0.060727,0.123085,48.000000,48.000000,48.000000,48.000000,12.000000,12.000000,12.000000,200.000000,200.000000,0.000000,0.000000,0.000000,0.000000,0.000000,0.000000,0.000000,0.000000,0.000000
149,-0.125842,-1.762806,1.567280,-2.445704,-0.436894,1.546886,-2.837761,0.040000,0.039937,0.519313,0.000037,0.074137,0.200980,0.094549,-0.223598,0.797317,0.001163,0.000402,6.253871,0.000925,-2.211651,-6.932489,-2.461267,3.997706,-18.121941,0.032769,0.017957,5.352268,-48.000000,-25.135466,-5.303974,-1.758101,-1.542391,-0.042112,-0.083538,0.108835,5.352268,-230.633835,-25.135466,-5.303974,-1.758101,-1.542391,-0.042112,-0.083538,0.108835,48.000000,48.000000,48.000000,48.000000,12.000000,12.000000,12.000000,200.000000,200.000000,0.000000,0.000000,0.000000,0.000000,0.000000,0.000000,0.000000,0.000000,0.000000
150,-0.114296,-1.762806,1.571261,-2.442348,-0.434747,1.540050,-2.819036,0.040000,0.039939,0.617732,0.000037,0.037392,0.088681,0.045193,-0.229636,0.763910,0.001118,0.000341,4.685802,0.000984,-2.168444,-5.779775,-1.773944,4.136859,-17.370981,0.018789,0.011673,3.858059,-48.000000,-24.922003,-5.300022,-1.733214,-1.462204,-0.037461,-0.093010,0.102240,3.858059,-231.302567,-24.922003,-5.300022,-1.733214,-1.462204,-0.037461,-0.093010,0.102240,48.000000,48.000000,48.000000,48.000000,12.000000,12.000000,12.000000,200.000000,200.000000,0.000000,0.000000,0.000000,0.000000,0.000000,0.000000,0.000000,0.000000,0.000000
151,-0.101102,-1.762806,1.574502,-2.440978,-0.433544,1.533277,-2.802634,0.040000,0.039939,0.684657,0.000037,0.001183,0.001214,0.003092,-0.224534,0.666110,0.000953,0.000217,3.092963,0.001012,-2.123202,-4.472815,-1.182674,4.184811,-15.175158,0.005735,0.005223,2.391414,-48.000000,-24.664761,-5.164849,-1.704526,-1.367237,-0.028285,-0.089614,0.104985,2.391414,-232.052048,-24.664761,-5.164849,-1.704526,-1.367237,-0.028285,-0.089614,0.104985,48.000000,48.000000,48.000000,48.000000,12.000000,12.000000,12.000000,200.000000,200.000000,0.000000,0.000000,0.000000,0.000000,0.000000,0.000000,0.000000,0.000000,0.000000
152,-0.086879,-1.762806,1.577019,-2.441099,-0.433119,1.526803,-2.789554,0.040000,0.039937,0.721310,0.000038,-0.034291,-0.061122,-0.031358,-0.208591,0.527780,0.000736,0.000092,1.572728,0.000965,-2.052454,-3.163216,-0.678235,4.111972,-12.064237,-0.003760,0.000719,1.018150,-48.000000,-24.375246,-4.962586,-1.673285,-1.269252,-0.016269,-0.077407,0.114624,1.018150,-232.867783,-24.375246,-4.962586,-1.673285,-1.269252,-0.016269,-0.077407,0.114624,48.000000,48.000000,48.000000,48.000000,12.000000,12.000000,12.000000,200.000000,200.000000,0.000000,0.000000,0.000000,0.000000,0.000000,0.000000,0.000000,0.000000,0.000000
153,-0.072202,-1.762806,1.578831,-2.442231,-0.433304,1.520832,-2.780280,0.040000,0.039933,0.730571,0.000038,-0.068522,-0.100459,-0.058072,-0.183666,0.370164,0.000520,0.000008,0.206608,0.000888,-1.946190,-1.972383,-0.259671,3.907490,-8.517877,-0.009132,-0.001285,-0.207822,-48.000000,-24.070292,-4.746983,-1.641587,-1.178443,-0.003189,-0.061112,0.127192,-0.207822,-233.724182,-24.070292,-4.746983,-1.641587,-1.178443,-0.003189,-0.061112,0.127192,48.000000,48.000000,48.000000,48.000000,12.000000,12.000000,12.000000,200.000000,200.000000,0.000000,0.000000,0.000000,0.000000,0.000000,0.000000,0.000000,0.000000,0.000000
154,-0.057579,-1.762806,1.579973,-2.443957,-0.433940,1.515525,-2.774854,0.040000,0.039929,0.716583,0.000039,-0.100947,-0.120707,-0.077650,-0.151842,0.211295,0.000336,-0.000023,-0.945318,0.000772,-1.806419,-0.984310,0.064845,3.586538,-4.945056,-0.010907,-0.001141,-1.247310,-48.000000,-23.769506,-4.557442,-1.612172,-1.101569,0.009436,-0.044554,0.139181,-1.247310,-234.589813,-23.769506,-4.557442,-1.612172,-1.101569,0.009436,-0.044554,0.139181,48.000000,48.000000,48.000000,48.000000,12.000000,12.000000,12.000000,200.000000,200.000000,0.000000,0.000000,0.000000,0.000000,0.000000,0.000000,0.000000,0.000000,0.000000
155,-0.043424,-1.762806,1.580485,-2.445951,-0.434890,1.510991,-2.772973,0.040000,0.039924,0.684179,0.000039,-0.131081,-0.126683,-0.091177,-0.115595,0.065361,0.000199,-0.000003,-1.851189,0.000636,-1.641212,-0.241654,0.295369,3.165076,-1.661498,-0.010232,0.000288,-2.081561,-48.000000,-23.489697,-4.418916,-1.586947,-1.042897,0.020701,-0.030169,0.148277,-2.081561,-235.429031,-23.489697,-4.418916,-1.586947,-1.042897,0.020701,-0.030169,0.148277,48.000000,48.000000,48.000000,48.000000,12.000000,12.000000,12.000000,200.000000,200.000000,0.000000,0.000000,0.000000,0.000000,0.000000,0.000000,0.000000,0.000000,0.000000
156,-0.030055,-1.762806,1.580420,-2.447978,-0.436044,1.507281,-2.774108,0.040000,0.039920,0.638367,0.000040,-0.158497,-0.123398,-0.099915,-0.077633,-0.058372,0.000107,0.000049,-2.503628,0.000512,-1.458248,0.245617,0.449676,2.676636,1.123966,-0.008362,0.002022,-2.709981,-48.000000,-23.239126,-4.343004,-1.566522,-1.003682,0.029956,-0.019038,0.153531,-2.709981,-236.212112,-23.239126,-4.343004,-1.566522,-1.003682,0.029956,-0.019038,0.153531,48.000000,48.000000,48.000000,48.000000,12.000000,12.000000,12.000000,200.000000,200.000000,0.000000,0.000000,0.000000,0.000000,0.000000,0.000000,0.000000,0.000000,0.000000
157,-0.017690,-1.762806,1.579837,-2.449900,-0.437321,1.504388,-2.777608,0.040000,0.039917,0.583894,0.000040,-0.182830,-0.115481,-0.105250,-0.040630,-0.155146,0.000050,0.000113,-2.917343,0.000406,-1.263936,0.496656,0.540186,2.151084,3.301932,-0.006200,0.003396,-3.146543,-48.000000,-23.020285,-4.329094,-1.550899,-0.982974,0.036835,-0.011162,0.155192,-3.146543,-236.920334,-23.020285,-4.329094,-1.550899,-0.982974,0.036835,-0.011162,0.155192,48.000000,48.000000,48.000000,48.000000,12.000000,12.000000,12.000000,200.000000,200.000000,0.000000,0.000000,0.000000,0.000000,0.000000,0.000000,0.000000,0.000000,0.000000
158,-0.006461,-1.762806,1.578802,-2.451668,-0.438666,1.502252,-2.782800,0.040000,0.039916,0.524890,0.000040,-0.203803,-0.106774,-0.108291,-0.006906,-0.224081,0.000017,0.000175,-3.124130,0.000307,-1.064205,0.550435,0.588093,1.625158,4.855120,-0.004274,0.004200,-3.416240,-48.000000,-22.830681,-4.366637,-1.539177,-0.977772,0.041470,-0.006014,0.154266,-3.416240,-237.544373,-22.830681,-4.366637,-1.539177,-0.977772,0.041470,-0.006014,0.154266,48.000000,48.000000,48.000000,48.000000,12.000000,12.000000,12.000000,200.000000,200.000000,0.000000,0.000000,0.000000,0.000000,0.000000,0.000000,0.000000,0.000000,0.000000
159,0.003576,-1.762806,1.577387,-2.453292,-0.440048,1.500772,-2.789058,0.040000,0.039915,0.464657,0.000041,-0.221193,-0.100102,-0.109925,0.021807,-0.267318,0.000001,0.000225,-3.166053,0.000246,-0.862889,0.457095,0.611879,1.135553,5.828011,-0.002773,0.004349,-3.550261,-48.000000,-22.663927,-4.438754,-1.530207,-0.983768,0.043963,-0.002871,0.151740,-3.550261,-238.083221,-22.663927,-4.438754,-1.530207,-0.983768,0.043963,-0.002871,0.151740,48.000000,48.000000,48.000000,48.000000,12.000000,12.000000,12.000000,200.000000,200.000000,0.000000,0.000000,0.000000,0.000000,0.000000,0.000000,0.000000,0.000000,0.000000
160,0.012422,-1.762806,1.575665,-2.454831,-0.441447,1.499819,-2.795854,0.040000,0.039915,0.405587,0.000041,-0.234832,-0.097211,-0.110778,0.044428,-0.288878,-0.000006,0.000260,-3.089046,0.000206,-0.662269,0.270873,0.623256,0.707232,6.312826,-0.001706,0.004093,-3.580968,-48.000000,-22.512484,-4.525555,-1.522838,-0.996409,0.044768,-0.001100,0.148599,-3.580968,-238.542206,-22.512484,-4.525555,-1.522838,-0.996409,0.044768,-0.001100,0.148599,48.000000,48.000000,48.000000,48.000000,12.000000,12.000000,12.000000,200.000000,200.000000,0.000000,0.000000,0.000000,0.000000,0.000000,0.000000,0.000000,0.000000,0.000000
161,0.020116,-1.762806,1.573714,-2.456368,-0.442856,1.499252,-2.802783,0.040000,0.039916,0.349200,0.000041,-0.244604,-0.098837,-0.111302,0.060614,-0.293822,-0.000008,0.000281,-2.936894,0.000174,-0.464380,0.042429,0.632112,0.362293,6.424779,-0.000966,0.003600,-3.538437,-48.000000,-22.369015,-4.607207,-1.516115,-1.011142,0.044379,-0.000187,0.145420,-3.538437,-238.931091,-22.369015,-4.607207,-1.516115,-1.011142,0.044379,-0.000187,0.145420,48.000000,48.000000,48.000000,48.000000,12.000000,12.000000,12.000000,200.000000,200.000000,0.000000,0.000000,0.000000,0.000000,0.000000,0.000000,0.000000,0.000000,0.000000
162,0.026719,-1.762806,1.571613,-2.457989,-0.444274,1.498936,-2.809565,0.040000,0.039916,0.296248,0.000041,-0.250456,-0.104839,-0.111752,0.070623,-0.287350,-0.000007,0.000291,-2.747765,0.000196,-0.270772,-0.183580,0.644586,0.109340,6.280628,-0.000474,0.003058,-3.447864,-48.000000,-22.227554,-4.665598,-1.509317,-1.024226,0.043222,0.000190,0.142571,-3.447864,-239.261353,-22.227554,-4.665598,-1.509317,-1.024226,0.043222,0.000190,0.142571,48.000000,48.000000,48.000000,48.000000,12.000000,12.000000,12.000000,200.000000,200.000000,0.000000,0.000000,0.000000,0.000000,0.000000,0.000000,0.000000,0.000000,0.000000
163,0.032302,-1.762805,1.569439,-2.459776,-0.445703,1.498747,-2.816032,0.040000,0.039917,0.246910,0.000041,-0.252402,-0.114444,-0.112351,0.075404,-0.274207,-0.000004,0.000295,-2.550819,0.000196,-0.083050,-0.373571,0.659456,-0.050825,5.983088,-0.000120,0.002585,-3.328119,-48.000000,-22.084536,-4.687057,-1.502174,-1.032677,0.041520,0.000257,0.140194,-3.328119,-239.544037,-22.084536,-4.687057,-1.502174,-1.032677,0.041520,0.000257,0.140194,48.000000,48.000000,48.000000,48.000000,12.000000,12.000000,12.000000,200.000000,200.000000,0.000000,0.000000,0.000000,0.000000,0.000000,0.000000,0.000000,0.000000,0.000000
164,0.036936,-1.762806,1.567272,-2.461785,-0.447148,1.498595,-2.822115,0.040000,0.039918,0.200943,0.000041,-0.250541,-0.126440,-0.113173,0.076311,-0.258162,0.000000,0.000293,-2.366906,0.000215,0.096026,-0.504327,0.682750,-0.124519,5.625239,0.000146,0.002240,-3.192762,-48.000000,-21.938730,-4.662480,-1.494469,-1.034710,0.039890,0.000125,0.138358,-3.192762,-239.788025,-21.938730,-4.662480,-1.494469,-1.034710,0.039890,0.000125,0.138358,48.000000,48.000000,48.000000,48.000000,12.000000,12.000000,12.000000,200.000000,200.000000,0.000000,0.000000,0.000000,0.000000,0.000000,0.000000,0.000000,0.000000,0.000000
165,0.040683,-1.762805,1.565185,-2.464050,-0.448613,1.498415,-2.827807,0.040000,0.039919,0.157870,0.000041,-0.245061,-0.139382,-0.114250,0.074710,-0.242021,0.000005,0.000289,-2.207702,0.000256,0.264354,-0.562872,0.706705,-0.134459,5.261938,0.000386,0.002027,-3.049196,-48.000000,-21.791605,-4.588088,-1.486377,-1.029899,0.038216,-0.000130,0.137044,-3.049196,-240.000305,-21.791605,-4.588088,-1.486377,-1.029899,0.038216,-0.000130,0.137044,48.000000,48.000000,48.000000,48.000000,12.000000,12.000000,12.000000,200.000000,200.000000,0.000000,0.000000,0.000000,0.000000,0.000000,0.000000,0.000000,0.000000,0.000000
166,0.043594,-1.762806,1.563249,-2.466574,-0.450101,1.498175,-2.833148,0.040000,0.039919,0.117125,0.000041,-0.236265,-0.151776,-0.115362,0.071983,-0.227581,0.000011,0.000284,-2.077209,0.000273,0.416788,-0.546648,0.741878,-0.092801,4.938157,0.000613,0.001909,-2.900534,-48.000000,-21.646902,-4.464124,-1.477872,-1.018533,0.036798,-0.000493,0.136212,-2.900534,-240.185059,-21.646902,-4.464124,-1.477872,-1.018533,0.036798,-0.000493,0.136212,48.000000,48.000000,48.000000,48.000000,12.000000,12.000000,12.000000,200.000000,200.000000,0.000000,0.000000,0.000000,0.000000,0.000000,0.000000,0.000000,0.000000,0.000000
167,0.045711,-1.762805,1.561527,-2.469334,-0.451608,1.497869,-2.838204,0.040000,0.039919,0.078188,0.000041,-0.224529,-0.162246,-0.116428,0.069226,-0.215907,0.000018,0.000279,-1.973137,0.000300,0.551566,-0.460571,0.772295,-0.027072,4.675151,0.000850,0.001899,-2.746288,-48.000000,-21.509127,-4.295680,-1.469545,-1.001786,0.035601,-0.000957,0.135837,-2.746288,-240.345459,-21.509127,-4.295680,-1.469545,-1.001786,0.035601,-0.000957,0.135837,48.000000,48.000000,48.000000,48.000000,12.000000,12.000000,12.000000,200.000000,200.000000,0.000000,0.000000,0.000000,0.000000,0.000000,0.000000,0.000000,0.000000,0.000000
168,0.047065,-1.762805,1.560071,-2.472275,-0.453127,1.497510,-2.843046,0.040000,0.039920,0.040659,0.000041,-0.210353,-0.169630,-0.117077,0.067362,-0.207116,0.000026,0.000274,-1.889076,0.000312,0.662737,-0.315976,0.809890,0.054285,4.478538,0.001087,0.001967,-2.584091,-48.000000,-21.384274,-4.089827,-1.461504,-0.981123,0.034724,-0.001539,0.135879,-2.584091,-240.482147,-21.384274,-4.089827,-1.461504,-0.981123,0.034724,-0.001539,0.135879,48.000000,48.000000,48.000000,48.000000,12.000000,12.000000,12.000000,200.000000,200.000000,0.000000,0.000000,0.000000,0.000000,0.000000,0.000000,0.000000,0.000000,0.000000
169,0.047682,-1.762805,1.558927,-2.475328,-0.454645,1.497126,-2.847737,0.040000,0.039920,0.004337,0.000041,-0.194285,-0.173086,-0.117177,0.066956,-0.200853,0.000036,0.000269,-1.815232,0.000303,0.749089,-0.128345,0.837260,0.128363,4.340602,0.001334,0.002088,-2.409918,-48.000000,-21.277512,-3.856992,-1.454513,-0.958501,0.034140,-0.002218,0.136232,-2.409918,-240.595306,-21.277512,-3.856992,-1.454513,-0.958501,0.034140,-0.002218,0.136232,48.000000,48.000000,48.000000,48.000000,12.000000,12.000000,12.000000,200.000000,200.000000,0.000000,0.000000,0.000000,0.000000,0.000000,0.000000,0.000000,0.000000,0.000000
170,0.047585,-1.762805,1.558124,-2.478410,-0.456146,1.496755,-2.852317,0.040000,0.039920,-0.030767,0.000040,-0.176942,-0.172124,-0.116466,0.068325,-0.196353,0.000045,0.000266,-1.741021,0.000288,0.806895,0.084355,0.860878,0.189465,4.239361,0.001513,0.002252,-2.219975,-48.000000,-21.193810,-3.608093,-1.448739,-0.935763,0.033583,-0.003015,0.136837,-2.219975,-240.683929,-21.193810,-3.608093,-1.448739,-0.935763,0.033583,-0.003015,0.136837,48.000000,48.000000,48.000000,48.000000,12.000000,12.000000,12.000000,200.000000,200.000000,0.000000,0.000000,0.000000,0.000000,0.000000,0.000000,0.000000,0.000000,0.000000
171,0.046801,-1.762805,1.557683,-2.481428,-0.457610,1.496435,-2.856809,0.040000,0.039919,-0.064437,0.000040,-0.158938,-0.166612,-0.114891,0.071435,-0.192639,0.000055,0.000265,-1.656313,0.000277,0.836685,0.304297,0.868464,0.223722,4.159312,0.001665,0.002388,-2.011261,-48.000000,-21.136295,-3.354928,-1.444697,-0.914799,0.033226,-0.003823,0.137515,-2.011261,-240.747681,-21.136295,-3.354928,-1.444697,-0.914799,0.033226,-0.003823,0.137515,48.000000,48.000000,48.000000,48.000000,12.000000,12.000000,12.000000,200.000000,200.000000,0.000000,0.000000,0.000000,0.000000,0.000000,0.000000,0.000000,0.000000,0.000000
172,0.045362,-1.762805,1.557609,-2.484294,-0.459015,1.496201,-2.861206,0.040000,0.039919,-0.096278,0.000040,-0.140912,-0.156759,-0.112288,0.076172,-0.188638,0.000063,0.000264,-1.552341,0.000250,0.836489,0.513333,0.870405,0.240311,4.072475,0.001710,0.002541,-1.782258,-48.000000,-21.107279,-3.108323,-1.442420,-0.896834,0.032821,-0.004617,0.138278,-1.782258,-240.785553,-21.107279,-3.108323,-1.442420,-0.896834,0.032821,-0.004617,0.138278,48.000000,48.000000,48.000000,48.000000,12.000000,12.000000,12.000000,200.000000,200.000000,0.000000,0.000000,0.000000,0.000000,0.000000,0.000000,0.000000,0.000000,0.000000
173,0.043309,-1.762805,1.557896,-2.486924,-0.460341,1.496083,-2.865474,0.040000,0.039919,-0.125779,0.000040,-0.123434,-0.143050,-0.108759,0.082077,-0.183338,0.000069,0.000265,-1.423610,0.000222,0.809936,0.698282,0.852968,0.226271,3.953384,0.001631,0.002597,-1.533283,-48.000000,-21.106731,-2.878203,-1.442241,-0.883338,0.032190,-0.005313,0.138926,-1.533283,-240.797806,-21.106731,-2.878203,-1.442241,-0.883338,0.032190,-0.005313,0.138926,48.000000,48.000000,48.000000,48.000000,12.000000,12.000000,12.000000,200.000000,200.000000,0.000000,0.000000,0.000000,0.000000,0.000000,0.000000,0.000000,0.000000,0.000000
174,0.040695,-1.762805,1.558526,-2.489246,-0.461568,1.496098,-2.869565,0.040000,0.039918,-0.152358,0.000040,-0.107038,-0.126203,-0.104289,0.088728,-0.175889,0.000073,0.000267,-1.266934,0.000186,0.758152,0.846885,0.825483,0.194178,3.787313,0.001456,0.002567,-1.266535,-48.000000,-21.133854,-2.672487,-1.443930,-0.874783,0.031436,-0.005814,0.139463,-1.266535,-240.784424,-21.133854,-2.672487,-1.443930,-0.874783,0.031436,-0.005814,0.139463,48.000000,48.000000,48.000000,48.000000,12.000000,12.000000,12.000000,200.000000,200.000000,0.000000,0.000000,0.000000,0.000000,0.000000,0.000000,0.000000,0.000000,0.000000
175,0.037583,-1.762805,1.559474,-2.491205,-0.462678,1.496255,-2.873413,0.040000,0.039918,-0.175432,0.000039,-0.092158,-0.107088,-0.099040,0.095585,-0.165678,0.000072,0.000269,-1.082635,0.000141,0.686011,0.951907,0.781263,0.142589,3.560997,0.001184,0.002473,-0.986055,-48.000000,-21.185902,-2.497478,-1.447521,-0.871631,0.030540,-0.006061,0.139879,-0.986055,-240.747299,-21.185902,-2.497478,-1.447521,-0.871631,0.030540,-0.006061,0.139879,48.000000,48.000000,48.000000,48.000000,12.000000,12.000000,12.000000,200.000000,200.000000,0.000000,0.000000,0.000000,0.000000,0.000000,0.000000,0.000000,0.000000,0.000000
176,0.034049,-1.762805,1.560704,-2.492766,-0.463659,1.496550,-2.876943,0.040000,0.039918,-0.194482,0.000039,-0.079137,-0.086644,-0.093116,0.102143,-0.152426,0.000069,0.000270,-0.874002,0.000099,0.597242,1.009457,0.728618,0.082374,3.265953,0.000837,0.002261,-0.697612,-48.000000,-21.259235,-2.356767,-1.452648,-0.873733,0.029398,-0.006020,0.140128,-0.697612,-240.688354,-21.259235,-2.356767,-1.452648,-0.873733,0.029398,-0.006020,0.140128,48.000000,48.000000,48.000000,48.000000,12.000000,12.000000,12.000000,200.000000,200.000000,0.000000,0.000000,0.000000,0.000000,0.000000,0.000000,0.000000,0.000000,0.000000
177,0.030176,-1.762805,1.562176,-2.493911,-0.464499,1.496970,-2.880081,0.040000,0.039917,-0.209105,0.000039,-0.068210,-0.065801,-0.086717,0.107904,-0.136140,0.000062,0.000271,-0.647114,0.000071,0.497384,1.020545,0.662778,0.015127,2.900371,0.000472,0.002003,-0.407935,-48.000000,-21.349636,-2.251744,-1.459158,-0.880716,0.027946,-0.005686,0.140281,-0.407935,-240.610580,-21.349636,-2.251744,-1.459158,-0.880716,0.027946,-0.005686,0.140281,48.000000,48.000000,48.000000,48.000000,12.000000,12.000000,12.000000,200.000000,200.000000,0.000000,0.000000,0.000000,0.000000,0.000000,0.000000,0.000000,0.000000,0.000000
178,0.026057,-1.762805,1.563844,-2.494637,-0.465192,1.497493,-2.882762,0.040000,0.039917,-0.219038,0.000039,-0.059504,-0.045444,-0.079995,0.112524,-0.117168,0.000052,0.000271,-0.408959,0.000037,0.390946,0.987253,0.592137,-0.047614,2.476598,0.000129,0.001622,-0.124276,-48.000000,-21.452202,-2.182319,-1.466624,-0.891836,0.026391,-0.005099,0.140263,-0.124276,-240.517700,-21.452202,-2.182319,-1.466624,-0.891836,0.026391,-0.005099,0.140263,48.000000,48.000000,48.000000,48.000000,12.000000,12.000000,12.000000,200.000000,200.000000,0.000000,0.000000,0.000000,0.000000,0.000000,0.000000,0.000000,0.000000,0.000000
179,0.021786,-1.762805,1.565665,-2.494964,-0.465735,1.498089,-2.884932,0.040000,0.039917,-0.224185,0.000039,-0.053050,-0.026334,-0.073126,0.115720,-0.095983,0.000042,0.000270,-0.168170,0.000014,0.282921,0.916279,0.514399,-0.104204,1.999534,-0.000163,0.001249,0.146282,-48.000000,-21.562305,-2.146106,-1.474787,-0.906264,0.024555,-0.004328,0.140219,0.146282,-240.413696,-21.562305,-2.146106,-1.474787,-0.906264,0.024555,-0.004328,0.140219,48.000000,48.000000,48.000000,48.000000,12.000000,12.000000,12.000000,200.000000,200.000000,0.000000,0.000000,0.000000,0.000000,0.000000,0.000000,0.000000,0.000000,0.000000
180,0.017457,-1.762805,1.567591,-2.494923,-0.466129,1.498727,-2.886555,0.040000,0.039917,-0.224628,0.000039,-0.048782,-0.009091,-0.066347,0.117380,-0.073317,0.000031,0.000269,0.066701,-0.000013,0.177675,0.815113,0.432403,-0.148741,1.492751,-0.000367,0.000865,0.396951,-48.000000,-21.675091,-2.139644,-1.483367,-0.922970,0.022778,-0.003446,0.140119,0.396951,-240.303162,-21.675091,-2.139644,-1.483367,-0.922970,0.022778,-0.003446,0.140119,48.000000,48.000000,48.000000,48.000000,12.000000,12.000000,12.000000,200.000000,200.000000,0.000000,0.000000,0.000000,0.000000,0.000000,0.000000,0.000000,0.000000,0.000000
181,0.013163,-1.762805,1.569581,-2.494554,-0.466380,1.499375,-2.887612,0.040000,0.039917,-0.220614,0.000039,-0.046570,0.005846,-0.059803,0.117460,-0.049939,0.000021,0.000267,0.287405,-0.000016,0.078305,0.692601,0.350372,-0.178218,0.967281,-0.000477,0.000487,0.621875,-48.000000,-21.786627,-2.158557,-1.491967,-0.940980,0.020878,-0.002550,0.139981,0.621875,-240.190094,-21.786627,-2.158557,-1.491967,-0.940980,0.020878,-0.002550,0.139981,48.000000,48.000000,48.000000,48.000000,12.000000,12.000000,12.000000,200.000000,200.000000,0.000000,0.000000,0.000000,0.000000,0.000000,0.000000,0.000000,0.000000,0.000000
182,0.008987,-1.762805,1.571594,-2.493907,-0.466497,1.500001,-2.888106,0.040000,0.039917,-0.212529,0.000039,-0.046236,0.018198,-0.053666,0.116105,-0.026657,0.000012,0.000265,0.487220,-0.000020,-0.012693,0.557417,0.268842,-0.190358,0.445167,-0.000499,0.000138,0.816793,-48.000000,-21.893497,-2.198015,-1.500426,-0.959297,0.019072,-0.001721,0.139814,0.816793,-240.078552,-21.893497,-2.198015,-1.500426,-0.959297,0.019072,-0.001721,0.139814,48.000000,48.000000,48.000000,48.000000,12.000000,12.000000,12.000000,200.000000,200.000000,0.000000,0.000000,0.000000,0.000000,0.000000,0.000000,0.000000,0.000000,0.000000
183,0.005008,-1.762805,1.573594,-2.493034,-0.466490,1.500577,-2.888057,0.040000,0.039917,-0.200879,0.000039,-0.047557,0.027860,-0.048080,0.113486,-0.004264,0.000006,0.000262,0.660254,-0.000040,-0.093329,0.418469,0.190469,-0.187401,-0.057758,-0.000440,-0.000137,0.978330,-48.000000,-21.992687,-2.253078,-1.508475,-0.977195,0.017341,-0.001019,0.139662,0.978330,-239.972046,-21.992687,-2.253078,-1.508475,-0.977195,0.017341,-0.001019,0.139662,48.000000,48.000000,48.000000,48.000000,12.000000,12.000000,12.000000,200.000000,200.000000,0.000000,0.000000,0.000000,0.000000,0.000000,0.000000,0.000000,0.000000,0.000000
184,0.001289,-1.762805,1.575551,-2.491990,-0.466375,1.501081,-2.887503,0.040000,0.039917,-0.186255,0.000039,-0.050300,0.034877,-0.043171,0.109861,0.016515,0.000002,0.000259,0.802734,-0.000028,-0.162761,0.283161,0.116594,-0.168867,-0.525656,-0.000329,-0.000325,1.104941,-48.000000,-22.082216,-2.318983,-1.515975,-0.993895,0.015721,-0.000488,0.139555,1.104941,-239.873535,-22.082216,-2.318983,-1.515975,-0.993895,0.015721,-0.000488,0.139555,48.000000,48.000000,48.000000,48.000000,12.000000,12.000000,12.000000,200.000000,200.000000,0.000000,0.000000,0.000000,0.000000,0.000000,0.000000,0.000000,0.000000,0.000000
185,-0.002116,-1.762805,1.577438,-2.490826,-0.466168,1.501497,-2.886498,0.040000,0.039917,-0.169299,0.000039,-0.054228,0.039421,-0.039004,0.105524,0.035108,-0.000000,0.000256,0.912203,-0.000035,-0.220831,0.158120,0.049548,-0.139205,-0.942460,-0.000181,-0.000519,1.196218,-48.000000,-22.160780,-2.391427,-1.522738,-1.008987,0.014380,-0.000144,0.139399,1.196218,-239.785339,-22.160780,-2.391427,-1.522738,-1.008987,0.014380,-0.000144,0.139399,48.000000,48.000000,48.000000,48.000000,12.000000,12.000000,12.000000,200.000000,200.000000,0.000000,0.000000,0.000000,0.000000,0.000000,0.000000,0.000000,0.000000,0.000000
186,-0.005166,-1.762805,1.579233,-2.489589,-0.465884,1.501814,-2.885103,0.040000,0.039917,-0.150667,0.000039,-0.059117,0.041751,-0.035618,0.100792,0.051084,-0.000000,0.000254,0.988312,-0.000024,-0.267930,0.047597,-0.009973,-0.099261,-1.302222,-0.000011,-0.000617,1.253230,-48.000000,-22.227766,-2.466889,-1.528707,-1.022029,0.013199,0.000031,0.139310,1.253230,-239.708984,-22.227766,-2.466889,-1.528707,-1.022029,0.013199,0.000031,0.139310,48.000000,48.000000,48.000000,48.000000,12.000000,12.000000,12.000000,200.000000,200.000000,0.000000,0.000000,0.000000,0.000000,0.000000,0.000000,0.000000,0.000000,0.000000
187,-0.007836,-1.762805,1.580919,-2.488320,-0.465542,1.502030,-2.883389,0.040000,0.039917,-0.131000,0.000039,-0.064757,0.042186,-0.033019,0.095954,0.064128,0.000001,0.000251,1.032092,-0.000037,-0.304585,-0.045615,-0.061297,-0.053754,-1.596112,0.000139,-0.000678,1.278050,-48.000000,-22.283062,-2.542701,-1.533830,-1.032937,0.012266,0.000037,0.139237,1.278050,-239.645264,-22.283062,-2.542701,-1.533830,-1.032937,0.012266,0.000037,0.139237,48.000000,48.000000,48.000000,48.000000,12.000000,12.000000,12.000000,200.000000,200.000000,0.000000,0.000000,0.000000,0.000000,0.000000,0.000000,0.000000,0.000000,0.000000
188,-0.010109,-1.762805,1.582484,-2.487055,-0.465158,1.502147,-2.881432,0.040000,0.039918,-0.110897,0.000039,-0.070957,0.041073,-0.031164,0.091272,0.074123,0.000003,0.000248,1.045720,-0.000015,-0.331713,-0.120000,-0.103709,-0.006462,-1.821519,0.000268,-0.000709,1.273635,-48.000000,-22.327021,-2.616676,-1.538066,-1.041703,0.011582,-0.000075,0.139188,1.273635,-239.594696,-22.327021,-2.616676,-1.538066,-1.041703,0.011582,-0.000075,0.139188,48.000000,48.000000,48.000000,48.000000,12.000000,12.000000,12.000000,200.000000,200.000000,0.000000,0.000000,0.000000,0.000000,0.000000,0.000000,0.000000,0.000000,0.000000
189,-0.011984,-1.762805,1.583918,-2.485820,-0.464746,1.502170,-2.879304,0.040000,0.039918,-0.090900,0.000039,-0.077546,0.038759,-0.030024,0.086951,0.081043,0.000006,0.000246,1.032476,-0.000018,-0.350110,-0.175962,-0.137975,0.039871,-1.978158,0.000372,-0.000720,1.243476,-48.000000,-22.360231,-2.687596,-1.541481,-1.048426,0.011131,-0.000276,0.139171,1.243476,-239.557159,-22.360231,-2.687596,-1.541481,-1.048426,0.011131,-0.000276,0.139171,48.000000,48.000000,48.000000,48.000000,12.000000,12.000000,12.000000,200.000000,200.000000,0.000000,0.000000,0.000000,0.000000,0.000000,0.000000,0.000000,0.000000,0.000000
190,-0.013466,-1.762805,1.585213,-2.484637,-0.464322,1.502113,-2.877076,0.040000,0.039918,-0.071475,0.000039,-0.084388,0.035577,-0.029472,0.083131,0.085066,0.000010,0.000244,0.996120,-0.000007,-0.361395,-0.214408,-0.162849,0.081532,-2.068699,0.000432,-0.000702,1.191593,-48.000000,-22.384012,-2.754508,-1.544054,-1.053389,0.010948,-0.000534,0.139200,1.191593,-239.531891,-22.384012,-2.754508,-1.544054,-1.053389,0.010948,-0.000534,0.139200,48.000000,48.000000,48.000000,48.000000,12.000000,12.000000,12.000000,200.000000,200.000000,0.000000,0.000000,0.000000,0.000000,0.000000,0.000000,0.000000,0.000000,0.000000
191,-0.014570,-1.762805,1.586369,-2.483522,-0.463895,1.501985,-2.874815,0.040000,0.039918,-0.053004,0.000039,-0.091358,0.031810,-0.029456,0.079919,0.086384,0.000013,0.000242,0.941186,-0.000003,-0.366170,-0.238119,-0.181084,0.118729,-2.097635,0.000467,-0.000663,1.122096,-48.000000,-22.399269,-2.817333,-1.545919,-1.056704,0.011005,-0.000803,0.139274,1.122096,-239.518250,-22.399269,-2.817333,-1.545919,-1.056704,0.011005,-0.000803,0.139274,48.000000,48.000000,48.000000,48.000000,12.000000,12.000000,12.000000,200.000000,200.000000,0.000000,0.000000,0.000000,0.000000,0.000000,0.000000,0.000000,0.000000,0.000000
192,-0.015319,-1.762805,1.587381,-2.482482,-0.463476,1.501801,-2.872577,0.040000,0.039918,-0.035787,0.000039,-0.098351,0.027700,-0.029869,0.077352,0.085313,0.000015,0.000241,0.871798,0.000004,-0.365431,-0.249345,-0.192088,0.147542,-2.073656,0.000462,-0.000640,1.038951,-48.000000,-22.407171,-2.876092,-1.547096,-1.058799,0.011211,-0.001074,0.139347,1.038951,-239.515198,-22.407171,-2.876092,-1.547096,-1.058799,0.011211,-0.001074,0.139347,48.000000,48.000000,48.000000,48.000000,12.000000,12.000000,12.000000,200.000000,200.000000,0.000000,0.000000,0.000000,0.000000,0.000000,0.000000,0.000000,0.000000,0.000000
193,-0.015740,-1.762805,1.588251,-2.481524,-0.463073,1.501576,-2.870413,0.040000,0.039918,-0.020034,0.000040,-0.105275,0.023427,-0.030630,0.075441,0.082195,0.000017,0.000239,0.792453,0.000013,-0.359753,-0.251396,-0.197564,0.169241,-2.004927,0.000434,-0.000614,0.946143,-48.000000,-22.408678,-2.931102,-1.547713,-1.059859,0.011516,-0.001313,0.139427,0.946143,-239.521667,-22.408678,-2.931102,-1.547713,-1.059859,0.011516,-0.001313,0.139427,48.000000,48.000000,48.000000,48.000000,12.000000,12.000000,12.000000,200.000000,200.000000,0.000000,0.000000,0.000000,0.000000,0.000000,0.000000,0.000000,0.000000,0.000000
194,-0.015863,-1.762805,1.588981,-2.480652,-0.462691,1.501321,-2.868361,0.040000,0.039918,-0.005889,0.000039,-0.112060,0.019130,-0.031615,0.074122,0.077493,0.000019,0.000238,0.706580,0.000003,-0.350308,-0.246330,-0.197619,0.181938,-1.899770,0.000405,-0.000589,0.847050,-48.000000,-22.405092,-2.982433,-1.547801,-1.060226,0.011967,-0.001508,0.139511,0.847050,-239.536011,-22.405092,-2.982433,-1.547801,-1.060226,0.011967,-0.001508,0.139511,48.000000,48.000000,48.000000,48.000000,12.000000,12.000000,12.000000,200.000000,200.000000,0.000000,0.000000,0.000000,0.000000,0.000000,0.000000,0.000000,0.000000,0.000000
195,-0.015721,-1.762805,1.589575,-2.479861,-0.462334,1.501051,-2.866452,0.040000,0.039918,0.006580,0.000039,-0.118630,0.014887,-0.032808,0.073357,0.071512,0.000020,0.000237,0.618021,-0.000014,-0.337055,-0.237626,-0.194887,0.187531,-1.766901,0.000350,-0.000546,0.744805,-48.000000,-22.396954,-3.030898,-1.547547,-1.060072,0.012462,-0.001665,0.139603,0.744805,-239.557220,-22.396954,-3.030898,-1.547547,-1.060072,0.012462,-0.001665,0.139603,48.000000,48.000000,48.000000,48.000000,12.000000,12.000000,12.000000,200.000000,200.000000,0.000000,0.000000,0.000000,0.000000,0.000000,0.000000,0.000000,0.000000,0.000000
196,-0.015347,-1.762805,1.590038,-2.479155,-0.462006,1.500775,-2.864708,0.040000,0.039918,0.017358,0.000039,-0.124930,0.010748,-0.034093,0.073027,0.064727,0.000021,0.000237,0.529331,0.000004,-0.321008,-0.226809,-0.187906,0.186545,-1.613454,0.000296,-0.000506,0.642016,-48.000000,-22.385366,-3.076413,-1.546885,-1.059583,0.013105,-0.001775,0.139680,0.642016,-239.584015,-22.385366,-3.076413,-1.546885,-1.059583,0.013105,-0.001775,0.139680,48.000000,48.000000,48.000000,48.000000,12.000000,12.000000,12.000000,200.000000,200.000000,0.000000,0.000000,0.000000,0.000000,0.000000,0.000000,0.000000,0.000000,0.000000
197,-0.014775,-1.762805,1.590378,-2.478528,-0.461708,1.500499,-2.863142,0.040000,0.039918,0.026477,0.000040,-0.130908,0.006721,-0.035470,0.073074,0.057399,0.000021,0.000237,0.442885,-0.000004,-0.302373,-0.215710,-0.179736,0.179923,-1.447719,0.000240,-0.000465,0.540884,-48.000000,-22.370810,-3.119276,-1.546028,-1.058892,0.013780,-0.001842,0.139742,0.540884,-239.615143,-22.370810,-3.119276,-1.546028,-1.058892,0.013780,-0.001842,0.139742,48.000000,48.000000,48.000000,48.000000,12.000000,12.000000,12.000000,200.000000,200.000000,0.000000,0.000000,0.000000,0.000000,0.000000,0.000000,0.000000,0.000000,0.000000
198,-0.014038,-1.762805,1.590599,-2.477981,-0.461440,1.500231,-2.861758,0.040000,0.039918,0.033998,0.000040,-0.136516,0.002808,-0.036881,0.073393,0.049836,0.000021,0.000237,0.360125,-0.000003,-0.281514,-0.205112,-0.169267,0.169523,-1.278299,0.000187,-0.000426,0.442941,-48.000000,-22.353733,-3.159315,-1.544918,-1.058027,0.014397,-0.001868,0.139778,0.442941,-239.649689,-22.353733,-3.159315,-1.544918,-1.058027,0.014397,-0.001868,0.139778,48.000000,48.000000,48.000000,48.000000,12.000000,12.000000,12.000000,200.000000,200.000000,0.000000,0.000000,0.000000,0.000000,0.000000,0.000000,0.000000,0.000000,0.000000
199,-0.013166,-1.762805,1.590711,-2.477511,-0.461205,1.499976,-2.860558,0.040000,0.039918,0.040009,0.000040,-0.141706,-0.001009,-0.038323,0.073893,0.042224,0.000020,0.000238,0.282332,-0.000001,-0.258534,-0.195763,-0.157995,0.154899,-1.107882,0.000135,-0.000371,0.349531,-48.000000,-22.334448,-3.196583,-1.543661,-1.057132,0.015002,-0.001862,0.139804,0.349531,-239.686859,-22.334448,-3.196583,-1.543661,-1.057132,0.015002,-0.001862,0.139804,48.000000,48.000000,48.000000,48.000000,12.000000,12.000000,12.000000,200.000000,200.000000,0.000000,0.000000,0.000000,0.000000,0.000000,0.000000,0.000000,0.000000,0.000000
200,-0.012188,-1.762805,1.590722,-2.477117,-0.461001,1.499735,-2.859537,0.040000,0.039918,0.044607,0.000040,-0.146446,-0.004737,-0.039745,0.074490,0.034812,0.000019,0.000239,0.209955,-0.000003,-0.234216,-0.187437,-0.145005,0.139326,-0.941038,0.000090,-0.000333,0.261505,-48.000000,-22.313551,-3.230510,-1.542218,-1.056098,0.015617,-0.001827,0.139793,0.261505,-239.725525,-22.313551,-3.230510,-1.542218,-1.056098,0.015617,-0.001827,0.139793,48.000000,48.000000,48.000000,48.000000,12.000000,12.000000,12.000000,200.000000,200.000000,0.000000,0.000000,0.000000,0.000000,0.000000,0.000000,0.000000,0.000000,0.000000
201,-0.011131,-1.762805,1.590642,-2.476797,-0.460827,1.499511,-2.858691,0.040000,0.039918,0.047899,0.000040,-0.150707,-0.008391,-0.041160,0.075152,0.027652,0.000018,0.000239,0.143451,0.000003,-0.208716,-0.180234,-0.131821,0.123065,-0.780758,0.000051,-0.000291,0.179500,-48.000000,-22.291245,-3.261036,-1.540695,-1.054952,0.016168,-0.001767,0.139760,0.179500,-239.765137,-22.291245,-3.261036,-1.540695,-1.054952,0.016168,-0.001767,0.139760,48.000000,48.000000,48.000000,48.000000,12.000000,12.000000,12.000000,200.000000,200.000000,0.000000,0.000000,0.000000,0.000000,0.000000,0.000000,0.000000,0.000000,0.000000
202,-0.010021,-1.762805,1.590481,-2.476550,-0.460685,1.499303,-2.858008,0.040000,0.039918,0.049992,0.000040,-0.154460,-0.011968,-0.042551,0.075810,0.020857,0.000017,0.000240,0.082731,-0.000005,-0.182185,-0.173426,-0.117846,0.106861,-0.628760,0.000014,-0.000255,0.103853,-48.000000,-22.267599,-3.287597,-1.539056,-1.053654,0.016679,-0.001688,0.139701,0.103853,-239.805176,-22.267599,-3.287597,-1.539056,-1.053654,0.016679,-0.001688,0.139701,48.000000,48.000000,48.000000,48.000000,12.000000,12.000000,12.000000,200.000000,200.000000,0.000000,0.000000,0.000000,0.000000,0.000000,0.000000,0.000000,0.000000,0.000000
203,-0.008880,-1.762805,1.590250,-2.476373,-0.460573,1.499110,-2.857482,0.040000,0.039918,0.050992,0.000040,-0.157687,-0.015459,-0.043918,0.076450,0.014451,0.000016,0.000241,0.027743,0.000001,-0.155109,-0.166550,-0.103483,0.091951,-0.484926,-0.000018,-0.000214,0.034871,-48.000000,-22.242985,-3.309887,-1.537345,-1.052149,0.017176,-0.001598,0.139633,0.034871,-239.845245,-22.242985,-3.309887,-1.537345,-1.052149,0.017176,-0.001598,0.139633,48.000000,48.000000,48.000000,48.000000,12.000000,12.000000,12.000000,200.000000,200.000000,0.000000,0.000000,0.000000,0.000000,0.000000,0.000000,0.000000,0.000000,0.000000
204,-0.007728,-1.762805,1.589959,-2.476267,-0.460490,1.498931,-2.857099,0.040000,0.039918,0.051000,0.000040,-0.160383,-0.018837,-0.045240,0.077070,0.008489,0.000015,0.000241,-0.021889,0.000017,-0.128059,-0.158825,-0.088701,0.078489,-0.352523,-0.000043,-0.000173,-0.027404,-48.000000,-22.217823,-3.327535,-1.535573,-1.050407,0.017576,-0.001494,0.139552,-0.027404,-239.884521,-22.217823,-3.327535,-1.535573,-1.050407,0.017576,-0.001494,0.139552,48.000000,48.000000,48.000000,48.000000,12.000000,12.000000,12.000000,200.000000,200.000000,0.000000,0.000000,0.000000,0.000000,0.000000,0.000000,0.000000,0.000000,0.000000
205,-0.006585,-1.762805,1.589620,-2.476227,-0.460435,1.498766,-2.856851,0.040000,0.039918,0.050112,0.000040,-0.162544,-0.022073,-0.046525,0.077669,0.002959,0.000013,0.000242,-0.066254,-0.000000,-0.101103,-0.150006,-0.073897,0.066725,-0.225823,-0.000064,-0.000128,-0.082877,-48.000000,-22.192211,-3.340485,-1.533771,-1.048419,0.018096,-0.001384,0.139480,-0.082877,-239.922974,-22.192211,-3.340485,-1.533771,-1.048419,0.018096,-0.001384,0.139480,48.000000,48.000000,48.000000,48.000000,12.000000,12.000000,12.000000,200.000000,200.000000,0.000000,0.000000,0.000000,0.000000,0.000000,0.000000,0.000000,0.000000,0.000000
206,-0.005467,-1.762805,1.589243,-2.476251,-0.460407,1.498614,-2.856727,0.040000,0.039918,0.048423,0.000040,-0.164179,-0.025126,-0.047749,0.078242,-0.002154,0.000012,0.000243,-0.105629,-0.000000,-0.074835,-0.139523,-0.058613,0.056411,-0.112098,-0.000079,-0.000096,-0.131497,-48.000000,-22.166590,-3.348548,-1.531929,-1.046204,0.018437,-0.001270,0.139392,-0.131497,-239.960052,-22.166590,-3.348548,-1.531929,-1.046204,0.018437,-0.001270,0.139392,48.000000,48.000000,48.000000,48.000000,12.000000,12.000000,12.000000,200.000000,200.000000,0.000000,0.000000,0.000000,0.000000,0.000000,0.000000,0.000000,0.000000,0.000000
207,-0.004391,-1.762805,1.588838,-2.476336,-0.460405,1.498474,-2.856717,0.040000,0.039918,0.046023,0.000040,-0.165301,-0.027952,-0.048908,0.078809,-0.006851,0.000011,0.000243,-0.140265,0.000018,-0.049475,-0.127169,-0.043854,0.047492,-0.006896,-0.000094,-0.000047,-0.173377,-48.000000,-22.141249,-3.351817,-1.530109,-1.043765,0.018774,-0.001155,0.139332,-0.173377,-239.995453,-22.141249,-3.351817,-1.530109,-1.043765,0.018774,-0.001155,0.139332,48.000000,48.000000,48.000000,48.000000,12.000000,12.000000,12.000000,200.000000,200.000000,0.000000,0.000000,0.000000,0.000000,0.000000,0.000000,0.000000,0.000000,0.000000
208,-0.003367,-1.762805,1.588417,-2.476475,-0.460427,1.498347,-2.856812,0.040000,0.039918,0.043000,0.000040,-0.165931,-0.030505,-0.050005,0.079371,-0.011144,0.000009,0.000244,-0.170241,0.000017,-0.025341,-0.112857,-0.029429,0.039890,0.090192,-0.000101,-0.000016,-0.208501,-48.000000,-22.116467,-3.350378,-1.528322,-1.041131,0.019115,-0.001042,0.139259,-0.208501,-240.029114,-22.116467,-3.350378,-1.528322,-1.041131,0.019115,-0.001042,0.139259,48.000000,48.000000,48.000000,48.000000,12.000000,12.000000,12.000000,200.000000,200.000000,0.000000,0.000000,0.000000,0.000000,0.000000,0.000000,0.000000,0.000000,0.000000
209,-0.002410,-1.762805,1.587988,-2.476663,-0.460471,1.498231,-2.857001,0.040000,0.039918,0.039441,0.000040,-0.166100,-0.032746,-0.051011,0.079938,-0.015037,0.000008,0.000244,-0.195557,0.000011,-0.002828,-0.096895,-0.015068,0.033040,0.177526,-0.000102,0.000038,-0.236923,-48.000000,-22.092697,-3.344687,-1.526567,-1.038386,0.019393,-0.000929,0.139227,-0.236923,-240.060547,-22.092697,-3.344687,-1.526567,-1.038386,0.019393,-0.000929,0.139227,48.000000,48.000000,48.000000,48.000000,12.000000,12.000000,12.000000,200.000000,200.000000,0.000000,0.000000,0.000000,0.000000,0.000000,0.000000,0.000000,0.000000,0.000000
210,-0.001527,-1.762805,1.587560,-2.476893,-0.460534,1.498128,-2.857274,0.040000,0.039918,0.035436,0.000040,-0.165851,-0.034637,-0.051907,0.080534,-0.018502,0.000007,0.000245,-0.216342,0.000033,0.017519,-0.079340,-0.001217,0.027721,0.255505,-0.000103,0.000075,-0.258725,-48.000000,-22.070435,-3.334933,-1.524887,-1.035511,0.019644,-0.000824,0.139189,-0.258725,-240.089386,-22.070435,-3.334933,-1.524887,-1.035511,0.019644,-0.000824,0.139189,48.000000,48.000000,48.000000,48.000000,12.000000,12.000000,12.000000,200.000000,200.000000,0.000000,0.000000,0.000000,0.000000,0.000000,0.000000,0.000000,0.000000,0.000000
211,-0.000727,-1.762805,1.587143,-2.477158,-0.460616,1.498039,-2.857621,0.040000,0.039918,0.031076,0.000040,-0.165222,-0.036159,-0.052696,0.081165,-0.021583,0.000006,0.000245,-0.232358,0.000005,0.035770,-0.061070,0.011487,0.022555,0.324166,-0.000100,0.000094,-0.274021,-48.000000,-22.049852,-3.321990,-1.523330,-1.032662,0.019837,-0.000726,0.139142,-0.274021,-240.115540,-22.049852,-3.321990,-1.523330,-1.032662,0.019837,-0.000726,0.139142,48.000000,48.000000,48.000000,48.000000,12.000000,12.000000,12.000000,200.000000,200.000000,0.000000,0.000000,0.000000,0.000000,0.000000,0.000000,0.000000,0.000000,0.000000
212,-0.000017,-1.762805,1.586742,-2.477451,-0.460711,1.497962,-2.858033,0.040000,0.039918,0.026451,0.000040,-0.164263,-0.037296,-0.053358,0.081817,-0.024204,0.000005,0.000246,-0.243797,0.000015,0.051647,-0.042188,0.023254,0.017393,0.382185,-0.000096,0.000119,-0.283028,-48.000000,-22.031273,-3.306157,-1.521887,-1.029886,0.019980,-0.000635,0.139115,-0.283028,-240.138733,-22.031273,-3.306157,-1.521887,-1.029886,0.019980,-0.000635,0.139115,48.000000,48.000000,48.000000,48.000000,12.000000,12.000000,12.000000,200.000000,200.000000,0.000000,0.000000,0.000000,0.000000,0.000000,0.000000,0.000000,0.000000,0.000000
213,0.000599,-1.762805,1.586364,-2.477764,-0.460819,1.497900,-2.858499,0.040000,0.039918,0.021651,0.000040,-0.163022,-0.038047,-0.053910,0.082519,-0.026398,0.000005,0.000246,-0.250719,0.000020,0.065118,-0.023272,0.033254,0.012789,0.432947,-0.000088,0.000151,-0.286068,-48.000000,-22.014820,-3.288036,-1.520630,-1.027186,0.020180,-0.000554,0.139109,-0.286068,-240.159027,-22.014820,-3.288036,-1.520630,-1.027186,0.020180,-0.000554,0.139109,48.000000,48.000000,48.000000,48.000000,12.000000,12.000000,12.000000,200.000000,200.000000,0.000000,0.000000,0.000000,0.000000,0.000000,0.000000,0.000000,0.000000,0.000000
214,0.001119,-1.762805,1.586013,-2.478089,-0.460937,1.497851,-2.859006,0.040000,0.039918,0.016764,0.000040,-0.161548,-0.038414,-0.054335,0.083233,-0.028133,0.000004,0.000247,-0.253135,0.000018,0.076155,-0.004969,0.042515,0.008254,0.470649,-0.000082,0.000165,-0.283459,-48.000000,-22.000650,-3.268326,-1.519496,-1.024675,0.020235,-0.000484,0.139097,-0.283459,-240.176208,-22.000650,-3.268326,-1.519496,-1.024675,0.020235,-0.000484,0.139097,48.000000,48.000000,48.000000,48.000000,12.000000,12.000000,12.000000,200.000000,200.000000,0.000000,0.000000,0.000000,0.000000,0.000000,0.000000,0.000000,0.000000,0.000000
215,0.001541,-1.762805,1.585696,-2.478419,-0.461061,1.497818,-2.859545,0.040000,0.039918,0.011879,0.000040,-0.159892,-0.038420,-0.054637,0.083961,-0.029428,0.000003,0.000247,-0.251181,0.000006,0.084619,0.012270,0.050254,0.003242,0.500237,-0.000074,0.000186,-0.275555,-48.000000,-21.988989,-3.247623,-1.518542,-1.022427,0.020325,-0.000421,0.139100,-0.275555,-240.190247,-21.988989,-3.247623,-1.518542,-1.022427,0.020325,-0.000421,0.139100,48.000000,48.000000,48.000000,48.000000,12.000000,12.000000,12.000000,200.000000,200.000000,0.000000,0.000000,0.000000,0.000000,0.000000,0.000000,0.000000,0.000000,0.000000
216,0.001867,-1.762805,1.585413,-2.478747,-0.461188,1.497800,-2.860105,0.040000,0.039918,0.007076,0.000040,-0.158109,-0.038088,-0.054796,0.084677,-0.030233,0.000003,0.000247,-0.245211,0.000005,0.090462,0.028129,0.056675,-0.001748,0.519207,-0.000064,0.000192,-0.262917,-48.000000,-21.979961,-3.226423,-1.517757,-1.020456,0.020392,-0.000368,0.139102,-0.262917,-240.200836,-21.979961,-3.226423,-1.517757,-1.020456,0.020392,-0.000368,0.139102,48.000000,48.000000,48.000000,48.000000,12.000000,12.000000,12.000000,200.000000,200.000000,0.000000,0.000000,0.000000,0.000000,0.000000,0.000000,0.000000,0.000000,0.000000
217,0.002099,-1.762805,1.585168,-2.479066,-0.461317,1.497797,-2.860673,0.040000,0.039918,0.002435,0.000040,-0.156241,-0.037457,-0.054855,0.085373,-0.030602,0.000003,0.000248,-0.235259,0.000009,0.094153,0.041835,0.060832,-0.006342,0.528481,-0.000060,0.000213,-0.245998,-48.000000,-21.973276,-3.205430,-1.517200,-1.018787,0.020428,-0.000326,0.139123,-0.245998,-240.208618,-21.973276,-3.205430,-1.517200,-1.018787,0.020428,-0.000326,0.139123,48.000000,48.000000,48.000000,48.000000,12.000000,12.000000,12.000000,200.000000,200.000000,0.000000,0.000000,0.000000,0.000000,0.000000,0.000000,0.000000,0.000000,0.000000
218,0.002241,-1.762805,1.584962,-2.479370,-0.461445,1.497807,-2.861241,0.040000,0.039918,-0.001971,0.000040,-0.154339,-0.036571,-0.054789,0.086029,-0.030553,0.000002,0.000248,-0.221874,0.000021,0.095445,0.053388,0.064361,-0.010732,0.526397,-0.000050,0.000217,-0.225452,-48.000000,-21.969122,-3.185015,-1.516773,-1.017456,0.020356,-0.000287,0.139138,-0.225452,-240.213348,-21.969122,-3.185015,-1.516773,-1.017456,0.020356,-0.000287,0.139138,48.000000,48.000000,48.000000,48.000000,12.000000,12.000000,12.000000,200.000000,200.000000,0.000000,0.000000,0.000000,0.000000,0.000000,0.000000,0.000000,0.000000,0.000000
219,0.002298,-1.762805,1.584794,-2.479654,-0.461569,1.497829,-2.861798,0.040000,0.039918,-0.006083,0.000040,-0.152441,-0.035474,-0.054623,0.086633,-0.030064,0.000002,0.000248,-0.205513,-0.000009,0.094853,0.062609,0.065950,-0.015467,0.516538,-0.000043,0.000217,-0.201979,-48.000000,-21.967180,-3.165612,-1.516544,-1.016489,0.020334,-0.000257,0.139151,-0.201979,-240.215179,-21.967180,-3.165612,-1.516544,-1.016489,0.020334,-0.000257,0.139151,48.000000,48.000000,48.000000,48.000000,12.000000,12.000000,12.000000,200.000000,200.000000,0.000000,0.000000,0.000000,0.000000,0.000000,0.000000,0.000000,0.000000,0.000000
220,0.002277,-1.762805,1.584664,-2.479916,-0.461688,1.497863,-2.862333,0.040000,0.039918,-0.009842,0.000040,-0.150584,-0.034219,-0.054363,0.087182,-0.029208,0.000002,0.000249,-0.186511,0.000002,0.092466,0.069250,0.066261,-0.019204,0.495400,-0.000037,0.000206,-0.176102,-48.000000,-21.967331,-3.147536,-1.516469,-1.015821,0.020165,-0.000234,0.139159,-0.176102,-240.214508,-21.967331,-3.147536,-1.516469,-1.015821,0.020165,-0.000234,0.139159,48.000000,48.000000,48.000000,48.000000,12.000000,12.000000,12.000000,200.000000,200.000000,0.000000,0.000000,0.000000,0.000000,0.000000,0.000000,0.000000,0.000000,0.000000
221,0.002184,-1.762805,1.584572,-2.480151,-0.461799,1.497907,-2.862840,0.040000,0.039918,-0.013211,0.000040,-0.148796,-0.032848,-0.054037,0.087651,-0.028011,0.000002,0.000249,-0.165693,0.000017,0.088704,0.073709,0.065159,-0.022798,0.469825,-0.000030,0.000193,-0.148706,-48.000000,-21.969208,-3.130945,-1.516547,-1.015473,0.020098,-0.000213,0.139166,-0.148706,-240.211456,-21.969208,-3.130945,-1.516547,-1.015473,0.020098,-0.000213,0.139166,48.000000,48.000000,48.000000,48.000000,12.000000,12.000000,12.000000,200.000000,200.000000,0.000000,0.000000,0.000000,0.000000,0.000000,0.000000,0.000000,0.000000,0.000000
222,0.002028,-1.762805,1.584514,-2.480358,-0.461902,1.497959,-2.863311,0.040000,0.039918,-0.016161,0.000040,-0.147108,-0.031401,-0.053640,0.088022,-0.026499,0.000002,0.000249,-0.143590,0.000009,0.083384,0.076136,0.063067,-0.025842,0.434896,-0.000026,0.000181,-0.120350,-48.000000,-21.972900,-3.115942,-1.516753,-1.015419,0.019920,-0.000200,0.139179,-0.120350,-240.206268,-21.972900,-3.115942,-1.516753,-1.015419,0.019920,-0.000200,0.139179,48.000000,48.000000,48.000000,48.000000,12.000000,12.000000,12.000000,200.000000,200.000000,0.000000,0.000000,0.000000,0.000000,0.000000,0.000000,0.000000,0.000000,0.000000
223,0.001818,-1.762805,1.584490,-2.480536,-0.461995,1.498016,-2.863740,0.040000,0.039918,-0.018668,0.000040,-0.145541,-0.029926,-0.053199,0.088316,-0.024774,0.000002,0.000249,-0.120544,-0.000007,0.077078,0.076232,0.059937,-0.027449,0.396028,-0.000019,0.000169,-0.091660,-48.000000,-21.977934,-3.102877,-1.517081,-1.015590,0.019762,-0.000190,0.139193,-0.091660,-240.199402,-21.977934,-3.102877,-1.517081,-1.015590,0.019762,-0.000190,0.139193,48.000000,48.000000,48.000000,48.000000,12.000000,12.000000,12.000000,200.000000,200.000000,0.000000,0.000000,0.000000,0.000000,0.000000,0.000000,0.000000,0.000000,0.000000
224,0.001563,-1.762805,1.584496,-2.480684,-0.462077,1.498078,-2.864123,0.040000,0.039918,-0.020727,0.000040,-0.144112,-0.028456,-0.052710,0.088513,-0.022820,0.000002,0.000249,-0.097346,-0.000001,0.069955,0.074825,0.056465,-0.029156,0.353893,-0.000018,0.000157,-0.063245,-48.000000,-21.984077,-3.091515,-1.517469,-1.016011,0.019662,-0.000186,0.139205,-0.063245,-240.190918,-21.984077,-3.091515,-1.517469,-1.016011,0.019662,-0.000186,0.139205,48.000000,48.000000,48.000000,48.000000,12.000000,12.000000,12.000000,200.000000,200.000000,0.000000,0.000000,0.000000,0.000000,0.000000,0.000000,0.000000,0.000000,0.000000
225,0.001270,-1.762805,1.584531,-2.480803,-0.462149,1.498142,-2.864456,0.040000,0.039918,-0.022338,0.000040,-0.142832,-0.027026,-0.052219,0.088646,-0.020772,0.000002,0.000249,-0.074354,0.000002,0.062278,0.071753,0.051432,-0.029063,0.307440,-0.000013,0.000135,-0.035647,-48.000000,-21.991096,-3.082042,-1.517994,-1.016556,0.019472,-0.000182,0.139213,-0.035647,-240.181458,-21.991096,-3.082042,-1.517994,-1.016556,0.019472,-0.000182,0.139213,48.000000,48.000000,48.000000,48.000000,12.000000,12.000000,12.000000,200.000000,200.000000,0.000000,0.000000,0.000000,0.000000,0.000000,0.000000,0.000000,0.000000,0.000000
226,0.000950,-1.762805,1.584588,-2.480896,-0.462209,1.498208,-2.864737,0.040000,0.039918,-0.023517,0.000040,-0.141710,-0.025651,-0.051713,0.088676,-0.018637,0.000002,0.000249,-0.052339,0.000003,0.054243,0.067875,0.046661,-0.029070,0.258956,-0.000009,0.000115,-0.009459,-48.000000,-21.998672,-3.074174,-1.518525,-1.017277,0.019274,-0.000183,0.139221,-0.009459,-240.171082,-21.998672,-3.074174,-1.518525,-1.017277,0.019274,-0.000183,0.139221,48.000000,48.000000,48.000000,48.000000,12.000000,12.000000,12.000000,200.000000,200.000000,0.000000,0.000000,0.000000,0.000000,0.000000,0.000000,0.000000,0.000000,0.000000
227,0.000610,-1.762805,1.584668,-2.480960,-0.462259,1.498272,-2.864966,0.040000,0.039918,-0.024282,0.000040,-0.140749,-0.024354,-0.051210,0.088631,-0.016511,0.000002,0.000249,-0.031388,-0.000010,0.046021,0.062998,0.041400,-0.028409,0.210991,-0.000003,0.000091,0.015102,-48.000000,-22.006681,-3.068035,-1.519106,-1.018112,0.019093,-0.000186,0.139228,0.015102,-240.160187,-22.006681,-3.068035,-1.519106,-1.018112,0.019093,-0.000186,0.139228,48.000000,48.000000,48.000000,48.000000,12.000000,12.000000,12.000000,200.000000,200.000000,0.000000,0.000000,0.000000,0.000000,0.000000,0.000000,0.000000,0.000000,0.000000
228,0.000259,-1.762805,1.584764,-2.480999,-0.462297,1.498333,-2.865144,0.040000,0.039918,-0.024660,0.000040,-0.139952,-0.023154,-0.050717,0.088535,-0.014401,0.000002,0.000248,-0.011838,0.000006,0.037712,0.057350,0.035956,-0.026277,0.164674,0.000002,0.000067,0.037708,-48.000000,-22.014940,-3.063505,-1.519719,-1.018977,0.018966,-0.000193,0.139229,0.037708,-240.149109,-22.014940,-3.063505,-1.519719,-1.018977,0.018966,-0.000193,0.139229,48.000000,48.000000,48.000000,48.000000,12.000000,12.000000,12.000000,200.000000,200.000000,0.000000,0.000000,0.000000,0.000000,0.000000,0.000000,0.000000,0.000000,0.000000
229,-0.000096,-1.762805,1.584876,-2.481016,-0.462325,1.498393,-2.865274,0.040000,0.039918,-0.024679,0.000040,-0.139313,-0.022062,-0.050244,0.088385,-0.012370,0.000002,0.000248,0.005998,-0.000007,0.029728,0.051315,0.030415,-0.024501,0.119625,0.000005,0.000051,0.058085,-48.000000,-22.023134,-3.060487,-1.520331,-1.019926,0.018828,-0.000203,0.139242,0.058085,-240.137970,-22.023134,-3.060487,-1.520331,-1.019926,0.018828,-0.000203,0.139242,48.000000,48.000000,48.000000,48.000000,12.000000,12.000000,12.000000,200.000000,200.000000,0.000000,0.000000,0.000000,0.000000,0.000000,0.000000,0.000000,0.000000,0.000000
230,-0.000449,-1.762805,1.584998,-2.481010,-0.462344,1.498447,-2.865357,0.040000,0.039918,-0.024380,0.000040,-0.138830,-0.021079,-0.049803,0.088179,-0.010436,0.000002,0.000248,0.021872,0.000001,0.021890,0.045110,0.024908,-0.021456,0.075426,0.000007,0.000040,0.076047,-48.000000,-22.031275,-3.058774,-1.520949,-1.020859,0.018649,-0.000216,0.139257,0.076047,-240.126984,-22.031275,-3.058774,-1.520949,-1.020859,0.018649,-0.000216,0.139257,48.000000,48.000000,48.000000,48.000000,12.000000,12.000000,12.000000,200.000000,200.000000,0.000000,0.000000,0.000000,0.000000,0.000000,0.000000,0.000000,0.000000,0.000000
231,-0.000792,-1.762805,1.585128,-2.480987,-0.462353,1.498496,-2.865396,0.040000,0.039918,-0.023796,0.000040,-0.138497,-0.020215,-0.049385,0.087951,-0.008628,0.000002,0.000248,0.035800,-0.000004,0.014463,0.038846,0.019536,-0.019123,0.035324,0.000014,0.000021,0.091612,-48.000000,-22.039171,-3.058340,-1.521549,-1.021840,0.018530,-0.000228,0.139263,0.091612,-240.116455,-22.039171,-3.058340,-1.521549,-1.021840,0.018530,-0.000228,0.139263,48.000000,48.000000,48.000000,48.000000,12.000000,12.000000,12.000000,200.000000,200.000000,0.000000,0.000000,0.000000,0.000000,0.000000,0.000000,0.000000,0.000000,0.000000
232,-0.001122,-1.762805,1.585264,-2.480947,-0.462353,1.498541,-2.865395,0.040000,0.039918,-0.022969,0.000040,-0.138300,-0.019470,-0.049018,0.087706,-0.006991,0.000003,0.000248,0.047617,-0.000003,0.007628,0.032617,0.013975,-0.016162,-0.001471,0.000015,0.000011,0.104587,-48.000000,-22.046591,-3.059054,-1.522154,-1.022773,0.018406,-0.000245,0.139279,0.104587,-240.106476,-22.046591,-3.059054,-1.522154,-1.022773,0.018406,-0.000245,0.139279,48.000000,48.000000,48.000000,48.000000,12.000000,12.000000,12.000000,200.000000,200.000000,0.000000,0.000000,0.000000,0.000000,0.000000,0.000000,0.000000,0.000000,0.000000
233,-0.001434,-1.762805,1.585402,-2.480893,-0.462347,1.498579,-2.865357,0.040000,0.039918,-0.021941,0.000040,-0.138237,-0.018835,-0.048670,0.087430,-0.005497,0.000003,0.000248,0.057295,0.000011,0.001031,0.026708,0.009682,-0.012829,-0.035857,0.000017,-0.000000,0.115092,-48.000000,-22.053745,-3.060666,-1.522671,-1.023671,0.018263,-0.000263,0.139292,0.115092,-240.096924,-22.053745,-3.060666,-1.522671,-1.023671,0.018263,-0.000263,0.139292,48.000000,48.000000,48.000000,48.000000,12.000000,12.000000,12.000000,200.000000,200.000000,0.000000,0.000000,0.000000,0.000000,0.000000,0.000000,0.000000,0.000000,0.000000
234,-0.001723,-1.762805,1.585539,-2.480827,-0.462333,1.498612,-2.865288,0.040000,0.039918,-0.020747,0.000040,-0.138295,-0.018319,-0.048371,0.087168,-0.004212,0.000003,0.000248,0.065086,0.000003,-0.004882,0.020791,0.004897,-0.009866,-0.064072,0.000021,-0.000019,0.123226,-48.000000,-22.060350,-3.063349,-1.523205,-1.024553,0.018195,-0.000282,0.139293,0.123226,-240.088318,-22.060350,-3.063349,-1.523205,-1.024553,0.018195,-0.000282,0.139293,48.000000,48.000000,48.000000,48.000000,12.000000,12.000000,12.000000,200.000000,200.000000,0.000000,0.000000,0.000000,0.000000,0.000000,0.000000,0.000000,0.000000,0.000000
235,-0.001987,-1.762805,1.585675,-2.480751,-0.462314,1.498639,-2.865192,0.040000,0.039918,-0.019427,0.000040,-0.138459,-0.017912,-0.048099,0.086897,-0.003078,0.000003,0.000247,0.070861,-0.000003,-0.010040,0.015410,0.000833,-0.007662,-0.089518,0.000024,-0.000029,0.129049,-48.000000,-22.066299,-3.066680,-1.523661,-1.025405,0.018116,-0.000302,0.139302,0.129049,-240.080444,-22.066299,-3.066680,-1.523661,-1.025405,0.018116,-0.000302,0.139302,48.000000,48.000000,48.000000,48.000000,12.000000,12.000000,12.000000,200.000000,200.000000,0.000000,0.000000,0.000000,0.000000,0.000000,0.000000,0.000000,0.000000,0.000000
236,-0.002224,-1.762805,1.585806,-2.480668,-0.462290,1.498661,-2.865073,0.040000,0.039918,-0.018013,0.000040,-0.138717,-0.017614,-0.047887,0.086642,-0.002158,0.000003,0.000247,0.074958,-0.000015,-0.014633,0.009958,-0.003283,-0.004356,-0.110418,0.000023,-0.000034,0.132721,-48.000000,-22.071699,-3.070853,-1.524119,-1.026160,0.018044,-0.000321,0.139312,0.132721,-240.073578,-22.071699,-3.070853,-1.524119,-1.026160,0.018044,-0.000321,0.139312,48.000000,48.000000,48.000000,48.000000,12.000000,12.000000,12.000000,200.000000,200.000000,0.000000,0.000000,0.000000,0.000000,0.000000,0.000000,0.000000,0.000000,0.000000
237,-0.002433,-1.762805,1.585930,-2.480580,-0.462262,1.498677,-2.864936,0.040000,0.039918,-0.016546,0.000040,-0.139056,-0.017412,-0.047709,0.086383,-0.001392,0.000004,0.000247,0.077094,-0.000001,-0.018582,0.005327,-0.006322,-0.001761,-0.126904,0.000024,-0.000041,0.134269,-48.000000,-22.076403,-3.075339,-1.524485,-1.026860,0.018022,-0.000342,0.139319,0.134269,-240.067566,-22.076403,-3.075339,-1.524485,-1.026860,0.018022,-0.000342,0.139319,48.000000,48.000000,48.000000,48.000000,12.000000,12.000000,12.000000,200.000000,200.000000,0.000000,0.000000,0.000000,0.000000,0.000000,0.000000,0.000000,0.000000,0.000000
238,-0.002612,-1.762805,1.586047,-2.480486,-0.462231,1.498688,-2.864786,0.040000,0.039918,-0.015053,0.000040,-0.139464,-0.017302,-0.047574,0.086133,-0.000829,0.000004,0.000247,0.077807,0.000003,-0.021763,0.000914,-0.009466,-0.000380,-0.139674,0.000025,-0.000043,0.134059,-48.000000,-22.080498,-3.080398,-1.524831,-1.027561,0.017983,-0.000362,0.139328,0.134059,-240.062531,-22.080498,-3.080398,-1.524831,-1.027561,0.017983,-0.000362,0.139328,48.000000,48.000000,48.000000,48.000000,12.000000,12.000000,12.000000,200.000000,200.000000,0.000000,0.000000,0.000000,0.000000,0.000000,0.000000,0.000000,0.000000,0.000000
239,-0.002761,-1.762805,1.586156,-2.480392,-0.462197,1.498695,-2.864625,0.040000,0.039918,-0.013559,0.000040,-0.139930,-0.017284,-0.047458,0.085918,-0.000387,0.000004,0.000247,0.077233,0.000001,-0.024486,-0.003333,-0.011646,0.002506,-0.149294,0.000027,-0.000056,0.132261,-48.000000,-22.084015,-3.085771,-1.525105,-1.028111,0.017970,-0.000380,0.139323,0.132261,-240.058319,-22.084015,-3.085771,-1.525105,-1.028111,0.017970,-0.000380,0.139323,48.000000,48.000000,48.000000,48.000000,12.000000,12.000000,12.000000,200.000000,200.000000,0.000000,0.000000,0.000000,0.000000,0.000000,0.000000,0.000000,0.000000,0.000000
240,-0.002881,-1.762805,1.586254,-2.480299,-0.462162,1.498696,-2.864457,0.040000,0.039918,-0.012091,0.000040,-0.140437,-0.017348,-0.047401,0.085727,-0.000140,0.000004,0.000247,0.075369,0.000003,-0.026301,-0.007099,-0.014083,0.004496,-0.156379,0.000026,-0.000063,0.128959,-48.000000,-22.086706,-3.091368,-1.525368,-1.028610,0.017900,-0.000398,0.139321,0.128959,-240.055206,-22.086706,-3.091368,-1.525368,-1.028610,0.017900,-0.000398,0.139321,48.000000,48.000000,48.000000,48.000000,12.000000,12.000000,12.000000,200.000000,200.000000,0.000000,0.000000,0.000000,0.000000,0.000000,0.000000,0.000000,0.000000,0.000000
241,-0.002972,-1.762805,1.586340,-2.480205,-0.462127,1.498695,-2.864286,0.040000,0.039918,-0.010674,0.000040,-0.140973,-0.017482,-0.047370,0.085538,-0.000019,0.000004,0.000247,0.072279,-0.000008,-0.027558,-0.010250,-0.015594,0.005061,-0.158684,0.000025,-0.000062,0.124320,-48.000000,-22.088808,-3.097043,-1.525548,-1.029102,0.017916,-0.000414,0.139322,0.124320,-240.052917,-22.088808,-3.097043,-1.525548,-1.029102,0.017916,-0.000414,0.139322,48.000000,48.000000,48.000000,48.000000,12.000000,12.000000,12.000000,200.000000,200.000000,0.000000,0.000000,0.000000,0.000000,0.000000,0.000000,0.000000,0.000000,0.000000
242,-0.003035,-1.762805,1.586417,-2.480117,-0.462091,1.498689,-2.864114,0.040000,0.039918,-0.009323,0.000040,-0.141527,-0.017682,-0.047356,0.085369,-0.000033,0.000005,0.000246,0.068426,-0.000014,-0.028369,-0.013148,-0.016374,0.006907,-0.158945,0.000022,-0.000064,0.118761,-48.000000,-22.090370,-3.102672,-1.525669,-1.029456,0.017904,-0.000430,0.139320,0.118761,-240.051392,-22.090370,-3.102672,-1.525669,-1.029456,0.017904,-0.000430,0.139320,48.000000,48.000000,48.000000,48.000000,12.000000,12.000000,12.000000,200.000000,200.000000,0.000000,0.000000,0.000000,0.000000,0.000000,0.000000,0.000000,0.000000,0.000000
243,-0.003073,-1.762805,1.586481,-2.480034,-0.462055,1.498681,-2.863947,0.040000,0.039918,-0.008061,0.000040,-0.142090,-0.017931,-0.047393,0.085229,-0.000189,0.000005,0.000246,0.063477,-0.000012,-0.028571,-0.015104,-0.017843,0.007478,-0.155932,0.000022,-0.000055,0.112182,-48.000000,-22.091301,-3.108010,-1.525804,-1.029753,0.017905,-0.000442,0.139329,0.112182,-240.050690,-22.091301,-3.108010,-1.525804,-1.029753,0.017905,-0.000442,0.139329,48.000000,48.000000,48.000000,48.000000,12.000000,12.000000,12.000000,200.000000,200.000000,0.000000,0.000000,0.000000,0.000000,0.000000,0.000000,0.000000,0.000000,0.000000
244,-0.003086,-1.762805,1.586535,-2.479954,-0.462021,1.498671,-2.863786,0.040000,0.039918,-0.006903,0.000040,-0.142650,-0.018217,-0.047444,0.085083,-0.000428,0.000005,0.000246,0.057887,-0.000003,-0.028257,-0.016635,-0.017738,0.007503,-0.148515,0.000020,-0.000057,0.104883,-48.000000,-22.091637,-3.113185,-1.525823,-1.030014,0.018012,-0.000453,0.139326,0.104883,-240.050690,-22.091637,-3.113185,-1.525823,-1.030014,0.018012,-0.000453,0.139326,48.000000,48.000000,48.000000,48.000000,12.000000,12.000000,12.000000,200.000000,200.000000,0.000000,0.000000,0.000000,0.000000,0.000000,0.000000,0.000000,0.000000,0.000000
245,-0.003078,-1.762805,1.586577,-2.479882,-0.461989,1.498657,-2.863632,0.040000,0.039918,-0.005850,0.000040,-0.143198,-0.018545,-0.047518,0.084974,-0.000798,0.000005,0.000246,0.052226,-0.000007,-0.027521,-0.018360,-0.017947,0.009045,-0.143078,0.000015,-0.000053,0.097307,-48.000000,-22.091520,-3.118312,-1.525854,-1.030145,0.017935,-0.000464,0.139325,0.097307,-240.051544,-22.091520,-3.118312,-1.525854,-1.030145,0.017935,-0.000464,0.139325,48.000000,48.000000,48.000000,48.000000,12.000000,12.000000,12.000000,200.000000,200.000000,0.000000,0.000000,0.000000,0.000000,0.000000,0.000000,0.000000,0.000000,0.000000
246,-0.003049,-1.762805,1.586608,-2.479816,-0.461958,1.498642,-2.863489,0.040000,0.039918,-0.004915,0.000040,-0.143728,-0.018897,-0.047605,0.084894,-0.001203,0.000005,0.000246,0.045927,-0.000005,-0.026429,-0.019073,-0.017618,0.009274,-0.133278,0.000014,-0.000050,0.089325,-48.000000,-22.090952,-3.122843,-1.525822,-1.030228,0.018000,-0.000471,0.139324,0.089325,-240.052826,-22.090952,-3.122843,-1.525822,-1.030228,0.018000,-0.000471,0.139324,48.000000,48.000000,48.000000,48.000000,12.000000,12.000000,12.000000,200.000000,200.000000,0.000000,0.000000,0.000000,0.000000,0.000000,0.000000,0.000000,0.000000,0.000000
247,-0.003003,-1.762805,1.586629,-2.479757,-0.461930,1.498626,-2.863358,0.040000,0.039918,-0.004101,0.000040,-0.144229,-0.019269,-0.047715,0.084828,-0.001663,0.000005,0.000246,0.039616,-0.000006,-0.024849,-0.019764,-0.017212,0.009236,-0.121024,0.000011,-0.000054,0.081224,-48.000000,-22.089905,-3.127238,-1.525774,-1.030280,0.018118,-0.000475,0.139312,0.081224,-240.054596,-22.089905,-3.127238,-1.525774,-1.030280,0.018118,-0.000475,0.139312,48.000000,48.000000,48.000000,48.000000,12.000000,12.000000,12.000000,200.000000,200.000000,0.000000,0.000000,0.000000,0.000000,0.000000,0.000000,0.000000,0.000000,0.000000
248,-0.002942,-1.762805,1.586640,-2.479705,-0.461904,1.498609,-2.863238,0.040000,0.039918,-0.003409,0.000040,-0.144698,-0.019654,-0.047830,0.084766,-0.002158,0.000005,0.000246,0.033198,-0.000008,-0.023167,-0.019960,-0.016377,0.008739,-0.110015,0.000010,-0.000053,0.073162,-48.000000,-22.088657,-3.131145,-1.525689,-1.030301,0.018156,-0.000479,0.139306,0.073162,-240.056732,-22.088657,-3.131145,-1.525689,-1.030301,0.018156,-0.000479,0.139306,48.000000,48.000000,48.000000,48.000000,12.000000,12.000000,12.000000,200.000000,200.000000,0.000000,0.000000,0.000000,0.000000,0.000000,0.000000,0.000000,0.000000,0.000000
249,0.000000,-0.569000,0.000000,-2.810000,0.000000,3.037000,0.741000,0.040000,0.040000,0.000000,0.000000,0.000000,0.000000,0.000000,0.000000,0.000000,0.000000,0.000000,0.000000,0.000000,0.000000,0.000000,0.000000,0.000000,0.000000,0.000000,0.000000,-0.179722,-48.000000,48.000000,23.211327,-12.000000,-12.000000,-12.000000,0.000000,0.000000,-0.179722,-335.563660,104.264709,23.211327,-38.668236,-123.763596,-288.323242,0.000000,0.000000,48.000000,48.000000,48.000000,48.000000,12.000000,12.000000,12.000000,200.000000,200.000000,0.000000,0.000000,0.000000,0.000000,0.000000,0.000000,0.000000,0.000000,0.000000
