Timestep,agent_joint_pos_J1,agent_joint_pos_J2,agent_joint_pos_J3,agent_joint_pos_J4,agent_joint_pos_J5,agent_joint_pos_J6,agent_joint_pos_J7,agent_joint_pos_J8,joint_pos_J1,joint_pos_J2,joint_pos_J3,joint_pos_J4,joint_pos_J5,joint_pos_J6,joint_pos_J7,joint_pos_J8,joint_pos_J9,joint_vel_J1,joint_vel_J2,joint_vel_J3,joint_vel_J4,joint_vel_J5,joint_vel_J6,joint_vel_J7,joint_vel_J8,joint_vel_J9,joint_acc_J1,joint_acc_J2,joint_acc_J3,joint_acc_J4,joint_acc_J5,joint_acc_J6,joint_acc_J7,joint_acc_J8,joint_acc_J9,joint_applied_torque_J1,joint_applied_torque_J2,joint_applied_torque_J3,joint_applied_torque_J4,joint_applied_torque_J5,joint_applied_torque_J6,joint_applied_torque_J7,joint_applied_torque_J8,joint_applied_torque_J9,joint_computed_torque_J1,joint_computed_torque_J2,joint_computed_torque_J3,joint_computed_torque_J4,joint_computed_torque_J5,joint_computed_torque_J6,joint_computed_torque_J7,joint_computed_torque_J8,joint_computed_torque_J9,joint_effort_limits_J1,joint_effort_limits_J2,joint_effort_limits_J3,joint_effort_limits_J4,joint_effort_limits_J5,joint_effort_limits_J6,joint_effort_limits_J7,joint_effort_limits_J8,joint_effort_limits_J9,joint_effort_target_J1,joint_effort_target_J2,joint_effort_target_J3,joint_effort_target_J4,joint_effort_target_J5,joint_effort_target_J6,joint_effort_target_J7,joint_effort_target_J8,joint_effort_target_J9
0,-0.658975,1.903537,-2.319113,0.517371,1.129383,-1.371744,-0.626445,0.442997,0.025160,-0.552173,-0.035584,-2.800416,0.029984,2.988105,0.688834,0.039900,0.040000,0.893809,1.756550,-2.175002,1.042138,0.582509,-2.431242,-2.609691,-0.004738,0.004822,-50.134232,87.864914,-0.000119,38.948303,99.511642,-9.788489,-0.003123,0.004285,0.481823,-32.882206,72.323608,-82.950142,17.876955,12.000000,-12.000000,-12.000000,0.568455,-0.000369,-32.882206,72.323608,-82.950142,17.876955,45.804832,-43.656223,-12.533563,0.568455,-0.000369,87.000000,87.000000,87.000000,87.000000,12.000000,12.000000,12.000000,200.000000,200.000000,0.000000,0.000000,0.000000,0.000000,0.000000,0.000000,0.000000,0.000000,0.000000
1,-0.407418,1.119628,-1.973952,0.531856,1.252782,-1.311834,0.006030,0.113571,0.038855,-0.510604,-0.078980,-2.778697,0.072000,2.935863,0.704703,0.040000,0.039999,0.217859,2.175206,-2.175018,1.224788,1.529842,-2.610001,0.893560,0.014976,-0.000141,-35.156639,-0.003386,-0.001097,-2.477753,35.471081,0.000048,-18.753630,1.768057,-0.148286,-21.284050,33.154747,-65.676483,14.675388,12.000000,-12.000000,-0.502290,0.518793,-0.134177,-21.284050,33.154747,-65.676483,14.675388,41.426830,-36.030693,-0.502290,0.518793,-0.134177,87.000000,87.000000,87.000000,87.000000,12.000000,12.000000,12.000000,200.000000,200.000000,0.000000,0.000000,0.000000,0.000000,0.000000,0.000000,0.000000,0.000000,0.000000
2,0.042132,0.907107,-1.487293,0.407625,0.955465,-1.299775,-0.052463,0.139800,0.045233,-0.467075,-0.122457,-2.757697,0.123602,2.883659,0.707899,0.040000,0.040000,0.267478,2.175089,-2.175024,1.064527,2.511667,-2.610003,0.161345,0.020324,0.001033,-3.610343,-0.001550,-0.000620,-6.731462,2.658749,-0.000119,-3.204794,0.132511,-0.025438,-2.906081,21.171158,-42.734959,8.407946,12.000000,-12.000000,-0.104666,-1.899862,-0.128732,-2.906081,21.171158,-42.734959,8.407946,20.466034,-31.371803,-0.104666,-1.899862,-0.128732,87.000000,87.000000,87.000000,87.000000,12.000000,12.000000,12.000000,200.000000,200.000000,0.000000,0.000000,0.000000,0.000000,0.000000,0.000000,0.000000,0.000000,0.000000
3,0.413518,1.257834,-1.181233,0.126186,0.676323,-1.434226,-0.281555,0.341287,0.054906,-0.423582,-0.165985,-2.742078,0.175849,2.832565,0.673212,0.040000,0.039954,0.664707,2.174969,-2.175001,0.661808,2.609592,-2.444054,-1.471898,0.008584,-0.002849,17.784891,0.008702,0.000072,-18.673479,0.010419,-0.749445,33.094181,-1.182785,-0.252480,10.662544,31.720108,-27.011410,-3.230751,4.630785,-12.000000,0.063484,-2.041181,0.051754,10.662544,31.720108,-27.011410,-3.230751,4.630785,-33.314369,0.063484,-2.041181,0.051754,87.000000,87.000000,87.000000,87.000000,12.000000,12.000000,12.000000,200.000000,200.000000,0.000000,0.000000,0.000000,0.000000,0.000000,0.000000,0.000000,0.000000,0.000000
4,0.333306,1.354255,-1.267998,0.155319,0.769724,-1.479306,-0.242765,0.364568,0.069749,-0.380083,-0.209495,-2.733699,0.227947,2.780886,0.655088,0.040000,0.039912,0.820690,2.175009,-2.175000,0.320293,2.609788,-2.534376,-0.715254,0.012989,-0.001169,6.574118,0.000048,0.000024,-17.330420,0.008202,-2.003431,16.210752,0.317848,0.058962,5.356118,32.096828,-27.000740,-1.601161,4.199620,-12.000000,0.029570,-0.981038,0.317770,5.356118,32.096828,-27.000740,-1.601161,4.199620,-30.695673,0.029570,-0.981038,0.317770,87.000000,87.000000,87.000000,87.000000,12.000000,12.000000,12.000000,200.000000,200.000000,0.000000,0.000000,0.000000,0.000000,0.000000,0.000000,0.000000,0.000000,0.000000
5,0.286893,1.144852,-1.244951,0.311353,0.775471,-1.397523,-0.242422,0.334520,0.086184,-0.336554,-0.253015,-2.730815,0.279181,2.728682,0.643355,0.040000,0.039890,0.821995,2.175061,-2.175042,0.127717,2.357261,-2.610002,-0.448422,0.015095,-0.000531,-1.766688,-0.003982,0.020909,-9.738305,-25.341606,-0.000286,12.755251,0.112962,0.033666,1.881421,20.239264,-22.596958,5.293866,0.251912,-12.000000,0.002223,-1.396553,0.289410,1.881421,20.239264,-22.596958,5.293866,0.251912,-22.883654,0.002223,-1.396553,0.289410,87.000000,87.000000,87.000000,87.000000,12.000000,12.000000,12.000000,200.000000,200.000000,0.000000,0.000000,0.000000,0.000000,0.000000,0.000000,0.000000,0.000000,0.000000
6,0.377729,0.940300,-1.098697,0.462404,0.735405,-1.313062,-0.279044,0.312457,0.102423,-0.292989,-0.296577,-2.730272,0.312998,2.676491,0.630134,0.040000,0.039862,0.835070,2.175108,-2.175090,0.084459,1.265635,-2.610001,-0.552039,0.009896,-0.001729,1.977038,-0.000858,0.000024,-2.450038,-37.941074,-0.000191,11.242771,-0.490820,-0.039008,4.308291,8.573211,-13.263609,11.694938,-1.057058,-12.000000,-0.127932,-1.480392,0.378119,4.308291,8.573211,-13.263609,11.694938,-1.057058,-15.329753,-0.127932,-1.480392,0.378119,87.000000,87.000000,87.000000,87.000000,12.000000,12.000000,12.000000,200.000000,200.000000,0.000000,0.000000,0.000000,0.000000,0.000000,0.000000,0.000000,0.000000,0.000000
7,0.516956,0.805714,-0.932911,0.585037,0.678268,-1.271386,-0.340946,0.303958,0.120659,-0.249394,-0.340160,-2.729446,0.326500,2.624301,0.611139,0.040000,0.039835,1.012962,2.175146,-2.175126,0.150973,0.399005,-2.610001,-0.799581,0.004260,-0.001334,10.303556,-0.001168,0.000954,2.905501,-21.038845,0.000167,16.556007,-0.461924,0.108456,8.153401,-0.296851,-3.146087,16.515787,-1.041136,-9.487567,-0.098809,-0.887909,0.554236,8.153401,-0.296851,-3.146087,16.515787,-1.041136,-9.487567,-0.098809,-0.887909,0.554236,87.000000,87.000000,87.000000,87.000000,12.000000,12.000000,12.000000,200.000000,200.000000,0.000000,0.000000,0.000000,0.000000,0.000000,0.000000,0.000000,0.000000,0.000000
8,0.637668,0.758109,-0.803782,0.654962,0.609725,-1.247855,-0.394435,0.319034,0.143533,-0.205777,-0.383758,-2.726695,0.323867,2.572110,0.589487,0.040000,0.039840,1.290090,2.175164,-2.175120,0.271100,-0.281078,-2.610001,-0.907950,0.001169,0.000264,15.146648,-0.001550,0.002074,5.379011,-7.138251,0.000048,18.941408,-0.288908,0.195137,10.443094,-5.689658,5.506491,18.798689,-0.892772,-4.371073,-0.072644,-0.405780,0.509758,10.443094,-5.689658,5.506491,18.798689,-0.892772,-4.371073,-0.072644,-0.405780,0.509758,87.000000,87.000000,87.000000,87.000000,12.000000,12.000000,12.000000,200.000000,200.000000,0.000000,0.000000,0.000000,0.000000,0.000000,0.000000,0.000000,0.000000,0.000000
9,0.721230,0.794591,-0.702958,0.678232,0.521143,-1.226896,-0.422731,0.346863,0.169455,-0.162150,-0.424639,-2.721550,0.307177,2.520135,0.570143,0.039989,0.039885,1.131924,2.175005,-1.702591,0.370808,-0.840347,-2.541124,-0.810512,0.000015,0.001683,-20.033157,-0.000715,38.406170,3.148124,10.206997,6.887698,16.600441,-0.147817,0.199852,10.973624,-7.719423,12.657977,18.921871,-0.688521,0.641649,-0.054867,-0.149312,0.320864,10.973624,-7.719423,12.657977,18.921871,-0.688521,0.641649,-0.054867,-0.149312,0.320864,87.000000,87.000000,87.000000,87.000000,12.000000,12.000000,12.000000,200.000000,200.000000,0.000000,0.000000,0.000000,0.000000,0.000000,0.000000,0.000000,0.000000,0.000000
10,0.789404,0.922559,-0.607832,0.678624,0.419776,-1.189538,-0.430766,0.391151,0.188354,-0.118511,-0.450920,-2.716172,0.280538,2.483083,0.555836,0.039992,0.039951,0.657873,2.175005,-0.796751,0.331783,-1.299519,-1.418253,-0.598112,0.000445,0.001848,-17.257578,-0.000119,41.261120,-1.162377,12.841535,45.594799,12.075633,-0.162353,0.117400,13.843469,-6.091455,15.737049,18.470503,-1.039104,2.979611,-0.073148,-0.180092,0.099633,13.843469,-6.091455,15.737049,18.470503,-1.039104,2.979611,-0.073148,-0.180092,0.099633,87.000000,87.000000,87.000000,87.000000,12.000000,12.000000,12.000000,200.000000,200.000000,0.000000,0.000000,0.000000,0.000000,0.000000,0.000000,0.000000,0.000000,0.000000
11,0.790024,1.192665,-0.543384,0.618969,0.322797,-1.179813,-0.449246,0.455846,0.196116,-0.074894,-0.457191,-2.711297,0.245773,2.463306,0.543226,0.040000,0.040000,0.274648,2.175005,0.036439,0.312752,-1.646997,-0.754466,-0.535061,0.001335,0.003221,0.194693,-0.000334,24.779869,-0.478578,20.609165,27.865528,10.543537,-0.076340,0.198989,15.076419,1.222412,15.585453,15.782062,-0.738419,2.192503,-0.059252,-0.199110,-0.096106,15.076419,1.222412,15.585453,15.782062,-0.738419,2.192503,-0.059252,-0.199110,-0.096106,87.000000,87.000000,87.000000,87.000000,12.000000,12.000000,12.000000,200.000000,200.000000,0.000000,0.000000,0.000000,0.000000,0.000000,0.000000,0.000000,0.000000,0.000000
12,0.685592,1.442037,-0.573553,0.533052,0.201669,-1.067144,-0.449673,0.511950,0.197574,-0.031321,-0.449009,-2.708497,0.202388,2.468079,0.534664,0.040000,0.040000,0.080820,2.175005,0.577496,0.186294,-2.103634,0.443803,-0.374584,0.003786,0.005765,9.112237,0.000072,9.567192,-1.182324,21.218704,14.157605,5.866718,0.142333,0.105451,11.704966,7.709570,11.462948,12.501845,-0.632933,2.004747,-0.073416,-0.236316,-0.471070,11.704966,7.709570,11.462948,12.501845,-0.632933,2.004747,-0.073416,-0.236316,-0.471070,87.000000,87.000000,87.000000,87.000000,12.000000,12.000000,12.000000,200.000000,200.000000,0.000000,0.000000,0.000000,0.000000,0.000000,0.000000,0.000000,0.000000,0.000000
13,0.518933,1.659073,-0.624582,0.434581,0.055603,-0.966721,-0.433563,0.530125,0.192614,0.012215,-0.429127,-2.707992,0.151089,2.490922,0.531447,0.040000,0.040000,-0.162586,2.175001,0.997044,0.069456,-2.571255,1.117653,-0.146041,0.005645,0.007686,15.708362,-0.000024,-6.554091,-0.533219,3.005004,-9.572136,1.866463,0.157242,0.056844,6.437289,12.906823,5.921391,8.925891,-1.535703,1.167394,-0.041914,-0.407213,-0.711745,6.437289,12.906823,5.921391,8.925891,-1.535703,1.167394,-0.041914,-0.407213,-0.711745,87.000000,87.000000,87.000000,87.000000,12.000000,12.000000,12.000000,200.000000,200.000000,0.000000,0.000000,0.000000,0.000000,0.000000,0.000000,0.000000,0.000000,0.000000
14,0.339867,1.769848,-0.654238,0.397202,-0.116976,-0.786968,-0.357442,0.489585,0.180853,0.055748,-0.399678,-2.710860,0.099091,2.535188,0.541441,0.040000,0.040000,-0.442365,2.175002,1.340785,-0.092282,-2.607079,2.101632,0.425418,0.006232,0.006187,20.536169,-0.000143,-19.218481,1.847265,-0.530171,-26.488209,-9.959608,0.079353,-0.286345,1.273389,13.855192,0.833627,8.267878,-4.284445,1.058044,-0.056170,-0.543828,-0.905049,1.273389,13.855192,0.833627,8.267878,-4.284445,1.058044,-0.056170,-0.543828,-0.905049,87.000000,87.000000,87.000000,87.000000,12.000000,12.000000,12.000000,200.000000,200.000000,0.000000,0.000000,0.000000,0.000000,0.000000,0.000000,0.000000,0.000000,0.000000
15,0.124371,1.818758,-0.633462,0.440900,-0.301059,-0.586394,-0.156740,0.342005,0.157612,0.099308,-0.358660,-2.714456,0.047008,2.587249,0.580798,0.040000,0.040000,-1.011478,2.175006,1.851494,-0.118571,-2.598132,2.608418,1.659595,0.003723,0.003625,25.267303,0.000048,-30.146503,1.599793,-0.025964,-0.048661,-37.369049,-0.202461,-0.336870,-3.489884,12.328095,-3.650621,10.393547,-7.492881,4.176828,-0.118802,-0.574724,-0.699360,-3.489884,12.328095,-3.650621,10.393547,-7.492881,4.176828,-0.118802,-0.574724,-0.699360,87.000000,87.000000,87.000000,87.000000,12.000000,12.000000,12.000000,200.000000,200.000000,0.000000,0.000000,0.000000,0.000000,0.000000,0.000000,0.000000,0.000000,0.000000
16,-0.146183,1.620873,-0.653445,0.612236,-0.459132,-0.304694,0.172722,-0.041175,0.128355,0.142929,-0.315155,-2.715530,-0.005025,2.639440,0.632998,0.035897,0.035895,-1.586313,2.175014,2.166191,0.084090,-2.594528,2.605350,2.605877,-0.198010,-0.198256,-11.896860,-0.014114,-0.875330,9.767708,0.032282,0.030541,-0.015140,-0.137562,-0.139645,-11.472840,0.924760,-7.883826,16.982925,-9.663240,11.284856,7.212893,-56.242142,-56.218597,-11.472840,0.924760,-7.883826,16.982925,-9.663240,11.284856,7.212893,-56.242142,-56.218597,87.000000,87.000000,87.000000,87.000000,12.000000,12.000000,12.000000,200.000000,200.000000,0.000000,0.000000,0.000000,0.000000,0.000000,0.000000,0.000000,0.000000,0.000000
17,-0.788492,0.908136,-1.143334,1.030361,-0.129947,0.097823,0.485701,-0.728459,0.092087,0.184913,-0.274172,-2.709894,-0.040592,2.685619,0.685096,0.031785,0.031990,-1.806250,1.965873,1.734861,0.604692,-1.419984,1.406396,2.621604,-0.199326,-0.207385,2.966452,-5.093908,-30.676819,21.579197,53.181805,-13.242102,1.186562,-0.082274,-0.866541,-33.055130,-30.383205,-30.412777,31.967119,4.715850,12.000000,12.000000,-47.832909,-47.804962,-33.055130,-30.383205,-30.412777,31.967119,4.715850,27.690863,15.541327,-47.832909,-47.804962,87.000000,87.000000,87.000000,87.000000,12.000000,12.000000,12.000000,200.000000,200.000000,0.000000,0.000000,0.000000,0.000000,0.000000,0.000000,0.000000,0.000000,0.000000
18,-1.092348,-1.185355,-1.350845,1.290624,-0.211091,0.004129,1.276684,-1.581993,0.055056,0.210327,-0.247316,-2.701987,-0.070311,2.732191,0.727998,0.028581,0.031558,-1.854478,0.591582,0.968327,0.442065,-1.521486,1.323518,0.615668,-0.103403,0.100268,-1.918828,-70.913254,-29.346006,-19.285606,41.293587,1.650417,-131.006226,7.058589,-10.272808,-42.256092,-87.000000,-38.344769,40.720337,3.817198,12.000000,12.000000,-42.271095,-81.528946,-42.256092,-114.216774,-38.344769,40.720337,3.817198,21.170776,45.917797,-42.271095,-81.528946,87.000000,87.000000,87.000000,87.000000,12.000000,12.000000,12.000000,200.000000,200.000000,0.000000,0.000000,0.000000,0.000000,0.000000,0.000000,0.000000,0.000000,0.000000
19,-0.626667,-1.356991,-1.193706,1.661959,-0.094501,-0.057281,1.203477,-1.338877,0.033277,0.212825,-0.247403,-2.694592,-0.078986,2.775656,0.776564,0.028032,0.031457,-0.736244,-0.218603,-0.673758,0.614324,-0.295069,2.611030,2.610001,0.048678,-0.014053,14.164734,-39.205067,-44.269913,16.825155,21.173679,41.417503,-0.731611,-15.818873,-6.541160,-24.879391,-87.000000,-27.362947,55.815228,4.334819,11.822682,12.000000,-76.583206,-69.468727,-24.879391,-117.559128,-27.362947,55.815228,4.334819,11.822682,36.892738,-76.583206,-69.468727,87.000000,87.000000,87.000000,87.000000,12.000000,12.000000,12.000000,200.000000,200.000000,0.000000,0.000000,0.000000,0.000000,0.000000,0.000000,0.000000,0.000000,0.000000
20,-0.684039,-1.629082,-0.564279,1.995016,-0.200576,0.046679,1.926954,-1.455723,-0.008479,0.200924,-0.233846,-2.674320,-0.093011,2.824370,0.828613,0.028329,0.031068,-2.124501,-0.873401,0.675582,1.476925,-0.811949,2.380276,2.610003,0.070734,0.014345,0.910401,-31.804884,-0.488198,41.304363,5.704206,-20.144320,0.000048,5.775854,-4.357838,-19.863655,-87.000000,-6.006989,65.672829,2.255331,10.457349,12.000000,-57.856796,-67.991333,-19.863655,-125.134155,-6.006989,65.672829,2.255331,10.457349,61.704567,-57.856796,-67.991333,87.000000,87.000000,87.000000,87.000000,12.000000,12.000000,12.000000,200.000000,200.000000,0.000000,0.000000,0.000000,0.000000,0.000000,0.000000,0.000000,0.000000,0.000000
21,-0.729979,-1.599231,-0.231151,2.507195,0.212071,0.351253,2.405705,-1.473410,-0.053149,0.178431,-0.209544,-2.636310,-0.048895,2.867883,0.874187,0.028658,0.030905,-2.175278,-1.456110,1.286869,2.174130,2.609244,2.112890,2.610000,0.066666,0.038995,-0.027561,-30.392063,12.704420,0.709891,20.419645,125.190735,72.071709,-0.068565,1.698981,-18.025446,-87.000000,3.930933,79.437454,4.894404,12.000000,12.000000,-63.770767,-63.984318,-18.025446,-120.139206,3.930933,79.437454,4.894404,25.853251,80.097359,-63.770767,-63.984318,87.000000,87.000000,87.000000,87.000000,12.000000,12.000000,12.000000,200.000000,200.000000,0.000000,0.000000,0.000000,0.000000,0.000000,0.000000,0.000000,0.000000,0.000000
22,-0.844989,-1.649312,-0.207598,2.395810,0.555627,0.691434,2.587569,-1.341062,-0.097284,0.142526,-0.180221,-2.593149,0.003854,2.912167,0.926226,0.028668,0.031115,-2.174377,-2.175021,1.490734,2.174685,2.608877,1.923844,2.609999,0.070395,0.036660,0.143528,-27.333557,7.954061,0.066757,-0.579643,30.889107,-0.000358,-1.391187,0.088847,-19.072672,-87.000000,1.673345,71.509804,12.000000,12.000000,12.000000,-65.725594,-65.663139,-19.072672,-116.861603,1.673345,71.509804,13.572012,33.009125,80.321999,-65.725594,-65.663139,87.000000,87.000000,87.000000,87.000000,12.000000,12.000000,12.000000,200.000000,200.000000,0.000000,0.000000,0.000000,0.000000,0.000000,0.000000,0.000000,0.000000,0.000000
23,-0.494483,-1.510385,0.028128,2.472459,1.043003,0.614888,2.504255,-1.291479,-0.142714,0.100111,-0.145058,-2.549804,0.056410,2.964275,0.978429,0.028580,0.031209,-2.175619,-2.174615,1.755852,2.175017,2.608635,2.611250,2.610002,0.075368,0.038831,0.027585,-0.021482,11.577690,0.074816,0.075412,3.241205,0.000000,0.059701,0.139289,-1.468768,-87.000000,7.619127,71.121986,12.000000,12.000000,12.000000,-64.777527,-66.019348,-1.468768,-106.950127,7.619127,71.121986,28.872837,22.186041,72.824242,-64.777527,-66.019348,87.000000,87.000000,87.000000,87.000000,12.000000,12.000000,12.000000,200.000000,200.000000,0.000000,0.000000,0.000000,0.000000,0.000000,0.000000,0.000000,0.000000,0.000000
24,0.204904,-1.624079,0.595533,2.529483,1.160499,0.610957,2.343275,-0.857345,-0.183561,0.057421,-0.106236,-2.506351,0.108859,3.016466,1.030622,0.028695,0.031070,-1.487641,-2.176602,1.646316,2.175800,2.615653,2.611010,2.610002,0.089808,0.023406,52.413715,-0.000811,-25.577032,0.017524,-0.017905,-0.003529,-0.000143,-0.042544,-0.110643,29.488838,-87.000000,26.180313,69.922867,12.000000,12.000000,12.000000,-66.284897,-64.746384,29.488838,-108.077309,26.180313,69.922867,29.345936,17.724497,62.208851,-66.284897,-64.746384,87.000000,87.000000,87.000000,87.000000,12.000000,12.000000,12.000000,200.000000,200.000000,0.000000,0.000000,0.000000,0.000000,0.000000,0.000000,0.000000,0.000000,0.000000
25,1.164228,-1.841882,1.111285,2.427078,1.012793,0.760596,2.029713,0.018777,-0.173013,0.014626,-0.103227,-2.462833,0.161285,3.068650,1.082794,0.032212,0.034342,1.020010,-2.177254,0.179706,2.176594,2.611809,2.606733,2.605364,0.198748,0.148241,27.146769,0.038981,26.371271,-0.097513,0.565100,-0.274634,-0.182223,0.320397,-3.288707,58.137100,-87.000000,53.084320,62.340492,12.000000,12.000000,12.000000,-0.101301,-3.639874,58.137100,-113.367805,53.084320,62.340492,19.280807,19.540873,45.502659,-0.101301,-3.639874,87.000000,87.000000,87.000000,87.000000,12.000000,12.000000,12.000000,200.000000,200.000000,0.000000,0.000000,0.000000,0.000000,0.000000,0.000000,0.000000,0.000000,0.000000
26,2.132611,-2.285496,2.006628,2.152701,-0.032913,1.055152,1.716055,1.058913,-0.159104,-0.028316,-0.082461,-2.419208,0.157929,3.120785,1.133157,0.035997,0.036424,0.198308,-2.178081,2.163056,2.175321,-1.314364,2.610597,2.610004,0.163014,0.080857,53.840782,-0.084996,-0.765538,-0.169063,-201.229935,0.059199,115.276299,-2.038887,-3.705751,87.000000,-87.000000,79.270836,47.881264,-12.000000,12.000000,12.000000,-6.670597,-2.970661,99.946983,-127.682404,79.270836,47.881264,-17.345381,27.148369,33.523903,-6.670597,-2.970661,87.000000,87.000000,87.000000,87.000000,12.000000,12.000000,12.000000,200.000000,200.000000,0.000000,0.000000,0.000000,0.000000,0.000000,0.000000,0.000000,0.000000,0.000000
27,0.086354,-2.414608,0.295970,0.773224,-0.515111,1.988298,1.757909,1.191527,-0.143240,-0.071433,-0.052175,-2.381969,0.107448,3.172989,1.184487,0.037585,0.037728,0.986895,-2.175249,1.432276,1.662265,-2.357980,2.610002,2.392925,0.067317,0.052909,12.939781,-0.001836,-5.143940,-25.075186,-8.143830,-0.000095,5.979609,-0.915974,-1.383254,12.215830,-87.000000,11.224968,-9.575344,-12.000000,12.000000,12.000000,-1.352773,-0.974730,12.215830,-129.413925,11.224968,-9.575344,-22.143429,60.300789,27.565382,-1.352773,-0.974730,87.000000,87.000000,87.000000,87.000000,12.000000,12.000000,12.000000,200.000000,200.000000,0.000000,0.000000,0.000000,0.000000,0.000000,0.000000,0.000000,0.000000,0.000000
28,-1.464306,-2.286815,-0.987739,0.191533,0.351629,2.355912,2.283984,0.825026,-0.141766,-0.114800,-0.010616,-2.362272,0.104844,3.225197,1.231450,0.038449,0.038774,-0.116992,-2.175486,1.884933,0.511095,0.491215,2.610002,2.293039,0.033658,0.042459,-14.810925,0.005555,-28.753757,-53.799866,23.401022,-0.000167,83.927467,-1.592664,-0.772280,-47.426994,-87.000000,-45.704132,-31.794737,4.940259,12.000000,12.000000,-1.148860,-1.617957,-47.426994,-120.842804,-45.704132,-31.794737,4.940259,70.828979,48.313316,-1.148860,-1.617957,87.000000,87.000000,87.000000,87.000000,12.000000,12.000000,12.000000,200.000000,200.000000,0.000000,0.000000,0.000000,0.000000,0.000000,0.000000,0.000000,0.000000,0.000000
29,-1.680833,-2.194270,-1.410002,0.531097,0.848359,2.553628,2.380128,0.545193,-0.130810,-0.158203,0.006853,-2.362180,0.152749,3.277411,1.283233,0.038898,0.039633,0.396916,-2.173976,0.499524,-0.269871,2.606144,2.610001,2.528277,0.020412,0.039584,-30.194670,0.019836,-19.041592,-37.187664,60.024452,-0.000930,-8.172417,-0.643508,0.465312,-59.147015,-87.000000,-59.190655,-15.135940,12.000000,12.000000,12.000000,-0.067021,-1.894181,-59.147015,-113.674507,-59.190655,-15.135940,15.742923,74.560913,43.455799,-0.067021,-1.894181,87.000000,87.000000,87.000000,87.000000,12.000000,12.000000,12.000000,200.000000,200.000000,0.000000,0.000000,0.000000,0.000000,0.000000,0.000000,0.000000,0.000000,0.000000
30,-1.587560,-2.252925,-1.462312,0.909261,1.025769,2.753769,2.543568,0.449947,-0.120417,-0.201554,0.003688,-2.372291,0.202170,3.327131,1.335437,0.039247,0.040000,0.203677,-2.169593,-0.450926,-0.532565,1.934705,2.219723,2.610001,0.017370,0.020177,-40.122837,0.005341,-13.597017,-15.898681,18.770683,-4.050732,-0.000048,-0.416705,-1.171617,-55.959091,-87.000000,-57.785007,2.378979,12.000000,12.000000,12.000000,-0.353684,-3.182346,-55.959091,-112.568100,-57.785007,2.378979,19.843876,79.878677,45.836781,-0.353684,-3.182346,87.000000,87.000000,87.000000,87.000000,12.000000,12.000000,12.000000,200.000000,200.000000,0.000000,0.000000,0.000000,0.000000,0.000000,0.000000,0.000000,0.000000,0.000000
31,-1.609624,-2.289537,-1.393388,1.356642,1.211701,2.933637,2.645956,0.395032,-0.131308,-0.244719,-0.001721,-2.383373,0.247831,3.370439,1.387654,0.039492,0.040000,-1.048125,-2.143783,-0.441092,-0.311964,1.397214,1.572206,2.610002,0.013078,0.018553,-37.806892,-0.353312,-18.493473,5.018029,13.057518,4.350698,0.000095,-0.358111,-0.400615,-51.832733,-87.000000,-54.827705,21.166441,12.000000,12.000000,12.000000,-0.441949,-2.255893,-51.832733,-110.687508,-54.827705,21.166441,25.393728,86.297997,45.754562,-0.441949,-2.255893,87.000000,87.000000,87.000000,87.000000,12.000000,12.000000,12.000000,200.000000,200.000000,0.000000,0.000000,0.000000,0.000000,0.000000,0.000000,0.000000,0.000000,0.000000
32,-1.717536,-2.343652,-1.202824,1.850703,1.419889,3.074861,2.668757,0.347137,-0.166997,-0.287544,-0.006380,-2.386139,0.290237,3.406816,1.439859,0.039674,0.040000,-1.916826,-2.116610,-0.692914,0.354329,1.179276,0.945646,2.609462,0.010358,0.020215,-4.375148,-0.178552,-43.398552,27.983833,17.857922,-1.501513,-0.005317,-0.283934,-0.151740,-49.354507,-87.000000,-46.883621,39.834312,12.000000,12.000000,12.000000,-0.509764,-2.173243,-49.354507,-109.510887,-46.883621,39.834312,31.282108,90.994606,42.491699,-0.509764,-2.173243,87.000000,87.000000,87.000000,87.000000,12.000000,12.000000,12.000000,200.000000,200.000000,0.000000,0.000000,0.000000,0.000000,0.000000,0.000000,0.000000,0.000000,0.000000
33,-1.828806,-2.452802,-0.966171,2.242516,1.589559,3.172272,2.712085,0.341544,-0.206991,-0.329710,-0.024585,-2.372900,0.334160,3.438089,1.492051,0.039831,0.040000,-2.030177,-2.098660,-1.313895,1.291235,1.463970,0.571815,2.609085,0.008838,0.023179,-2.732515,-1.378608,-31.875641,42.328018,16.973209,-5.091858,-0.000811,-0.141996,0.315774,-50.193214,-87.000000,-33.562035,51.979267,12.000000,12.000000,12.000000,-0.541030,-2.002103,-50.193214,-110.593529,-33.562035,51.979267,33.458389,93.537354,40.050583,-0.541030,-2.002103,87.000000,87.000000,87.000000,87.000000,12.000000,12.000000,12.000000,200.000000,200.000000,0.000000,0.000000,0.000000,0.000000,0.000000,0.000000,0.000000,0.000000,0.000000
34,-1.911811,-2.617025,-0.777517,2.432634,1.696653,3.227067,2.826493,0.389408,-0.248563,-0.371202,-0.053543,-2.340297,0.380931,3.467872,1.544238,0.039961,0.040000,-2.099622,-2.111990,-1.714548,2.174971,1.883389,0.653287,2.609924,0.001946,0.036791,-1.569724,-3.619528,-20.646154,36.736107,17.518211,10.441547,0.099254,-0.611868,0.989382,-49.921192,-87.000000,-22.034784,54.001251,12.000000,12.000000,12.000000,-0.611011,-2.689760,-49.921192,-113.852692,-22.034784,54.001251,32.456692,93.607964,40.452423,-0.611011,-2.689760,87.000000,87.000000,87.000000,87.000000,12.000000,12.000000,12.000000,200.000000,200.000000,0.000000,0.000000,0.000000,0.000000,0.000000,0.000000,0.000000,0.000000,0.000000
35,-1.998031,-2.792615,-0.611615,2.500477,1.781148,3.239816,2.956812,0.446096,-0.291135,-0.413438,-0.089286,-2.297277,0.431134,3.505864,1.596434,0.040000,0.040000,-2.145457,-2.175048,-1.920312,2.175002,2.335220,1.848713,2.609998,0.001364,0.048532,-1.009321,-0.002694,-12.711787,0.000024,9.260535,43.846085,-0.000310,0.019920,0.697402,-49.796543,-87.000000,-11.635944,52.028221,12.000000,12.000000,12.000000,-0.111251,-4.155817,-49.796543,-117.153564,-11.635944,52.028221,29.809702,88.078094,41.485672,-0.111251,-4.155817,87.000000,87.000000,87.000000,87.000000,12.000000,12.000000,12.000000,200.000000,200.000000,0.000000,0.000000,0.000000,0.000000,0.000000,0.000000,0.000000,0.000000,0.000000
36,-2.079901,-2.981362,-0.494163,2.551717,1.828906,3.217647,3.085227,0.489733,-0.334324,-0.456241,-0.129502,-2.253978,0.482988,3.549877,1.648634,0.040000,0.040000,-2.172144,-2.175032,-2.061667,2.175001,2.571191,2.123852,2.610001,0.002821,0.054695,-0.573373,0.000763,-7.965255,-0.000024,5.641198,9.420085,-0.000215,0.098220,0.276408,-49.514351,-87.000000,-3.124072,50.619701,12.000000,12.000000,12.000000,-0.183929,-5.193079,-49.514351,-121.288078,-3.124072,50.619701,26.540380,81.346741,42.446320,-0.183929,-5.193079,87.000000,87.000000,87.000000,87.000000,12.000000,12.000000,12.000000,200.000000,200.000000,0.000000,0.000000,0.000000,0.000000,0.000000,0.000000,0.000000,0.000000,0.000000
37,-2.106394,-3.150590,-0.408979,2.578228,1.827357,3.170866,3.205136,0.527691,-0.377875,-0.499147,-0.172187,-2.210646,0.535289,3.596773,1.700756,0.040000,0.040000,-2.175175,-2.175123,-2.130865,2.174975,2.610001,2.304576,2.588730,0.005699,0.056537,-0.004005,-0.004268,-2.947879,-0.001431,-0.000048,5.319142,-0.755072,0.148930,0.089920,-47.069077,-87.000000,4.100017,48.214874,12.000000,12.000000,12.000000,-0.420931,-5.563805,-47.069077,-124.628654,4.100017,48.214874,21.923275,74.937828,43.123985,-0.420931,-5.563805,87.000000,87.000000,87.000000,87.000000,12.000000,12.000000,12.000000,200.000000,200.000000,0.000000,0.000000,0.000000,0.000000,0.000000,0.000000,0.000000,0.000000,0.000000
38,-2.101220,-3.314925,-0.344082,2.544380,1.798415,3.090476,3.328296,0.575556,-0.421649,-0.542165,-0.214950,-2.167331,0.587575,3.645263,1.752736,0.040000,0.040000,-2.175325,-2.175281,-2.089109,2.174937,2.610001,2.422516,2.561708,0.009365,0.056835,-0.004721,-0.006104,2.124286,-0.001335,0.000119,4.631615,-0.692153,0.192912,0.017701,-43.366116,-87.000000,10.168911,43.394669,12.000000,12.000000,12.000000,-0.743547,-5.665794,-43.366116,-127.764542,10.168911,43.394669,16.581837,67.405922,43.997066,-0.743547,-5.665794,87.000000,87.000000,87.000000,87.000000,12.000000,12.000000,12.000000,200.000000,200.000000,0.000000,0.000000,0.000000,0.000000,0.000000,0.000000,0.000000,0.000000,0.000000
39,-2.068813,-3.489836,-0.327729,2.406806,1.750172,2.959477,3.442135,0.639304,-0.465380,-0.585309,-0.256943,-2.124145,0.639809,3.695630,1.804585,0.040000,0.040000,-2.175501,-2.175427,-2.027558,2.174928,2.609999,2.529584,2.538826,0.013699,0.057633,-0.009322,-0.006819,3.122473,0.000095,-0.000215,1.860619,-0.908732,0.227501,0.094260,-38.569241,-87.000000,14.011146,34.431034,10.470819,12.000000,12.000000,-1.142381,-5.669075,-38.569241,-131.314148,14.011146,34.431034,10.470819,57.664829,44.479809,-1.142381,-5.669075,87.000000,87.000000,87.000000,87.000000,12.000000,12.000000,12.000000,200.000000,200.000000,0.000000,0.000000,0.000000,0.000000,0.000000,0.000000,0.000000,0.000000,0.000000
40,-1.946463,-3.687866,-0.345651,2.027532,1.645177,2.722149,3.555506,0.738056,-0.509033,-0.628493,-0.298002,-2.081813,0.691889,3.746768,1.856053,0.040000,0.040000,-2.175168,-2.158294,-1.971518,2.174935,2.610002,2.553770,2.487988,0.017887,0.057642,0.002098,0.827432,2.905929,0.000668,0.000000,2.508593,-1.542592,0.200228,-0.018953,-30.180332,-87.000000,16.382828,15.834806,2.097089,12.000000,12.000000,-1.588494,-5.783179,-30.180332,-135.815826,16.382828,15.834806,2.097089,44.041664,45.059254,-1.588494,-5.783179,87.000000,87.000000,87.000000,87.000000,12.000000,12.000000,12.000000,200.000000,200.000000,0.000000,0.000000,0.000000,0.000000,0.000000,0.000000,0.000000,0.000000,0.000000
41,-1.720416,-3.881588,-0.356851,1.401392,1.461467,2.406461,3.721283,0.886942,-0.552944,-0.672049,-0.340486,-2.045327,0.719020,3.752501,1.908268,0.040000,0.040000,-2.178301,-2.175011,-2.047397,1.582286,0.879674,0.021704,2.596782,0.012130,0.032540,-0.029755,-0.000215,7.529497,-36.607826,-36.379807,0.004900,0.056911,-0.947135,-2.537135,-17.624641,-87.000000,19.769466,-11.587557,-3.189196,12.000000,12.000000,-2.160086,-5.791109,-17.624641,-140.061432,19.769466,-11.587557,-3.189196,38.931801,47.173302,-2.160086,-5.791109,87.000000,87.000000,87.000000,87.000000,12.000000,12.000000,12.000000,200.000000,200.000000,0.000000,0.000000,0.000000,0.000000,0.000000,0.000000,0.000000,0.000000,0.000000
42,-1.401350,-3.912364,-0.368395,0.530595,1.094732,2.020409,3.772060,1.034263,-0.597127,-0.715851,-0.383475,-2.034047,0.685177,3.752501,1.960482,0.040000,0.040000,-2.185564,-2.175028,-2.046964,-0.099676,-2.503135,0.044166,2.592908,0.008127,0.012562,1.033068,-0.005126,12.803316,-77.993088,-40.999222,0.188519,1.367664,-0.151064,-1.536882,-1.268569,-87.000000,22.948206,-43.456379,-4.534719,12.000000,12.000000,-0.963721,-2.793119,-1.268569,-137.798264,22.948206,-43.456379,-4.534719,23.407213,45.095665,-0.963721,-2.793119,87.000000,87.000000,87.000000,87.000000,12.000000,12.000000,12.000000,200.000000,200.000000,0.000000,0.000000,0.000000,0.000000,0.000000,0.000000,0.000000,0.000000,0.000000
43,-1.065704,-3.260781,-0.487617,-0.646386,0.534568,1.544731,2.762112,1.262608,-0.641102,-0.759812,-0.424083,-2.063504,0.633576,3.752501,2.011137,0.039916,0.040000,-2.091577,-2.175006,-1.924883,-2.171897,-2.297068,0.003912,2.186141,0.002855,0.003713,10.391712,0.004840,5.558431,-76.871559,30.500174,-6.918545,-40.261795,-0.136365,-0.459574,15.699936,-87.000000,20.735825,-81.590553,-12.000000,4.256558,0.481583,-0.327550,-0.830849,15.699936,-108.219597,20.735825,-81.590553,-20.933395,4.256558,0.481583,-0.327550,-0.830849,87.000000,87.000000,87.000000,87.000000,12.000000,12.000000,12.000000,200.000000,200.000000,0.000000,0.000000,0.000000,0.000000,0.000000,0.000000,0.000000,0.000000,0.000000
44,-0.339606,-2.177334,-0.528593,-1.370897,0.188758,1.208802,0.737066,1.441447,-0.660553,-0.803476,-0.467542,-2.106869,0.584617,3.740416,1.958952,0.039959,0.040000,-0.074811,-2.175004,-2.164375,-2.095662,-2.091321,-0.832100,-2.607574,0.010576,0.004557,82.543991,0.000072,1.041651,-0.785112,-2.183628,-15.270079,-0.029087,1.188624,0.319946,42.426449,-61.381279,23.219330,-87.000000,-12.000000,-5.837700,-12.000000,0.386911,-0.135780,42.426449,-61.381279,23.219330,-104.470413,-32.901077,-5.837700,-59.611950,0.386911,-0.135780,87.000000,87.000000,87.000000,87.000000,12.000000,12.000000,12.000000,200.000000,200.000000,0.000000,0.000000,0.000000,0.000000,0.000000,0.000000,0.000000,0.000000,0.000000
45,0.079573,-1.608756,-0.674504,-1.417060,0.152996,1.298620,-0.380035,1.688995,-0.641186,-0.847158,-0.511103,-2.150239,0.535706,3.741609,1.906762,0.040000,0.040000,1.970833,-2.175046,-2.174999,-2.099221,-2.135218,0.279058,-2.607412,0.001386,0.002994,85.511765,-0.000191,0.000048,-2.442479,-16.592957,11.613705,0.045371,-0.420103,-0.152994,51.181576,-35.144905,20.865990,-87.000000,-12.000000,-4.841613,-12.000000,-0.558717,-0.452374,51.181576,-35.144905,20.865990,-102.900215,-30.835175,-4.841613,-100.118378,-0.558717,-0.452374,87.000000,87.000000,87.000000,87.000000,12.000000,12.000000,12.000000,200.000000,200.000000,0.000000,0.000000,0.000000,0.000000,0.000000,0.000000,0.000000,0.000000,0.000000
46,0.236622,-1.407137,-0.867503,-1.369683,0.233631,1.458727,-0.971194,1.813920,-0.598492,-0.890699,-0.553658,-2.193745,0.484811,3.752501,1.854565,0.040000,0.040000,2.169157,-2.175002,-2.017735,-2.173034,-2.324811,0.001008,-2.608419,0.002134,0.003626,0.161576,0.000072,4.326534,-0.298262,-0.107312,-68.997513,-0.011921,0.070326,0.024176,50.400955,-23.590179,16.148060,-87.000000,-12.000000,-1.407406,-12.000000,-0.143107,-0.338463,50.400955,-23.590179,16.148060,-97.147522,-22.188507,-1.407406,-119.587540,-0.143107,-0.338463,87.000000,87.000000,87.000000,87.000000,12.000000,12.000000,12.000000,200.000000,200.000000,0.000000,0.000000,0.000000,0.000000,0.000000,0.000000,0.000000,0.000000,0.000000
47,0.269197,-1.344541,-0.964578,-1.312964,0.184893,1.555836,-1.309284,1.836484,-0.555230,-0.934187,-0.595171,-2.237249,0.433440,3.752500,1.802362,0.040000,0.040000,2.170005,-2.175002,-1.975318,-2.173925,-2.399435,0.001155,-2.607987,0.002390,0.005562,-0.013041,0.000000,2.368498,0.000739,-4.045606,0.018393,0.040674,-0.021456,0.013600,48.236172,-17.606220,15.373511,-87.000000,-12.000000,4.989537,-12.000000,-0.260482,-0.542579,48.236172,-17.606220,15.373511,-91.383018,-19.905626,4.989537,-128.934845,-0.260482,-0.542579,87.000000,87.000000,87.000000,87.000000,12.000000,12.000000,12.000000,200.000000,200.000000,0.000000,0.000000,0.000000,0.000000,0.000000,0.000000,0.000000,0.000000,0.000000
48,0.267389,-1.309611,-1.026925,-1.270545,0.130839,1.622995,-1.532650,1.834546,-0.511963,-0.977679,-0.636116,-2.280751,0.381800,3.752500,1.750159,0.040000,0.040000,2.170455,-2.175002,-1.950148,-2.174102,-2.435656,0.001404,-2.607333,0.001921,0.005594,-0.005245,-0.000024,1.323450,0.010824,-3.925514,0.018384,0.043893,-0.024208,0.000019,44.701218,-12.729877,16.031317,-86.204971,-12.000000,7.674889,-12.000000,-0.216354,-0.559353,44.701218,-12.729877,16.031317,-86.204971,-17.795786,7.674889,-133.695740,-0.216354,-0.559353,87.000000,87.000000,87.000000,87.000000,12.000000,12.000000,12.000000,200.000000,200.000000,0.000000,0.000000,0.000000,0.000000,0.000000,0.000000,0.000000,0.000000,0.000000
49,0.250257,-1.300330,-1.100555,-1.242174,0.054252,1.672690,-1.671776,1.825346,-0.468693,-1.021176,-0.676985,-2.324252,0.329974,3.752500,1.697956,0.040000,0.040000,2.171065,-2.175001,-1.953965,-2.174045,-2.480604,0.001562,-2.606815,0.001434,0.005477,-0.005865,0.000048,-0.243223,0.011063,-5.693293,0.022567,0.050569,-0.024681,-0.007416,40.551933,-8.879138,16.305691,-81.590179,-12.000000,9.662222,-12.000000,-0.168119,-0.555098,40.551933,-8.879138,16.305691,-81.590179,-16.611813,9.662222,-135.086365,-0.168119,-0.555098,87.000000,87.000000,87.000000,87.000000,12.000000,12.000000,12.000000,200.000000,200.000000,0.000000,0.000000,0.000000,0.000000,0.000000,0.000000,0.000000,0.000000,0.000000
50,0.187211,-1.319869,-1.192217,-1.241020,-0.023185,1.715312,-1.714271,1.803435,-0.425429,-1.064679,-0.718454,-2.367744,0.277950,3.752500,1.645753,0.040000,0.040000,2.171618,-2.175002,-1.999292,-2.174018,-2.547997,0.001725,-2.606354,0.000980,0.005167,-0.014663,-0.000048,-2.387297,0.012374,-7.790732,0.029933,0.058937,-0.023033,-0.025864,34.566151,-6.180700,16.020500,-78.064316,-12.000000,11.366748,-12.000000,-0.121057,-0.542604,34.566151,-6.180700,16.020500,-78.064316,-15.368750,11.366748,-132.611450,-0.121057,-0.542604,87.000000,87.000000,87.000000,87.000000,12.000000,12.000000,12.000000,200.000000,200.000000,0.000000,0.000000,0.000000,0.000000,0.000000,0.000000,0.000000,0.000000,0.000000
51,0.084117,-1.353320,-1.286892,-1.259152,-0.105063,1.752367,-1.693856,1.766327,-0.382209,-1.108204,-0.760688,-2.411233,0.225847,3.752500,1.593548,0.040000,0.040000,2.171803,-2.175075,-2.035612,-2.173625,-2.610078,0.000287,-2.608082,0.000446,0.003888,-0.048590,-0.007486,-1.195979,0.050735,-11.681724,-0.121885,-0.152254,-0.032442,-0.137767,26.980509,-4.037867,15.781327,-75.310333,-12.000000,12.000000,-12.000000,-0.077062,-0.526602,26.980509,-4.037867,15.781327,-75.310333,-14.385727,12.848669,-127.620163,-0.077062,-0.526602,87.000000,87.000000,87.000000,87.000000,12.000000,12.000000,12.000000,200.000000,200.000000,0.000000,0.000000,0.000000,0.000000,0.000000,0.000000,0.000000,0.000000,0.000000
52,-0.031437,-1.394615,-1.381058,-1.287173,-0.182740,1.777968,-1.647616,1.722265,-0.339089,-1.151755,-0.803061,-2.454718,0.173676,3.752500,1.541342,0.040000,0.040000,2.172235,-2.175086,-2.036001,-2.173469,-2.610082,0.000328,-2.607948,-0.000065,0.003667,-0.044823,-0.008440,0.562239,0.065660,-6.948686,-0.130034,-0.177526,-0.050871,-0.139418,18.902927,-2.206545,15.475726,-72.952271,-12.000000,12.000000,-12.000000,-0.044401,-0.506137,18.902927,-2.206545,15.475726,-72.952271,-13.129821,13.872196,-121.595604,-0.044401,-0.506137,87.000000,87.000000,87.000000,87.000000,12.000000,12.000000,12.000000,200.000000,200.000000,0.000000,0.000000,0.000000,0.000000,0.000000,0.000000,0.000000,0.000000,0.000000
53,-0.155349,-1.445489,-1.472839,-1.323145,-0.257859,1.795146,-1.586995,1.673567,-0.296251,-1.195318,-0.845394,-2.498195,0.121461,3.752500,1.489134,0.039996,0.040000,2.172454,-2.175103,-2.031994,-2.173296,-2.610091,0.000328,-2.607822,-0.000595,0.003535,-0.023508,-0.001979,1.747227,0.027275,-0.001597,0.002313,0.028300,-0.026554,-0.021907,10.506507,-0.756597,15.225673,-70.914909,-11.679498,12.000000,-12.000000,0.036229,-0.375451,10.506507,-0.756597,15.225673,-70.914909,-11.679498,14.564631,-114.986473,0.036229,-0.375451,87.000000,87.000000,87.000000,87.000000,12.000000,12.000000,12.000000,200.000000,200.000000,0.000000,0.000000,0.000000,0.000000,0.000000,0.000000,0.000000,0.000000,0.000000
54,-0.300102,-1.514608,-1.561472,-1.370418,-0.340100,1.818461,-1.511825,1.624071,-0.255005,-1.238879,-0.887603,-2.541676,0.069266,3.752500,1.436922,0.039993,0.040000,2.019579,-2.175064,-2.018563,-2.173265,-2.610000,0.001275,-2.607735,-0.000853,0.002982,-8.259439,0.003171,1.982927,0.016165,0.008082,0.095838,0.027847,-0.003460,-0.046478,1.607542,-0.036210,15.018040,-69.327858,-10.792665,12.000000,-12.000000,0.093903,-0.344658,1.607542,-0.036210,15.018040,-69.327858,-10.792665,15.497180,-107.803230,0.093903,-0.344658,87.000000,87.000000,87.000000,87.000000,12.000000,12.000000,12.000000,200.000000,200.000000,0.000000,0.000000,0.000000,0.000000,0.000000,0.000000,0.000000,0.000000,0.000000
55,-0.469321,-1.630214,-1.634606,-1.436760,-0.433680,1.848936,-1.445762,1.594988,-0.218575,-1.282435,-0.929632,-2.585165,0.017091,3.752498,1.385100,0.039991,0.040000,1.689819,-2.175011,-2.000240,-2.173590,-2.610001,0.000589,-2.555146,-0.000894,0.002141,-16.582764,0.000310,1.970983,0.015950,0.000048,-0.007361,1.092482,-0.001733,-0.040646,-7.317111,-1.176212,15.388546,-68.501747,-10.361332,12.000000,-12.000000,0.104566,-0.254760,-7.317111,-1.176212,15.388546,-68.501747,-10.361332,16.714916,-101.165298,0.104566,-0.254760,87.000000,87.000000,87.000000,87.000000,12.000000,12.000000,12.000000,200.000000,200.000000,0.000000,0.000000,0.000000,0.000000,0.000000,0.000000,0.000000,0.000000,0.000000
56,-0.651252,-1.798590,-1.677702,-1.513569,-0.545143,1.875620,-1.404411,1.589971,-0.190225,-1.325989,-0.971353,-2.628656,-0.035066,3.752498,1.333982,0.039992,0.040000,1.208639,-2.175001,-1.969210,-2.173594,-2.609768,0.000626,-2.473669,-0.000804,0.001340,-23.726713,-0.000072,2.190769,0.030398,-0.031400,0.021315,0.800753,0.007570,-0.042743,-15.576792,-4.426847,16.900246,-68.094322,-10.648800,12.000000,-12.000000,0.105293,-0.176696,-15.576792,-4.426847,16.900246,-68.094322,-10.648800,17.783325,-95.731750,0.105293,-0.176696,87.000000,87.000000,87.000000,87.000000,12.000000,12.000000,12.000000,200.000000,200.000000,0.000000,0.000000,0.000000,0.000000,0.000000,0.000000,0.000000,0.000000,0.000000
57,-0.834357,-1.993169,-1.684113,-1.591550,-0.669934,1.898305,-1.377859,1.595239,-0.172699,-1.369547,-1.012489,-2.672146,-0.087204,3.752498,1.283384,0.039996,0.040000,0.604872,-2.175002,-1.914094,-2.173407,-2.609423,0.000728,-2.406590,-0.000482,0.000667,-29.518860,-0.000143,2.890384,0.037146,-0.044823,0.026662,0.574327,0.019667,-0.032179,-22.577444,-8.725440,19.768208,-67.734558,-11.470613,12.000000,-12.000000,0.080693,-0.098863,-22.577444,-8.725440,19.768208,-67.734558,-11.470613,18.690554,-90.878853,0.080693,-0.098863,87.000000,87.000000,87.000000,87.000000,12.000000,12.000000,12.000000,200.000000,200.000000,0.000000,0.000000,0.000000,0.000000,0.000000,0.000000,0.000000,0.000000,0.000000
58,-0.513530,-3.293393,-0.640108,-1.595046,-0.446948,2.077293,-0.313552,2.057754,-0.163261,-1.413296,-1.038833,-2.715573,-0.112005,3.752495,1.231155,0.039997,0.039937,0.368251,-2.175002,-0.559324,-2.166996,-0.503872,0.005501,-2.594703,-0.000761,-0.004347,-12.149507,0.000143,57.731598,0.078058,43.334354,-0.045977,-0.114989,-0.023944,-0.227426,-9.110024,-57.241066,61.241676,-64.421097,-5.865157,12.000000,-12.000000,0.054921,0.234789,-9.110024,-57.241066,61.241676,-64.421097,-5.865157,25.828188,-43.469597,0.054921,0.234789,87.000000,87.000000,87.000000,87.000000,12.000000,12.000000,12.000000,200.000000,200.000000,0.000000,0.000000,0.000000,0.000000,0.000000,0.000000,0.000000,0.000000,0.000000
59,-0.656255,-3.508457,-0.601298,-1.540725,-0.428229,2.066312,-0.202050,2.067679,-0.159314,-1.457005,-1.041377,-2.758975,-0.119837,3.752496,1.178969,0.040000,0.039858,0.058989,-2.175002,0.600705,-2.166950,-0.063269,0.004989,-2.561432,-0.000435,-0.002713,-14.543920,0.000024,56.555950,0.010657,10.181904,-0.023532,3.009152,0.026165,0.106826,-14.225003,-62.345974,59.248814,-58.778675,-7.117074,12.000000,-12.000000,0.074775,0.591598,-14.225003,-62.345974,59.248814,-58.778675,-7.117074,25.391968,-34.839027,0.074775,0.591598,87.000000,87.000000,87.000000,87.000000,12.000000,12.000000,12.000000,200.000000,200.000000,0.000000,0.000000,0.000000,0.000000,0.000000,0.000000,0.000000,0.000000,0.000000
60,-0.666192,-3.584736,-0.659069,-1.565297,-0.430184,2.058967,-0.423101,2.134606,-0.160731,-1.500681,-1.022077,-2.802375,-0.125659,3.752496,1.127053,0.040000,0.039847,-0.182704,-2.175001,1.621922,-2.167714,-0.123852,0.004504,-2.519244,0.001220,0.001286,-11.006657,0.000143,51.143013,-0.028729,-0.955424,-0.008463,0.334120,0.104428,0.208435,-13.602036,-61.901814,51.941303,-56.288273,-6.936502,12.000000,-12.000000,-0.017597,0.396912,-13.602036,-61.901814,51.941303,-56.288273,-6.936502,25.100666,-39.794186,-0.017597,0.396912,87.000000,87.000000,87.000000,87.000000,12.000000,12.000000,12.000000,200.000000,200.000000,0.000000,0.000000,0.000000,0.000000,0.000000,0.000000,0.000000,0.000000,0.000000
61,-0.650221,-3.594460,-0.744777,-1.612272,-0.436771,2.049006,-0.746282,2.237772,-0.166146,-1.544285,-0.984467,-2.845796,-0.135765,3.752498,1.076348,0.040000,0.039941,-0.378901,-2.174641,2.167460,-2.172716,-0.891788,-0.000000,-2.173965,0.004972,0.008413,-10.584831,0.036097,11.692786,-0.424361,-61.603439,-0.403245,30.644821,0.227994,0.472699,-11.876846,-58.798248,42.413429,-54.690636,-6.001208,12.000000,-12.000000,-0.269206,-0.122328,-11.876846,-58.798248,42.413429,-54.690636,-6.001208,24.704407,-48.750496,-0.269206,-0.122328,87.000000,87.000000,87.000000,87.000000,12.000000,12.000000,12.000000,200.000000,200.000000,0.000000,0.000000,0.000000,0.000000,0.000000,0.000000,0.000000,0.000000,0.000000
62,-0.658181,-3.528581,-0.844113,-1.651135,-0.478489,2.043522,-1.063540,2.348807,-0.175754,-1.587822,-0.942023,-2.889276,-0.162384,3.752500,1.026339,0.040000,0.040000,-0.594964,-2.174533,2.173920,-2.175009,-1.460859,0.000000,-2.403907,0.010253,0.014086,-10.519802,0.005507,0.320959,-0.102115,-4.341614,0.000001,-18.423223,0.301095,0.311331,-10.736349,-52.680588,34.618137,-52.747261,-1.636689,12.000000,-12.000000,-0.724180,-1.097237,-10.736349,-52.680588,34.618137,-52.747261,-1.636689,24.500885,-58.512970,-0.724180,-1.097237,87.000000,87.000000,87.000000,87.000000,12.000000,12.000000,12.000000,200.000000,200.000000,0.000000,0.000000,0.000000,0.000000,0.000000,0.000000,0.000000,0.000000,0.000000
63,-0.296437,-3.915362,-0.668757,-1.586912,-0.288555,2.163529,-0.599882,2.284379,-0.185739,-1.631367,-0.898894,-2.932829,-0.167882,3.752500,0.974148,0.040000,0.040000,-0.423898,-2.174466,2.174946,-2.175001,0.292162,-0.000267,-2.606213,0.007035,0.009931,8.292428,-0.167108,0.029469,0.000334,50.194855,0.169552,-1.117659,-0.284031,-0.569979,4.662330,-64.675674,38.183025,-46.691162,2.818728,12.000000,-12.000000,-0.987543,-1.563065,4.662330,-64.675674,38.183025,-46.691162,2.818728,29.309017,-34.354904,-0.987543,-1.563065,87.000000,87.000000,87.000000,87.000000,12.000000,12.000000,12.000000,200.000000,200.000000,0.000000,0.000000,0.000000,0.000000,0.000000,0.000000,0.000000,0.000000,0.000000
64,-0.253219,-3.863378,-0.555753,-1.557970,-0.362228,2.181669,-0.556096,2.253417,-0.192077,-1.674906,-0.856052,-2.976299,-0.167269,3.752500,0.922159,0.040000,0.040000,-0.218730,-2.175008,2.173185,-2.174057,-0.107871,0.000028,-2.587897,0.007119,0.008594,10.328646,0.000048,0.129986,-0.051522,-11.398546,-0.003241,-5.112243,0.098461,0.147577,6.313012,-59.104145,39.281464,-42.059792,-1.181685,12.000000,-12.000000,-0.613444,-0.711808,6.313012,-59.104145,39.281464,-42.059792,-1.181685,30.026537,-28.674049,-0.613444,-0.711808,87.000000,87.000000,87.000000,87.000000,12.000000,12.000000,12.000000,200.000000,200.000000,0.000000,0.000000,0.000000,0.000000,0.000000,0.000000,0.000000,0.000000,0.000000
65,-0.175176,-3.857049,-0.462560,-1.547279,-0.403765,2.199417,-0.544610,2.266135,-0.193422,-1.718440,-0.813114,-3.019773,-0.174781,3.752500,0.869991,0.040000,0.040000,0.070991,-2.175011,2.174198,-2.174315,-0.469684,0.000007,-2.609818,0.009188,0.011139,14.349580,0.000095,0.184250,-0.066233,-7.189467,-0.002795,-2.313304,0.130282,0.190973,8.761192,-55.368023,39.576668,-38.154030,-0.943295,12.000000,-12.000000,-0.788490,-0.922894,8.761192,-55.368023,39.576668,-38.154030,-0.943295,30.736555,-23.845207,-0.788490,-0.922894,87.000000,87.000000,87.000000,87.000000,12.000000,12.000000,12.000000,200.000000,200.000000,0.000000,0.000000,0.000000,0.000000,0.000000,0.000000,0.000000,0.000000,0.000000
66,-0.139996,-3.836634,-0.412878,-1.542021,-0.473328,2.201330,-0.594069,2.287839,-0.188715,-1.761967,-0.770130,-3.063248,-0.191513,3.752500,0.817804,0.040000,0.040000,0.381663,-2.174955,2.175001,-2.174646,-0.916587,0.000113,-2.609571,0.011656,0.013888,15.149946,0.005198,0.273681,-0.095487,-5.351484,0.009670,-1.468015,0.191984,0.265530,8.827621,-51.069061,38.128212,-34.465790,-0.906108,12.000000,-12.000000,-0.973613,-1.123235,8.827621,-51.069061,38.128212,-34.465790,-0.906108,30.813114,-21.615715,-0.973613,-1.123235,87.000000,87.000000,87.000000,87.000000,12.000000,12.000000,12.000000,200.000000,200.000000,0.000000,0.000000,0.000000,0.000000,0.000000,0.000000,0.000000,0.000000,0.000000
67,-0.092191,-3.814966,-0.368200,-1.536131,-0.543827,2.203662,-0.646009,2.312288,-0.180372,-1.762800,-0.729569,-3.071801,-0.227389,3.752500,0.765613,0.040000,0.040000,0.685688,0.001096,2.175007,0.000539,-1.323890,-0.000667,-2.603139,0.017852,0.020176,15.070593,-0.204712,-0.000310,-0.014652,59.981010,0.048796,-0.457358,0.804273,0.592997,9.092476,-57.107140,36.655209,-40.503822,2.860189,12.000000,-12.000000,-0.980898,-1.424555,9.092476,-57.107140,36.655209,-40.503822,2.860189,30.911144,-19.502918,-0.980898,-1.424555,87.000000,87.000000,87.000000,87.000000,12.000000,12.000000,12.000000,200.000000,200.000000,0.000000,0.000000,0.000000,0.000000,0.000000,0.000000,0.000000,0.000000,0.000000
68,0.182576,-4.010679,-0.861199,-1.452656,-0.405268,2.037663,-0.512005,2.199209,-0.160441,-1.762800,-0.687082,-3.071801,-0.232466,3.752500,0.713421,0.040000,0.040000,1.289028,0.000515,2.175004,0.000338,0.389996,-0.000296,-2.606811,0.008323,0.009740,28.898788,-0.137025,-0.002217,-0.069680,50.913628,-0.029294,-0.825310,-0.494837,-0.651498,17.054234,-64.930687,13.506855,-37.166061,2.962559,12.000000,-9.967585,-1.327163,-1.625484,17.054234,-64.930687,13.506855,-37.166061,2.962559,24.266521,-9.967585,-1.327163,-1.625484,87.000000,87.000000,87.000000,87.000000,12.000000,12.000000,12.000000,200.000000,200.000000,0.000000,0.000000,0.000000,0.000000,0.000000,0.000000,0.000000,0.000000,0.000000
69,0.221629,-3.898285,-0.826568,-1.440042,-0.519711,2.066532,-0.604210,2.204146,-0.129344,-1.762800,-0.645956,-3.071800,-0.235969,3.752500,0.661208,0.040000,0.040000,1.823568,-0.000000,2.171902,-0.000035,-0.235779,0.000000,-2.610002,0.007885,0.007997,25.060535,0.000024,0.289416,0.001840,-15.735880,0.000545,0.000000,0.157902,0.225476,14.272820,-60.427441,11.586512,-36.657578,-1.847022,12.000000,-9.433458,-0.630569,-0.574257,14.272820,-60.427441,11.586512,-36.657578,-1.847022,25.421278,-9.433458,-0.630569,-0.574257,87.000000,87.000000,87.000000,87.000000,12.000000,12.000000,12.000000,200.000000,200.000000,0.000000,0.000000,0.000000,0.000000,0.000000,0.000000,0.000000,0.000000,0.000000
70,0.240209,-3.870527,-0.760574,-1.431587,-0.564274,2.064970,-0.602110,2.223478,-0.088839,-1.762800,-0.604663,-3.071800,-0.248382,3.752500,0.609000,0.040000,0.040000,2.175000,0.000000,2.173418,-0.000025,-0.556444,-0.000031,-2.610001,0.009753,0.010100,12.610102,0.000272,0.219917,0.001898,-3.644609,-0.002499,0.000167,0.128620,0.177185,10.217681,-59.317093,10.919737,-36.319328,-1.170457,12.000000,-5.172606,-0.846679,-0.832779,10.217681,-59.317093,10.919737,-36.319328,-1.170457,25.358835,-5.172606,-0.846679,-0.832779,87.000000,87.000000,87.000000,87.000000,12.000000,12.000000,12.000000,200.000000,200.000000,0.000000,0.000000,0.000000,0.000000,0.000000,0.000000,0.000000,0.000000,0.000000
71,0.249399,-3.842309,-0.692743,-1.423732,-0.607357,2.066017,-0.577617,2.233690,-0.045435,-1.762800,-0.563543,-3.071800,-0.265802,3.752500,0.559081,0.040000,0.040000,2.174956,0.000037,2.174277,-0.000024,-0.717966,-0.000006,-2.165272,0.011167,0.010526,-0.006413,0.003708,0.204682,0.000649,1.129001,0.014698,44.265533,0.107650,0.082883,6.646472,-58.188370,10.333211,-36.005184,-0.832490,12.000000,-0.028507,-1.009081,-0.969753,6.646472,-58.188370,10.333211,-36.005184,-0.832490,25.401251,-0.028507,-1.009081,-0.969753,87.000000,87.000000,87.000000,87.000000,12.000000,12.000000,12.000000,200.000000,200.000000,0.000000,0.000000,0.000000,0.000000,0.000000,0.000000,0.000000,0.000000,0.000000
72,0.257249,-3.824502,-0.644076,-1.419861,-0.626158,2.064017,-0.529695,2.233156,-0.002084,-1.762800,-0.522154,-3.071801,-0.283509,3.752500,0.531325,0.040000,0.040000,2.174852,0.000091,2.175002,0.000006,-0.634363,-0.000001,-1.121016,0.007910,0.007002,-0.012398,0.007573,0.041151,0.003079,10.585851,0.000442,24.678802,-0.195581,-0.192495,3.490471,-57.476135,8.967460,-35.850368,-0.088213,12.000000,0.069174,-0.986607,-0.892709,3.490471,-57.476135,8.967460,-35.850368,-0.088213,25.320667,0.069174,-0.986607,-0.892709,87.000000,87.000000,87.000000,87.000000,12.000000,12.000000,12.000000,200.000000,200.000000,0.000000,0.000000,0.000000,0.000000,0.000000,0.000000,0.000000,0.000000,0.000000
73,0.238580,-3.796944,-0.591929,-1.423353,-0.644234,2.057980,-0.469121,2.227631,0.041077,-1.762800,-0.480764,-3.071801,-0.299187,3.752500,0.522806,0.040000,0.040000,2.165719,0.000109,2.175003,0.000011,-0.504949,-0.000001,-0.331753,0.005589,0.005122,-0.719404,0.007708,0.000143,0.004437,11.474877,-0.000098,7.402301,-0.144111,-0.101626,-0.710852,-56.373882,7.738400,-35.989918,0.048327,12.000000,0.021619,-0.703029,-0.613818,-0.710852,-56.373882,7.738400,-35.989918,0.048327,25.079136,0.021619,-0.703029,-0.613818,87.000000,87.000000,87.000000,87.000000,12.000000,12.000000,12.000000,200.000000,200.000000,0.000000,0.000000,0.000000,0.000000,0.000000,0.000000,0.000000,0.000000,0.000000
74,0.217563,-3.768362,-0.536792,-1.424262,-0.669739,2.050222,-0.401015,2.217381,0.082689,-1.762801,-0.439741,-3.071801,-0.313947,3.752500,0.528514,0.040000,0.040000,2.030054,0.000513,2.175000,0.000054,-0.428726,-0.000000,0.240257,0.004770,0.004489,-8.015704,0.035275,0.040889,0.010723,10.275465,-0.000012,-6.488445,-0.063153,-0.024973,-4.717072,-55.231106,6.647056,-36.026169,-0.121240,12.000000,-0.040627,-0.540122,-0.473872,-4.717072,-55.231106,6.647056,-36.026169,-0.121240,24.768848,-0.040627,-0.540122,-0.473872,87.000000,87.000000,87.000000,87.000000,12.000000,12.000000,12.000000,200.000000,200.000000,0.000000,0.000000,0.000000,0.000000,0.000000,0.000000,0.000000,0.000000,0.000000
75,0.203684,-3.750743,-0.488497,-1.420486,-0.691334,2.039322,-0.324823,2.201117,0.120064,-1.762801,-0.399384,-3.071802,-0.328362,3.752500,0.545028,0.040000,0.040000,1.752688,0.000074,2.102625,0.000077,-0.434606,-0.000000,0.677378,0.003725,0.004061,-15.207195,-0.000557,-5.171537,0.000522,3.840306,-0.000030,-15.738505,-0.073550,-0.007056,-7.636405,-54.525955,5.396966,-35.875664,-0.056262,12.000000,-0.041734,-0.446014,-0.413143,-7.636405,-54.525955,5.396966,-35.875664,-0.056262,24.332829,-0.041734,-0.446014,-0.413143,87.000000,87.000000,87.000000,87.000000,12.000000,12.000000,12.000000,200.000000,200.000000,0.000000,0.000000,0.000000,0.000000,0.000000,0.000000,0.000000,0.000000,0.000000
76,0.193633,-3.739714,-0.446753,-1.412892,-0.707289,2.025153,-0.240820,2.176458,0.150792,-1.762801,-0.360874,-3.071802,-0.342388,3.752500,0.569975,0.040000,0.040000,1.374792,0.000063,1.975692,0.000089,-0.398371,0.000000,1.022297,0.002570,0.003449,-19.711494,-0.000625,-7.590234,0.000412,5.486822,0.000003,-23.446215,-0.065322,-0.009352,-9.451094,-54.084759,4.312140,-35.571835,0.372965,12.000000,-0.059880,-0.322328,-0.354213,-9.451094,-54.084759,4.312140,-35.571835,0.372965,23.766117,-0.059880,-0.322328,-0.354213,87.000000,87.000000,87.000000,87.000000,12.000000,12.000000,12.000000,200.000000,200.000000,0.000000,0.000000,0.000000,0.000000,0.000000,0.000000,0.000000,0.000000,0.000000
77,0.185536,-3.731559,-0.410967,-1.402293,-0.718070,2.009103,-0.151942,2.144987,0.173328,-1.762800,-0.325050,-3.071802,-0.354956,3.752500,0.601356,0.040000,0.040000,0.940948,0.000053,1.816648,0.000101,-0.312306,-0.000000,1.285960,0.001476,0.002671,-22.041130,-0.000755,-9.132565,-0.000129,6.531671,-0.000022,-29.276335,-0.049851,-0.008861,-10.274457,-53.758537,3.337872,-35.147942,0.711976,12.000000,-0.069880,-0.197464,-0.275943,-10.274457,-53.758537,3.337872,-35.147942,0.711976,23.124104,-0.069880,-0.197464,-0.275943,87.000000,87.000000,87.000000,87.000000,12.000000,12.000000,12.000000,200.000000,200.000000,0.000000,0.000000,0.000000,0.000000,0.000000,0.000000,0.000000,0.000000,0.000000
78,0.177742,-3.725479,-0.381570,-1.389497,-0.723695,1.991970,-0.062173,2.109361,0.186965,-1.762800,-0.292448,-3.071802,-0.365256,3.752500,0.637196,0.040000,0.040000,0.490524,0.000042,1.637783,0.000113,-0.195741,-0.000000,1.468203,0.000573,0.001873,-22.428802,-0.000809,-10.049259,-0.000678,6.654164,0.000008,-33.285809,-0.028953,-0.005704,-10.250181,-53.515301,2.451074,-34.636139,0.944982,12.000000,-0.074543,-0.086302,-0.193042,-10.250181,-53.515301,2.451074,-34.636139,0.944982,22.438755,-0.074543,-0.086302,-0.193042,87.000000,87.000000,87.000000,87.000000,12.000000,12.000000,12.000000,200.000000,200.000000,0.000000,0.000000,0.000000,0.000000,0.000000,0.000000,0.000000,0.000000,0.000000
79,0.168699,-3.720989,-0.358394,-1.375272,-0.725037,1.974382,0.024535,2.071884,0.191721,-1.762800,-0.263394,-3.071802,-0.372922,3.752500,0.675523,0.039992,0.040000,0.056352,0.000033,1.448514,0.000123,-0.069756,-0.000000,1.568953,-0.000024,0.001168,-21.219612,-0.000750,-10.428691,-0.001141,6.055049,-0.000002,-35.492397,-0.002782,-0.001695,-9.559286,-53.335686,1.651232,-34.067177,1.082398,12.000000,-0.074583,0.006108,-0.118480,-9.559286,-53.335686,1.651232,-34.067177,1.082398,21.735249,-0.074583,0.006108,-0.118480,87.000000,87.000000,87.000000,87.000000,12.000000,12.000000,12.000000,200.000000,200.000000,0.000000,0.000000,0.000000,0.000000,0.000000,0.000000,0.000000,0.000000,0.000000
80,0.157094,-3.717732,-0.340389,-1.360269,-0.723333,1.957092,0.104774,2.034508,0.188193,-1.762800,-0.238025,-3.071802,-0.377974,3.752500,0.714456,0.039978,0.040000,-0.336490,0.000025,1.258036,0.000130,0.049235,-0.000000,1.591836,-0.000224,0.000635,-18.822474,-0.000634,-10.290968,-0.001415,5.023181,-0.000018,-35.981857,0.020482,0.002702,-8.397116,-53.205364,0.961329,-33.467087,1.139046,12.000000,-0.070489,0.073991,-0.060767,-8.397116,-53.205364,0.961329,-33.467087,1.139046,21.043644,-0.070489,0.073991,-0.060767,87.000000,87.000000,87.000000,87.000000,12.000000,12.000000,12.000000,200.000000,200.000000,0.000000,0.000000,0.000000,0.000000,0.000000,0.000000,0.000000,0.000000,0.000000
81,0.142433,-3.715820,-0.326454,-1.345283,-0.719607,1.940839,0.175896,1.999032,0.177402,-1.762800,-0.216294,-3.071803,-0.380678,3.752500,0.752296,0.039965,0.040000,-0.670546,0.000018,1.075183,0.000135,0.151924,0.000000,1.544526,-0.000181,0.000288,-15.638500,-0.000510,-9.700871,-0.001490,3.803254,0.000002,-34.919312,0.030986,0.005119,-6.935537,-53.128887,0.390955,-32.867668,1.133934,12.000000,-0.062558,0.108609,-0.023674,-6.935537,-53.128887,0.390955,-32.867668,1.133934,20.393543,-0.062558,0.108609,-0.023674,87.000000,87.000000,87.000000,87.000000,12.000000,12.000000,12.000000,200.000000,200.000000,0.000000,0.000000,0.000000,0.000000,0.000000,0.000000,0.000000,0.000000,0.000000
82,0.124920,-3.715405,-0.315847,-1.331365,-0.714245,1.926293,0.236298,1.967094,0.160645,-1.762800,-0.197981,-3.071802,-0.381381,3.752500,0.787632,0.039956,0.040000,-0.935396,0.000012,0.907243,0.000137,0.237005,-0.000000,1.439298,-0.000025,0.000116,-12.034697,-0.000383,-8.797431,-0.001561,2.585349,0.000010,-32.567226,0.032490,0.006334,-5.316819,-53.112247,-0.075976,-32.310963,1.090453,12.000000,-0.051144,0.117150,-0.005279,-5.316819,-53.112247,-0.075976,-32.310963,1.090453,19.811726,-0.051144,0.117150,-0.005279,87.000000,87.000000,87.000000,87.000000,12.000000,12.000000,12.000000,200.000000,200.000000,0.000000,0.000000,0.000000,0.000000,0.000000,0.000000,0.000000,0.000000,0.000000
83,0.105301,-3.716120,-0.307519,-1.319607,-0.707743,1.914206,0.284720,1.939999,0.139362,-1.762800,-0.182743,-3.071802,-0.380447,3.752500,0.819314,0.039952,0.040000,-1.126507,0.000008,0.759294,0.000138,0.304139,0.000001,1.286770,0.000159,0.000084,-8.298004,-0.000251,-7.693261,-0.001558,1.415801,0.000066,-29.160999,0.028263,0.006453,-3.651459,-53.140842,-0.445235,-31.840633,1.020632,12.000000,-0.037011,0.107194,-0.001955,-3.651459,-53.140842,-0.445235,-31.840633,1.020632,19.328213,-0.037011,0.107194,-0.001955,87.000000,87.000000,87.000000,87.000000,12.000000,12.000000,12.000000,200.000000,200.000000,0.000000,0.000000,0.000000,0.000000,0.000000,0.000000,0.000000,0.000000,0.000000
84,0.084383,-3.717589,-0.300523,-1.310694,-0.700557,1.905061,0.320775,1.918495,0.115032,-1.762800,-0.170157,-3.071802,-0.378243,3.752500,0.846505,0.039953,0.040000,-1.244339,-0.000000,0.634276,0.000137,0.353847,-0.000004,1.100024,0.000321,0.000138,-4.664874,-0.000007,-6.493908,-0.001368,0.333792,0.000351,-24.991535,0.021344,0.005631,-2.032520,-53.199547,-0.726064,-31.484081,0.935226,12.000000,-0.021056,0.086199,-0.008183,-2.032520,-53.199547,-0.726064,-31.484081,0.935226,18.962433,-0.021056,0.086199,-0.008183,87.000000,87.000000,87.000000,87.000000,12.000000,12.000000,12.000000,200.000000,200.000000,0.000000,0.000000,0.000000,0.000000,0.000000,0.000000,0.000000,0.000000,0.000000
85,0.062797,-3.719578,-0.294048,-1.304899,-0.693297,1.898852,0.344968,1.902709,0.089076,-1.762800,-0.159767,-3.071802,-0.375145,3.752500,0.868725,0.039959,0.040000,-1.293691,-0.000000,0.532810,0.000135,0.385608,-0.000003,0.893894,0.000432,0.000233,-1.328647,-0.000003,-5.288053,-0.001398,-0.632644,0.000062,-20.392317,0.013924,0.004453,-0.540175,-53.279106,-0.927588,-31.252291,0.842799,12.000000,-0.004387,0.060571,-0.018816,-0.540175,-53.279106,-0.927588,-31.252291,0.842799,18.714083,-0.004387,0.060571,-0.018816,87.000000,87.000000,87.000000,87.000000,12.000000,12.000000,12.000000,200.000000,200.000000,0.000000,0.000000,0.000000,0.000000,0.000000,0.000000,0.000000,0.000000,0.000000
86,0.041154,-3.721894,-0.287537,-1.302145,-0.686490,1.895251,0.358576,1.892258,0.062786,-1.762800,-0.151119,-3.071802,-0.371533,3.752500,0.885863,0.039967,0.040000,-1.282424,0.000000,0.453946,0.000132,0.400071,-0.000003,0.683603,0.000481,0.000330,1.574540,0.000002,-4.146227,-0.001206,-1.432356,0.000047,-15.702921,0.007481,0.003326,0.766951,-53.371742,-1.063273,-31.142220,0.752215,12.000000,0.011989,0.035465,-0.029685,0.766951,-53.371742,-1.063273,-31.142220,0.752215,18.570019,0.011989,0.035465,-0.029685,87.000000,87.000000,87.000000,87.000000,12.000000,12.000000,12.000000,200.000000,200.000000,0.000000,0.000000,0.000000,0.000000,0.000000,0.000000,0.000000,0.000000,0.000000
87,0.020034,-3.724339,-0.280663,-1.302082,-0.680612,1.893751,0.363365,1.886448,0.037273,-1.762800,-0.143795,-3.071801,-0.367765,3.752500,0.898135,0.039975,0.040000,-1.220404,-0.000000,0.395416,0.000129,0.398563,-0.000003,0.482682,0.000470,0.000405,3.962231,-0.000002,-3.119245,-0.000977,-2.018049,0.000013,-11.222672,0.002613,0.002455,1.851695,-53.469543,-1.148125,-31.139679,0.670694,12.000000,0.027258,0.014422,-0.038059,1.851695,-53.469543,-1.148125,-31.139679,0.670694,18.510010,0.027258,0.014422,-0.038059,87.000000,87.000000,87.000000,87.000000,12.000000,12.000000,12.000000,200.000000,200.000000,0.000000,0.000000,0.000000,0.000000,0.000000,0.000000,0.000000,0.000000,0.000000
88,0.000077,-3.726813,-0.273443,-1.304259,-0.676090,1.893800,0.361479,1.884562,0.013442,-1.762800,-0.137431,-3.071801,-0.364176,3.752500,0.906041,0.039984,0.040000,-1.118457,0.000000,0.353687,0.000125,0.382409,-0.000003,0.302709,0.000405,0.000444,5.802464,0.000006,-2.255860,-0.000766,-2.382088,-0.000041,-7.213780,-0.000844,0.001770,2.700899,-53.568504,-1.202121,-31.226803,0.604092,12.000000,0.040649,-0.000582,-0.042647,2.700899,-53.568504,-1.202121,-31.226803,0.604092,18.512011,0.040649,-0.000582,-0.042647,87.000000,87.000000,87.000000,87.000000,12.000000,12.000000,12.000000,200.000000,200.000000,0.000000,0.000000,0.000000,0.000000,0.000000,0.000000,0.000000,0.000000,0.000000
89,-0.018310,-3.729122,-0.265840,-1.308087,-0.673264,1.894865,0.354918,1.885725,-0.008025,-1.762800,-0.131738,-3.071801,-0.361061,3.752500,0.910247,0.039992,0.040000,-0.987592,-0.000000,0.325017,0.000122,0.353947,-0.000002,0.150467,0.000301,0.000445,7.096028,-0.000004,-1.564077,-0.000486,-2.510109,0.000079,-3.825819,-0.003092,0.001265,3.311372,-53.660889,-1.235290,-31.379900,0.555236,12.000000,0.051775,-0.008858,-0.043194,3.311372,-53.660889,-1.235290,-31.379900,0.555236,18.554585,0.051775,-0.008858,-0.043194,87.000000,87.000000,87.000000,87.000000,12.000000,12.000000,12.000000,200.000000,200.000000,0.000000,0.000000,0.000000,0.000000,0.000000,0.000000,0.000000,0.000000,0.000000
90,-0.034866,-3.731112,-0.257830,-1.312943,-0.672299,1.896500,0.345454,1.889056,-0.026658,-1.762800,-0.126496,-3.071801,-0.358648,3.752500,0.911493,0.039997,0.040000,-0.838391,-0.000000,0.305930,0.000119,0.316349,-0.000002,0.028886,0.000174,0.000412,7.869744,-0.000022,-1.036081,-0.000223,-2.419165,0.000004,-1.123451,-0.004453,0.000844,3.690936,-53.740471,-1.252823,-31.574102,0.525219,12.000000,0.060503,-0.010848,-0.040357,3.690936,-53.740471,-1.252823,-31.574102,0.525219,18.620024,0.060503,-0.010848,-0.040357,87.000000,87.000000,87.000000,87.000000,12.000000,12.000000,12.000000,200.000000,200.000000,0.000000,0.000000,0.000000,0.000000,0.000000,0.000000,0.000000,0.000000,0.000000
91,-0.049500,-3.732644,-0.249395,-1.318277,-0.673201,1.898403,0.334565,1.893772,-0.042195,-1.762800,-0.121546,-3.071801,-0.357090,3.752500,0.910522,0.040000,0.040000,-0.680633,-0.000001,0.293458,0.000116,0.273294,-0.000002,-0.062061,0.000036,0.000357,8.167744,-0.000045,-0.652996,0.000034,-2.139258,-0.000008,0.894937,-0.005613,0.000583,3.854937,-53.801785,-1.256480,-31.787477,0.513068,12.000000,0.066838,-0.007742,-0.035140,3.854937,-53.801785,-1.256480,-31.787477,0.513068,18.696108,0.066838,-0.007742,-0.035140,87.000000,87.000000,87.000000,87.000000,12.000000,12.000000,12.000000,200.000000,200.000000,0.000000,0.000000,0.000000,0.000000,0.000000,0.000000,0.000000,0.000000,0.000000
92,-0.062259,-3.733600,-0.240546,-1.323642,-0.675853,1.900358,0.323439,1.899195,-0.054553,-1.762800,-0.116782,-3.071801,-0.356460,3.752500,0.908027,0.040000,0.040000,-0.523027,-0.000001,0.285168,0.000114,0.228283,-0.000002,-0.124388,-0.000055,0.000291,8.046717,-0.000018,-0.393033,0.000276,-1.719709,-0.000028,2.276919,-0.003788,0.000409,3.825130,-53.840004,-1.246523,-32.002018,0.516478,12.000000,0.071007,0.001745,-0.028733,3.825130,-53.840004,-1.246523,-32.002018,0.516478,18.774326,0.071007,0.001745,-0.028733,87.000000,87.000000,87.000000,87.000000,12.000000,12.000000,12.000000,200.000000,200.000000,0.000000,0.000000,0.000000,0.000000,0.000000,0.000000,0.000000,0.000000,0.000000
93,-0.073178,-3.734002,-0.231385,-1.328699,-0.679994,1.902206,0.312988,1.904788,-0.063814,-1.762800,-0.112140,-3.071801,-0.356757,3.752500,0.904623,0.040000,0.040000,-0.372847,-0.000001,0.279153,0.000112,0.184679,-0.000002,-0.161351,-0.000144,0.000225,7.579231,-0.000021,-0.236699,0.000452,-1.209965,-0.000039,3.094100,-0.005137,0.000253,3.632259,-53.856083,-1.225428,-32.204277,0.533144,12.000000,0.073190,0.009289,-0.022213,3.632259,-53.856083,-1.225428,-32.204277,0.533144,18.848234,0.073190,0.009289,-0.022213,87.000000,87.000000,87.000000,87.000000,12.000000,12.000000,12.000000,200.000000,200.000000,0.000000,0.000000,0.000000,0.000000,0.000000,0.000000,0.000000,0.000000,0.000000
94,-0.082433,-3.733893,-0.222070,-1.333241,-0.685217,1.903828,0.303923,1.910102,-0.070188,-1.762800,-0.107588,-3.071801,-0.357904,3.752500,0.900841,0.039999,0.040000,-0.235940,-0.000001,0.273965,0.000111,0.145852,-0.000002,-0.176485,-0.000235,0.000164,6.835419,-0.000029,-0.170743,0.000590,-0.659229,0.000011,3.427899,-0.006087,0.000112,3.307460,-53.851704,-1.196954,-32.385983,0.560800,12.000000,0.073732,0.017450,-0.016327,3.307460,-53.851704,-1.196954,-32.385983,0.560800,18.913124,0.073732,0.017450,-0.016327,87.000000,87.000000,87.000000,87.000000,12.000000,12.000000,12.000000,200.000000,200.000000,0.000000,0.000000,0.000000,0.000000,0.000000,0.000000,0.000000,0.000000,0.000000
95,-0.090213,-3.733280,-0.212753,-1.337112,-0.691158,1.905145,0.296724,1.914777,-0.073987,-1.762800,-0.103119,-3.071801,-0.359774,3.752500,0.897114,0.039998,0.040000,-0.116682,-0.000002,0.268392,0.000111,0.113712,-0.000002,-0.173739,-0.000303,0.000115,5.891971,-0.000031,-0.176579,0.000679,-0.118837,-0.000020,3.366187,-0.005846,-0.000059,2.884891,-53.827175,-1.163050,-32.540756,0.595786,12.000000,0.072903,0.026540,-0.011513,2.884891,-53.827175,-1.163050,-32.540756,0.595786,18.965784,0.072903,0.026540,-0.011513,87.000000,87.000000,87.000000,87.000000,12.000000,12.000000,12.000000,200.000000,200.000000,0.000000,0.000000,0.000000,0.000000,0.000000,0.000000,0.000000,0.000000,0.000000
96,-0.096660,-3.732233,-0.203617,-1.340205,-0.697477,1.906094,0.291678,1.918552,-0.075595,-1.762800,-0.098750,-3.071802,-0.362212,3.752500,0.893782,0.039995,0.040000,-0.017827,-0.000002,0.261566,0.000111,0.089236,-0.000002,-0.157092,-0.000339,0.000077,4.829445,-0.000040,-0.235447,0.000722,0.370727,-0.000010,2.996357,-0.005229,-0.000180,2.401281,-53.785316,-1.126372,-32.664505,0.634782,12.000000,0.070997,0.035618,-0.007882,2.401281,-53.785316,-1.126372,-32.664505,0.634782,19.003759,0.070997,0.035618,-0.007882,87.000000,87.000000,87.000000,87.000000,12.000000,12.000000,12.000000,200.000000,200.000000,0.000000,0.000000,0.000000,0.000000,0.000000,0.000000,0.000000,0.000000,0.000000
97,-0.101922,-3.730860,-0.194846,-1.342479,-0.703848,1.906634,0.288913,1.921260,-0.075434,-1.762800,-0.094509,-3.071802,-0.365049,3.752500,0.891093,0.039991,0.040000,0.059403,-0.000002,0.252987,0.000111,0.072875,-0.000001,-0.130298,-0.000353,0.000052,3.723191,-0.000029,-0.327820,0.000708,0.791512,0.000009,2.402072,-0.004750,-0.000174,1.891204,-53.730404,-1.089666,-32.755447,0.675153,12.000000,0.068306,0.044045,-0.005334,1.891204,-53.730404,-1.089666,-32.755447,0.675153,19.025370,0.068306,0.044045,-0.005334,87.000000,87.000000,87.000000,87.000000,12.000000,12.000000,12.000000,200.000000,200.000000,0.000000,0.000000,0.000000,0.000000,0.000000,0.000000,0.000000,0.000000,0.000000
98,-0.106161,-3.729269,-0.186612,-1.343945,-0.709990,1.906756,0.288400,1.922827,-0.073938,-1.762800,-0.090433,-3.071802,-0.368117,3.752500,0.889207,0.039987,0.040000,0.115112,-0.000002,0.242419,0.000112,0.064485,-0.000001,-0.096918,-0.000353,0.000036,2.637772,-0.000029,-0.437659,0.000664,1.130967,-0.000017,1.663810,-0.004320,-0.000140,1.384854,-53.666748,-1.055449,-32.814011,0.714548,12.000000,0.065154,0.051633,-0.003706,1.384854,-53.666748,-1.055449,-32.814011,0.714548,19.030251,0.065154,0.051633,-0.003706,87.000000,87.000000,87.000000,87.000000,12.000000,12.000000,12.000000,200.000000,200.000000,0.000000,0.000000,0.000000,0.000000,0.000000,0.000000,0.000000,0.000000,0.000000
99,-0.109538,-3.727553,-0.179061,-1.344649,-0.715682,1.906474,0.289978,1.923257,-0.071528,-1.762800,-0.086565,-3.071802,-0.371254,3.752500,0.888205,0.039984,0.040000,0.150495,-0.000003,0.229797,0.000113,0.063254,-0.000001,-0.060261,-0.000344,0.000027,1.625125,-0.000019,-0.554879,0.000595,1.367871,0.000016,0.852704,-0.003705,-0.000060,0.907461,-53.598106,-1.025791,-32.842186,0.751020,12.000000,0.061781,0.058430,-0.002746,0.907461,-53.598106,-1.025791,-32.842186,0.751020,19.018961,0.061781,0.058430,-0.002746,87.000000,87.000000,87.000000,87.000000,12.000000,12.000000,12.000000,200.000000,200.000000,0.000000,0.000000,0.000000,0.000000,0.000000,0.000000,0.000000,0.000000,0.000000
100,-0.112203,-3.725807,-0.172298,-1.344669,-0.720765,1.905822,0.293389,1.922625,-0.068591,-1.762800,-0.082943,-3.071802,-0.374323,3.752500,0.888099,0.039981,0.040000,0.167635,-0.000003,0.215302,0.000114,0.068201,-0.000001,-0.023192,-0.000327,0.000023,0.727393,-0.000021,-0.664142,0.000516,1.516070,0.000019,0.033713,-0.002962,-0.000061,0.478849,-53.528271,-1.001678,-32.842976,0.783354,12.000000,0.058441,0.064309,-0.002351,0.478849,-53.528271,-1.001678,-32.842976,0.783354,18.992849,0.058441,0.064309,-0.002351,87.000000,87.000000,87.000000,87.000000,12.000000,12.000000,12.000000,200.000000,200.000000,0.000000,0.000000,0.000000,0.000000,0.000000,0.000000,0.000000,0.000000,0.000000
101,-0.114298,-3.724112,-0.166385,-1.344104,-0.725139,1.904854,0.298303,1.921063,-0.065465,-1.762800,-0.079603,-3.071802,-0.377209,3.752500,0.888842,0.039978,0.040000,0.169230,-0.000003,0.199270,0.000116,0.078126,-0.000001,0.011890,-0.000305,0.000022,-0.027637,-0.000016,-0.756179,0.000424,1.579917,-0.000017,-0.740561,-0.002081,0.000062,0.112823,-53.460453,-0.983544,-32.820385,0.810382,12.000000,0.055299,0.069268,-0.002119,0.112823,-53.460453,-0.983544,-32.820385,0.810382,18.954149,0.055299,0.069268,-0.002119,87.000000,87.000000,87.000000,87.000000,12.000000,12.000000,12.000000,200.000000,200.000000,0.000000,0.000000,0.000000,0.000000,0.000000,0.000000,0.000000,0.000000,0.000000
102,-0.115952,-3.722528,-0.161346,-1.343070,-0.728755,1.903638,0.304349,1.918741,-0.062431,-1.762800,-0.076573,-3.071803,-0.379824,3.752500,0.890341,0.039975,0.040000,0.158339,-0.000003,0.182140,0.000117,0.091694,-0.000001,0.043075,-0.000279,0.000023,-0.624962,-0.000017,-0.825062,0.000329,1.565608,-0.000003,-1.428702,-0.001183,0.000240,-0.182571,-53.397110,-0.971290,-32.779003,0.831538,12.000000,0.052483,0.073228,-0.002029,-0.182571,-53.397110,-0.971290,-32.779003,0.831538,18.905512,0.052483,0.073228,-0.002029,87.000000,87.000000,87.000000,87.000000,12.000000,12.000000,12.000000,200.000000,200.000000,0.000000,0.000000,0.000000,0.000000,0.000000,0.000000,0.000000,0.000000,0.000000
103,-0.117281,-3.721106,-0.157170,-1.341687,-0.731610,1.902249,0.311137,1.915852,-0.059708,-1.762800,-0.073872,-3.071802,-0.382108,3.752500,0.892470,0.039973,0.040000,0.138151,-0.000003,0.164432,0.000118,0.107670,-0.000001,0.068994,-0.000252,0.000024,-1.060617,-0.000027,-0.866334,0.000233,1.488905,-0.000034,-1.999319,-0.000334,0.000400,-0.404580,-53.340221,-0.964490,-32.723679,0.846681,12.000000,0.050126,0.076160,-0.002007,-0.404580,-53.340221,-0.964490,-32.723679,0.846681,18.849968,0.050126,0.076160,-0.002007,87.000000,87.000000,87.000000,87.000000,12.000000,12.000000,12.000000,200.000000,200.000000,0.000000,0.000000,0.000000,0.000000,0.000000,0.000000,0.000000,0.000000,0.000000
104,-0.118386,-3.719874,-0.153815,-1.340078,-0.733733,1.900765,0.318289,1.912598,-0.057450,-1.762800,-0.071508,-3.071803,-0.384027,3.752500,0.895080,0.039972,0.040000,0.111776,-0.000003,0.146664,0.000119,0.124814,-0.000002,0.088776,-0.000226,0.000025,-1.340596,-0.000001,-0.878738,0.000150,1.363232,-0.000010,-2.434211,0.000383,0.000507,-0.554994,-53.290955,-0.962365,-32.659370,0.856298,12.000000,0.048284,0.078084,-0.002006,-0.554994,-53.290955,-0.962365,-32.659370,0.856298,18.790594,0.048284,0.078084,-0.002006,87.000000,87.000000,87.000000,87.000000,12.000000,12.000000,12.000000,200.000000,200.000000,0.000000,0.000000,0.000000,0.000000,0.000000,0.000000,0.000000,0.000000,0.000000
105,-0.119352,-3.718846,-0.151212,-1.338361,-0.735189,1.899258,0.325450,1.909173,-0.055752,-1.762800,-0.069480,-3.071802,-0.385570,3.752500,0.898015,0.039970,0.040000,0.082097,-0.000004,0.129359,0.000119,0.142163,-0.000001,0.102051,-0.000201,0.000026,-1.478946,-0.000002,-0.864136,0.000064,1.200712,0.000036,-2.724364,0.000973,0.000610,-0.639342,-53.249840,-0.964105,-32.590656,0.860439,12.000000,0.046976,0.079090,-0.001979,-0.639342,-53.249840,-0.964105,-32.590656,0.860439,18.730305,0.046976,0.079090,-0.001979,87.000000,87.000000,87.000000,87.000000,12.000000,12.000000,12.000000,200.000000,200.000000,0.000000,0.000000,0.000000,0.000000,0.000000,0.000000,0.000000,0.000000,0.000000
106,-0.120239,-3.718028,-0.149275,-1.336639,-0.736057,1.897795,0.332319,1.905756,-0.054654,-1.762800,-0.067775,-3.071802,-0.386744,3.752500,0.901119,0.039970,0.040000,0.051635,-0.000004,0.112952,0.000120,0.158754,-0.000002,0.108882,-0.000178,0.000027,-1.494279,-0.000001,-0.824589,0.000007,1.016186,-0.000028,-2.872259,0.001310,0.000650,-0.665577,-53.217110,-0.968617,-32.521843,0.860285,12.000000,0.046203,0.079218,-0.002022,-0.665577,-53.217110,-0.968617,-32.521843,0.860285,18.671804,0.046203,0.079218,-0.002022,87.000000,87.000000,87.000000,87.000000,12.000000,12.000000,12.000000,200.000000,200.000000,0.000000,0.000000,0.000000,0.000000,0.000000,0.000000,0.000000,0.000000,0.000000
107,-0.121097,-3.717411,-0.147906,-1.335003,-0.736432,1.896433,0.338646,1.902498,-0.054152,-1.762800,-0.066375,-3.071802,-0.387576,3.752500,0.904247,0.039969,0.040000,0.022490,-0.000004,0.097845,0.000120,0.174013,-0.000002,0.109711,-0.000160,0.000027,-1.409275,-0.000003,-0.763895,-0.000051,0.824399,0.000020,-2.886970,0.001517,0.000620,-0.643674,-53.192436,-0.974988,-32.456387,0.856355,12.000000,0.045916,0.078698,-0.002064,-0.643674,-53.192436,-0.974988,-32.456387,0.856355,18.617294,0.045916,0.078698,-0.002064,87.000000,87.000000,87.000000,87.000000,12.000000,12.000000,12.000000,200.000000,200.000000,0.000000,0.000000,0.000000,0.000000,0.000000,0.000000,0.000000,0.000000,0.000000
108,-0.121957,-3.716980,-0.147002,-1.333523,-0.736414,1.895212,0.344244,1.899519,-0.054202,-1.762800,-0.065252,-3.071802,-0.388101,3.752500,0.907270,0.039969,0.040000,-0.003718,-0.000004,0.084313,0.000121,0.187405,-0.000002,0.105250,-0.000145,0.000026,-1.248195,0.000008,-0.687881,-0.000080,0.631818,-0.000006,-2.784842,0.001566,0.000541,-0.584314,-53.175179,-0.982319,-32.397186,0.849480,12.000000,0.046050,0.077672,-0.002096,-0.584314,-53.175179,-0.982319,-32.397186,0.849480,18.568485,0.046050,0.077672,-0.002096,87.000000,87.000000,87.000000,87.000000,12.000000,12.000000,12.000000,200.000000,200.000000,0.000000,0.000000,0.000000,0.000000,0.000000,0.000000,0.000000,0.000000,0.000000
109,-0.122834,-3.716715,-0.146460,-1.332250,-0.736104,1.894164,0.348993,1.896908,-0.054733,-1.762800,-0.064375,-3.071802,-0.388363,3.752500,0.910081,0.039970,0.040000,-0.025844,-0.000004,0.072540,0.000121,0.198595,-0.000002,0.096422,-0.000134,0.000026,-1.034772,-0.000007,-0.601205,-0.000109,0.448899,0.000016,-2.585900,0.001456,0.000464,-0.498301,-53.164574,-0.989798,-32.346279,0.840690,12.000000,0.046564,0.076270,-0.002118,-0.498301,-53.164574,-0.989798,-32.346279,0.840690,18.526581,0.046564,0.076270,-0.002118,87.000000,87.000000,87.000000,87.000000,12.000000,12.000000,12.000000,200.000000,200.000000,0.000000,0.000000,0.000000,0.000000,0.000000,0.000000,0.000000,0.000000,0.000000
110,-0.123732,-3.716592,-0.146185,-1.331215,-0.735597,1.893304,0.352833,1.894720,-0.055657,-1.762800,-0.063709,-3.071802,-0.388413,3.752500,0.912600,0.039970,0.040000,-0.043192,-0.000004,0.062622,0.000121,0.207452,-0.000002,0.084272,-0.000128,0.000025,-0.791285,0.000004,-0.508422,-0.000127,0.284964,0.000028,-2.314395,0.001257,0.000341,-0.395948,-53.159679,-0.996780,-32.304909,0.830850,12.000000,0.047327,0.074686,-0.002163,-0.395948,-53.159679,-0.996780,-32.304909,0.830850,18.492174,0.047327,0.074686,-0.002163,87.000000,87.000000,87.000000,87.000000,12.000000,12.000000,12.000000,200.000000,200.000000,0.000000,0.000000,0.000000,0.000000,0.000000,0.000000,0.000000,0.000000,0.000000
111,-0.124648,-3.716585,-0.146088,-1.330432,-0.734982,1.892635,0.355760,1.892979,-0.056876,-1.762800,-0.063218,-3.071802,-0.388301,3.752500,0.914773,0.039971,0.040000,-0.055475,-0.000004,0.054568,0.000121,0.214010,-0.000002,0.069881,-0.000125,0.000024,-0.537835,-0.000012,-0.414249,-0.000124,0.145464,-0.000036,-1.992292,0.001051,0.000240,-0.286622,-53.159374,-1.002828,-32.273571,0.820544,12.000000,0.048312,0.073110,-0.002165,-0.286622,-53.159374,-1.002828,-32.273571,0.820544,18.465393,0.048312,0.073110,-0.002165,87.000000,87.000000,87.000000,87.000000,12.000000,12.000000,12.000000,200.000000,200.000000,0.000000,0.000000,0.000000,0.000000,0.000000,0.000000,0.000000,0.000000,0.000000
112,-0.125569,-3.716666,-0.146094,-1.329896,-0.734334,1.892151,0.357814,1.891683,-0.058288,-1.762800,-0.062868,-3.071802,-0.388075,3.752500,0.916569,0.039971,0.040000,-0.062768,-0.000004,0.048282,0.000121,0.218304,-0.000002,0.054271,-0.000126,0.000023,-0.291547,-0.000001,-0.323851,-0.000123,0.028233,-0.000016,-1.644259,0.000751,0.000138,-0.178231,-53.162617,-1.007631,-32.252171,0.810518,12.000000,0.049396,0.071547,-0.002141,-0.178231,-53.162617,-1.007631,-32.252171,0.810518,18.446033,0.049396,0.071547,-0.002141,87.000000,87.000000,87.000000,87.000000,12.000000,12.000000,12.000000,200.000000,200.000000,0.000000,0.000000,0.000000,0.000000,0.000000,0.000000,0.000000,0.000000,0.000000
113,-0.126479,-3.716810,-0.146144,-1.329592,-0.733715,1.891835,0.359076,1.890806,-0.059796,-1.762800,-0.062626,-3.071802,-0.387782,3.752500,0.917980,0.039972,0.040000,-0.065415,-0.000004,0.043639,0.000121,0.220619,-0.000002,0.038405,-0.000129,0.000021,-0.065728,0.000004,-0.239917,-0.000096,-0.061391,-0.000016,-1.290713,0.000493,0.000054,-0.077292,-53.168377,-1.011082,-32.239960,0.801144,12.000000,0.050504,0.070183,-0.002079,-0.077292,-53.168377,-1.011082,-32.239960,0.801144,18.433409,0.050504,0.070183,-0.002079,87.000000,87.000000,87.000000,87.000000,12.000000,12.000000,12.000000,200.000000,200.000000,0.000000,0.000000,0.000000,0.000000,0.000000,0.000000,0.000000,0.000000,0.000000
114,-0.127363,-3.716991,-0.146188,-1.329491,-0.733173,1.891668,0.359652,1.890306,-0.061315,-1.762800,-0.062460,-3.071802,-0.387459,3.752500,0.919021,0.039973,0.040000,-0.063988,-0.000004,0.040429,0.000120,0.221138,-0.000002,0.023097,-0.000134,0.000020,0.129621,-0.000007,-0.165686,-0.000090,-0.128055,-0.000029,-0.950074,0.000249,-0.000013,0.011400,-53.175644,-1.013088,-32.235954,0.793036,12.000000,0.051604,0.069051,-0.001984,0.011400,-53.175644,-1.013088,-32.235954,0.793036,18.426712,0.051604,0.069051,-0.001984,87.000000,87.000000,87.000000,87.000000,12.000000,12.000000,12.000000,200.000000,200.000000,0.000000,0.000000,0.000000,0.000000,0.000000,0.000000,0.000000,0.000000,0.000000
115,-0.128203,-3.717190,-0.146191,-1.329560,-0.732742,1.891623,0.359664,1.890128,-0.062770,-1.762800,-0.062345,-3.071802,-0.387142,3.752500,0.919721,0.039973,0.040000,-0.059190,-0.000004,0.038450,0.000120,0.220251,-0.000002,0.009001,-0.000141,0.000018,0.288450,0.000004,-0.101618,-0.000061,-0.167358,0.000009,-0.636579,0.000007,-0.000060,0.084519,-53.183609,-1.013698,-32.238739,0.786375,12.000000,0.052616,0.068132,-0.001858,0.084519,-53.183609,-1.013698,-32.238739,0.786375,18.424921,0.052616,0.068132,-0.001858,87.000000,87.000000,87.000000,87.000000,12.000000,12.000000,12.000000,200.000000,200.000000,0.000000,0.000000,0.000000,0.000000,0.000000,0.000000,0.000000,0.000000,0.000000
116,-0.128987,-3.717386,-0.146130,-1.329762,-0.732441,1.891674,0.359242,1.890212,-0.064100,-1.762800,-0.062260,-3.071802,-0.386856,3.752500,0.920119,0.039974,0.040000,-0.051805,-0.000004,0.037470,0.000120,0.218300,-0.000002,-0.003397,-0.000149,0.000016,0.407390,0.000003,-0.049337,-0.000035,-0.184926,-0.000007,-0.360780,-0.000183,-0.000093,0.140278,-53.191429,-1.013088,-32.246803,0.781169,12.000000,0.053508,0.067488,-0.001713,0.140278,-53.191429,-1.013088,-32.246803,0.781169,18.426962,0.053508,0.067488,-0.001713,87.000000,87.000000,87.000000,87.000000,12.000000,12.000000,12.000000,200.000000,200.000000,0.000000,0.000000,0.000000,0.000000,0.000000,0.000000,0.000000,0.000000,0.000000
117,-0.129702,-3.717566,-0.145995,-1.330058,-0.732277,1.891795,0.358512,1.890494,-0.065263,-1.762800,-0.062186,-3.071802,-0.386620,3.752500,0.920265,0.039974,0.040000,-0.042637,-0.000004,0.037253,0.000120,0.215610,-0.000002,-0.013788,-0.000156,0.000015,0.486295,-0.000003,-0.008931,-0.000013,-0.184262,-0.000014,-0.130176,-0.000307,-0.000110,0.178276,-53.198616,-1.011405,-32.258667,0.777508,12.000000,0.054237,0.067120,-0.001564,0.178276,-53.198616,-1.011405,-32.258667,0.777508,18.431805,0.054237,0.067120,-0.001564,87.000000,87.000000,87.000000,87.000000,12.000000,12.000000,12.000000,200.000000,200.000000,0.000000,0.000000,0.000000,0.000000,0.000000,0.000000,0.000000,0.000000,0.000000
118,-0.130340,-3.717717,-0.145782,-1.330412,-0.732248,1.891961,0.357593,1.890913,-0.066231,-1.762800,-0.062111,-3.071802,-0.386447,3.752500,0.920211,0.039975,0.040000,-0.032458,-0.000004,0.037575,0.000119,0.212488,-0.000002,-0.022018,-0.000163,0.000013,0.527132,0.000004,0.020153,-0.000002,-0.168805,0.000005,0.052900,-0.000436,-0.000112,0.199106,-53.204666,-1.008852,-32.272835,0.775339,12.000000,0.054830,0.066938,-0.001415,0.199106,-53.204666,-1.008852,-32.272835,0.775339,18.438463,0.054830,0.066938,-0.001415,87.000000,87.000000,87.000000,87.000000,12.000000,12.000000,12.000000,200.000000,200.000000,0.000000,0.000000,0.000000,0.000000,0.000000,0.000000,0.000000,0.000000,0.000000
119,-0.130897,-3.717835,-0.145497,-1.330792,-0.732340,1.892150,0.356593,1.891409,-0.066991,-1.762800,-0.062026,-3.071802,-0.386340,3.752500,0.920009,0.039975,0.040000,-0.021969,-0.000004,0.038238,0.000119,0.209229,-0.000002,-0.028072,-0.000170,0.000012,0.533821,-0.000001,0.038689,0.000015,-0.142802,-0.000009,0.187266,-0.000498,-0.000106,0.204336,-53.209396,-1.005690,-32.288017,0.774514,12.000000,0.055250,0.066978,-0.001283,0.204336,-53.209396,-1.005690,-32.288017,0.774514,18.446016,0.055250,0.066978,-0.001283,87.000000,87.000000,87.000000,87.000000,12.000000,12.000000,12.000000,200.000000,200.000000,0.000000,0.000000,0.000000,0.000000,0.000000,0.000000,0.000000,0.000000,0.000000
120,-0.131371,-3.717915,-0.145151,-1.331169,-0.732537,1.892343,0.355600,1.891934,-0.067543,-1.762800,-0.061925,-3.071802,-0.386302,3.752500,0.919709,0.039975,0.040000,-0.011776,-0.000004,0.039066,0.000119,0.206070,-0.000002,-0.032060,-0.000176,0.000011,0.511554,0.000001,0.048057,0.000032,-0.109418,-0.000012,0.275606,-0.000527,-0.000096,0.196135,-53.212601,-1.002146,-32.303085,0.774872,12.000000,0.055511,0.067172,-0.001178,0.196135,-53.212601,-1.002146,-32.303085,0.774872,18.453722,0.055511,0.067172,-0.001178,87.000000,87.000000,87.000000,87.000000,12.000000,12.000000,12.000000,200.000000,200.000000,0.000000,0.000000,0.000000,0.000000,0.000000,0.000000,0.000000,0.000000,0.000000
121,-0.131765,-3.717956,-0.144757,-1.331519,-0.732816,1.892524,0.354687,1.892445,-0.067898,-1.762800,-0.061808,-3.071802,-0.386326,3.752500,0.919356,0.039975,0.040000,-0.002368,-0.000004,0.039915,0.000119,0.203203,-0.000002,-0.034176,-0.000180,0.000010,0.466231,-0.000012,0.049724,0.000035,-0.072689,0.000018,0.322642,-0.000543,-0.000080,0.177066,-53.214241,-0.998419,-32.317120,0.776157,12.000000,0.055644,0.067468,-0.001098,0.177066,-53.214241,-0.998419,-32.317120,0.776157,18.460970,0.055644,0.067468,-0.001098,87.000000,87.000000,87.000000,87.000000,12.000000,12.000000,12.000000,200.000000,200.000000,0.000000,0.000000,0.000000,0.000000,0.000000,0.000000,0.000000,0.000000,0.000000
122,-0.132082,-3.717961,-0.144332,-1.331827,-0.733153,1.892683,0.353905,1.892907,-0.068076,-1.762800,-0.061674,-3.071802,-0.386405,3.752500,0.918990,0.039975,0.040000,0.005891,-0.000004,0.040673,0.000119,0.200766,-0.000002,-0.034685,-0.000184,0.000010,0.404219,0.000005,0.045331,0.000046,-0.035571,0.000014,0.333511,-0.000536,-0.000063,0.149950,-53.214447,-0.994725,-32.329422,0.778137,12.000000,0.055636,0.067838,-0.001049,0.149950,-53.214447,-0.994725,-32.329422,0.778137,18.467302,0.055636,0.067838,-0.001049,87.000000,87.000000,87.000000,87.000000,12.000000,12.000000,12.000000,200.000000,200.000000,0.000000,0.000000,0.000000,0.000000,0.000000,0.000000,0.000000,0.000000,0.000000
123,-0.132330,-3.717935,-0.143894,-1.332081,-0.733525,1.892810,0.353289,1.893299,-0.068102,-1.762800,-0.061525,-3.071802,-0.386528,3.752500,0.918643,0.039975,0.040000,0.012761,-0.000004,0.041259,0.000119,0.198849,-0.000002,-0.033874,-0.000186,0.000010,0.331685,-0.000003,0.036532,0.000042,-0.000310,0.000024,0.316238,-0.000473,-0.000041,0.117562,-53.213402,-0.991249,-32.339588,0.780597,12.000000,0.055575,0.068287,-0.001027,0.117562,-53.213402,-0.991249,-32.339588,0.780597,18.472395,0.055575,0.068287,-0.001027,87.000000,87.000000,87.000000,87.000000,12.000000,12.000000,12.000000,200.000000,200.000000,0.000000,0.000000,0.000000,0.000000,0.000000,0.000000,0.000000,0.000000,0.000000
124,-0.132516,-3.717883,-0.143458,-1.332274,-0.733909,1.892902,0.352856,1.893603,-0.068006,-1.762800,-0.061366,-3.071802,-0.386685,3.752500,0.918339,0.039975,0.040000,0.018119,-0.000004,0.041621,0.000119,0.197484,-0.000002,-0.032071,-0.000188,0.000010,0.254276,-0.000000,0.024787,0.000042,0.030467,-0.000002,0.275974,-0.000427,-0.000026,0.082492,-53.211304,-0.988080,-32.347313,0.783268,12.000000,0.055400,0.068710,-0.001030,0.082492,-53.211304,-0.988080,-32.347313,0.783268,18.476093,0.055400,0.068710,-0.001030,87.000000,87.000000,87.000000,87.000000,12.000000,12.000000,12.000000,200.000000,200.000000,0.000000,0.000000,0.000000,0.000000,0.000000,0.000000,0.000000,0.000000,0.000000
125,-0.132649,-3.717809,-0.143040,-1.332406,-0.734286,1.892958,0.352609,1.893813,-0.067818,-1.762800,-0.061202,-3.071802,-0.386863,3.752500,0.918094,0.039975,0.040000,0.021943,-0.000004,0.041736,0.000119,0.196668,-0.000002,-0.029594,-0.000188,0.000011,0.177127,-0.000002,0.011673,0.000051,0.056034,0.000012,0.220899,-0.000357,-0.000005,0.047095,-53.208355,-0.985333,-32.352558,0.785986,12.000000,0.055180,0.069137,-0.001055,0.047095,-53.208355,-0.985333,-32.352558,0.785986,18.478308,0.055180,0.069137,-0.001055,87.000000,87.000000,87.000000,87.000000,12.000000,12.000000,12.000000,200.000000,200.000000,0.000000,0.000000,0.000000,0.000000,0.000000,0.000000,0.000000,0.000000,0.000000
126,-0.132738,-3.717722,-0.142652,-1.332477,-0.734639,1.892977,0.352539,1.893929,-0.067568,-1.762800,-0.061036,-3.071802,-0.387051,3.752500,0.917918,0.039974,0.040000,0.024304,-0.000004,0.041606,0.000119,0.196373,-0.000002,-0.026726,-0.000188,0.000011,0.104460,-0.000006,-0.001622,0.000048,0.075516,0.000016,0.157315,-0.000284,0.000013,0.013360,-53.204884,-0.983066,-32.355400,0.788577,12.000000,0.054936,0.069525,-0.001094,0.013360,-53.204884,-0.983066,-32.355400,0.788577,18.479090,0.054936,0.069525,-0.001094,87.000000,87.000000,87.000000,87.000000,12.000000,12.000000,12.000000,200.000000,200.000000,0.000000,0.000000,0.000000,0.000000,0.000000,0.000000,0.000000,0.000000,0.000000
127,-0.132792,-3.717628,-0.142303,-1.332493,-0.734956,1.892965,0.352627,1.893958,-0.067284,-1.762800,-0.060874,-3.071802,-0.387239,3.752500,0.917815,0.039974,0.040000,0.025340,-0.000004,0.041245,0.000119,0.196533,-0.000002,-0.023730,-0.000187,0.000012,0.039487,0.000004,-0.014056,0.000039,0.088930,-0.000012,0.090792,-0.000215,0.000024,-0.017185,-53.201088,-0.981303,-32.356071,0.790927,12.000000,0.054679,0.069855,-0.001147,-0.017185,-53.201088,-0.981303,-32.356071,0.790927,18.478594,0.054679,0.069855,-0.001147,87.000000,87.000000,87.000000,87.000000,12.000000,12.000000,12.000000,200.000000,200.000000,0.000000,0.000000,0.000000,0.000000,0.000000,0.000000,0.000000,0.000000,0.000000
128,-0.132821,-3.717531,-0.142000,-1.332464,-0.735228,1.892924,0.352847,1.893909,-0.066991,-1.762800,-0.060720,-3.071802,-0.387418,3.752500,0.917783,0.039974,0.040000,0.025236,-0.000004,0.040687,0.000119,0.197073,-0.000002,-0.020818,-0.000186,0.000012,-0.015591,-0.000008,-0.024971,0.000026,0.095960,-0.000006,0.026677,-0.000145,0.000037,-0.043437,-53.197254,-0.980041,-32.354889,0.792922,12.000000,0.054450,0.070126,-0.001198,-0.043437,-53.197254,-0.980041,-32.354889,0.792922,18.476973,0.054450,0.070126,-0.001198,87.000000,87.000000,87.000000,87.000000,12.000000,12.000000,12.000000,200.000000,200.000000,0.000000,0.000000,0.000000,0.000000,0.000000,0.000000,0.000000,0.000000,0.000000
129,-0.132832,-3.717438,-0.141746,-1.332396,-0.735450,1.892862,0.353169,1.893796,-0.066709,-1.762800,-0.060578,-3.071802,-0.387581,3.752500,0.917814,0.039974,0.040000,0.024212,-0.000004,0.039972,0.000119,0.197905,-0.000002,-0.018169,-0.000184,0.000013,-0.059422,0.000001,-0.033806,0.000017,0.097458,-0.000014,-0.032302,-0.000081,0.000044,-0.064709,-53.193516,-0.979248,-32.352200,0.794521,12.000000,0.054214,0.070327,-0.001258,-0.064709,-53.193516,-0.979248,-32.352200,0.794521,18.474472,0.054214,0.070327,-0.001258,87.000000,87.000000,87.000000,87.000000,12.000000,12.000000,12.000000,200.000000,200.000000,0.000000,0.000000,0.000000,0.000000,0.000000,0.000000,0.000000,0.000000,0.000000
130,-0.132832,-3.717353,-0.141543,-1.332301,-0.735620,1.892784,0.353565,1.893633,-0.066455,-1.762800,-0.060451,-3.071802,-0.387723,3.752500,0.917901,0.039974,0.040000,0.022496,-0.000004,0.039145,0.000119,0.198940,-0.000002,-0.015902,-0.000183,0.000014,-0.091556,-0.000006,-0.040289,0.000008,0.094002,0.000025,-0.082279,-0.000023,0.000044,-0.080710,-53.190102,-0.978875,-32.348385,0.795694,12.000000,0.054029,0.070463,-0.001312,-0.080710,-53.190102,-0.978875,-32.348385,0.795694,18.471346,0.054029,0.070463,-0.001312,87.000000,87.000000,87.000000,87.000000,12.000000,12.000000,12.000000,200.000000,200.000000,0.000000,0.000000,0.000000,0.000000,0.000000,0.000000,0.000000,0.000000,0.000000
131,-0.132828,-3.717277,-0.141389,-1.332187,-0.735739,1.892696,0.354001,1.893437,-0.066240,-1.762800,-0.060340,-3.071802,-0.387842,3.752500,0.918031,0.039974,0.040000,0.020319,-0.000004,0.038252,0.000119,0.200089,-0.000002,-0.014105,-0.000181,0.000014,-0.112305,0.000000,-0.044292,0.000011,0.086686,-0.000013,-0.121878,0.000028,0.000048,-0.091518,-53.187069,-0.978852,-32.343845,0.796452,12.000000,0.053881,0.070542,-0.001362,-0.091518,-53.187069,-0.978852,-32.343845,0.796452,18.467834,0.053881,0.070542,-0.001362,87.000000,87.000000,87.000000,87.000000,12.000000,12.000000,12.000000,200.000000,200.000000,0.000000,0.000000,0.000000,0.000000,0.000000,0.000000,0.000000,0.000000,0.000000
132,-0.132823,-3.717213,-0.141279,-1.332065,-0.735813,1.892604,0.354452,1.893222,-0.066071,-1.762800,-0.060246,-3.071802,-0.387935,3.752500,0.918193,0.039974,0.040000,0.017893,-0.000004,0.037341,0.000120,0.201275,-0.000002,-0.012805,-0.000179,0.000015,-0.122482,0.000005,-0.045883,0.000003,0.076333,0.000004,-0.150072,0.000073,0.000050,-0.097442,-53.184513,-0.979090,-32.338924,0.796808,12.000000,0.053785,0.070571,-0.001404,-0.097442,-53.184513,-0.979090,-32.338924,0.796808,18.464155,0.053785,0.070571,-0.001404,87.000000,87.000000,87.000000,87.000000,12.000000,12.000000,12.000000,200.000000,200.000000,0.000000,0.000000,0.000000,0.000000,0.000000,0.000000,0.000000,0.000000,0.000000
133,-0.132821,-3.717162,-0.141209,-1.331941,-0.735846,1.892513,0.354891,1.893002,-0.065951,-1.762800,-0.060169,-3.071802,-0.388003,3.752500,0.918374,0.039974,0.040000,0.015409,-0.000004,0.036449,0.000120,0.202427,-0.000002,-0.012017,-0.000178,0.000015,-0.123435,0.000002,-0.045303,-0.000003,0.064304,-0.000019,-0.167796,0.000102,0.000046,-0.099052,-53.182472,-0.979538,-32.333965,0.796834,12.000000,0.053697,0.070554,-0.001440,-0.099052,-53.182472,-0.979538,-32.333965,0.796834,18.460510,0.053697,0.070554,-0.001440,87.000000,87.000000,87.000000,87.000000,12.000000,12.000000,12.000000,200.000000,200.000000,0.000000,0.000000,0.000000,0.000000,0.000000,0.000000,0.000000,0.000000,0.000000
134,-0.132824,-3.717125,-0.141174,-1.331823,-0.735844,1.892427,0.355300,1.892790,-0.065880,-1.762800,-0.060109,-3.071802,-0.388047,3.752500,0.918564,0.039974,0.040000,0.013027,-0.000004,0.035612,0.000120,0.203491,-0.000002,-0.011703,-0.000176,0.000015,-0.116703,-0.000003,-0.042886,-0.000015,0.051092,0.000024,-0.174684,0.000126,0.000038,-0.097004,-53.180984,-0.980121,-32.329258,0.796560,12.000000,0.053658,0.070500,-0.001471,-0.097004,-53.180984,-0.980121,-32.329258,0.796560,18.457079,0.053658,0.070500,-0.001471,87.000000,87.000000,87.000000,87.000000,12.000000,12.000000,12.000000,200.000000,200.000000,0.000000,0.000000,0.000000,0.000000,0.000000,0.000000,0.000000,0.000000,0.000000
135,-0.132835,-3.717100,-0.141166,-1.331716,-0.735815,1.892350,0.355663,1.892594,-0.065854,-1.762800,-0.060065,-3.071802,-0.388070,3.752500,0.918750,0.039974,0.040000,0.010872,-0.000004,0.034857,0.000120,0.204431,-0.000002,-0.011808,-0.000175,0.000015,-0.104154,-0.000008,-0.039030,-0.000002,0.037767,0.000011,-0.171662,0.000121,0.000031,-0.092127,-53.179993,-0.980782,-32.325005,0.796068,12.000000,0.053678,0.070397,-0.001491,-0.092127,-53.179993,-0.980782,-32.325005,0.796068,18.454008,0.053678,0.070397,-0.001491,87.000000,87.000000,87.000000,87.000000,12.000000,12.000000,12.000000,200.000000,200.000000,0.000000,0.000000,0.000000,0.000000,0.000000,0.000000,0.000000,0.000000,0.000000
136,-0.132852,-3.717087,-0.141179,-1.331625,-0.735767,1.892284,0.355970,1.892422,-0.065868,-1.762800,-0.060035,-3.071802,-0.388074,3.752500,0.918926,0.039974,0.040000,0.009033,-0.000004,0.034202,0.000120,0.205213,-0.000002,-0.012264,-0.000174,0.000015,-0.087460,0.000004,-0.034082,-0.000015,0.025134,-0.000008,-0.161516,0.000121,0.000025,-0.085185,-53.179478,-0.981446,-32.321323,0.795420,12.000000,0.053702,0.070292,-0.001505,-0.085185,-53.179478,-0.981446,-32.321323,0.795420,18.451355,0.053702,0.070292,-0.001505,87.000000,87.000000,87.000000,87.000000,12.000000,12.000000,12.000000,200.000000,200.000000,0.000000,0.000000,0.000000,0.000000,0.000000,0.000000,0.000000,0.000000,0.000000
137,-0.132876,-3.717084,-0.141206,-1.331551,-0.735706,1.892230,0.356215,1.892278,-0.065915,-1.762800,-0.060016,-3.071802,-0.388064,3.752500,0.919085,0.039974,0.040000,0.007566,-0.000004,0.033658,0.000120,0.205826,-0.000002,-0.012996,-0.000173,0.000015,-0.068430,0.000011,-0.028512,-0.000011,0.013588,0.000034,-0.145418,0.000109,0.000018,-0.076995,-53.179344,-0.982075,-32.318367,0.794677,12.000000,0.053741,0.070170,-0.001510,-0.076995,-53.179344,-0.982075,-32.318367,0.794677,18.449221,0.053741,0.070170,-0.001510,87.000000,87.000000,87.000000,87.000000,12.000000,12.000000,12.000000,200.000000,200.000000,0.000000,0.000000,0.000000,0.000000,0.000000,0.000000,0.000000,0.000000,0.000000
138,-0.132906,-3.717089,-0.141241,-1.331495,-0.735639,1.892189,0.356397,1.892165,-0.065988,-1.762800,-0.060007,-3.071802,-0.388043,3.752500,0.919221,0.039974,0.040000,0.006493,-0.000004,0.033228,0.000120,0.206270,-0.000002,-0.013919,-0.000173,0.000015,-0.048554,-0.000006,-0.022680,-0.000015,0.003704,-0.000031,-0.124684,0.000076,0.000013,-0.068248,-53.179554,-0.982643,-32.316154,0.793907,12.000000,0.053813,0.070025,-0.001510,-0.068248,-53.179554,-0.982643,-32.316154,0.793907,18.447578,0.053813,0.070025,-0.001510,87.000000,87.000000,87.000000,87.000000,12.000000,12.000000,12.000000,200.000000,200.000000,0.000000,0.000000,0.000000,0.000000,0.000000,0.000000,0.000000,0.000000,0.000000
139,-0.132941,-3.717100,-0.141281,-1.331458,-0.735571,1.892161,0.356518,1.892083,-0.066078,-1.762800,-0.060005,-3.071802,-0.388015,3.752500,0.919333,0.039974,0.040000,0.005811,-0.000004,0.032910,0.000120,0.206551,-0.000002,-0.014954,-0.000174,0.000015,-0.029140,0.000006,-0.016942,-0.000016,-0.004461,0.000016,-0.101839,0.000069,0.000005,-0.059557,-53.180012,-0.983121,-32.314667,0.793148,12.000000,0.053879,0.069917,-0.001505,-0.059557,-53.180012,-0.983121,-32.314667,0.793148,18.446436,0.053879,0.069917,-0.001505,87.000000,87.000000,87.000000,87.000000,12.000000,12.000000,12.000000,200.000000,200.000000,0.000000,0.000000,0.000000,0.000000,0.000000,0.000000,0.000000,0.000000,0.000000
140,-0.132979,-3.717116,-0.141319,-1.331438,-0.735508,1.892144,0.356583,1.892030,-0.066178,-1.762800,-0.060009,-3.071802,-0.387983,3.752500,0.919418,0.039974,0.040000,0.005495,-0.000004,0.032697,0.000120,0.206682,-0.000002,-0.016025,-0.000174,0.000015,-0.011252,-0.000002,-0.011475,-0.000013,-0.010553,0.000010,-0.077897,0.000053,0.000001,-0.051443,-53.180622,-0.983470,-32.313847,0.792447,12.000000,0.053964,0.069816,-0.001497,-0.051443,-53.180622,-0.983470,-32.313847,0.792447,18.445787,0.053964,0.069816,-0.001497,87.000000,87.000000,87.000000,87.000000,12.000000,12.000000,12.000000,200.000000,200.000000,0.000000,0.000000,0.000000,0.000000,0.000000,0.000000,0.000000,0.000000,0.000000
141,-0.133019,-3.717134,-0.141353,-1.331432,-0.735453,1.892138,0.356600,1.892005,-0.066280,-1.762800,-0.060016,-3.071802,-0.387949,3.752500,0.919478,0.039974,0.040000,0.005501,-0.000004,0.032577,0.000120,0.206683,-0.000002,-0.017068,-0.000174,0.000015,0.004354,-0.000007,-0.006594,-0.000002,-0.015001,0.000010,-0.054024,0.000035,-0.000004,-0.044259,-53.181328,-0.983702,-32.313633,0.791815,12.000000,0.054068,0.069730,-0.001485,-0.044259,-53.181328,-0.983702,-32.313633,0.791815,18.445520,0.054068,0.069730,-0.001485,87.000000,87.000000,87.000000,87.000000,12.000000,12.000000,12.000000,200.000000,200.000000,0.000000,0.000000,0.000000,0.000000,0.000000,0.000000,0.000000,0.000000,0.000000
142,-0.133058,-3.717152,-0.141381,-1.331440,-0.735407,1.892140,0.356577,1.892003,-0.066380,-1.762800,-0.060025,-3.071802,-0.387917,3.752500,0.919514,0.039974,0.040000,0.005778,-0.000004,0.032536,0.000120,0.206579,-0.000002,-0.018042,-0.000175,0.000015,0.017192,0.000004,-0.002421,-0.000003,-0.017461,-0.000005,-0.032936,0.000015,-0.000007,-0.038258,-53.182072,-0.983842,-32.313919,0.791300,12.000000,0.054118,0.069659,-0.001473,-0.038258,-53.182072,-0.983842,-32.313919,0.791300,18.445595,0.054118,0.069659,-0.001473,87.000000,87.000000,87.000000,87.000000,12.000000,12.000000,12.000000,200.000000,200.000000,0.000000,0.000000,0.000000,0.000000,0.000000,0.000000,0.000000,0.000000,0.000000
143,-0.133096,-3.717170,-0.141400,-1.331457,-0.735373,1.892149,0.356524,1.892019,-0.066472,-1.762800,-0.060034,-3.071802,-0.387888,3.752500,0.919530,0.039974,0.040000,0.006265,-0.000004,0.032559,0.000120,0.206396,-0.000002,-0.018905,-0.000175,0.000015,0.026938,0.000002,0.001002,-0.000011,-0.018182,0.000009,-0.013745,-0.000005,-0.000009,-0.033620,-53.182796,-0.983864,-32.314625,0.790907,12.000000,0.054185,0.069606,-0.001459,-0.033620,-53.182796,-0.983864,-32.314625,0.790907,18.445959,0.054185,0.069606,-0.001459,87.000000,87.000000,87.000000,87.000000,12.000000,12.000000,12.000000,200.000000,200.000000,0.000000,0.000000,0.000000,0.000000,0.000000,0.000000,0.000000,0.000000,0.000000
144,-0.133131,-3.717187,-0.141412,-1.331481,-0.735350,1.892162,0.356449,1.892049,-0.066553,-1.762800,-0.060042,-3.071802,-0.387863,3.752500,0.919528,0.039974,0.040000,0.006899,-0.000004,0.032629,0.000120,0.206162,-0.000002,-0.019626,-0.000176,0.000014,0.033595,0.000006,0.003554,-0.000002,-0.017725,0.000006,0.002426,-0.000010,-0.000012,-0.030355,-53.183483,-0.983806,-32.315578,0.790626,12.000000,0.054245,0.069583,-0.001448,-0.030355,-53.183483,-0.983806,-32.315578,0.790626,18.446491,0.054245,0.069583,-0.001448,87.000000,87.000000,87.000000,87.000000,12.000000,12.000000,12.000000,200.000000,200.000000,0.000000,0.000000,0.000000,0.000000,0.000000,0.000000,0.000000,0.000000,0.000000
145,-0.133163,-3.717201,-0.141415,-1.331510,-0.735339,1.892179,0.356361,1.892089,-0.066620,-1.762800,-0.060048,-3.071802,-0.387844,3.752500,0.919512,0.039974,0.040000,0.007621,-0.000004,0.032730,0.000120,0.205895,-0.000002,-0.020194,-0.000176,0.000014,0.037261,0.000002,0.005279,0.000003,-0.016333,0.000017,0.014824,-0.000024,-0.000011,-0.028442,-53.184036,-0.983664,-32.316723,0.790448,12.000000,0.054280,0.069565,-0.001435,-0.028442,-53.184036,-0.983664,-32.316723,0.790448,18.447180,0.054280,0.069565,-0.001435,87.000000,87.000000,87.000000,87.000000,12.000000,12.000000,12.000000,200.000000,200.000000,0.000000,0.000000,0.000000,0.000000,0.000000,0.000000,0.000000,0.000000,0.000000
146,-0.133191,-3.717213,-0.141410,-1.331540,-0.735338,1.892197,0.356269,1.892135,-0.066672,-1.762800,-0.060053,-3.071802,-0.387831,3.752500,0.919486,0.039974,0.040000,0.008376,-0.000004,0.032850,0.000120,0.205620,-0.000002,-0.020610,-0.000177,0.000014,0.038278,-0.000003,0.006298,0.000003,-0.013977,0.000004,0.023710,-0.000037,-0.000011,-0.027754,-53.184494,-0.983472,-32.317944,0.790383,12.000000,0.054297,0.069559,-0.001426,-0.027754,-53.184494,-0.983472,-32.317944,0.790383,18.447886,0.054297,0.069559,-0.001426,87.000000,87.000000,87.000000,87.000000,12.000000,12.000000,12.000000,200.000000,200.000000,0.000000,0.000000,0.000000,0.000000,0.000000,0.000000,0.000000,0.000000,0.000000
147,-0.133214,-3.717221,-0.141398,-1.331571,-0.735346,1.892216,0.356178,1.892182,-0.066710,-1.762800,-0.060055,-3.071802,-0.387823,3.752500,0.919454,0.039974,0.040000,0.009118,-0.000004,0.032974,0.000120,0.205355,-0.000002,-0.020873,-0.000177,0.000014,0.037031,0.000002,0.006672,0.000010,-0.011113,-0.000011,0.029769,-0.000041,-0.000010,-0.028121,-53.184837,-0.983245,-32.319164,0.790408,12.000000,0.054327,0.069571,-0.001417,-0.028121,-53.184837,-0.983245,-32.319164,0.790408,18.448627,0.054327,0.069571,-0.001417,87.000000,87.000000,87.000000,87.000000,12.000000,12.000000,12.000000,200.000000,200.000000,0.000000,0.000000,0.000000,0.000000,0.000000,0.000000,0.000000,0.000000,0.000000
148,-0.133233,-3.717227,-0.141381,-1.331599,-0.735361,1.892232,0.356095,1.892227,-0.066733,-1.762800,-0.060054,-3.071802,-0.387821,3.752500,0.919418,0.039974,0.040000,0.009806,-0.000004,0.033095,0.000119,0.205115,-0.000002,-0.020996,-0.000177,0.000014,0.033950,0.000003,0.006494,0.000005,-0.008015,0.000004,0.032523,-0.000041,-0.000008,-0.029356,-53.185047,-0.982995,-32.320309,0.790504,12.000000,0.054337,0.069595,-0.001412,-0.029356,-53.185047,-0.982995,-32.320309,0.790504,18.449297,0.054337,0.069595,-0.001412,87.000000,87.000000,87.000000,87.000000,12.000000,12.000000,12.000000,200.000000,200.000000,0.000000,0.000000,0.000000,0.000000,0.000000,0.000000,0.000000,0.000000,0.000000
149,-0.133247,-3.717229,-0.141360,-1.331624,-0.735381,1.892248,0.356023,1.892268,-0.066742,-1.762800,-0.060051,-3.071802,-0.387823,3.752500,0.919382,0.039974,0.040000,0.010413,-0.000004,0.033203,0.000120,0.204913,-0.000002,-0.021002,-0.000178,0.000014,0.029523,-0.000006,0.005882,0.000009,-0.004838,0.000016,0.032582,-0.000035,-0.000006,-0.031244,-53.185123,-0.982746,-32.321301,0.790660,12.000000,0.054334,0.069626,-0.001407,-0.031244,-53.185123,-0.982746,-32.321301,0.790660,18.449907,0.054334,0.069626,-0.001407,87.000000,87.000000,87.000000,87.000000,12.000000,12.000000,12.000000,200.000000,200.000000,0.000000,0.000000,0.000000,0.000000,0.000000,0.000000,0.000000,0.000000,0.000000
150,-0.133258,-3.717229,-0.141337,-1.331645,-0.735404,1.892260,0.355965,1.892303,-0.066741,-1.762800,-0.060047,-3.071802,-0.387829,3.752500,0.919349,0.039974,0.040000,0.010918,-0.000004,0.033290,0.000119,0.204745,-0.000002,-0.020912,-0.000178,0.000014,0.024232,0.000002,0.004913,0.000004,-0.002083,-0.000009,0.030356,-0.000037,-0.000006,-0.033560,-53.185123,-0.982510,-32.322140,0.790837,12.000000,0.054317,0.069654,-0.001406,-0.033560,-53.185123,-0.982510,-32.322140,0.790837,18.450384,0.054317,0.069654,-0.001406,87.000000,87.000000,87.000000,87.000000,12.000000,12.000000,12.000000,200.000000,200.000000,0.000000,0.000000,0.000000,0.000000,0.000000,0.000000,0.000000,0.000000,0.000000
151,-0.133264,-3.717226,-0.141312,-1.331661,-0.735429,1.892269,0.355922,1.892331,-0.066731,-1.762800,-0.060040,-3.071802,-0.387838,3.752500,0.919319,0.039974,0.040000,0.011311,-0.000004,0.033357,0.000120,0.204622,-0.000002,-0.020748,-0.000178,0.000014,0.018519,0.000009,0.003790,0.000002,0.000441,0.000011,0.026930,-0.000030,-0.000001,-0.036115,-53.185009,-0.982289,-32.322788,0.791039,12.000000,0.054314,0.069692,-0.001404,-0.036115,-53.185009,-0.982289,-32.322788,0.791039,18.450766,0.054314,0.069692,-0.001404,87.000000,87.000000,87.000000,87.000000,12.000000,12.000000,12.000000,200.000000,200.000000,0.000000,0.000000,0.000000,0.000000,0.000000,0.000000,0.000000,0.000000,0.000000
152,-0.133268,-3.717221,-0.141288,-1.331672,-0.735455,1.892275,0.355894,1.892352,-0.066714,-1.762800,-0.060033,-3.071802,-0.387850,3.752500,0.919295,0.039974,0.040000,0.011591,-0.000004,0.033400,0.000119,0.204544,-0.000002,-0.020532,-0.000178,0.000014,0.012800,-0.000004,0.002571,0.000000,0.002693,0.000016,0.022343,-0.000027,-0.000001,-0.038706,-53.184856,-0.982103,-32.323227,0.791251,12.000000,0.054305,0.069721,-0.001407,-0.038706,-53.184856,-0.982103,-32.323227,0.791251,18.451014,0.054305,0.069721,-0.001407,87.000000,87.000000,87.000000,87.000000,12.000000,12.000000,12.000000,200.000000,200.000000,0.000000,0.000000,0.000000,0.000000,0.000000,0.000000,0.000000,0.000000,0.000000
153,-0.133268,-3.717216,-0.141265,-1.331679,-0.735479,1.892279,0.355881,1.892364,-0.066693,-1.762800,-0.060025,-3.071802,-0.387862,3.752500,0.919276,0.039974,0.040000,0.011762,-0.000004,0.033422,0.000120,0.204510,-0.000002,-0.020286,-0.000178,0.000014,0.007407,-0.000008,0.001415,0.000002,0.004448,-0.000004,0.016874,-0.000023,0.000001,-0.041191,-53.184628,-0.981940,-32.323494,0.791455,12.000000,0.054285,0.069748,-0.001410,-0.041191,-53.184628,-0.981940,-32.323494,0.791455,18.451147,0.054285,0.069748,-0.001410,87.000000,87.000000,87.000000,87.000000,12.000000,12.000000,12.000000,200.000000,200.000000,0.000000,0.000000,0.000000,0.000000,0.000000,0.000000,0.000000,0.000000,0.000000
154,-0.133268,-3.717210,-0.141244,-1.331681,-0.735500,1.892279,0.355881,1.892370,-0.066669,-1.762800,-0.060016,-3.071802,-0.387874,3.752500,0.919264,0.039974,0.040000,0.011833,-0.000004,0.033422,0.000120,0.204510,-0.000002,-0.020034,-0.000178,0.000014,0.002498,0.000004,0.000264,0.000002,0.005554,0.000021,0.011239,-0.000010,0.000002,-0.043471,-53.184380,-0.981820,-32.323589,0.791632,12.000000,0.054263,0.069782,-0.001413,-0.043471,-53.184380,-0.981820,-32.323589,0.791632,18.451166,0.054263,0.069782,-0.001413,87.000000,87.000000,87.000000,87.000000,12.000000,12.000000,12.000000,200.000000,200.000000,0.000000,0.000000,0.000000,0.000000,0.000000,0.000000,0.000000,0.000000,0.000000
155,-0.133265,-3.717204,-0.141227,-1.331680,-0.735519,1.892278,0.355891,1.892369,-0.066644,-1.762800,-0.060008,-3.071802,-0.387886,3.752500,0.919257,0.039974,0.040000,0.011817,-0.000004,0.033403,0.000119,0.204539,-0.000002,-0.019795,-0.000178,0.000014,-0.001655,0.000003,-0.000753,-0.000001,0.006285,0.000015,0.005792,-0.000004,0.000003,-0.045428,-53.184132,-0.981747,-32.323513,0.791788,12.000000,0.054238,0.069805,-0.001417,-0.045428,-53.184132,-0.981747,-32.323513,0.791788,18.451109,0.054238,0.069805,-0.001417,87.000000,87.000000,87.000000,87.000000,12.000000,12.000000,12.000000,200.000000,200.000000,0.000000,0.000000,0.000000,0.000000,0.000000,0.000000,0.000000,0.000000,0.000000
156,-0.133262,-3.717197,-0.141212,-1.331675,-0.735534,1.892274,0.355910,1.892363,-0.066621,-1.762800,-0.060000,-3.071802,-0.387897,3.752500,0.919256,0.039974,0.040000,0.011733,-0.000004,0.033370,0.000120,0.204593,-0.000002,-0.019571,-0.000178,0.000014,-0.004935,-0.000001,-0.001519,0.000003,0.006625,-0.000011,0.000794,-0.000005,0.000004,-0.047008,-53.183865,-0.981691,-32.323341,0.791917,12.000000,0.054218,0.069814,-0.001422,-0.047008,-53.183865,-0.981691,-32.323341,0.791917,18.450974,0.054218,0.069814,-0.001422,87.000000,87.000000,87.000000,87.000000,12.000000,12.000000,12.000000,200.000000,200.000000,0.000000,0.000000,0.000000,0.000000,0.000000,0.000000,0.000000,0.000000,0.000000
157,-0.133259,-3.717191,-0.141200,-1.331668,-0.735545,1.892269,0.355936,1.892353,-0.066600,-1.762800,-0.059993,-3.071802,-0.387907,3.752500,0.919260,0.039974,0.040000,0.011595,-0.000004,0.033325,0.000120,0.204665,-0.000002,-0.019386,-0.000178,0.000014,-0.007376,0.000012,-0.002160,0.000000,0.006427,0.000025,-0.003583,0.000000,0.000004,-0.048208,-53.183636,-0.981677,-32.323074,0.792008,12.000000,0.054193,0.069827,-0.001426,-0.048208,-53.183636,-0.981677,-32.323074,0.792008,18.450766,0.054193,0.069827,-0.001426,87.000000,87.000000,87.000000,87.000000,12.000000,12.000000,12.000000,200.000000,200.000000,0.000000,0.000000,0.000000,0.000000,0.000000,0.000000,0.000000,0.000000,0.000000
158,-0.133255,-3.717186,-0.141192,-1.331660,-0.735553,1.892263,0.355965,1.892340,-0.066582,-1.762800,-0.059987,-3.071802,-0.387915,3.752500,0.919267,0.039974,0.040000,0.011423,-0.000004,0.033273,0.000120,0.204746,-0.000002,-0.019236,-0.000177,0.000014,-0.008940,-0.000005,-0.002594,0.000001,0.005989,0.000012,-0.006852,0.000005,0.000003,-0.049006,-53.183426,-0.981685,-32.322750,0.792070,12.000000,0.054182,0.069834,-0.001430,-0.049006,-53.183426,-0.981685,-32.322750,0.792070,18.450537,0.054182,0.069834,-0.001430,87.000000,87.000000,87.000000,87.000000,12.000000,12.000000,12.000000,200.000000,200.000000,0.000000,0.000000,0.000000,0.000000,0.000000,0.000000,0.000000,0.000000,0.000000
159,-0.133251,-3.717181,-0.141186,-1.331651,-0.735557,1.892257,0.355996,1.892325,-0.066568,-1.762800,-0.059982,-3.071802,-0.387922,3.752500,0.919277,0.039974,0.040000,0.011232,-0.000004,0.033218,0.000120,0.204832,-0.000002,-0.019126,-0.000177,0.000014,-0.009695,0.000002,-0.002808,0.000003,0.005268,0.000017,-0.009301,0.000003,0.000004,-0.049437,-53.183254,-0.981711,-32.322407,0.792099,12.000000,0.054172,0.069830,-0.001432,-0.049437,-53.183254,-0.981711,-32.322407,0.792099,18.450289,0.054172,0.069830,-0.001432,87.000000,87.000000,87.000000,87.000000,12.000000,12.000000,12.000000,200.000000,200.000000,0.000000,0.000000,0.000000,0.000000,0.000000,0.000000,0.000000,0.000000,0.000000
160,-0.133249,-3.717178,-0.141183,-1.331642,-0.735558,1.892251,0.356027,1.892310,-0.066557,-1.762800,-0.059977,-3.071802,-0.387926,3.752500,0.919288,0.039974,0.040000,0.011037,-0.000004,0.033163,0.000120,0.204916,-0.000002,-0.019045,-0.000177,0.000014,-0.009755,0.000002,-0.002857,-0.000001,0.004417,0.000025,-0.010493,0.000004,0.000003,-0.049543,-53.183102,-0.981754,-32.322025,0.792102,12.000000,0.054189,0.069828,-0.001435,-0.049543,-53.183102,-0.981754,-32.322025,0.792102,18.450041,0.054189,0.069828,-0.001435,87.000000,87.000000,87.000000,87.000000,12.000000,12.000000,12.000000,200.000000,200.000000,0.000000,0.000000,0.000000,0.000000,0.000000,0.000000,0.000000,0.000000,0.000000
161,-0.133247,-3.717175,-0.141183,-1.331634,-0.735557,1.892245,0.356055,1.892295,-0.066550,-1.762800,-0.059974,-3.071802,-0.387929,3.752500,0.919301,0.039974,0.040000,0.010849,-0.000004,0.033110,0.000120,0.204993,-0.000002,-0.019009,-0.000177,0.000014,-0.009276,-0.000001,-0.002768,-0.000001,0.003426,-0.000007,-0.011339,0.000006,0.000003,-0.049392,-53.182987,-0.981807,-32.321682,0.792083,12.000000,0.054184,0.069826,-0.001439,-0.049392,-53.182987,-0.981807,-32.321682,0.792083,18.449793,0.054184,0.069826,-0.001439,87.000000,87.000000,87.000000,87.000000,12.000000,12.000000,12.000000,200.000000,200.000000,0.000000,0.000000,0.000000,0.000000,0.000000,0.000000,0.000000,0.000000,0.000000
162,-0.133246,-3.717174,-0.141184,-1.331626,-0.735554,1.892240,0.356081,1.892281,-0.066547,-1.762800,-0.059972,-3.071802,-0.387930,3.752500,0.919314,0.039974,0.040000,0.010678,-0.000004,0.033061,0.000120,0.205062,-0.000002,-0.019002,-0.000177,0.000014,-0.008302,-0.000006,-0.002520,-0.000008,0.002594,0.000004,-0.011403,0.000009,0.000002,-0.049009,-53.182930,-0.981857,-32.321377,0.792051,12.000000,0.054186,0.069819,-0.001441,-0.049009,-53.182930,-0.981857,-32.321377,0.792051,18.449583,0.054186,0.069819,-0.001441,87.000000,87.000000,87.000000,87.000000,12.000000,12.000000,12.000000,200.000000,200.000000,0.000000,0.000000,0.000000,0.000000,0.000000,0.000000,0.000000,0.000000,0.000000
163,-0.133245,-3.717173,-0.141187,-1.331619,-0.735550,1.892235,0.356103,1.892269,-0.066547,-1.762800,-0.059971,-3.071802,-0.387930,3.752500,0.919326,0.039974,0.040000,0.010532,-0.000004,0.033019,0.000120,0.205120,-0.000002,-0.019026,-0.000177,0.000014,-0.007028,-0.000003,-0.002227,-0.000000,0.001663,-0.000004,-0.010661,0.000009,0.000001,-0.048470,-53.182892,-0.981923,-32.321091,0.792005,12.000000,0.054196,0.069813,-0.001441,-0.048470,-53.182892,-0.981923,-32.321091,0.792005,18.449392,0.054196,0.069813,-0.001441,87.000000,87.000000,87.000000,87.000000,12.000000,12.000000,12.000000,200.000000,200.000000,0.000000,0.000000,0.000000,0.000000,0.000000,0.000000,0.000000,0.000000,0.000000
164,-0.133246,-3.717173,-0.141191,-1.331614,-0.735544,1.892231,0.356120,1.892258,-0.066550,-1.762800,-0.059971,-3.071802,-0.387929,3.752500,0.919336,0.039974,0.040000,0.010413,-0.000004,0.032984,0.000120,0.205163,-0.000002,-0.019077,-0.000177,0.000014,-0.005554,-0.000002,-0.001841,-0.000001,0.000812,0.000027,-0.010219,0.000009,0.000003,-0.047832,-53.182892,-0.981972,-32.320881,0.791949,12.000000,0.054172,0.069805,-0.001441,-0.047832,-53.182892,-0.981972,-32.320881,0.791949,18.449259,0.054172,0.069805,-0.001441,87.000000,87.000000,87.000000,87.000000,12.000000,12.000000,12.000000,200.000000,200.000000,0.000000,0.000000,0.000000,0.000000,0.000000,0.000000,0.000000,0.000000,0.000000
165,-0.133247,-3.717173,-0.141195,-1.331609,-0.735539,1.892228,0.356133,1.892250,-0.066555,-1.762800,-0.059971,-3.071802,-0.387927,3.752500,0.919346,0.039974,0.040000,0.010326,-0.000004,0.032957,0.000120,0.205196,-0.000002,-0.019142,-0.000177,0.000014,-0.004015,0.000000,-0.001444,-0.000005,0.000067,0.000005,-0.008789,0.000003,-0.000000,-0.047149,-53.182911,-0.982020,-32.320709,0.791890,12.000000,0.054176,0.069789,-0.001442,-0.047149,-53.182911,-0.982020,-32.320709,0.791890,18.449144,0.054176,0.069789,-0.001442,87.000000,87.000000,87.000000,87.000000,12.000000,12.000000,12.000000,200.000000,200.000000,0.000000,0.000000,0.000000,0.000000,0.000000,0.000000,0.000000,0.000000,0.000000
166,-0.133248,-3.717174,-0.141199,-1.331606,-0.735533,1.892227,0.356141,1.892244,-0.066561,-1.762800,-0.059972,-3.071802,-0.387924,3.752500,0.919354,0.039974,0.040000,0.010269,-0.000004,0.032938,0.000120,0.205215,-0.000002,-0.019213,-0.000177,0.000014,-0.002491,0.000000,-0.001053,-0.000004,-0.000612,0.000013,-0.007064,0.000002,-0.000000,-0.046459,-53.182949,-0.982059,-32.320595,0.791827,12.000000,0.054187,0.069779,-0.001441,-0.046459,-53.182949,-0.982059,-32.320595,0.791827,18.449068,0.054187,0.069779,-0.001441,87.000000,87.000000,87.000000,87.000000,12.000000,12.000000,12.000000,200.000000,200.000000,0.000000,0.000000,0.000000,0.000000,0.000000,0.000000,0.000000,0.000000,0.000000
167,-0.133250,-3.717176,-0.141203,-1.331605,-0.735528,1.892225,0.356145,1.892241,-0.066568,-1.762800,-0.059973,-3.071802,-0.387921,3.752500,0.919360,0.039974,0.040000,0.010240,-0.000004,0.032926,0.000120,0.205223,-0.000002,-0.019292,-0.000177,0.000014,-0.001110,-0.000000,-0.000659,-0.000002,-0.001015,0.000005,-0.005145,0.000006,-0.000000,-0.045831,-53.183025,-0.982087,-32.320538,0.791775,12.000000,0.054199,0.069778,-0.001440,-0.045831,-53.183025,-0.982087,-32.320538,0.791775,18.449011,0.054199,0.069778,-0.001440,87.000000,87.000000,87.000000,87.000000,12.000000,12.000000,12.000000,200.000000,200.000000,0.000000,0.000000,0.000000,0.000000,0.000000,0.000000,0.000000,0.000000,0.000000
168,-0.133252,-3.717177,-0.141207,-1.331605,-0.735523,1.892225,0.356146,1.892239,-0.066576,-1.762800,-0.059974,-3.071802,-0.387918,3.752500,0.919364,0.039974,0.040000,0.010236,-0.000004,0.032921,0.000120,0.205223,-0.000002,-0.019367,-0.000177,0.000014,0.000111,-0.000007,-0.000324,0.000003,-0.001314,-0.000023,-0.003726,0.000005,-0.000001,-0.045264,-53.183083,-0.982120,-32.320538,0.791731,12.000000,0.054196,0.069773,-0.001440,-0.045264,-53.183083,-0.982120,-32.320538,0.791731,18.449009,0.054196,0.069773,-0.001440,87.000000,87.000000,87.000000,87.000000,12.000000,12.000000,12.000000,200.000000,200.000000,0.000000,0.000000,0.000000,0.000000,0.000000,0.000000,0.000000,0.000000,0.000000
169,-0.133254,-3.717179,-0.141210,-1.331605,-0.735519,1.892226,0.356143,1.892239,-0.066583,-1.762800,-0.059975,-3.071802,-0.387916,3.752500,0.919365,0.039974,0.040000,0.010254,-0.000004,0.032921,0.000120,0.205214,-0.000002,-0.019437,-0.000177,0.000014,0.001115,-0.000003,-0.000027,-0.000002,-0.001535,0.000003,-0.001713,0.000002,0.000000,-0.044793,-53.183140,-0.982127,-32.320538,0.791688,12.000000,0.054218,0.069765,-0.001439,-0.044793,-53.183140,-0.982127,-32.320538,0.791688,18.449030,0.054218,0.069765,-0.001439,87.000000,87.000000,87.000000,87.000000,12.000000,12.000000,12.000000,200.000000,200.000000,0.000000,0.000000,0.000000,0.000000,0.000000,0.000000,0.000000,0.000000,0.000000
170,-0.133256,-3.717180,-0.141212,-1.331607,-0.735516,1.892226,0.356138,1.892241,-0.066590,-1.762800,-0.059976,-3.071802,-0.387913,3.752500,0.919366,0.039974,0.040000,0.010288,-0.000004,0.032926,0.000120,0.205198,-0.000002,-0.019495,-0.000177,0.000014,0.001890,0.000004,0.000199,0.000001,-0.001611,0.000019,-0.000531,0.000002,0.000001,-0.044419,-53.183216,-0.982138,-32.320595,0.791657,12.000000,0.054220,0.069762,-0.001437,-0.044419,-53.183216,-0.982138,-32.320595,0.791657,18.449068,0.054220,0.069762,-0.001437,87.000000,87.000000,87.000000,87.000000,12.000000,12.000000,12.000000,200.000000,200.000000,0.000000,0.000000,0.000000,0.000000,0.000000,0.000000,0.000000,0.000000,0.000000
171,-0.133258,-3.717182,-0.141214,-1.331609,-0.735514,1.892228,0.356132,1.892244,-0.066596,-1.762800,-0.059977,-3.071802,-0.387911,3.752500,0.919366,0.039974,0.040000,0.010334,-0.000004,0.032933,0.000120,0.205176,-0.000002,-0.019550,-0.000177,0.000014,0.002422,-0.000003,0.000364,0.000000,-0.001605,-0.000026,0.000258,0.000001,-0.000000,-0.044157,-53.183254,-0.982131,-32.320690,0.791629,12.000000,0.054207,0.069759,-0.001436,-0.044157,-53.183254,-0.982131,-32.320690,0.791629,18.449104,0.054207,0.069759,-0.001436,87.000000,87.000000,87.000000,87.000000,12.000000,12.000000,12.000000,200.000000,200.000000,0.000000,0.000000,0.000000,0.000000,0.000000,0.000000,0.000000,0.000000,0.000000
172,-0.133261,-3.717183,-0.141215,-1.331611,-0.735512,1.892229,0.356125,1.892247,-0.066601,-1.762800,-0.059978,-3.071802,-0.387909,3.752500,0.919364,0.039974,0.040000,0.010387,-0.000004,0.032944,0.000120,0.205158,-0.000002,-0.019591,-0.000177,0.000014,0.002737,0.000004,0.000566,-0.000005,-0.001171,0.000011,0.001860,-0.000001,-0.000001,-0.044002,-53.183292,-0.982117,-32.320766,0.791632,12.000000,0.054238,0.069756,-0.001435,-0.044002,-53.183292,-0.982117,-32.320766,0.791632,18.449144,0.054238,0.069756,-0.001435,87.000000,87.000000,87.000000,87.000000,12.000000,12.000000,12.000000,200.000000,200.000000,0.000000,0.000000,0.000000,0.000000,0.000000,0.000000,0.000000,0.000000,0.000000
173,-0.133262,-3.717184,-0.141215,-1.331613,-0.735512,1.892230,0.356117,1.892251,-0.066604,-1.762800,-0.059979,-3.071802,-0.387908,3.752500,0.919361,0.039974,0.040000,0.010443,-0.000004,0.032956,0.000120,0.205139,-0.000002,-0.019615,-0.000177,0.000014,0.002835,-0.000001,0.000606,-0.000001,-0.001025,0.000004,0.002253,0.000000,0.000000,-0.043934,-53.183331,-0.982111,-32.320862,0.791628,12.000000,0.054233,0.069758,-0.001434,-0.043934,-53.183331,-0.982111,-32.320862,0.791628,18.449221,0.054233,0.069758,-0.001434,87.000000,87.000000,87.000000,87.000000,12.000000,12.000000,12.000000,200.000000,200.000000,0.000000,0.000000,0.000000,0.000000,0.000000,0.000000,0.000000,0.000000,0.000000
174,-0.133264,-3.717185,-0.141215,-1.331616,-0.735512,1.892232,0.356110,1.892254,-0.066607,-1.762800,-0.059979,-3.071802,-0.387907,3.752500,0.919359,0.039974,0.040000,0.010498,-0.000004,0.032967,0.000120,0.205118,-0.000002,-0.019633,-0.000177,0.000014,0.002752,0.000007,0.000589,0.000005,-0.000957,-0.000031,0.002544,-0.000001,-0.000001,-0.043950,-53.183369,-0.982100,-32.320957,0.791622,12.000000,0.054231,0.069759,-0.001434,-0.043950,-53.183369,-0.982100,-32.320957,0.791622,18.449276,0.054231,0.069759,-0.001434,87.000000,87.000000,87.000000,87.000000,12.000000,12.000000,12.000000,200.000000,200.000000,0.000000,0.000000,0.000000,0.000000,0.000000,0.000000,0.000000,0.000000,0.000000
175,-0.133265,-3.717185,-0.141214,-1.331618,-0.735513,1.892233,0.356103,1.892258,-0.066609,-1.762800,-0.059980,-3.071802,-0.387907,3.752500,0.919356,0.039974,0.040000,0.010549,-0.000004,0.032977,0.000120,0.205097,-0.000002,-0.019644,-0.000177,0.000014,0.002541,-0.000001,0.000552,0.000005,-0.000867,-0.000007,0.002540,-0.000002,0.000000,-0.044031,-53.183369,-0.982076,-32.321053,0.791619,12.000000,0.054221,0.069759,-0.001433,-0.044031,-53.183369,-0.982076,-32.321053,0.791619,18.449335,0.054221,0.069759,-0.001433,87.000000,87.000000,87.000000,87.000000,12.000000,12.000000,12.000000,200.000000,200.000000,0.000000,0.000000,0.000000,0.000000,0.000000,0.000000,0.000000,0.000000,0.000000
176,-0.133265,-3.717185,-0.141212,-1.331620,-0.735515,1.892234,0.356097,1.892261,-0.066609,-1.762800,-0.059980,-3.071802,-0.387907,3.752500,0.919353,0.039974,0.040000,0.010595,-0.000004,0.032987,0.000120,0.205080,-0.000002,-0.019644,-0.000177,0.000014,0.002232,0.000000,0.000549,-0.000000,-0.000402,-0.000004,0.002510,-0.000002,-0.000002,-0.044168,-53.183388,-0.982053,-32.321129,0.791640,12.000000,0.054221,0.069761,-0.001433,-0.044168,-53.183388,-0.982053,-32.321129,0.791640,18.449371,0.054221,0.069761,-0.001433,87.000000,87.000000,87.000000,87.000000,12.000000,12.000000,12.000000,200.000000,200.000000,0.000000,0.000000,0.000000,0.000000,0.000000,0.000000,0.000000,0.000000,0.000000
177,-0.133266,-3.717185,-0.141211,-1.331621,-0.735516,1.892236,0.356092,1.892264,-0.066609,-1.762800,-0.059979,-3.071802,-0.387908,3.752500,0.919350,0.039974,0.040000,0.010633,-0.000004,0.032995,0.000120,0.205068,-0.000002,-0.019638,-0.000177,0.000014,0.001834,0.000002,0.000447,0.000001,-0.000088,0.000013,0.002510,-0.000004,-0.000001,-0.044338,-53.183407,-0.982042,-32.321186,0.791662,12.000000,0.054225,0.069762,-0.001433,-0.044338,-53.183407,-0.982042,-32.321186,0.791662,18.449429,0.054225,0.069762,-0.001433,87.000000,87.000000,87.000000,87.000000,12.000000,12.000000,12.000000,200.000000,200.000000,0.000000,0.000000,0.000000,0.000000,0.000000,0.000000,0.000000,0.000000,0.000000
178,-0.133266,-3.717185,-0.141209,-1.331623,-0.735518,1.892236,0.356088,1.892267,-0.066609,-1.762800,-0.059979,-3.071802,-0.387908,3.752500,0.919347,0.039974,0.040000,0.010664,-0.000004,0.033003,0.000120,0.205061,-0.000002,-0.019623,-0.000177,0.000014,0.001419,0.000002,0.000396,-0.000006,0.000043,0.000006,0.002306,-0.000002,0.000000,-0.044525,-53.183388,-0.982017,-32.321262,0.791672,12.000000,0.054229,0.069765,-0.001432,-0.044525,-53.183388,-0.982017,-32.321262,0.791672,18.449450,0.054229,0.069765,-0.001432,87.000000,87.000000,87.000000,87.000000,12.000000,12.000000,12.000000,200.000000,200.000000,0.000000,0.000000,0.000000,0.000000,0.000000,0.000000,0.000000,0.000000,0.000000
179,-0.133266,-3.717185,-0.141208,-1.331624,-0.735520,1.892237,0.356086,1.892268,-0.066607,-1.762800,-0.059979,-3.071802,-0.387909,3.752500,0.919345,0.039974,0.040000,0.010685,-0.000004,0.033007,0.000120,0.205056,-0.000002,-0.019604,-0.000177,0.000014,0.000981,-0.000000,0.000256,-0.000001,0.000183,-0.000021,0.002086,-0.000003,-0.000000,-0.044716,-53.183369,-0.982017,-32.321281,0.791689,12.000000,0.054237,0.069767,-0.001433,-0.044716,-53.183369,-0.982017,-32.321281,0.791689,18.449486,0.054237,0.069767,-0.001433,87.000000,87.000000,87.000000,87.000000,12.000000,12.000000,12.000000,200.000000,200.000000,0.000000,0.000000,0.000000,0.000000,0.000000,0.000000,0.000000,0.000000,0.000000
180,-0.133266,-3.717184,-0.141207,-1.331624,-0.735522,1.892237,0.356085,1.892270,-0.066605,-1.762800,-0.059978,-3.071802,-0.387910,3.752500,0.919343,0.039974,0.040000,0.010698,-0.000004,0.033009,0.000120,0.205050,-0.000002,-0.019579,-0.000177,0.000014,0.000551,-0.000004,0.000121,0.000001,0.000255,-0.000019,0.001771,-0.000002,0.000000,-0.044909,-53.183350,-0.982007,-32.321301,0.791701,12.000000,0.054244,0.069770,-0.001433,-0.044909,-53.183350,-0.982007,-32.321301,0.791701,18.449486,0.054244,0.069770,-0.001433,87.000000,87.000000,87.000000,87.000000,12.000000,12.000000,12.000000,200.000000,200.000000,0.000000,0.000000,0.000000,0.000000,0.000000,0.000000,0.000000,0.000000,0.000000
181,-0.133266,-3.717184,-0.141205,-1.331625,-0.735523,1.892237,0.356084,1.892270,-0.066604,-1.762800,-0.059978,-3.071802,-0.387911,3.752500,0.919343,0.039974,0.040000,0.010704,-0.000004,0.033010,0.000119,0.205051,-0.000002,-0.019566,-0.000177,0.000014,0.000197,0.000004,0.000048,-0.000006,0.000402,0.000014,0.000582,-0.000001,0.000001,-0.045077,-53.183331,-0.981996,-32.321320,0.791716,12.000000,0.054207,0.069772,-0.001433,-0.045077,-53.183331,-0.981996,-32.321320,0.791716,18.449488,0.054207,0.069772,-0.001433,87.000000,87.000000,87.000000,87.000000,12.000000,12.000000,12.000000,200.000000,200.000000,0.000000,0.000000,0.000000,0.000000,0.000000,0.000000,0.000000,0.000000,0.000000
182,-0.133265,-3.717183,-0.141204,-1.331624,-0.735524,1.892237,0.356085,1.892270,-0.066602,-1.762800,-0.059977,-3.071802,-0.387912,3.752500,0.919343,0.039974,0.040000,0.010703,-0.000004,0.033009,0.000119,0.205052,-0.000002,-0.019554,-0.000177,0.000014,-0.000113,-0.000008,-0.000016,-0.000005,0.000399,0.000017,0.000291,0.000001,-0.000001,-0.045223,-53.183331,-0.981983,-32.321301,0.791724,12.000000,0.054205,0.069773,-0.001434,-0.045223,-53.183331,-0.981983,-32.321301,0.791724,18.449488,0.054205,0.069773,-0.001434,87.000000,87.000000,87.000000,87.000000,12.000000,12.000000,12.000000,200.000000,200.000000,0.000000,0.000000,0.000000,0.000000,0.000000,0.000000,0.000000,0.000000,0.000000
183,-0.133265,-3.717183,-0.141202,-1.331624,-0.735526,1.892237,0.356086,1.892270,-0.066600,-1.762800,-0.059977,-3.071802,-0.387912,3.752500,0.919343,0.039974,0.040000,0.010697,-0.000004,0.033008,0.000120,0.205055,-0.000002,-0.019540,-0.000177,0.000014,-0.000362,0.000009,-0.000051,0.000005,0.000474,-0.000012,-0.000119,-0.000002,0.000000,-0.045348,-53.183292,-0.981969,-32.321301,0.791733,12.000000,0.054199,0.069774,-0.001434,-0.045348,-53.183292,-0.981969,-32.321301,0.791733,18.449486,0.054199,0.069774,-0.001434,87.000000,87.000000,87.000000,87.000000,12.000000,12.000000,12.000000,200.000000,200.000000,0.000000,0.000000,0.000000,0.000000,0.000000,0.000000,0.000000,0.000000,0.000000
184,-0.133265,-3.717182,-0.141202,-1.331623,-0.735526,1.892237,0.356088,1.892269,-0.066598,-1.762800,-0.059976,-3.071802,-0.387913,3.752500,0.919343,0.039974,0.040000,0.010686,-0.000004,0.033005,0.000120,0.205061,-0.000002,-0.019529,-0.000177,0.000014,-0.000569,0.000008,-0.000132,0.000004,0.000496,-0.000016,-0.000313,-0.000000,-0.000000,-0.045445,-53.183292,-0.981975,-32.321281,0.791745,12.000000,0.054201,0.069775,-0.001435,-0.045445,-53.183292,-0.981975,-32.321281,0.791745,18.449469,0.054201,0.069775,-0.001435,87.000000,87.000000,87.000000,87.000000,12.000000,12.000000,12.000000,200.000000,200.000000,0.000000,0.000000,0.000000,0.000000,0.000000,0.000000,0.000000,0.000000,0.000000
185,-0.133265,-3.717182,-0.141201,-1.331623,-0.735527,1.892236,0.356090,1.892268,-0.066597,-1.762800,-0.059976,-3.071802,-0.387914,3.752500,0.919344,0.039974,0.040000,0.010673,-0.000004,0.033003,0.000120,0.205068,-0.000002,-0.019520,-0.000177,0.000014,-0.000680,-0.000004,-0.000126,0.000003,0.000498,0.000004,-0.000610,-0.000001,-0.000001,-0.045507,-53.183254,-0.981974,-32.321262,0.791751,12.000000,0.054196,0.069777,-0.001435,-0.045507,-53.183254,-0.981974,-32.321262,0.791751,18.449450,0.054196,0.069777,-0.001435,87.000000,87.000000,87.000000,87.000000,12.000000,12.000000,12.000000,200.000000,200.000000,0.000000,0.000000,0.000000,0.000000,0.000000,0.000000,0.000000,0.000000,0.000000
186,-0.133264,-3.717182,-0.141201,-1.331622,-0.735527,1.892236,0.356093,1.892267,-0.066596,-1.762800,-0.059976,-3.071802,-0.387914,3.752500,0.919344,0.039974,0.040000,0.010659,-0.000004,0.033000,0.000120,0.205075,-0.000002,-0.019511,-0.000177,0.000014,-0.000734,0.000011,-0.000161,0.000008,0.000416,-0.000030,-0.000613,0.000001,0.000001,-0.045534,-53.183254,-0.981979,-32.321224,0.791754,12.000000,0.054203,0.069777,-0.001433,-0.045534,-53.183254,-0.981979,-32.321224,0.791754,18.449429,0.054203,0.069777,-0.001433,87.000000,87.000000,87.000000,87.000000,12.000000,12.000000,12.000000,200.000000,200.000000,0.000000,0.000000,0.000000,0.000000,0.000000,0.000000,0.000000,0.000000,0.000000
187,-0.133264,-3.717182,-0.141201,-1.331621,-0.735527,1.892235,0.356095,1.892266,-0.066595,-1.762800,-0.059975,-3.071802,-0.387915,3.752500,0.919345,0.039974,0.040000,0.010644,-0.000004,0.032996,0.000120,0.205083,-0.000002,-0.019505,-0.000177,0.000014,-0.000754,-0.000004,-0.000190,-0.000000,0.000376,-0.000006,-0.000606,-0.000000,0.000001,-0.045547,-53.183254,-0.981985,-32.321186,0.791757,12.000000,0.054208,0.069776,-0.001435,-0.045547,-53.183254,-0.981985,-32.321186,0.791757,18.449411,0.054208,0.069776,-0.001435,87.000000,87.000000,87.000000,87.000000,12.000000,12.000000,12.000000,200.000000,200.000000,0.000000,0.000000,0.000000,0.000000,0.000000,0.000000,0.000000,0.000000,0.000000
188,-0.133263,-3.717181,-0.141201,-1.331621,-0.735527,1.892235,0.356097,1.892265,-0.066594,-1.762800,-0.059975,-3.071802,-0.387915,3.752500,0.919346,0.039974,0.040000,0.010629,-0.000004,0.032992,0.000120,0.205087,-0.000002,-0.019502,-0.000177,0.000014,-0.000721,0.000001,-0.000213,-0.000003,0.000252,0.000016,-0.000624,0.000000,-0.000001,-0.045533,-53.183254,-0.981997,-32.321167,0.791754,12.000000,0.054211,0.069777,-0.001435,-0.045533,-53.183254,-0.981997,-32.321167,0.791754,18.449411,0.054211,0.069777,-0.001435,87.000000,87.000000,87.000000,87.000000,12.000000,12.000000,12.000000,200.000000,200.000000,0.000000,0.000000,0.000000,0.000000,0.000000,0.000000,0.000000,0.000000,0.000000
189,-0.133263,-3.717181,-0.141201,-1.331620,-0.735527,1.892235,0.356099,1.892264,-0.066594,-1.762800,-0.059975,-3.071802,-0.387915,3.752500,0.919347,0.039974,0.040000,0.010616,-0.000004,0.032988,0.000119,0.205093,-0.000002,-0.019497,-0.000177,0.000014,-0.000643,-0.000011,-0.000178,-0.000009,0.000146,-0.000004,-0.000619,0.000000,0.000001,-0.045504,-53.183254,-0.981995,-32.321148,0.791748,12.000000,0.054214,0.069776,-0.001435,-0.045504,-53.183254,-0.981995,-32.321148,0.791748,18.449392,0.054214,0.069776,-0.001435,87.000000,87.000000,87.000000,87.000000,12.000000,12.000000,12.000000,200.000000,200.000000,0.000000,0.000000,0.000000,0.000000,0.000000,0.000000,0.000000,0.000000,0.000000
190,-0.133263,-3.717181,-0.141201,-1.331620,-0.735527,1.892234,0.356100,1.892263,-0.066594,-1.762800,-0.059975,-3.071802,-0.387915,3.752500,0.919347,0.039974,0.040000,0.010604,-0.000004,0.032985,0.000120,0.205094,-0.000002,-0.019495,-0.000177,0.000014,-0.000576,0.000002,-0.000204,-0.000003,-0.000012,0.000003,-0.000608,0.000001,-0.000001,-0.045471,-53.183235,-0.982007,-32.321129,0.791739,12.000000,0.054216,0.069776,-0.001435,-0.045471,-53.183235,-0.982007,-32.321129,0.791739,18.449373,0.054216,0.069776,-0.001435,87.000000,87.000000,87.000000,87.000000,12.000000,12.000000,12.000000,200.000000,200.000000,0.000000,0.000000,0.000000,0.000000,0.000000,0.000000,0.000000,0.000000,0.000000
191,-0.133263,-3.717181,-0.141202,-1.331619,-0.735526,1.892234,0.356102,1.892262,-0.066594,-1.762800,-0.059975,-3.071802,-0.387914,3.752500,0.919348,0.039974,0.040000,0.010594,-0.000004,0.032981,0.000119,0.205095,-0.000002,-0.019496,-0.000177,0.000014,-0.000455,-0.000004,-0.000164,-0.000003,-0.000063,0.000004,-0.000602,0.000001,0.000001,-0.045420,-53.183235,-0.982007,-32.321110,0.791732,12.000000,0.054215,0.069775,-0.001434,-0.045420,-53.183235,-0.982007,-32.321110,0.791732,18.449354,0.054215,0.069775,-0.001434,87.000000,87.000000,87.000000,87.000000,12.000000,12.000000,12.000000,200.000000,200.000000,0.000000,0.000000,0.000000,0.000000,0.000000,0.000000,0.000000,0.000000,0.000000
192,-0.133264,-3.717181,-0.141202,-1.331619,-0.735526,1.892234,0.356102,1.892262,-0.066594,-1.762800,-0.059975,-3.071802,-0.387914,3.752500,0.919349,0.039974,0.040000,0.010587,-0.000004,0.032979,0.000120,0.205095,-0.000002,-0.019500,-0.000177,0.000014,-0.000349,-0.000007,-0.000126,0.000005,-0.000109,-0.000001,-0.000583,0.000001,-0.000001,-0.045376,-53.183235,-0.982007,-32.321110,0.791727,12.000000,0.054213,0.069774,-0.001436,-0.045376,-53.183235,-0.982007,-32.321110,0.791727,18.449354,0.054213,0.069774,-0.001436,87.000000,87.000000,87.000000,87.000000,12.000000,12.000000,12.000000,200.000000,200.000000,0.000000,0.000000,0.000000,0.000000,0.000000,0.000000,0.000000,0.000000,0.000000
193,-0.133264,-3.717181,-0.141202,-1.331619,-0.735525,1.892234,0.356103,1.892261,-0.066595,-1.762800,-0.059975,-3.071802,-0.387914,3.752500,0.919349,0.039974,0.040000,0.010582,-0.000004,0.032977,0.000120,0.205095,-0.000002,-0.019507,-0.000177,0.000014,-0.000218,-0.000001,-0.000075,-0.000002,-0.000137,0.000003,-0.000601,0.000001,0.000001,-0.045319,-53.183235,-0.982006,-32.321091,0.791722,12.000000,0.054207,0.069774,-0.001435,-0.045319,-53.183235,-0.982006,-32.321091,0.791722,18.449335,0.054207,0.069774,-0.001435,87.000000,87.000000,87.000000,87.000000,12.000000,12.000000,12.000000,200.000000,200.000000,0.000000,0.000000,0.000000,0.000000,0.000000,0.000000,0.000000,0.000000,0.000000
194,-0.133264,-3.717181,-0.141203,-1.331619,-0.735525,1.892233,0.356103,1.892261,-0.066595,-1.762800,-0.059975,-3.071802,-0.387914,3.752500,0.919350,0.039974,0.040000,0.010579,-0.000004,0.032977,0.000120,0.205095,-0.000002,-0.019517,-0.000177,0.000014,-0.000102,-0.000002,-0.000050,-0.000000,-0.000149,-0.000005,-0.000592,0.000001,-0.000001,-0.045265,-53.183235,-0.982005,-32.321091,0.791718,12.000000,0.054199,0.069774,-0.001435,-0.045265,-53.183235,-0.982005,-32.321091,0.791718,18.449335,0.054199,0.069774,-0.001435,87.000000,87.000000,87.000000,87.000000,12.000000,12.000000,12.000000,200.000000,200.000000,0.000000,0.000000,0.000000,0.000000,0.000000,0.000000,0.000000,0.000000,0.000000
195,-0.133264,-3.717182,-0.141203,-1.331619,-0.735525,1.892233,0.356103,1.892261,-0.066596,-1.762800,-0.059975,-3.071802,-0.387913,3.752500,0.919351,0.039974,0.040000,0.010579,-0.000004,0.032976,0.000119,0.205093,-0.000002,-0.019525,-0.000177,0.000014,-0.000004,0.000002,-0.000022,-0.000001,-0.000127,-0.000009,-0.000506,0.000000,0.000001,-0.045221,-53.183254,-0.982013,-32.321091,0.791717,12.000000,0.054196,0.069773,-0.001435,-0.045221,-53.183254,-0.982013,-32.321091,0.791717,18.449333,0.054196,0.069773,-0.001435,87.000000,87.000000,87.000000,87.000000,12.000000,12.000000,12.000000,200.000000,200.000000,0.000000,0.000000,0.000000,0.000000,0.000000,0.000000,0.000000,0.000000,0.000000
196,-0.133264,-3.717182,-0.141203,-1.331619,-0.735524,1.892233,0.356103,1.892261,-0.066596,-1.762800,-0.059975,-3.071802,-0.387913,3.752500,0.919351,0.039974,0.040000,0.010580,-0.000004,0.032977,0.000120,0.205094,-0.000002,-0.019533,-0.000177,0.000014,0.000080,0.000001,0.000023,-0.000001,-0.000113,-0.000007,-0.000285,0.000000,0.000001,-0.045183,-53.183254,-0.982013,-32.321072,0.791716,12.000000,0.054198,0.069773,-0.001434,-0.045183,-53.183254,-0.982013,-32.321072,0.791716,18.449333,0.054198,0.069773,-0.001434,87.000000,87.000000,87.000000,87.000000,12.000000,12.000000,12.000000,200.000000,200.000000,0.000000,0.000000,0.000000,0.000000,0.000000,0.000000,0.000000,0.000000,0.000000
197,-0.133264,-3.717182,-0.141204,-1.331619,-0.735524,1.892233,0.356103,1.892261,-0.066597,-1.762800,-0.059976,-3.071802,-0.387913,3.752500,0.919351,0.039974,0.040000,0.010583,-0.000004,0.032978,0.000120,0.205092,-0.000002,-0.019539,-0.000177,0.000014,0.000145,-0.000000,0.000018,0.000002,-0.000159,0.000013,-0.000081,0.000001,0.000001,-0.045148,-53.183254,-0.982015,-32.321072,0.791712,12.000000,0.054201,0.069773,-0.001434,-0.045148,-53.183254,-0.982015,-32.321072,0.791712,18.449335,0.054201,0.069773,-0.001434,87.000000,87.000000,87.000000,87.000000,12.000000,12.000000,12.000000,200.000000,200.000000,0.000000,0.000000,0.000000,0.000000,0.000000,0.000000,0.000000,0.000000,0.000000
198,-0.133264,-3.717182,-0.141204,-1.331619,-0.735524,1.892234,0.356102,1.892261,-0.066597,-1.762800,-0.059976,-3.071802,-0.387913,3.752500,0.919351,0.039974,0.040000,0.010587,-0.000004,0.032979,0.000120,0.205092,-0.000002,-0.019545,-0.000177,0.000014,0.000203,0.000006,0.000075,0.000007,-0.000069,0.000001,0.000009,-0.000000,-0.000001,-0.045127,-53.183273,-0.982008,-32.321091,0.791715,12.000000,0.054200,0.069772,-0.001435,-0.045127,-53.183273,-0.982008,-32.321091,0.791715,18.449335,0.054200,0.069772,-0.001435,87.000000,87.000000,87.000000,87.000000,12.000000,12.000000,12.000000,200.000000,200.000000,0.000000,0.000000,0.000000,0.000000,0.000000,0.000000,0.000000,0.000000,0.000000
199,-0.133264,-3.717182,-0.141204,-1.331619,-0.735524,1.892234,0.356102,1.892261,-0.066598,-1.762800,-0.059976,-3.071802,-0.387913,3.752500,0.919351,0.039974,0.040000,0.010591,-0.000004,0.032981,0.000120,0.205093,-0.000002,-0.019548,-0.000177,0.000014,0.000214,-0.000006,0.000063,0.000001,-0.000003,-0.000010,0.000210,0.000000,-0.000001,-0.045116,-53.183273,-0.982017,-32.321110,0.791718,12.000000,0.054206,0.069772,-0.001435,-0.045116,-53.183273,-0.982017,-32.321110,0.791718,18.449352,0.054206,0.069772,-0.001435,87.000000,87.000000,87.000000,87.000000,12.000000,12.000000,12.000000,200.000000,200.000000,0.000000,0.000000,0.000000,0.000000,0.000000,0.000000,0.000000,0.000000,0.000000
200,-0.133264,-3.717183,-0.141204,-1.331619,-0.735524,1.892234,0.356101,1.892262,-0.066598,-1.762800,-0.059976,-3.071802,-0.387913,3.752500,0.919350,0.039974,0.040000,0.010595,-0.000004,0.032981,0.000120,0.205091,-0.000002,-0.019548,-0.000177,0.000014,0.000220,-0.000001,0.000056,-0.000000,-0.000049,0.000010,0.000302,-0.000000,0.000000,-0.045110,-53.183292,-0.982018,-32.321110,0.791716,12.000000,0.054209,0.069772,-0.001435,-0.045110,-53.183292,-0.982018,-32.321110,0.791716,18.449354,0.054209,0.069772,-0.001435,87.000000,87.000000,87.000000,87.000000,12.000000,12.000000,12.000000,200.000000,200.000000,0.000000,0.000000,0.000000,0.000000,0.000000,0.000000,0.000000,0.000000,0.000000
201,-0.133264,-3.717182,-0.141204,-1.331619,-0.735524,1.892234,0.356101,1.892262,-0.066598,-1.762800,-0.059976,-3.071802,-0.387913,3.752500,0.919350,0.039974,0.040000,0.010599,-0.000004,0.032982,0.000120,0.205089,-0.000002,-0.019548,-0.000177,0.000014,0.000213,-0.000003,0.000047,0.000003,-0.000080,-0.000028,0.000301,-0.000000,-0.000001,-0.045110,-53.183292,-0.982018,-32.321110,0.791712,12.000000,0.054210,0.069772,-0.001435,-0.045110,-53.183292,-0.982018,-32.321110,0.791712,18.449352,0.054210,0.069772,-0.001435,87.000000,87.000000,87.000000,87.000000,12.000000,12.000000,12.000000,200.000000,200.000000,0.000000,0.000000,0.000000,0.000000,0.000000,0.000000,0.000000,0.000000,0.000000
202,-0.133264,-3.717183,-0.141204,-1.331620,-0.735524,1.892234,0.356100,1.892262,-0.066598,-1.762800,-0.059976,-3.071802,-0.387913,3.752500,0.919350,0.039974,0.040000,0.010604,-0.000004,0.032984,0.000120,0.205090,-0.000002,-0.019550,-0.000177,0.000014,0.000202,-0.000004,0.000068,-0.000002,0.000049,0.000008,0.000318,-0.000002,0.000001,-0.045118,-53.183292,-0.982011,-32.321129,0.791719,12.000000,0.054208,0.069771,-0.001435,-0.045118,-53.183292,-0.982011,-32.321129,0.791719,18.449373,0.054208,0.069771,-0.001435,87.000000,87.000000,87.000000,87.000000,12.000000,12.000000,12.000000,200.000000,200.000000,0.000000,0.000000,0.000000,0.000000,0.000000,0.000000,0.000000,0.000000,0.000000
203,-0.133264,-3.717183,-0.141203,-1.331620,-0.735524,1.892234,0.356099,1.892262,-0.066598,-1.762800,-0.059976,-3.071802,-0.387913,3.752500,0.919350,0.039974,0.040000,0.010607,-0.000004,0.032985,0.000120,0.205089,-0.000002,-0.019548,-0.000177,0.000014,0.000178,0.000002,0.000054,-0.000001,0.000009,0.000002,0.000191,-0.000001,0.000000,-0.045126,-53.183292,-0.982011,-32.321129,0.791718,12.000000,0.054206,0.069772,-0.001435,-0.045126,-53.183292,-0.982011,-32.321129,0.791718,18.449373,0.054206,0.069772,-0.001435,87.000000,87.000000,87.000000,87.000000,12.000000,12.000000,12.000000,200.000000,200.000000,0.000000,0.000000,0.000000,0.000000,0.000000,0.000000,0.000000,0.000000,0.000000
204,-0.133264,-3.717183,-0.141203,-1.331620,-0.735524,1.892234,0.356099,1.892263,-0.066598,-1.762800,-0.059976,-3.071802,-0.387913,3.752500,0.919349,0.039974,0.040000,0.010611,-0.000004,0.032986,0.000120,0.205089,-0.000002,-0.019548,-0.000177,0.000014,0.000157,-0.000010,0.000067,-0.000002,0.000089,-0.000009,0.000199,-0.000001,-0.000000,-0.045137,-53.183292,-0.982011,-32.321148,0.791723,12.000000,0.054206,0.069773,-0.001434,-0.045137,-53.183292,-0.982011,-32.321148,0.791723,18.449373,0.054206,0.069773,-0.001434,87.000000,87.000000,87.000000,87.000000,12.000000,12.000000,12.000000,200.000000,200.000000,0.000000,0.000000,0.000000,0.000000,0.000000,0.000000,0.000000,0.000000,0.000000
205,-0.133264,-3.717182,-0.141203,-1.331620,-0.735524,1.892234,0.356099,1.892263,-0.066598,-1.762800,-0.059976,-3.071802,-0.387913,3.752500,0.919349,0.039974,0.040000,0.010613,-0.000004,0.032987,0.000120,0.205090,-0.000002,-0.019547,-0.000177,0.000014,0.000105,0.000004,0.000016,-0.000000,-0.000016,-0.000027,0.000094,-0.000001,-0.000000,-0.045155,-53.183273,-0.982014,-32.321148,0.791719,12.000000,0.054202,0.069772,-0.001433,-0.045155,-53.183273,-0.982014,-32.321148,0.791719,18.449371,0.054202,0.069772,-0.001433,87.000000,87.000000,87.000000,87.000000,12.000000,12.000000,12.000000,200.000000,200.000000,0.000000,0.000000,0.000000,0.000000,0.000000,0.000000,0.000000,0.000000,0.000000
206,-0.133264,-3.717182,-0.141203,-1.331620,-0.735524,1.892234,0.356099,1.892263,-0.066598,-1.762800,-0.059976,-3.071802,-0.387913,3.752500,0.919349,0.039974,0.040000,0.010614,-0.000004,0.032986,0.000120,0.205089,-0.000002,-0.019545,-0.000177,0.000014,0.000058,0.000003,-0.000004,-0.000002,0.000095,0.000011,0.000097,0.000001,0.000001,-0.045175,-53.183292,-0.982023,-32.321148,0.791728,12.000000,0.054204,0.069774,-0.001435,-0.045175,-53.183292,-0.982023,-32.321148,0.791728,18.449373,0.054204,0.069774,-0.001435,87.000000,87.000000,87.000000,87.000000,12.000000,12.000000,12.000000,200.000000,200.000000,0.000000,0.000000,0.000000,0.000000,0.000000,0.000000,0.000000,0.000000,0.000000
207,-0.133264,-3.717182,-0.141203,-1.331620,-0.735524,1.892234,0.356099,1.892263,-0.066598,-1.762800,-0.059976,-3.071802,-0.387913,3.752500,0.919349,0.039974,0.040000,0.010615,-0.000004,0.032987,0.000120,0.205090,-0.000002,-0.019545,-0.000177,0.000014,0.000024,-0.000004,0.000007,0.000003,0.000010,-0.000020,0.000013,0.000000,-0.000000,-0.045194,-53.183273,-0.982011,-32.321148,0.791724,12.000000,0.054200,0.069773,-0.001435,-0.045194,-53.183273,-0.982011,-32.321148,0.791724,18.449373,0.054200,0.069773,-0.001435,87.000000,87.000000,87.000000,87.000000,12.000000,12.000000,12.000000,200.000000,200.000000,0.000000,0.000000,0.000000,0.000000,0.000000,0.000000,0.000000,0.000000,0.000000
208,-0.133264,-3.717182,-0.141203,-1.331620,-0.735525,1.892234,0.356099,1.892263,-0.066598,-1.762800,-0.059975,-3.071802,-0.387913,3.752500,0.919349,0.039974,0.040000,0.010615,-0.000004,0.032986,0.000120,0.205089,-0.000002,-0.019544,-0.000177,0.000014,-0.000006,-0.000001,0.000004,-0.000002,0.000106,0.000003,-0.000109,-0.000000,0.000001,-0.045209,-53.183273,-0.982015,-32.321148,0.791729,12.000000,0.054197,0.069773,-0.001433,-0.045209,-53.183273,-0.982015,-32.321148,0.791729,18.449373,0.054197,0.069773,-0.001433,87.000000,87.000000,87.000000,87.000000,12.000000,12.000000,12.000000,200.000000,200.000000,0.000000,0.000000,0.000000,0.000000,0.000000,0.000000,0.000000,0.000000,0.000000
209,-0.133264,-3.717182,-0.141203,-1.331620,-0.735525,1.892234,0.356099,1.892263,-0.066598,-1.762800,-0.059975,-3.071802,-0.387913,3.752500,0.919349,0.039974,0.040000,0.010614,-0.000004,0.032986,0.000120,0.205089,-0.000002,-0.019545,-0.000177,0.000014,-0.000028,-0.000003,-0.000010,0.000007,-0.000001,-0.000010,-0.000082,0.000001,0.000001,-0.045217,-53.183273,-0.982015,-32.321148,0.791726,12.000000,0.054196,0.069774,-0.001434,-0.045217,-53.183273,-0.982015,-32.321148,0.791726,18.449373,0.054196,0.069774,-0.001434,87.000000,87.000000,87.000000,87.000000,12.000000,12.000000,12.000000,200.000000,200.000000,0.000000,0.000000,0.000000,0.000000,0.000000,0.000000,0.000000,0.000000,0.000000
210,-0.133264,-3.717182,-0.141203,-1.331620,-0.735525,1.892234,0.356099,1.892263,-0.066597,-1.762800,-0.059975,-3.071802,-0.387914,3.752500,0.919349,0.039974,0.040000,0.010613,-0.000004,0.032985,0.000119,0.205090,-0.000002,-0.019545,-0.000177,0.000014,-0.000047,-0.000002,-0.000019,-0.000005,0.000055,-0.000008,-0.000101,-0.000000,0.000000,-0.045226,-53.183292,-0.982020,-32.321129,0.791730,12.000000,0.054196,0.069774,-0.001435,-0.045226,-53.183292,-0.982020,-32.321129,0.791730,18.449373,0.054196,0.069774,-0.001435,87.000000,87.000000,87.000000,87.000000,12.000000,12.000000,12.000000,200.000000,200.000000,0.000000,0.000000,0.000000,0.000000,0.000000,0.000000,0.000000,0.000000,0.000000
211,-0.133264,-3.717182,-0.141202,-1.331620,-0.735525,1.892234,0.356100,1.892263,-0.066597,-1.762800,-0.059975,-3.071802,-0.387914,3.752500,0.919349,0.039974,0.040000,0.010612,-0.000004,0.032985,0.000120,0.205089,-0.000002,-0.019544,-0.000177,0.000014,-0.000063,0.000003,-0.000028,0.000002,0.000021,0.000006,-0.000097,-0.000001,0.000001,-0.045234,-53.183254,-0.982015,-32.321129,0.791727,12.000000,0.054197,0.069773,-0.001434,-0.045234,-53.183254,-0.982015,-32.321129,0.791727,18.449373,0.054197,0.069773,-0.001434,87.000000,87.000000,87.000000,87.000000,12.000000,12.000000,12.000000,200.000000,200.000000,0.000000,0.000000,0.000000,0.000000,0.000000,0.000000,0.000000,0.000000,0.000000
212,-0.133264,-3.717182,-0.141202,-1.331620,-0.735525,1.892234,0.356100,1.892263,-0.066597,-1.762800,-0.059975,-3.071802,-0.387914,3.752500,0.919350,0.039974,0.040000,0.010611,-0.000004,0.032984,0.000119,0.205090,-0.000002,-0.019544,-0.000177,0.000014,-0.000076,-0.000000,-0.000034,-0.000003,0.000012,-0.000016,-0.000110,-0.000001,0.000000,-0.045240,-53.183273,-0.982017,-32.321129,0.791727,12.000000,0.054197,0.069773,-0.001435,-0.045240,-53.183273,-0.982017,-32.321129,0.791727,18.449371,0.054197,0.069773,-0.001435,87.000000,87.000000,87.000000,87.000000,12.000000,12.000000,12.000000,200.000000,200.000000,0.000000,0.000000,0.000000,0.000000,0.000000,0.000000,0.000000,0.000000,0.000000
213,-0.133264,-3.717182,-0.141202,-1.331620,-0.735525,1.892234,0.356100,1.892263,-0.066597,-1.762800,-0.059975,-3.071802,-0.387914,3.752500,0.919350,0.039974,0.040000,0.010609,-0.000004,0.032983,0.000120,0.205089,-0.000002,-0.019544,-0.000177,0.000014,-0.000067,-0.000005,-0.000030,-0.000001,0.000010,-0.000011,-0.000110,-0.000001,0.000001,-0.045237,-53.183273,-0.982016,-32.321129,0.791726,12.000000,0.054197,0.069774,-0.001434,-0.045237,-53.183273,-0.982016,-32.321129,0.791726,18.449373,0.054197,0.069774,-0.001434,87.000000,87.000000,87.000000,87.000000,12.000000,12.000000,12.000000,200.000000,200.000000,0.000000,0.000000,0.000000,0.000000,0.000000,0.000000,0.000000,0.000000,0.000000
214,-0.133264,-3.717182,-0.141202,-1.331620,-0.735525,1.892234,0.356100,1.892262,-0.066597,-1.762800,-0.059975,-3.071802,-0.387914,3.752500,0.919350,0.039974,0.040000,0.010608,-0.000004,0.032983,0.000120,0.205090,-0.000002,-0.019544,-0.000177,0.000014,-0.000050,-0.000005,-0.000001,0.000001,0.000066,-0.000018,-0.000089,-0.000000,0.000001,-0.045233,-53.183273,-0.982012,-32.321110,0.791729,12.000000,0.054197,0.069772,-0.001434,-0.045233,-53.183273,-0.982012,-32.321110,0.791729,18.449371,0.054197,0.069772,-0.001434,87.000000,87.000000,87.000000,87.000000,12.000000,12.000000,12.000000,200.000000,200.000000,0.000000,0.000000,0.000000,0.000000,0.000000,0.000000,0.000000,0.000000,0.000000
215,-0.133264,-3.717182,-0.141202,-1.331620,-0.735525,1.892234,0.356100,1.892262,-0.066597,-1.762800,-0.059975,-3.071802,-0.387913,3.752500,0.919350,0.039974,0.040000,0.010607,-0.000004,0.032983,0.000120,0.205090,-0.000002,-0.019544,-0.000177,0.000014,-0.000041,-0.000000,-0.000012,0.000004,-0.000039,0.000008,-0.000102,-0.000001,0.000000,-0.045228,-53.183273,-0.982010,-32.321110,0.791723,12.000000,0.054197,0.069773,-0.001435,-0.045228,-53.183273,-0.982010,-32.321110,0.791723,18.449354,0.054197,0.069773,-0.001435,87.000000,87.000000,87.000000,87.000000,12.000000,12.000000,12.000000,200.000000,200.000000,0.000000,0.000000,0.000000,0.000000,0.000000,0.000000,0.000000,0.000000,0.000000
216,-0.133264,-3.717182,-0.141202,-1.331620,-0.735525,1.892234,0.356101,1.892262,-0.066597,-1.762800,-0.059975,-3.071802,-0.387913,3.752500,0.919350,0.039974,0.040000,0.010607,-0.000004,0.032983,0.000119,0.205089,-0.000002,-0.019545,-0.000177,0.000014,-0.000026,-0.000001,-0.000007,-0.000007,0.000015,0.000016,-0.000103,0.000000,-0.000001,-0.045221,-53.183292,-0.982014,-32.321110,0.791724,12.000000,0.054196,0.069773,-0.001435,-0.045221,-53.183292,-0.982014,-32.321110,0.791724,18.449373,0.054196,0.069773,-0.001435,87.000000,87.000000,87.000000,87.000000,12.000000,12.000000,12.000000,200.000000,200.000000,0.000000,0.000000,0.000000,0.000000,0.000000,0.000000,0.000000,0.000000,0.000000
217,-0.133264,-3.717182,-0.141202,-1.331620,-0.735525,1.892234,0.356101,1.892262,-0.066597,-1.762800,-0.059975,-3.071802,-0.387913,3.752500,0.919350,0.039974,0.040000,0.010606,-0.000004,0.032983,0.000120,0.205090,-0.000002,-0.019545,-0.000177,0.000014,-0.000015,0.000002,0.000013,-0.000001,-0.000027,0.000013,0.000004,0.000001,0.000000,-0.045218,-53.183273,-0.982005,-32.321110,0.791721,12.000000,0.054200,0.069774,-0.001434,-0.045218,-53.183273,-0.982005,-32.321110,0.791721,18.449354,0.054200,0.069774,-0.001434,87.000000,87.000000,87.000000,87.000000,12.000000,12.000000,12.000000,200.000000,200.000000,0.000000,0.000000,0.000000,0.000000,0.000000,0.000000,0.000000,0.000000,0.000000
218,-0.133264,-3.717182,-0.141203,-1.331620,-0.735525,1.892234,0.356100,1.892262,-0.066597,-1.762800,-0.059975,-3.071802,-0.387914,3.752500,0.919350,0.039974,0.040000,0.010606,-0.000004,0.032983,0.000119,0.205089,-0.000002,-0.019546,-0.000177,0.000014,-0.000007,-0.000003,0.000003,-0.000006,0.000080,0.000001,-0.000014,-0.000000,-0.000000,-0.045213,-53.183292,-0.982018,-32.321110,0.791728,12.000000,0.054199,0.069773,-0.001434,-0.045213,-53.183292,-0.982018,-32.321110,0.791728,18.449371,0.054199,0.069773,-0.001434,87.000000,87.000000,87.000000,87.000000,12.000000,12.000000,12.000000,200.000000,200.000000,0.000000,0.000000,0.000000,0.000000,0.000000,0.000000,0.000000,0.000000,0.000000
219,-0.133264,-3.717182,-0.141202,-1.331620,-0.735525,1.892234,0.356100,1.892262,-0.066597,-1.762800,-0.059975,-3.071802,-0.387914,3.752500,0.919350,0.039974,0.040000,0.010606,-0.000004,0.032983,0.000120,0.205092,-0.000002,-0.019546,-0.000177,0.000014,-0.000001,0.000009,0.000003,-0.000007,-0.000010,0.000009,0.000106,0.000000,-0.000001,-0.045210,-53.183292,-0.982012,-32.321110,0.791724,12.000000,0.054203,0.069773,-0.001434,-0.045210,-53.183292,-0.982012,-32.321110,0.791724,18.449371,0.054203,0.069773,-0.001434,87.000000,87.000000,87.000000,87.000000,12.000000,12.000000,12.000000,200.000000,200.000000,0.000000,0.000000,0.000000,0.000000,0.000000,0.000000,0.000000,0.000000,0.000000
220,-0.133264,-3.717182,-0.141202,-1.331620,-0.735525,1.892234,0.356100,1.892262,-0.066597,-1.762800,-0.059975,-3.071802,-0.387913,3.752500,0.919350,0.039974,0.040000,0.010606,-0.000004,0.032983,0.000119,0.205091,-0.000002,-0.019544,-0.000177,0.000014,0.000006,0.000001,-0.000015,-0.000001,-0.000048,0.000004,-0.000104,0.000001,0.000000,-0.045204,-53.183292,-0.982017,-32.321110,0.791722,12.000000,0.054197,0.069773,-0.001434,-0.045204,-53.183292,-0.982017,-32.321110,0.791722,18.449352,0.054197,0.069773,-0.001434,87.000000,87.000000,87.000000,87.000000,12.000000,12.000000,12.000000,200.000000,200.000000,0.000000,0.000000,0.000000,0.000000,0.000000,0.000000,0.000000,0.000000,0.000000
221,-0.133264,-3.717182,-0.141202,-1.331620,-0.735525,1.892234,0.356100,1.892262,-0.066597,-1.762800,-0.059975,-3.071802,-0.387913,3.752500,0.919350,0.039974,0.040000,0.010606,-0.000004,0.032983,0.000120,0.205091,-0.000002,-0.019545,-0.000177,0.000014,0.000011,0.000005,-0.000012,0.000003,-0.000048,0.000009,0.000102,0.000001,-0.000001,-0.045201,-53.183292,-0.982018,-32.321110,0.791722,12.000000,0.054204,0.069774,-0.001435,-0.045201,-53.183292,-0.982018,-32.321110,0.791722,18.449354,0.054204,0.069774,-0.001435,87.000000,87.000000,87.000000,87.000000,12.000000,12.000000,12.000000,200.000000,200.000000,0.000000,0.000000,0.000000,0.000000,0.000000,0.000000,0.000000,0.000000,0.000000
222,-0.133264,-3.717182,-0.141203,-1.331620,-0.735525,1.892234,0.356100,1.892262,-0.066598,-1.762800,-0.059975,-3.071802,-0.387913,3.752500,0.919350,0.039974,0.040000,0.010607,-0.000004,0.032983,0.000120,0.205090,-0.000002,-0.019545,-0.000177,0.000014,0.000006,0.000001,-0.000027,0.000001,-0.000061,0.000005,0.000090,0.000001,-0.000000,-0.045201,-53.183273,-0.982024,-32.321110,0.791723,12.000000,0.054204,0.069773,-0.001434,-0.045201,-53.183273,-0.982024,-32.321110,0.791723,18.449373,0.054204,0.069773,-0.001434,87.000000,87.000000,87.000000,87.000000,12.000000,12.000000,12.000000,200.000000,200.000000,0.000000,0.000000,0.000000,0.000000,0.000000,0.000000,0.000000,0.000000,0.000000
223,-0.133265,-3.717182,-0.141202,-1.331620,-0.735525,1.892234,0.356100,1.892262,-0.066598,-1.762800,-0.059975,-3.071802,-0.387913,3.752500,0.919350,0.039974,0.040000,0.010607,-0.000004,0.032983,0.000119,0.205090,-0.000002,-0.019544,-0.000177,0.000014,0.000017,-0.000005,0.000031,-0.000005,0.000115,0.000017,-0.000110,0.000000,0.000000,-0.045205,-53.183273,-0.982015,-32.321110,0.791730,12.000000,0.054197,0.069772,-0.001434,-0.045205,-53.183273,-0.982015,-32.321110,0.791730,18.449354,0.054197,0.069772,-0.001434,87.000000,87.000000,87.000000,87.000000,12.000000,12.000000,12.000000,200.000000,200.000000,0.000000,0.000000,0.000000,0.000000,0.000000,0.000000,0.000000,0.000000,0.000000
224,-0.133265,-3.717182,-0.141202,-1.331620,-0.735525,1.892234,0.356100,1.892262,-0.066598,-1.762800,-0.059975,-3.071802,-0.387913,3.752500,0.919350,0.039974,0.040000,0.010607,-0.000004,0.032983,0.000120,0.205089,-0.000002,-0.019545,-0.000177,0.000014,0.000012,0.000013,0.000003,0.000003,-0.000048,0.000017,0.000101,0.000000,-0.000000,-0.045202,-53.183292,-0.982015,-32.321110,0.791720,12.000000,0.054204,0.069772,-0.001434,-0.045202,-53.183292,-0.982015,-32.321110,0.791720,18.449354,0.054204,0.069772,-0.001434,87.000000,87.000000,87.000000,87.000000,12.000000,12.000000,12.000000,200.000000,200.000000,0.000000,0.000000,0.000000,0.000000,0.000000,0.000000,0.000000,0.000000,0.000000
225,-0.133265,-3.717182,-0.141202,-1.331620,-0.735525,1.892234,0.356100,1.892262,-0.066598,-1.762800,-0.059975,-3.071802,-0.387913,3.752500,0.919350,0.039974,0.040000,0.010607,-0.000004,0.032983,0.000120,0.205090,-0.000002,-0.019545,-0.000177,0.000014,0.000008,-0.000012,-0.000001,0.000002,-0.000048,-0.000006,0.000007,-0.000000,0.000001,-0.045203,-53.183273,-0.982015,-32.321129,0.791723,12.000000,0.054200,0.069772,-0.001435,-0.045203,-53.183273,-0.982015,-32.321129,0.791723,18.449352,0.054200,0.069772,-0.001435,87.000000,87.000000,87.000000,87.000000,12.000000,12.000000,12.000000,200.000000,200.000000,0.000000,0.000000,0.000000,0.000000,0.000000,0.000000,0.000000,0.000000,0.000000
226,-0.133265,-3.717182,-0.141202,-1.331620,-0.735525,1.892234,0.356100,1.892262,-0.066598,-1.762800,-0.059975,-3.071802,-0.387913,3.752500,0.919350,0.039974,0.040000,0.010608,-0.000004,0.032983,0.000120,0.205089,-0.000002,-0.019546,-0.000177,0.000014,0.000017,-0.000003,-0.000007,-0.000000,-0.000045,-0.000006,-0.000005,-0.000001,0.000000,-0.045198,-53.183292,-0.982018,-32.321110,0.791722,12.000000,0.054199,0.069773,-0.001434,-0.045198,-53.183292,-0.982018,-32.321110,0.791722,18.449354,0.054199,0.069773,-0.001434,87.000000,87.000000,87.000000,87.000000,12.000000,12.000000,12.000000,200.000000,200.000000,0.000000,0.000000,0.000000,0.000000,0.000000,0.000000,0.000000,0.000000,0.000000
227,-0.133265,-3.717182,-0.141203,-1.331620,-0.735525,1.892234,0.356100,1.892262,-0.066598,-1.762800,-0.059975,-3.071802,-0.387913,3.752500,0.919350,0.039974,0.040000,0.010608,-0.000004,0.032983,0.000120,0.205090,-0.000002,-0.019545,-0.000177,0.000014,0.000014,-0.000002,-0.000012,-0.000003,0.000009,0.000017,0.000002,0.000000,0.000000,-0.045199,-53.183273,-0.982023,-32.321129,0.791726,12.000000,0.054200,0.069773,-0.001434,-0.045199,-53.183273,-0.982023,-32.321129,0.791726,18.449373,0.054200,0.069773,-0.001434,87.000000,87.000000,87.000000,87.000000,12.000000,12.000000,12.000000,200.000000,200.000000,0.000000,0.000000,0.000000,0.000000,0.000000,0.000000,0.000000,0.000000,0.000000
228,-0.133265,-3.717182,-0.141202,-1.331620,-0.735525,1.892234,0.356100,1.892262,-0.066598,-1.762800,-0.059975,-3.071802,-0.387913,3.752500,0.919350,0.039974,0.040000,0.010608,-0.000004,0.032983,0.000120,0.205089,-0.000002,-0.019545,-0.000177,0.000014,0.000019,0.000002,0.000011,0.000002,0.000033,-0.000025,-0.000009,-0.000001,0.000001,-0.045200,-53.183273,-0.982018,-32.321129,0.791725,12.000000,0.054200,0.069771,-0.001433,-0.045200,-53.183273,-0.982018,-32.321129,0.791725,18.449352,0.054200,0.069771,-0.001433,87.000000,87.000000,87.000000,87.000000,12.000000,12.000000,12.000000,200.000000,200.000000,0.000000,0.000000,0.000000,0.000000,0.000000,0.000000,0.000000,0.000000,0.000000
229,-0.133265,-3.717182,-0.141203,-1.331620,-0.735525,1.892234,0.356100,1.892262,-0.066598,-1.762800,-0.059975,-3.071802,-0.387913,3.752500,0.919350,0.039974,0.040000,0.010608,-0.000004,0.032983,0.000120,0.205090,-0.000002,-0.019545,-0.000177,0.000014,0.000013,-0.000006,-0.000011,-0.000001,-0.000037,-0.000013,0.000001,-0.000000,-0.000000,-0.045199,-53.183273,-0.982021,-32.321129,0.791723,12.000000,0.054200,0.069773,-0.001434,-0.045199,-53.183273,-0.982021,-32.321129,0.791723,18.449354,0.054200,0.069773,-0.001434,87.000000,87.000000,87.000000,87.000000,12.000000,12.000000,12.000000,200.000000,200.000000,0.000000,0.000000,0.000000,0.000000,0.000000,0.000000,0.000000,0.000000,0.000000
230,-0.133265,-3.717182,-0.141202,-1.331620,-0.735525,1.892234,0.356100,1.892262,-0.066598,-1.762800,-0.059975,-3.071802,-0.387913,3.752500,0.919350,0.039974,0.040000,0.010609,-0.000004,0.032983,0.000120,0.205090,-0.000002,-0.019545,-0.000177,0.000014,0.000017,-0.000003,0.000003,-0.000001,0.000001,0.000012,0.000002,0.000000,0.000000,-0.045199,-53.183273,-0.982018,-32.321129,0.791723,12.000000,0.054200,0.069773,-0.001434,-0.045199,-53.183273,-0.982018,-32.321129,0.791723,18.449354,0.054200,0.069773,-0.001434,87.000000,87.000000,87.000000,87.000000,12.000000,12.000000,12.000000,200.000000,200.000000,0.000000,0.000000,0.000000,0.000000,0.000000,0.000000,0.000000,0.000000,0.000000
231,-0.133265,-3.717182,-0.141203,-1.331620,-0.735525,1.892234,0.356100,1.892262,-0.066598,-1.762800,-0.059975,-3.071802,-0.387913,3.752500,0.919350,0.039974,0.040000,0.010609,-0.000004,0.032983,0.000119,0.205090,-0.000002,-0.019545,-0.000177,0.000014,0.000014,0.000003,-0.000004,-0.000002,0.000012,0.000004,-0.000004,-0.000000,-0.000001,-0.045200,-53.183273,-0.982021,-32.321129,0.791725,12.000000,0.054200,0.069772,-0.001435,-0.045200,-53.183273,-0.982021,-32.321129,0.791725,18.449354,0.054200,0.069772,-0.001435,87.000000,87.000000,87.000000,87.000000,12.000000,12.000000,12.000000,200.000000,200.000000,0.000000,0.000000,0.000000,0.000000,0.000000,0.000000,0.000000,0.000000,0.000000
232,-0.133265,-3.717182,-0.141203,-1.331620,-0.735525,1.892234,0.356100,1.892262,-0.066598,-1.762800,-0.059975,-3.071802,-0.387913,3.752500,0.919350,0.039974,0.040000,0.010609,-0.000004,0.032983,0.000120,0.205089,-0.000002,-0.019546,-0.000177,0.000014,-0.000001,-0.000013,-0.000012,-0.000001,-0.000021,0.000001,0.000106,-0.000000,0.000001,-0.045206,-53.183273,-0.982020,-32.321129,0.791723,12.000000,0.054203,0.069772,-0.001434,-0.045206,-53.183273,-0.982020,-32.321129,0.791723,18.449371,0.054203,0.069772,-0.001434,87.000000,87.000000,87.000000,87.000000,12.000000,12.000000,12.000000,200.000000,200.000000,0.000000,0.000000,0.000000,0.000000,0.000000,0.000000,0.000000,0.000000,0.000000
233,-0.133265,-3.717182,-0.141203,-1.331620,-0.735525,1.892234,0.356100,1.892262,-0.066598,-1.762800,-0.059975,-3.071802,-0.387913,3.752500,0.919350,0.039974,0.040000,0.010609,-0.000004,0.032983,0.000119,0.205090,-0.000002,-0.019545,-0.000177,0.000014,-0.000003,-0.000003,-0.000003,-0.000003,0.000021,0.000021,-0.000004,0.000000,-0.000001,-0.045208,-53.183273,-0.982019,-32.321129,0.791725,12.000000,0.054200,0.069773,-0.001434,-0.045208,-53.183273,-0.982019,-32.321129,0.791725,18.449373,0.054200,0.069773,-0.001434,87.000000,87.000000,87.000000,87.000000,12.000000,12.000000,12.000000,200.000000,200.000000,0.000000,0.000000,0.000000,0.000000,0.000000,0.000000,0.000000,0.000000,0.000000
234,-0.133265,-3.717182,-0.141203,-1.331620,-0.735525,1.892234,0.356100,1.892262,-0.066598,-1.762800,-0.059975,-3.071802,-0.387913,3.752500,0.919350,0.039974,0.040000,0.010609,-0.000004,0.032983,0.000120,0.205090,-0.000002,-0.019545,-0.000177,0.000014,0.000001,0.000002,-0.000006,-0.000001,-0.000021,0.000010,-0.000008,-0.000001,-0.000000,-0.045206,-53.183273,-0.982018,-32.321129,0.791723,12.000000,0.054200,0.069772,-0.001435,-0.045206,-53.183273,-0.982018,-32.321129,0.791723,18.449373,0.054200,0.069772,-0.001435,87.000000,87.000000,87.000000,87.000000,12.000000,12.000000,12.000000,200.000000,200.000000,0.000000,0.000000,0.000000,0.000000,0.000000,0.000000,0.000000,0.000000,0.000000
235,-0.133265,-3.717182,-0.141202,-1.331620,-0.735525,1.892234,0.356100,1.892262,-0.066598,-1.762800,-0.059975,-3.071802,-0.387913,3.752500,0.919350,0.039974,0.040000,0.010609,-0.000004,0.032983,0.000120,0.205090,-0.000002,-0.019545,-0.000177,0.000014,-0.000006,-0.000003,0.000007,-0.000005,-0.000031,0.000004,-0.000001,-0.000000,-0.000000,-0.045211,-53.183273,-0.982012,-32.321129,0.791722,12.000000,0.054200,0.069773,-0.001434,-0.045211,-53.183273,-0.982012,-32.321129,0.791722,18.449373,0.054200,0.069773,-0.001434,87.000000,87.000000,87.000000,87.000000,12.000000,12.000000,12.000000,200.000000,200.000000,0.000000,0.000000,0.000000,0.000000,0.000000,0.000000,0.000000,0.000000,0.000000
236,-0.133265,-3.717182,-0.141202,-1.331620,-0.735525,1.892234,0.356100,1.892262,-0.066598,-1.762800,-0.059975,-3.071802,-0.387913,3.752500,0.919350,0.039974,0.040000,0.010609,-0.000004,0.032983,0.000119,0.205090,-0.000002,-0.019545,-0.000177,0.000014,-0.000010,-0.000001,0.000010,-0.000001,0.000043,0.000001,-0.000105,0.000000,-0.000001,-0.045214,-53.183273,-0.982014,-32.321129,0.791727,12.000000,0.054196,0.069773,-0.001435,-0.045214,-53.183273,-0.982014,-32.321129,0.791727,18.449371,0.054196,0.069773,-0.001435,87.000000,87.000000,87.000000,87.000000,12.000000,12.000000,12.000000,200.000000,200.000000,0.000000,0.000000,0.000000,0.000000,0.000000,0.000000,0.000000,0.000000,0.000000
237,-0.133265,-3.717182,-0.141203,-1.331620,-0.735525,1.892234,0.356100,1.892262,-0.066598,-1.762800,-0.059975,-3.071802,-0.387913,3.752500,0.919350,0.039974,0.040000,0.010609,-0.000004,0.032983,0.000120,0.205090,-0.000002,-0.019545,-0.000177,0.000014,0.000007,0.000001,-0.000003,-0.000001,0.000003,0.000003,-0.000009,0.000000,0.000000,-0.045203,-53.183273,-0.982019,-32.321129,0.791725,12.000000,0.054200,0.069773,-0.001435,-0.045203,-53.183273,-0.982019,-32.321129,0.791725,18.449373,0.054200,0.069773,-0.001435,87.000000,87.000000,87.000000,87.000000,12.000000,12.000000,12.000000,200.000000,200.000000,0.000000,0.000000,0.000000,0.000000,0.000000,0.000000,0.000000,0.000000,0.000000
238,-0.133265,-3.717182,-0.141203,-1.331620,-0.735525,1.892234,0.356100,1.892262,-0.066598,-1.762800,-0.059975,-3.071802,-0.387913,3.752500,0.919350,0.039974,0.040000,0.010609,-0.000004,0.032983,0.000120,0.205090,-0.000002,-0.019545,-0.000177,0.000014,0.000007,0.000004,0.000011,0.000002,0.000055,0.000002,-0.000001,0.000000,-0.000000,-0.045205,-53.183273,-0.982018,-32.321129,0.791728,12.000000,0.054200,0.069773,-0.001434,-0.045205,-53.183273,-0.982018,-32.321129,0.791728,18.449373,0.054200,0.069773,-0.001434,87.000000,87.000000,87.000000,87.000000,12.000000,12.000000,12.000000,200.000000,200.000000,0.000000,0.000000,0.000000,0.000000,0.000000,0.000000,0.000000,0.000000,0.000000
239,-0.133265,-3.717182,-0.141203,-1.331620,-0.735525,1.892234,0.356100,1.892262,-0.066598,-1.762800,-0.059975,-3.071802,-0.387913,3.752500,0.919350,0.039974,0.040000,0.010609,-0.000004,0.032983,0.000119,0.205089,-0.000002,-0.019545,-0.000177,0.000014,-0.000009,-0.000009,-0.000004,-0.000003,-0.000001,-0.000013,-0.000004,-0.000000,0.000000,-0.045211,-53.183273,-0.982017,-32.321129,0.791724,12.000000,0.054200,0.069773,-0.001434,-0.045211,-53.183273,-0.982017,-32.321129,0.791724,18.449352,0.054200,0.069773,-0.001434,87.000000,87.000000,87.000000,87.000000,12.000000,12.000000,12.000000,200.000000,200.000000,0.000000,0.000000,0.000000,0.000000,0.000000,0.000000,0.000000,0.000000,0.000000
240,-0.133265,-3.717182,-0.141203,-1.331620,-0.735525,1.892234,0.356100,1.892262,-0.066598,-1.762800,-0.059975,-3.071802,-0.387913,3.752500,0.919350,0.039974,0.040000,0.010609,-0.000004,0.032983,0.000120,0.205090,-0.000002,-0.019545,-0.000177,0.000014,0.000001,0.000013,0.000004,0.000002,0.000010,0.000003,-0.000008,-0.000000,0.000000,-0.045207,-53.183273,-0.982016,-32.321129,0.791725,12.000000,0.054200,0.069773,-0.001434,-0.045207,-53.183273,-0.982016,-32.321129,0.791725,18.449352,0.054200,0.069773,-0.001434,87.000000,87.000000,87.000000,87.000000,12.000000,12.000000,12.000000,200.000000,200.000000,0.000000,0.000000,0.000000,0.000000,0.000000,0.000000,0.000000,0.000000,0.000000
241,-0.133265,-3.717182,-0.141203,-1.331620,-0.735525,1.892234,0.356100,1.892262,-0.066598,-1.762800,-0.059975,-3.071802,-0.387913,3.752500,0.919350,0.039974,0.040000,0.010609,-0.000004,0.032983,0.000120,0.205090,-0.000002,-0.019545,-0.000177,0.000014,0.000000,0.000002,-0.000004,-0.000003,-0.000033,0.000011,-0.000012,-0.000002,-0.000001,-0.045206,-53.183273,-0.982017,-32.321129,0.791723,12.000000,0.054200,0.069772,-0.001434,-0.045206,-53.183273,-0.982017,-32.321129,0.791723,18.449354,0.054200,0.069772,-0.001434,87.000000,87.000000,87.000000,87.000000,12.000000,12.000000,12.000000,200.000000,200.000000,0.000000,0.000000,0.000000,0.000000,0.000000,0.000000,0.000000,0.000000,0.000000
242,-0.133265,-3.717182,-0.141203,-1.331620,-0.735525,1.892234,0.356100,1.892262,-0.066598,-1.762800,-0.059975,-3.071802,-0.387913,3.752500,0.919350,0.039974,0.040000,0.010609,-0.000004,0.032983,0.000120,0.205089,-0.000002,-0.019545,-0.000177,0.000014,0.000001,0.000004,0.000002,0.000001,-0.000018,0.000005,-0.000004,0.000000,-0.000001,-0.045207,-53.183273,-0.982016,-32.321129,0.791722,12.000000,0.054200,0.069773,-0.001435,-0.045207,-53.183273,-0.982016,-32.321129,0.791722,18.449373,0.054200,0.069773,-0.001435,87.000000,87.000000,87.000000,87.000000,12.000000,12.000000,12.000000,200.000000,200.000000,0.000000,0.000000,0.000000,0.000000,0.000000,0.000000,0.000000,0.000000,0.000000
243,-0.133265,-3.717182,-0.141203,-1.331620,-0.735525,1.892234,0.356100,1.892262,-0.066598,-1.762800,-0.059975,-3.071802,-0.387913,3.752500,0.919350,0.039974,0.040000,0.010609,-0.000004,0.032983,0.000120,0.205091,-0.000002,-0.019545,-0.000177,0.000014,-0.000004,0.000001,-0.000007,0.000001,-0.000013,-0.000019,0.000014,0.000000,-0.000000,-0.045208,-53.183273,-0.982018,-32.321129,0.791724,12.000000,0.054200,0.069773,-0.001434,-0.045208,-53.183273,-0.982018,-32.321129,0.791724,18.449352,0.054200,0.069773,-0.001434,87.000000,87.000000,87.000000,87.000000,12.000000,12.000000,12.000000,200.000000,200.000000,0.000000,0.000000,0.000000,0.000000,0.000000,0.000000,0.000000,0.000000,0.000000
244,-0.133265,-3.717182,-0.141203,-1.331620,-0.735525,1.892234,0.356100,1.892262,-0.066598,-1.762800,-0.059975,-3.071802,-0.387913,3.752500,0.919350,0.039974,0.040000,0.010609,-0.000004,0.032983,0.000120,0.205090,-0.000002,-0.019545,-0.000177,0.000014,-0.000002,0.000007,-0.000012,-0.000003,-0.000036,0.000007,0.000094,0.000001,-0.000000,-0.045206,-53.183273,-0.982019,-32.321129,0.791722,12.000000,0.054204,0.069774,-0.001435,-0.045206,-53.183273,-0.982019,-32.321129,0.791722,18.449354,0.054204,0.069774,-0.001435,87.000000,87.000000,87.000000,87.000000,12.000000,12.000000,12.000000,200.000000,200.000000,0.000000,0.000000,0.000000,0.000000,0.000000,0.000000,0.000000,0.000000,0.000000
245,-0.133264,-3.717182,-0.141203,-1.331620,-0.735525,1.892234,0.356100,1.892262,-0.066598,-1.762800,-0.059975,-3.071802,-0.387913,3.752500,0.919350,0.039974,0.040000,0.010609,-0.000004,0.032983,0.000120,0.205090,-0.000002,-0.019545,-0.000177,0.000014,0.000009,0.000007,0.000003,-0.000003,0.000004,-0.000004,-0.000111,0.000000,-0.000000,-0.045204,-53.183273,-0.982017,-32.321129,0.791723,12.000000,0.054196,0.069773,-0.001435,-0.045204,-53.183273,-0.982017,-32.321129,0.791723,18.449373,0.054196,0.069773,-0.001435,87.000000,87.000000,87.000000,87.000000,12.000000,12.000000,12.000000,200.000000,200.000000,0.000000,0.000000,0.000000,0.000000,0.000000,0.000000,0.000000,0.000000,0.000000
246,-0.133265,-3.717182,-0.141203,-1.331620,-0.735525,1.892234,0.356100,1.892262,-0.066598,-1.762800,-0.059975,-3.071802,-0.387913,3.752500,0.919350,0.039974,0.040000,0.010609,-0.000004,0.032983,0.000120,0.205090,-0.000002,-0.019545,-0.000177,0.000014,0.000004,-0.000004,0.000019,0.000001,0.000052,-0.000012,-0.000002,0.000000,0.000001,-0.045208,-53.183273,-0.982014,-32.321129,0.791727,12.000000,0.054200,0.069773,-0.001434,-0.045208,-53.183273,-0.982014,-32.321129,0.791727,18.449352,0.054200,0.069773,-0.001434,87.000000,87.000000,87.000000,87.000000,12.000000,12.000000,12.000000,200.000000,200.000000,0.000000,0.000000,0.000000,0.000000,0.000000,0.000000,0.000000,0.000000,0.000000
247,-0.133265,-3.717182,-0.141203,-1.331620,-0.735525,1.892234,0.356100,1.892262,-0.066598,-1.762800,-0.059975,-3.071802,-0.387913,3.752500,0.919350,0.039974,0.040000,0.010609,-0.000004,0.032983,0.000120,0.205090,-0.000002,-0.019545,-0.000177,0.000014,-0.000019,0.000002,-0.000013,0.000002,-0.000055,0.000009,0.000101,0.000000,-0.000000,-0.045214,-53.183273,-0.982016,-32.321129,0.791723,12.000000,0.054204,0.069772,-0.001434,-0.045214,-53.183273,-0.982016,-32.321129,0.791723,18.449354,0.054204,0.069772,-0.001434,87.000000,87.000000,87.000000,87.000000,12.000000,12.000000,12.000000,200.000000,200.000000,0.000000,0.000000,0.000000,0.000000,0.000000,0.000000,0.000000,0.000000,0.000000
248,-0.133264,-3.717182,-0.141203,-1.331620,-0.735525,1.892234,0.356100,1.892262,-0.066598,-1.762800,-0.059975,-3.071802,-0.387913,3.752500,0.919350,0.039974,0.040000,0.010609,-0.000004,0.032983,0.000119,0.205090,-0.000002,-0.019545,-0.000177,0.000014,0.000001,-0.000006,0.000000,-0.000005,0.000010,0.000011,-0.000096,0.000001,-0.000001,-0.045207,-53.183273,-0.982017,-32.321129,0.791725,12.000000,0.054196,0.069773,-0.001435,-0.045207,-53.183273,-0.982017,-32.321129,0.791725,18.449373,0.054196,0.069773,-0.001435,87.000000,87.000000,87.000000,87.000000,12.000000,12.000000,12.000000,200.000000,200.000000,0.000000,0.000000,0.000000,0.000000,0.000000,0.000000,0.000000,0.000000,0.000000
249,-0.133265,-3.717182,-0.141203,-1.331620,-0.735525,1.892234,0.356100,1.892262,0.000000,-0.569000,0.000000,-2.810000,0.000000,3.037000,0.741000,0.040000,0.040000,0.000000,0.000000,0.000000,0.000000,0.000000,0.000000,0.000000,0.000000,0.000000,0.000000,0.000000,0.000000,0.000000,0.000000,0.000000,0.000000,0.000000,0.000000,-5.330584,-87.000000,-5.648105,-53.264790,-12.000000,12.000000,12.000000,0.000000,0.000000,-5.330584,-148.687286,-5.648105,-53.264790,-29.420988,75.689377,14.244003,0.000000,0.000000,87.000000,87.000000,87.000000,87.000000,12.000000,12.000000,12.000000,200.000000,200.000000,0.000000,0.000000,0.000000,0.000000,0.000000,0.000000,0.000000,0.000000,0.000000
