Timestep,agent_joint_pos_J1,agent_joint_pos_J2,agent_joint_pos_J3,agent_joint_pos_J4,agent_joint_pos_J5,agent_joint_pos_J6,agent_joint_pos_J7,joint_pos_J1,joint_pos_J2,joint_pos_J3,joint_pos_J4,joint_pos_J5,joint_pos_J6,joint_pos_J7,joint_pos_J8,joint_pos_J9,joint_vel_J1,joint_vel_J2,joint_vel_J3,joint_vel_J4,joint_vel_J5,joint_vel_J6,joint_vel_J7,joint_vel_J8,joint_vel_J9,joint_acc_J1,joint_acc_J2,joint_acc_J3,joint_acc_J4,joint_acc_J5,joint_acc_J6,joint_acc_J7,joint_acc_J8,joint_acc_J9,joint_applied_torque_J1,joint_applied_torque_J2,joint_applied_torque_J3,joint_applied_torque_J4,joint_applied_torque_J5,joint_applied_torque_J6,joint_applied_torque_J7,joint_applied_torque_J8,joint_applied_torque_J9,joint_computed_torque_J1,joint_computed_torque_J2,joint_computed_torque_J3,joint_computed_torque_J4,joint_computed_torque_J5,joint_computed_torque_J6,joint_computed_torque_J7,joint_computed_torque_J8,joint_computed_torque_J9,joint_effort_limits_J1,joint_effort_limits_J2,joint_effort_limits_J3,joint_effort_limits_J4,joint_effort_limits_J5,joint_effort_limits_J6,joint_effort_limits_J7,joint_effort_limits_J8,joint_effort_limits_J9,joint_effort_target_J1,joint_effort_target_J2,joint_effort_target_J3,joint_effort_target_J4,joint_effort_target_J5,joint_effort_target_J6,joint_effort_target_J7,joint_effort_target_J8,joint_effort_target_J9
0,-0.901874,1.026957,1.404056,0.852038,0.582018,0.933717,0.667013,-0.071680,-0.505407,0.069925,-2.643578,0.087078,1.986623,0.502216,0.032349,0.033273,-2.147501,1.553757,2.185187,0.724182,2.609450,0.775773,2.610684,-0.196692,-0.193664,3.304167,43.262005,0.016208,22.784372,0.024991,13.522781,-0.021272,0.762391,0.948832,-24.399658,34.255043,44.738922,19.717066,9.440660,12.000000,12.000000,-50.334694,-52.077805,-24.399658,34.255043,44.738922,19.717066,9.440660,121.544388,38.819092,-50.334694,-52.077805,87.000000,87.000000,87.000000,87.000000,12.000000,12.000000,12.000000,200.000000,200.000000,0.000000,0.000000,0.000000,0.000000,0.000000,0.000000,0.000000,0.000000,0.000000
1,-0.648363,0.536744,1.341020,1.438661,0.007550,0.224266,0.956799,-0.141867,-0.437325,0.142395,-2.597613,0.050949,2.020947,0.589134,0.025809,0.026591,-2.172859,2.222641,2.194091,2.115310,-1.610993,-0.212463,2.611508,-0.196051,-0.204912,-0.683556,4.787063,0.370588,13.756513,19.775360,65.521049,0.056005,-0.064043,-0.712077,-8.761726,5.304800,36.415546,35.186821,2.026752,12.000000,12.000000,-38.675499,-40.739037,-8.761726,5.304800,36.415546,35.186821,2.026752,97.216202,43.459072,-38.675499,-40.739037,87.000000,87.000000,87.000000,87.000000,12.000000,12.000000,12.000000,200.000000,200.000000,0.000000,0.000000,0.000000,0.000000,0.000000,0.000000,0.000000,0.000000,0.000000
2,-0.629251,0.373424,1.475342,1.337564,-0.415537,0.177320,0.936029,-0.212178,-0.363980,0.215154,-2.533957,-0.033053,2.077763,0.676118,0.019180,0.019893,-2.106374,2.177064,2.177618,2.173610,-2.610968,1.039569,2.610165,-0.197910,-0.198261,2.832899,-0.733423,-0.121622,0.141478,0.045948,23.829025,-0.005164,0.038666,0.231871,-2.386335,-7.294199,35.999496,25.336979,-6.922272,12.000000,12.000000,-25.121847,-26.200457,-2.386335,-7.294199,35.999496,25.336979,-6.922272,83.631561,35.671318,-25.121847,-26.200457,87.000000,87.000000,87.000000,87.000000,12.000000,12.000000,12.000000,200.000000,200.000000,0.000000,0.000000,0.000000,0.000000,0.000000,0.000000,0.000000,0.000000,0.000000
3,-0.506447,0.415003,1.429029,1.304113,-0.636368,0.066979,0.852463,-0.275868,-0.290795,0.288189,-2.469162,-0.118364,2.144245,0.763163,0.012547,0.013305,-1.746955,2.187347,2.192185,2.159228,-2.611648,1.333834,2.610983,-0.198412,-0.197074,10.470607,0.626407,0.780773,-0.817895,-0.003533,10.884010,0.006537,-0.003102,0.008509,7.062000,-11.437827,28.312386,18.768909,-8.948858,12.000000,12.000000,-11.892246,-13.474173,7.062000,-11.437827,28.312386,18.768909,-8.948858,72.309669,25.363863,-11.892246,-13.474173,87.000000,87.000000,87.000000,87.000000,12.000000,12.000000,12.000000,200.000000,200.000000,0.000000,0.000000,0.000000,0.000000,0.000000,0.000000,0.000000,0.000000,0.000000
4,-0.330914,0.410724,1.197866,1.249720,-0.694669,-0.037113,0.718177,-0.320495,-0.219393,0.358679,-2.410593,-0.204126,2.218128,0.850245,0.006737,0.007224,-0.824520,2.069166,1.886027,1.800871,-2.611940,1.649303,2.611431,-0.132641,-0.143862,34.379025,-3.130717,-16.563126,-11.541616,-0.054588,6.072521,0.009441,3.017894,3.183511,16.507397,-17.188335,13.296569,12.308409,-4.449472,12.000000,12.000000,-0.274944,-0.342028,16.507397,-17.188335,13.296569,12.308409,-4.449472,60.814266,13.025931,-0.274944,-0.342028,87.000000,87.000000,87.000000,87.000000,12.000000,12.000000,12.000000,200.000000,200.000000,0.000000,0.000000,0.000000,0.000000,0.000000,0.000000,0.000000,0.000000,0.000000
5,-0.181878,0.290361,0.963092,1.200872,-0.656182,-0.171096,0.613271,-0.289723,-0.154740,0.371583,-2.371569,-0.269607,2.298229,0.935557,0.003568,0.003710,1.224946,1.663706,0.198010,0.982411,-1.357648,2.102209,2.252927,-0.070755,-0.075141,0.179622,-15.874935,3.818144,-22.254860,39.689487,7.649831,-21.527351,1.504688,1.760437,12.641103,-26.802969,8.463438,8.859866,1.223611,12.000000,1.858949,-0.249091,0.093939,12.641103,-26.802969,8.463438,8.859866,1.223611,47.622147,1.858949,-0.249091,0.093939,87.000000,87.000000,87.000000,87.000000,12.000000,12.000000,12.000000,200.000000,200.000000,0.000000,0.000000,0.000000,0.000000,0.000000,0.000000,0.000000,0.000000,0.000000
6,-0.366742,-0.291465,0.408165,1.305752,-0.437531,-0.138706,0.430614,-0.212765,-0.120880,0.333143,-2.366260,-0.252287,2.377699,0.945180,0.001852,0.001938,2.035578,0.353658,-1.136306,-0.104894,0.589647,1.728408,0.207416,-0.038870,-0.036595,-26.765354,-41.673515,5.544669,-27.801868,-9.539894,-18.475033,-3.629434,0.910549,0.912666,-4.623008,-50.830814,-7.060950,15.138248,0.635107,12.000000,0.132515,0.230759,-0.134978,-4.623008,-50.830814,-7.060950,15.138248,0.635107,42.161442,0.132515,0.230759,-0.134978,87.000000,87.000000,87.000000,87.000000,12.000000,12.000000,12.000000,200.000000,200.000000,0.000000,0.000000,0.000000,0.000000,0.000000,0.000000,0.000000,0.000000,0.000000
7,-0.563299,0.635278,0.424885,0.763157,-0.228120,-0.591621,0.476783,-0.180704,-0.112420,0.324895,-2.395596,-0.188868,2.464669,0.961003,0.000936,0.001078,0.689766,0.117829,-0.128808,-1.135529,1.630304,2.612949,0.377176,-0.021379,-0.015812,-13.629949,-3.762193,5.188680,-21.989559,-33.503914,0.062742,-7.930029,0.382513,0.661355,-10.705074,-11.558129,-8.314434,-1.005084,-0.321659,12.000000,0.012033,0.076759,-0.097926,-10.705074,-11.558129,-8.314434,-1.005084,-0.321659,15.157894,0.012033,0.076759,-0.097926,87.000000,87.000000,87.000000,87.000000,12.000000,12.000000,12.000000,200.000000,200.000000,0.000000,0.000000,0.000000,0.000000,0.000000,0.000000,0.000000,0.000000,0.000000
8,-0.375964,0.398145,0.089509,0.993496,-0.168144,-0.595337,0.328991,-0.103839,-0.107639,0.261875,-2.441305,-0.141147,2.551767,0.934619,0.000452,0.000620,1.836925,0.007482,-1.658196,-1.295486,1.076564,2.611882,-0.587202,-0.010432,-0.010340,-44.774513,-4.536778,28.401867,2.741039,-27.194593,-0.015664,13.838162,0.318348,0.112494,-14.275517,-21.177574,-11.254861,13.794302,0.045278,8.038462,0.029911,0.273918,-0.425267,-14.275517,-21.177574,-11.254861,13.794302,0.045278,8.038462,0.029911,0.273918,-0.425267,87.000000,87.000000,87.000000,87.000000,12.000000,12.000000,12.000000,200.000000,200.000000,0.000000,0.000000,0.000000,0.000000,0.000000,0.000000,0.000000,0.000000,0.000000
9,-0.667411,0.633980,-0.095426,0.927388,-0.236857,-0.838912,0.293030,-0.069825,-0.102745,0.222293,-2.481185,-0.138087,2.583530,0.911854,0.000166,0.000392,0.533418,0.144277,-1.000801,-1.042647,0.042625,0.363642,-0.507350,-0.005814,-0.005443,-29.663717,4.847632,10.792686,1.229460,0.053217,-20.272825,11.944602,0.121478,0.112232,-24.251255,-11.950766,-18.286373,13.485609,1.412664,0.732730,0.091890,0.227854,-0.263185,-24.251255,-11.950766,-18.286373,13.485609,1.412664,0.732730,0.091890,0.227854,-0.263185,87.000000,87.000000,87.000000,87.000000,12.000000,12.000000,12.000000,200.000000,200.000000,0.000000,0.000000,0.000000,0.000000,0.000000,0.000000,0.000000,0.000000,0.000000
10,-0.510187,1.001110,0.064395,0.854745,-0.465714,-1.272685,0.497886,-0.068447,-0.085037,0.197952,-2.502659,-0.191208,2.503592,0.948967,0.000071,0.000226,-0.172310,0.721479,-0.666931,-0.500095,-1.134314,-2.457513,0.810567,-0.000022,-0.005075,-12.069921,17.692579,3.023261,1.728433,32.426968,9.132585,-18.955170,0.153565,0.025065,-15.170282,0.530598,-11.289858,10.920313,1.485867,-1.170605,0.023922,0.099333,-0.086481,-15.170282,0.530598,-11.289858,10.920313,1.485867,-1.170605,0.023922,0.099333,-0.086481,87.000000,87.000000,87.000000,87.000000,12.000000,12.000000,12.000000,200.000000,200.000000,0.000000,0.000000,0.000000,0.000000,0.000000,0.000000,0.000000,0.000000,0.000000
11,-0.104926,-0.157660,0.261735,1.389706,-0.382998,-0.299742,0.160797,-0.067877,-0.064449,0.166287,-2.536554,-0.192328,2.583545,0.888420,0.000089,0.000110,-0.102289,0.323964,-0.852951,-0.749630,-0.148882,2.609827,-1.352735,-0.000935,-0.000001,-11.223966,-12.442516,9.253009,4.015710,13.891012,71.985390,30.605713,0.036825,0.098482,0.842403,-48.112026,-0.022541,35.742222,1.376218,12.000000,-0.012054,-0.050741,-0.085548,0.842403,-48.112026,-0.022541,35.742222,1.376218,22.124573,-0.012054,-0.050741,-0.085548,87.000000,87.000000,87.000000,87.000000,12.000000,12.000000,12.000000,200.000000,200.000000,0.000000,0.000000,0.000000,0.000000,0.000000,0.000000,0.000000,0.000000,0.000000
12,-0.704743,0.258529,-0.350405,1.367669,-0.403781,-0.452881,0.116494,-0.056111,-0.049095,0.110057,-2.550452,-0.208604,2.666262,0.845262,0.000036,0.000126,-0.070715,0.370620,-1.565290,0.023906,-0.409413,2.066577,-0.945630,-0.000862,0.000424,-30.099897,0.247988,11.142089,24.143932,4.889266,-32.615059,22.007778,0.027237,0.002315,-25.228415,-32.089256,-18.017145,35.160839,1.838742,4.237127,0.105255,0.018547,-0.272500,-25.228415,-32.089256,-18.017145,35.160839,1.838742,4.237127,0.105255,0.018547,-0.272500,87.000000,87.000000,87.000000,87.000000,12.000000,12.000000,12.000000,200.000000,200.000000,0.000000,0.000000,0.000000,0.000000,0.000000,0.000000,0.000000,0.000000,0.000000
13,-0.313824,0.785215,0.415576,0.960272,-0.621982,-1.377665,0.531633,-0.129176,-0.030923,0.136232,-2.529430,-0.264485,2.583305,0.920935,0.000143,0.000055,-1.849618,0.554629,0.642543,0.710555,-1.054371,-2.608994,1.733740,0.007024,-0.004595,36.174484,5.642076,-18.106211,-1.106787,33.209801,0.044231,-39.536030,0.361646,-0.213808,4.868882,-12.688400,3.007188,13.898819,0.983180,-11.851707,-0.032788,-0.145735,-0.165854,4.868882,-12.688400,3.007188,13.898819,0.983180,-11.851707,-0.032788,-0.145735,-0.165854,87.000000,87.000000,87.000000,87.000000,12.000000,12.000000,12.000000,200.000000,200.000000,0.000000,0.000000,0.000000,0.000000,0.000000,0.000000,0.000000,0.000000,0.000000
14,0.300227,-0.440238,0.358164,1.173272,-0.483205,-0.443058,0.149032,-0.110641,-0.026575,0.082947,-2.536840,-0.248257,2.657609,0.871265,0.000208,0.000012,0.471208,-0.458943,-1.320809,-0.289061,0.214891,2.232101,-1.116508,-0.002440,0.000863,-14.703376,-31.143137,28.310236,-5.642604,-17.153419,-22.718266,25.324163,-0.392033,0.240948,18.760998,-61.420212,12.831867,25.422350,-1.092790,5.480316,-0.030468,-0.928371,0.315253,18.760998,-61.420212,12.831867,25.422350,-1.092790,5.480316,-0.030468,-0.928371,0.315253,87.000000,87.000000,87.000000,87.000000,12.000000,12.000000,12.000000,200.000000,200.000000,0.000000,0.000000,0.000000,0.000000,0.000000,0.000000,0.000000,0.000000,0.000000
15,-0.351660,0.380164,0.126828,0.763785,-0.420138,-1.080624,0.230497,-0.132077,-0.045817,0.079253,-2.540670,-0.237605,2.587457,0.863263,0.000158,0.000014,-0.647729,-0.776307,-0.118423,-0.218859,0.596669,-2.355172,-0.142660,0.000705,-0.000921,3.343692,-5.343193,-5.721748,-13.742318,5.184856,15.475816,5.537686,0.151731,-0.078241,-1.581460,-24.754715,-1.282757,8.704187,0.910859,-0.090650,0.144270,-0.111308,-0.106765,-1.581460,-24.754715,-1.282757,8.704187,0.910859,-0.090650,0.144270,-0.111308,-0.106765,87.000000,87.000000,87.000000,87.000000,12.000000,12.000000,12.000000,200.000000,200.000000,0.000000,0.000000,0.000000,0.000000,0.000000,0.000000,0.000000,0.000000,0.000000
16,0.350724,0.797997,0.911636,0.772673,-0.341842,-0.803816,0.518267,-0.183732,-0.058926,0.120045,-2.558368,-0.199975,2.594399,0.929148,0.000241,0.000051,-0.985733,-0.258014,1.081010,-0.378348,0.875659,0.312191,1.478368,0.001334,0.003023,42.148739,14.306669,-15.341605,6.102116,-25.039606,-2.433709,-35.077339,-0.058946,0.300452,33.778885,-7.260435,23.075903,12.003512,-1.487176,2.478586,-0.281658,-0.675132,0.198477,33.778885,-7.260435,23.075903,12.003512,-1.487176,2.478586,-0.281658,-0.675132,0.198477,87.000000,87.000000,87.000000,87.000000,12.000000,12.000000,12.000000,200.000000,200.000000,0.000000,0.000000,0.000000,0.000000,0.000000,0.000000,0.000000,0.000000,0.000000
17,0.131642,0.009542,0.300576,1.257083,-0.504983,-0.374123,0.294520,-0.144048,-0.066323,0.086035,-2.572410,-0.219592,2.678791,0.911167,0.000231,0.000000,1.163346,-0.415378,-0.839492,-0.112520,-0.798789,2.449389,-0.453904,0.002518,-0.003421,-7.176589,-6.771816,18.173820,14.146281,4.161393,-9.768633,9.059943,0.281461,-0.256744,13.307190,-38.985519,8.382027,32.270565,-0.356772,6.674041,-0.111276,-0.172477,-0.193568,13.307190,-38.985519,8.382027,32.270565,-0.356772,6.674041,-0.111276,-0.172477,-0.193568,87.000000,87.000000,87.000000,87.000000,12.000000,12.000000,12.000000,200.000000,200.000000,0.000000,0.000000,0.000000,0.000000,0.000000,0.000000,0.000000,0.000000,0.000000
18,-0.278276,0.832322,0.332493,0.627803,-0.275823,-0.953508,0.393627,-0.153682,-0.074599,0.113880,-2.570747,-0.191395,2.631895,0.922929,0.000227,0.000000,-0.171173,-0.185517,0.772911,0.059254,1.169278,-1.757137,0.314148,-0.001188,-0.000025,13.220706,10.949396,-11.937059,-7.742826,-0.307152,15.536419,-4.447564,-0.212205,0.176779,2.373195,-5.018859,1.448822,5.251528,1.207203,-0.091112,0.105916,-0.739808,0.297166,2.373195,-5.018859,1.448822,5.251528,1.207203,-0.091112,0.105916,-0.739808,0.297166,87.000000,87.000000,87.000000,87.000000,12.000000,12.000000,12.000000,200.000000,200.000000,0.000000,0.000000,0.000000,0.000000,0.000000,0.000000,0.000000,0.000000,0.000000
19,0.382810,0.940362,0.392275,0.704996,-0.117305,-0.785629,0.463477,-0.111181,-0.066540,0.099645,-2.577509,-0.125946,2.628628,0.947102,0.000217,0.000006,1.302357,0.407660,-0.295034,-0.063672,1.550152,-0.042348,0.551677,-0.000003,0.000549,0.522122,16.225403,9.378330,4.268734,-36.524681,1.756865,-12.977685,0.071309,0.086234,20.760628,-2.618152,9.043171,9.888445,-0.870524,1.634097,-0.166233,-0.331150,0.088869,20.760628,-2.618152,9.043171,9.888445,-0.870524,1.634097,-0.166233,-0.331150,0.088869,87.000000,87.000000,87.000000,87.000000,12.000000,12.000000,12.000000,200.000000,200.000000,0.000000,0.000000,0.000000,0.000000,0.000000,0.000000,0.000000,0.000000,0.000000
20,-0.263096,0.090303,-0.151036,1.342099,-0.176056,-0.408283,0.070536,-0.052671,-0.051163,0.065695,-2.578592,-0.108233,2.697496,0.868271,0.000238,0.000000,1.334815,0.271009,-0.777731,0.360429,0.050476,1.749950,-1.861613,0.005063,-0.002324,-29.638323,-6.638556,18.891001,20.427263,-19.178539,-29.784391,40.976433,0.474568,-0.250085,-11.565796,-38.782768,-8.149664,35.259666,0.268968,4.649352,-0.051117,-0.046978,-0.238238,-11.565796,-38.782768,-8.149664,35.259666,0.268968,4.649352,-0.051117,-0.046978,-0.238238,87.000000,87.000000,87.000000,87.000000,12.000000,12.000000,12.000000,200.000000,200.000000,0.000000,0.000000,0.000000,0.000000,0.000000,0.000000,0.000000,0.000000,0.000000
21,-0.596570,0.586053,-0.256367,0.942085,-0.358967,-1.038596,0.108866,-0.041659,-0.040733,0.061457,-2.552438,-0.153649,2.620299,0.832627,0.000103,0.000130,0.096214,0.224212,-0.134076,0.822125,-0.902218,-2.549490,-0.782082,-0.006692,0.007723,-11.170561,0.788431,-3.980659,-5.049923,30.373390,3.835974,18.935740,-0.525338,0.560072,-21.416769,-19.242525,-15.040648,14.497740,2.035269,-1.192578,0.196848,-0.667351,0.161163,-21.416769,-19.242525,-15.040648,14.497740,2.035269,-1.192578,0.196848,-0.667351,0.161163,87.000000,87.000000,87.000000,87.000000,12.000000,12.000000,12.000000,200.000000,200.000000,0.000000,0.000000,0.000000,0.000000,0.000000,0.000000,0.000000,0.000000,0.000000
22,0.137001,0.277107,0.583716,0.724913,-0.498479,-1.190228,0.294683,-0.081751,-0.039412,0.107102,-2.540290,-0.196783,2.535344,0.858873,0.000059,0.000125,-0.812534,-0.283733,1.174102,0.074203,-0.932272,-2.383252,0.588476,0.000446,-0.001127,31.731113,-14.238733,-18.981684,-23.623415,22.759182,13.632874,-13.878102,0.141318,-0.139981,16.008606,-31.212847,10.561965,5.769531,-0.478108,-0.344952,-0.014054,0.079807,-0.420573,16.008606,-31.212847,10.561965,5.769531,-0.478108,-0.344952,-0.014054,0.079807,-0.420573,87.000000,87.000000,87.000000,87.000000,12.000000,12.000000,12.000000,200.000000,200.000000,0.000000,0.000000,0.000000,0.000000,0.000000,0.000000,0.000000,0.000000,0.000000
23,0.033598,-0.251084,0.122453,1.120778,-0.421411,-0.392612,0.124709,-0.046430,-0.056602,0.081558,-2.563463,-0.201775,2.617111,0.832559,0.000110,0.000063,0.915966,-0.922896,-0.625061,-0.651943,-0.268137,2.609845,-0.592442,0.003296,-0.003093,-17.169626,-19.846951,17.881643,-0.808986,-1.823277,-0.073385,13.103924,0.306883,-0.268155,1.625798,-49.582069,1.074395,26.696505,-0.193992,10.922000,-0.008400,0.073715,-0.376690,1.625798,-49.582069,1.074395,26.696505,-0.193992,10.922000,-0.008400,0.073715,-0.376690,87.000000,87.000000,87.000000,87.000000,12.000000,12.000000,12.000000,200.000000,200.000000,0.000000,0.000000,0.000000,0.000000,0.000000,0.000000,0.000000,0.000000,0.000000
24,-0.586708,0.517439,-0.120606,0.943985,-0.366890,-0.802733,0.352714,-0.053368,-0.081377,0.091727,-2.573856,-0.206265,2.623920,0.872307,0.000083,0.000085,-0.324468,-0.727043,0.207116,-0.076442,0.151440,-0.280331,0.904748,-0.002447,0.002595,-4.495677,7.312242,-10.151643,7.518396,9.890179,-7.418861,-19.931379,-0.240503,0.250210,-18.605314,-15.837697,-13.278929,19.377817,1.995345,1.368747,0.047344,-0.410186,0.074053,-18.605314,-15.837697,-13.278929,19.377817,1.995345,1.368747,0.047344,-0.410186,0.074053,87.000000,87.000000,87.000000,87.000000,12.000000,12.000000,12.000000,200.000000,200.000000,0.000000,0.000000,0.000000,0.000000,0.000000,0.000000,0.000000,0.000000,0.000000
25,-0.096857,0.654874,0.157108,1.093617,-0.153894,-0.836532,0.328171,-0.050101,-0.093126,0.088023,-2.569915,-0.152366,2.608607,0.888130,0.000100,0.000098,0.104463,-0.186551,-0.108234,0.491511,1.488864,-0.542765,0.370207,0.000742,0.001031,-2.492376,16.326391,2.056542,17.326199,-23.341225,6.734529,-7.670107,0.093021,-0.000147,-0.296875,-10.326047,-0.342297,24.087126,0.731197,2.778131,-0.067111,-0.091930,-0.272251,-0.296875,-10.326047,-0.342297,24.087126,0.731197,2.778131,-0.067111,-0.091930,-0.272251,87.000000,87.000000,87.000000,87.000000,12.000000,12.000000,12.000000,200.000000,200.000000,0.000000,0.000000,0.000000,0.000000,0.000000,0.000000,0.000000,0.000000,0.000000
26,-0.082323,1.054896,0.472188,0.644566,0.023004,-0.640921,0.494100,-0.086009,-0.084395,0.128048,-2.565850,-0.074038,2.656304,0.936101,0.000074,0.000199,-0.784294,0.465675,1.004639,0.245237,1.870562,1.141268,1.082353,-0.002188,0.007259,25.266579,18.204748,-18.804352,3.254417,-41.942772,-25.129128,-25.200726,-0.138141,0.421734,7.122612,3.341880,4.901073,5.647888,-0.569954,0.515975,-0.177615,-0.246266,-0.181749,7.122612,3.341880,4.901073,5.647888,-0.569954,0.515975,-0.177615,-0.246266,-0.181749,87.000000,87.000000,87.000000,87.000000,12.000000,12.000000,12.000000,200.000000,200.000000,0.000000,0.000000,0.000000,0.000000,0.000000,0.000000,0.000000,0.000000,0.000000
27,0.011169,0.415552,0.138127,1.112023,-0.154081,-0.547166,0.375057,-0.050919,-0.064316,0.098652,-2.553637,-0.072784,2.692617,0.933735,0.000047,0.000156,0.908257,0.508721,-0.741656,0.590496,-0.218998,0.766582,-0.101359,0.000630,-0.002568,-18.569944,-0.920666,18.842318,7.161242,-3.960519,-14.874690,0.978811,0.079081,-0.222023,1.032191,-25.042540,0.686166,22.677258,-0.064613,2.934290,-0.097134,-0.025490,-0.533046,1.032191,-25.042540,0.686166,22.677258,-0.064613,2.934290,-0.097134,-0.025490,-0.533046,87.000000,87.000000,87.000000,87.000000,12.000000,12.000000,12.000000,200.000000,200.000000,0.000000,0.000000,0.000000,0.000000,0.000000,0.000000,0.000000,0.000000,0.000000
28,-0.397039,0.465454,-0.172655,0.906828,-0.305003,-0.950731,0.023201,-0.030633,-0.049651,0.074516,-2.531244,-0.116716,2.628478,0.851271,0.000000,0.000308,0.324953,0.258948,-0.618461,0.572157,-0.994007,-1.871566,-2.024590,-0.003504,0.008998,-17.114470,-5.251815,6.495913,-15.489563,28.031525,33.184830,35.169052,-0.222753,0.612124,-15.268176,-23.797350,-10.845403,11.437952,1.367032,1.666475,-0.566111,-0.053433,-0.195116,-15.268176,-23.797350,-10.845403,11.437952,1.367032,1.666475,-0.566111,-0.053433,-0.195116,87.000000,87.000000,87.000000,87.000000,12.000000,12.000000,12.000000,200.000000,200.000000,0.000000,0.000000,0.000000,0.000000,0.000000,0.000000,0.000000,0.000000,0.000000
29,0.071954,0.741971,0.474573,0.750260,-0.236706,-1.238824,0.334183,-0.064137,-0.037450,0.105707,-2.520129,-0.121582,2.542308,0.877257,0.000060,0.000174,-0.729447,0.310980,0.810581,0.227109,0.168274,-2.609353,0.631292,0.003765,-0.006417,23.647154,2.534233,-14.676207,-11.475495,4.603760,0.084929,-13.629562,0.261795,-0.443416,11.307409,-13.406616,7.526621,5.450059,0.045301,-2.992842,0.000924,0.059832,-0.702859,11.307409,-13.406616,7.526621,5.450059,0.045301,-2.992842,0.000924,0.059832,-0.702859,87.000000,87.000000,87.000000,87.000000,12.000000,12.000000,12.000000,200.000000,200.000000,0.000000,0.000000,0.000000,0.000000,0.000000,0.000000,0.000000,0.000000,0.000000
30,-0.069190,-0.575098,0.066889,1.320062,-0.397138,-0.320783,0.176547,-0.042265,-0.041100,0.080393,-2.537551,-0.151817,2.622342,0.855082,0.000126,0.000066,0.495876,-0.696238,-0.660279,-0.522553,-1.100403,2.609050,-0.533573,0.003375,-0.002819,-15.781275,-31.207993,12.914853,-8.962554,18.389345,36.976086,9.404332,0.251070,-0.106658,-1.619659,-65.033211,-1.256038,31.734447,0.226023,12.000000,-0.127679,-0.056940,-0.138181,-1.619659,-65.033211,-1.256038,31.734447,0.226023,15.848607,-0.127679,-0.056940,-0.138181,87.000000,87.000000,87.000000,87.000000,12.000000,12.000000,12.000000,200.000000,200.000000,0.000000,0.000000,0.000000,0.000000,0.000000,0.000000,0.000000,0.000000,0.000000
31,-0.634890,0.425998,-0.202321,1.076452,-0.410883,-0.708438,0.160144,-0.053272,-0.060038,0.077268,-2.545089,-0.190501,2.645602,0.838195,0.000121,0.000055,-0.477794,-0.611066,-0.162661,0.016326,-0.742788,0.175774,-0.367197,-0.001063,0.001058,-7.367924,3.457771,-6.863042,8.074512,25.512405,-13.629436,9.312738,-0.182614,0.191719,-20.291466,-21.728104,-14.224176,22.160601,2.225333,1.853413,0.144164,-0.486915,0.139298,-20.291466,-21.728104,-14.224176,22.160601,2.225333,1.853413,0.144164,-0.486915,0.139298,87.000000,87.000000,87.000000,87.000000,12.000000,12.000000,12.000000,200.000000,200.000000,0.000000,0.000000,0.000000,0.000000,0.000000,0.000000,0.000000,0.000000,0.000000
32,0.193427,0.746550,0.582767,0.711545,-0.677411,-1.322007,0.412882,-0.090480,-0.073830,0.102151,-2.538338,-0.261351,2.560921,0.890475,0.000141,0.000037,-0.754592,-0.379673,0.661328,0.155844,-1.560750,-2.610583,1.149067,0.001482,-0.000688,28.200844,8.047966,-9.963909,-8.869362,36.637650,-0.031600,-26.770046,0.015256,0.044386,18.617432,-8.161636,12.795867,5.696802,0.014302,-7.834654,-0.051649,-0.357702,0.043317,18.617432,-8.161636,12.795867,5.696802,0.014302,-7.834654,-0.051649,-0.357702,0.043317,87.000000,87.000000,87.000000,87.000000,12.000000,12.000000,12.000000,200.000000,200.000000,0.000000,0.000000,0.000000,0.000000,0.000000,0.000000,0.000000,0.000000,0.000000
33,0.265608,0.283369,0.393719,0.764592,-0.395796,-0.862656,0.093609,-0.071535,-0.087469,0.088302,-2.558657,-0.231676,2.567641,0.841511,0.000154,0.000018,0.629801,-0.591202,-0.298406,-0.667306,0.789183,0.253738,-1.072016,-0.000840,0.000667,-2.342652,-5.974679,13.783131,-7.199020,-19.645159,-5.206934,25.460621,0.009360,-0.020473,14.529182,-25.839231,10.271299,11.702115,-0.557247,2.254194,0.030548,-0.237606,-0.121821,14.529182,-25.839231,10.271299,11.702115,-0.557247,2.254194,0.030548,-0.237606,-0.121821,87.000000,87.000000,87.000000,87.000000,12.000000,12.000000,12.000000,200.000000,200.000000,0.000000,0.000000,0.000000,0.000000,0.000000,0.000000,0.000000,0.000000,0.000000
34,-0.367554,0.381449,-0.108771,0.896217,-0.434022,-0.928960,0.101246,-0.052851,-0.103400,0.074257,-2.579461,-0.229487,2.560888,0.817384,0.000076,0.000087,0.340731,-0.532671,-0.366388,-0.470342,0.017890,-0.334237,-0.529482,-0.001790,0.001769,-15.416884,2.057394,4.886618,2.808072,-0.869484,2.941763,12.307358,0.012518,-0.005210,-12.283424,-20.340527,-9.014990,18.681105,0.859972,2.145972,0.058347,-0.015633,-0.300528,-12.283424,-20.340527,-9.014990,18.681105,0.859972,2.145972,0.058347,-0.015633,-0.300528,87.000000,87.000000,87.000000,87.000000,12.000000,12.000000,12.000000,200.000000,200.000000,0.000000,0.000000,0.000000,0.000000,0.000000,0.000000,0.000000,0.000000,0.000000
35,-0.232154,0.344257,0.016408,1.328718,-0.253405,-0.705889,0.216452,-0.049972,-0.111109,0.068901,-2.588521,-0.189713,2.595365,0.832333,0.000032,0.000148,0.014476,-0.145674,-0.148285,0.277360,1.048908,0.791266,0.361501,-0.002161,0.003473,-4.621532,10.644461,0.612530,29.617680,-21.008799,-16.941725,-8.218655,-0.031136,0.123011,-5.600706,-21.749195,-4.414468,36.243813,1.014312,4.182261,-0.082456,0.024604,-0.321232,-5.600706,-21.749195,-4.414468,36.243813,1.014312,4.182261,-0.082456,0.024604,-0.321232,87.000000,87.000000,87.000000,87.000000,12.000000,12.000000,12.000000,200.000000,200.000000,0.000000,0.000000,0.000000,0.000000,0.000000,0.000000,0.000000,0.000000,0.000000
36,-0.229211,0.845646,0.291554,0.922531,-0.120120,-0.765416,0.449864,-0.085101,-0.102470,0.101782,-2.575721,-0.132986,2.616802,0.896264,0.000041,0.000223,-0.835074,0.448107,0.798552,0.677171,1.482490,0.308388,1.436872,0.001051,0.004222,19.955881,17.327799,-18.401630,11.935919,-26.602234,-12.235760,-33.145206,0.113897,0.182357,0.997667,-3.588152,0.351437,16.899986,0.348966,1.619974,-0.161800,0.039678,-0.435267,0.997667,-3.588152,0.351437,16.899986,0.348966,1.619974,-0.161800,0.039678,-0.435267,87.000000,87.000000,87.000000,87.000000,12.000000,12.000000,12.000000,200.000000,200.000000,0.000000,0.000000,0.000000,0.000000,0.000000,0.000000,0.000000,0.000000,0.000000
37,0.076527,0.210254,0.178020,1.415761,-0.284973,-0.537509,0.220124,-0.060007,-0.082667,0.076383,-2.547070,-0.134420,2.663506,0.876216,0.000068,0.000139,0.693408,0.496575,-0.639783,1.245213,-0.333231,1.170923,-0.500717,0.001911,-0.003713,-12.495914,-1.465993,17.155293,17.913168,-4.984796,-16.539787,9.906581,0.077135,-0.247292,5.292821,-31.783972,3.695671,33.168049,-0.136220,4.497318,-0.114542,-0.153587,-0.468074,5.292821,-31.783972,3.695671,33.168049,-0.136220,4.497318,-0.114542,-0.153587,-0.468074,87.000000,87.000000,87.000000,87.000000,12.000000,12.000000,12.000000,200.000000,200.000000,0.000000,0.000000,0.000000,0.000000,0.000000,0.000000,0.000000,0.000000,0.000000
38,-0.334961,0.660464,0.005633,0.609313,-0.552925,-1.361400,-0.011119,-0.063140,-0.069053,0.075237,-2.508206,-0.204772,2.579993,0.808719,0.000013,0.000263,-0.172223,0.220261,-0.034746,0.808052,-1.648976,-2.614757,-1.521950,-0.002355,0.008503,-0.734501,-6.355952,-2.923594,-29.777485,37.736061,0.003762,35.529655,-0.235205,0.658086,-7.922271,-14.411088,-5.859292,-3.739310,0.751600,-10.923224,0.232725,-0.268236,0.000422,-7.922271,-14.411088,-5.859292,-3.739310,0.751600,-10.923224,0.232725,-0.268236,0.000422,87.000000,87.000000,87.000000,87.000000,12.000000,12.000000,12.000000,200.000000,200.000000,0.000000,0.000000,0.000000,0.000000,0.000000,0.000000,0.000000,0.000000,0.000000
39,0.389262,0.230481,0.503660,0.434610,-0.655422,-1.424000,0.117397,-0.060453,-0.073358,0.075263,-2.510853,-0.260097,2.492842,0.803562,0.000000,0.000260,0.219912,-0.564351,0.106694,-0.656116,-1.208980,-2.612400,-0.091839,-0.000661,-0.000310,8.731575,-21.769335,7.445235,-41.649403,26.698736,0.036092,2.587701,0.054768,-0.154464,20.321308,-30.059959,14.272876,-7.299171,-0.717310,-6.458968,0.082802,0.157425,-0.800008,20.321308,-30.059959,14.272876,-7.299171,-0.717310,-6.458968,0.082802,0.157425,-0.800008,87.000000,87.000000,87.000000,87.000000,12.000000,12.000000,12.000000,200.000000,200.000000,0.000000,0.000000,0.000000,0.000000,0.000000,0.000000,0.000000,0.000000,0.000000
40,-0.141910,0.159710,0.037293,1.088380,-0.412721,-0.475276,0.047862,-0.044207,-0.089588,0.065953,-2.554716,-0.238055,2.574695,0.784796,0.000009,0.000206,0.390819,-0.591985,-0.233395,-1.089807,0.512017,2.611140,-0.394725,0.000525,-0.002243,-8.815783,-1.132618,6.211643,10.599889,-14.124101,-0.012746,9.175473,0.259189,-0.303220,-3.690521,-30.336554,-2.793597,26.505480,0.294742,11.009212,-0.010437,0.379481,-0.792709,-3.690521,-30.336554,-2.793597,26.505480,0.294742,11.009212,-0.010437,0.379481,-0.792709,87.000000,87.000000,87.000000,87.000000,12.000000,12.000000,12.000000,200.000000,200.000000,0.000000,0.000000,0.000000,0.000000,0.000000,0.000000,0.000000,0.000000,0.000000
41,-0.479444,0.353157,-0.115350,1.349715,-0.338447,-0.645970,0.254097,-0.050122,-0.099854,0.071866,-2.572320,-0.217923,2.624450,0.824306,0.000000,0.000223,-0.258126,-0.228512,0.092927,0.059082,0.609417,0.881140,0.892910,-0.001490,0.002678,-3.665137,10.436258,-7.411307,30.285484,-7.118146,-26.803892,-20.423296,-0.114159,0.222537,-14.700600,-22.085556,-11.022302,36.411686,1.842082,3.415226,-0.053870,-0.054862,-0.261109,-14.700600,-22.085556,-11.022302,36.411686,1.842082,3.415226,-0.053870,-0.054862,-0.261109,87.000000,87.000000,87.000000,87.000000,12.000000,12.000000,12.000000,200.000000,200.000000,0.000000,0.000000,0.000000,0.000000,0.000000,0.000000,0.000000,0.000000,0.000000
42,-0.146902,0.645691,0.412146,1.178171,-0.487074,-0.999382,0.472170,-0.092840,-0.096516,0.112749,-2.550752,-0.234753,2.572664,0.897371,0.000073,0.000148,-0.961321,0.242582,1.014837,0.974756,-0.261839,-1.540199,1.625532,0.004341,-0.004028,26.791830,14.670566,-20.261963,11.431331,15.773501,27.538631,-37.563900,0.328992,-0.217004,5.639136,-11.664230,3.609610,24.307713,0.892803,2.976182,-0.118873,0.114175,-0.413070,5.639136,-11.664230,3.609610,24.307713,0.892803,2.976182,-0.118873,0.114175,-0.413070,87.000000,87.000000,87.000000,87.000000,12.000000,12.000000,12.000000,200.000000,200.000000,0.000000,0.000000,0.000000,0.000000,0.000000,0.000000,0.000000,0.000000,0.000000
43,0.006726,0.657542,0.695606,0.817510,-0.450916,-0.688479,0.300705,-0.135375,-0.081996,0.162677,-2.537316,-0.226284,2.617779,0.895355,0.000117,0.000059,-0.804933,0.416159,1.225967,0.417317,0.058756,1.236284,-0.070446,-0.000159,-0.000826,32.380161,3.723326,-19.015423,-3.630402,-12.136100,-20.198427,0.485563,-0.107198,0.086025,15.080780,-13.440491,10.466789,9.426538,-0.857618,1.745697,-0.106719,-0.400936,0.064027,15.080780,-13.440491,10.466789,9.426538,-0.857618,1.745697,-0.106719,-0.400936,0.064027,87.000000,87.000000,87.000000,87.000000,12.000000,12.000000,12.000000,200.000000,200.000000,0.000000,0.000000,0.000000,0.000000,0.000000,0.000000,0.000000,0.000000,0.000000
44,-0.038436,0.474318,0.064321,0.877228,-0.414106,-1.021436,0.317814,-0.070111,-0.068650,0.113738,-2.523559,-0.222837,2.574493,0.897206,0.000085,0.000074,1.661082,0.230834,-1.214081,0.336594,0.302006,-1.440265,0.051856,-0.001288,0.001061,-34.054523,-5.320782,29.731598,-13.602988,5.999313,18.917175,0.051844,-0.047437,0.058240,-2.316935,-21.866648,-1.586200,10.360910,0.803457,1.195673,0.083470,-0.163859,-0.124956,-2.316935,-21.866648,-1.586200,10.360910,0.803457,1.195673,0.083470,-0.163859,-0.124956,87.000000,87.000000,87.000000,87.000000,12.000000,12.000000,12.000000,200.000000,200.000000,0.000000,0.000000,0.000000,0.000000,0.000000,0.000000,0.000000,0.000000,0.000000
45,-0.403118,0.658061,-0.185686,0.930191,-0.096257,-0.830293,0.108855,-0.033402,-0.055502,0.084842,-2.526586,-0.146553,2.587662,0.848109,0.000058,0.000113,0.706091,0.377969,-0.695435,0.020354,1.887118,0.285990,-1.056623,-0.001007,0.001894,-24.484280,4.459941,9.959882,2.563709,-40.741909,-9.283303,25.295418,0.081500,-0.012058,-16.733292,-15.393250,-11.789128,14.494423,0.482285,1.608582,0.062276,0.078373,-0.364729,-16.733292,-15.393250,-11.789128,14.494423,0.482285,1.608582,0.062276,0.078373,-0.364729,87.000000,87.000000,87.000000,87.000000,12.000000,12.000000,12.000000,200.000000,200.000000,0.000000,0.000000,0.000000,0.000000,0.000000,0.000000,0.000000,0.000000,0.000000
46,-0.464276,0.637975,-0.158666,1.126049,-0.249976,-0.933600,0.309440,-0.031295,-0.035741,0.073671,-2.517467,-0.140068,2.568843,0.870828,0.000039,0.000128,-0.133685,0.595265,-0.337298,0.473961,0.082477,-0.602514,0.500172,0.000767,-0.000696,-9.933724,5.764993,-2.529094,5.270265,-2.023946,11.560749,-12.121363,0.064401,-0.073758,-16.273983,-18.275967,-11.490201,20.551702,0.823182,2.535785,-0.042447,-0.025987,-0.334172,-16.273983,-18.275967,-11.490201,20.551702,0.823182,2.535785,-0.042447,-0.025987,-0.334172,87.000000,87.000000,87.000000,87.000000,12.000000,12.000000,12.000000,200.000000,200.000000,0.000000,0.000000,0.000000,0.000000,0.000000,0.000000,0.000000,0.000000,0.000000
47,0.154691,0.207459,0.446656,1.207187,-0.552121,-0.928921,0.207892,-0.059884,-0.018057,0.089842,-2.502068,-0.200563,2.552666,0.859358,0.000077,0.000114,-0.636668,0.281594,0.431382,0.502172,-1.628064,-0.392899,-0.301576,0.001163,0.000393,18.477648,-10.080292,-6.736426,-4.179582,27.332495,13.103265,5.783477,-0.078393,0.155702,13.732381,-36.974598,9.145372,21.952976,-0.216237,3.573516,-0.022247,-0.356855,-0.003046,13.732381,-36.974598,9.145372,21.952976,-0.216237,3.573516,-0.022247,-0.356855,-0.003046,87.000000,87.000000,87.000000,87.000000,12.000000,12.000000,12.000000,200.000000,200.000000,0.000000,0.000000,0.000000,0.000000,0.000000,0.000000,0.000000,0.000000,0.000000
48,0.136576,0.109943,0.483361,0.944966,-0.575428,-0.863998,0.124672,-0.079861,-0.016933,0.108383,-2.502774,-0.242357,2.566651,0.832314,0.000123,0.000073,-0.360169,-0.347500,0.470021,-0.195101,-0.948435,0.253322,-0.597534,0.001778,-0.001042,15.966778,-18.065577,-6.166968,-16.016108,19.319124,-8.413852,13.938363,0.064439,-0.042738,13.727063,-39.746437,9.050280,12.699762,-0.043445,2.086618,0.076210,-0.255010,-0.163792,13.727063,-39.746437,9.050280,12.699762,-0.043445,2.086618,0.076210,-0.255010,-0.163792,87.000000,87.000000,87.000000,87.000000,12.000000,12.000000,12.000000,200.000000,200.000000,0.000000,0.000000,0.000000,0.000000,0.000000,0.000000,0.000000,0.000000,0.000000
49,-0.214824,0.123921,0.077429,0.903216,-0.484444,-0.705431,0.145072,-0.066029,-0.034380,0.095461,-2.525913,-0.246896,2.612699,0.822675,0.000101,0.000068,0.310414,-0.839501,-0.339859,-0.747636,-0.050761,0.985339,-0.194127,-0.001168,0.000372,-10.113086,-13.831965,6.587818,-7.361129,-0.389269,-27.021166,4.704237,-0.026261,-0.019417,-4.720850,-36.239693,-3.253507,14.849006,0.446005,1.716130,0.058639,-0.172473,-0.202479,-4.720850,-36.239693,-3.253507,14.849006,0.446005,1.716130,0.058639,-0.172473,-0.202479,87.000000,87.000000,87.000000,87.000000,12.000000,12.000000,12.000000,200.000000,200.000000,0.000000,0.000000,0.000000,0.000000,0.000000,0.000000,0.000000,0.000000,0.000000
50,-0.283938,0.502302,0.187817,0.959179,-0.401116,-0.908290,0.362023,-0.080360,-0.057470,0.109823,-2.545072,-0.233082,2.592386,0.869732,0.000111,0.000072,-0.368935,-0.702296,0.339598,-0.393748,0.571627,-0.823983,1.067104,0.001221,0.000175,6.266284,5.678075,-9.260952,4.851933,-0.962537,6.292995,-23.761101,0.117918,-0.013318,-3.588639,-18.514620,-2.708444,18.375771,1.031979,1.913669,-0.026246,-0.103349,-0.183441,-3.588639,-18.514620,-2.708444,18.375771,1.031979,1.913669,-0.026246,-0.103349,-0.183441,87.000000,87.000000,87.000000,87.000000,12.000000,12.000000,12.000000,200.000000,200.000000,0.000000,0.000000,0.000000,0.000000,0.000000,0.000000,0.000000,0.000000,0.000000
51,-0.118575,0.702439,0.400266,0.958774,-0.280437,-0.742753,0.480993,-0.100926,-0.068906,0.132351,-2.560556,-0.191104,2.613132,0.923629,0.000116,0.000108,-0.410385,-0.211133,0.543919,-0.170498,1.017323,0.486089,1.196605,-0.000835,0.003543,14.565763,13.991989,-9.877566,13.903261,-24.173189,-10.582821,-28.168980,-0.074768,0.216344,5.258437,-10.428411,3.406084,19.512815,-0.058933,2.467941,-0.180882,-0.309093,-0.095926,5.258437,-10.428411,3.406084,19.512815,-0.058933,2.467941,-0.180882,-0.309093,-0.095926,87.000000,87.000000,87.000000,87.000000,12.000000,12.000000,12.000000,200.000000,200.000000,0.000000,0.000000,0.000000,0.000000,0.000000,0.000000,0.000000,0.000000,0.000000
52,-0.045020,0.430316,0.033948,1.098703,-0.209157,-0.590820,0.275320,-0.053104,-0.069199,0.088703,-2.566166,-0.152202,2.658060,0.902914,0.000068,0.000115,1.163373,-0.033331,-1.067654,0.146775,0.822677,0.992999,-0.476576,-0.001240,0.000239,-26.780239,3.872328,25.144392,14.399829,-22.773565,-21.832575,10.646586,0.034757,-0.091044,-2.193706,-22.339769,-1.442816,24.742624,0.260662,2.949937,-0.058035,-0.011890,-0.404369,-2.193706,-22.339769,-1.442816,24.742624,0.260662,2.949937,-0.058035,-0.011890,-0.404369,87.000000,87.000000,87.000000,87.000000,12.000000,12.000000,12.000000,200.000000,200.000000,0.000000,0.000000,0.000000,0.000000,0.000000,0.000000,0.000000,0.000000,0.000000
53,-0.379446,0.994272,0.088766,0.715509,-0.140617,-1.095179,0.535875,-0.065773,-0.060790,0.102603,-2.553134,-0.121722,2.585337,0.953007,0.000158,0.000044,-0.406751,0.386623,0.342714,0.430834,1.037935,-2.253984,1.140547,0.006882,-0.004669,4.358546,14.904558,-12.092351,-5.276554,-6.320879,21.337551,-25.013721,0.425043,-0.262800,-8.586637,-0.943881,-6.258840,6.506551,0.991290,-0.403825,-0.001040,-0.065519,-0.221188,-8.586637,-0.943881,-6.258840,6.506551,0.991290,-0.403825,-0.001040,-0.065519,-0.221188,87.000000,87.000000,87.000000,87.000000,12.000000,12.000000,12.000000,200.000000,200.000000,0.000000,0.000000,0.000000,0.000000,0.000000,0.000000,0.000000,0.000000,0.000000
54,0.098056,-0.382075,0.172493,1.449191,-0.350485,-0.439127,0.084025,-0.043900,-0.055032,0.075480,-2.551810,-0.138646,2.655032,0.874755,0.000339,0.000000,0.530024,-0.253532,-0.658512,0.266320,-0.946640,2.126697,-1.858891,0.007304,-0.004901,-12.523812,-21.991673,15.907673,11.675830,-7.402121,-26.763882,40.091042,0.226593,-0.118910,5.293570,-56.852200,3.526608,37.157261,-0.995483,5.883135,-0.092046,-0.810302,0.291913,5.293570,-56.852200,3.526608,37.157261,-0.995483,5.883135,-0.092046,-0.810302,0.291913,87.000000,87.000000,87.000000,87.000000,12.000000,12.000000,12.000000,200.000000,200.000000,0.000000,0.000000,0.000000,0.000000,0.000000,0.000000,0.000000,0.000000,0.000000
55,-0.596078,0.719778,-0.237615,0.882885,-0.258785,-0.855848,0.068104,-0.045898,-0.057832,0.066257,-2.537042,-0.148556,2.636593,0.825753,0.000246,0.000032,-0.246494,-0.071025,-0.310340,0.516973,0.086965,-0.903489,-1.042514,-0.005865,0.002437,-10.737667,7.258451,-4.040894,-3.552589,15.702761,5.581841,26.148668,-0.544992,0.339930,-20.129488,-11.375194,-14.201862,11.773867,2.214247,0.634181,0.231261,-1.050496,0.322848,-20.129488,-11.375194,-14.201862,11.773867,2.214247,0.634181,0.231261,-1.050496,0.322848,87.000000,87.000000,87.000000,87.000000,12.000000,12.000000,12.000000,200.000000,200.000000,0.000000,0.000000,0.000000,0.000000,0.000000,0.000000,0.000000,0.000000,0.000000
56,-0.027762,0.526402,0.205343,0.923492,-0.466078,-1.198309,0.172863,-0.060115,-0.057583,0.063351,-2.517531,-0.189989,2.551662,0.826431,0.000131,0.000055,-0.357424,-0.085638,-0.073239,0.558976,-0.954364,-2.610987,0.011358,-0.002059,0.001247,5.931567,-0.058481,0.065255,-7.713428,21.623890,-0.021443,-0.449518,0.026714,0.076362,4.994365,-19.508636,3.348477,11.502494,0.269478,-2.121052,0.018524,-0.094470,-0.073458,4.994365,-19.508636,3.348477,11.502494,0.269478,-2.121052,0.018524,-0.094470,-0.073458,87.000000,87.000000,87.000000,87.000000,12.000000,12.000000,12.000000,200.000000,200.000000,0.000000,0.000000,0.000000,0.000000,0.000000,0.000000,0.000000,0.000000,0.000000
57,0.062015,0.048755,0.168638,0.911245,-0.491241,-0.862656,-0.019595,-0.056985,-0.066710,0.046794,-2.523634,-0.213761,2.560441,0.780985,0.000128,0.000054,0.068513,-0.614606,-0.406036,-0.339969,-0.703582,0.393082,-1.016986,0.001076,-0.000363,-3.520646,-16.086897,8.189857,-13.931193,3.914526,-2.579005,22.909561,0.160121,-0.087741,6.647928,-37.395439,4.551126,13.511535,-0.530574,2.636958,0.044179,-0.062540,-0.233934,6.647928,-37.395439,4.551126,13.511535,-0.530574,2.636958,0.044179,-0.062540,-0.233934,87.000000,87.000000,87.000000,87.000000,12.000000,12.000000,12.000000,200.000000,200.000000,0.000000,0.000000,0.000000,0.000000,0.000000,0.000000,0.000000,0.000000,0.000000
58,0.108599,0.248552,0.380727,0.843739,-0.730310,-1.066038,0.143946,-0.078428,-0.089070,0.061926,-2.535968,-0.286039,2.527058,0.796146,0.000119,0.000072,-0.441016,-0.859826,0.431045,-0.445218,-1.682022,-1.024690,0.328579,-0.000282,0.001293,17.614073,-6.270897,-5.973912,-12.448063,38.619801,16.129581,-7.687616,-0.102086,0.149816,12.808708,-26.407419,8.774061,12.165639,0.325379,1.963483,0.024496,-0.388072,0.010905,12.808708,-26.407419,8.774061,12.165639,0.325379,1.963483,0.024496,-0.388072,0.010905,87.000000,87.000000,87.000000,87.000000,12.000000,12.000000,12.000000,200.000000,200.000000,0.000000,0.000000,0.000000,0.000000,0.000000,0.000000,0.000000,0.000000,0.000000
59,0.155820,0.390676,0.545774,0.876887,-0.496018,-0.771802,0.254774,-0.100939,-0.112877,0.092820,-2.565060,-0.272052,2.570579,0.830479,0.000100,0.000084,-0.320643,-0.729624,0.815725,-0.693662,0.504097,1.043778,0.789011,-0.002187,0.002260,25.123707,4.354026,-9.580714,7.732826,-9.898978,-24.920918,-18.095024,-0.077272,0.079762,16.610718,-18.562153,11.666140,17.629063,-0.009427,2.410411,-0.108826,-0.182288,-0.197687,16.610718,-18.562153,11.666140,17.629063,-0.009427,2.410411,-0.108826,-0.182288,-0.197687,87.000000,87.000000,87.000000,87.000000,12.000000,12.000000,12.000000,200.000000,200.000000,0.000000,0.000000,0.000000,0.000000,0.000000,0.000000,0.000000,0.000000,0.000000
60,-0.065828,0.401102,0.085608,1.339908,-0.322310,-0.378747,0.080112,-0.065905,-0.123931,0.076137,-2.580149,-0.225255,2.657655,0.807476,0.000060,0.000107,0.968533,-0.170336,-0.410438,0.128404,1.115376,2.612562,-0.508469,-0.001150,0.001091,-14.054535,15.269879,14.754459,31.121508,-24.053942,0.007668,12.000642,0.089032,-0.057698,-0.752674,-18.123297,-0.708268,36.523388,0.729118,8.231256,-0.066893,0.100815,-0.384530,-0.752674,-18.123297,-0.708268,36.523388,0.729118,8.231256,-0.066893,0.100815,-0.384530,87.000000,87.000000,87.000000,87.000000,12.000000,12.000000,12.000000,200.000000,200.000000,0.000000,0.000000,0.000000,0.000000,0.000000,0.000000,0.000000,0.000000,0.000000
61,-0.419395,0.928872,0.010797,0.769119,0.060730,-0.900314,0.505959,-0.065123,-0.118809,0.093627,-2.566339,-0.142356,2.632186,0.890597,0.000179,0.000114,-0.047302,0.334094,0.453505,0.570643,2.663259,-1.178023,2.094298,0.007467,0.000524,-0.527635,17.266670,-10.121204,0.059266,3.128228,8.946297,-30.886143,0.484234,0.004333,-11.494716,1.344130,-8.827218,9.622603,6.881811,0.113065,1.025481,-0.041962,-0.265963,-11.494716,1.344130,-8.827218,9.622603,6.881811,0.113065,1.025481,-0.041962,-0.265963,87.000000,87.000000,87.000000,87.000000,12.000000,12.000000,12.000000,200.000000,200.000000,0.000000,0.000000,0.000000,0.000000,0.000000,0.000000,0.000000,0.000000,0.000000
62,0.169504,0.248691,0.257796,1.517574,-0.169152,-0.608194,0.215239,-0.038481,-0.099626,0.080969,-2.539255,-0.109078,2.649513,0.872650,0.000201,0.000044,0.756309,0.572312,-0.264671,1.292327,0.412244,0.580817,-0.462436,-0.003294,-0.001360,-8.234936,4.146430,13.309371,23.646597,-24.255629,0.376586,8.702659,-0.523835,0.028712,7.360304,-28.776833,5.301232,36.809261,-0.627723,5.341187,-0.196094,-1.073556,0.047419,7.360304,-28.776833,5.301232,36.809261,-0.627723,5.341187,-0.196094,-1.073556,0.047419,87.000000,87.000000,87.000000,87.000000,12.000000,12.000000,12.000000,200.000000,200.000000,0.000000,0.000000,0.000000,0.000000,0.000000,0.000000,0.000000,0.000000,0.000000
63,-0.411708,0.584579,-0.005135,0.816332,-0.388281,-1.027576,0.019645,-0.045336,-0.081464,0.094551,-2.498640,-0.152211,2.592662,0.814362,0.000076,0.000172,-0.250157,0.391754,0.299462,0.991087,-1.043922,-1.631129,-1.315957,-0.002730,0.006310,2.239505,-4.174080,-11.125686,-24.215189,27.326702,30.964600,30.851709,-0.077227,0.379924,-12.044146,-16.789042,-9.199170,3.582703,0.954399,0.706897,0.195302,-0.114117,-0.134367,-12.044146,-16.789042,-9.199170,3.582703,0.954399,0.706897,0.195302,-0.114117,-0.134367,87.000000,87.000000,87.000000,87.000000,12.000000,12.000000,12.000000,200.000000,200.000000,0.000000,0.000000,0.000000,0.000000,0.000000,0.000000,0.000000,0.000000,0.000000
64,-0.042015,0.381284,0.073733,0.679081,-0.563972,-1.309631,-0.048206,-0.025732,-0.074925,0.075387,-2.482989,-0.215112,2.507087,0.767093,0.000000,0.000289,0.476083,-0.114995,-0.477601,0.066687,-1.456831,-2.594668,-1.047810,-0.003681,0.006155,-11.097791,-14.452000,11.016082,-31.951891,32.462845,1.149988,24.443169,-0.150790,0.279540,-1.522438,-24.685549,-1.170133,-1.126275,0.316579,-2.983879,0.179919,0.042823,-0.541932,-1.522438,-24.685549,-1.170133,-1.126275,0.316579,-2.983879,0.179919,0.042823,-0.541932,87.000000,87.000000,87.000000,87.000000,12.000000,12.000000,12.000000,200.000000,200.000000,0.000000,0.000000,0.000000,0.000000,0.000000,0.000000,0.000000,0.000000,0.000000
65,-0.397637,0.453696,0.070545,0.868623,-0.255850,-0.766242,0.119498,-0.052077,-0.077068,0.096568,-2.510513,-0.179669,2.563549,0.781987,0.000000,0.000299,-0.725781,-0.164903,0.454407,-0.806133,0.933343,1.527062,0.382996,-0.001555,0.000286,9.323958,-0.999367,-16.344845,-0.775967,-26.253534,-32.115280,-8.912914,0.188555,-0.249070,-9.269009,-20.712952,-7.048883,12.742749,0.097922,1.526200,-0.030484,0.469794,-1.063987,-9.269009,-20.712952,-7.048883,12.742749,0.097922,1.526200,-0.030484,0.469794,-1.063987,87.000000,87.000000,87.000000,87.000000,12.000000,12.000000,12.000000,200.000000,200.000000,0.000000,0.000000,0.000000,0.000000,0.000000,0.000000,0.000000,0.000000,0.000000
66,-0.213623,0.278912,0.111361,1.319277,-0.375911,-0.585245,0.326084,-0.060290,-0.076287,0.093070,-2.529233,-0.187038,2.629755,0.840863,0.000000,0.000267,-0.220961,-0.008336,-0.157041,-0.131384,-0.293605,1.473855,1.283893,-0.002037,0.001140,-0.678205,3.107160,-0.776014,21.197802,0.100107,-32.106640,-31.054256,-0.082883,0.157567,-3.179648,-27.943714,-2.614203,31.733799,0.641472,3.577087,-0.158998,0.065526,-0.381309,-3.179648,-27.943714,-2.614203,31.733799,0.641472,3.577087,-0.158998,0.065526,-0.381309,87.000000,87.000000,87.000000,87.000000,12.000000,12.000000,12.000000,200.000000,200.000000,0.000000,0.000000,0.000000,0.000000,0.000000,0.000000,0.000000,0.000000,0.000000
67,-0.292477,0.514414,0.316136,1.121553,-0.509986,-0.864982,0.437104,-0.102938,-0.071374,0.123396,-2.522338,-0.225001,2.610034,0.898076,0.000029,0.000188,-1.034227,0.139666,0.702047,0.406619,-0.777603,-0.791994,1.241378,0.001850,-0.003046,21.276268,5.113440,-18.840740,4.031036,24.822710,9.681884,-28.745541,0.190690,-0.118484,0.508489,-19.199261,-0.169875,20.860773,1.077454,2.353914,-0.047012,0.132803,-0.398275,0.508489,-19.199261,-0.169875,20.860773,1.077454,2.353914,-0.047012,0.132803,-0.398275,87.000000,87.000000,87.000000,87.000000,12.000000,12.000000,12.000000,200.000000,200.000000,0.000000,0.000000,0.000000,0.000000,0.000000,0.000000,0.000000,0.000000,0.000000
68,0.163882,0.587544,0.828117,0.738226,-0.595366,-0.921903,0.399629,-0.148613,-0.064834,0.168482,-2.520486,-0.256046,2.588189,0.919122,0.000090,0.000085,-0.868590,0.095392,1.139828,-0.078500,-0.718674,-0.618769,0.443340,0.001149,-0.001706,34.975426,-0.879501,-16.329216,-15.200115,14.606441,10.527308,-10.529243,-0.085202,0.102801,22.753809,-17.022606,15.678898,5.570364,-0.618292,1.440960,-0.053297,-0.390500,0.094285,22.753809,-17.022606,15.678898,5.570364,-0.618292,1.440960,-0.053297,-0.390500,0.094285,87.000000,87.000000,87.000000,87.000000,12.000000,12.000000,12.000000,200.000000,200.000000,0.000000,0.000000,0.000000,0.000000,0.000000,0.000000,0.000000,0.000000,0.000000
69,0.093659,0.005947,0.220774,0.919034,-0.465592,-0.644920,0.011734,-0.092720,-0.068594,0.123667,-2.544016,-0.245232,2.632708,0.839510,0.000152,0.000054,1.531191,-0.468067,-1.153329,-0.744849,0.180235,1.056056,-1.876604,0.003433,-0.000940,-16.910526,-16.931129,20.570196,-6.541489,-12.462358,-24.801569,42.126366,0.301734,-0.126815,6.167267,-39.395405,3.138074,16.957493,-0.259644,2.483218,0.004908,-0.031708,-0.260940,6.167267,-39.395405,3.138074,16.957493,-0.259644,2.483218,0.004908,-0.031708,-0.260940,87.000000,87.000000,87.000000,87.000000,12.000000,12.000000,12.000000,200.000000,200.000000,0.000000,0.000000,0.000000,0.000000,0.000000,0.000000,0.000000,0.000000,0.000000
70,-0.647611,0.804890,-0.264574,0.730976,-0.352821,-1.124066,0.221991,-0.063478,-0.076819,0.099978,-2.560973,-0.226162,2.563292,0.844096,0.000118,0.000060,0.472912,-0.162724,-0.595601,-0.437994,0.807450,-2.148798,0.152713,-0.001107,0.000042,-25.649431,11.843482,5.755484,-3.711315,1.823591,27.790344,-1.449387,-0.073124,-0.024964,-23.571804,-5.951083,-16.639700,10.145971,1.964943,0.340308,0.147548,-0.290351,-0.176764,-23.571804,-5.951083,-16.639700,10.145971,1.964943,0.340308,0.147548,-0.290351,-0.176764,87.000000,87.000000,87.000000,87.000000,12.000000,12.000000,12.000000,200.000000,200.000000,0.000000,0.000000,0.000000,0.000000,0.000000,0.000000,0.000000,0.000000,0.000000
71,0.011177,0.657276,0.229684,1.129848,-0.068570,-0.849772,0.409471,-0.054437,-0.069158,0.090497,-2.576283,-0.142560,2.564596,0.892534,0.000222,0.000042,0.233482,0.378392,-0.183065,-0.028807,2.221568,0.097527,1.114985,0.003439,0.002219,-2.205925,14.699060,6.296547,23.393929,-32.212284,-0.542600,-24.900761,0.149207,0.203577,4.047368,-13.747960,2.807877,27.784004,0.896093,3.702213,-0.158290,-0.423735,0.100959,4.047368,-13.747960,2.807877,27.784004,0.896093,3.702213,-0.158290,-0.423735,0.100959,87.000000,87.000000,87.000000,87.000000,12.000000,12.000000,12.000000,200.000000,200.000000,0.000000,0.000000,0.000000,0.000000,0.000000,0.000000,0.000000,0.000000,0.000000
72,-0.088009,0.187594,0.118608,1.543170,-0.111082,-0.310177,0.329859,-0.045100,-0.049766,0.080276,-2.570046,-0.099397,2.650643,0.900276,0.000116,0.000107,0.197270,0.527683,-0.244067,0.734100,0.767480,2.612632,0.140354,-0.004848,0.003414,-5.390691,1.969825,4.988328,29.035192,-24.843910,-0.126142,-4.533613,-0.303003,0.113168,-0.744180,-35.200104,-0.739275,42.132347,-0.055624,11.526708,-0.190037,-0.452224,-0.262356,-0.744180,-35.200104,-0.739275,42.132347,-0.055624,11.526708,-0.190037,-0.452224,-0.262356,87.000000,87.000000,87.000000,87.000000,12.000000,12.000000,12.000000,200.000000,200.000000,0.000000,0.000000,0.000000,0.000000,0.000000,0.000000,0.000000,0.000000,0.000000
73,-0.287648,0.277833,0.058217,1.221749,-0.379482,-0.695145,0.230718,-0.054737,-0.033300,0.082415,-2.533174,-0.145230,2.659017,0.879847,0.000064,0.000131,-0.303804,0.286774,0.016867,1.248913,-1.171413,-0.115645,-0.492796,0.002501,-0.001751,1.841054,-6.967181,-4.817964,0.451519,27.051979,-1.051121,11.004478,0.320040,-0.214730,-6.206413,-32.772026,-4.585643,23.306164,1.060822,2.816477,0.061413,0.232255,-0.511659,-6.206413,-32.772026,-4.585643,23.306164,1.060822,2.816477,0.061413,0.232255,-0.511659,87.000000,87.000000,87.000000,87.000000,12.000000,12.000000,12.000000,200.000000,200.000000,0.000000,0.000000,0.000000,0.000000,0.000000,0.000000,0.000000,0.000000,0.000000
74,-0.039651,0.499398,0.513063,0.734926,-0.483314,-1.178523,0.265653,-0.099555,-0.028313,0.123381,-2.499279,-0.192734,2.576084,0.876463,0.000071,0.000111,-0.975184,-0.105017,0.998867,0.704820,-0.941717,-2.611890,-0.067750,-0.000831,0.001093,29.006340,-9.734886,-19.983894,-25.621847,26.288401,0.063043,2.328204,-0.185499,0.211245,10.648828,-23.426008,6.843751,1.091551,0.059978,-3.278746,0.101670,-0.398635,0.047447,10.648828,-23.426008,6.843751,1.091551,0.059978,-3.278746,0.101670,-0.398635,0.047447,87.000000,87.000000,87.000000,87.000000,12.000000,12.000000,12.000000,200.000000,200.000000,0.000000,0.000000,0.000000,0.000000,0.000000,0.000000,0.000000,0.000000,0.000000
75,0.229504,-0.300365,0.119527,0.389242,-0.482812,-1.109968,-0.080810,-0.045333,-0.055777,0.070326,-2.520060,-0.210026,2.529863,0.795444,0.000045,0.000181,1.483945,-1.571626,-1.422560,-1.408342,-0.464217,-1.127780,-1.942901,-0.000796,0.004003,-14.158272,-40.889893,16.849142,-54.074253,2.446568,19.508965,40.031303,0.032112,0.167815,8.085894,-51.101505,3.870092,-7.096910,-1.190001,0.474592,-0.149596,0.024812,-0.364238,8.085894,-51.101505,3.870092,-7.096910,-1.190001,0.474592,-0.149596,0.024812,-0.364238,87.000000,87.000000,87.000000,87.000000,12.000000,12.000000,12.000000,200.000000,200.000000,0.000000,0.000000,0.000000,0.000000,0.000000,0.000000,0.000000,0.000000,0.000000
76,-0.479978,0.406556,-0.065440,0.814323,-0.534294,-0.944248,-0.053042,-0.057355,-0.102469,0.076661,-2.571768,-0.241930,2.534518,0.756061,0.000018,0.000194,-0.494085,-1.395657,0.156183,-1.386833,-0.843480,0.128962,-0.859170,0.001089,-0.000872,-2.525389,5.740191,-8.121148,5.874524,11.662434,-2.107554,19.549240,0.175112,-0.198365,-13.461393,-16.906326,-9.617603,17.415218,0.831723,2.149435,0.085947,0.176075,-0.678705,-13.461393,-16.906326,-9.617603,17.415218,0.831723,2.149435,0.085947,0.176075,-0.678705,87.000000,87.000000,87.000000,87.000000,12.000000,12.000000,12.000000,200.000000,200.000000,0.000000,0.000000,0.000000,0.000000,0.000000,0.000000,0.000000,0.000000,0.000000
77,-0.162480,0.425987,0.150717,1.169008,-0.445202,-0.891968,0.241439,-0.068580,-0.136305,0.078395,-2.604984,-0.243327,2.541960,0.806072,0.000037,0.000159,-0.262082,-0.834786,0.012111,-0.453521,0.189370,0.028087,1.141246,0.000150,0.000535,3.586684,16.653950,-2.171627,28.519747,3.464615,-5.001399,-26.042646,-0.006219,0.085888,-0.119622,-14.294068,-0.396535,33.058529,1.339345,3.713448,-0.087104,-0.090532,-0.228395,-0.119622,-14.294068,-0.396535,33.058529,1.339345,3.713448,-0.087104,-0.090532,-0.228395,87.000000,87.000000,87.000000,87.000000,12.000000,12.000000,12.000000,200.000000,200.000000,0.000000,0.000000,0.000000,0.000000,0.000000,0.000000,0.000000,0.000000,0.000000
78,-0.120507,0.596740,0.270315,1.287816,-0.342299,-0.598660,0.297898,-0.086522,-0.145658,0.090238,-2.610295,-0.214691,2.610236,0.846913,0.000000,0.000233,-0.378459,0.010591,0.294165,0.524777,0.657022,1.679053,0.898566,-0.004179,0.005568,11.775199,23.236685,-5.132689,38.162384,-18.427584,-31.175514,-21.680405,-0.222435,0.306090,3.774451,-8.586530,2.523624,36.174271,0.624566,4.117902,-0.200709,-0.041964,-0.336744,3.774451,-8.586530,2.523624,36.174271,0.624566,4.117902,-0.200709,-0.041964,-0.336744,87.000000,87.000000,87.000000,87.000000,12.000000,12.000000,12.000000,200.000000,200.000000,0.000000,0.000000,0.000000,0.000000,0.000000,0.000000,0.000000,0.000000,0.000000
79,-0.201174,0.782723,0.511911,0.902035,-0.310304,-0.761628,0.532267,-0.132397,-0.133381,0.138798,-2.585781,-0.190294,2.627804,0.922906,0.000017,0.000254,-1.012159,0.532731,1.230422,0.987849,0.728616,0.132466,1.726531,0.000923,0.001288,30.472847,15.469336,-22.146999,7.893916,-7.653608,-9.882905,-39.846958,0.127281,0.020566,6.954440,-3.972040,4.857090,15.819898,0.427472,1.479732,-0.155699,0.119873,-0.590482,6.954440,-3.972040,4.857090,15.819898,0.427472,1.479732,-0.155699,0.119873,-0.590482,87.000000,87.000000,87.000000,87.000000,12.000000,12.000000,12.000000,200.000000,200.000000,0.000000,0.000000,0.000000,0.000000,0.000000,0.000000,0.000000,0.000000,0.000000
80,0.196771,0.629228,0.584239,0.869954,-0.503923,-0.979768,0.428309,-0.119839,-0.109763,0.142722,-2.550440,-0.215187,2.583848,0.939583,0.000042,0.000161,0.575364,0.692949,0.151920,1.057662,-0.659876,-1.226933,0.319795,0.001067,-0.002272,3.967520,3.917577,10.550348,-9.260587,13.871937,25.364777,-7.956878,-0.036326,-0.011659,16.132463,-13.082969,12.163958,10.546799,-0.432918,1.929377,-0.069174,-0.220500,-0.219667,16.132463,-13.082969,12.163958,10.546799,-0.432918,1.929377,-0.069174,-0.220500,-0.219667,87.000000,87.000000,87.000000,87.000000,12.000000,12.000000,12.000000,200.000000,200.000000,0.000000,0.000000,0.000000,0.000000,0.000000,0.000000,0.000000,0.000000,0.000000
81,-0.190051,0.544592,0.077040,0.711200,-0.219816,-0.860149,0.042397,-0.074954,-0.087084,0.120432,-2.538298,-0.168881,2.591257,0.858469,0.000059,0.000140,1.103089,0.513050,-0.535210,0.216662,1.183515,0.116535,-1.948840,0.000634,0.000676,-21.721994,-5.502469,13.859127,-14.439041,-27.435892,-6.452314,39.731812,0.128907,0.001485,-5.789392,-18.342388,-4.339117,5.171616,-0.043902,0.739847,-0.268374,0.047535,-0.325443,-5.789392,-18.342388,-4.339117,5.171616,-0.043902,0.739847,-0.268374,0.047535,-0.325443,87.000000,87.000000,87.000000,87.000000,12.000000,12.000000,12.000000,200.000000,200.000000,0.000000,0.000000,0.000000,0.000000,0.000000,0.000000,0.000000,0.000000,0.000000
82,-0.590611,0.784088,-0.338691,0.988476,-0.129465,-0.799818,0.147642,-0.034942,-0.060911,0.087449,-2.532132,-0.127866,2.606040,0.836734,0.000010,0.000163,0.764178,0.838748,-0.877415,0.378069,0.997430,0.224323,-0.446683,-0.001116,0.000558,-29.645447,8.531112,8.599455,6.062604,-20.667345,-8.485013,10.620521,0.023934,-0.061464,-24.548132,-10.917961,-17.727306,16.517647,1.168852,1.557575,0.049544,0.079317,-0.467978,-24.548132,-10.917961,-17.727306,16.517647,1.168852,1.557575,0.049544,0.079317,-0.467978,87.000000,87.000000,87.000000,87.000000,12.000000,12.000000,12.000000,200.000000,200.000000,0.000000,0.000000,0.000000,0.000000,0.000000,0.000000,0.000000,0.000000,0.000000
83,-0.314267,0.572900,0.095516,1.034643,-0.072739,-0.888036,0.487028,-0.051113,-0.030609,0.097061,-2.519746,-0.089545,2.591552,0.906935,0.000128,0.000116,-0.490749,0.811618,0.204746,0.456381,1.070777,-0.562965,1.583026,0.006507,-0.001718,5.158152,-0.357217,-11.265911,-1.021562,-15.990113,5.226534,-36.327972,0.357649,-0.058912,-6.870935,-22.216194,-5.137146,16.769016,0.477422,2.053209,-0.102875,-0.090804,-0.223306,-6.870935,-22.216194,-5.137146,16.769016,0.477422,2.053209,-0.102875,-0.090804,-0.223306,87.000000,87.000000,87.000000,87.000000,12.000000,12.000000,12.000000,200.000000,200.000000,0.000000,0.000000,0.000000,0.000000,0.000000,0.000000,0.000000,0.000000,0.000000
84,-0.019526,-0.049638,0.139193,1.535415,-0.328338,-0.518125,0.140401,-0.044082,-0.006032,0.076872,-2.505510,-0.119587,2.648652,0.862857,0.000203,0.000025,0.123706,0.437380,-0.511285,0.715370,-1.158782,1.558947,-1.051525,0.003040,-0.003059,-7.524806,-13.670831,9.305133,13.599904,4.801232,-20.635542,21.998312,-0.014382,-0.076508,1.983589,-48.834747,1.306501,35.811348,-0.329940,5.219931,-0.072999,-0.657638,0.009684,1.983589,-48.834747,1.306501,35.811348,-0.329940,5.219931,-0.072999,-0.657638,0.009684,87.000000,87.000000,87.000000,87.000000,12.000000,12.000000,12.000000,200.000000,200.000000,0.000000,0.000000,0.000000,0.000000,0.000000,0.000000,0.000000,0.000000,0.000000
85,-0.359452,0.282054,-0.022242,0.835594,-0.580539,-1.142700,0.067325,-0.055643,-0.001662,0.070783,-2.483273,-0.202284,2.571941,0.820066,0.000094,0.000156,-0.405830,-0.258076,-0.204329,0.329986,-1.971072,-2.491770,-0.960606,-0.004851,0.008170,-1.490571,-17.913862,-2.669448,-28.372984,36.610813,7.232136,21.103880,-0.356397,0.585149,-8.918333,-34.307171,-6.155638,4.694865,0.187923,-1.459652,0.133473,-0.485467,0.126415,-8.918333,-34.307171,-6.155638,4.694865,0.187923,-1.459652,0.133473,-0.485467,0.126415,87.000000,87.000000,87.000000,87.000000,12.000000,12.000000,12.000000,200.000000,200.000000,0.000000,0.000000,0.000000,0.000000,0.000000,0.000000,0.000000,0.000000,0.000000
86,0.050528,-0.125328,0.389194,0.682519,-0.589230,-1.146358,0.062242,-0.084858,-0.026540,0.084276,-2.501908,-0.245545,2.513424,0.796264,0.000031,0.000175,-0.681941,-1.306030,0.312673,-1.070562,-0.897709,-1.444269,-0.504706,-0.000904,-0.000018,14.806408,-28.847063,-8.616335,-36.818687,20.752546,26.748653,12.526197,0.091738,-0.170831,11.477268,-46.452381,7.488153,3.277446,-0.378351,1.592723,0.135466,0.147099,-0.659728,11.477268,-46.452381,7.488153,3.277446,-0.378351,1.592723,0.135466,0.147099,-0.659728,87.000000,87.000000,87.000000,87.000000,12.000000,12.000000,12.000000,200.000000,200.000000,0.000000,0.000000,0.000000,0.000000,0.000000,0.000000,0.000000,0.000000,0.000000
87,-0.062268,0.035813,0.237575,0.861594,-0.476094,-0.676404,0.114855,-0.092807,-0.072939,0.079281,-2.559037,-0.242870,2.581811,0.796975,0.000019,0.000151,-0.182023,-1.623759,-0.146706,-1.630166,-0.007862,1.785559,0.033243,-0.000921,0.000327,2.146247,-8.859815,1.998994,4.188759,-10.452584,-37.339844,-1.369037,0.018685,-0.007040,5.535629,-34.313126,3.659430,18.854548,-0.271564,2.603683,-0.053353,0.054459,-0.346178,5.535629,-34.313126,3.659430,18.854548,-0.271564,2.603683,-0.053353,0.054459,-0.346178,87.000000,87.000000,87.000000,87.000000,12.000000,12.000000,12.000000,200.000000,200.000000,0.000000,0.000000,0.000000,0.000000,0.000000,0.000000,0.000000,0.000000,0.000000
88,-0.219732,0.581155,0.320443,1.025615,-0.424167,-0.774500,0.437983,-0.122772,-0.113606,0.102125,-2.596707,-0.236825,2.602404,0.873708,0.000036,0.000179,-0.686093,-1.010273,0.563143,-0.631131,0.342585,0.185398,1.767054,0.000746,0.002528,17.375975,18.860298,-12.576988,25.257881,1.950441,-13.210906,-40.447903,0.039667,0.173859,3.859812,-9.308069,2.412049,26.958931,1.174677,2.664638,-0.133572,-0.049500,-0.245627,3.859812,-9.308069,2.412049,26.958931,1.174677,2.664638,-0.133572,-0.049500,-0.245627,87.000000,87.000000,87.000000,87.000000,12.000000,12.000000,12.000000,200.000000,200.000000,0.000000,0.000000,0.000000,0.000000,0.000000,0.000000,0.000000,0.000000,0.000000
89,0.075890,0.454488,0.228561,1.336185,-0.355736,-0.604079,0.228122,-0.094608,-0.131525,0.076249,-2.603730,-0.212824,2.639962,0.866051,0.000041,0.000142,0.836599,-0.321917,-0.620124,0.449511,0.520727,0.876908,-0.194826,-0.000553,-0.000668,-9.316031,18.595196,18.870098,35.748753,-13.932759,-15.195521,4.019024,-0.023235,-0.081745,7.827409,-14.784110,5.789555,37.651802,0.567802,4.554328,-0.129096,-0.086491,-0.394841,7.827409,-14.784110,5.789555,37.651802,0.567802,4.554328,-0.129096,-0.086491,-0.394841,87.000000,87.000000,87.000000,87.000000,12.000000,12.000000,12.000000,200.000000,200.000000,0.000000,0.000000,0.000000,0.000000,0.000000,0.000000,0.000000,0.000000,0.000000
90,-0.174051,0.685635,0.245676,0.729272,-0.506801,-1.230863,0.083072,-0.099746,-0.135846,0.089945,-2.579379,-0.235103,2.558582,0.826361,0.000007,0.000182,-0.125327,-0.069705,0.428942,0.758684,-0.477259,-2.611533,-0.893136,-0.001168,0.002682,7.824463,9.275665,-4.705367,-5.842537,13.568733,0.034647,21.142981,-0.115302,0.236711,1.784842,-6.400558,1.235087,8.242308,0.532937,-3.991084,0.088491,-0.122502,-0.158858,1.784842,-6.400558,1.235087,8.242308,0.532937,-3.991084,0.088491,-0.122502,-0.158858,87.000000,87.000000,87.000000,87.000000,12.000000,12.000000,12.000000,200.000000,200.000000,0.000000,0.000000,0.000000,0.000000,0.000000,0.000000,0.000000,0.000000,0.000000
91,0.335525,0.875104,0.598889,0.773190,-0.257362,-0.999243,0.333544,-0.088030,-0.124420,0.101952,-2.566496,-0.185794,2.537703,0.864868,0.000095,0.000112,0.561529,0.526813,0.438313,0.497818,1.383204,-0.431937,0.904941,0.003074,-0.001691,10.104159,16.635857,7.107457,2.003020,-26.270498,10.459306,-20.534744,0.218711,-0.146468,19.525646,-0.908640,15.046124,10.089588,-0.631962,1.903813,-0.156984,-0.019538,-0.378798,19.525646,-0.908640,15.046124,10.089588,-0.631962,1.903813,-0.156984,-0.019538,-0.378798,87.000000,87.000000,87.000000,87.000000,12.000000,12.000000,12.000000,200.000000,200.000000,0.000000,0.000000,0.000000,0.000000,0.000000,0.000000,0.000000,0.000000,0.000000
92,-0.133859,0.829769,0.096626,0.954766,-0.162318,-0.418776,0.113184,-0.053542,-0.093206,0.096872,-2.559171,-0.135163,2.623380,0.833466,0.000101,0.000079,0.901150,1.080153,-0.095689,0.465918,1.018105,2.611110,-0.711998,0.000620,-0.000698,-12.736401,13.912682,7.876828,9.856006,-28.709698,-0.070510,15.878583,0.093465,-0.062282,-4.196379,-6.843300,-3.186010,17.337669,-0.129998,9.370956,-0.063864,-0.103296,-0.215590,-4.196379,-6.843300,-3.186010,17.337669,-0.129998,9.370956,-0.063864,-0.103296,-0.215590,87.000000,87.000000,87.000000,87.000000,12.000000,12.000000,12.000000,200.000000,200.000000,0.000000,0.000000,0.000000,0.000000,0.000000,0.000000,0.000000,0.000000,0.000000
93,-0.492544,0.552687,-0.470584,1.055020,-0.057209,-0.751942,0.206445,0.007460,-0.055288,0.051093,-2.537172,-0.096828,2.638649,0.837849,0.000048,0.000122,1.306104,1.021302,-1.204546,0.805752,1.102086,-0.067824,0.124048,-0.001639,0.001754,-39.117077,-2.015941,15.052198,1.517572,-12.287735,-11.556388,-1.738473,-0.041609,0.061904,-25.984398,-21.714161,-18.881952,18.193760,1.806681,1.421035,0.080967,-0.072629,-0.248508,-25.984398,-21.714161,-18.881952,18.193760,1.806681,1.421035,0.080967,-0.072629,-0.248508,87.000000,87.000000,87.000000,87.000000,12.000000,12.000000,12.000000,200.000000,200.000000,0.000000,0.000000,0.000000,0.000000,0.000000,0.000000,0.000000,0.000000,0.000000
94,-0.458104,0.608936,0.285808,0.933663,0.003330,-0.753286,0.557339,-0.052440,-0.020480,0.111849,-2.518018,-0.052648,2.641775,0.920273,0.000129,0.000135,-1.728636,0.904849,1.689027,0.557243,1.139431,-0.059051,2.025586,0.004405,0.001433,10.021247,-3.126229,-14.377934,-6.823983,-21.080116,-2.760337,-35.037743,0.230099,0.106819,-8.936670,-21.989799,-2.836002,11.993315,0.082381,1.635967,0.628247,-0.163035,-0.198988,-8.936670,-21.989799,-2.836002,11.993315,0.082381,1.635967,0.628247,-0.163035,-0.198988,87.000000,87.000000,87.000000,87.000000,12.000000,12.000000,12.000000,200.000000,200.000000,0.000000,0.000000,0.000000,0.000000,0.000000,0.000000,0.000000,0.000000,0.000000
95,0.010928,-0.124415,0.028239,1.647077,-0.254554,-0.252310,0.101991,-0.019989,0.007045,0.072648,-2.499509,-0.082502,2.725540,0.860931,0.000261,0.000000,0.779409,0.502339,-1.021826,0.868616,-1.167057,2.519474,-1.397517,0.007269,-0.006365,-22.287939,-15.124346,21.129791,14.484389,8.572296,-5.525164,30.339844,0.300394,-0.344511,-1.318679,-53.129333,-0.760135,39.462692,-0.110365,7.835142,-0.058118,-0.529209,-0.173113,-1.318679,-53.129333,-0.760135,39.462692,-0.110365,7.835142,-0.058118,-0.529209,-0.173113,87.000000,87.000000,87.000000,87.000000,12.000000,12.000000,12.000000,200.000000,200.000000,0.000000,0.000000,0.000000,0.000000,0.000000,0.000000,0.000000,0.000000,0.000000
96,-0.556673,0.551594,-0.206975,0.645564,-0.398419,-1.443697,0.178303,-0.028824,0.014089,0.064792,-2.473934,-0.148137,2.642590,0.844898,0.000163,0.000091,-0.422732,-0.127504,-0.259636,0.291311,-1.263639,-2.613302,-0.338933,-0.006191,0.005510,-5.977587,-14.759952,-5.315496,-34.806988,37.711376,-3.220711,9.195483,-0.588043,0.555966,-19.161432,-24.954723,-13.072183,-3.918487,1.403595,-12.000000,0.251230,-0.929637,0.375633,-19.161432,-24.954723,-13.072183,-3.918487,1.403595,-19.442120,0.251230,-0.929637,0.375633,87.000000,87.000000,87.000000,87.000000,12.000000,12.000000,12.000000,200.000000,200.000000,0.000000,0.000000,0.000000,0.000000,0.000000,0.000000,0.000000,0.000000,0.000000
97,0.323607,0.372990,0.611690,0.388526,-0.651209,-1.396777,0.296590,-0.069700,-0.000176,0.090441,-2.492227,-0.225666,2.555525,0.865906,0.000092,0.000110,-0.877010,-0.848677,0.661018,-1.149850,-1.866509,-2.612777,0.451926,-0.001179,0.001359,27.448978,-19.967640,-11.272000,-42.186653,36.393513,-0.050941,-10.851513,0.013872,0.075233,22.436573,-29.336557,14.819178,-9.322166,-1.020494,-10.389022,0.035053,-0.095007,-0.194487,22.436573,-29.336557,14.819178,-9.322166,-1.020494,-10.389022,0.035053,-0.095007,-0.194487,87.000000,87.000000,87.000000,87.000000,12.000000,12.000000,12.000000,200.000000,200.000000,0.000000,0.000000,0.000000,0.000000,0.000000,0.000000,0.000000,0.000000,0.000000
98,-0.158690,0.123031,0.042804,1.003277,-0.406214,-0.734734,0.045689,-0.058679,-0.029094,0.069996,-2.549754,-0.219832,2.587128,0.816880,0.000057,0.000121,0.224062,-1.062634,-0.542634,-1.574167,0.152982,0.910629,-1.072850,-0.000022,-0.000444,-11.778705,-6.055501,9.698681,8.093669,-10.206139,-18.064970,24.982029,0.222726,-0.237664,-2.932415,-35.654083,-1.884604,23.848402,0.288216,3.332762,0.055598,0.254837,-0.618770,-2.932415,-35.654083,-1.884604,23.848402,0.288216,3.332762,0.055598,0.254837,-0.618770,87.000000,87.000000,87.000000,87.000000,12.000000,12.000000,12.000000,200.000000,200.000000,0.000000,0.000000,0.000000,0.000000,0.000000,0.000000,0.000000,0.000000,0.000000
99,-0.385614,0.371883,0.105873,1.140587,-0.256676,-0.826891,0.336232,-0.086233,-0.057102,0.086546,-2.589437,-0.187095,2.588341,0.860296,0.000092,0.000118,-0.746412,-0.803746,0.356217,-0.739569,1.025135,-0.258942,1.006941,0.002111,0.000591,8.471600,8.638283,-13.623775,23.159128,-11.732768,-4.590078,-22.366060,0.156609,0.029647,-6.054253,-23.316462,-4.422670,31.155548,1.299011,3.371460,-0.062918,-0.064371,-0.229516,-6.054253,-23.316462,-4.422670,31.155548,1.299011,3.371460,-0.062918,-0.064371,-0.229516,87.000000,87.000000,87.000000,87.000000,12.000000,12.000000,12.000000,200.000000,200.000000,0.000000,0.000000,0.000000,0.000000,0.000000,0.000000,0.000000,0.000000,0.000000
100,0.009154,0.165826,0.113805,1.581485,-0.272876,-0.510360,0.295914,-0.068883,-0.072809,0.057205,-2.598793,-0.165449,2.644344,0.875173,0.000046,0.000147,0.435651,-0.414959,-0.721197,0.457150,0.346132,1.442466,0.305387,-0.003307,0.002786,-10.915102,9.143856,16.241619,42.337532,-16.428883,-22.616978,-8.372787,-0.233279,0.153003,4.082949,-31.300283,2.833094,47.441807,0.385601,6.043128,-0.196710,-0.275110,-0.233452,4.082949,-31.300283,2.833094,47.441807,0.385601,6.043128,-0.196710,-0.275110,-0.233452,87.000000,87.000000,87.000000,87.000000,12.000000,12.000000,12.000000,200.000000,200.000000,0.000000,0.000000,0.000000,0.000000,0.000000,0.000000,0.000000,0.000000,0.000000
101,-0.253263,0.796624,0.470274,0.762522,-0.291752,-0.851611,0.386168,-0.131602,-0.077683,0.114524,-2.578104,-0.159214,2.628946,0.903442,0.000038,0.000139,-1.475301,-0.059271,1.417150,0.712322,0.300444,-0.705778,0.629883,0.001411,-0.001210,37.561874,11.795090,-31.620146,-1.994380,2.496877,6.351664,-14.011806,0.137947,-0.100451,6.481888,-6.485535,4.054765,9.813832,0.402258,0.947801,-0.034183,0.065744,-0.378008,6.481888,-6.485535,4.054765,9.813832,0.402258,0.947801,-0.034183,0.065744,-0.378008,87.000000,87.000000,87.000000,87.000000,12.000000,12.000000,12.000000,200.000000,200.000000,0.000000,0.000000,0.000000,0.000000,0.000000,0.000000,0.000000,0.000000,0.000000
102,0.457731,0.534930,0.802267,0.672746,-0.657312,-0.999402,0.510789,-0.135653,-0.077145,0.128764,-2.558770,-0.229888,2.579791,0.948924,0.000100,0.000084,0.240892,-0.102324,0.466133,0.398541,-1.827385,-1.250584,0.958591,0.002014,-0.001104,18.761166,-1.739959,7.806460,-19.271156,33.237274,27.581289,-23.412140,-0.055532,0.105699,29.597034,-17.655025,20.991922,4.518344,-1.190517,1.674692,-0.112954,-0.421813,0.070371,29.597034,-17.655025,20.991922,4.518344,-1.190517,1.674692,-0.112954,-0.421813,0.070371,87.000000,87.000000,87.000000,87.000000,12.000000,12.000000,12.000000,200.000000,200.000000,0.000000,0.000000,0.000000,0.000000,0.000000,0.000000,0.000000,0.000000,0.000000
103,-0.056685,0.625595,0.447258,0.524506,-0.298067,-0.779368,0.076108,-0.124419,-0.078285,0.146975,-2.572180,-0.194216,2.608717,0.870098,0.000159,0.000051,0.449587,-0.125967,0.519855,-0.525650,0.977888,0.649053,-1.835850,0.002095,-0.000488,6.226377,0.177186,-0.879081,-11.371188,-22.656086,-18.727922,42.594128,0.189379,-0.112958,6.839706,-13.765916,4.704971,2.576822,-0.315673,0.454041,0.058503,-0.148081,-0.263635,6.839706,-13.765916,4.704971,2.576822,-0.315673,0.454041,0.058503,-0.148081,-0.263635,87.000000,87.000000,87.000000,87.000000,12.000000,12.000000,12.000000,200.000000,200.000000,0.000000,0.000000,0.000000,0.000000,0.000000,0.000000,0.000000,0.000000,0.000000
104,-0.528454,0.340187,-0.329315,1.188435,-0.247548,-0.661363,0.056442,-0.056138,-0.076296,0.099951,-2.582947,-0.170233,2.637907,0.821332,0.000091,0.000099,1.533250,0.011735,-1.218859,0.055054,0.525102,0.576215,-1.059968,-0.001454,0.001164,-43.424854,2.485637,22.184622,18.146698,-13.102293,-14.328464,24.615225,0.039763,-0.078160,-23.245281,-25.575609,-16.631113,30.137764,1.518639,3.265103,0.075043,-0.036610,-0.408242,-23.245281,-25.575609,-16.631113,30.137764,1.518639,3.265103,0.075043,-0.036610,-0.408242,87.000000,87.000000,87.000000,87.000000,12.000000,12.000000,12.000000,200.000000,200.000000,0.000000,0.000000,0.000000,0.000000,0.000000,0.000000,0.000000,0.000000,0.000000
105,-0.459941,0.831030,0.096702,0.953276,-0.098595,-1.053660,0.457754,-0.070205,-0.066001,0.122197,-2.569203,-0.124790,2.574443,0.891348,0.000222,0.000020,-0.449451,0.445772,0.555337,0.629866,1.485816,-1.920124,1.606739,0.008362,-0.004114,6.084333,15.127336,-16.758463,5.872621,-11.747087,27.842087,-35.505257,0.515670,-0.233707,-11.242296,-7.199103,-8.340280,17.401884,1.449039,1.670864,-0.038240,-0.136812,-0.167996,-11.242296,-7.199103,-8.340280,17.401884,1.449039,1.670864,-0.038240,-0.136812,-0.167996,87.000000,87.000000,87.000000,87.000000,12.000000,12.000000,12.000000,200.000000,200.000000,0.000000,0.000000,0.000000,0.000000,0.000000,0.000000,0.000000,0.000000,0.000000
106,0.176544,-0.404449,0.302507,1.586926,-0.439709,-0.484256,0.052246,-0.049227,-0.057184,0.102149,-2.553428,-0.159638,2.637276,0.834072,0.000377,0.000000,0.568468,-0.144345,-0.462552,0.789309,-1.453271,1.918731,-1.358992,0.007116,-0.005150,-8.356844,-20.894131,15.000966,16.109915,1.818709,-20.116867,28.296638,0.185320,-0.161994,8.990826,-57.799255,6.020204,41.643124,-1.002532,6.560925,-0.118096,-0.949544,0.245058,8.990826,-57.799255,6.020204,41.643124,-1.002532,6.560925,-0.118096,-0.949544,0.245058,87.000000,87.000000,87.000000,87.000000,12.000000,12.000000,12.000000,200.000000,200.000000,0.000000,0.000000,0.000000,0.000000,0.000000,0.000000,0.000000,0.000000,0.000000
107,-0.513695,0.563281,0.094360,0.813897,-0.316239,-0.863952,0.097661,-0.074368,-0.061580,0.127546,-2.529673,-0.170974,2.626423,0.811526,0.000301,0.000010,-0.690812,-0.252228,0.563614,0.630231,0.093371,-0.696615,-0.454069,-0.006231,0.001149,9.008817,-1.111439,-18.607574,-12.895455,15.416656,0.940880,12.488356,-0.614822,0.333266,-12.241091,-17.329519,-8.993643,7.588295,1.680752,0.310045,0.197478,-1.247256,0.440508,-12.241091,-17.329519,-8.993643,7.588295,1.680752,0.310045,0.197478,-1.247256,0.440508,87.000000,87.000000,87.000000,87.000000,12.000000,12.000000,12.000000,200.000000,200.000000,0.000000,0.000000,0.000000,0.000000,0.000000,0.000000,0.000000,0.000000,0.000000
108,0.071524,0.624961,0.286873,0.773688,-0.451883,-1.226412,0.281842,-0.059103,-0.066974,0.111309,-2.510837,-0.198346,2.542359,0.845014,0.000191,0.000000,0.442122,-0.241393,-0.384785,0.437105,-0.552086,-2.602148,0.742181,-0.001230,-0.000169,-5.920046,0.774963,11.653395,-14.237354,14.955935,0.465460,-17.175835,0.140351,0.003419,6.069755,-14.356527,4.271470,4.920315,0.068334,-2.495729,-0.017249,-0.083153,0.008154,6.069755,-14.356527,4.271470,4.920315,0.068334,-2.495729,-0.017249,-0.083153,0.008154,87.000000,87.000000,87.000000,87.000000,12.000000,12.000000,12.000000,200.000000,200.000000,0.000000,0.000000,0.000000,0.000000,0.000000,0.000000,0.000000,0.000000,0.000000
109,-0.077366,0.383728,0.159484,0.723096,-0.260534,-0.973177,0.074547,-0.046106,-0.076860,0.099627,-2.523124,-0.166382,2.537633,0.813021,0.000142,0.000027,0.282595,-0.491843,-0.274652,-0.541718,0.765742,-0.037391,-0.700886,-0.001913,0.001621,-7.642226,-6.832809,5.708935,-15.185651,-21.459970,0.776101,16.451138,0.004998,0.120455,-0.605585,-22.989872,-0.524169,6.406018,-0.428536,1.359753,0.037539,-0.155383,0.038619,-0.605585,-22.989872,-0.524169,6.406018,-0.428536,1.359753,0.037539,-0.155383,0.038619,87.000000,87.000000,87.000000,87.000000,12.000000,12.000000,12.000000,200.000000,200.000000,0.000000,0.000000,0.000000,0.000000,0.000000,0.000000,0.000000,0.000000,0.000000
110,-0.309720,0.767995,0.052521,1.007839,-0.324035,-0.735808,0.426042,-0.050453,-0.079477,0.099108,-2.540660,-0.167781,2.587268,0.880364,0.000055,0.000133,-0.187343,0.086764,-0.045585,-0.196744,-0.133829,1.205433,1.494238,-0.002782,0.004493,-2.314414,15.646558,-2.921081,15.648413,-4.681185,-23.527870,-35.981602,-0.058605,0.179052,-7.996267,-7.664366,-5.865829,20.045229,0.476023,2.179593,-0.164715,-0.028040,-0.263974,-7.996267,-7.664366,-5.865829,20.045229,0.476023,2.179593,-0.164715,-0.028040,-0.263974,87.000000,87.000000,87.000000,87.000000,12.000000,12.000000,12.000000,200.000000,200.000000,0.000000,0.000000,0.000000,0.000000,0.000000,0.000000,0.000000,0.000000,0.000000
111,-0.137871,0.247669,0.161590,1.484481,-0.303913,-0.395399,0.325771,-0.055234,-0.069661,0.095731,-2.540176,-0.165134,2.672670,0.892436,0.000014,0.000157,-0.129900,0.278585,-0.109579,0.520043,0.013587,2.340408,0.246911,-0.001543,0.001017,0.463959,4.213038,0.191595,26.493929,-4.306138,-16.326254,-6.100213,-0.017104,-0.026725,-0.727042,-30.420916,-0.886818,37.797298,0.714937,6.249779,-0.096371,0.045542,-0.437011,-0.727042,-30.420916,-0.886818,37.797298,0.714937,6.249779,-0.096371,0.045542,-0.437011,87.000000,87.000000,87.000000,87.000000,12.000000,12.000000,12.000000,200.000000,200.000000,0.000000,0.000000,0.000000,0.000000,0.000000,0.000000,0.000000,0.000000,0.000000
112,-0.258725,0.356582,0.081329,1.086730,-0.543503,-0.879435,0.103528,-0.061900,-0.061865,0.091357,-2.511643,-0.220491,2.634003,0.845151,0.000011,0.000223,-0.218037,0.064200,-0.147216,0.875418,-1.271256,-1.358595,-1.082929,0.000612,0.002547,-0.462604,-4.669794,-1.020753,-8.899776,36.301601,20.628132,25.654161,0.107891,0.151524,-4.838138,-26.623966,-3.713964,16.631844,1.342495,1.980353,0.168275,0.118623,-0.370991,-4.838138,-26.623966,-3.713964,16.631844,1.342495,1.980353,0.168275,0.118623,-0.370991,87.000000,87.000000,87.000000,87.000000,12.000000,12.000000,12.000000,200.000000,200.000000,0.000000,0.000000,0.000000,0.000000,0.000000,0.000000,0.000000,0.000000,0.000000
113,-0.055903,0.577116,0.284299,0.682601,-0.347088,-1.081746,0.121587,-0.073823,-0.061252,0.096589,-2.499971,-0.203056,2.569683,0.823291,0.000051,0.000131,-0.268979,-0.143005,0.117722,0.070361,0.748108,-1.755142,-0.431551,0.000887,-0.002225,5.815011,-4.099944,-3.877089,-24.258751,-3.151234,28.368544,11.965475,0.015271,-0.076928,4.716203,-17.272444,3.109816,0.793586,0.199791,0.553496,0.126290,-0.126643,-0.271659,4.716203,-17.272444,3.109816,0.793586,0.199791,0.553496,0.126290,-0.126643,-0.271659,87.000000,87.000000,87.000000,87.000000,12.000000,12.000000,12.000000,200.000000,200.000000,0.000000,0.000000,0.000000,0.000000,0.000000,0.000000,0.000000,0.000000,0.000000
114,0.018224,0.470972,0.165396,0.962249,-0.370941,-0.917717,0.161534,-0.057542,-0.062297,0.075414,-2.507979,-0.193138,2.560280,0.822736,0.000068,0.000093,0.396454,-0.113208,-0.510502,-0.206880,0.128568,-0.165104,-0.014091,0.000088,-0.000314,-9.566056,0.122004,11.870573,-3.411745,-9.756669,6.344280,-0.318539,-0.023901,0.043660,3.720154,-21.274395,2.625649,14.543973,-0.351075,2.422897,-0.059658,-0.179813,-0.099915,3.720154,-21.274395,2.625649,14.543973,-0.351075,2.422897,-0.059658,-0.179813,-0.099915,87.000000,87.000000,87.000000,87.000000,12.000000,12.000000,12.000000,200.000000,200.000000,0.000000,0.000000,0.000000,0.000000,0.000000,0.000000,0.000000,0.000000,0.000000
115,-0.185577,0.018137,0.138995,1.193861,-0.534060,-0.668473,0.099904,-0.067823,-0.068793,0.077818,-2.521588,-0.227891,2.607576,0.807968,0.000087,0.000082,-0.309531,-0.444134,0.055948,-0.259451,-1.055115,1.177498,-0.356225,0.002114,-0.001351,3.074439,-10.554063,-3.558651,4.176448,10.402006,-21.125935,6.867236,0.152010,-0.097678,-1.006822,-38.592472,-1.018429,25.474159,0.181515,3.464321,-0.021685,-0.057577,-0.241265,-1.006822,-38.592472,-1.018429,25.474159,0.181515,3.464321,-0.021685,-0.057577,-0.241265,87.000000,87.000000,87.000000,87.000000,12.000000,12.000000,12.000000,200.000000,200.000000,0.000000,0.000000,0.000000,0.000000,0.000000,0.000000,0.000000,0.000000,0.000000
116,-0.113608,0.320356,0.240963,0.965667,-0.590333,-0.974266,0.230200,-0.081426,-0.083852,0.086122,-2.526899,-0.266599,2.575325,0.830560,0.000098,0.000068,-0.295543,-0.583556,0.199863,-0.127260,-0.682133,-1.132957,0.510491,-0.000523,0.000427,7.846432,-2.469996,-4.416436,-6.065089,26.619717,13.411638,-10.878556,-0.127304,0.106166,3.206060,-24.471146,1.964091,15.834546,1.056201,1.876036,0.057557,-0.369653,0.004193,3.206060,-24.471146,1.964091,15.834546,1.056201,1.876036,0.057557,-0.369653,0.004193,87.000000,87.000000,87.000000,87.000000,12.000000,12.000000,12.000000,200.000000,200.000000,0.000000,0.000000,0.000000,0.000000,0.000000,0.000000,0.000000,0.000000,0.000000
117,0.163501,0.765190,0.630356,0.698610,-0.386381,-1.021928,0.389085,-0.107512,-0.095110,0.120034,-2.540976,-0.234247,2.547194,0.880626,0.000188,0.000012,-0.425805,-0.251622,0.900467,-0.396910,1.024714,-0.826810,1.139287,0.003380,-0.001163,26.161816,11.083236,-11.745007,-4.208423,-14.167549,10.413468,-25.545242,0.174139,-0.034936,17.775387,-5.892722,12.530570,7.099009,-0.252347,1.255765,-0.108507,-0.302340,-0.016260,17.775387,-5.892722,12.530570,7.099009,-0.252347,1.255765,-0.108507,-0.302340,-0.016260,87.000000,87.000000,87.000000,87.000000,12.000000,12.000000,12.000000,200.000000,200.000000,0.000000,0.000000,0.000000,0.000000,0.000000,0.000000,0.000000,0.000000,0.000000
118,0.077124,0.029123,0.178974,1.250986,-0.367300,-0.378229,0.074151,-0.064170,-0.101324,0.092415,-2.562832,-0.207323,2.631864,0.832748,0.000205,0.000000,1.173276,-0.331418,-0.664118,-0.340298,0.374944,2.610597,-1.092632,0.001443,-0.001284,-18.052853,-4.186642,21.324772,14.416220,-17.896814,-0.095530,24.464205,0.150903,-0.134515,4.049503,-35.491344,2.771603,31.878473,-0.225045,10.313858,-0.058648,-0.269255,-0.097830,4.049503,-35.491344,2.771603,31.878473,-0.225045,10.313858,-0.058648,-0.269255,-0.097830,87.000000,87.000000,87.000000,87.000000,12.000000,12.000000,12.000000,200.000000,200.000000,0.000000,0.000000,0.000000,0.000000,0.000000,0.000000,0.000000,0.000000,0.000000
119,-0.617936,0.743654,-0.228469,0.987715,-0.277561,-0.883533,0.139242,-0.051703,-0.102383,0.089070,-2.558647,-0.189288,2.615474,0.821350,0.000126,0.000043,0.121031,0.104324,-0.118115,0.408246,0.698387,-0.897728,-0.222255,-0.003530,0.002587,-14.314339,14.406391,-4.076607,8.723243,1.365945,4.437235,6.722665,-0.229255,0.186038,-21.738285,-6.927747,-16.163160,18.674898,2.272545,1.126357,0.125167,-0.412738,0.049193,-21.738285,-6.927747,-16.163160,18.674898,2.272545,1.126357,0.125167,-0.412738,0.049193,87.000000,87.000000,87.000000,87.000000,12.000000,12.000000,12.000000,200.000000,200.000000,0.000000,0.000000,0.000000,0.000000,0.000000,0.000000,0.000000,0.000000,0.000000
120,0.007231,0.856072,0.399598,0.936189,-0.431770,-1.221806,0.460608,-0.068450,-0.087433,0.109782,-2.536027,-0.203963,2.531099,0.892936,0.000184,0.000000,-0.325063,0.589522,0.568623,0.829363,-0.259836,-2.572039,1.594378,0.004427,-0.003175,15.128248,14.155434,-7.079969,2.863340,9.117472,2.117843,-37.494133,0.255719,-0.170549,7.487701,-4.931689,5.293255,13.364833,0.206712,-1.409928,-0.140933,-0.239337,-0.069322,7.487701,-4.931689,5.293255,13.364833,0.206712,-1.409928,-0.140933,-0.239337,-0.069322,87.000000,87.000000,87.000000,87.000000,12.000000,12.000000,12.000000,200.000000,200.000000,0.000000,0.000000,0.000000,0.000000,0.000000,0.000000,0.000000,0.000000,0.000000
121,0.060668,0.173017,0.296135,1.075467,-0.257149,-0.511724,0.117398,-0.056561,-0.069356,0.106618,-2.535859,-0.164972,2.610678,0.849064,0.000200,0.000006,0.380787,0.309342,-0.074357,0.046343,0.778364,2.610331,-0.986199,-0.000676,0.000222,-2.673592,-9.610473,6.217875,-1.297908,-24.613346,-0.064774,22.329872,-0.041336,0.145171,5.782445,-34.307312,3.875540,20.776512,-0.660291,6.671629,-0.040036,-0.445067,0.219765,5.782445,-34.307312,3.875540,20.776512,-0.660291,6.671629,-0.040036,-0.445067,0.219765,87.000000,87.000000,87.000000,87.000000,12.000000,12.000000,12.000000,200.000000,200.000000,0.000000,0.000000,0.000000,0.000000,0.000000,0.000000,0.000000,0.000000,0.000000
122,-0.494655,0.466617,-0.300789,1.053991,-0.414193,-0.808533,0.226981,-0.023923,-0.056972,0.073549,-2.524982,-0.193175,2.618079,0.851298,0.000097,0.000072,0.618607,0.254296,-0.883596,0.438649,-0.643276,-0.196475,0.042455,-0.002228,0.001896,-26.592287,-1.826332,10.526669,-1.567465,19.348139,-4.074143,-0.894228,-0.042543,0.074615,-21.039467,-22.962780,-14.959666,17.969110,1.674918,1.597340,0.088400,-0.128827,-0.142244,-21.039467,-22.962780,-14.959666,17.969110,1.674918,1.597340,0.088400,-0.128827,-0.142244,87.000000,87.000000,87.000000,87.000000,12.000000,12.000000,12.000000,200.000000,200.000000,0.000000,0.000000,0.000000,0.000000,0.000000,0.000000,0.000000,0.000000,0.000000
123,-0.254071,0.825665,0.612369,0.834951,-0.446999,-1.116134,0.616877,-0.099692,-0.043221,0.144201,-2.509953,-0.213171,2.552351,0.936736,0.000179,0.000014,-2.208128,0.417615,2.150176,0.395281,-0.169618,-1.872050,2.283203,0.005583,-0.003620,7.967863,5.698192,-1.668892,-12.067227,19.808037,30.933378,-19.641636,0.314847,-0.186007,4.151382,-9.717308,7.144073,7.507753,0.744684,1.060837,1.929370,-0.204703,-0.099567,4.151382,-9.717308,7.144073,7.507753,0.744684,1.060837,1.929370,-0.204703,-0.099567,87.000000,87.000000,87.000000,87.000000,12.000000,12.000000,12.000000,200.000000,200.000000,0.000000,0.000000,0.000000,0.000000,0.000000,0.000000,0.000000,0.000000,0.000000
124,0.038820,-0.108534,0.268019,1.267674,-0.348071,-0.295298,0.170382,-0.078761,-0.035155,0.121188,-2.519233,-0.191386,2.636016,0.884992,0.000232,0.000000,0.614255,-0.112981,-0.642749,-0.181103,0.321161,2.609944,-1.181672,-0.000200,-0.000516,-12.774241,-16.769413,15.520873,-0.139138,-11.332456,12.618441,26.487520,-0.101653,0.112602,5.485529,-47.579811,3.627998,27.796797,-0.166517,12.000000,-0.039677,-0.639605,0.239301,5.485529,-47.579811,3.627998,27.796797,-0.166517,14.147964,-0.039677,-0.639605,0.239301,87.000000,87.000000,87.000000,87.000000,12.000000,12.000000,12.000000,200.000000,200.000000,0.000000,0.000000,0.000000,0.000000,0.000000,0.000000,0.000000,0.000000,0.000000
125,-0.613826,0.754454,-0.142047,0.766328,-0.354755,-1.058530,0.517565,-0.072897,-0.035970,0.108273,-2.516925,-0.196192,2.584509,0.938777,0.000193,0.000001,-0.041667,-0.070321,-0.381741,0.007424,0.234263,-1.829905,1.223734,0.001225,-0.000779,-13.321889,3.835472,-1.254144,-13.021557,15.463048,20.035456,-26.675869,0.122520,-0.021294,-19.370245,-11.934611,-13.392902,6.321248,1.799721,-0.026858,0.086499,-0.278935,0.013308,-19.370245,-11.934611,-13.392902,6.321248,1.799721,-0.026858,0.086499,-0.278935,0.013308,87.000000,87.000000,87.000000,87.000000,12.000000,12.000000,12.000000,200.000000,200.000000,0.000000,0.000000,0.000000,0.000000,0.000000,0.000000,0.000000,0.000000,0.000000
126,-0.022604,0.421829,0.390965,1.154282,-0.354032,-0.944832,0.451794,-0.092157,-0.033745,0.116552,-2.518837,-0.187061,2.556178,0.952930,0.000208,0.000000,-0.449091,0.003489,0.212815,0.117325,0.191289,-0.650968,0.296099,-0.000927,0.000158,10.761921,1.826920,-4.792572,5.465831,-6.741624,16.676434,-7.264630,-0.193151,0.115834,8.279563,-25.726036,5.470168,22.750063,-0.139474,3.540368,-0.091194,-0.689604,0.177249,8.279563,-25.726036,5.470168,22.750063,-0.139474,3.540368,-0.091194,-0.689604,0.177249,87.000000,87.000000,87.000000,87.000000,12.000000,12.000000,12.000000,200.000000,200.000000,0.000000,0.000000,0.000000,0.000000,0.000000,0.000000,0.000000,0.000000,0.000000
127,0.179405,0.127982,0.383017,0.880523,-0.592286,-0.861155,0.196540,-0.082471,-0.039431,0.101145,-2.528553,-0.232776,2.567088,0.899357,0.000203,0.000023,0.295822,-0.503908,-0.328263,-0.422496,-1.354496,0.272229,-1.230253,0.002359,0.000663,-1.951309,-15.333341,11.727583,-13.946517,16.843950,-3.262029,27.422094,0.208809,0.028964,12.865537,-36.654255,8.775705,12.905087,-0.586854,2.429003,0.044744,-0.222692,-0.044402,12.865537,-36.654255,8.775705,12.905087,-0.586854,2.429003,0.044744,-0.222692,-0.044402,87.000000,87.000000,87.000000,87.000000,12.000000,12.000000,12.000000,200.000000,200.000000,0.000000,0.000000,0.000000,0.000000,0.000000,0.000000,0.000000,0.000000,0.000000
128,-0.467385,0.247898,-0.268856,0.997080,-0.297933,-0.728877,-0.043635,-0.050876,-0.056745,0.062322,-2.552873,-0.204360,2.606360,0.817431,0.000156,0.000043,0.578568,-0.684609,-1.002982,-0.573732,0.853377,0.760353,-1.994407,-0.001531,0.000865,-28.294399,-4.292957,14.722001,5.754568,-16.476612,-24.983076,37.064995,0.024022,-0.097946,-17.797306,-29.361851,-12.207259,21.044312,1.193619,1.983284,-0.485574,-0.195666,-0.310361,-17.797306,-29.361851,-12.207259,21.044312,1.193619,1.983284,-0.485574,-0.195666,-0.310361,87.000000,87.000000,87.000000,87.000000,12.000000,12.000000,12.000000,200.000000,200.000000,0.000000,0.000000,0.000000,0.000000,0.000000,0.000000,0.000000,0.000000,0.000000
129,-0.322278,0.860986,0.228800,0.956394,-0.530442,-1.283948,0.403348,-0.094243,-0.066324,0.091374,-2.550703,-0.239501,2.524037,0.876875,0.000160,0.000024,-1.111679,-0.093357,0.703837,0.325252,-0.712701,-2.608639,1.331706,0.002795,-0.002136,21.044710,18.232790,-19.621260,10.081573,20.925152,-0.012431,-30.967037,0.175168,-0.098572,-1.178298,-4.362334,-1.159623,17.114397,0.993774,-3.361860,-0.072171,-0.220844,-0.073233,-1.178298,-4.362334,-1.159623,17.114397,0.993774,-3.361860,-0.072171,-0.220844,-0.073233,87.000000,87.000000,87.000000,87.000000,12.000000,12.000000,12.000000,200.000000,200.000000,0.000000,0.000000,0.000000,0.000000,0.000000,0.000000,0.000000,0.000000,0.000000
130,0.375570,-0.117163,0.523944,0.980071,-0.469519,-0.547787,0.202326,-0.092158,-0.075741,0.083015,-2.568841,-0.230850,2.601544,0.861074,0.000195,0.000003,0.238258,-0.641696,-0.163059,-0.553571,0.027597,2.461304,-0.365343,-0.001354,0.000449,6.401343,-17.148266,11.259926,-3.584356,-11.731441,-9.009317,7.694923,-0.168683,0.148397,22.121902,-43.293781,15.394972,21.061497,-1.134438,5.916391,-0.102934,-0.586725,0.202476,22.121902,-43.293781,15.394972,21.061497,-1.134438,5.916391,-0.102934,-0.586725,0.202476,87.000000,87.000000,87.000000,87.000000,12.000000,12.000000,12.000000,200.000000,200.000000,0.000000,0.000000,0.000000,0.000000,0.000000,0.000000,0.000000,0.000000,0.000000
131,-0.376469,0.391676,-0.097968,1.070962,-0.319861,-0.623472,0.295071,-0.075745,-0.091252,0.066505,-2.579787,-0.207845,2.651112,0.873766,0.000088,0.000084,0.312823,-0.474632,-0.431308,0.019235,0.710283,0.852201,0.304891,-0.003939,0.004101,-14.231334,5.265916,6.302300,15.667654,-8.289956,-28.360332,-6.353556,-0.106191,0.175943,-10.659655,-20.867819,-7.712126,25.136271,1.453609,2.161922,0.006406,-0.101473,-0.144554,-10.659655,-20.867819,-7.712126,25.136271,1.453609,2.161922,0.006406,-0.101473,-0.144554,87.000000,87.000000,87.000000,87.000000,12.000000,12.000000,12.000000,200.000000,200.000000,0.000000,0.000000,0.000000,0.000000,0.000000,0.000000,0.000000,0.000000,0.000000
132,-0.014038,0.858315,0.329034,0.932607,-0.406502,-1.078875,0.422035,-0.087195,-0.094225,0.079954,-2.562014,-0.209754,2.577363,0.911548,0.000108,0.000064,-0.212608,0.115728,0.403935,0.760886,0.140162,-2.217329,0.832599,0.003012,-0.002729,11.978170,18.993139,-4.360183,5.982935,8.153172,23.513731,-18.751469,0.208160,-0.204494,7.661242,-2.754359,5.442231,15.659893,0.593604,0.910189,-0.060648,-0.067291,-0.295892,7.661242,-2.754359,5.442231,15.659893,0.593604,0.910189,-0.060648,-0.067291,-0.295892,87.000000,87.000000,87.000000,87.000000,12.000000,12.000000,12.000000,200.000000,200.000000,0.000000,0.000000,0.000000,0.000000,0.000000,0.000000,0.000000,0.000000,0.000000
133,0.085033,0.532735,0.068068,0.919765,-0.145142,-0.722772,0.029525,-0.045266,-0.084273,0.046836,-2.555488,-0.144622,2.608291,0.838206,0.000141,0.000035,1.078418,0.261158,-0.792152,0.312043,1.475107,0.888544,-1.650550,-0.000198,0.000791,-20.300165,2.657480,21.691669,3.431915,-39.980953,-14.298541,38.235867,0.010258,0.041619,2.985231,-17.897440,2.328546,15.655675,-0.512786,2.396484,0.006323,-0.266943,-0.045078,2.985231,-17.897440,2.328546,15.655675,-0.512786,2.396484,0.006323,-0.266943,-0.045078,87.000000,87.000000,87.000000,87.000000,12.000000,12.000000,12.000000,200.000000,200.000000,0.000000,0.000000,0.000000,0.000000,0.000000,0.000000,0.000000,0.000000,0.000000
134,-0.284987,1.018485,0.111153,0.795904,-0.287262,-1.025539,0.545006,-0.062215,-0.063753,0.069677,-2.536762,-0.148037,2.570127,0.918392,0.000164,0.000034,-0.461293,0.763186,0.591550,0.631443,0.028202,-1.199497,1.927080,0.003373,-0.001545,10.856952,14.984836,-14.007925,-4.236245,9.255056,19.028427,-40.962566,0.196902,-0.091329,-4.574986,-0.741602,-3.501977,7.921660,0.800205,0.753915,0.142696,-0.227177,-0.120841,-4.574986,-0.741602,-3.501977,7.921660,0.800205,0.753915,0.142696,-0.227177,-0.120841,87.000000,87.000000,87.000000,87.000000,12.000000,12.000000,12.000000,200.000000,200.000000,0.000000,0.000000,0.000000,0.000000,0.000000,0.000000,0.000000,0.000000,0.000000
135,-0.058959,0.084234,0.094606,1.445378,-0.071433,-0.370278,0.313392,-0.048415,-0.038104,0.060763,-2.527201,-0.095973,2.653642,0.909266,0.000129,0.000067,0.373320,0.568762,-0.240468,0.588072,1.196429,2.612178,-0.210178,-0.003775,0.003747,-6.720478,-7.328263,6.107187,14.764625,-28.239597,-0.028625,4.718940,-0.250986,0.238025,0.143975,-40.912624,-0.089113,34.364059,-0.053145,8.889972,-0.096775,-0.451192,0.022039,0.143975,-40.912624,-0.089113,34.364059,-0.053145,8.889972,-0.096775,-0.451192,0.022039,87.000000,87.000000,87.000000,87.000000,12.000000,12.000000,12.000000,200.000000,200.000000,0.000000,0.000000,0.000000,0.000000,0.000000,0.000000,0.000000,0.000000,0.000000
136,-0.364270,0.581650,-0.060688,0.990871,-0.503121,-0.938061,0.355895,-0.051311,-0.018652,0.059000,-2.494675,-0.170444,2.614125,0.914391,0.000022,0.000180,-0.163753,0.435274,-0.074067,0.912041,-1.901764,-1.355829,0.061588,-0.000207,0.001972,-2.042445,-3.223901,-2.883761,-14.118150,39.074955,22.777603,-2.625324,0.123353,0.000251,-10.135252,-21.978470,-7.114727,11.057085,0.745756,1.350772,0.038747,0.162395,-0.489676,-10.135252,-21.978470,-7.114727,11.057085,0.745756,1.350772,0.038747,0.162395,-0.489676,87.000000,87.000000,87.000000,87.000000,12.000000,12.000000,12.000000,200.000000,200.000000,0.000000,0.000000,0.000000,0.000000,0.000000,0.000000,0.000000,0.000000,0.000000
137,0.115491,0.476765,0.859132,0.553381,-0.622903,-1.154151,0.439899,-0.121194,-0.012049,0.130503,-2.486193,-0.234947,2.543507,0.936263,0.000045,0.000149,-1.879361,-0.142721,2.170879,-0.270139,-1.360154,-1.863198,0.485302,0.000484,-0.000169,16.034773,-15.091938,-0.118089,-39.814777,35.441219,32.657711,-10.524349,-0.080693,0.086530,20.247765,-25.841442,18.130075,-5.450353,-0.485373,0.305270,0.075742,-0.258265,-0.155834,20.247765,-25.841442,18.130075,-5.450353,-0.485373,0.305270,0.075742,-0.258265,-0.155834,87.000000,87.000000,87.000000,87.000000,12.000000,12.000000,12.000000,200.000000,200.000000,0.000000,0.000000,0.000000,0.000000,0.000000,0.000000,0.000000,0.000000,0.000000
138,-0.037211,-0.028652,0.068988,1.283912,-0.503368,-0.366445,-0.112455,-0.073358,-0.019409,0.089031,-2.514253,-0.243877,2.626697,0.849273,0.000181,0.000052,1.222107,-0.492575,-1.045691,-0.672540,-0.314052,2.610872,-2.610810,0.008514,-0.005303,-26.602325,-11.191628,26.447130,6.842372,1.507349,-0.060797,0.014648,0.641240,-0.435280,-0.403687,-44.309685,-0.055380,29.778704,0.219710,11.199949,-6.196667,0.139765,-0.488476,-0.403687,-44.309685,-0.055380,29.778704,0.219710,11.199949,-6.196667,0.139765,-0.488476,87.000000,87.000000,87.000000,87.000000,12.000000,12.000000,12.000000,200.000000,200.000000,0.000000,0.000000,0.000000,0.000000,0.000000,0.000000,0.000000,0.000000,0.000000
139,-0.888466,0.685265,-0.345172,0.748292,-0.237890,-1.263082,0.346303,-0.069225,-0.034504,0.084424,-2.528383,-0.203696,2.551278,0.877954,0.000293,0.000000,-0.058523,-0.504587,-0.293548,-0.448049,1.555112,-2.607319,0.729922,0.001943,-0.001573,-9.276089,3.760178,-14.532022,-6.827865,-9.558734,0.307217,-13.607335,-0.245460,0.152576,-30.381029,-13.665447,-20.601557,8.101590,2.135352,-4.693636,0.178476,-1.145244,0.411569,-30.381029,-13.665447,-20.601557,8.101590,2.135352,-4.693636,0.178476,-1.145244,0.411569,87.000000,87.000000,87.000000,87.000000,12.000000,12.000000,12.000000,200.000000,200.000000,0.000000,0.000000,0.000000,0.000000,0.000000,0.000000,0.000000,0.000000,0.000000
140,-0.008187,0.152654,0.044878,1.492004,-0.066756,-0.638016,0.285538,-0.047302,-0.044102,0.049738,-2.545797,-0.123438,2.594350,0.881510,0.000233,0.000106,0.464070,-0.319812,-0.836706,0.018940,1.752069,1.301834,0.081432,-0.005918,0.006690,-15.568005,3.618203,17.029419,31.936817,-49.041222,-18.160757,-2.711292,-0.512192,0.704385,1.327872,-34.695274,1.027897,40.192875,-0.336899,5.589089,-0.192280,-0.978995,0.504969,1.327872,-34.695274,1.027897,40.192875,-0.336899,5.589089,-0.192280,-0.978995,0.504969,87.000000,87.000000,87.000000,87.000000,12.000000,12.000000,12.000000,200.000000,200.000000,0.000000,0.000000,0.000000,0.000000,0.000000,0.000000,0.000000,0.000000,0.000000
141,-0.340315,0.902161,0.567776,0.820636,-0.363505,-0.757484,0.681449,-0.130052,-0.042601,0.120381,-2.540766,-0.148037,2.620482,0.967225,0.000082,0.000152,-2.427607,0.163312,2.171861,0.263594,-0.761468,0.503285,2.317683,-0.001264,0.000175,9.062690,13.456125,-0.080838,-1.052595,12.736480,-10.977809,-17.557867,0.190820,-0.083946,3.804080,-5.562345,7.287420,10.376993,0.001741,1.183056,2.098125,0.210857,-0.476504,3.804080,-5.562345,7.287420,10.376993,0.001741,1.183056,2.098125,0.210857,-0.476504,87.000000,87.000000,87.000000,87.000000,12.000000,12.000000,12.000000,200.000000,200.000000,0.000000,0.000000,0.000000,0.000000,0.000000,0.000000,0.000000,0.000000,0.000000
142,0.150688,-0.173041,0.443014,1.399016,-0.849928,-0.370022,0.168026,-0.124865,-0.041776,0.110225,-2.535437,-0.226801,2.699053,0.901135,0.000340,0.000000,0.300679,-0.307766,-0.277080,0.418022,-2.472740,2.035474,-1.527410,0.015705,-0.009949,0.305107,-15.537530,11.056575,12.835711,-1.565452,-34.357006,35.817009,0.946998,-0.568497,15.224706,-49.036858,10.271792,33.506554,-9.387010,4.909569,0.039451,-0.143318,-0.220161,15.224706,-49.036858,10.271792,33.506554,-9.387010,4.909569,0.039451,-0.143318,-0.220161,87.000000,87.000000,87.000000,87.000000,12.000000,12.000000,12.000000,200.000000,200.000000,0.000000,0.000000,0.000000,0.000000,0.000000,0.000000,0.000000,0.000000,0.000000
143,-0.323411,0.406622,0.077006,0.470406,-0.559124,-1.001107,-0.131082,-0.110752,-0.061343,0.099047,-2.532690,-0.261635,2.635788,0.814128,0.000298,0.000124,0.307559,-0.897947,-0.267146,-0.349239,-0.345513,-2.137987,-2.610318,-0.009247,0.008076,-9.054127,-12.442252,4.729791,-35.711525,31.300419,23.521313,-0.004792,-1.107439,0.894288,-5.414574,-22.544195,-3.849327,-4.601537,1.330829,-0.829329,-4.132597,-1.856678,0.682840,-5.414574,-22.544195,-3.849327,-4.601537,1.330829,-0.829329,-4.132597,-1.856678,0.682840,87.000000,87.000000,87.000000,87.000000,12.000000,12.000000,12.000000,200.000000,200.000000,0.000000,0.000000,0.000000,0.000000,0.000000,0.000000,0.000000,0.000000,0.000000
144,0.393671,0.854679,0.641699,0.701877,-0.378392,-1.128394,0.452942,-0.101905,-0.079834,0.106775,-2.547763,-0.230098,2.554551,0.886239,0.000323,0.000005,0.458859,-0.398112,0.347309,-0.394894,1.117889,-2.185478,1.679633,0.006630,-0.008195,13.254421,16.110714,5.268580,-1.354490,-11.369905,25.347889,-37.753075,0.744482,-0.684564,23.439352,-2.848306,16.494297,7.951620,-0.341708,0.801071,-0.145327,0.154031,-0.630267,23.439352,-2.848306,16.494297,7.951620,-0.341708,0.801071,-0.145327,0.154031,-0.630267,87.000000,87.000000,87.000000,87.000000,12.000000,12.000000,12.000000,200.000000,200.000000,0.000000,0.000000,0.000000,0.000000,0.000000,0.000000,0.000000,0.000000,0.000000
145,0.030759,0.831075,0.183938,0.910516,-0.161243,-0.519705,0.195583,-0.059671,-0.076498,0.091609,-2.574562,-0.157027,2.632951,0.864627,0.000237,0.000034,1.130297,0.312407,-0.291460,-0.457657,1.514665,2.408298,-0.491970,-0.004557,0.002516,-13.548109,18.890331,16.433256,18.608156,-44.837883,-12.321538,10.680965,-0.182001,0.338710,2.217436,-5.786694,1.760043,19.752750,-0.560584,4.493931,-0.145555,-0.520119,0.312946,2.217436,-5.786694,1.760043,19.752750,-0.560584,4.493931,-0.145555,-0.520119,0.312946,87.000000,87.000000,87.000000,87.000000,12.000000,12.000000,12.000000,200.000000,200.000000,0.000000,0.000000,0.000000,0.000000,0.000000,0.000000,0.000000,0.000000,0.000000
146,-0.482499,0.529536,-0.314567,1.095167,-0.116133,-0.650370,0.385785,-0.016318,-0.059557,0.066488,-2.577596,-0.120531,2.661552,0.897444,0.000092,0.000105,0.901197,0.494259,-0.644748,0.246462,0.947589,0.329352,0.742023,-0.002540,0.002260,-27.610504,4.971946,8.430501,14.320661,-14.811036,-17.024738,-16.867559,0.086776,0.014917,-21.968899,-20.483547,-15.707021,25.254219,1.601306,2.292560,-0.032506,0.105471,-0.334106,-21.968899,-20.483547,-15.707021,25.254219,1.601306,2.292560,-0.032506,0.105471,-0.334106,87.000000,87.000000,87.000000,87.000000,12.000000,12.000000,12.000000,200.000000,200.000000,0.000000,0.000000,0.000000,0.000000,0.000000,0.000000,0.000000,0.000000,0.000000
147,-0.348093,0.680836,0.217710,1.161223,-0.330921,-0.783436,0.480926,-0.056310,-0.034014,0.109548,-2.556250,-0.144802,2.640316,0.938354,0.000063,0.000106,-0.999646,0.817651,1.038246,0.921801,-0.640663,-0.638057,0.871205,0.000186,-0.000728,22.974060,9.035210,-25.659527,10.236357,13.851012,14.505951,-21.064251,0.003476,-0.031210,-5.436028,-17.099260,-4.289579,24.158382,0.803454,3.077246,-0.091024,-0.135948,-0.225504,-5.436028,-17.099260,-4.289579,24.158382,0.803454,3.077246,-0.091024,-0.135948,-0.225504,87.000000,87.000000,87.000000,87.000000,12.000000,12.000000,12.000000,200.000000,200.000000,0.000000,0.000000,0.000000,0.000000,0.000000,0.000000,0.000000,0.000000,0.000000
148,-0.027234,0.468912,0.299442,0.932641,-0.223138,-0.678063,0.214212,-0.058523,-0.007412,0.115897,-2.538980,-0.130307,2.656575,0.895371,0.000086,0.000080,0.035843,0.586704,0.120042,0.491173,0.371976,0.343181,-0.953991,0.000388,-0.000130,2.839044,-7.426192,-0.973643,-6.527370,-8.956419,-8.161633,22.377140,0.026178,0.008298,3.663772,-28.025932,2.323922,13.826688,-0.044766,2.093597,0.049698,-0.154710,-0.139769,3.663772,-28.025932,2.323922,13.826688,-0.044766,2.093597,0.049698,-0.154710,-0.139769,87.000000,87.000000,87.000000,87.000000,12.000000,12.000000,12.000000,200.000000,200.000000,0.000000,0.000000,0.000000,0.000000,0.000000,0.000000,0.000000,0.000000,0.000000
149,-0.463936,0.361814,-0.382754,1.047708,-0.077586,-0.677934,0.003964,-0.008237,0.009491,0.060842,-2.529055,-0.095082,2.665976,0.822403,0.000040,0.000126,0.995565,0.257720,-1.418643,0.329329,0.896376,0.033926,-1.613731,-0.000914,0.001271,-39.837376,-9.336304,21.697968,-3.354985,-16.416338,-6.546943,38.290775,0.040468,-0.014368,-22.828653,-32.891430,-15.157077,18.253578,1.142464,2.241897,0.153205,0.037498,-0.354023,-22.828653,-32.891430,-15.157077,18.253578,1.142464,2.241897,0.153205,0.037498,-0.354023,87.000000,87.000000,87.000000,87.000000,12.000000,12.000000,12.000000,200.000000,200.000000,0.000000,0.000000,0.000000,0.000000,0.000000,0.000000,0.000000,0.000000,0.000000
150,-0.450389,0.237448,0.129713,0.689714,-0.792274,-1.459522,-0.010325,-0.059945,0.007613,0.090056,-2.522731,-0.180090,2.579476,0.781173,0.000000,0.000269,-1.536773,-0.477306,0.761611,-0.170908,-2.579597,-2.611907,-0.932162,-0.003733,0.007630,6.960182,-19.840242,-12.610540,-26.962048,0.368042,0.033560,22.056644,-0.245255,0.486919,-8.744390,-36.353462,-4.731361,3.434368,-10.418594,-12.000000,0.121761,-0.071099,-0.234767,-8.744390,-36.353462,-4.731361,3.434368,-10.418594,-14.812416,0.121761,-0.071099,-0.234767,87.000000,87.000000,87.000000,87.000000,12.000000,12.000000,12.000000,200.000000,200.000000,0.000000,0.000000,0.000000,0.000000,0.000000,0.000000,0.000000,0.000000,0.000000
151,-0.103294,-0.147442,0.058030,1.067369,-0.694328,-0.988007,0.037799,-0.058688,-0.016761,0.061544,-2.541256,-0.259148,2.541018,0.770354,0.000000,0.000291,-0.040584,-1.139876,-0.777950,-0.633028,-1.979394,-0.827735,-0.235304,0.000241,-0.001214,-11.088550,-19.227160,11.539481,-8.988545,29.574678,22.699741,4.019303,0.238383,-0.335958,0.031823,-47.998421,0.131422,22.258575,-0.173265,3.855361,0.014413,0.373169,-1.101700,0.031823,-47.998421,0.131422,22.258575,-0.173265,3.855361,0.014413,0.373169,-1.101700,87.000000,87.000000,87.000000,87.000000,12.000000,12.000000,12.000000,200.000000,200.000000,0.000000,0.000000,0.000000,0.000000,0.000000,0.000000,0.000000,0.000000,0.000000
152,-0.094589,0.059285,0.565600,1.028197,-0.634876,-0.894632,0.276130,-0.130166,-0.055029,0.112774,-2.567023,-0.291749,2.545449,0.821806,0.000027,0.000180,-1.671823,-1.316212,1.251385,-0.611919,-0.584897,0.047545,1.164097,0.000517,-0.001289,40.753494,-1.846483,-28.706015,8.079664,16.378851,-4.003549,-26.712225,-0.015536,0.085022,13.461862,-35.165207,8.579971,23.699936,0.428513,3.351054,-0.064456,-0.120444,-0.158175,13.461862,-35.165207,8.579971,23.699936,0.428513,3.351054,-0.064456,-0.120444,-0.158175,87.000000,87.000000,87.000000,87.000000,12.000000,12.000000,12.000000,200.000000,200.000000,0.000000,0.000000,0.000000,0.000000,0.000000,0.000000,0.000000,0.000000,0.000000
153,0.011833,0.262886,0.346102,1.267294,-0.653413,-0.474107,0.171497,-0.129511,-0.089051,0.100638,-2.583988,-0.310267,2.629638,0.825049,0.000040,0.000132,0.146009,-0.969457,-0.329361,-0.027233,-0.547516,2.465691,0.048775,0.000241,-0.000984,1.571693,9.060491,9.143961,26.139023,5.946518,-8.799805,-1.755513,0.032962,-0.048772,10.528535,-24.651363,7.193521,34.070961,0.422088,6.614125,-0.101059,-0.029549,-0.302618,10.528535,-24.651363,7.193521,34.070961,0.422088,6.614125,-0.101059,-0.029549,-0.302618,87.000000,87.000000,87.000000,87.000000,12.000000,12.000000,12.000000,200.000000,200.000000,0.000000,0.000000,0.000000,0.000000,0.000000,0.000000,0.000000,0.000000,0.000000
154,-0.323346,0.597096,0.127904,0.862251,-0.349447,-0.968377,0.174720,-0.126269,-0.114713,0.097463,-2.575290,-0.259157,2.596218,0.825848,0.000080,0.000102,0.053547,-0.697075,-0.068434,0.442515,1.713086,-1.396846,0.068351,0.000853,0.000361,-4.155135,11.367973,0.599894,3.513256,-11.801512,9.819438,1.219398,0.037922,0.055500,-3.232949,-9.832493,-2.443898,14.613009,1.576033,0.877596,0.099901,-0.137419,-0.155564,-3.232949,-9.832493,-2.443898,14.613009,1.576033,0.877596,0.099901,-0.137419,-0.155564,87.000000,87.000000,87.000000,87.000000,12.000000,12.000000,12.000000,200.000000,200.000000,0.000000,0.000000,0.000000,0.000000,0.000000,0.000000,0.000000,0.000000,0.000000
155,0.185492,0.931833,0.334312,1.005089,-0.188433,-0.717015,0.185298,-0.096972,-0.117461,0.075433,-2.561076,-0.179910,2.619772,0.830255,0.000084,0.000131,0.857696,0.237644,-0.455331,0.821413,1.831159,0.666821,0.110058,-0.002318,0.004256,-6.767653,25.183996,18.558277,19.832977,-43.476810,-8.503717,-2.917475,-0.182496,0.264511,12.496317,2.069470,9.622497,19.093006,-0.550226,2.616916,-0.186555,-0.321941,-0.115430,12.496317,2.069470,9.622497,19.093006,-0.550226,2.616916,-0.186555,-0.321941,-0.115430,87.000000,87.000000,87.000000,87.000000,12.000000,12.000000,12.000000,200.000000,200.000000,0.000000,0.000000,0.000000,0.000000,0.000000,0.000000,0.000000,0.000000,0.000000
156,-0.179537,0.573992,0.108089,0.876032,-0.254742,-0.898795,0.119578,-0.083227,-0.105859,0.072811,-2.534148,-0.154641,2.601543,0.816603,0.000038,0.000136,0.306460,0.297199,-0.013307,0.810253,0.537379,-0.662019,-0.316686,-0.000015,-0.000968,-5.240241,2.007676,2.347834,-8.425280,-11.117666,10.199453,7.275400,0.097017,-0.141873,-1.654966,-14.659298,-1.323490,10.191175,0.071632,1.379759,-0.003497,0.085999,-0.459974,-1.654966,-14.659298,-1.323490,10.191175,0.071632,1.379759,-0.003497,0.085999,-0.459974,87.000000,87.000000,87.000000,87.000000,12.000000,12.000000,12.000000,200.000000,200.000000,0.000000,0.000000,0.000000,0.000000,0.000000,0.000000,0.000000,0.000000,0.000000
157,-0.047843,0.644379,0.251026,0.903261,-0.375450,-1.054663,0.240902,-0.079785,-0.091088,0.080050,-2.509306,-0.170385,2.553140,0.838149,0.000053,0.000107,0.141276,0.416193,0.234053,0.700328,-0.351563,-1.288383,0.470872,0.000616,-0.000749,3.338391,3.442826,0.020204,-11.122215,9.706822,26.135500,-11.038681,-0.017221,0.030368,4.273339,-13.261271,3.021245,9.429981,0.068779,1.612259,-0.028389,-0.170273,-0.120964,4.273339,-13.261271,3.021245,9.429981,0.068779,1.612259,-0.028389,-0.170273,-0.120964,87.000000,87.000000,87.000000,87.000000,12.000000,12.000000,12.000000,200.000000,200.000000,0.000000,0.000000,0.000000,0.000000,0.000000,0.000000,0.000000,0.000000,0.000000
158,-0.067522,0.488011,0.176781,0.899957,-0.315597,-0.721064,0.098824,-0.066982,-0.075354,0.079168,-2.506886,-0.163884,2.600523,0.815507,0.000086,0.000075,0.361630,0.344643,0.002198,0.049875,0.037069,1.240472,-0.509716,0.001316,-0.001054,-3.228621,-3.161562,3.849091,-5.938293,-10.861482,-23.032099,11.041513,0.108748,-0.084095,1.501862,-20.958757,0.953155,11.133814,-0.312517,1.654113,-0.015395,-0.079190,-0.221876,1.501862,-20.958757,0.953155,11.133814,-0.312517,1.654113,-0.015395,-0.079190,-0.221876,87.000000,87.000000,87.000000,87.000000,12.000000,12.000000,12.000000,200.000000,200.000000,0.000000,0.000000,0.000000,0.000000,0.000000,0.000000,0.000000,0.000000,0.000000
159,-0.371589,0.434982,-0.212055,1.036694,-0.275952,-0.832015,0.160198,-0.036526,-0.062959,0.054914,-2.506005,-0.159911,2.605035,0.817640,0.000057,0.000099,0.640959,0.243488,-0.634846,0.098560,0.231329,-0.187749,0.061883,-0.001280,0.001078,-21.064045,-2.720694,9.001690,-2.844448,1.901857,-4.921779,-0.784611,-0.053376,0.036776,-14.852535,-23.776878,-10.671839,16.585243,1.225858,1.636658,0.067972,-0.121718,-0.208744,-14.852535,-23.776878,-10.671839,16.585243,1.225858,1.636658,0.067972,-0.121718,-0.208744,87.000000,87.000000,87.000000,87.000000,12.000000,12.000000,12.000000,200.000000,200.000000,0.000000,0.000000,0.000000,0.000000,0.000000,0.000000,0.000000,0.000000,0.000000
160,-0.081039,0.511093,0.305997,1.051856,-0.497903,-1.035581,0.317250,-0.063760,-0.051882,0.082613,-2.498547,-0.203051,2.555414,0.857148,0.000063,0.000097,-0.638816,0.257461,0.721746,0.260668,-1.012995,-1.359612,0.854200,0.000774,-0.000444,18.735336,0.857842,-13.916480,-5.868451,24.175629,26.693529,-20.170647,-0.013668,0.028485,4.634375,-21.445860,2.914208,15.993142,0.374053,2.411592,-0.042754,-0.196913,-0.121935,4.634375,-21.445860,2.914208,15.993142,0.374053,2.411592,-0.042754,-0.196913,-0.121935,87.000000,87.000000,87.000000,87.000000,12.000000,12.000000,12.000000,200.000000,200.000000,0.000000,0.000000,0.000000,0.000000,0.000000,0.000000,0.000000,0.000000,0.000000
161,-0.029369,0.294764,0.257383,1.086226,-0.450008,-0.744056,0.123427,-0.066358,-0.043331,0.088946,-2.505287,-0.214525,2.590126,0.831434,0.000097,0.000071,0.017159,0.074186,0.142186,-0.132845,-0.342536,0.921363,-0.583842,0.001183,-0.000735,3.793833,-6.158011,-0.492395,0.086733,-0.253558,-16.411760,12.950627,0.092904,-0.064843,4.301540,-30.691790,2.769890,19.295839,-0.009676,2.789935,0.002782,-0.114626,-0.205532,4.301540,-30.691790,2.769890,19.295839,-0.009676,2.789935,0.002782,-0.114626,-0.205532,87.000000,87.000000,87.000000,87.000000,12.000000,12.000000,12.000000,200.000000,200.000000,0.000000,0.000000,0.000000,0.000000,0.000000,0.000000,0.000000,0.000000,0.000000
162,-0.399145,0.210358,-0.092479,1.071518,-0.239062,-0.609639,0.146861,-0.054813,-0.043363,0.078282,-2.520108,-0.177919,2.646441,0.822534,0.000052,0.000115,0.196264,-0.227655,-0.319800,-0.327995,0.998802,1.153647,-0.161769,-0.002594,0.002762,-11.798758,-8.487427,2.011789,2.781528,-19.229439,-33.150791,4.451436,-0.091247,0.100160,-12.775607,-33.392406,-8.991940,20.572752,0.880971,2.036041,0.042946,-0.093748,-0.242388,-12.775607,-33.392406,-8.991940,20.572752,0.880971,2.036041,0.042946,-0.093748,-0.242388,87.000000,87.000000,87.000000,87.000000,12.000000,12.000000,12.000000,200.000000,200.000000,0.000000,0.000000,0.000000,0.000000,0.000000,0.000000,0.000000,0.000000,0.000000
163,-0.169178,0.645116,0.226188,1.010100,-0.476336,-1.044283,0.409421,-0.072717,-0.044797,0.091972,-2.515919,-0.209683,2.580084,0.881681,0.000079,0.000091,-0.435552,-0.025273,0.338758,0.237622,-0.661081,-1.956478,1.294209,0.003172,-0.002711,10.052205,7.402110,-8.196329,-2.153355,23.432539,33.406776,-29.844816,0.182163,-0.164040,0.790684,-15.517939,0.318363,15.995816,0.812949,2.030342,-0.047663,-0.064296,-0.281472,0.790684,-15.517939,0.318363,15.995816,0.812949,2.030342,-0.047663,-0.064296,-0.281472,87.000000,87.000000,87.000000,87.000000,12.000000,12.000000,12.000000,200.000000,200.000000,0.000000,0.000000,0.000000,0.000000,0.000000,0.000000,0.000000,0.000000,0.000000
164,-0.011036,0.437756,0.474730,0.997020,-0.464646,-0.850067,0.345085,-0.100874,-0.042743,0.120584,-2.520157,-0.219700,2.579130,0.897459,0.000110,0.000052,-0.571102,-0.044970,0.703350,-0.076040,-0.280921,0.069055,0.331073,-0.000398,0.000106,19.918573,-1.158880,-12.128927,-1.542487,0.243019,2.160034,-8.348829,-0.121051,0.099728,10.289170,-24.414913,6.769366,16.674507,-0.304696,2.757607,-0.077905,-0.395276,0.049467,10.289170,-24.414913,6.769366,16.674507,-0.304696,2.757607,-0.077905,-0.395276,0.049467,87.000000,87.000000,87.000000,87.000000,12.000000,12.000000,12.000000,200.000000,200.000000,0.000000,0.000000,0.000000,0.000000,0.000000,0.000000,0.000000,0.000000,0.000000
165,-0.209643,0.009997,-0.083699,1.197004,-0.326914,-0.570464,0.079423,-0.057991,-0.047937,0.078092,-2.533592,-0.197653,2.641587,0.841683,0.000108,0.000057,0.985317,-0.435777,-1.074317,-0.221329,0.465560,1.460979,-1.234719,0.000888,-0.000401,-27.910332,-11.999755,21.915228,7.382008,-15.977872,-32.533119,28.615185,0.187257,-0.139501,-7.975134,-40.683487,-5.469400,26.650105,0.522326,3.230288,0.061457,0.028350,-0.313156,-7.975134,-40.683487,-5.469400,26.650105,0.522326,3.230288,0.061457,0.028350,-0.313156,87.000000,87.000000,87.000000,87.000000,12.000000,12.000000,12.000000,200.000000,200.000000,0.000000,0.000000,0.000000,0.000000,0.000000,0.000000,0.000000,0.000000,0.000000
166,-0.512862,0.767503,0.005270,0.726704,-0.507662,-1.282963,0.251557,-0.079268,-0.057731,0.091422,-2.531136,-0.231457,2.560448,0.853123,0.000065,0.000096,-0.661243,-0.286691,0.296133,0.029714,-0.661778,-2.610556,0.259097,-0.001175,0.001293,5.180243,6.595920,-13.247232,-9.234776,20.754459,0.047636,-5.484981,-0.103150,0.108475,-12.111906,-8.940295,-8.645442,6.042990,1.121174,-6.230319,0.083433,-0.226713,-0.098155,-12.111906,-8.940295,-8.645442,6.042990,1.121174,-6.230319,0.083433,-0.226713,-0.098155,87.000000,87.000000,87.000000,87.000000,12.000000,12.000000,12.000000,200.000000,200.000000,0.000000,0.000000,0.000000,0.000000,0.000000,0.000000,0.000000,0.000000,0.000000
167,0.120518,0.264420,0.073842,1.074870,-0.240725,-0.808323,0.132068,-0.043720,-0.064848,0.046980,-2.546074,-0.181848,2.573239,0.830953,0.000088,0.000085,0.871025,-0.334665,-1.084007,-0.277954,1.256330,0.434578,-0.463826,-0.000719,0.001422,-20.936522,-2.088185,24.347576,7.556364,-29.629704,-7.014295,11.116109,-0.002189,0.052163,4.792565,-28.862627,3.483274,22.918217,-0.160572,3.396560,-0.033879,-0.132531,-0.179478,4.792565,-28.862627,3.483274,22.918217,-0.160572,3.396560,-0.033879,-0.132531,-0.179478,87.000000,87.000000,87.000000,87.000000,12.000000,12.000000,12.000000,200.000000,200.000000,0.000000,0.000000,0.000000,0.000000,0.000000,0.000000,0.000000,0.000000,0.000000
168,-0.311589,0.705326,0.393604,0.901814,-0.096534,-0.645745,0.489943,-0.109162,-0.066242,0.106639,-2.559649,-0.120962,2.629861,0.904543,0.000046,0.000238,-1.600259,0.042999,1.468410,-0.147273,1.483937,1.264447,1.675372,-0.001985,0.008970,36.856152,11.053545,-34.044655,11.979824,-33.580311,-30.562160,-39.191727,-0.072009,0.489732,2.655449,-11.370839,1.345322,16.992968,-0.107189,1.781765,-0.210185,-0.087670,-0.255655,2.655449,-11.370839,1.345322,16.992968,-0.107189,1.781765,-0.210185,-0.087670,-0.255655,87.000000,87.000000,87.000000,87.000000,12.000000,12.000000,12.000000,200.000000,200.000000,0.000000,0.000000,0.000000,0.000000,0.000000,0.000000,0.000000,0.000000,0.000000
169,0.127690,0.092736,0.235843,1.560958,-0.428032,-0.460502,0.268946,-0.083587,-0.059382,0.077495,-2.548218,-0.161219,2.684519,0.892675,0.000091,0.000141,0.739456,0.109136,-0.723308,0.866894,-1.336291,1.311459,-0.345058,0.004733,-0.006217,-11.842946,-1.056392,20.842833,26.344955,14.551727,-19.635014,5.727810,0.297446,-0.460389,9.134615,-37.283772,6.355421,40.565308,0.062271,5.341219,-0.137218,-0.012657,-0.670905,9.134615,-37.283772,6.355421,40.565308,0.062271,5.341219,-0.137218,-0.012657,-0.670905,87.000000,87.000000,87.000000,87.000000,12.000000,12.000000,12.000000,200.000000,200.000000,0.000000,0.000000,0.000000,0.000000,0.000000,0.000000,0.000000,0.000000,0.000000
170,-0.351180,0.640209,0.198483,0.664241,-0.455243,-1.085705,0.110009,-0.106699,-0.057694,0.101311,-2.521302,-0.200101,2.608081,0.845768,0.000062,0.000155,-0.585509,-0.095774,0.591262,0.561396,-0.630981,-2.486218,-1.029945,-0.003180,0.004596,13.285749,-2.865920,-14.608386,-23.022869,27.495205,7.740168,25.505295,-0.391081,0.522237,-3.184675,-15.083166,-2.575137,0.552310,1.025623,-2.056034,0.234724,-0.574393,0.246010,-3.184675,-15.083166,-2.575137,0.552310,1.025623,-2.056034,0.234724,-0.574393,0.246010,87.000000,87.000000,87.000000,87.000000,12.000000,12.000000,12.000000,200.000000,200.000000,0.000000,0.000000,0.000000,0.000000,0.000000,0.000000,0.000000,0.000000,0.000000
171,0.042359,0.037063,-0.042237,0.785662,-0.433344,-1.014754,-0.004434,-0.049708,-0.070042,0.044456,-2.525582,-0.207917,2.560448,0.794037,0.000010,0.000182,1.369460,-0.767778,-1.387304,-0.434987,-0.160085,-1.120929,-1.128964,-0.000975,0.001080,-32.818821,-19.396433,31.578310,-24.879669,1.959637,23.942183,26.702162,0.102407,-0.071091,0.130376,-37.380482,0.272737,8.271343,-0.200094,2.070671,0.127069,0.218531,-0.574646,0.130376,-37.380482,0.272737,8.271343,-0.200094,2.070671,0.127069,0.218531,-0.574646,87.000000,87.000000,87.000000,87.000000,12.000000,12.000000,12.000000,200.000000,200.000000,0.000000,0.000000,0.000000,0.000000,0.000000,0.000000,0.000000,0.000000,0.000000
172,-0.189374,0.952672,0.385141,0.719224,-0.416725,-1.207432,0.358172,-0.096114,-0.083170,0.093197,-2.539145,-0.212445,2.497915,0.853734,0.000105,0.000084,-1.118137,-0.200899,1.262718,-0.335476,0.096050,-1.674110,1.353766,0.005207,-0.004439,30.668182,18.029768,-26.578730,-2.518455,6.154194,29.371195,-30.847948,0.266047,-0.206497,4.855180,0.916195,3.051499,7.714324,0.416949,1.125183,-0.074375,-0.107591,-0.231446,4.855180,0.916195,3.051499,7.714324,0.416949,1.125183,-0.074375,-0.107591,-0.231446,87.000000,87.000000,87.000000,87.000000,12.000000,12.000000,12.000000,200.000000,200.000000,0.000000,0.000000,0.000000,0.000000,0.000000,0.000000,0.000000,0.000000,0.000000
173,0.131688,-0.490499,0.267687,1.661724,-0.564756,-0.005053,0.175476,-0.075398,-0.094446,0.078480,-2.551712,-0.244651,2.554012,0.843172,0.000110,0.000085,0.694499,-0.688707,-0.361110,0.292587,-1.420057,-0.075798,-0.283013,-0.001479,0.002675,-6.085073,-15.788246,13.933272,17.654753,16.299568,31.171114,5.753621,-0.105412,0.192302,9.038137,-56.504696,6.197855,45.550842,2.222741,12.000000,-0.078805,-0.257786,-0.073612,9.038137,-56.504696,6.197855,45.550842,2.222741,43.244133,-0.078805,-0.257786,-0.073612,87.000000,87.000000,87.000000,87.000000,12.000000,12.000000,12.000000,200.000000,200.000000,0.000000,0.000000,0.000000,0.000000,0.000000,0.000000,0.000000,0.000000,0.000000
174,-0.346416,0.666251,0.450463,0.655474,-0.195592,-0.867947,0.265416,-0.125387,-0.112278,0.142804,-2.558318,-0.183951,2.577129,0.856655,0.000112,0.000094,-1.182278,-0.511718,1.638608,-0.181626,1.820413,0.325381,0.364817,-0.002722,0.003678,31.361452,7.125842,-30.679384,-3.636231,-27.558559,-18.622152,-6.721236,-0.228567,0.261367,1.107769,-8.012437,0.481905,6.223817,0.483780,0.279989,0.013784,-0.433416,-0.004333,1.107769,-8.012437,0.481905,6.223817,0.483780,0.279989,0.013784,-0.433416,-0.004333,87.000000,87.000000,87.000000,87.000000,12.000000,12.000000,12.000000,200.000000,200.000000,0.000000,0.000000,0.000000,0.000000,0.000000,0.000000,0.000000,0.000000,0.000000
175,0.107548,0.669043,0.084805,1.249536,-0.100713,-0.446255,0.108071,-0.059520,-0.111288,0.095303,-2.559862,-0.121269,2.660941,0.828135,0.000076,0.000108,1.941040,0.267923,-1.362140,0.504349,1.311830,2.338772,-0.638311,-0.001340,0.001135,-11.636194,19.712851,14.244439,29.273094,-35.798267,-16.464800,14.351341,0.045544,-0.045986,3.267505,-9.331731,0.181039,30.168444,0.062122,5.149637,-0.123056,0.000522,-0.372147,3.267505,-9.331731,0.181039,30.168444,0.062122,5.149637,-0.123056,0.000522,-0.372147,87.000000,87.000000,87.000000,87.000000,12.000000,12.000000,12.000000,200.000000,200.000000,0.000000,0.000000,0.000000,0.000000,0.000000,0.000000,0.000000,0.000000,0.000000
176,-0.639226,0.842362,-0.090484,0.751305,-0.398244,-1.165442,0.084579,-0.068877,-0.097618,0.110175,-2.529245,-0.165059,2.584173,0.806658,0.000000,0.000226,-0.440039,0.438392,0.375252,0.868507,-1.027664,-2.612345,-0.503001,-0.002855,0.004521,1.525894,7.244950,-15.076777,-12.245567,27.000473,0.009398,11.849855,-0.152359,0.266893,-18.802338,-4.660865,-14.279690,4.453785,1.505122,-3.401921,0.147769,-0.004103,-0.311734,-18.802338,-4.660865,-14.279690,4.453785,1.505122,-3.401921,0.147769,-0.004103,-0.311734,87.000000,87.000000,87.000000,87.000000,12.000000,12.000000,12.000000,200.000000,200.000000,0.000000,0.000000,0.000000,0.000000,0.000000,0.000000,0.000000,0.000000,0.000000
177,0.038761,0.513266,0.339417,0.853322,-0.201714,-0.974782,0.313879,-0.066949,-0.081346,0.111996,-2.520081,-0.137712,2.557692,0.849522,0.000068,0.000147,0.138524,0.370348,0.048407,0.179385,0.872818,-0.596085,0.994607,0.003707,-0.002946,1.869403,-2.295622,2.076755,-11.007365,-14.810785,11.602885,-22.479589,0.307568,-0.237355,6.634850,-19.490999,4.613447,9.687133,-0.238962,1.783621,-0.067921,0.132881,-0.516941,6.634850,-19.490999,4.613447,9.687133,-0.238962,1.783621,-0.067921,0.132881,-0.516941,87.000000,87.000000,87.000000,87.000000,12.000000,12.000000,12.000000,200.000000,200.000000,0.000000,0.000000,0.000000,0.000000,0.000000,0.000000,0.000000,0.000000,0.000000
178,-0.145742,0.173640,0.075861,1.428169,-0.247380,-0.271967,0.130313,-0.048199,-0.065131,0.095085,-2.518791,-0.129922,2.643270,0.829785,0.000087,0.000088,0.420935,0.376857,-0.428189,0.386999,-0.065358,2.610644,-0.471565,0.000767,-0.001558,-11.529836,-1.983599,8.242074,15.683434,-6.742310,2.157211,9.662752,0.015152,-0.038350,-3.758183,-34.365196,-2.957969,33.578854,0.185392,12.000000,-0.085811,-0.209448,-0.142832,-3.758183,-34.365196,-2.957969,33.578854,0.185392,13.802095,-0.085811,-0.209448,-0.142832,87.000000,87.000000,87.000000,87.000000,12.000000,12.000000,12.000000,200.000000,200.000000,0.000000,0.000000,0.000000,0.000000,0.000000,0.000000,0.000000,0.000000,0.000000
179,-0.503380,0.655385,-0.060344,0.907681,-0.436139,-1.176630,0.410998,-0.057507,-0.051844,0.097363,-2.493211,-0.181855,2.567890,0.884987,0.000078,0.000089,-0.345349,0.302113,-0.007776,0.694793,-0.972228,-2.609847,1.222522,0.000711,-0.000379,-0.969365,-0.172296,-7.882380,-12.773440,33.772156,0.090265,-27.422710,-0.010978,0.050245,-14.657269,-15.854586,-10.628990,8.264694,1.612792,-2.543582,0.083034,-0.226721,-0.067044,-14.657269,-15.854586,-10.628990,8.264694,1.612792,-2.543582,0.083034,-0.226721,-0.067044,87.000000,87.000000,87.000000,87.000000,12.000000,12.000000,12.000000,200.000000,200.000000,0.000000,0.000000,0.000000,0.000000,0.000000,0.000000,0.000000,0.000000,0.000000
180,-0.024532,0.429896,0.352032,1.003005,-0.336627,-0.880142,0.362867,-0.076543,-0.040969,0.107691,-2.489813,-0.175693,2.566751,0.903094,0.000118,0.000051,-0.429117,0.171083,0.238111,0.060227,0.165773,0.107399,0.397770,-0.000460,0.000592,10.198842,-4.405313,-5.580160,-6.890234,-8.254208,1.403241,-9.606539,-0.127089,0.122659,6.867427,-25.636238,4.511754,13.813369,-0.375497,2.405995,-0.065901,-0.420163,0.059691,6.867427,-25.636238,4.511754,13.813369,-0.375497,2.405995,-0.065901,-0.420163,0.059691,87.000000,87.000000,87.000000,87.000000,12.000000,12.000000,12.000000,200.000000,200.000000,0.000000,0.000000,0.000000,0.000000,0.000000,0.000000,0.000000,0.000000,0.000000
181,-0.212479,0.031692,-0.025423,1.251909,-0.227407,-0.452310,0.122921,-0.055906,-0.038807,0.076978,-2.501495,-0.148067,2.651385,0.855217,0.000097,0.000065,0.413508,-0.205409,-0.802734,-0.216292,0.550158,2.427216,-1.060555,-0.000219,0.000213,-17.920958,-11.438563,12.884702,3.850865,-18.273380,-11.003865,24.776306,0.099195,-0.085034,-6.152651,-41.130791,-4.294744,26.072512,0.177804,5.735466,0.029840,-0.024468,-0.279925,-6.152651,-41.130791,-4.294744,26.072512,0.177804,5.735466,0.029840,-0.024468,-0.279925,87.000000,87.000000,87.000000,87.000000,12.000000,12.000000,12.000000,200.000000,200.000000,0.000000,0.000000,0.000000,0.000000,0.000000,0.000000,0.000000,0.000000,0.000000
182,-0.504198,0.721594,-0.029164,0.877470,-0.223745,-1.102753,0.429229,-0.077355,-0.042214,0.082394,-2.496713,-0.141571,2.581401,0.902319,0.000159,0.000031,-0.664647,-0.118653,0.061258,0.145269,0.529786,-2.359931,1.076658,0.005273,-0.003276,2.245914,5.526553,-11.216431,-8.114985,8.419625,15.071424,-23.093060,0.318787,-0.194305,-12.075754,-12.526842,-8.563810,9.073675,1.449542,-0.499368,0.070107,-0.138506,-0.168092,-12.075754,-12.526842,-8.563810,9.073675,1.449542,-0.499368,0.070107,-0.138506,-0.168092,87.000000,87.000000,87.000000,87.000000,12.000000,12.000000,12.000000,200.000000,200.000000,0.000000,0.000000,0.000000,0.000000,0.000000,0.000000,0.000000,0.000000,0.000000
183,0.320226,0.402415,0.611292,0.725880,-0.497691,-1.017778,0.356375,-0.102381,-0.047435,0.093681,-2.508773,-0.182289,2.545911,0.911505,0.000204,0.000013,-0.479806,-0.367297,0.325334,-0.595307,-1.230737,-0.744194,0.153475,-0.001410,0.000777,19.260275,-7.692877,-1.943884,-20.513517,12.909936,20.721609,-5.021158,-0.415905,0.308912,23.378012,-24.969917,15.972870,5.215761,-1.398553,1.951353,-0.089988,-1.019687,0.437147,23.378012,-24.969917,15.972870,5.215761,-1.398553,1.951353,-0.089988,-1.019687,0.437147,87.000000,87.000000,87.000000,87.000000,12.000000,12.000000,12.000000,200.000000,200.000000,0.000000,0.000000,0.000000,0.000000,0.000000,0.000000,0.000000,0.000000,0.000000
184,-0.016369,-0.022545,0.254347,0.959148,-0.548896,-0.528811,0.101938,-0.097859,-0.064558,0.083956,-2.548801,-0.224387,2.626756,0.854672,0.000265,0.000000,0.147343,-0.819187,-0.232752,-1.176679,-1.198371,2.302482,-1.278860,0.006270,-0.003663,-1.714305,-13.691235,6.776622,-2.302458,14.346163,-18.391041,29.014719,0.542887,-0.328419,6.670792,-39.734585,4.465852,20.353161,-0.076129,4.580463,0.056128,-0.044193,-0.239158,6.670792,-39.734585,4.465852,20.353161,-0.076129,4.580463,0.056128,-0.044193,-0.239158,87.000000,87.000000,87.000000,87.000000,12.000000,12.000000,12.000000,200.000000,200.000000,0.000000,0.000000,0.000000,0.000000,0.000000,0.000000,0.000000,0.000000,0.000000
185,-0.378707,0.188737,-0.048403,1.089949,-0.574947,-0.749390,0.023617,-0.090037,-0.090506,0.070723,-2.576327,-0.265925,2.633569,0.805340,0.000220,0.000043,0.105710,-0.879490,-0.344818,-0.541179,-0.811556,-0.227689,-1.078235,-0.002567,0.003133,-9.860608,-0.497750,4.479403,10.440845,27.350723,-5.960854,26.089645,-0.267422,0.291421,-8.806599,-28.299652,-6.402915,26.813274,1.993830,2.681714,0.174037,-0.740797,0.172405,-8.806599,-28.299652,-6.402915,26.813274,1.993830,2.681714,0.174037,-0.740797,0.172405,87.000000,87.000000,87.000000,87.000000,12.000000,12.000000,12.000000,200.000000,200.000000,0.000000,0.000000,0.000000,0.000000,0.000000,0.000000,0.000000,0.000000,0.000000
186,-0.215843,0.525375,0.062590,1.020737,-0.304963,-0.960692,0.086174,-0.085606,-0.111079,0.062469,-2.587205,-0.224344,2.586564,0.794233,0.000168,0.000027,0.077279,-0.507896,-0.203838,-0.009347,1.389441,-1.419553,-0.185178,-0.000771,-0.000035,-5.175571,12.963308,2.592097,13.418034,-12.159060,19.696991,6.446929,0.107834,-0.082803,-2.302914,-13.410902,-1.789995,23.666071,1.383790,2.627178,0.061209,-0.108426,-0.210613,-2.302914,-13.410902,-1.789995,23.666071,1.383790,2.627178,0.061209,-0.108426,-0.210613,87.000000,87.000000,87.000000,87.000000,12.000000,12.000000,12.000000,200.000000,200.000000,0.000000,0.000000,0.000000,0.000000,0.000000,0.000000,0.000000,0.000000,0.000000
187,0.305437,0.645849,0.428144,0.905651,-0.416906,-1.102047,0.211584,-0.075631,-0.116871,0.057472,-2.581575,-0.213561,2.525543,0.820080,0.000186,0.000000,0.400322,-0.049761,0.000900,0.353028,0.221256,-1.521418,0.565042,0.000815,-0.001068,5.706471,13.281591,10.031252,3.962466,-5.419312,33.657238,-13.446024,-0.000045,-0.006103,17.516726,-9.331062,13.101558,17.097807,-0.529558,2.978766,-0.144109,-0.426191,0.072063,17.516726,-9.331062,13.101558,17.097807,-0.529558,2.978766,-0.144109,-0.426191,0.072063,87.000000,87.000000,87.000000,87.000000,12.000000,12.000000,12.000000,200.000000,200.000000,0.000000,0.000000,0.000000,0.000000,0.000000,0.000000,0.000000,0.000000,0.000000
188,-0.057421,0.484127,0.083991,1.178174,-0.341887,-0.522142,0.112090,-0.056452,-0.107324,0.049474,-2.578029,-0.193618,2.606991,0.809660,0.000135,0.000027,0.503478,0.365600,-0.164700,0.472487,0.316647,2.582493,-0.240823,-0.001386,0.001077,-6.931146,9.889338,7.608199,18.202915,-14.214554,-1.818552,4.710184,0.055256,-0.046101,0.474675,-17.863628,0.280293,28.231928,0.066009,6.540959,-0.102882,-0.094282,-0.201317,0.474675,-17.863628,0.280293,28.231928,0.066009,6.540959,-0.102882,-0.094282,-0.201317,87.000000,87.000000,87.000000,87.000000,12.000000,12.000000,12.000000,200.000000,200.000000,0.000000,0.000000,0.000000,0.000000,0.000000,0.000000,0.000000,0.000000,0.000000
189,-0.411315,0.656282,0.067377,1.000078,-0.190732,-0.755342,0.476442,-0.076716,-0.088566,0.079196,-2.555304,-0.157843,2.630044,0.888301,0.000099,0.000136,-0.519715,0.587634,0.709114,0.895621,1.164444,0.127097,1.852261,-0.001193,0.005859,11.286242,7.174326,-18.428999,5.801564,-9.227135,-15.797616,-41.304630,-0.024592,0.313785,-8.289787,-13.225941,-6.577885,17.439758,1.385591,1.212656,-0.032043,-0.159654,-0.141692,-8.289787,-13.225941,-6.577885,17.439758,1.385591,1.212656,-0.032043,-0.159654,-0.141692,87.000000,87.000000,87.000000,87.000000,12.000000,12.000000,12.000000,200.000000,200.000000,0.000000,0.000000,0.000000,0.000000,0.000000,0.000000,0.000000,0.000000,0.000000
190,0.045977,0.245216,0.210717,1.500865,-0.155938,-0.396355,0.243620,-0.061310,-0.063506,0.072241,-2.523871,-0.119173,2.702115,0.877467,0.000064,0.000137,0.470177,0.671800,-0.160832,1.381691,0.722338,1.816522,-0.274460,-0.001527,0.000299,-4.596648,-0.170310,8.442459,22.758793,-25.590351,-30.874147,5.092569,-0.055078,-0.086787,5.225038,-32.306763,3.559794,34.638256,-0.177783,4.489208,-0.151492,-0.141910,-0.453400,5.225038,-32.306763,3.559794,34.638256,-0.177783,4.489208,-0.151492,-0.141910,-0.453400,87.000000,87.000000,87.000000,87.000000,12.000000,12.000000,12.000000,200.000000,200.000000,0.000000,0.000000,0.000000,0.000000,0.000000,0.000000,0.000000,0.000000,0.000000
191,-0.283179,0.653275,0.074664,0.709230,-0.132370,-0.858324,0.200367,-0.062916,-0.044474,0.081509,-2.485134,-0.097954,2.666645,0.859661,0.000036,0.000127,-0.067530,0.367302,0.210013,0.860567,0.690848,-1.312673,-0.380408,-0.000133,-0.000349,0.599703,-6.691028,-7.018794,-27.973185,-2.535367,14.071697,10.257065,0.023191,0.003740,-6.077979,-17.073471,-4.499110,-1.637903,0.557025,-0.295225,0.128448,-0.023686,-0.234591,-6.077979,-17.073471,-4.499110,-1.637903,0.557025,-0.295225,0.128448,-0.023686,-0.234591,87.000000,87.000000,87.000000,87.000000,12.000000,12.000000,12.000000,200.000000,200.000000,0.000000,0.000000,0.000000,0.000000,0.000000,0.000000,0.000000,0.000000,0.000000
192,-0.096354,0.561973,0.037824,0.758733,-0.253563,-0.993953,0.080865,-0.042341,-0.034533,0.062359,-2.470665,-0.109706,2.605334,0.822295,0.000008,0.000165,0.467916,0.088069,-0.470113,0.117029,-0.338978,-1.571926,-0.840320,-0.001695,0.002625,-12.577037,-7.576804,10.012735,-27.578840,6.282176,32.064976,19.575247,-0.134136,0.199294,-2.435050,-20.829096,-1.649377,1.180844,-0.152891,0.964968,0.094888,-0.125706,-0.175229,-2.435050,-20.829096,-1.649377,1.180844,-0.152891,0.964968,0.094888,-0.125706,-0.175229,87.000000,87.000000,87.000000,87.000000,12.000000,12.000000,12.000000,200.000000,200.000000,0.000000,0.000000,0.000000,0.000000,0.000000,0.000000,0.000000,0.000000,0.000000
193,0.051678,0.348988,0.288127,0.436186,-0.614127,-1.383126,0.087976,-0.052221,-0.041720,0.071602,-2.488665,-0.193440,2.518658,0.804431,0.000000,0.000294,-0.218866,-0.608203,0.276588,-1.091541,-2.300358,-2.613455,-0.423320,-0.003201,0.006713,9.291690,-18.754049,-3.182101,-39.775925,19.966091,-0.095386,8.691733,-0.202871,0.399571,7.367878,-27.554739,4.879604,-7.727857,-1.950896,-6.893790,0.072499,-0.018002,-0.370392,7.367878,-27.554739,4.879604,-7.727857,-1.950896,-6.893790,0.072499,-0.018002,-0.370392,87.000000,87.000000,87.000000,87.000000,12.000000,12.000000,12.000000,200.000000,200.000000,0.000000,0.000000,0.000000,0.000000,0.000000,0.000000,0.000000,0.000000,0.000000
194,0.112923,0.091001,0.398439,0.811621,-0.463605,-0.715700,0.206352,-0.063979,-0.065052,0.089613,-2.553635,-0.213140,2.574903,0.822888,0.000011,0.000249,-0.158962,-0.946422,0.476622,-1.940437,-0.460932,1.547789,0.432903,0.001017,-0.004315,13.690686,-9.575597,-4.853073,-0.317709,0.033349,-32.021053,-10.660083,0.351593,-0.588492,10.842721,-34.576149,7.214044,16.976540,-0.329374,2.596350,-0.065028,0.484268,-1.237605,10.842721,-34.576149,7.214044,16.976540,-0.329374,2.596350,-0.065028,0.484268,-1.237605,87.000000,87.000000,87.000000,87.000000,12.000000,12.000000,12.000000,200.000000,200.000000,0.000000,0.000000,0.000000,0.000000,0.000000,0.000000,0.000000,0.000000,0.000000
195,-0.280828,0.042760,-0.020093,1.542305,-0.426764,-0.287743,0.164627,-0.049219,-0.087930,0.082006,-2.600918,-0.222932,2.661986,0.823476,0.000018,0.000163,0.337374,-0.658252,-0.213102,-0.711009,-0.223085,2.612035,0.006527,0.001096,-0.001726,-10.552845,7.331704,5.014283,39.849464,4.214224,-0.019970,-0.298843,0.050507,-0.007047,-8.814548,-34.479340,-6.487903,49.029663,1.537523,11.524349,-0.049793,-0.034104,-0.240232,-8.814548,-34.479340,-6.487903,49.029663,1.537523,11.524349,-0.049793,-0.034104,-0.240232,87.000000,87.000000,87.000000,87.000000,12.000000,12.000000,12.000000,200.000000,200.000000,0.000000,0.000000,0.000000,0.000000,0.000000,0.000000,0.000000,0.000000,0.000000
196,-0.494710,0.527336,-0.022491,1.071726,-0.274875,-0.991692,0.325785,-0.062001,-0.102900,0.097769,-2.601225,-0.199306,2.601660,0.861216,0.000088,0.000096,-0.409010,-0.354621,0.338834,0.351047,1.051280,-2.077982,0.873525,0.003763,-0.002532,0.076511,12.715004,-12.529865,13.521729,4.360098,24.815853,-17.760406,0.190875,-0.080670,-13.748722,-14.404093,-10.324250,25.880451,2.459074,2.182239,0.069927,-0.100249,-0.169094,-13.748722,-14.404093,-10.324250,25.880451,2.459074,2.182239,0.069927,-0.100249,-0.169094,87.000000,87.000000,87.000000,87.000000,12.000000,12.000000,12.000000,200.000000,200.000000,0.000000,0.000000,0.000000,0.000000,0.000000,0.000000,0.000000,0.000000,0.000000
197,0.249545,-0.066230,0.330965,1.422235,-0.343138,-0.537964,0.098105,-0.044840,-0.111330,0.081711,-2.591422,-0.181525,2.644218,0.828551,0.000149,0.000025,0.547771,-0.394798,-0.358454,0.729976,0.103149,1.318554,-0.758288,0.000184,-0.000880,-2.862446,-4.003054,13.835223,23.338434,-19.220860,-13.503062,15.838500,-0.149369,0.061073,11.933326,-38.314537,8.454399,38.653866,-0.674039,5.828525,-0.152295,-0.568394,0.105670,11.933326,-38.314537,8.454399,38.653866,-0.674039,5.828525,-0.152295,-0.568394,0.105670,87.000000,87.000000,87.000000,87.000000,12.000000,12.000000,12.000000,200.000000,200.000000,0.000000,0.000000,0.000000,0.000000,0.000000,0.000000,0.000000,0.000000,0.000000
198,-0.404366,0.685127,-0.002478,0.681191,-0.485515,-1.344038,-0.014064,-0.053865,-0.120139,0.091237,-2.559936,-0.217406,2.561789,0.782955,0.000078,0.000119,-0.324728,-0.262489,0.205985,0.850875,-0.740704,-2.612592,-1.014713,-0.002803,0.004870,0.393589,5.919488,-8.612983,-12.998864,21.647028,0.049653,24.194439,-0.197893,0.333351,-10.986115,-7.349027,-8.423067,4.114386,1.137598,-8.775410,0.174155,-0.304740,-0.005643,-10.986115,-7.349027,-8.423067,4.114386,1.137598,-8.775410,0.174155,-0.304740,-0.005643,87.000000,87.000000,87.000000,87.000000,12.000000,12.000000,12.000000,200.000000,200.000000,0.000000,0.000000,0.000000,0.000000,0.000000,0.000000,0.000000,0.000000,0.000000
199,0.128817,1.037406,0.207762,0.839992,-0.307486,-0.873079,0.139892,-0.033352,-0.110625,0.071991,-2.544067,-0.190526,2.569733,0.795848,0.000064,0.000121,0.588614,0.552566,-0.455921,0.654992,0.739805,0.354725,0.323981,-0.000608,0.000636,-8.165981,21.554602,13.850967,6.673572,-17.421755,-2.487454,-7.609217,0.095430,-0.087255,5.776986,4.691692,4.562884,10.812858,-0.063935,1.566570,-0.091145,0.072134,-0.442748,5.776986,4.691692,4.562884,10.812858,-0.063935,1.566570,-0.091145,0.072134,-0.442748,87.000000,87.000000,87.000000,87.000000,12.000000,12.000000,12.000000,200.000000,200.000000,0.000000,0.000000,0.000000,0.000000,0.000000,0.000000,0.000000,0.000000,0.000000
200,-0.272466,0.411056,0.033595,1.040848,-0.380772,-0.922833,0.079835,-0.039849,-0.091252,0.077628,-2.523592,-0.192941,2.564159,0.788951,0.000031,0.000131,-0.241758,0.456638,0.118669,0.669475,-0.100425,-0.292399,-0.170210,-0.000250,-0.000147,1.024583,-2.884349,-7.033409,-4.425258,1.923294,4.274640,3.693525,0.030132,-0.034920,-7.014150,-23.050562,-5.579506,16.542006,0.534505,2.099330,0.022241,0.006380,-0.318322,-7.014150,-23.050562,-5.579506,16.542006,0.534505,2.099330,0.022241,0.006380,-0.318322,87.000000,87.000000,87.000000,87.000000,12.000000,12.000000,12.000000,200.000000,200.000000,0.000000,0.000000,0.000000,0.000000,0.000000,0.000000,0.000000,0.000000,0.000000
201,0.012612,0.102919,0.303025,1.367261,-0.658163,-0.621900,0.045424,-0.055360,-0.075790,0.087919,-2.504110,-0.255459,2.617050,0.777560,0.000125,0.000068,-0.329698,0.267148,0.259145,0.797209,-1.774623,1.410006,-0.294215,0.005724,-0.003562,10.186121,-7.772208,-3.702578,7.699384,23.404861,-19.948875,4.794683,0.306590,-0.170409,6.377965,-36.379681,4.191165,28.397758,0.069466,4.025612,-0.055212,-0.106373,-0.196059,6.377965,-36.379681,4.191165,28.397758,0.069466,4.025612,-0.055212,-0.106373,-0.196059,87.000000,87.000000,87.000000,87.000000,12.000000,12.000000,12.000000,200.000000,200.000000,0.000000,0.000000,0.000000,0.000000,0.000000,0.000000,0.000000,0.000000,0.000000
202,-0.151224,0.329910,0.144330,0.931882,-0.505824,-1.116002,0.064226,-0.055272,-0.072666,0.089678,-2.481193,-0.265162,2.555281,0.774330,0.000143,0.000030,0.025178,-0.151408,0.020354,0.495947,0.261529,-2.003773,-0.032296,-0.002410,0.001390,-0.768167,-9.343562,-1.544838,-21.086905,18.470045,25.277409,3.355025,-0.319640,0.218127,-1.739570,-26.527374,-1.539596,8.307617,1.385150,0.781032,0.189540,-0.657223,0.194268,-1.739570,-26.527374,-1.539596,8.307617,1.385150,0.781032,0.189540,-0.657223,0.194268,87.000000,87.000000,87.000000,87.000000,12.000000,12.000000,12.000000,200.000000,200.000000,0.000000,0.000000,0.000000,0.000000,0.000000,0.000000,0.000000,0.000000,0.000000
203,-0.035493,0.688577,0.242022,0.832162,-0.294264,-1.044293,0.211217,-0.055034,-0.072852,0.092871,-2.481434,-0.211154,2.530405,0.808529,0.000178,0.000032,0.040408,-0.024573,0.083375,-0.073265,1.426356,-0.627967,0.788974,0.001781,0.001040,1.524474,4.141850,-0.782996,-9.554734,-28.246542,10.246796,-17.839767,0.185791,0.012346,2.956516,-11.739399,1.986032,6.506147,-0.315301,1.185024,-0.078229,-0.161520,-0.119323,2.956516,-11.739399,1.986032,6.506147,-0.315301,1.185024,-0.078229,-0.161520,-0.119323,87.000000,87.000000,87.000000,87.000000,12.000000,12.000000,12.000000,200.000000,200.000000,0.000000,0.000000,0.000000,0.000000,0.000000,0.000000,0.000000,0.000000,0.000000
204,-0.044414,0.194988,0.179184,1.237118,-0.385507,-0.642874,0.102842,-0.048071,-0.072020,0.087125,-2.493111,-0.198827,2.596662,0.801804,0.000124,0.000051,0.175187,-0.115664,-0.134516,-0.128395,-0.048500,1.724318,-0.186124,-0.001784,0.000648,-3.108083,-4.029640,4.275995,9.308073,-17.080826,-29.760881,2.464953,-0.071336,-0.013644,1.415997,-31.766800,0.803814,24.863939,-0.473194,3.424234,-0.117265,-0.264400,-0.171555,1.415997,-31.766800,0.803814,24.863939,-0.473194,3.424234,-0.117265,-0.264400,-0.171555,87.000000,87.000000,87.000000,87.000000,12.000000,12.000000,12.000000,200.000000,200.000000,0.000000,0.000000,0.000000,0.000000,0.000000,0.000000,0.000000,0.000000,0.000000
205,-0.253636,0.254067,0.123154,1.034363,-0.574540,-0.849193,0.101655,-0.058384,-0.078005,0.095527,-2.496113,-0.244642,2.598829,0.797066,0.000090,0.000085,-0.287677,-0.374605,0.186155,-0.081280,-1.090453,-0.247655,-0.124850,-0.000092,0.000988,3.626616,-7.002317,-6.279260,-7.804474,25.806675,-1.699198,2.799731,0.024705,0.053947,-4.506104,-28.409990,-3.566449,15.892295,0.930548,1.795442,0.072337,-0.131107,-0.152094,-4.506104,-28.409990,-3.566449,15.892295,0.930548,1.795442,0.072337,-0.131107,-0.152094,87.000000,87.000000,87.000000,87.000000,12.000000,12.000000,12.000000,200.000000,200.000000,0.000000,0.000000,0.000000,0.000000,0.000000,0.000000,0.000000,0.000000,0.000000
206,0.175622,0.726266,0.513715,0.644028,-0.468390,-1.263261,0.370108,-0.070101,-0.087256,0.114309,-2.504775,-0.244988,2.517660,0.858087,0.000208,0.000000,-0.122514,-0.293318,0.522525,-0.402980,0.379799,-2.534295,1.387097,0.005351,-0.004230,15.691417,4.775430,-4.674167,-14.938563,5.108288,4.559669,-30.830824,0.266169,-0.204577,13.860054,-8.328188,9.741636,1.438466,0.135431,-1.960213,-0.028232,-0.322348,-0.036604,13.860054,-8.328188,9.741636,1.438466,0.135431,-1.960213,-0.028232,-0.322348,-0.036604,87.000000,87.000000,87.000000,87.000000,12.000000,12.000000,12.000000,200.000000,200.000000,0.000000,0.000000,0.000000,0.000000,0.000000,0.000000,0.000000,0.000000,0.000000
207,-0.049609,0.415652,-0.005161,1.228429,-0.131519,-0.386277,0.158036,-0.025078,-0.087385,0.080088,-2.534167,-0.163673,2.600463,0.840386,0.000152,0.000089,1.121056,0.054875,-0.853118,-0.489088,1.933941,2.613144,-0.383403,-0.004694,0.005199,-23.780092,8.830638,20.929672,20.566660,-41.115650,0.040154,9.524659,-0.257618,0.487158,-4.321133,-21.433411,-3.126717,29.428213,0.280535,12.000000,-0.058304,-0.451152,0.291995,-4.321133,-21.433411,-3.126717,29.428213,0.280535,12.505862,-0.058304,-0.451152,0.291995,87.000000,87.000000,87.000000,87.000000,12.000000,12.000000,12.000000,200.000000,200.000000,0.000000,0.000000,0.000000,0.000000,0.000000,0.000000,0.000000,0.000000,0.000000
208,-0.567611,0.867669,-0.051029,1.073428,-0.231351,-0.830804,0.473837,-0.046256,-0.072495,0.101816,-2.531957,-0.148918,2.607374,0.906143,0.000063,0.000151,-0.667918,0.628101,0.488013,0.417603,0.402383,-0.224232,1.455763,0.000965,-0.000075,6.339712,16.898235,-18.938328,13.347502,-2.144669,-4.572574,-33.886726,0.257181,-0.171804,-16.863234,-5.609604,-12.564141,20.209240,1.441116,1.599761,-0.089738,0.228168,-0.595913,-16.863234,-5.609604,-12.564141,20.209240,1.441116,1.599761,-0.089738,0.228168,-0.595913,87.000000,87.000000,87.000000,87.000000,12.000000,12.000000,12.000000,200.000000,200.000000,0.000000,0.000000,0.000000,0.000000,0.000000,0.000000,0.000000,0.000000,0.000000
209,-0.066953,0.019331,0.063268,1.533675,-0.255719,-0.516379,0.196198,-0.031065,-0.051489,0.078962,-2.517772,-0.140442,2.660093,0.875125,0.000081,0.000097,0.353325,0.423470,-0.613509,0.799962,0.020692,1.329933,-0.722365,0.000194,-0.001213,-11.895176,-8.104032,10.517695,18.476204,-9.823761,-22.049517,15.713109,-0.036825,-0.031843,-1.812967,-42.096699,-1.553783,36.762215,0.309938,4.876599,-0.055578,-0.252000,-0.172032,-1.812967,-42.096699,-1.553783,36.762215,0.309938,4.876599,-0.055578,-0.252000,-0.172032,87.000000,87.000000,87.000000,87.000000,12.000000,12.000000,12.000000,200.000000,200.000000,0.000000,0.000000,0.000000,0.000000,0.000000,0.000000,0.000000,0.000000,0.000000
210,-0.474886,0.462589,-0.076552,0.936381,-0.301031,-0.942567,0.144199,-0.047089,-0.040461,0.080389,-2.491673,-0.152477,2.616499,0.844895,0.000035,0.000127,-0.542406,0.126420,-0.051185,0.644444,-0.109613,-1.439115,-0.660220,-0.001349,0.001387,-0.482361,-6.684592,-9.500355,-17.474762,14.582171,20.215336,16.546139,-0.078492,0.109432,-13.801190,-24.375956,-9.900610,9.147617,1.280133,1.050396,0.169515,-0.112038,-0.168413,-13.801190,-24.375956,-9.900610,9.147617,1.280133,1.050396,0.169515,-0.112038,-0.168413,87.000000,87.000000,87.000000,87.000000,12.000000,12.000000,12.000000,200.000000,200.000000,0.000000,0.000000,0.000000,0.000000,0.000000,0.000000,0.000000,0.000000,0.000000
211,0.120063,0.628482,0.739533,0.777473,-0.419384,-1.133736,0.512204,-0.114199,-0.035441,0.136265,-2.479629,-0.177048,2.544283,0.917110,0.000168,0.000022,-1.471802,0.022902,1.368419,0.121311,-0.454014,-1.857655,1.625226,0.006359,-0.004511,42.269230,-2.045638,-27.438667,-22.226332,14.241025,35.655388,-37.517792,0.266009,-0.152239,20.287720,-17.603586,13.457008,2.944557,-0.606469,1.217387,-0.092104,-0.308577,-0.006189,20.287720,-17.603586,13.457008,2.944557,-0.606469,1.217387,-0.092104,-0.308577,-0.006189,87.000000,87.000000,87.000000,87.000000,12.000000,12.000000,12.000000,200.000000,200.000000,0.000000,0.000000,0.000000,0.000000,0.000000,0.000000,0.000000,0.000000,0.000000
212,0.080722,0.158486,0.328491,1.087726,-0.481802,-0.400039,-0.060541,-0.096548,-0.036140,0.115178,-2.499036,-0.200913,2.627026,0.830688,0.000328,0.000000,0.511455,-0.261302,-0.534604,-0.561509,-0.889871,2.607181,-2.430413,0.008124,-0.004333,-8.980085,-9.758059,14.978660,-3.589890,5.897083,-0.279822,10.784925,0.438023,-0.210450,9.067299,-36.029293,6.209439,19.814558,-0.594403,9.827948,-2.591504,-0.474035,0.082565,9.067299,-36.029293,6.209439,19.814558,-0.594403,9.827948,-2.591504,-0.474035,0.082565,87.000000,87.000000,87.000000,87.000000,12.000000,12.000000,12.000000,200.000000,200.000000,0.000000,0.000000,0.000000,0.000000,0.000000,0.000000,0.000000,0.000000,0.000000
213,-0.562537,0.503990,-0.169274,0.616960,-0.445754,-1.297077,0.188869,-0.079565,-0.049736,0.093083,-2.516005,-0.224600,2.550093,0.831084,0.000257,0.000025,0.243666,-0.619053,-0.588408,-0.758403,-0.121990,-2.610688,0.066707,-0.006907,0.002057,-18.494371,-6.733278,5.346361,-21.869200,20.028103,0.220928,0.898408,-0.732189,0.336587,-17.846275,-19.998318,-12.330381,1.816409,1.619635,-5.955673,0.227741,-1.303142,0.355259,-17.846275,-19.998318,-12.330381,1.816409,1.619635,-5.955673,0.227741,-1.303142,0.355259,87.000000,87.000000,87.000000,87.000000,12.000000,12.000000,12.000000,200.000000,200.000000,0.000000,0.000000,0.000000,0.000000,0.000000,0.000000,0.000000,0.000000,0.000000
214,-0.157237,0.165258,0.067820,1.217332,-0.183843,-0.820017,0.270907,-0.070522,-0.066923,0.071982,-2.550261,-0.166665,2.560138,0.852538,0.000187,0.000052,0.135899,-0.600956,-0.525016,-0.700947,1.459226,0.362671,0.508587,-0.001143,0.003181,-9.837202,0.297264,7.941734,17.762413,-33.882885,-6.204564,-11.656207,0.160668,0.134923,-1.580324,-31.816608,-1.186129,30.663631,0.115912,4.210509,-0.110985,-0.051735,-0.093189,-1.580324,-31.816608,-1.186129,30.663631,0.115912,4.210509,-0.110985,-0.051735,-0.093189,87.000000,87.000000,87.000000,87.000000,12.000000,12.000000,12.000000,200.000000,200.000000,0.000000,0.000000,0.000000,0.000000,0.000000,0.000000,0.000000,0.000000,0.000000
215,-0.036804,0.434902,0.306797,1.402293,-0.456964,-0.548558,0.373156,-0.090507,-0.073235,0.078769,-2.559796,-0.193711,2.628429,0.889781,0.000097,0.000091,-0.478066,-0.061054,0.199434,0.317748,-0.989254,1.751628,0.775282,-0.002193,0.000863,11.859742,13.256492,-3.502419,32.876591,5.279037,-27.168430,-20.492729,-0.070819,-0.017469,7.709590,-21.219433,5.235561,36.978233,0.043538,4.725291,-0.231253,-0.178188,-0.282631,7.709590,-21.219433,5.235561,36.978233,0.043538,4.725291,-0.231253,-0.178188,-0.282631,87.000000,87.000000,87.000000,87.000000,12.000000,12.000000,12.000000,200.000000,200.000000,0.000000,0.000000,0.000000,0.000000,0.000000,0.000000,0.000000,0.000000,0.000000
216,-0.109107,0.292075,0.228300,1.096615,-0.540414,-0.704312,0.234603,-0.098360,-0.074430,0.079927,-2.545058,-0.234807,2.645414,0.875035,0.000104,0.000073,-0.144501,-0.176339,0.024151,0.589673,-0.897690,0.133148,-0.346733,0.001744,-0.001158,4.886979,-3.106534,0.181150,1.784044,24.189386,-8.441545,8.269902,0.145236,-0.070469,4.164643,-27.468649,2.686319,21.070181,0.915487,2.454482,0.059397,-0.080709,-0.193079,4.164643,-27.468649,2.686319,21.070181,0.915487,2.454482,0.059397,-0.080709,-0.193079,87.000000,87.000000,87.000000,87.000000,12.000000,12.000000,12.000000,200.000000,200.000000,0.000000,0.000000,0.000000,0.000000,0.000000,0.000000,0.000000,0.000000,0.000000
217,0.000033,0.330427,0.180245,0.538694,-0.535393,-1.222960,-0.009972,-0.082128,-0.087972,0.064596,-2.537875,-0.252770,2.563184,0.808092,0.000061,0.000141,0.435902,-0.703346,-0.343817,-0.146871,-0.249330,-2.612763,-1.471490,-0.003331,0.005253,-6.295563,-12.724295,10.124619,-28.934614,11.165448,0.126200,35.574535,-0.253879,0.370217,5.044847,-24.002285,3.545953,-1.602951,0.074270,-4.025817,0.205644,-0.316404,-0.026215,5.044847,-24.002285,3.545953,-1.602951,0.074270,-4.025817,0.205644,-0.316404,-0.026215,87.000000,87.000000,87.000000,87.000000,12.000000,12.000000,12.000000,200.000000,200.000000,0.000000,0.000000,0.000000,0.000000,0.000000,0.000000,0.000000,0.000000,0.000000
218,0.350566,0.798913,0.503781,0.580737,-0.421289,-1.189910,0.313809,-0.073341,-0.102326,0.070036,-2.554808,-0.232591,2.500079,0.850466,0.000130,0.000063,0.404073,-0.338403,0.278483,-0.574485,0.665800,-1.542989,0.985347,0.004699,-0.004481,10.396917,11.596710,5.322184,-9.794513,-10.184748,29.551525,-22.231606,0.385925,-0.382162,19.406149,-3.702659,14.106460,3.645248,-0.608517,1.326318,-0.106593,0.079362,-0.489079,19.406149,-3.702659,14.106460,3.645248,-0.608517,1.326318,-0.106593,0.079362,-0.489079,87.000000,87.000000,87.000000,87.000000,12.000000,12.000000,12.000000,200.000000,200.000000,0.000000,0.000000,0.000000,0.000000,0.000000,0.000000,0.000000,0.000000,0.000000
219,-0.132489,0.309658,0.046555,1.476354,-0.290162,-0.173949,0.143181,-0.049562,-0.101376,0.065598,-2.571727,-0.194267,2.573889,0.833287,0.000097,0.000069,0.645059,0.127431,-0.093768,0.238107,0.520749,1.383880,-0.381290,-0.002776,0.002338,-9.815022,12.253221,6.263007,28.854301,-16.342279,42.174839,9.357579,-0.030332,0.055425,-3.662253,-24.529577,-2.756763,40.661476,1.977146,12.000000,-0.119179,-0.021378,-0.243072,-3.662253,-24.529577,-2.756763,40.661476,1.977146,30.539722,-0.119179,-0.021378,-0.243072,87.000000,87.000000,87.000000,87.000000,12.000000,12.000000,12.000000,200.000000,200.000000,0.000000,0.000000,0.000000,0.000000,0.000000,0.000000,0.000000,0.000000,0.000000
220,-0.461304,0.342039,-0.061922,1.333372,-0.316953,-0.642661,0.191711,-0.054178,-0.090822,0.080781,-2.555080,-0.185482,2.623979,0.834910,0.000050,0.000106,-0.187356,0.296593,0.329462,0.915600,0.198186,1.055702,0.038138,-0.001332,0.001149,0.222920,3.973134,-11.446829,19.744089,-4.845067,-23.410555,-1.207612,-0.023854,0.023033,-13.612418,-25.016876,-10.468596,31.495827,1.302560,3.339717,-0.016308,-0.054062,-0.248705,-13.612418,-25.016876,-10.468596,31.495827,1.302560,3.339717,-0.016308,-0.054062,-0.248705,87.000000,87.000000,87.000000,87.000000,12.000000,12.000000,12.000000,200.000000,200.000000,0.000000,0.000000,0.000000,0.000000,0.000000,0.000000,0.000000,0.000000,0.000000
221,-0.173808,0.736691,0.230388,1.029509,-0.396722,-1.213618,0.410261,-0.067062,-0.074155,0.100262,-2.511663,-0.198612,2.544135,0.887921,0.000090,0.000077,-0.254082,0.537662,0.470908,1.396823,-0.071355,-2.608543,1.179730,0.002645,-0.001906,9.669799,8.061325,-9.123097,-1.294484,11.618949,0.058794,-26.714436,0.132536,-0.090258,-0.359972,-10.972874,-0.577139,13.400658,0.852831,-2.133092,-0.025450,-0.128594,-0.183999,-0.359972,-10.972874,-0.577139,13.400658,0.852831,-2.133092,-0.025450,-0.128594,-0.183999,87.000000,87.000000,87.000000,87.000000,12.000000,12.000000,12.000000,200.000000,200.000000,0.000000,0.000000,0.000000,0.000000,0.000000,0.000000,0.000000,0.000000,0.000000
222,0.115572,0.480178,0.453137,0.815021,-0.263909,-0.895784,0.232127,-0.072187,-0.057402,0.116366,-2.493479,-0.163091,2.555554,0.873545,0.000127,0.000039,0.005354,0.299323,0.427435,0.345260,0.769597,0.430231,-0.323984,-0.000907,0.000834,9.393089,-7.650309,-2.714358,-16.912706,-25.357796,-4.584075,7.039861,-0.133990,0.124303,10.911933,-22.840431,7.525624,5.252545,-1.075308,1.481047,-0.049311,-0.421192,0.072831,10.911933,-22.840431,7.525624,5.252545,-1.075308,1.481047,-0.049311,-0.421192,0.072831,87.000000,87.000000,87.000000,87.000000,12.000000,12.000000,12.000000,200.000000,200.000000,0.000000,0.000000,0.000000,0.000000,0.000000,0.000000,0.000000,0.000000,0.000000
223,-0.331341,0.605781,-0.184783,0.935016,-0.149667,-0.507162,0.076725,-0.029246,-0.043265,0.080572,-2.498031,-0.123426,2.641376,0.828377,0.000094,0.000069,0.944817,0.347712,-0.925769,-0.113518,0.842849,2.527346,-0.990023,-0.000228,0.000510,-28.522377,0.571709,16.359335,-3.706838,-23.666506,-4.992227,23.196167,0.128952,-0.094946,-15.058421,-18.605196,-10.433041,12.416958,0.219288,4.382609,0.049695,0.028897,-0.321518,-15.058421,-18.605196,-10.433041,12.416958,0.219288,4.382609,0.049695,0.028897,-0.321518,87.000000,87.000000,87.000000,87.000000,12.000000,12.000000,12.000000,200.000000,200.000000,0.000000,0.000000,0.000000,0.000000,0.000000,0.000000,0.000000,0.000000,0.000000
224,-0.646234,0.636862,-0.201717,0.980276,-0.320720,-0.996205,0.247941,-0.040506,-0.029871,0.082038,-2.489765,-0.150178,2.595729,0.845364,0.000038,0.000119,-0.479277,0.318647,-0.046167,0.253385,-0.475660,-1.602646,0.376609,-0.000788,0.000762,-3.730709,0.944341,-10.976244,-9.402449,24.102783,20.847637,-7.878683,-0.026708,0.025961,-21.533119,-18.330482,-15.138887,12.254875,1.829372,1.029682,0.110109,-0.071141,-0.244532,-21.533119,-18.330482,-15.138887,12.254875,1.829372,1.029682,0.110109,-0.071141,-0.244532,87.000000,87.000000,87.000000,87.000000,12.000000,12.000000,12.000000,200.000000,200.000000,0.000000,0.000000,0.000000,0.000000,0.000000,0.000000,0.000000,0.000000,0.000000
225,-0.125752,0.062350,0.033702,1.273079,-0.359996,-0.814423,0.194039,-0.038890,-0.022964,0.060834,-2.490121,-0.166243,2.590637,0.842012,0.000054,0.000102,-0.050484,-0.075682,-0.569176,0.055849,-0.421821,-0.065507,-0.084961,-0.000139,0.000087,-8.435100,-12.190187,6.658047,-0.753247,4.714853,4.744004,1.497298,-0.058647,0.051452,-2.266980,-41.557533,-1.623887,25.012585,0.234379,3.767152,-0.008801,-0.196429,-0.125732,-2.266980,-41.557533,-1.623887,25.012585,0.234379,3.767152,-0.008801,-0.196429,-0.125732,87.000000,87.000000,87.000000,87.000000,12.000000,12.000000,12.000000,200.000000,200.000000,0.000000,0.000000,0.000000,0.000000,0.000000,0.000000,0.000000,0.000000,0.000000
226,0.055606,0.234859,0.430068,0.848553,-0.632651,-1.023589,0.203259,-0.079666,-0.031402,0.084109,-2.496072,-0.234816,2.553878,0.842557,0.000063,0.000120,-0.957908,-0.559761,0.576983,-0.405383,-1.682344,-1.056350,-0.015884,0.000448,0.001134,23.011059,-13.296362,-13.342727,-21.491676,34.831543,18.677122,0.020013,-0.056648,0.143966,12.472779,-32.758186,8.164845,8.553490,-0.098844,1.758135,0.044677,-0.244961,-0.079524,12.472779,-32.758186,8.164845,8.553490,-0.098844,1.758135,0.044677,-0.244961,-0.079524,87.000000,87.000000,87.000000,87.000000,12.000000,12.000000,12.000000,200.000000,200.000000,0.000000,0.000000,0.000000,0.000000,0.000000,0.000000,0.000000,0.000000,0.000000
227,-0.166474,-0.109100,-0.056140,1.061529,-0.507970,-0.686390,-0.059144,-0.060060,-0.056913,0.048564,-2.528795,-0.248395,2.601473,0.779534,0.000099,0.000087,0.401508,-1.106143,-0.928503,-0.939869,-0.337232,1.179240,-1.389939,0.002483,-0.001884,-18.898798,-15.743217,16.027002,-0.454527,1.119881,-25.889072,32.312920,0.245775,-0.219486,-4.019057,-43.160172,-2.732771,22.314285,0.453488,2.944730,0.116704,0.045071,-0.424719,-4.019057,-43.160172,-2.732771,22.314285,0.453488,2.944730,0.116704,0.045071,-0.424719,87.000000,87.000000,87.000000,87.000000,12.000000,12.000000,12.000000,200.000000,200.000000,0.000000,0.000000,0.000000,0.000000,0.000000,0.000000,0.000000,0.000000,0.000000
228,-0.178094,0.365213,0.207529,0.941317,-0.639212,-1.122756,0.112499,-0.089188,-0.091108,0.062853,-2.547370,-0.288921,2.536898,0.787498,0.000088,0.000082,-0.750022,-1.068721,0.362806,-0.442619,-0.742813,-1.959425,0.192148,-0.000934,0.000819,13.760740,3.531060,-11.019190,-1.234318,29.496218,30.175972,-3.314564,-0.151855,0.152350,2.804018,-20.458447,1.663589,17.625595,1.212799,2.163505,0.077023,-0.367539,0.026495,2.804018,-20.458447,1.663589,17.625595,1.212799,2.163505,0.077023,-0.367539,0.026495,87.000000,87.000000,87.000000,87.000000,12.000000,12.000000,12.000000,200.000000,200.000000,0.000000,0.000000,0.000000,0.000000,0.000000,0.000000,0.000000,0.000000,0.000000
229,0.068970,0.516884,0.478574,0.964662,-0.359752,-0.767771,0.282008,-0.116742,-0.116237,0.084817,-2.572909,-0.240705,2.572315,0.832584,0.000083,0.000146,-0.500540,-0.641062,0.549283,-0.449631,1.283028,0.952225,1.035185,-0.002166,0.005997,22.465612,12.393954,-8.674392,16.860605,-28.539368,-19.068863,-23.960371,-0.097758,0.344132,14.731451,-13.020527,10.376937,21.638708,-0.211379,3.020296,-0.181337,-0.186780,-0.120696,14.731451,-13.020527,10.376937,21.638708,-0.211379,3.020296,-0.181337,-0.186780,-0.120696,87.000000,87.000000,87.000000,87.000000,12.000000,12.000000,12.000000,200.000000,200.000000,0.000000,0.000000,0.000000,0.000000,0.000000,0.000000,0.000000,0.000000,0.000000
230,0.080512,0.555843,0.389405,1.066419,-0.487683,-0.738836,0.327479,-0.111488,-0.125334,0.087308,-2.578016,-0.241157,2.602325,0.868265,0.000043,0.000143,0.305308,-0.134742,0.116047,0.236154,-0.149876,0.609814,0.755583,-0.000316,-0.000861,6.421270,13.669726,5.810356,17.392406,-1.946079,-12.269504,-18.674879,0.057545,-0.141452,11.681292,-12.009872,8.619837,24.319798,0.013881,3.057855,-0.174640,0.030556,-0.488184,11.681292,-12.009872,8.619837,24.319798,0.013881,3.057855,-0.174640,0.030556,-0.488184,87.000000,87.000000,87.000000,87.000000,12.000000,12.000000,12.000000,200.000000,200.000000,0.000000,0.000000,0.000000,0.000000,0.000000,0.000000,0.000000,0.000000,0.000000
231,-0.034388,0.484068,0.159579,1.011274,-0.313263,-0.729571,0.231198,-0.081216,-0.122961,0.075179,-2.570955,-0.206683,2.624808,0.862838,0.000050,0.000115,0.828513,0.092738,-0.241674,0.461681,0.948642,0.354193,-0.110197,-0.000371,0.000297,-10.059292,6.489203,11.959222,9.213981,-15.832875,-12.432269,3.127293,0.012604,0.029441,2.325304,-16.087618,1.707333,20.480968,0.553346,2.282665,-0.022352,-0.052295,-0.209100,2.325304,-16.087618,1.707333,20.480968,0.553346,2.282665,-0.022352,-0.052295,-0.209100,87.000000,87.000000,87.000000,87.000000,12.000000,12.000000,12.000000,200.000000,200.000000,0.000000,0.000000,0.000000,0.000000,0.000000,0.000000,0.000000,0.000000,0.000000
232,-0.201627,0.622079,0.094050,0.856478,-0.430690,-1.149326,0.092779,-0.067695,-0.115034,0.079035,-2.548656,-0.213841,2.549196,0.826997,0.000000,0.000184,0.318640,0.241222,0.149854,0.686557,-0.121895,-2.225302,-0.809149,-0.002261,0.003460,-3.819147,5.644215,0.125860,-7.669837,8.817722,23.171352,19.093660,-0.149315,0.224586,-3.729353,-11.644371,-2.942564,10.956201,0.661404,0.352869,0.085126,-0.085154,-0.229959,-3.729353,-11.644371,-2.942564,10.956201,0.661404,0.352869,0.085126,-0.085154,-0.229959,87.000000,87.000000,87.000000,87.000000,12.000000,12.000000,12.000000,200.000000,200.000000,0.000000,0.000000,0.000000,0.000000,0.000000,0.000000,0.000000,0.000000,0.000000
233,-0.066628,0.869409,0.010676,0.927211,-0.074405,-0.651007,0.045349,-0.033036,-0.093204,0.059542,-2.544807,-0.135710,2.611902,0.796154,0.000000,0.000191,0.877622,0.812501,-0.468653,0.360324,1.932437,1.700446,-0.635538,-0.000716,0.001437,-16.057684,14.477999,13.152857,12.489545,-42.593098,-31.952282,15.422533,0.095721,-0.047691,-3.272299,-4.518125,-2.338444,15.481411,0.258640,1.806379,-0.012496,0.199932,-0.557802,-3.272299,-4.518125,-2.338444,15.481411,0.258640,1.806379,-0.012496,0.199932,-0.557802,87.000000,87.000000,87.000000,87.000000,12.000000,12.000000,12.000000,200.000000,200.000000,0.000000,0.000000,0.000000,0.000000,0.000000,0.000000,0.000000,0.000000,0.000000
234,-0.436622,0.505624,-0.224040,1.050589,-0.084821,-0.814057,0.336240,-0.020081,-0.064233,0.051278,-2.527785,-0.097860,2.614950,0.849811,0.000040,0.000190,0.168409,0.763016,-0.259350,0.628907,0.975041,-0.249799,1.203777,0.002418,-0.000366,-11.913471,-1.362440,-3.356776,-0.302660,-15.064940,-3.559374,-27.706308,0.166968,-0.040315,-16.976809,-22.154581,-12.577337,17.622885,0.953557,1.793877,-0.058563,0.036442,-0.431595,-16.976809,-22.154581,-12.577337,17.622885,0.953557,1.793877,-0.058563,0.036442,-0.431595,87.000000,87.000000,87.000000,87.000000,12.000000,12.000000,12.000000,200.000000,200.000000,0.000000,0.000000,0.000000,0.000000,0.000000,0.000000,0.000000,0.000000,0.000000
235,-0.136917,0.269501,0.098607,1.342845,-0.143457,-0.563897,0.295957,-0.032587,-0.037042,0.058121,-2.509156,-0.085013,2.659443,0.869414,0.000033,0.000156,-0.344625,0.659660,0.145804,0.808833,0.129360,1.119793,0.404318,-0.001392,0.000382,4.831609,-4.757133,-6.064343,10.568192,-12.134323,-18.515173,-10.713340,-0.182005,0.110386,-1.673034,-33.683064,-1.442474,27.967699,-0.055110,3.788892,-0.133514,-0.288874,-0.166112,-1.673034,-33.683064,-1.442474,27.967699,-0.055110,3.788892,-0.133514,-0.288874,-0.166112,87.000000,87.000000,87.000000,87.000000,12.000000,12.000000,12.000000,200.000000,200.000000,0.000000,0.000000,0.000000,0.000000,0.000000,0.000000,0.000000,0.000000,0.000000
236,-0.156316,0.005065,0.088211,1.249399,-0.520765,-0.728052,0.012608,-0.045142,-0.023195,0.058889,-2.481187,-0.162336,2.652303,0.811952,0.000081,0.000180,-0.346143,0.035742,-0.024704,0.789757,-2.208082,-0.345726,-1.334247,0.004918,0.000710,3.036463,-18.196404,-3.136630,-10.711605,18.222168,7.154581,29.756775,0.305221,0.064295,-1.539017,-44.469696,-1.300625,20.836605,-1.046895,3.130382,0.098603,0.014015,-0.303594,-1.539017,-44.469696,-1.300625,20.836605,-1.046895,3.130382,0.098603,0.014015,-0.303594,87.000000,87.000000,87.000000,87.000000,12.000000,12.000000,12.000000,200.000000,200.000000,0.000000,0.000000,0.000000,0.000000,0.000000,0.000000,0.000000,0.000000,0.000000
237,0.167717,0.518125,0.756432,0.685410,-0.600960,-1.227996,0.311502,-0.110463,-0.027160,0.123136,-2.466981,-0.229510,2.568160,0.851452,0.000130,0.000089,-1.389540,-0.371829,1.622015,0.046360,-1.307067,-2.611124,0.906490,-0.000274,-0.001404,45.572994,-9.834922,-28.810228,-29.300964,35.781704,0.064244,-20.130228,-0.278290,0.071776,21.867006,-22.074020,14.431055,-1.933891,-0.178944,-4.639816,0.048272,-0.722842,0.007165,21.867006,-22.074020,14.431055,-1.933891,-0.178944,-4.639816,0.048272,-0.722842,0.007165,87.000000,87.000000,87.000000,87.000000,12.000000,12.000000,12.000000,200.000000,200.000000,0.000000,0.000000,0.000000,0.000000,0.000000,0.000000,0.000000,0.000000,0.000000
238,0.243622,-0.642195,0.288244,0.684797,-0.469793,-0.691736,-0.001913,-0.070009,-0.064603,0.091881,-2.514665,-0.226360,2.610486,0.798143,0.000155,0.000037,1.148035,-1.907499,-0.792169,-1.952531,-0.069603,1.166975,-1.185068,0.002282,-0.001837,-11.471850,-43.745941,18.117025,-34.346527,-13.119935,-26.349970,27.199865,0.278380,-0.184019,11.663450,-63.339493,7.300184,6.870356,-1.319279,2.026250,0.077127,0.002527,-0.271310,11.663450,-63.339493,7.300184,6.870356,-1.319279,2.026250,0.077127,0.002527,-0.271310,87.000000,87.000000,87.000000,87.000000,12.000000,12.000000,12.000000,200.000000,200.000000,0.000000,0.000000,0.000000,0.000000,0.000000,0.000000,0.000000,0.000000,0.000000
239,-0.619144,0.654737,-0.167064,0.684764,-0.296847,-1.083981,0.157875,-0.064545,-0.119990,0.093881,-2.570529,-0.202764,2.558518,0.807457,0.000129,0.000043,-0.053030,-1.523833,0.040980,-1.495371,0.895802,-1.715408,0.252470,-0.001050,0.000560,-13.258038,14.772920,-3.023162,4.461443,-2.381844,18.878738,-3.881299,-0.049210,0.013022,-20.257351,-4.727171,-14.426564,12.350978,1.858064,0.658152,0.108116,-0.275940,-0.108301,-20.257351,-4.727171,-14.426564,12.350978,1.858064,0.658152,0.108116,-0.275940,-0.108301,87.000000,87.000000,87.000000,87.000000,12.000000,12.000000,12.000000,200.000000,200.000000,0.000000,0.000000,0.000000,0.000000,0.000000,0.000000,0.000000,0.000000,0.000000
240,-0.010463,0.464777,0.163843,1.222199,-0.186612,-0.858220,0.276878,-0.049562,-0.154232,0.081080,-2.609293,-0.155353,2.554999,0.842371,0.000147,0.000055,0.422947,-0.759574,-0.309505,-0.527991,1.131210,-0.022174,0.784125,-0.000048,0.002171,-5.723642,21.677694,8.754214,34.951004,-26.731516,3.495428,-18.547041,-0.010877,0.140624,2.070488,-11.226521,1.415866,36.089848,0.383305,4.661666,-0.191294,-0.313943,-0.022325,2.070488,-11.226521,1.415866,36.089848,0.383305,4.661666,-0.191294,-0.313943,-0.022325,87.000000,87.000000,87.000000,87.000000,12.000000,12.000000,12.000000,200.000000,200.000000,0.000000,0.000000,0.000000,0.000000,0.000000,0.000000,0.000000,0.000000,0.000000
241,-0.275614,0.931920,0.437113,0.987794,-0.259574,-0.632997,0.463258,-0.101814,-0.157112,0.135503,-2.618996,-0.144437,2.617223,0.905560,0.000053,0.000149,-1.279475,0.320202,1.416352,0.263683,0.081623,1.559565,1.378397,-0.003391,0.004295,32.312813,30.087034,-26.736752,29.167942,-11.843872,-27.317209,-33.730015,-0.161709,0.205424,2.349241,5.290662,1.364573,25.045645,0.197742,2.736700,-0.255247,-0.157047,-0.249723,2.349241,5.290662,1.364573,25.045645,0.197742,2.736700,-0.255247,-0.157047,-0.249723,87.000000,87.000000,87.000000,87.000000,12.000000,12.000000,12.000000,200.000000,200.000000,0.000000,0.000000,0.000000,0.000000,0.000000,0.000000,0.000000,0.000000,0.000000
242,0.010737,0.368483,0.208044,1.364720,-0.296935,-0.471164,0.251608,-0.071978,-0.135695,0.114550,-2.598432,-0.150510,2.682487,0.888112,0.000084,0.000092,0.949953,0.703139,-0.618577,1.168466,-0.229619,1.474781,-0.420924,0.002635,-0.002908,-12.201622,7.939713,15.983772,27.925192,1.454691,-28.478407,8.974165,0.261292,-0.249393,2.961134,-21.237003,1.711850,36.003563,0.795402,4.115349,-0.070237,0.087770,-0.414636,2.961134,-21.237003,1.711850,36.003563,0.795402,4.115349,-0.070237,0.087770,-0.414636,87.000000,87.000000,87.000000,87.000000,12.000000,12.000000,12.000000,200.000000,200.000000,0.000000,0.000000,0.000000,0.000000,0.000000,0.000000,0.000000,0.000000,0.000000
243,-0.390216,0.977709,-0.046155,0.692761,-0.142157,-1.103988,0.179408,-0.055241,-0.105588,0.105607,-2.554637,-0.125017,2.606191,0.859777,0.000066,0.000095,0.292242,0.987514,-0.229437,1.276737,0.988321,-2.554483,-0.592840,-0.001460,0.001171,-12.288509,10.736750,-0.252519,-10.192021,-3.737948,3.525781,15.903868,-0.153606,0.146042,-12.679970,0.123327,-9.691439,3.176729,1.466796,-2.679437,0.176617,-0.290409,-0.029914,-12.679970,0.123327,-9.691439,3.176729,1.466796,-2.679437,0.176617,-0.290409,-0.029914,87.000000,87.000000,87.000000,87.000000,12.000000,12.000000,12.000000,200.000000,200.000000,0.000000,0.000000,0.000000,0.000000,0.000000,0.000000,0.000000,0.000000,0.000000
244,-0.052415,0.562031,0.008609,1.079307,-0.060438,-0.708428,0.153506,-0.022918,-0.067036,0.073038,-2.526446,-0.079229,2.624016,0.839722,0.000067,0.000098,0.725934,1.087093,-0.807287,0.953452,0.948678,0.655031,-0.432886,-0.000668,0.001106,-20.208044,-0.000508,15.514661,2.544425,-30.466570,-5.047756,9.221634,-0.010971,0.045954,-3.346535,-20.462200,-2.471470,17.960033,-0.422916,2.866168,-0.074956,-0.119264,-0.185006,-3.346535,-20.462200,-2.471470,17.960033,-0.422916,2.866168,-0.074956,-0.119264,-0.185006,87.000000,87.000000,87.000000,87.000000,12.000000,12.000000,12.000000,200.000000,200.000000,0.000000,0.000000,0.000000,0.000000,0.000000,0.000000,0.000000,0.000000,0.000000
245,-0.323142,0.548168,-0.184370,0.976661,-0.228505,-1.188630,0.289226,-0.010286,-0.032910,0.049449,-2.489908,-0.100672,2.544269,0.861432,0.000044,0.000115,0.136117,0.830569,-0.619011,0.977218,-0.406215,-2.492018,0.471264,0.001008,-0.001017,-13.780731,-6.659528,4.362602,-14.623864,16.013729,7.102017,-10.906416,0.087955,-0.089613,-13.238686,-23.435770,-9.439120,9.919230,0.852777,-1.089641,0.047640,-0.016514,-0.307501,-13.238686,-23.435770,-9.439120,9.919230,0.852777,-1.089641,0.047640,-0.016514,-0.307501,87.000000,87.000000,87.000000,87.000000,12.000000,12.000000,12.000000,200.000000,200.000000,0.000000,0.000000,0.000000,0.000000,0.000000,0.000000,0.000000,0.000000,0.000000
246,0.316860,0.003968,0.501463,1.076062,-0.438753,-0.955295,0.049542,-0.040602,-0.014965,0.068954,-2.478167,-0.149138,2.532947,0.816444,0.000114,0.000092,-0.667220,0.102792,0.542795,0.127389,-1.409757,-0.086435,-1.036525,0.001713,0.000982,21.017555,-22.035671,-7.284754,-19.159063,15.791258,10.386569,22.744823,-0.073451,0.222274,18.899303,-45.571861,12.679785,14.931334,-1.059596,3.157031,0.012559,-0.459952,0.116518,18.899303,-45.571861,12.679785,14.931334,-1.059596,3.157031,0.012559,-0.459952,0.116518,87.000000,87.000000,87.000000,87.000000,12.000000,12.000000,12.000000,200.000000,200.000000,0.000000,0.000000,0.000000,0.000000,0.000000,0.000000,0.000000,0.000000,0.000000
247,-0.104012,-0.138624,0.143306,1.040402,-0.628396,-0.646507,0.040316,-0.049087,-0.022451,0.069792,-2.494914,-0.226634,2.602690,0.789697,0.000216,0.000024,-0.214717,-0.692836,-0.019383,-0.638961,-2.047236,1.739612,-0.608302,0.006982,-0.004518,1.424736,-23.833982,-1.322327,-12.048747,28.639940,-34.940235,12.548049,0.425388,-0.326914,0.413166,-48.656414,0.115606,17.303892,-0.030178,2.422293,0.053713,-0.186472,-0.312327,0.413166,-48.656414,0.115606,17.303892,-0.030178,2.422293,0.053713,-0.186472,-0.312327,87.000000,87.000000,87.000000,87.000000,12.000000,12.000000,12.000000,200.000000,200.000000,0.000000,0.000000,0.000000,0.000000,0.000000,0.000000,0.000000,0.000000,0.000000
248,-0.153661,-0.026072,0.172508,1.066034,-0.667867,-0.729276,0.080754,-0.064031,-0.052021,0.077470,-2.518772,-0.285750,2.625871,0.785047,0.000214,0.000005,-0.362345,-1.197164,0.169963,-0.676218,-1.217277,0.244987,-0.092247,-0.001413,0.000840,6.357189,-13.577809,-5.241060,-3.412642,33.413441,-15.495964,2.837585,-0.220252,0.164015,0.302843,-39.867805,-0.055002,20.826647,1.280988,2.314035,0.115688,-0.714287,0.189339,0.302843,-39.867805,-0.055002,20.826647,1.280988,2.314035,0.115688,-0.714287,0.189339,87.000000,87.000000,87.000000,87.000000,12.000000,12.000000,12.000000,200.000000,200.000000,0.000000,0.000000,0.000000,0.000000,0.000000,0.000000,0.000000,0.000000,0.000000
249,-0.201496,0.373348,0.251736,0.827580,-0.425949,-1.065884,0.210855,-0.086252,-0.091506,0.098337,-2.542332,-0.261629,2.565558,0.813475,0.000216,0.000000,-0.504058,-1.259110,0.480024,-0.677439,1.032713,-1.856102,0.679792,0.001434,-0.000857,11.061408,1.668720,-12.098014,-4.568027,-2.047777,23.474148,-13.399976,0.183828,-0.097464,0.816967,-19.704355,0.223328,13.110214,1.068199,1.466672,0.061124,-0.223356,-0.076756,0.816967,-19.704355,0.223328,13.110214,1.068199,1.466672,0.061124,-0.223356,-0.076756,87.000000,87.000000,87.000000,87.000000,12.000000,12.000000,12.000000,200.000000,200.000000,0.000000,0.000000,0.000000,0.000000,0.000000,0.000000,0.000000,0.000000,0.000000
250,0.025225,0.841070,0.075563,1.101238,-0.145860,-0.639478,0.161006,-0.050973,-0.111683,0.064138,-2.566071,-0.178197,2.616015,0.817788,0.000137,0.000113,0.929757,-0.239306,-0.848494,-0.147006,2.036937,1.395811,0.112347,-0.005386,0.006975,-17.152893,28.852520,21.112860,32.788166,-41.062744,-24.206156,-1.859165,-0.293405,0.512348,1.612017,-0.528777,1.391245,26.667334,0.610615,3.173972,-0.106619,-0.423234,0.156394,1.612017,-0.528777,1.391245,26.667334,0.610615,3.173972,-0.106619,-0.423234,0.156394,87.000000,87.000000,87.000000,87.000000,12.000000,12.000000,12.000000,200.000000,200.000000,0.000000,0.000000,0.000000,0.000000,0.000000,0.000000,0.000000,0.000000,0.000000
251,-0.286740,0.688142,0.206098,0.919656,-0.193298,-0.935165,0.452156,-0.078456,-0.110991,0.092801,-2.559987,-0.143012,2.590429,0.889172,0.000126,0.000127,-0.733949,0.121376,0.739875,0.384937,0.923781,-0.961525,1.593858,0.004295,-0.001959,15.091094,11.862097,-17.512209,3.996893,-12.469174,11.371832,-36.773678,0.417953,-0.280226,-2.388690,-8.653472,-2.141946,15.847129,0.523537,1.657882,-0.132243,0.150689,-0.611541,-2.388690,-8.653472,-2.141946,15.847129,0.523537,1.657882,-0.132243,0.150689,-0.611541,87.000000,87.000000,87.000000,87.000000,12.000000,12.000000,12.000000,200.000000,200.000000,0.000000,0.000000,0.000000,0.000000,0.000000,0.000000,0.000000,0.000000,0.000000
252,0.228772,0.201092,0.385261,1.263972,-0.482694,-0.649709,0.183037,-0.067213,-0.102394,0.084848,-2.547500,-0.182543,2.622725,0.863907,0.000203,0.000023,0.433786,0.161114,-0.158014,0.648874,-1.344786,0.956356,-0.634875,0.003383,-0.003199,0.527009,-1.687597,11.806879,11.040982,10.629193,-8.182794,12.394383,0.047907,-0.063934,13.383952,-29.697199,9.725138,28.316978,-0.630114,4.346993,-0.115247,-0.564262,0.040942,13.383952,-29.697199,9.725138,28.316978,-0.630114,4.346993,-0.115247,-0.564262,0.040942,87.000000,87.000000,87.000000,87.000000,12.000000,12.000000,12.000000,200.000000,200.000000,0.000000,0.000000,0.000000,0.000000,0.000000,0.000000,0.000000,0.000000,0.000000
253,-0.347382,0.694982,-0.091155,0.827762,-0.516373,-0.819084,-0.248506,-0.051356,-0.091835,0.072888,-2.529909,-0.225637,2.625586,0.776879,0.000229,0.000052,0.309551,0.298742,-0.322732,0.515873,-0.928572,-0.164516,-2.610884,0.001736,0.003021,-11.891375,4.051451,3.490201,-8.715030,25.311255,-1.799042,-0.000272,0.034757,0.245123,-11.297494,-10.829605,-8.412573,8.689563,1.291296,0.633745,-5.847912,-0.531385,0.095270,-11.297494,-10.829605,-8.412573,8.689563,1.291296,0.633745,-5.847912,-0.531385,0.095270,87.000000,87.000000,87.000000,87.000000,12.000000,12.000000,12.000000,200.000000,200.000000,0.000000,0.000000,0.000000,0.000000,0.000000,0.000000,0.000000,0.000000,0.000000
254,-0.244123,0.671696,0.067093,0.909552,-0.387523,-1.220769,0.147612,-0.054278,-0.078299,0.076804,-2.511562,-0.221973,2.543102,0.793323,0.000191,0.000030,-0.104895,0.383035,0.088395,0.550750,0.503789,-2.609048,0.435473,-0.001050,-0.001698,0.414741,4.114156,-4.553358,-5.895828,4.318601,0.163422,-8.289018,-0.041631,-0.233687,-5.121582,-13.062815,-3.952964,10.578573,1.162799,-2.326408,0.086222,-0.398714,-0.364904,-5.121582,-13.062815,-3.952964,10.578573,1.162799,-2.326408,0.086222,-0.398714,-0.364904,87.000000,87.000000,87.000000,87.000000,12.000000,12.000000,12.000000,200.000000,200.000000,0.000000,0.000000,0.000000,0.000000,0.000000,0.000000,0.000000,0.000000,0.000000
255,0.363671,-0.087104,0.394546,1.179359,-0.435095,-0.693834,0.071687,-0.040377,-0.071177,0.066186,-2.514493,-0.213018,2.585468,0.786201,0.000170,0.000008,0.452704,-0.125929,-0.176146,-0.052390,-0.071895,1.311297,-0.178601,-0.001456,0.000626,-0.325769,-16.559542,12.486337,-1.251019,-16.927568,-17.200125,2.454132,-0.088502,0.112243,16.538944,-43.803875,11.673145,23.457840,-1.242182,4.117570,-0.135115,-0.401026,0.124461,16.538944,-43.803875,11.673145,23.457840,-1.242182,4.117570,-0.135115,-0.401026,0.124461,87.000000,87.000000,87.000000,87.000000,12.000000,12.000000,12.000000,200.000000,200.000000,0.000000,0.000000,0.000000,0.000000,0.000000,0.000000,0.000000,0.000000,0.000000
256,-0.453042,0.398426,-0.087130,1.033087,-0.360591,-0.745823,0.248694,-0.045333,-0.073480,0.074294,-2.518550,-0.205884,2.616249,0.823518,0.000082,0.000088,-0.215485,-0.172670,0.144562,0.005175,0.292197,0.490274,0.841597,-0.002982,0.003403,-2.385036,-1.049908,-8.583792,1.567509,-2.005030,-18.387356,-19.268211,-0.059701,0.116177,-14.060791,-23.191038,-10.301545,17.945435,1.126766,1.614582,-0.004335,-0.070073,-0.208072,-14.060791,-23.191038,-10.301545,17.945435,1.126766,1.614582,-0.004335,-0.070073,-0.208072,87.000000,87.000000,87.000000,87.000000,12.000000,12.000000,12.000000,200.000000,200.000000,0.000000,0.000000,0.000000,0.000000,0.000000,0.000000,0.000000,0.000000,0.000000
257,-0.121770,0.490985,0.191559,1.230186,-0.323080,-0.844750,0.310301,-0.055591,-0.072332,0.083873,-2.510550,-0.190554,2.602873,0.858555,0.000078,0.000100,-0.222183,0.060776,0.220520,0.525953,0.496491,-0.541765,0.774470,0.000683,-0.000018,5.711772,7.137302,-5.123682,10.601971,-3.920661,6.625138,-17.634533,0.096098,-0.068040,0.491381,-19.734081,0.073497,24.318396,0.757705,2.903556,-0.070173,-0.038620,-0.321369,0.491381,-19.734081,0.073497,24.318396,0.757705,2.903556,-0.070173,-0.038620,-0.321369,87.000000,87.000000,87.000000,87.000000,12.000000,12.000000,12.000000,200.000000,200.000000,0.000000,0.000000,0.000000,0.000000,0.000000,0.000000,0.000000,0.000000,0.000000
258,-0.033924,0.213738,0.144099,1.029149,-0.346498,-0.810035,0.073519,-0.046317,-0.072974,0.074074,-2.503788,-0.181497,2.604722,0.820452,0.000079,0.000090,0.234117,-0.246924,-0.249119,0.175837,0.114913,-0.017236,-0.864795,0.000108,-0.000239,-5.463108,-9.113143,5.666609,-8.228328,-7.282523,0.241184,19.786676,0.013465,-0.025147,1.405086,-30.881746,0.829148,15.588861,-0.121117,2.413800,0.027372,-0.144359,-0.212159,1.405086,-30.881746,0.829148,15.588861,-0.121117,2.413800,0.027372,-0.144359,-0.212159,87.000000,87.000000,87.000000,87.000000,12.000000,12.000000,12.000000,200.000000,200.000000,0.000000,0.000000,0.000000,0.000000,0.000000,0.000000,0.000000,0.000000,0.000000
259,-0.027513,0.939178,0.274072,0.614892,-0.368104,-1.372445,0.412769,-0.055148,-0.074408,0.086026,-2.499600,-0.186694,2.520645,0.880512,0.000166,0.000016,-0.170010,0.013631,0.328928,-0.015960,0.111434,-2.608654,1.357289,0.004697,-0.003542,8.542048,9.210835,-4.906675,-14.827847,4.949497,0.055003,-30.812721,0.232668,-0.158516,4.252316,-1.401058,2.925183,-1.161806,0.168494,-6.629836,-0.040989,-0.253515,-0.067601,4.252316,-1.401058,2.925183,-1.161806,0.168494,-6.629836,-0.040989,-0.253515,-0.067601,87.000000,87.000000,87.000000,87.000000,12.000000,12.000000,12.000000,200.000000,200.000000,0.000000,0.000000,0.000000,0.000000,0.000000,0.000000,0.000000,0.000000,0.000000
260,0.046658,0.397017,0.237596,1.126036,-0.275720,-0.650796,0.107394,-0.046872,-0.068103,0.083008,-2.518642,-0.160804,2.585860,0.840418,0.000197,0.000006,0.264414,0.147975,-0.056662,-0.332839,0.346816,1.905782,-0.913928,-0.000601,0.000197,-1.160458,2.390311,5.318122,12.538321,-25.614023,-29.409327,19.773411,-0.105789,0.082063,4.840470,-24.331118,3.321487,23.203451,-0.667779,3.451946,-0.087978,-0.549545,0.117039,4.840470,-24.331118,3.321487,23.203451,-0.667779,3.451946,-0.087978,-0.549545,0.117039,87.000000,87.000000,87.000000,87.000000,12.000000,12.000000,12.000000,200.000000,200.000000,0.000000,0.000000,0.000000,0.000000,0.000000,0.000000,0.000000,0.000000,0.000000
261,-0.432380,0.505479,-0.025986,1.078797,-0.343601,-0.760524,0.419340,-0.053474,-0.058495,0.090607,-2.523770,-0.173848,2.612272,0.892642,0.000110,0.000064,-0.236543,0.239537,0.128529,0.048604,-0.222016,0.347584,1.168314,-0.002288,0.002293,-0.616516,2.438817,-8.363461,5.608197,9.248984,-15.028520,-27.179337,-0.059518,0.105963,-12.421549,-21.003643,-9.108990,20.310459,1.253302,1.916615,-0.037032,-0.176923,-0.104268,-12.421549,-21.003643,-9.108990,20.310459,1.253302,1.916615,-0.037032,-0.176923,-0.104268,87.000000,87.000000,87.000000,87.000000,12.000000,12.000000,12.000000,200.000000,200.000000,0.000000,0.000000,0.000000,0.000000,0.000000,0.000000,0.000000,0.000000,0.000000
262,-0.129737,0.064751,0.118189,1.546127,-0.372131,-0.419399,0.172093,-0.051458,-0.048113,0.083132,-2.519506,-0.183174,2.685454,0.862150,0.000123,0.000046,0.033298,0.164905,-0.205889,0.578445,-0.377476,1.814141,-0.707004,0.001881,-0.001769,-3.011295,-4.092866,3.014866,23.699755,-0.815881,-32.886833,15.341029,0.192586,-0.182873,-1.337191,-39.628262,-1.203003,38.294029,0.642531,4.777856,-0.044670,-0.056445,-0.279073,-1.337191,-39.628262,-1.203003,38.294029,0.642531,4.777856,-0.044670,-0.056445,-0.279073,87.000000,87.000000,87.000000,87.000000,12.000000,12.000000,12.000000,200.000000,200.000000,0.000000,0.000000,0.000000,0.000000,0.000000,0.000000,0.000000,0.000000,0.000000
263,-0.325229,0.833556,0.202947,0.754050,-0.345264,-1.260433,0.433668,-0.080608,-0.040202,0.108222,-2.495591,-0.187314,2.604557,0.906948,0.000174,0.000005,-0.715572,0.203866,0.568405,0.577556,0.287926,-2.608789,1.028288,0.002607,-0.001687,13.899993,4.068756,-16.563112,-14.758862,7.927409,0.149775,-22.203968,0.077156,-0.020409,-3.851023,-9.152227,-3.004288,2.515332,0.862762,-8.856215,0.055944,-0.391669,0.064518,-3.851023,-9.152227,-3.004288,2.515332,0.862762,-8.856215,0.055944,-0.391669,0.064518,87.000000,87.000000,87.000000,87.000000,12.000000,12.000000,12.000000,200.000000,200.000000,0.000000,0.000000,0.000000,0.000000,0.000000,0.000000,0.000000,0.000000,0.000000
264,0.201754,0.604109,0.403220,0.865421,-0.305431,-0.906478,0.278300,-0.072763,-0.030116,0.100368,-2.493952,-0.166571,2.583098,0.894747,0.000195,0.000008,0.290358,0.201708,-0.159699,-0.041337,0.403417,-0.402958,-0.283827,-0.001539,0.000667,-0.331825,-0.850008,8.775209,-10.680617,-15.930568,12.576822,6.114993,-0.233597,0.195460,13.092421,-19.412165,9.026649,8.699677,-0.938056,2.039426,-0.060035,-0.685897,0.259042,13.092421,-19.412165,9.026649,8.699677,-0.938056,2.039426,-0.060035,-0.685897,0.259042,87.000000,87.000000,87.000000,87.000000,12.000000,12.000000,12.000000,200.000000,200.000000,0.000000,0.000000,0.000000,0.000000,0.000000,0.000000,0.000000,0.000000,0.000000
265,-0.237165,0.540165,0.025732,0.840446,-0.252563,-0.942213,0.251323,-0.056439,-0.023041,0.085343,-2.505617,-0.150013,2.570002,0.881074,0.000112,0.000052,0.327381,0.061711,-0.375178,-0.424239,0.425613,-0.472267,-0.293955,-0.001684,0.001234,-11.683621,-3.500003,5.927302,-10.641114,-8.303617,4.435043,7.147384,0.056500,-0.016625,-6.512690,-22.311384,-4.460416,9.662055,0.252341,1.345789,0.042214,-0.026464,-0.211433,-6.512690,-22.311384,-4.460416,9.662055,0.252341,1.345789,0.042214,-0.026464,-0.211433,87.000000,87.000000,87.000000,87.000000,12.000000,12.000000,12.000000,200.000000,200.000000,0.000000,0.000000,0.000000,0.000000,0.000000,0.000000,0.000000,0.000000,0.000000
266,-0.288790,-0.005008,-0.021667,1.304617,-0.293475,-0.596879,0.210859,-0.050801,-0.023420,0.072242,-2.525958,-0.150290,2.625010,0.864703,0.000075,0.000080,0.018873,-0.276221,-0.346406,-0.367291,-0.192866,1.384103,-0.372249,-0.000475,0.000430,-9.061079,-10.981494,2.921984,11.488710,-7.281787,-26.061693,7.561787,0.069440,-0.057720,-8.058963,-43.606205,-5.557913,30.971649,0.294637,4.098613,-0.038115,-0.011536,-0.279600,-8.058963,-43.606205,-5.557913,30.971649,0.294637,4.098613,-0.038115,-0.011536,-0.279600,87.000000,87.000000,87.000000,87.000000,12.000000,12.000000,12.000000,200.000000,200.000000,0.000000,0.000000,0.000000,0.000000,0.000000,0.000000,0.000000,0.000000,0.000000
267,-0.237889,0.244090,0.102632,1.159376,-0.570707,-0.875029,0.195734,-0.066457,-0.032721,0.073841,-2.527005,-0.218436,2.601506,0.852565,0.000057,0.000133,-0.443848,-0.447096,0.014024,0.106860,-1.628712,-0.839172,-0.296618,0.000261,0.001916,4.211395,-4.398399,-4.180607,0.725254,38.410618,13.644511,6.730095,-0.016279,0.143483,-2.772486,-32.069653,-2.078717,23.372320,1.142510,3.001979,0.076887,-0.158608,-0.154876,-2.772486,-32.069653,-2.078717,23.372320,1.142510,3.001979,0.076887,-0.158608,-0.154876,87.000000,87.000000,87.000000,87.000000,12.000000,12.000000,12.000000,200.000000,200.000000,0.000000,0.000000,0.000000,0.000000,0.000000,0.000000,0.000000,0.000000,0.000000
268,-0.166999,0.252376,0.113911,0.958480,-0.470434,-0.924596,0.050009,-0.073516,-0.049572,0.067866,-2.532631,-0.232577,2.578296,0.810624,0.000057,0.000120,-0.203913,-0.706945,-0.184884,-0.183309,-0.150876,-0.692589,-0.909034,-0.000501,0.000276,-0.772836,-6.494897,0.390992,-6.460923,9.635061,10.067824,22.147049,-0.027675,0.004218,-0.301264,-29.821524,-0.359739,16.143288,0.725201,2.288875,0.130615,-0.124590,-0.265766,-0.301264,-29.821524,-0.359739,16.143288,0.725201,2.288875,0.130615,-0.124590,-0.265766,87.000000,87.000000,87.000000,87.000000,12.000000,12.000000,12.000000,200.000000,200.000000,0.000000,0.000000,0.000000,0.000000,0.000000,0.000000,0.000000,0.000000,0.000000
269,-0.060119,0.622520,0.351639,0.828950,-0.338061,-0.994770,0.274147,-0.099777,-0.066703,0.086489,-2.543224,-0.206430,2.552990,0.842310,0.000116,0.000076,-0.581364,-0.495631,0.455477,-0.242777,0.832947,-0.772952,0.741676,0.002323,-0.000774,15.894962,7.224215,-10.280572,-0.928036,-10.542494,9.933654,-16.380268,0.127116,-0.012499,8.038912,-13.431186,5.333325,12.280698,0.162825,1.707697,-0.054913,-0.167576,-0.132580,8.038912,-13.431186,5.333325,12.280698,0.162825,1.707697,-0.054913,-0.167576,-0.132580,87.000000,87.000000,87.000000,87.000000,12.000000,12.000000,12.000000,200.000000,200.000000,0.000000,0.000000,0.000000,0.000000,0.000000,0.000000,0.000000,0.000000,0.000000
270,0.171012,0.478887,0.535530,0.997052,-0.554575,-0.736815,0.329917,-0.114105,-0.075218,0.101479,-2.554257,-0.234254,2.589244,0.873920,0.000123,0.000049,-0.175727,-0.251611,0.423674,-0.114498,-0.946028,0.987474,0.656562,-0.000196,-0.000405,16.901102,5.476098,-1.559417,8.521740,5.722203,-13.866447,-17.264963,-0.094857,0.042989,17.397442,-19.244032,12.078691,20.080330,-0.691843,3.126201,-0.187710,-0.390780,-0.012302,17.397442,-19.244032,12.078691,20.080330,-0.691843,3.126201,-0.187710,-0.390780,-0.012302,87.000000,87.000000,87.000000,87.000000,12.000000,12.000000,12.000000,200.000000,200.000000,0.000000,0.000000,0.000000,0.000000,0.000000,0.000000,0.000000,0.000000,0.000000
271,-0.179795,0.271057,-0.005924,1.115175,-0.354014,-0.539408,0.066428,-0.077784,-0.080691,0.073103,-2.563047,-0.214753,2.658710,0.826244,0.000135,0.000032,0.895162,-0.266944,-0.698318,0.024735,0.528427,1.530848,-1.049279,0.000923,-0.000635,-19.622234,-0.957720,16.944504,13.399849,-11.499405,-36.730755,24.776321,0.157504,-0.115966,-4.485492,-27.444510,-3.243471,25.418791,0.916359,2.659620,0.063045,-0.076911,-0.212777,-4.485492,-27.444510,-3.243471,25.418791,0.916359,2.659620,0.063045,-0.076911,-0.212777,87.000000,87.000000,87.000000,87.000000,12.000000,12.000000,12.000000,200.000000,200.000000,0.000000,0.000000,0.000000,0.000000,0.000000,0.000000,0.000000,0.000000,0.000000
272,-0.430423,0.813442,-0.064924,0.875464,-0.225552,-1.117268,0.288260,-0.072456,-0.081374,0.072970,-2.549258,-0.178702,2.582748,0.853463,0.000173,0.000011,0.022316,0.090188,-0.007289,0.560798,1.245869,-2.530627,0.648515,0.002876,-0.001509,-6.815147,13.224828,-3.955567,2.294923,-9.193281,4.802413,-13.162186,0.180996,-0.095032,-11.879950,-5.839760,-8.632882,12.682295,1.432924,-1.332539,0.054877,-0.234093,-0.086059,-11.879950,-5.839760,-8.632882,12.682295,1.432924,-1.332539,0.054877,-0.234093,-0.086059,87.000000,87.000000,87.000000,87.000000,12.000000,12.000000,12.000000,200.000000,200.000000,0.000000,0.000000,0.000000,0.000000,0.000000,0.000000,0.000000,0.000000,0.000000
273,0.273138,0.542048,0.439541,0.982781,-0.263205,-0.852739,0.327890,-0.068363,-0.071358,0.075130,-2.540643,-0.150262,2.577604,0.878955,0.000205,0.000013,0.229591,0.280955,0.148417,0.366971,0.499109,0.062357,0.548793,-0.001274,0.001000,6.376806,3.893508,5.978646,1.825619,-21.856304,6.893773,-13.996231,-0.257666,0.204667,16.135149,-18.538013,11.521082,16.750404,-1.161089,3.075375,-0.192243,-0.766724,0.241102,16.135149,-18.538013,11.521082,16.750404,-1.161089,3.075375,-0.192243,-0.766724,0.241102,87.000000,87.000000,87.000000,87.000000,12.000000,12.000000,12.000000,200.000000,200.000000,0.000000,0.000000,0.000000,0.000000,0.000000,0.000000,0.000000,0.000000,0.000000
274,-0.203051,0.335172,0.100900,1.040214,-0.207788,-0.486523,0.249128,-0.063373,-0.060296,0.079543,-2.541121,-0.128589,2.659169,0.872908,0.000117,0.000052,0.122856,0.182050,0.101676,0.116958,0.367630,2.184543,-0.142507,-0.002032,0.001475,-1.548726,-4.086203,-1.699322,3.864795,-17.229902,-25.640959,2.700715,0.058617,-0.011854,-3.469218,-27.885838,-2.694483,19.886618,-0.068827,3.570622,-0.055741,-0.015731,-0.219128,-3.469218,-27.885838,-2.694483,19.886618,-0.068827,3.570622,-0.055741,-0.015731,-0.219128,87.000000,87.000000,87.000000,87.000000,12.000000,12.000000,12.000000,200.000000,200.000000,0.000000,0.000000,0.000000,0.000000,0.000000,0.000000,0.000000,0.000000,0.000000
275,-0.210580,0.305858,-0.039526,1.194607,-0.361479,-0.715431,0.073223,-0.043002,-0.053552,0.062338,-2.526395,-0.158650,2.659055,0.827649,0.000096,0.000101,0.451805,0.059600,-0.428551,0.624748,-0.719868,-0.339073,-1.025206,0.001010,0.001263,-12.629723,-3.245975,8.269507,2.931701,19.830692,1.153491,23.979792,0.109957,0.041507,-6.911917,-29.224411,-4.951221,23.470573,1.247930,2.719583,0.106643,-0.077809,-0.217482,-6.911917,-29.224411,-4.951221,23.470573,1.247930,2.719583,0.106643,-0.077809,-0.217482,87.000000,87.000000,87.000000,87.000000,12.000000,12.000000,12.000000,200.000000,200.000000,0.000000,0.000000,0.000000,0.000000,0.000000,0.000000,0.000000,0.000000,0.000000
276,-0.353737,0.510919,-0.027858,0.802558,-0.358150,-1.069838,0.051470,-0.049385,-0.053266,0.066144,-2.511465,-0.175336,2.585446,0.797656,0.000037,0.000142,-0.243686,-0.155710,0.055668,0.255038,-0.160928,-2.068555,-0.641077,-0.002837,0.002576,-1.078564,-4.081242,-6.501261,-20.039793,15.971363,32.693134,16.245342,-0.175833,0.151280,-9.608136,-20.518856,-6.925011,6.266871,1.040561,0.833743,0.171340,-0.181383,-0.214472,-9.608136,-20.518856,-6.925011,6.266871,1.040561,0.833743,0.171340,-0.181383,-0.214472,87.000000,87.000000,87.000000,87.000000,12.000000,12.000000,12.000000,200.000000,200.000000,0.000000,0.000000,0.000000,0.000000,0.000000,0.000000,0.000000,0.000000,0.000000
277,0.107098,-0.028948,0.254888,0.765864,-0.597983,-1.133096,0.020932,-0.050424,-0.069433,0.061811,-2.520673,-0.229399,2.521159,0.775611,0.000007,0.000188,0.009608,-0.916445,-0.085251,-0.635622,-1.397156,-1.547294,-0.506703,-0.001102,0.002910,2.477066,-21.463207,3.738823,-29.351393,24.380470,34.149326,11.392335,-0.079076,0.208803,8.434113,-39.789909,5.692904,7.366581,-0.510335,2.209998,0.070478,-0.066779,-0.231892,8.434113,-39.789909,5.692904,7.366581,-0.510335,2.209998,0.070478,-0.066779,-0.231892,87.000000,87.000000,87.000000,87.000000,12.000000,12.000000,12.000000,200.000000,200.000000,0.000000,0.000000,0.000000,0.000000,0.000000,0.000000,0.000000,0.000000,0.000000
278,-0.336162,0.145323,0.004032,1.054751,-0.464981,-0.776524,0.038432,-0.062331,-0.098590,0.066425,-2.554813,-0.237089,2.562129,0.767695,0.000003,0.000173,-0.368263,-0.995265,0.057060,-0.815448,-0.166959,1.078102,-0.156779,0.000163,-0.001079,-0.111176,-2.316406,-5.781771,9.865321,-2.166676,-21.335241,3.366768,0.117705,-0.186180,-7.497199,-29.188269,-5.632338,24.372629,0.628517,3.029471,0.013386,0.179840,-0.598843,-7.497199,-29.188269,-5.632338,24.372629,0.628517,3.029471,0.013386,0.179840,-0.598843,87.000000,87.000000,87.000000,87.000000,12.000000,12.000000,12.000000,200.000000,200.000000,0.000000,0.000000,0.000000,0.000000,0.000000,0.000000,0.000000,0.000000,0.000000
279,-0.086194,0.626780,0.427377,1.092589,-0.585999,-0.966159,0.426852,-0.101722,-0.118583,0.100549,-2.564716,-0.269877,2.546697,0.851173,0.000063,0.000128,-0.864106,-0.404979,0.864919,0.097768,-0.618378,-0.628228,2.101032,0.002746,-0.001038,26.087696,17.598238,-16.414005,16.816095,23.471062,8.078702,-30.566694,0.072139,0.051268,8.489471,-8.771437,5.795647,24.641533,1.120236,2.857667,1.017490,-0.176756,-0.115106,8.489471,-8.771437,5.795647,24.641533,1.120236,2.857667,1.017490,-0.176756,-0.115106,87.000000,87.000000,87.000000,87.000000,12.000000,12.000000,12.000000,200.000000,200.000000,0.000000,0.000000,0.000000,0.000000,0.000000,0.000000,0.000000,0.000000,0.000000
280,0.015000,0.457331,0.564422,1.069138,-0.478711,-0.536619,0.320677,-0.127418,-0.122708,0.132023,-2.570435,-0.255912,2.626709,0.876125,0.000057,0.000122,-0.406058,-0.056493,0.785474,0.153940,0.275143,2.206390,0.533161,-0.002716,0.002303,23.389603,9.124499,-9.721487,16.081089,-12.318076,-24.385456,-13.032639,-0.209619,0.162411,13.206508,-16.628500,9.370794,23.975025,-0.173779,4.175570,-0.156506,-0.280715,-0.142475,13.206508,-16.628500,9.370794,23.975025,-0.173779,4.175570,-0.156506,-0.280715,-0.142475,87.000000,87.000000,87.000000,87.000000,12.000000,12.000000,12.000000,200.000000,200.000000,0.000000,0.000000,0.000000,0.000000,0.000000,0.000000,0.000000,0.000000,0.000000
281,-0.126806,0.381306,0.116305,1.117677,-0.431275,-0.777077,0.134786,-0.088627,-0.120023,0.108973,-2.555551,-0.243825,2.629387,0.844017,0.000046,0.000121,1.040872,0.046635,-0.581076,0.701327,0.406911,-0.310146,-0.716829,0.000439,-0.000279,-18.338541,3.025584,16.505920,7.366275,-0.115106,-2.147015,17.473503,0.114539,-0.074238,-1.819853,-20.509377,-1.559057,22.762032,1.155662,2.346057,0.068568,0.075099,-0.356303,-1.819853,-20.509377,-1.559057,22.762032,1.155662,2.346057,0.068568,0.075099,-0.356303,87.000000,87.000000,87.000000,87.000000,12.000000,12.000000,12.000000,200.000000,200.000000,0.000000,0.000000,0.000000,0.000000,0.000000,0.000000,0.000000,0.000000,0.000000
282,-0.333945,0.827113,0.082654,0.767397,-0.310901,-1.283234,0.184161,-0.077908,-0.111398,0.112022,-2.531713,-0.209548,2.545476,0.838124,0.000067,0.000095,0.194552,0.332260,0.106760,0.709089,1.054670,-2.608964,-0.097167,0.000694,-0.000697,-5.379201,9.961822,-2.810342,-6.569906,-13.807961,0.109549,3.457872,0.031413,-0.026713,-7.970646,-3.733158,-6.085417,6.044327,0.704889,-5.043902,0.058091,-0.115978,-0.201877,-7.970646,-3.733158,-6.085417,6.044327,0.704889,-5.043902,0.058091,-0.115978,-0.201877,87.000000,87.000000,87.000000,87.000000,12.000000,12.000000,12.000000,200.000000,200.000000,0.000000,0.000000,0.000000,0.000000,0.000000,0.000000,0.000000,0.000000,0.000000
283,0.062595,0.382998,0.170682,0.906769,-0.368845,-1.055057,0.069900,-0.044798,-0.099432,0.088271,-2.523004,-0.193838,2.515007,0.808789,0.000075,0.000088,0.841608,0.207589,-0.554851,0.186837,0.202770,-0.604429,-0.662701,-0.000945,0.001105,-15.392875,-4.873154,15.861950,-10.931052,-13.697057,18.820934,14.676668,-0.103951,0.113625,2.952806,-22.971704,2.155186,12.038627,-0.642854,2.448768,-0.017837,-0.259477,-0.063162,2.952806,-22.971704,2.155186,12.038627,-0.642854,2.448768,-0.017837,-0.259477,-0.063162,87.000000,87.000000,87.000000,87.000000,12.000000,12.000000,12.000000,200.000000,200.000000,0.000000,0.000000,0.000000,0.000000,0.000000,0.000000,0.000000,0.000000,0.000000
284,-0.397593,0.314489,0.011425,1.187013,-0.409379,-0.550733,0.112306,-0.053352,-0.088779,0.097184,-2.527187,-0.200785,2.598572,0.803149,0.000051,0.000106,-0.321592,0.238673,0.183201,0.081958,-0.332695,2.575576,-0.126547,0.000417,-0.000527,0.731233,-0.195282,-9.535534,7.549391,-0.546073,-2.177167,2.069548,0.122049,-0.129082,-10.744511,-26.374233,-8.343366,24.946331,0.446713,6.072097,-0.029850,0.075990,-0.397909,-10.744511,-26.374233,-8.343366,24.946331,0.446713,6.072097,-0.029850,0.075990,-0.397909,87.000000,87.000000,87.000000,87.000000,12.000000,12.000000,12.000000,200.000000,200.000000,0.000000,0.000000,0.000000,0.000000,0.000000,0.000000,0.000000,0.000000,0.000000
285,-0.059591,0.084462,0.311211,1.450821,-0.772526,-0.558861,0.135207,-0.069213,-0.079811,0.108222,-2.511389,-0.280929,2.654857,0.806528,0.000130,0.000059,-0.338202,0.109752,0.265549,0.835366,-2.389339,1.141635,0.039557,0.004716,-0.002657,9.714420,-4.994312,-5.084120,15.752734,4.704079,-26.368874,-2.012468,0.227671,-0.104539,4.597545,-36.218571,2.798183,32.687130,-1.859556,3.807159,-0.051627,-0.185953,-0.125203,4.597545,-36.218571,2.798183,32.687130,-1.859556,3.807159,-0.051627,-0.185953,-0.125203,87.000000,87.000000,87.000000,87.000000,12.000000,12.000000,12.000000,200.000000,200.000000,0.000000,0.000000,0.000000,0.000000,0.000000,0.000000,0.000000,0.000000,0.000000
286,-0.219496,0.627577,0.389506,0.808703,-0.557508,-1.042256,0.240137,-0.099322,-0.076580,0.142695,-2.488638,-0.291507,2.595645,0.831414,0.000185,0.000000,-0.649781,-0.001260,0.829095,0.510529,0.312228,-1.923523,0.598456,-0.001002,0.000066,18.792192,-0.038075,-17.583792,-19.357147,19.030325,22.931068,-11.138809,-0.291056,0.156059,1.971007,-14.178411,0.954151,4.035821,1.335933,0.143315,0.144857,-0.788951,0.245679,1.971007,-14.178411,0.954151,4.035821,1.335933,0.143315,0.144857,-0.788951,0.245679,87.000000,87.000000,87.000000,87.000000,12.000000,12.000000,12.000000,200.000000,200.000000,0.000000,0.000000,0.000000,0.000000,0.000000,0.000000,0.000000,0.000000,0.000000
287,0.047512,0.612304,0.107660,0.861052,-0.166976,-0.825841,0.247610,-0.047937,-0.072319,0.099702,-2.492949,-0.206037,2.601055,0.846896,0.000181,0.000053,1.311018,0.068038,-1.057212,-0.168456,2.535366,0.154308,0.378123,-0.000844,0.003551,-26.607426,1.108787,26.768444,-7.664746,-7.698669,-4.023057,-7.816636,0.041522,0.262758,0.704683,-15.255310,0.695559,8.937675,2.629088,1.396210,-0.036811,-0.234203,0.082790,0.704683,-15.255310,0.695559,8.937675,2.629088,1.396210,-0.036811,-0.234203,0.082790,87.000000,87.000000,87.000000,87.000000,12.000000,12.000000,12.000000,200.000000,200.000000,0.000000,0.000000,0.000000,0.000000,0.000000,0.000000,0.000000,0.000000,0.000000
288,-0.329489,0.944675,0.087060,0.758185,-0.261792,-1.183033,0.457169,-0.051785,-0.061838,0.107568,-2.494375,-0.171184,2.530634,0.905884,0.000239,0.000000,-0.206110,0.401155,0.210967,-0.071287,0.848178,-2.001177,1.296834,0.006181,-0.005433,0.204385,11.274440,-8.127324,-10.688913,-13.010351,33.815788,-29.978970,0.381698,-0.408233,-8.482622,-3.098130,-6.145605,4.522717,0.199744,0.589008,-0.086562,-0.268401,-0.322424,-8.482622,-3.098130,-6.145605,4.522717,0.199744,0.589008,-0.086562,-0.268401,-0.322424,87.000000,87.000000,87.000000,87.000000,12.000000,12.000000,12.000000,200.000000,200.000000,0.000000,0.000000,0.000000,0.000000,0.000000,0.000000,0.000000,0.000000,0.000000
289,0.035988,0.368255,0.272331,1.201781,-0.266683,-0.707184,0.202726,-0.047402,-0.043959,0.102864,-2.508604,-0.149555,2.578913,0.876617,0.000225,0.000013,0.138672,0.451863,-0.105672,-0.184548,0.213796,1.389498,-0.683319,-0.002671,0.000893,-1.065706,-0.192373,4.596750,11.621369,-21.956236,-20.260225,14.278016,-0.292656,0.291336,4.795861,-28.365433,3.209889,24.980492,-0.632700,3.717965,-0.101799,-0.790241,0.396248,4.795861,-28.365433,3.209889,24.980492,-0.632700,3.717965,-0.101799,-0.790241,0.396248,87.000000,87.000000,87.000000,87.000000,12.000000,12.000000,12.000000,200.000000,200.000000,0.000000,0.000000,0.000000,0.000000,0.000000,0.000000,0.000000,0.000000,0.000000
290,-0.507142,0.507686,-0.211419,1.058985,-0.210140,-0.556419,0.347066,-0.033900,-0.025311,0.081803,-2.519842,-0.136110,2.654155,0.894214,0.000080,0.000099,0.159858,0.457117,-0.607377,-0.145209,0.320903,1.658277,0.405958,-0.004083,0.003813,-17.255142,-0.715005,3.248130,7.543256,-9.586939,-40.361813,-9.700414,-0.025418,0.120771,-18.978474,-24.319101,-13.202785,19.844610,1.021560,1.791407,-0.015720,0.045545,-0.242289,-18.978474,-24.319101,-13.202785,19.844610,1.021560,1.791407,-0.015720,0.045545,-0.242289,87.000000,87.000000,87.000000,87.000000,12.000000,12.000000,12.000000,200.000000,200.000000,0.000000,0.000000,0.000000,0.000000,0.000000,0.000000,0.000000,0.000000,0.000000
291,-0.377929,0.448505,0.015425,1.169134,-0.329141,-0.867623,0.367215,-0.053962,-0.008751,0.082850,-2.512522,-0.156395,2.621953,0.908916,0.000044,0.000120,-0.613073,0.374896,-0.044364,0.370870,-0.362345,-1.147818,0.311347,0.000656,-0.000906,2.631358,-1.278232,-8.145981,1.425648,17.588226,15.591387,-6.704991,0.108189,-0.122553,-9.004873,-27.820227,-6.363469,21.946640,1.305603,2.571559,0.038372,0.047579,-0.390361,-9.004873,-27.820227,-6.363469,21.946640,1.305603,2.571559,0.038372,0.047579,-0.390361,87.000000,87.000000,87.000000,87.000000,12.000000,12.000000,12.000000,200.000000,200.000000,0.000000,0.000000,0.000000,0.000000,0.000000,0.000000,0.000000,0.000000,0.000000
292,0.344577,-0.023957,0.491519,1.007302,-0.539278,-0.922695,0.062607,-0.066292,-0.006348,0.079775,-2.511046,-0.204205,2.584408,0.844285,0.000072,0.000151,-0.213802,-0.363176,-0.025252,-0.146537,-1.271786,-0.947317,-1.466328,-0.000088,0.003803,10.327111,-21.237656,4.648679,-18.269749,21.679014,21.335348,33.709465,-0.149706,0.366909,20.247944,-46.082127,13.607886,15.603458,-0.672909,3.222222,0.086394,-0.382797,0.047334,20.247944,-46.082127,13.607886,15.603458,-0.672909,3.222222,0.086394,-0.382797,0.047334,87.000000,87.000000,87.000000,87.000000,12.000000,12.000000,12.000000,200.000000,200.000000,0.000000,0.000000,0.000000,0.000000,0.000000,0.000000,0.000000,0.000000,0.000000
293,0.002996,0.052741,0.260121,0.655737,-0.545427,-1.060846,0.047160,-0.071223,-0.030044,0.079265,-2.535373,-0.237908,2.542712,0.805298,0.000036,0.000174,-0.097016,-1.147832,-0.004611,-1.079616,-0.677561,-1.174015,-0.839088,-0.001457,0.001403,3.191286,-21.004908,0.522464,-27.457819,18.318403,17.471443,20.423655,-0.071264,0.020310,6.259972,-39.021442,4.101642,5.445613,0.045341,1.396103,0.155838,-0.095687,-0.430974,6.259972,-39.021442,4.101642,5.445613,0.045341,1.396103,0.155838,-0.095687,-0.430974,87.000000,87.000000,87.000000,87.000000,12.000000,12.000000,12.000000,200.000000,200.000000,0.000000,0.000000,0.000000,0.000000,0.000000,0.000000,0.000000,0.000000,0.000000
294,-0.171673,0.389539,0.101012,0.931379,-0.323157,-0.751532,0.151999,-0.068743,-0.062364,0.072980,-2.580517,-0.207621,2.581617,0.810286,0.000013,0.000169,0.038616,-0.985531,-0.163097,-1.084561,0.805897,0.951950,0.148974,-0.001103,0.000971,-3.445538,5.037395,2.770739,14.409391,-19.439009,-22.381824,-3.247969,0.046342,-0.017084,-1.672602,-21.911564,-1.200619,22.487040,0.387573,2.725208,-0.044621,0.120644,-0.441862,-1.672602,-21.911564,-1.200619,22.487040,0.387573,2.725208,-0.044621,0.120644,-0.441862,87.000000,87.000000,87.000000,87.000000,12.000000,12.000000,12.000000,200.000000,200.000000,0.000000,0.000000,0.000000,0.000000,0.000000,0.000000,0.000000,0.000000,0.000000
295,-0.215604,0.483842,0.233111,1.168787,-0.309669,-0.665151,0.427362,-0.090764,-0.083126,0.091659,-2.603510,-0.188057,2.620709,0.879614,0.000000,0.000222,-0.521191,-0.493142,0.453536,-0.158076,0.491536,0.800531,1.540687,-0.000962,0.003755,12.057766,13.952373,-10.247337,28.223785,-10.507786,-19.442846,-36.250488,-0.038999,0.220968,0.713071,-17.282444,0.194336,32.140678,0.709160,3.606278,-0.189094,0.013910,-0.335159,0.713071,-17.282444,0.194336,32.140678,0.709160,3.606278,-0.189094,0.013910,-0.335159,87.000000,87.000000,87.000000,87.000000,12.000000,12.000000,12.000000,200.000000,200.000000,0.000000,0.000000,0.000000,0.000000,0.000000,0.000000,0.000000,0.000000,0.000000
296,-0.064001,0.485705,0.353326,1.126653,-0.466752,-0.695957,0.325388,-0.103613,-0.089609,0.104796,-2.596909,-0.210395,2.636385,0.892336,0.000025,0.000170,-0.206632,-0.125642,0.333878,0.578616,-0.639301,0.261399,0.236813,0.001469,-0.002805,11.390852,9.951179,-3.497250,16.991440,10.566766,-4.253057,-6.407928,0.087324,-0.189190,6.922939,-17.895878,4.661938,27.319330,0.414669,3.428270,-0.096702,-0.001333,-0.493007,6.922939,-17.895878,4.661938,27.319330,0.414669,3.428270,-0.096702,-0.001333,-0.493007,87.000000,87.000000,87.000000,87.000000,12.000000,12.000000,12.000000,200.000000,200.000000,0.000000,0.000000,0.000000,0.000000,0.000000,0.000000,0.000000,0.000000,0.000000
297,-0.146191,0.379088,0.018317,1.096806,-0.383756,-0.739014,0.014236,-0.070589,-0.089284,0.076286,-2.575993,-0.208073,2.638021,0.823457,0.000076,0.000115,0.808783,-0.049732,-0.710228,0.846971,0.130515,-0.110908,-1.525791,0.002182,-0.000907,-18.802952,1.945414,16.064486,7.061054,1.242495,0.556459,36.057384,0.116903,0.011591,-3.442521,-22.847149,-2.548908,23.167465,0.994183,2.830451,0.116023,-0.100990,-0.158910,-3.442521,-22.847149,-2.548908,23.167465,0.994183,2.830451,0.116023,-0.100990,-0.158910,87.000000,87.000000,87.000000,87.000000,12.000000,12.000000,12.000000,200.000000,200.000000,0.000000,0.000000,0.000000,0.000000,0.000000,0.000000,0.000000,0.000000,0.000000
298,-0.296750,0.874404,0.161284,0.784194,-0.323319,-1.222581,0.178554,-0.084316,-0.082445,0.093722,-2.543875,-0.193594,2.555210,0.825840,0.000098,0.000072,-0.374786,0.295230,0.449582,0.982822,0.603364,-2.609289,0.093318,0.000326,-0.000842,7.920942,11.594462,-11.171807,-4.892267,-3.082276,0.104413,-0.999895,-0.054803,0.025919,-3.681194,-3.952749,-2.876980,7.064546,0.749731,-3.379125,0.051269,-0.302658,-0.059789,-3.681194,-3.952749,-2.876980,7.064546,0.749731,-3.379125,0.051269,-0.302658,-0.059789,87.000000,87.000000,87.000000,87.000000,12.000000,12.000000,12.000000,200.000000,200.000000,0.000000,0.000000,0.000000,0.000000,0.000000,0.000000,0.000000,0.000000,0.000000
299,0.067867,-0.175634,0.151981,1.171692,-0.381200,-0.725361,0.164859,-0.057656,-0.080078,0.068293,-2.531862,-0.187382,2.585711,0.825105,0.000091,0.000067,0.686028,-0.328687,-0.623673,0.346437,-0.111048,1.013941,-0.032546,-0.001056,0.000852,-13.498001,-20.210840,15.858821,-4.685964,-14.308694,-10.717813,-0.802144,-0.056360,0.059989,4.717795,-46.298412,3.187308,23.283619,-0.877226,3.996253,-0.097569,-0.210778,-0.089972,4.717795,-46.298412,3.187308,23.283619,-0.877226,3.996253,-0.097569,-0.210778,-0.089972,87.000000,87.000000,87.000000,87.000000,12.000000,12.000000,12.000000,200.000000,200.000000,0.000000,0.000000,0.000000,0.000000,0.000000,0.000000,0.000000,0.000000,0.000000
300,-0.265148,0.503142,0.195072,0.954105,-0.478911,-1.014169,0.210476,-0.079719,-0.087881,0.091164,-2.516615,-0.216639,2.556519,0.835146,0.000071,0.000089,-0.566752,-0.289574,0.579210,0.482847,-0.589937,-0.997276,0.215364,-0.000136,0.000412,12.522968,2.205451,-13.490613,-6.970937,19.939938,14.557996,-4.606460,-0.017207,0.035025,-2.005231,-17.352329,-1.802801,12.871234,0.866402,1.504074,0.046614,-0.157954,-0.150658,-2.005231,-17.352329,-1.802801,12.871234,0.866402,1.504074,0.046614,-0.157954,-0.150658,87.000000,87.000000,87.000000,87.000000,12.000000,12.000000,12.000000,200.000000,200.000000,0.000000,0.000000,0.000000,0.000000,0.000000,0.000000,0.000000,0.000000,0.000000
301,-0.086056,0.609079,0.067205,0.925195,-0.392989,-0.809803,0.023487,-0.058111,-0.090501,0.069924,-2.513556,-0.209805,2.583012,0.795786,0.000095,0.000068,0.554587,-0.071852,-0.551857,0.172834,0.143087,0.658381,-0.871801,0.000804,-0.000571,-12.875275,5.431895,12.405198,-0.274647,-7.245337,-12.673530,20.094650,0.091984,-0.073747,-1.016744,-13.305399,-0.719144,12.670729,0.213630,1.633060,0.037633,-0.090378,-0.222620,-1.016744,-13.305399,-0.719144,12.670729,0.213630,1.633060,0.037633,-0.090378,-0.222620,87.000000,87.000000,87.000000,87.000000,12.000000,12.000000,12.000000,200.000000,200.000000,0.000000,0.000000,0.000000,0.000000,0.000000,0.000000,0.000000,0.000000,0.000000
302,-0.378340,0.515002,-0.014358,0.931185,-0.467722,-1.074206,0.057087,-0.065564,-0.090744,0.073195,-2.506291,-0.227063,2.542077,0.782799,0.000055,0.000105,-0.288277,-0.077952,0.054547,0.206043,-0.293263,-1.282970,-0.281149,-0.001476,0.001561,-0.800192,0.981162,-6.391882,-9.573844,14.482201,19.649355,7.205611,-0.089550,0.092871,-9.171754,-17.288754,-6.933572,11.710826,1.047938,1.311108,0.104336,-0.158403,-0.165069,-9.171754,-17.288754,-6.933572,11.710826,1.047938,1.311108,0.104336,-0.158403,-0.165069,87.000000,87.000000,87.000000,87.000000,12.000000,12.000000,12.000000,200.000000,200.000000,0.000000,0.000000,0.000000,0.000000,0.000000,0.000000,0.000000,0.000000,0.000000
303,0.301955,0.364365,0.487898,0.949154,-0.556584,-0.999588,0.231917,-0.069825,-0.092016,0.077560,-2.509242,-0.249593,2.527070,0.818417,0.000094,0.000068,0.044508,-0.160926,0.190156,-0.105597,-0.536604,-0.370468,0.788119,0.001085,-0.000932,10.857953,-2.706319,3.970421,-7.438247,8.691154,8.185622,-18.805162,0.014983,-0.004830,18.158298,-23.203176,13.032868,13.613029,-0.418571,2.449467,-0.100640,-0.224042,-0.093466,18.158298,-23.203176,13.032868,13.613029,-0.418571,2.449467,-0.100640,-0.224042,-0.093466,87.000000,87.000000,87.000000,87.000000,12.000000,12.000000,12.000000,200.000000,200.000000,0.000000,0.000000,0.000000,0.000000,0.000000,0.000000,0.000000,0.000000,0.000000
304,-0.206255,0.422154,0.046899,1.063949,-0.382171,-0.587802,0.090936,-0.060180,-0.092048,0.072758,-2.526307,-0.225874,2.608268,0.803275,0.000072,0.000085,0.236820,-0.026947,-0.142346,-0.290623,0.527844,2.203936,-0.333119,-0.001241,0.001229,-5.648221,3.440197,2.799509,9.563816,-17.330101,-24.433865,7.707842,0.023662,-0.009025,-4.392988,-20.890589,-3.398845,21.048679,0.324760,3.613427,-0.012993,-0.025779,-0.266953,-4.392988,-20.890589,-3.398845,21.048679,0.324760,3.613427,-0.012993,-0.025779,-0.266953,87.000000,87.000000,87.000000,87.000000,12.000000,12.000000,12.000000,200.000000,200.000000,0.000000,0.000000,0.000000,0.000000,0.000000,0.000000,0.000000,0.000000,0.000000
305,-0.325079,0.607693,0.140268,0.949086,-0.101615,-0.739335,0.456267,-0.077410,-0.087498,0.094882,-2.534551,-0.153260,2.634375,0.880684,0.000123,0.000181,-0.425459,0.153220,0.522495,-0.039415,2.084815,0.183996,1.816211,0.002829,0.005971,9.074317,6.669849,-13.411688,6.366260,-29.061712,-20.636862,-40.355091,0.219372,0.314262,-5.157218,-14.131628,-4.131338,16.258175,1.007791,1.074680,-0.078938,-0.067566,-0.237144,-5.157218,-14.131628,-4.131338,16.258175,1.007791,1.074680,-0.078938,-0.067566,-0.237144,87.000000,87.000000,87.000000,87.000000,12.000000,12.000000,12.000000,200.000000,200.000000,0.000000,0.000000,0.000000,0.000000,0.000000,0.000000,0.000000,0.000000,0.000000
306,0.015638,0.566742,0.131237,1.229405,0.032476,-0.425617,0.296946,-0.050955,-0.071305,0.073855,-2.535949,-0.073435,2.704891,0.886112,0.000069,0.000209,0.694203,0.563542,-0.512642,0.396833,1.773531,1.702546,0.101854,-0.004400,0.003279,-12.756453,9.789903,14.306795,23.029966,-44.637562,-34.043583,-2.923535,-0.330299,0.161656,2.126859,-17.971050,1.529771,27.377542,-0.164036,3.233856,-0.171211,-0.425784,-0.373042,2.126859,-17.971050,1.529771,27.377542,-0.164036,3.233856,-0.171211,-0.425784,-0.373042,87.000000,87.000000,87.000000,87.000000,12.000000,12.000000,12.000000,200.000000,200.000000,0.000000,0.000000,0.000000,0.000000,0.000000,0.000000,0.000000,0.000000,0.000000
307,-0.299749,0.620996,-0.084435,0.875132,-0.336564,-1.035347,0.268162,-0.040251,-0.052220,0.059464,-2.511607,-0.119881,2.627126,0.881483,0.000000,0.000260,0.146564,0.457560,-0.363744,0.655368,-1.195433,-2.539813,-0.154259,-0.002426,0.001393,-9.224618,-1.667898,3.788960,-13.095126,26.722712,4.256629,2.863314,-0.043049,0.050219,-9.681583,-17.700481,-6.945922,8.530725,0.758972,-1.614527,0.056551,0.170828,-0.541117,-9.681583,-17.700481,-6.945922,8.530725,0.758972,-1.614527,0.056551,0.170828,-0.541117,87.000000,87.000000,87.000000,87.000000,12.000000,12.000000,12.000000,200.000000,200.000000,0.000000,0.000000,0.000000,0.000000,0.000000,0.000000,0.000000,0.000000,0.000000
308,0.357513,0.542863,0.725986,0.466132,-0.502750,-1.344939,0.381172,-0.080359,-0.042011,0.102575,-2.512306,-0.176913,2.540054,0.905304,0.000008,0.000194,-0.776143,0.029559,1.168985,-0.466745,-1.320071,-2.612022,0.522362,0.000596,-0.001227,34.739468,-11.569030,-14.613425,-33.350235,26.769939,-0.028324,-12.292656,-0.016629,0.040763,24.786493,-21.064936,16.888737,-5.941411,-0.975967,-7.078270,-0.001713,-0.087276,-0.261900,24.786493,-21.064936,16.888737,-5.941411,-0.975967,-7.078270,-0.001713,-0.087276,-0.261900,87.000000,87.000000,87.000000,87.000000,12.000000,12.000000,12.000000,200.000000,200.000000,0.000000,0.000000,0.000000,0.000000,0.000000,0.000000,0.000000,0.000000,0.000000
309,-0.063732,-0.725660,0.165592,1.313236,-0.519521,-0.158207,0.075797,-0.062364,-0.056902,0.094335,-2.553310,-0.214230,2.614685,0.845303,0.000086,0.000199,0.499261,-1.068585,-0.225052,-1.130878,-1.275726,1.965541,-1.331540,0.003128,0.001210,-8.634770,-32.603592,7.268781,-10.489100,25.077007,73.092880,31.976349,0.433112,-0.145832,0.598031,-68.868912,0.096016,34.108109,1.499694,12.000000,0.045491,0.409103,-0.801668,0.598031,-68.868912,0.096016,34.108109,1.499694,27.836651,0.045491,0.409103,-0.801668,87.000000,87.000000,87.000000,87.000000,12.000000,12.000000,12.000000,200.000000,200.000000,0.000000,0.000000,0.000000,0.000000,0.000000,0.000000,0.000000,0.000000,0.000000
310,-0.744571,0.588579,-0.414980,0.961853,-0.219547,-0.648543,0.248230,-0.039935,-0.083198,0.072134,-2.585881,-0.184247,2.656331,0.853187,0.000072,0.000144,0.304839,-0.693041,-0.635909,-0.607110,1.079257,0.631550,0.239807,-0.004675,0.003239,-27.795368,12.181566,5.171155,18.158367,-9.873611,-27.826994,-3.790544,-0.508022,0.421724,-29.015886,-12.660873,-20.341045,23.074308,2.531861,1.347101,0.104439,-0.708335,0.179257,-29.015886,-12.660873,-20.341045,23.074308,2.531861,1.347101,0.104439,-0.708335,0.179257,87.000000,87.000000,87.000000,87.000000,12.000000,12.000000,12.000000,200.000000,200.000000,0.000000,0.000000,0.000000,0.000000,0.000000,0.000000,0.000000,0.000000,0.000000
311,-0.179790,0.724833,0.397927,1.087646,-0.182563,-0.964929,0.537476,-0.087933,-0.093035,0.113595,-2.585835,-0.146903,2.597772,0.927647,0.000214,0.000050,-1.144989,-0.071606,1.029440,0.416116,1.149081,-1.753051,1.693088,0.009701,-0.005233,27.419199,20.304424,-23.695463,18.038544,-9.872667,27.818312,-38.231075,0.590803,-0.302011,4.459751,-7.615751,2.726613,25.367460,0.842703,2.912664,-0.143335,-0.087257,-0.273780,4.459751,-7.615751,2.726613,25.367460,0.842703,2.912664,-0.143335,-0.087257,-0.273780,87.000000,87.000000,87.000000,87.000000,12.000000,12.000000,12.000000,200.000000,200.000000,0.000000,0.000000,0.000000,0.000000,0.000000,0.000000,0.000000,0.000000,0.000000
312,0.404165,0.264638,0.553824,0.893770,-0.491647,-0.731529,0.265199,-0.075931,-0.093152,0.104026,-2.582123,-0.181856,2.612793,0.903692,0.000270,0.000000,0.520637,-0.165603,-0.175591,0.149125,-1.273924,0.573689,-0.607377,0.000686,-0.001068,3.519267,-5.336975,15.147896,-3.260599,6.877656,-0.766253,11.735543,-0.205581,0.121305,21.038347,-27.226551,15.170915,16.798471,-1.445665,3.317459,-0.123163,-0.950372,0.308956,21.038347,-27.226551,15.170915,16.798471,-1.445665,3.317459,-0.123163,-0.950372,0.308956,87.000000,87.000000,87.000000,87.000000,12.000000,12.000000,12.000000,200.000000,200.000000,0.000000,0.000000,0.000000,0.000000,0.000000,0.000000,0.000000,0.000000,0.000000
313,-0.368763,0.861150,0.118639,0.632896,-0.160075,-0.837066,0.250921,-0.078658,-0.090055,0.118499,-2.584920,-0.144708,2.617862,0.884774,0.000190,0.000024,-0.084866,0.183406,0.343207,-0.025143,1.227619,-0.181424,-0.364417,-0.003331,0.001848,1.543381,11.638004,-8.685461,-2.421311,-13.373221,-8.415297,10.296183,-0.151305,0.175988,-8.150127,-3.578678,-6.134830,7.104658,1.153075,0.178218,0.105468,-0.436505,0.108487,-8.150127,-3.578678,-6.134830,7.104658,1.153075,0.178218,0.105468,-0.436505,0.108487,87.000000,87.000000,87.000000,87.000000,12.000000,12.000000,12.000000,200.000000,200.000000,0.000000,0.000000,0.000000,0.000000,0.000000,0.000000,0.000000,0.000000,0.000000
314,-0.208182,0.117104,-0.010695,1.237137,-0.279937,-0.826014,0.183686,-0.050047,-0.083679,0.093350,-2.578678,-0.144984,2.599996,0.860338,0.000094,0.000077,0.655188,0.015976,-0.660427,0.441876,-0.110828,-0.518052,-0.557045,-0.001961,0.001657,-18.568338,-5.701268,11.870437,8.785974,0.122880,12.464239,12.512300,0.021491,0.029304,-7.138176,-34.390076,-5.451275,30.169241,0.651744,4.177457,0.001811,-0.033714,-0.215131,-7.138176,-34.390076,-5.451275,30.169241,0.651744,4.177457,0.001811,-0.033714,-0.215131,87.000000,87.000000,87.000000,87.000000,12.000000,12.000000,12.000000,200.000000,200.000000,0.000000,0.000000,0.000000,0.000000,0.000000,0.000000,0.000000,0.000000,0.000000
315,-0.218063,0.682749,0.282499,0.956095,-0.290861,-0.941710,0.320700,-0.074693,-0.074809,0.117758,-2.562158,-0.149644,2.574744,0.879711,0.000084,0.000077,-0.613847,0.319790,0.616793,0.644571,-0.002527,-0.723252,0.442142,0.000147,-0.000214,14.706086,9.078625,-14.200790,2.451836,4.650092,13.659166,-10.060901,0.020123,-0.011749,-0.276775,-12.439135,-0.569204,16.705906,0.585649,2.178998,-0.026798,-0.142558,-0.164668,-0.276775,-12.439135,-0.569204,16.705906,0.585649,2.178998,-0.026798,-0.142558,-0.164668,87.000000,87.000000,87.000000,87.000000,12.000000,12.000000,12.000000,200.000000,200.000000,0.000000,0.000000,0.000000,0.000000,0.000000,0.000000,0.000000,0.000000,0.000000
316,-0.012477,0.333369,0.270778,1.153408,-0.388124,-0.796212,0.268164,-0.067496,-0.061321,0.111509,-2.543660,-0.170723,2.587112,0.878015,0.000092,0.000069,0.241718,0.275935,-0.160995,0.714067,-0.604794,0.331349,-0.060666,0.000457,-0.000330,-2.265136,-2.845273,5.962583,4.115499,7.138964,-2.302971,0.525107,0.027336,-0.016288,4.119717,-28.054935,2.683905,23.029020,0.086299,3.314432,-0.046801,-0.168110,-0.144300,4.119717,-28.054935,2.683905,23.029020,0.086299,3.314432,-0.046801,-0.168110,-0.144300,87.000000,87.000000,87.000000,87.000000,12.000000,12.000000,12.000000,200.000000,200.000000,0.000000,0.000000,0.000000,0.000000,0.000000,0.000000,0.000000,0.000000,0.000000
317,-0.167443,0.535396,0.177930,0.803567,-0.444468,-1.238667,0.261628,-0.063183,-0.053309,0.110079,-2.520914,-0.200255,2.511158,0.874673,0.000057,0.000108,0.095400,0.075135,-0.026421,0.510814,-0.481650,-2.271556,-0.072160,-0.001484,0.001866,-1.814203,-4.311022,0.462872,-18.484400,21.589317,20.444454,2.569805,-0.119367,0.136810,-1.999301,-20.163458,-1.587082,6.482410,0.732414,-0.210239,0.111751,-0.215592,-0.112422,-1.999301,-20.163458,-1.587082,6.482410,0.732414,-0.210239,0.111751,-0.215592,-0.112422,87.000000,87.000000,87.000000,87.000000,12.000000,12.000000,12.000000,200.000000,200.000000,0.000000,0.000000,0.000000,0.000000,0.000000,0.000000,0.000000,0.000000,0.000000
318,-0.028232,0.680430,0.316568,0.865909,-0.276664,-0.912940,0.236605,-0.065155,-0.044597,0.116028,-2.522985,-0.171934,2.532062,0.867160,0.000067,0.000097,-0.000754,0.241570,0.167644,-0.024047,0.678429,0.628367,-0.149191,-0.000245,0.000312,4.207762,4.354953,-0.985283,-1.253136,-20.122250,-10.363239,3.222397,0.054735,-0.042497,4.323440,-15.008576,2.878377,11.533469,-0.325119,1.812625,-0.044451,-0.027194,-0.287696,4.323440,-15.008576,2.878377,11.533469,-0.325119,1.812625,-0.044451,-0.027194,-0.287696,87.000000,87.000000,87.000000,87.000000,12.000000,12.000000,12.000000,200.000000,200.000000,0.000000,0.000000,0.000000,0.000000,0.000000,0.000000,0.000000,0.000000,0.000000
319,-0.307223,-0.031943,0.065004,1.355447,-0.482752,-0.287145,0.126727,-0.061327,-0.039233,0.110025,-2.527092,-0.204207,2.618983,0.837670,0.000125,0.000058,0.018269,-0.115809,-0.194819,0.086393,-1.038419,2.609152,-0.687353,0.005184,-0.003678,-6.627563,-11.876004,0.177230,6.496566,14.639782,6.429834,14.467173,0.378530,-0.279665,-7.815243,-43.901680,-5.673050,31.615051,0.536664,12.000000,-0.010896,0.041743,-0.343310,-7.815243,-43.901680,-5.673050,31.615051,0.536664,15.426445,-0.010896,0.041743,-0.343310,87.000000,87.000000,87.000000,87.000000,12.000000,12.000000,12.000000,200.000000,200.000000,0.000000,0.000000,0.000000,0.000000,0.000000,0.000000,0.000000,0.000000,0.000000
320,-0.471274,0.485297,-0.030775,0.940618,-0.427450,-1.132663,0.311355,-0.065150,-0.044118,0.106027,-2.514122,-0.222672,2.554213,0.864703,0.000146,0.000024,-0.199943,-0.283842,-0.169811,0.354312,0.050949,-2.198629,0.634744,-0.000640,0.000378,-5.903465,-1.783851,-4.049273,-11.423199,25.068571,24.874290,-12.183201,-0.219545,0.191049,-13.439178,-21.798220,-9.487493,12.237556,2.061208,0.674129,0.171166,-0.619509,0.239285,-13.439178,-21.798220,-9.487493,12.237556,2.061208,0.674129,0.171166,-0.619509,0.239285,87.000000,87.000000,87.000000,87.000000,12.000000,12.000000,12.000000,200.000000,200.000000,0.000000,0.000000,0.000000,0.000000,0.000000,0.000000,0.000000,0.000000,0.000000
321,-0.074133,0.490627,0.054678,1.116533,-0.184236,-0.736914,0.163994,-0.046010,-0.046848,0.074025,-2.516748,-0.163154,2.589211,0.844910,0.000116,0.000074,0.394702,-0.101343,-0.798045,0.141075,1.393581,0.991753,-0.424510,-0.003245,0.004213,-15.371930,4.422625,14.700332,10.813298,-36.472240,-16.910519,9.687024,-0.164981,0.222524,-1.217581,-21.499510,-0.760094,21.312880,-0.169308,2.929969,-0.061396,-0.306049,-0.050388,-1.217581,-21.499510,-0.760094,21.312880,-0.169308,2.929969,-0.061396,-0.306049,-0.050388,87.000000,87.000000,87.000000,87.000000,12.000000,12.000000,12.000000,200.000000,200.000000,0.000000,0.000000,0.000000,0.000000,0.000000,0.000000,0.000000,0.000000,0.000000
322,-0.409132,0.343683,-0.057699,1.081077,-0.230276,-0.808540,0.269260,-0.059117,-0.049477,0.068153,-2.511582,-0.143617,2.600739,0.859559,0.000038,0.000143,-0.490012,-0.225509,-0.209870,0.257173,0.435757,0.064363,0.325363,-0.000973,0.001304,-3.222862,-3.374099,-5.036645,-0.215989,-9.277225,-6.229776,-7.705546,0.089006,-0.066280,-10.514812,-27.282877,-7.487454,18.544844,0.542852,2.184742,-0.026042,0.129478,-0.486478,-10.514812,-27.282877,-7.487454,18.544844,0.542852,2.184742,-0.026042,0.129478,-0.486478,87.000000,87.000000,87.000000,87.000000,12.000000,12.000000,12.000000,200.000000,200.000000,0.000000,0.000000,0.000000,0.000000,0.000000,0.000000,0.000000,0.000000,0.000000
323,0.053550,0.655066,0.626976,0.802528,-0.687611,-1.159920,0.450043,-0.121533,-0.053100,0.112154,-2.499019,-0.225631,2.530895,0.911380,0.000071,0.000119,-1.410842,-0.163224,1.080584,0.252046,-2.325229,-1.893382,1.100728,0.002768,-0.001861,37.580448,2.628744,-22.730253,-16.252121,13.461870,36.480408,-27.091167,0.054771,-0.022759,17.789719,-14.362839,11.917885,5.500085,-2.596779,1.364236,-0.120412,-0.245472,-0.150140,17.789719,-14.362839,11.917885,5.500085,-2.596779,1.364236,-0.120412,-0.245472,-0.150140,87.000000,87.000000,87.000000,87.000000,12.000000,12.000000,12.000000,200.000000,200.000000,0.000000,0.000000,0.000000,0.000000,0.000000,0.000000,0.000000,0.000000,0.000000
324,0.089476,0.181565,0.435354,1.014249,-0.594193,-0.597772,-0.016060,-0.124784,-0.059903,0.108754,-2.516236,-0.258718,2.605651,0.830072,0.000266,0.000000,0.059867,-0.420529,-0.098823,-0.483474,-0.913736,2.123839,-1.970549,0.009831,-0.006307,4.814809,-8.314804,6.077495,-0.508423,6.717782,-29.205450,38.339134,0.607286,-0.416533,13.670319,-32.699951,9.322392,18.207298,-0.345557,3.350760,-0.368249,-0.174554,-0.244751,13.670319,-32.699951,9.322392,18.207298,-0.345557,3.350760,-0.368249,-0.174554,-0.244751,87.000000,87.000000,87.000000,87.000000,12.000000,12.000000,12.000000,200.000000,200.000000,0.000000,0.000000,0.000000,0.000000,0.000000,0.000000,0.000000,0.000000,0.000000
325,-0.147491,0.637186,0.143905,0.645807,-0.510917,-1.269123,0.336577,-0.102432,-0.073023,0.090996,-2.528199,-0.267926,2.529828,0.866441,0.000293,0.000000,0.563377,-0.467745,-0.395692,-0.477104,0.258446,-2.608959,0.867047,-0.001335,-0.000827,-10.179175,1.675106,10.780931,-14.016002,12.865486,0.219212,-17.698141,-0.355167,0.152153,0.206567,-12.734199,0.159315,3.637455,1.071503,-3.198554,0.106314,-1.113995,0.336286,0.206567,-12.734199,0.159315,3.637455,1.071503,-3.198554,0.106314,-1.113995,0.336286,87.000000,87.000000,87.000000,87.000000,12.000000,12.000000,12.000000,200.000000,200.000000,0.000000,0.000000,0.000000,0.000000,0.000000,0.000000,0.000000,0.000000,0.000000
326,0.024831,0.741988,0.111641,1.040154,-0.017153,-0.620013,0.229374,-0.066581,-0.073451,0.061869,-2.558337,-0.177373,2.599353,0.861286,0.000191,0.000081,0.908149,0.178935,-0.636325,-0.503064,2.692178,2.004105,-0.101425,-0.004898,0.005277,-13.965361,17.408186,20.049829,23.698349,-1.958928,-32.930000,2.019243,-0.147054,0.443663,3.093449,-9.324593,2.378212,24.053303,6.173048,3.082505,-0.072046,-0.337570,0.211737,3.093449,-9.324593,2.378212,24.053303,6.173048,3.082505,-0.072046,-0.337570,0.211737,87.000000,87.000000,87.000000,87.000000,12.000000,12.000000,12.000000,200.000000,200.000000,0.000000,0.000000,0.000000,0.000000,0.000000,0.000000,0.000000,0.000000,0.000000
327,-0.261226,0.699288,0.007668,1.053219,-0.081069,-0.593434,0.579161,-0.059024,-0.056682,0.060480,-2.565815,-0.115729,2.655606,0.940275,0.000074,0.000239,0.117409,0.593523,-0.011718,0.160155,1.417331,1.124021,1.851848,-0.001186,0.006492,-4.188220,11.328197,-0.828202,18.189480,-30.613001,-29.358871,-42.464180,0.148747,0.174244,-6.276888,-13.824551,-4.545381,23.081739,0.450600,2.247867,-0.148855,0.149258,-0.633198,-6.276888,-13.824551,-4.545381,23.081739,0.450600,2.247867,-0.148855,0.149258,-0.633198,87.000000,87.000000,87.000000,87.000000,12.000000,12.000000,12.000000,200.000000,200.000000,0.000000,0.000000,0.000000,0.000000,0.000000,0.000000,0.000000,0.000000,0.000000
328,-0.147224,0.413305,0.209271,1.317439,-0.245695,-0.361800,0.451842,-0.073773,-0.030103,0.076426,-2.553487,-0.117516,2.728809,0.954561,0.000038,0.000180,-0.340802,0.743163,0.393252,0.779333,-0.327640,1.754848,0.258284,-0.000477,-0.002660,9.686746,1.932793,-7.733934,20.458769,-5.135185,-31.962954,-7.932647,-0.005925,-0.174479,1.472290,-28.316664,0.764236,31.152529,0.060689,3.851587,-0.163717,-0.071792,-0.502103,1.472290,-28.316664,0.764236,31.152529,0.060689,3.851587,-0.163717,-0.071792,-0.502103,87.000000,87.000000,87.000000,87.000000,12.000000,12.000000,12.000000,200.000000,200.000000,0.000000,0.000000,0.000000,0.000000,0.000000,0.000000,0.000000,0.000000,0.000000
329,-0.036547,0.233815,0.171212,0.870801,-0.580495,-1.037428,0.127843,-0.066413,-0.015699,0.069355,-2.523780,-0.197095,2.649037,0.883553,0.000000,0.000334,0.217995,0.049294,-0.155070,0.653867,-2.025007,-2.614613,-1.622746,-0.001906,0.010165,-1.659286,-17.852930,6.330223,-21.948580,32.322163,-0.105186,36.548878,-0.168936,0.747066,3.181476,-35.930649,2.079114,8.844171,-0.326651,-3.494483,0.129161,-0.122615,-0.100492,3.181476,-35.930649,2.079114,8.844171,-0.326651,-3.494483,0.129161,-0.122615,-0.100492,87.000000,87.000000,87.000000,87.000000,12.000000,12.000000,12.000000,200.000000,200.000000,0.000000,0.000000,0.000000,0.000000,0.000000,0.000000,0.000000,0.000000,0.000000
330,0.196244,0.191523,0.610673,0.430864,-0.467592,-1.308904,0.141611,-0.094042,-0.027374,0.109580,-2.532714,-0.214002,2.561831,0.847951,0.000000,0.000321,-0.481607,-0.823000,1.055878,-0.812980,-0.162651,-2.612109,-0.737400,-0.002226,-0.001654,27.139717,-23.219782,-15.156046,-37.895988,8.476415,0.135441,18.613903,-0.001982,-0.303202,18.219343,-34.675499,11.968853,-5.048425,-0.696002,-7.368957,0.147606,0.219252,-1.071440,18.219343,-34.675499,11.968853,-5.048425,-0.696002,-7.368957,0.147606,0.219252,-1.071440,87.000000,87.000000,87.000000,87.000000,12.000000,12.000000,12.000000,200.000000,200.000000,0.000000,0.000000,0.000000,0.000000,0.000000,0.000000,0.000000,0.000000,0.000000
331,0.383873,-0.111771,0.220052,0.741428,-0.589813,-0.834755,0.118593,-0.042659,-0.062607,0.077871,-2.581749,-0.246957,2.569512,0.825296,0.000043,0.000233,1.520132,-1.450199,-0.833266,-1.603412,-1.032848,0.381357,-0.514871,0.002769,-0.002917,-2.417428,-18.833826,10.696896,-11.006863,6.709485,-3.302094,10.737833,0.315741,-0.192170,14.582895,-42.067020,5.409256,14.919054,-0.779804,3.003006,-0.012671,0.249313,-0.637303,14.582895,-42.067020,5.409256,14.919054,-0.779804,3.003006,-0.012671,0.249313,-0.637303,87.000000,87.000000,87.000000,87.000000,12.000000,12.000000,12.000000,200.000000,200.000000,0.000000,0.000000,0.000000,0.000000,0.000000,0.000000,0.000000,0.000000,0.000000
332,-0.584863,0.581435,-0.144447,0.898458,-0.053620,-0.660257,0.290473,-0.039133,-0.098470,0.092966,-2.634962,-0.165875,2.622895,0.852956,0.000010,0.000239,-0.054744,-0.896136,0.370239,-1.109640,2.503235,1.090950,0.688678,-0.003117,0.004798,-7.089764,18.387939,-8.592506,28.148180,-11.315445,-32.232597,-14.614701,-0.140464,0.299378,-20.541740,-10.806245,-14.656594,26.400249,3.857347,2.110045,-0.027471,-0.061527,-0.322118,-20.541740,-10.806245,-14.656594,26.400249,3.857347,2.110045,-0.027471,-0.061527,-0.322118,87.000000,87.000000,87.000000,87.000000,12.000000,12.000000,12.000000,200.000000,200.000000,0.000000,0.000000,0.000000,0.000000,0.000000,0.000000,0.000000,0.000000,0.000000
333,-0.067232,0.491032,0.149225,1.448852,-0.088900,-0.724073,0.365634,-0.027998,-0.111016,0.093357,-2.640510,-0.113508,2.621390,0.887966,0.000020,0.000216,0.322644,-0.111270,0.018121,0.640234,1.207747,-0.231862,0.762031,0.001491,-0.001347,-3.460943,22.414797,2.836084,43.523624,-23.703051,4.112647,-18.051054,0.103484,-0.161000,-1.523835,-15.297105,-1.368423,45.048794,0.923853,5.274539,-0.203440,0.023363,-0.642947,-1.523835,-15.297105,-1.368423,45.048794,0.923853,5.274539,-0.203440,0.023363,-0.642947,87.000000,87.000000,87.000000,87.000000,12.000000,12.000000,12.000000,200.000000,200.000000,0.000000,0.000000,0.000000,0.000000,0.000000,0.000000,0.000000,0.000000,0.000000
334,-0.185135,0.537513,0.044641,1.262153,-0.225236,-0.760083,0.138176,-0.019771,-0.102191,0.090556,-2.605460,-0.115610,2.617923,0.851764,0.000032,0.000158,0.162696,0.382364,-0.093312,1.491451,-0.220890,-0.090670,-0.840874,0.001935,-0.002282,-5.889793,12.879799,0.478925,20.444361,0.091864,8.677197,18.625061,0.117989,-0.090212,-6.607488,-16.000042,-5.172918,31.187044,0.767393,4.031255,-0.026762,-0.002299,-0.327880,-6.607488,-16.000042,-5.172918,31.187044,0.767393,4.031255,-0.026762,-0.002299,-0.327880,87.000000,87.000000,87.000000,87.000000,12.000000,12.000000,12.000000,200.000000,200.000000,0.000000,0.000000,0.000000,0.000000,0.000000,0.000000,0.000000,0.000000,0.000000
335,-0.268077,0.746526,0.026523,0.907624,-0.454073,-1.276259,0.049726,-0.024050,-0.082533,0.091377,-2.547925,-0.173830,2.533978,0.810504,0.000011,0.000209,-0.162872,0.599064,-0.022540,1.730464,-1.347378,-2.612731,-0.929262,-0.001133,0.004064,-0.417336,6.167847,-3.534260,-6.788384,32.515347,-0.009398,21.515867,-0.170115,0.365876,-8.382225,-10.175019,-6.380476,10.232663,1.131732,-3.834964,0.136208,-0.235021,-0.081909,-8.382225,-10.175019,-6.380476,10.232663,1.131732,-3.834964,0.136208,-0.235021,-0.081909,87.000000,87.000000,87.000000,87.000000,12.000000,12.000000,12.000000,200.000000,200.000000,0.000000,0.000000,0.000000,0.000000,0.000000,0.000000,0.000000,0.000000,0.000000
336,-0.141292,0.553846,0.060987,0.866279,-0.431887,-0.877015,-0.063824,-0.022673,-0.060597,0.081003,-2.515024,-0.194903,2.554112,0.761454,0.000053,0.000149,-0.020766,0.504110,-0.307206,0.846929,-0.567582,0.705106,-1.076476,0.003259,-0.003368,-5.262296,-4.599634,2.199939,-12.983536,3.845340,-6.891438,24.440781,0.300521,-0.306724,-4.084278,-20.004986,-3.095994,7.919451,-0.021494,1.492734,0.085207,0.174967,-0.604090,-4.084278,-20.004986,-3.095994,7.919451,-0.021494,1.492734,0.085207,0.174967,-0.604090,87.000000,87.000000,87.000000,87.000000,12.000000,12.000000,12.000000,200.000000,200.000000,0.000000,0.000000,0.000000,0.000000,0.000000,0.000000,0.000000,0.000000,0.000000
337,-0.429555,0.522865,-0.012977,1.010360,-0.463709,-1.027368,0.195539,-0.045305,-0.043293,0.088170,-2.489085,-0.219984,2.537153,0.797510,0.000060,0.000116,-0.665583,0.371725,0.077028,0.725577,-0.398939,-0.659324,0.819251,-0.000087,-0.000098,3.974279,-3.578669,-11.935443,-10.758862,18.111830,7.466125,-18.489817,-0.067001,0.085511,-11.547112,-22.217146,-8.461825,12.063686,1.139404,1.226145,0.054291,-0.223198,-0.095349,-11.547112,-22.217146,-8.461825,12.063686,1.139404,1.226145,0.054291,-0.223198,-0.095349,87.000000,87.000000,87.000000,87.000000,12.000000,12.000000,12.000000,200.000000,200.000000,0.000000,0.000000,0.000000,0.000000,0.000000,0.000000,0.000000,0.000000,0.000000
338,-0.088309,0.082805,0.241087,1.328255,-0.416795,-0.575718,0.264518,-0.066827,-0.033376,0.090090,-2.479376,-0.215382,2.613348,0.833971,0.000000,0.000188,-0.538800,0.038988,-0.007978,0.434453,0.032220,2.014295,0.800779,-0.004558,0.005567,7.262789,-10.838306,-3.785307,6.090470,-9.189003,-35.170322,-19.558727,-0.270302,0.331604,3.669110,-40.134422,2.240853,25.759647,-0.141251,3.546783,-0.119892,-0.145756,-0.198287,3.669110,-40.134422,2.240853,25.759647,-0.141251,3.546783,-0.119892,-0.145756,-0.198287,87.000000,87.000000,87.000000,87.000000,12.000000,12.000000,12.000000,200.000000,200.000000,0.000000,0.000000,0.000000,0.000000,0.000000,0.000000,0.000000,0.000000,0.000000
339,-0.229795,0.353274,0.127993,1.095604,-0.481030,-0.825267,0.272495,-0.080259,-0.033734,0.085397,-2.463960,-0.231608,2.615371,0.854817,0.000012,0.000195,-0.379077,-0.208920,-0.172539,0.447421,-0.281890,-0.314021,0.446755,0.000639,-0.001290,1.079451,-6.513091,-1.754413,-8.773973,13.144045,-2.887830,-9.996773,0.201922,-0.200922,-1.695904,-28.383518,-1.353405,14.321172,0.771014,1.522033,0.028168,0.272680,-0.657688,-1.695904,-28.383518,-1.353405,14.321172,0.771014,1.522033,0.028168,0.272680,-0.657688,87.000000,87.000000,87.000000,87.000000,12.000000,12.000000,12.000000,200.000000,200.000000,0.000000,0.000000,0.000000,0.000000,0.000000,0.000000,0.000000,0.000000,0.000000
340,-0.014169,0.746989,0.654211,0.708112,-0.478193,-1.105807,0.468127,-0.139860,-0.038955,0.134876,-2.458955,-0.235203,2.556488,0.912195,0.000136,0.000063,-1.323776,-0.237638,1.198322,-0.095086,0.126171,-1.688812,1.280577,0.005650,-0.004380,36.458385,0.957757,-25.939442,-22.879459,6.345555,26.139063,-28.900801,0.230793,-0.106123,16.245701,-11.721624,10.685866,-0.945368,-0.287462,0.341419,-0.044618,-0.255086,-0.030867,16.245701,-11.721624,10.685866,-0.945368,-0.287462,0.341419,-0.044618,-0.255086,-0.030867,87.000000,87.000000,87.000000,87.000000,12.000000,12.000000,12.000000,200.000000,200.000000,0.000000,0.000000,0.000000,0.000000,0.000000,0.000000,0.000000,0.000000,0.000000
341,0.178451,0.562041,0.483223,0.790508,-0.428771,-0.709474,0.154183,-0.127049,-0.043855,0.122306,-2.486351,-0.219600,2.604691,0.868095,0.000187,0.000000,0.463015,-0.242804,-0.285962,-0.872110,0.142345,1.299861,-1.004026,0.000126,-0.000425,-1.440493,-0.650061,13.129963,-6.820968,-17.909460,-23.902321,22.268864,-0.090592,0.080985,15.980242,-18.802933,11.058351,7.523533,-1.074047,1.581701,-0.044486,-0.542287,0.172390,15.980242,-18.802933,11.058351,7.523533,-1.074047,1.581701,-0.044486,-0.542287,0.172390,87.000000,87.000000,87.000000,87.000000,12.000000,12.000000,12.000000,200.000000,200.000000,0.000000,0.000000,0.000000,0.000000,0.000000,0.000000,0.000000,0.000000,0.000000
342,-0.239796,0.495874,0.030425,0.727753,-0.444317,-0.905513,0.283261,-0.093366,-0.052115,0.093311,-2.520098,-0.225582,2.595651,0.874458,0.000121,0.000044,0.760895,-0.390751,-0.675837,-1.085546,-0.023799,-0.573399,0.158493,-0.001990,0.001404,-19.135660,-2.902050,15.332389,-11.600983,6.684514,-0.701762,-2.956009,-0.056441,0.027962,-5.252864,-20.523220,-3.557918,8.015503,0.706402,0.706647,0.062830,-0.207872,-0.138717,-5.252864,-20.523220,-3.557918,8.015503,0.706402,0.706647,0.062830,-0.207872,-0.138717,87.000000,87.000000,87.000000,87.000000,12.000000,12.000000,12.000000,200.000000,200.000000,0.000000,0.000000,0.000000,0.000000,0.000000,0.000000,0.000000,0.000000,0.000000
343,-0.154920,0.497002,0.315468,1.089012,-0.342393,-0.859002,0.457891,-0.104534,-0.057235,0.110330,-2.552357,-0.205244,2.584802,0.920100,0.000143,0.000037,-0.240317,-0.111201,0.470423,-0.645774,0.616526,-0.387463,1.028291,0.001989,-0.000712,10.610033,8.647904,-7.505101,14.862184,-9.246146,3.652212,-23.588175,0.180044,-0.088437,3.411877,-20.148073,2.110255,25.389191,0.537115,3.210664,-0.109653,-0.118591,-0.174815,3.411877,-20.148073,2.110255,25.389191,0.537115,3.210664,-0.109653,-0.118591,-0.174815,87.000000,87.000000,87.000000,87.000000,12.000000,12.000000,12.000000,200.000000,200.000000,0.000000,0.000000,0.000000,0.000000,0.000000,0.000000,0.000000,0.000000,0.000000
344,0.038278,-0.145929,0.207084,1.475220,-0.530172,-0.384779,0.150877,-0.076963,-0.060361,0.088695,-2.572212,-0.230947,2.666338,0.871982,0.000241,0.000000,0.725785,-0.311737,-0.489782,-0.144685,-0.992685,2.363041,-1.120626,0.006054,-0.003746,-11.107534,-8.480590,15.938750,23.696259,5.131609,-14.942235,24.294010,0.372409,-0.237735,5.104258,-46.052654,3.410520,41.611481,0.101220,7.196549,-0.067982,-0.264586,-0.093991,5.104258,-46.052654,3.410520,41.611481,0.101220,7.196549,-0.067982,-0.264586,-0.093991,87.000000,87.000000,87.000000,87.000000,12.000000,12.000000,12.000000,200.000000,200.000000,0.000000,0.000000,0.000000,0.000000,0.000000,0.000000,0.000000,0.000000,0.000000
345,-0.484703,0.329458,-0.092163,0.657773,-0.568100,-1.059497,0.068273,-0.069986,-0.076910,0.085453,-2.573778,-0.267126,2.599004,0.824611,0.000140,0.000118,0.046945,-0.738143,-0.102627,-0.229329,-0.534903,-2.238996,-1.028718,-0.006966,0.007425,-9.331643,-8.334706,-2.193331,-20.325199,30.319645,22.605242,26.156744,-0.637629,0.637417,-14.452391,-24.575277,-10.359103,6.744403,1.824476,-0.025604,0.293766,-0.902277,0.319874,-14.452391,-24.575277,-10.359103,6.744403,1.824476,-0.025604,0.293766,-0.902277,0.319874,87.000000,87.000000,87.000000,87.000000,12.000000,12.000000,12.000000,200.000000,200.000000,0.000000,0.000000,0.000000,0.000000,0.000000,0.000000,0.000000,0.000000,0.000000
346,0.236253,0.777206,0.383164,0.890307,-0.080865,-0.954541,0.375405,-0.056795,-0.087544,0.081974,-2.586021,-0.183136,2.566825,0.873229,0.000215,0.000060,0.476025,-0.119188,0.009833,-0.101305,2.716517,-0.797086,1.144711,0.005802,-0.001713,3.093177,18.868826,8.438898,11.710174,-0.389757,17.062725,-26.795753,0.545050,-0.222261,12.888663,-5.904149,9.228386,18.507467,4.116383,2.717774,-0.166230,0.095525,-0.402638,12.888663,-5.904149,9.228386,18.507467,4.116383,2.717774,-0.166230,0.095525,-0.402638,87.000000,87.000000,87.000000,87.000000,12.000000,12.000000,12.000000,200.000000,200.000000,0.000000,0.000000,0.000000,0.000000,0.000000,0.000000,0.000000,0.000000,0.000000
347,-0.006282,0.723244,0.034602,1.225214,-0.033794,-0.341078,0.157608,-0.021308,-0.073633,0.059688,-2.587212,-0.104545,2.651804,0.848972,0.000143,0.000086,0.871240,0.639719,-0.503251,0.500316,1.700843,2.612789,-0.557052,-0.004443,0.003123,-16.222794,19.339075,15.074328,28.697832,-40.655792,-0.041385,12.619446,-0.318782,0.162536,-1.791764,-11.177009,-1.181568,31.386515,0.080731,10.202574,-0.125501,-0.564435,-0.114762,-1.791764,-11.177009,-1.181568,31.386515,0.080731,10.202574,-0.125501,-0.564435,-0.114762,87.000000,87.000000,87.000000,87.000000,12.000000,12.000000,12.000000,200.000000,200.000000,0.000000,0.000000,0.000000,0.000000,0.000000,0.000000,0.000000,0.000000,0.000000
348,-0.448936,0.398086,0.037712,1.102403,-0.118042,-0.721976,0.337823,-0.046841,-0.052063,0.090046,-2.559077,-0.088901,2.656147,0.878041,0.000045,0.000134,-0.703998,0.501207,0.693780,1.007815,0.432927,-0.285150,0.646102,-0.000683,0.000290,11.812756,-3.199682,-21.783237,2.004139,-2.201030,-2.751014,-14.740440,0.125998,-0.084381,-11.653189,-26.824684,-8.792749,21.329819,1.090868,2.309985,-0.022212,0.158338,-0.437872,-11.653189,-26.824684,-8.792749,21.329819,1.090868,2.309985,-0.022212,0.158338,-0.437872,87.000000,87.000000,87.000000,87.000000,12.000000,12.000000,12.000000,200.000000,200.000000,0.000000,0.000000,0.000000,0.000000,0.000000,0.000000,0.000000,0.000000,0.000000
349,0.121647,0.527856,0.506038,0.973044,-0.449780,-1.132863,0.456139,-0.070957,-0.034244,0.116879,-2.519734,-0.150647,2.572896,0.922295,0.000058,0.000118,-0.423608,0.392678,0.684161,1.128681,-1.511086,-2.556272,0.935452,0.001033,-0.000636,20.653950,-3.113054,-8.019730,-9.969155,31.541124,3.174577,-22.799511,-0.033428,0.058029,12.857041,-22.761263,8.616549,12.023708,-0.190829,-1.187780,-0.072093,-0.247483,-0.096728,12.857041,-22.761263,8.616549,12.023708,-0.190829,-1.187780,-0.072093,-0.247483,-0.096728,87.000000,87.000000,87.000000,87.000000,12.000000,12.000000,12.000000,200.000000,200.000000,0.000000,0.000000,0.000000,0.000000,0.000000,0.000000,0.000000,0.000000,0.000000
350,-0.091329,0.210676,-0.011059,0.995848,-0.431531,-0.645131,-0.222523,-0.030620,-0.024886,0.080803,-2.510026,-0.180216,2.622010,0.835290,0.000209,0.000038,0.938803,-0.035223,-0.893819,0.180987,-0.909554,1.461895,-2.610763,0.009354,-0.004743,-24.390720,-14.480574,19.724482,-9.771111,3.946123,-21.372583,0.016894,0.651288,-0.375246,-5.108443,-35.706638,-3.398366,14.667565,-0.291332,2.499731,-9.481021,0.039467,-0.388254,-5.108443,-35.706638,-3.398366,14.667565,-0.291332,2.499731,-9.481021,0.039467,-0.388254,87.000000,87.000000,87.000000,87.000000,12.000000,12.000000,12.000000,200.000000,200.000000,0.000000,0.000000,0.000000,0.000000,0.000000,0.000000,0.000000,0.000000,0.000000
351,-0.890776,0.664295,-0.472801,0.879890,-0.483373,-1.040604,-0.040792,-0.021827,-0.024215,0.060039,-2.500664,-0.223330,2.577017,0.778841,0.000130,0.000121,0.078462,-0.070742,-0.782723,0.205589,-0.764122,-1.492100,-1.216499,-0.006469,0.006527,-10.901443,0.771331,-11.228599,-13.213663,32.957821,20.472134,29.857920,-0.671463,0.497560,-34.711464,-16.652418,-22.268589,9.023891,2.457225,0.450390,0.303146,-0.981840,0.136961,-34.711464,-16.652418,-22.268589,9.023891,2.457225,0.450390,0.303146,-0.981840,0.136961,87.000000,87.000000,87.000000,87.000000,12.000000,12.000000,12.000000,200.000000,200.000000,0.000000,0.000000,0.000000,0.000000,0.000000,0.000000,0.000000,0.000000,0.000000
352,-0.045980,0.696894,0.526191,0.895656,-0.468341,-1.275738,0.464159,-0.088186,-0.021826,0.110280,-2.495990,-0.233642,2.493228,0.863735,0.000250,0.000000,-1.549806,0.037448,1.210744,0.107014,0.080821,-2.426624,2.221099,0.009063,-0.006602,37.414661,4.143770,-28.766197,-6.992482,11.451245,11.071543,-23.388775,0.640410,-0.417377,11.498301,-15.634381,7.341837,9.921878,0.349581,-0.437224,1.613895,-0.038171,-0.257362,11.498301,-15.634381,7.341837,9.921878,0.349581,-0.437224,1.613895,-0.038171,-0.257362,87.000000,87.000000,87.000000,87.000000,12.000000,12.000000,12.000000,200.000000,200.000000,0.000000,0.000000,0.000000,0.000000,0.000000,0.000000,0.000000,0.000000,0.000000
353,0.009273,-0.028527,0.369572,1.362969,-0.370716,-0.254960,0.253850,-0.099877,-0.022654,0.110733,-2.510525,-0.207664,2.570086,0.866883,0.000239,0.000025,-0.205612,-0.284424,-0.038847,-0.165316,0.308207,2.060553,0.057624,-0.005857,0.003906,4.631718,-9.969776,0.275972,2.112672,-7.565992,59.795139,-0.728526,-0.533282,0.526989,9.171490,-44.522854,6.026812,30.855324,0.783301,12.000000,-0.136834,-0.952848,0.487735,9.171490,-44.522854,6.026812,30.855324,0.783301,26.288124,-0.136834,-0.952848,0.487735,87.000000,87.000000,87.000000,87.000000,12.000000,12.000000,12.000000,200.000000,200.000000,0.000000,0.000000,0.000000,0.000000,0.000000,0.000000,0.000000,0.000000,0.000000
354,-0.157144,0.043637,0.194549,1.263019,-0.609532,-0.555064,0.207296,-0.098729,-0.034158,0.099267,-2.513653,-0.254347,2.643043,0.856807,0.000177,0.000016,-0.004876,-0.599447,-0.279236,0.115286,-1.317058,1.615801,-0.260211,0.002588,-0.002739,-3.094895,-10.202971,5.270957,7.569215,19.468710,-34.696217,4.741333,0.396712,-0.284658,1.439720,-39.895527,0.885157,26.820908,0.503860,3.190439,-0.012601,0.128959,-0.336855,1.439720,-39.895527,0.885157,26.820908,0.503860,3.190439,-0.012601,0.128959,-0.336855,87.000000,87.000000,87.000000,87.000000,12.000000,12.000000,12.000000,200.000000,200.000000,0.000000,0.000000,0.000000,0.000000,0.000000,0.000000,0.000000,0.000000,0.000000
355,-0.299763,0.367257,0.094507,0.773848,-0.496120,-1.002950,0.059917,-0.099008,-0.058377,0.092064,-2.513638,-0.260439,2.596656,0.814915,0.000134,0.000041,-0.061605,-0.937208,-0.201165,-0.165766,0.215549,-1.620889,-0.899405,-0.002946,0.002734,-4.397784,-6.520732,0.651432,-18.354637,14.013608,17.430416,23.229059,-0.227277,0.228632,-4.160023,-23.912828,-3.006676,6.515894,1.245505,0.521009,0.223528,-0.450700,0.107605,-4.160023,-23.912828,-3.006676,6.515894,1.245505,0.521009,0.223528,-0.450700,0.107605,87.000000,87.000000,87.000000,87.000000,12.000000,12.000000,12.000000,200.000000,200.000000,0.000000,0.000000,0.000000,0.000000,0.000000,0.000000,0.000000,0.000000,0.000000
356,0.065029,0.767393,0.468191,0.779017,-0.319718,-1.013896,0.372374,-0.113193,-0.079872,0.105283,-2.526192,-0.214915,2.558202,0.868098,0.000215,0.000015,-0.234810,-0.537417,0.366072,-0.311825,1.296490,-1.013527,1.225278,0.004499,-0.000581,14.110157,12.641390,-4.872357,-1.222708,-21.565088,16.719431,-27.669874,0.326068,-0.066952,13.091960,-6.168061,9.039934,9.083249,-0.285878,1.556372,-0.126209,-0.178824,-0.113345,13.091960,-6.168061,9.039934,9.083249,-0.285878,1.556372,-0.126209,-0.178824,-0.113345,87.000000,87.000000,87.000000,87.000000,12.000000,12.000000,12.000000,200.000000,200.000000,0.000000,0.000000,0.000000,0.000000,0.000000,0.000000,0.000000,0.000000,0.000000
357,0.052402,0.489139,0.172051,1.093644,-0.283826,-0.583990,0.095765,-0.078736,-0.087796,0.076013,-2.543893,-0.177220,2.625590,0.831441,0.000184,0.000007,0.903054,-0.180237,-0.683027,-0.186610,0.594819,1.788731,-0.844307,-0.001705,0.000451,-14.944406,8.572556,20.080284,17.649662,-29.204699,-30.313280,18.147781,-0.081128,-0.009784,5.124311,-17.844606,3.780704,23.825205,-0.529137,3.236203,-0.113074,-0.414153,-0.061363,5.124311,-17.844606,3.780704,23.825205,-0.529137,3.236203,-0.113074,-0.414153,-0.061363,87.000000,87.000000,87.000000,87.000000,12.000000,12.000000,12.000000,200.000000,200.000000,0.000000,0.000000,0.000000,0.000000,0.000000,0.000000,0.000000,0.000000,0.000000
358,-0.339293,0.571757,0.056884,0.936130,-0.490609,-1.061539,0.237443,-0.081251,-0.089504,0.082256,-2.536413,-0.215481,2.568502,0.844796,0.000091,0.000078,-0.132213,-0.061298,0.180247,0.297881,-0.788998,-1.796995,0.289155,-0.002296,0.002411,0.899832,5.252581,-4.962279,-5.442704,28.217617,28.244596,-6.096664,-0.106262,0.146979,-6.671469,-14.912409,-5.058559,14.317136,1.324167,1.543221,0.070384,-0.214412,-0.071476,-6.671469,-14.912409,-5.058559,14.317136,1.324167,1.543221,0.070384,-0.214412,-0.071476,87.000000,87.000000,87.000000,87.000000,12.000000,12.000000,12.000000,200.000000,200.000000,0.000000,0.000000,0.000000,0.000000,0.000000,0.000000,0.000000,0.000000,0.000000
359,-0.036497,0.487019,0.274957,0.957268,-0.232794,-0.797318,0.278680,0.000000,-0.697268,0.000000,-1.674071,0.000000,3.613857,0.862628,0.039663,0.040000,0.000000,0.000000,0.000000,0.000000,0.000000,0.000000,0.000000,0.000000,0.000000,0.000000,0.000000,0.000000,0.000000,0.000000,0.000000,0.000000,0.000000,0.000000,-1.459900,29.742180,10.998262,-52.583599,-9.311742,-12.000000,1.416922,-79.326645,-80.000000,-1.459900,29.742180,10.998262,-52.583599,-9.311742,-78.041267,1.416922,-79.326645,-80.000000,87.000000,87.000000,87.000000,87.000000,12.000000,12.000000,12.000000,200.000000,200.000000,0.000000,0.000000,0.000000,0.000000,0.000000,0.000000,0.000000,0.000000,0.000000
