Timestep,agent_joint_pos_J1,agent_joint_pos_J2,agent_joint_pos_J3,agent_joint_pos_J4,agent_joint_pos_J5,agent_joint_pos_J6,agent_joint_pos_J7,joint_pos_J1,joint_pos_J2,joint_pos_J3,joint_pos_J4,joint_pos_J5,joint_pos_J6,joint_pos_J7,joint_pos_J8,joint_pos_J9,joint_vel_J1,joint_vel_J2,joint_vel_J3,joint_vel_J4,joint_vel_J5,joint_vel_J6,joint_vel_J7,joint_vel_J8,joint_vel_J9,joint_acc_J1,joint_acc_J2,joint_acc_J3,joint_acc_J4,joint_acc_J5,joint_acc_J6,joint_acc_J7,joint_acc_J8,joint_acc_J9,joint_applied_torque_J1,joint_applied_torque_J2,joint_applied_torque_J3,joint_applied_torque_J4,joint_applied_torque_J5,joint_applied_torque_J6,joint_applied_torque_J7,joint_applied_torque_J8,joint_applied_torque_J9,joint_computed_torque_J1,joint_computed_torque_J2,joint_computed_torque_J3,joint_computed_torque_J4,joint_computed_torque_J5,joint_computed_torque_J6,joint_computed_torque_J7,joint_computed_torque_J8,joint_computed_torque_J9,joint_effort_limits_J1,joint_effort_limits_J2,joint_effort_limits_J3,joint_effort_limits_J4,joint_effort_limits_J5,joint_effort_limits_J6,joint_effort_limits_J7,joint_effort_limits_J8,joint_effort_limits_J9,joint_effort_target_J1,joint_effort_target_J2,joint_effort_target_J3,joint_effort_target_J4,joint_effort_target_J5,joint_effort_target_J6,joint_effort_target_J7,joint_effort_target_J8,joint_effort_target_J9
0,0.986184,4.274963,1.883625,1.292627,0.377853,-1.120256,-0.782948,-0.014908,-0.471301,0.062403,-2.616130,0.074319,2.000088,0.385702,0.032188,0.033076,0.418286,2.210689,2.182078,1.586619,1.939414,1.353232,-0.657281,-0.206433,-0.206253,70.534134,13.308863,-0.337114,19.550156,-22.511120,44.861725,15.015384,0.172267,0.131240,43.506981,87.000000,64.512489,32.740227,3.016633,12.000000,-0.267024,-50.346581,-52.208107,43.506981,158.168182,64.512489,32.740227,3.016633,38.777302,-0.267024,-50.346581,-52.208107,87.000000,87.000000,87.000000,87.000000,12.000000,12.000000,12.000000,200.000000,200.000000,0.000000,0.000000,0.000000,0.000000,0.000000,0.000000,0.000000,0.000000,0.000000
1,0.730094,2.775815,1.433303,1.507194,-0.083280,-1.278389,-1.759582,0.015106,-0.397624,0.134826,-2.555166,0.024431,2.084894,0.298702,0.026011,0.026775,1.364552,2.175567,2.185063,2.148405,-1.651553,2.613345,-2.607227,-0.167479,-0.170819,21.325928,-2.639651,0.238652,4.001727,30.372932,46.354435,0.035348,2.073516,2.045074,25.417246,87.000000,40.740479,34.231831,0.748772,12.000000,-12.000000,-37.416565,-38.771027,25.417246,91.375969,40.740479,34.231831,0.748772,21.154316,-28.044607,-37.416565,-38.771027,87.000000,87.000000,87.000000,87.000000,12.000000,12.000000,12.000000,200.000000,200.000000,0.000000,0.000000,0.000000,0.000000,0.000000,0.000000,0.000000,0.000000,0.000000
2,0.386233,3.140352,0.776642,0.884106,-0.441690,-1.607169,-2.513741,0.055457,-0.325038,0.207399,-2.490837,-0.063570,2.159428,0.211758,0.020741,0.021048,1.252004,2.173412,2.177967,1.934110,-2.627240,1.603490,-2.609174,-0.157237,-0.167199,-3.866815,-0.176082,-0.019011,-7.927615,-0.588055,-36.317417,-0.003247,0.058672,0.542980,7.323400,87.000000,8.668970,4.046722,-5.652895,-0.218100,-12.000000,-30.911999,-30.041584,7.323400,100.292114,8.668970,4.046722,-5.652895,-0.218100,-51.250664,-30.911999,-30.041584,87.000000,87.000000,87.000000,87.000000,12.000000,12.000000,12.000000,200.000000,200.000000,0.000000,0.000000,0.000000,0.000000,0.000000,0.000000,0.000000,0.000000,0.000000
3,-0.089483,2.915340,-0.324601,0.852258,-1.014049,-1.885685,-3.617190,0.147957,-0.252187,0.199384,-2.436496,-0.153720,2.141902,0.124780,0.014761,0.015209,2.846907,2.205366,-1.113755,1.442360,-2.627765,-0.859130,-2.611920,-0.193155,-0.182689,-9.274248,-0.152035,-62.734032,-27.442709,1.589026,5.526749,-0.026851,-1.692450,-0.862738,-23.529991,85.312988,-29.968683,-1.505450,-12.000000,-1.084137,-12.000000,-19.478558,-19.678955,-23.529991,85.312988,-29.968683,-1.505450,-21.164192,-1.084137,-88.426208,-19.478558,-19.678955,87.000000,87.000000,87.000000,87.000000,12.000000,12.000000,12.000000,200.000000,200.000000,0.000000,0.000000,0.000000,0.000000,0.000000,0.000000,0.000000,0.000000,0.000000
4,-0.261524,2.273472,-0.950921,0.839024,-1.378774,-1.850718,-4.416813,0.241025,-0.181042,0.127579,-2.406712,-0.241376,2.133873,0.037699,0.008323,0.009040,2.148129,2.215967,-2.178915,0.836521,-2.612324,-0.191901,-2.611690,-0.167788,-0.166463,-46.804615,-0.223989,-0.035162,-12.710058,-0.373535,6.662548,0.029054,1.752498,1.153609,-38.230934,53.847019,-42.436886,-1.863444,-12.000000,-0.771218,-12.000000,-3.239090,-5.647293,-38.230934,53.847019,-42.436886,-1.863444,-28.932549,-0.771218,-113.442932,-3.239090,-5.647293,87.000000,87.000000,87.000000,87.000000,12.000000,12.000000,12.000000,200.000000,200.000000,0.000000,0.000000,0.000000,0.000000,0.000000,0.000000,0.000000,0.000000,0.000000
5,-0.181663,1.683211,-1.025053,1.085103,-1.550466,-1.551908,-4.974474,0.289311,-0.107006,0.054965,-2.394437,-0.328086,2.194118,-0.049373,0.004288,0.005027,0.963338,2.217296,-2.177682,0.434762,-2.638532,1.497820,-2.610952,-0.084553,-0.090204,-31.040827,-0.434432,-0.070209,-2.138784,-1.448293,-27.065189,0.047278,2.306634,1.546164,-34.773811,24.430174,-39.599430,8.702949,-12.000000,0.044302,-12.000000,0.470631,-1.992124,-34.773811,24.430174,-39.599430,8.702949,-28.852123,0.044302,-128.783203,0.470631,-1.992124,87.000000,87.000000,87.000000,87.000000,12.000000,12.000000,12.000000,200.000000,200.000000,0.000000,0.000000,0.000000,0.000000,0.000000,0.000000,0.000000,0.000000,0.000000
6,-0.007740,1.234262,-0.668172,0.960154,-1.603837,-1.473003,-5.521071,0.306574,-0.033778,-0.016018,-2.390948,-0.416601,2.252688,-0.136371,0.002211,0.002799,0.063550,2.192377,-1.965115,0.127914,-2.647748,1.195034,-2.610158,-0.046176,-0.047241,-29.166840,-0.339146,10.781778,-5.759742,-0.039482,-31.086864,0.013919,1.014167,1.077659,-26.623119,0.686383,-19.646137,4.050421,-12.000000,-0.940996,-12.000000,0.156481,-0.972872,-26.623119,0.686383,-19.646137,4.050421,-23.796263,-0.940996,-143.690857,0.156481,-0.972872,87.000000,87.000000,87.000000,87.000000,12.000000,12.000000,12.000000,200.000000,200.000000,0.000000,0.000000,0.000000,0.000000,0.000000,0.000000,0.000000,0.000000,0.000000
7,0.474448,0.298283,0.443092,1.458989,-1.685799,-0.868339,-6.222602,0.204477,0.021558,0.036693,-2.394575,-0.498597,2.339630,-0.223170,0.001077,0.001609,-2.641317,1.122147,1.603846,-0.000722,-2.499812,2.606648,-2.610971,-0.022811,-0.028673,42.763180,-45.992435,1.742298,1.600260,-0.097647,-0.057592,-2.163191,0.757861,0.239753,12.235884,-41.172005,10.822855,25.102306,-12.000000,12.000000,-12.000000,0.487262,-1.040991,12.235884,-41.172005,10.822855,25.102306,-20.819267,14.104806,-164.953094,0.487262,-1.040991,87.000000,87.000000,87.000000,87.000000,12.000000,12.000000,12.000000,200.000000,200.000000,0.000000,0.000000,0.000000,0.000000,0.000000,0.000000,0.000000,0.000000,0.000000
8,0.286436,0.125650,0.738023,1.154133,-1.815421,-0.710366,-6.795400,0.110033,0.041245,0.108873,-2.407871,-0.582302,2.426741,-0.310178,0.000616,0.000925,-2.646778,0.115136,2.165062,-0.563300,-2.528919,2.608787,-2.610231,-0.010032,-0.014491,16.804102,-27.424088,-0.253658,-13.119459,0.744452,-0.051270,-0.011773,0.225108,0.329696,10.767089,-45.610954,15.016746,14.677598,-12.000000,12.000000,-12.000000,-0.248902,-0.422669,10.767089,-45.610954,15.016746,14.677598,-19.197607,13.451661,-180.762222,-0.248902,-0.422669,87.000000,87.000000,87.000000,87.000000,12.000000,12.000000,12.000000,200.000000,200.000000,0.000000,0.000000,0.000000,0.000000,0.000000,0.000000,0.000000,0.000000,0.000000
9,0.109458,0.171203,0.704041,1.365363,-1.935512,-0.576969,-7.084637,0.029406,0.042398,0.178420,-2.424728,-0.665189,2.513718,-0.397205,0.000383,0.000628,-2.045971,-0.211906,1.807535,-0.375944,-2.503632,2.604309,-2.610749,-0.004948,-0.005096,27.968071,-8.722469,-21.247650,5.445229,-0.032101,-0.038023,0.004606,0.144756,0.205111,9.020844,-41.850346,7.923701,25.040218,-12.000000,11.842822,-12.000000,-0.214702,-0.639670,9.020844,-41.850346,7.923701,25.040218,-17.510992,11.842822,-185.366791,-0.214702,-0.639670,87.000000,87.000000,87.000000,87.000000,12.000000,12.000000,12.000000,200.000000,200.000000,0.000000,0.000000,0.000000,0.000000,0.000000,0.000000,0.000000,0.000000,0.000000
10,0.080704,0.351307,0.750770,1.220130,-1.981121,-0.626366,-7.313400,-0.027680,0.035324,0.231051,-2.438565,-0.750012,2.596491,-0.484213,0.000334,0.000532,-1.207604,-0.404552,1.191679,-0.289580,-2.552141,2.053661,-2.610154,-0.001231,-0.000247,32.516853,-5.743412,-24.765263,4.893397,-1.757970,-33.098198,0.020356,0.068493,0.059557,10.531686,-33.405655,6.931906,20.050600,-12.000000,2.906902,-12.000000,-0.461779,-1.014276,10.531686,-33.405655,6.931906,20.050600,-12.559846,2.906902,-187.557175,-0.461779,-1.014276,87.000000,87.000000,87.000000,87.000000,12.000000,12.000000,12.000000,200.000000,200.000000,0.000000,0.000000,0.000000,0.000000,0.000000,0.000000,0.000000,0.000000,0.000000
11,-0.087876,0.766885,0.512879,1.013890,-2.003189,-0.853113,-7.507989,-0.037103,0.027352,0.244015,-2.445386,-0.837619,2.604973,-0.571212,0.000225,0.000545,-0.113503,-0.267131,0.254063,-0.128741,-2.579831,-0.189360,-2.610085,-0.007180,0.004837,6.831903,4.845355,-5.522244,-1.459317,1.324224,-9.535453,-0.006351,-0.271905,0.190733,0.164682,-15.911625,-0.011946,11.543566,-6.165399,0.457530,-12.000000,-0.410689,-1.157043,0.164682,-15.911625,-0.011946,11.543566,-6.165399,0.457530,-188.382996,-0.410689,-1.157043,87.000000,87.000000,87.000000,87.000000,12.000000,12.000000,12.000000,200.000000,200.000000,0.000000,0.000000,0.000000,0.000000,0.000000,0.000000,0.000000,0.000000,0.000000
12,-0.129212,0.653270,0.324366,1.130725,-1.957051,-0.868464,-7.646751,-0.017389,0.023463,0.227069,-2.451711,-0.912842,2.598273,-0.658220,0.000081,0.000593,0.445101,-0.171257,-0.412902,-0.119363,-1.703056,-0.228134,-2.610023,-0.004075,0.002402,-12.204885,2.972797,9.089684,-1.023906,39.610588,4.163434,0.001931,0.086954,-0.102693,-5.655225,-20.506083,-3.572308,16.716030,1.561981,1.295250,-12.000000,0.269951,-1.576841,-5.655225,-20.506083,-3.572308,16.716030,1.561981,1.295250,-186.972534,0.269951,-1.576841,87.000000,87.000000,87.000000,87.000000,12.000000,12.000000,12.000000,200.000000,200.000000,0.000000,0.000000,0.000000,0.000000,0.000000,0.000000,0.000000,0.000000,0.000000
13,0.018698,0.769826,0.444124,1.020449,-1.961504,-0.823967,-7.848018,-0.009371,0.024496,0.220087,-2.460686,-0.951479,2.604153,-0.745229,0.000056,0.000472,0.173043,0.015532,-0.122229,-0.211369,-0.841177,0.126876,-2.609972,-0.000139,-0.003133,-2.968082,5.448575,4.457635,-0.913088,19.736132,-2.579012,0.001087,0.105912,-0.117742,0.870653,-16.282164,0.733602,13.278214,1.047887,1.264416,-12.000000,0.093761,-0.986491,0.870653,-16.282164,0.733602,13.278214,1.047887,1.264416,-188.062790,0.093761,-0.986491,87.000000,87.000000,87.000000,87.000000,12.000000,12.000000,12.000000,200.000000,200.000000,0.000000,0.000000,0.000000,0.000000,0.000000,0.000000,0.000000,0.000000,0.000000
14,-0.110928,0.639785,0.228642,1.181263,-1.888789,-0.773631,-7.864690,0.010992,0.030599,0.197489,-2.468541,-0.956431,2.619144,-0.832239,0.000088,0.000299,0.411762,0.133627,-0.543070,-0.059076,-0.049630,0.308462,-2.609973,0.000738,-0.004444,-14.269026,3.377965,10.341346,6.844347,2.903388,-8.326481,-0.000401,0.007765,-0.060658,-7.226645,-22.401470,-4.618475,20.380686,1.285230,1.251538,-12.000000,-0.193354,-0.448473,-7.226645,-22.401470,-4.618475,20.380686,1.285230,1.251538,-181.769073,-0.193354,-0.448473,87.000000,87.000000,87.000000,87.000000,12.000000,12.000000,12.000000,200.000000,200.000000,0.000000,0.000000,0.000000,0.000000,0.000000,0.000000,0.000000,0.000000,0.000000
15,-0.108787,0.464096,0.117504,1.190489,-1.836881,-0.685977,-7.812613,0.032760,0.036415,0.165531,-2.473639,-0.944890,2.646821,-0.919252,0.000107,0.000163,0.377854,0.012248,-0.770644,-0.023742,0.261411,0.632639,-2.610114,0.000472,-0.003144,-18.255917,-3.634695,13.120071,4.150568,-7.440481,-14.520982,-0.003877,-0.021891,0.027610,-9.022808,-29.967922,-5.739832,20.912252,1.009636,1.330307,-12.000000,-0.267665,-0.105953,-9.022808,-29.967922,-5.739832,20.912252,1.009636,1.330307,-172.724899,-0.267665,-0.105953,87.000000,87.000000,87.000000,87.000000,12.000000,12.000000,12.000000,200.000000,200.000000,0.000000,0.000000,0.000000,0.000000,0.000000,0.000000,0.000000,0.000000,0.000000
16,0.078601,0.394253,0.451484,1.286208,-1.755085,-0.517439,-7.841365,0.011368,0.039124,0.174452,-2.475263,-0.919508,2.693779,-1.006253,0.000088,0.000130,-0.556688,-0.072443,0.257490,0.170854,0.565340,1.149642,-2.609955,0.000515,-0.000578,11.337976,-3.132806,-5.867783,10.245911,-15.682002,-22.290407,-0.008140,0.015298,0.005098,4.373386,-32.720325,3.072893,24.700993,0.968832,2.504312,-12.000000,-0.181466,-0.243771,4.373386,-32.720325,3.072893,24.700993,0.968832,2.504312,-166.915527,-0.181466,-0.243771,87.000000,87.000000,87.000000,87.000000,12.000000,12.000000,12.000000,200.000000,200.000000,0.000000,0.000000,0.000000,0.000000,0.000000,0.000000,0.000000,0.000000,0.000000
17,-0.010766,0.685804,0.381283,0.977803,-1.761787,-0.729419,-7.926195,-0.000030,0.039413,0.180197,-2.470994,-0.904652,2.682465,-1.093282,0.000129,0.000083,-0.241955,-0.098025,0.088442,0.133448,0.381200,-0.573969,-2.609934,-0.000365,0.000498,4.964200,0.277016,-5.077849,-5.178907,-3.759942,0.360689,0.015836,-0.011178,0.011902,0.518620,-20.822895,0.292411,11.244740,0.711292,0.762246,-12.000000,-0.243337,-0.208153,0.518620,-20.822895,0.292411,11.244740,0.711292,0.762246,-163.344971,-0.243337,-0.208153,87.000000,87.000000,87.000000,87.000000,12.000000,12.000000,12.000000,200.000000,200.000000,0.000000,0.000000,0.000000,0.000000,0.000000,0.000000,0.000000,0.000000,0.000000
18,0.010064,0.470061,0.448819,1.257128,-1.677095,-0.650525,-7.948630,-0.013461,0.039321,0.188636,-2.467355,-0.879126,2.681310,-1.180284,0.000108,0.000089,-0.325060,-0.123997,0.202463,0.281751,0.595632,-0.002426,-2.609858,-0.000314,0.000196,6.646675,-1.042655,-4.783344,6.748549,-13.537734,1.891680,-0.006766,-0.011792,-0.027345,2.735031,-29.449575,2.036619,22.409105,0.910403,2.625709,-12.000000,-0.215744,-0.253483,2.735031,-29.449575,2.036619,22.409105,0.910403,2.625709,-157.283829,-0.215744,-0.253483,87.000000,87.000000,87.000000,87.000000,12.000000,12.000000,12.000000,200.000000,200.000000,0.000000,0.000000,0.000000,0.000000,0.000000,0.000000,0.000000,0.000000,0.000000
19,-0.023504,0.587973,0.477950,0.985513,-1.545807,-0.778284,-7.867614,-0.027703,0.035941,0.201768,-2.465433,-0.832143,2.659892,-1.266885,0.000125,0.000061,-0.307789,-0.253001,0.290867,0.030081,1.193351,-0.696795,-2.533902,-0.000137,-0.000368,8.045459,-2.621410,-7.806871,-6.197274,-22.025341,6.820800,4.576306,0.006795,-0.058063,2.572390,-24.212336,1.738204,11.322756,0.346275,1.330605,-12.000000,-0.225890,-0.210408,2.572390,-24.212336,1.738204,11.322756,0.346275,1.330605,-147.079697,-0.225890,-0.210408,87.000000,87.000000,87.000000,87.000000,12.000000,12.000000,12.000000,200.000000,200.000000,0.000000,0.000000,0.000000,0.000000,0.000000,0.000000,0.000000,0.000000,0.000000
20,-0.007245,0.530747,0.506397,1.220329,-1.449280,-0.694535,-7.866210,-0.037086,0.032140,0.210730,-2.465388,-0.784820,2.658938,-1.353880,0.000110,0.000068,-0.202120,-0.193281,0.224219,0.187363,1.066316,0.005524,-2.609917,-0.000068,0.000144,5.971863,1.513760,-3.556540,7.518705,-25.589632,1.793682,-0.009813,-0.014383,0.006233,3.564637,-26.119835,2.586658,21.071720,0.522846,2.641066,-12.000000,-0.239828,-0.142184,3.564637,-26.119835,2.586658,21.071720,0.522846,2.641066,-140.099075,-0.239828,-0.142184,87.000000,87.000000,87.000000,87.000000,12.000000,12.000000,12.000000,200.000000,200.000000,0.000000,0.000000,0.000000,0.000000,0.000000,0.000000,0.000000,0.000000,0.000000
21,0.059860,0.724524,0.649462,0.915748,-1.354598,-0.893860,-7.928890,-0.051974,0.029014,0.232991,-2.464179,-0.735100,2.621889,-1.440107,0.000135,0.000047,-0.251408,-0.173954,0.546626,0.004999,1.231233,-1.121057,-2.466396,0.000276,-0.000247,13.242009,1.821554,-9.711416,-7.242561,-23.140646,14.795143,7.978906,0.051803,-0.072005,7.996081,-18.155619,5.308251,8.437464,0.058816,1.341353,-12.000000,-0.205924,-0.205086,7.996081,-18.155619,5.308251,8.437464,0.058816,1.341353,-135.687485,-0.205924,-0.205086,87.000000,87.000000,87.000000,87.000000,12.000000,12.000000,12.000000,200.000000,200.000000,0.000000,0.000000,0.000000,0.000000,0.000000,0.000000,0.000000,0.000000,0.000000
22,-0.009581,0.529523,0.558698,1.290298,-1.300681,-0.727735,-7.893840,-0.050293,0.029092,0.239800,-2.463952,-0.697973,2.627489,-1.527094,0.000124,0.000069,0.090881,-0.053998,0.197089,0.244484,0.766465,0.249343,-2.610126,0.000159,0.000729,2.684738,2.733524,0.035596,10.770928,-22.044003,0.725034,-0.025649,-0.061474,0.074880,3.556517,-26.227442,2.632682,23.784813,0.497985,3.148637,-12.000000,-0.366439,-0.065952,3.556517,-26.227442,2.632682,23.784813,0.497985,3.148637,-127.347832,-0.366439,-0.065952,87.000000,87.000000,87.000000,87.000000,12.000000,12.000000,12.000000,200.000000,200.000000,0.000000,0.000000,0.000000,0.000000,0.000000,0.000000,0.000000,0.000000,0.000000
23,-0.003667,0.672988,0.588203,0.976028,-1.183840,-0.871227,-7.844778,-0.048165,0.029802,0.250922,-2.461606,-0.650458,2.610626,-1.613639,0.000139,0.000056,0.130539,-0.085234,0.297547,0.061847,1.199784,-0.617270,-2.521286,0.000652,-0.000814,4.288362,0.018606,-3.160661,-5.675117,-22.544989,5.191783,5.346465,0.054046,-0.127148,3.617568,-20.619791,2.466193,10.576681,0.223610,1.276541,-12.000000,-0.240394,-0.279452,3.617568,-20.619791,2.466193,10.576681,0.223610,1.276541,-118.420212,-0.240394,-0.279452,87.000000,87.000000,87.000000,87.000000,12.000000,12.000000,12.000000,200.000000,200.000000,0.000000,0.000000,0.000000,0.000000,0.000000,0.000000,0.000000,0.000000,0.000000
24,-0.068151,0.496046,0.393089,1.249554,-1.158820,-0.792976,-7.835073,-0.022680,0.030317,0.236603,-2.460217,-0.620007,2.610786,-1.700662,0.000153,0.000053,0.606151,-0.094968,-0.314317,0.206382,0.631940,0.003134,-2.610812,0.000429,0.000534,-12.322461,-0.549655,9.795516,5.578294,-17.228092,1.422040,-0.011559,-0.056188,0.077762,-3.227823,-27.743332,-1.811970,21.660709,0.567259,2.567143,-12.000000,-0.435835,-0.017506,-3.227823,-27.743332,-1.811970,21.660709,0.567259,2.567143,-111.108810,-0.435835,-0.017506,87.000000,87.000000,87.000000,87.000000,12.000000,12.000000,12.000000,200.000000,200.000000,0.000000,0.000000,0.000000,0.000000,0.000000,0.000000,0.000000,0.000000,0.000000
25,-0.162779,0.489154,0.199015,1.098866,-1.058569,-0.825195,-7.746539,0.008910,0.027144,0.210246,-2.460133,-0.581715,2.610899,-1.787715,0.000161,0.000042,0.662998,-0.270051,-0.624872,0.026640,0.942604,-0.133029,-2.611493,0.000500,-0.000598,-20.057457,-4.376961,12.313327,-3.249669,-19.387674,-2.249232,0.003633,-0.009196,-0.063188,-10.133695,-27.519079,-6.491968,15.599608,0.580734,1.407576,-12.000000,-0.379257,-0.161110,-10.133695,-27.519079,-6.491968,15.599608,0.580734,1.407576,-100.600304,-0.379257,-0.161110,87.000000,87.000000,87.000000,87.000000,12.000000,12.000000,12.000000,200.000000,200.000000,0.000000,0.000000,0.000000,0.000000,0.000000,0.000000,0.000000,0.000000,0.000000
26,-0.054977,0.590002,0.315236,1.062037,-0.921668,-0.925724,-7.739545,0.018553,0.020795,0.201825,-2.463018,-0.528700,2.587284,-1.874692,0.000163,0.000021,0.168187,-0.288415,-0.190453,-0.031614,1.333596,-0.756188,-2.596585,0.000515,-0.000931,-6.909567,0.490655,2.430547,-1.715308,-25.273932,9.261868,0.866876,0.026938,-0.068567,-4.520080,-22.652588,-2.896862,14.600841,0.443087,1.591218,-12.000000,-0.329676,-0.097255,-4.520080,-22.652588,-2.896862,14.600841,0.443087,1.591218,-93.358498,-0.329676,-0.097255,87.000000,87.000000,87.000000,87.000000,12.000000,12.000000,12.000000,200.000000,200.000000,0.000000,0.000000,0.000000,0.000000,0.000000,0.000000,0.000000,0.000000,0.000000
27,0.057704,0.448286,0.491658,1.156848,-0.877009,-0.862734,-7.804283,0.008479,0.013493,0.211333,-2.467989,-0.487382,2.581810,-1.961697,0.000153,0.000030,-0.246463,-0.343663,0.243668,-0.035768,0.910101,-0.157232,-2.610760,0.000086,0.000307,5.897489,-1.572908,-4.985422,2.338228,-23.012468,3.462882,-0.218511,-0.036204,0.045674,2.627879,-27.708965,1.818048,19.027668,0.150670,2.662192,-12.000000,-0.383191,-0.003068,2.627879,-27.708965,1.818048,19.027668,0.150670,2.662192,-89.008110,-0.383191,-0.003068,87.000000,87.000000,87.000000,87.000000,12.000000,12.000000,12.000000,200.000000,200.000000,0.000000,0.000000,0.000000,0.000000,0.000000,0.000000,0.000000,0.000000,0.000000
28,-0.045060,0.544619,0.378712,1.143524,-0.760707,-0.866863,-7.705647,0.008207,0.006193,0.210739,-2.471550,-0.440981,2.581573,-2.048726,0.000143,0.000042,-0.019888,-0.286602,-0.035774,0.045043,1.130330,-0.126695,-2.611168,0.000185,-0.000118,-1.699188,2.079565,-0.383635,4.525333,-23.553713,-0.978810,-0.001116,-0.016216,-0.026358,-2.498868,-23.216499,-1.640941,18.687649,0.484956,2.169719,-12.000000,-0.337726,-0.119770,-2.498868,-23.216499,-1.640941,18.687649,0.484956,2.169719,-78.084747,-0.337726,-0.119770,87.000000,87.000000,87.000000,87.000000,12.000000,12.000000,12.000000,200.000000,200.000000,0.000000,0.000000,0.000000,0.000000,0.000000,0.000000,0.000000,0.000000,0.000000
29,-0.027399,0.485407,0.320952,1.169606,-0.730648,-0.890184,-7.687922,0.016351,-0.000117,0.199405,-2.470694,-0.408343,2.575391,-2.135766,0.000144,0.000043,0.149144,-0.283876,-0.285723,0.160984,0.749643,-0.270049,-2.611223,0.000442,-0.000039,-7.349558,0.278193,4.618412,2.818914,-16.592827,3.035082,0.001788,0.008616,-0.010069,-3.221080,-25.191048,-2.089369,19.253616,0.477731,2.350307,-12.000000,-0.316052,-0.099480,-3.221080,-25.191048,-2.089369,19.253616,0.477731,2.350307,-70.412140,-0.316052,-0.099480,87.000000,87.000000,87.000000,87.000000,12.000000,12.000000,12.000000,200.000000,200.000000,0.000000,0.000000,0.000000,0.000000,0.000000,0.000000,0.000000,0.000000,0.000000
30,0.104100,0.719877,0.582159,1.012099,-0.556557,-1.014728,-7.668866,-0.002219,-0.003643,0.218449,-2.468534,-0.350113,2.547278,-2.222757,0.000121,0.000058,-0.400755,-0.109907,0.476924,0.143386,1.520671,-0.876715,-2.610361,0.000614,-0.000775,12.689480,6.083099,-9.589561,-0.840163,-26.977507,12.210252,-0.011058,0.048227,-0.092526,6.141483,-15.665755,3.982530,12.618355,0.156826,1.749390,-12.000000,-0.226249,-0.210100,6.141483,-15.665755,3.982530,12.618355,0.156826,1.749390,-62.693371,-0.226249,-0.210100,87.000000,87.000000,87.000000,87.000000,12.000000,12.000000,12.000000,200.000000,200.000000,0.000000,0.000000,0.000000,0.000000,0.000000,0.000000,0.000000,0.000000,0.000000
31,-0.011185,0.500272,0.435596,1.217409,-0.521462,-0.945625,-7.643850,-0.002377,-0.003037,0.219986,-2.465705,-0.309035,2.540512,-2.309786,0.000139,0.000047,0.009066,-0.056157,0.015990,0.248219,0.896384,-0.191295,-2.611417,0.000593,-0.000012,-0.456371,1.240993,-0.440184,4.769910,-22.762661,4.880467,-0.000072,-0.065041,0.071184,-0.304613,-24.917561,-0.245595,20.639740,0.137497,2.846774,-12.000000,-0.441276,0.029197,-0.304613,-24.917561,-0.245595,20.639740,0.137497,2.846774,-54.726852,-0.441276,0.029197,87.000000,87.000000,87.000000,87.000000,12.000000,12.000000,12.000000,200.000000,200.000000,0.000000,0.000000,0.000000,0.000000,0.000000,0.000000,0.000000,0.000000,0.000000
32,-0.054788,0.639381,0.340135,1.109713,-0.412531,-0.987994,-7.508408,0.006816,-0.000176,0.210823,-2.460915,-0.263990,2.533545,-2.396807,0.000133,0.000056,0.188790,0.036562,-0.233192,0.246906,1.124223,-0.320308,-2.611466,0.000680,-0.000492,-6.867171,2.972826,3.760004,0.680745,-22.119591,2.524111,-0.003662,0.004071,-0.041558,-3.629189,-19.731434,-2.425200,15.719287,0.338470,1.905344,-12.000000,-0.323109,-0.143970,-3.629189,-19.731434,-2.425200,15.719287,0.338470,1.905344,-42.347385,-0.323109,-0.143970,87.000000,87.000000,87.000000,87.000000,12.000000,12.000000,12.000000,200.000000,200.000000,0.000000,0.000000,0.000000,0.000000,0.000000,0.000000,0.000000,0.000000,0.000000
33,0.058631,0.481935,0.538411,1.154218,-0.326374,-0.963488,-7.495699,-0.004904,0.002809,0.222925,-2.457972,-0.217564,2.532407,-2.483814,0.000118,0.000069,-0.265845,-0.035158,0.304881,0.174773,1.108405,-0.146959,-2.610996,0.000272,0.000010,7.953625,-1.846596,-6.272930,-0.158660,-24.208372,0.162800,-0.000157,-0.023009,0.009305,3.908784,-26.351948,2.524999,17.406919,-0.016742,2.391273,-12.000000,-0.311553,-0.117827,3.908784,-26.351948,2.524999,17.406919,-0.016742,2.391273,-34.879608,-0.311553,-0.117827,87.000000,87.000000,87.000000,87.000000,12.000000,12.000000,12.000000,200.000000,200.000000,0.000000,0.000000,0.000000,0.000000,0.000000,0.000000,0.000000,0.000000,0.000000
34,-0.028093,0.660414,0.367312,1.104132,-0.324244,-1.020051,-7.434370,0.004276,0.006643,0.213901,-2.453879,-0.193032,2.521809,-2.570834,0.000129,0.000069,0.205973,0.064841,-0.233754,0.204763,0.562410,-0.398759,-2.611084,0.001347,-0.000474,-6.479684,2.837661,4.450100,-1.198673,-12.264854,5.548440,0.001717,0.049120,-0.035424,-2.380415,-19.518633,-1.545022,14.937007,0.236128,1.958161,-12.000000,-0.288234,-0.158861,-2.380415,-19.518633,-1.545022,14.937007,0.236128,1.958161,-25.464363,-0.288234,-0.158861,87.000000,87.000000,87.000000,87.000000,12.000000,12.000000,12.000000,200.000000,200.000000,0.000000,0.000000,0.000000,0.000000,0.000000,0.000000,0.000000,0.000000,0.000000
35,0.020409,0.362814,0.479478,1.243123,-0.187399,-0.942004,-7.358154,-0.001394,0.008742,0.219756,-2.453609,-0.149056,2.528771,-2.657842,0.000115,0.000078,-0.142247,-0.106861,0.148530,0.122856,1.100685,0.053280,-2.611164,-0.000100,0.000056,3.556672,-4.655056,-3.560261,2.113666,-22.995628,-4.517514,-0.000215,-0.099151,0.038736,1.520308,-31.559925,0.993080,20.881979,0.151625,2.746172,-12.000000,-0.413366,-0.091441,1.520308,-31.559925,0.993080,20.881979,0.151625,2.746172,-15.455055,-0.413366,-0.091441,87.000000,87.000000,87.000000,87.000000,12.000000,12.000000,12.000000,200.000000,200.000000,0.000000,0.000000,0.000000,0.000000,0.000000,0.000000,0.000000,0.000000,0.000000
36,-0.006916,0.485653,0.495192,1.126701,-0.137952,-0.954233,-7.290984,-0.009195,0.006720,0.228241,-2.454573,-0.112250,2.533898,-2.744847,0.000091,0.000100,-0.178731,-0.192523,0.195003,0.039101,0.864857,-0.032664,-2.610806,0.000237,0.000169,4.318379,-2.254740,-4.525109,-1.509675,-19.332785,-3.413820,0.001974,0.010250,-0.013155,1.191860,-26.120049,0.763825,16.318304,0.013724,2.139150,-5.808626,-0.204774,-0.225955,1.191860,-26.120049,0.763825,16.318304,0.013724,2.139150,-5.808626,-0.204774,-0.225955,87.000000,87.000000,87.000000,87.000000,12.000000,12.000000,12.000000,200.000000,200.000000,0.000000,0.000000,0.000000,0.000000,0.000000,0.000000,0.000000,0.000000,0.000000
37,0.012669,0.473301,0.516445,1.191937,-0.092885,-0.962817,-7.218731,-0.013816,0.002911,0.234426,-2.455347,-0.083736,2.532568,-2.804648,0.000082,0.000100,-0.090261,-0.218822,0.148221,0.098313,0.698879,-0.183403,-1.294375,0.000535,-0.000858,3.330781,-0.573286,-2.561851,1.650698,-13.886654,0.471062,30.375978,-0.008411,-0.056991,2.051295,-26.143997,1.357597,19.010904,0.290196,2.527559,0.113143,-0.238208,-0.230440,2.051295,-26.143997,1.357597,19.010904,0.290196,2.527559,0.113143,-0.238208,-0.230440,87.000000,87.000000,87.000000,87.000000,12.000000,12.000000,12.000000,200.000000,200.000000,0.000000,0.000000,0.000000,0.000000,0.000000,0.000000,0.000000,0.000000,0.000000
38,-0.004095,0.652868,0.438910,1.012166,-0.035364,-1.136457,-7.276791,-0.006137,-0.000844,0.229024,-2.455034,-0.055419,2.497924,-2.849289,0.000076,0.000094,0.183991,-0.180178,-0.129739,0.011400,0.768956,-1.070012,-0.975976,0.001706,-0.001434,-4.190632,1.927745,3.191058,-6.824710,-11.084672,15.817514,23.207043,0.067466,-0.038220,-0.397117,-18.622696,-0.239243,11.541941,0.312198,1.583842,0.100891,-0.179935,-0.138724,-0.397117,-18.622696,-0.239243,11.541941,0.312198,1.583842,0.100891,-0.179935,-0.138724,87.000000,87.000000,87.000000,87.000000,12.000000,12.000000,12.000000,200.000000,200.000000,0.000000,0.000000,0.000000,0.000000,0.000000,0.000000,0.000000,0.000000,0.000000
39,0.078381,0.615139,0.499556,1.195975,-0.024519,-1.059106,-7.267545,-0.001301,-0.000235,0.227313,-2.456878,-0.036075,2.488489,-2.870332,0.000089,0.000074,0.131233,0.007629,-0.009170,0.115208,0.421665,-0.257875,-0.459919,0.000547,-0.000651,-0.368921,5.158911,2.429082,5.028039,-11.728664,6.537194,10.489310,-0.039035,0.028606,2.873861,-20.496187,1.959196,19.439362,0.057046,2.770793,0.044420,-0.300384,-0.043925,2.873861,-20.496187,1.959196,19.439362,0.057046,2.770793,0.044420,-0.300384,-0.043925,87.000000,87.000000,87.000000,87.000000,12.000000,12.000000,12.000000,200.000000,200.000000,0.000000,0.000000,0.000000,0.000000,0.000000,0.000000,0.000000,0.000000,0.000000
40,-0.017174,0.553415,0.452070,1.155976,0.060233,-1.080233,-7.140415,0.000396,0.003252,0.230111,-2.456724,-0.008414,2.482485,-2.850985,0.000091,0.000080,0.043631,0.020038,0.073290,0.108406,0.756474,-0.302149,0.440506,0.001319,-0.000517,0.039786,0.657162,-1.218402,0.665840,-13.165221,1.795773,-10.166940,0.036875,0.010181,-0.823119,-23.534096,-0.594957,17.597752,0.282613,2.235791,-0.005986,-0.230351,-0.091657,-0.823119,-23.534096,-0.594957,17.597752,0.282613,2.235791,-0.005986,-0.230351,-0.091657,87.000000,87.000000,87.000000,87.000000,12.000000,12.000000,12.000000,200.000000,200.000000,0.000000,0.000000,0.000000,0.000000,0.000000,0.000000,0.000000,0.000000,0.000000
41,-0.165627,0.534346,0.108559,1.134024,0.000056,-1.113353,-7.091717,0.032664,0.006210,0.195383,-2.456132,-0.007002,2.471622,-2.828713,0.000106,0.000063,0.653860,-0.031438,-0.870063,0.066760,0.002500,-0.382068,0.472628,0.000480,-0.000491,-23.909071,-1.611540,15.278559,-3.228424,-1.318030,6.183947,-11.492891,-0.037551,0.025343,-12.344528,-24.525043,-8.092705,16.561016,0.428777,2.255458,-0.005051,-0.324124,-0.039312,-12.344528,-24.525043,-8.092705,16.561016,0.428777,2.255458,-0.005051,-0.324124,-0.039312,87.000000,87.000000,87.000000,87.000000,12.000000,12.000000,12.000000,200.000000,200.000000,0.000000,0.000000,0.000000,0.000000,0.000000,0.000000,0.000000,0.000000,0.000000
42,0.079293,0.389850,0.426743,1.300196,-0.004048,-0.925107,-7.137095,0.026248,0.007828,0.195671,-2.458577,-0.006322,2.503422,-2.828053,0.000104,0.000058,-0.206531,-0.068267,0.036373,0.125795,-0.047985,0.742170,0.001474,0.000178,-0.000242,2.890906,-1.500041,-1.710307,7.700277,-4.139220,-14.334615,-0.626754,0.008860,-0.010172,1.795863,-30.327032,1.216502,23.872150,0.167720,3.085127,0.008549,-0.223331,-0.104895,1.795863,-30.327032,1.216502,23.872150,0.167720,3.085127,0.008549,-0.223331,-0.104895,87.000000,87.000000,87.000000,87.000000,12.000000,12.000000,12.000000,200.000000,200.000000,0.000000,0.000000,0.000000,0.000000,0.000000,0.000000,0.000000,0.000000,0.000000
43,-0.071438,0.420129,0.266952,1.155698,-0.045977,-0.995060,-7.088002,0.026957,0.005810,0.186517,-2.456748,-0.018346,2.512179,-2.816093,0.000097,0.000063,-0.054594,-0.228508,-0.259693,0.106154,-0.232284,-0.004052,0.253846,0.000463,-0.000384,-5.425333,-4.519906,1.841733,-3.097255,7.377211,-5.317357,-6.114952,0.008047,-0.005010,-5.170787,-28.701288,-3.448621,17.382874,0.629127,2.062820,0.027205,-0.231612,-0.092739,-5.170787,-28.701288,-3.448621,17.382874,0.629127,2.062820,0.027205,-0.231612,-0.092739,87.000000,87.000000,87.000000,87.000000,12.000000,12.000000,12.000000,200.000000,200.000000,0.000000,0.000000,0.000000,0.000000,0.000000,0.000000,0.000000,0.000000,0.000000
44,0.085339,0.446205,0.543630,1.162622,-0.041160,-0.998052,-7.095643,0.001531,0.000127,0.204219,-2.456923,-0.021838,2.514147,-2.811616,0.000080,0.000078,-0.601093,-0.292396,0.425325,0.078928,-0.027457,-0.105262,0.090309,0.000256,-0.000219,13.848856,-1.692731,-10.193192,-0.635322,2.111484,-1.419299,-2.226394,0.007665,-0.008946,5.695055,-26.873579,3.683476,17.885496,0.254154,2.282624,0.023900,-0.183758,-0.140081,5.695055,-26.873579,3.683476,17.885496,0.254154,2.282624,0.023900,-0.183758,-0.140081,87.000000,87.000000,87.000000,87.000000,12.000000,12.000000,12.000000,200.000000,200.000000,0.000000,0.000000,0.000000,0.000000,0.000000,0.000000,0.000000,0.000000,0.000000
45,0.073194,0.701668,0.625444,1.060827,0.004339,-1.127943,-7.173026,-0.024049,-0.003501,0.227772,-2.455091,-0.013297,2.489177,-2.827777,0.000061,0.000096,-0.537056,-0.115201,0.555611,0.130890,0.314214,-0.818139,-0.363493,0.000714,-0.000567,16.184652,5.628610,-11.130702,-2.099771,-1.399834,11.567125,8.767021,0.023235,-0.018987,7.219717,-16.421074,4.670726,13.443643,0.293052,1.716082,0.065269,-0.151686,-0.167685,7.219717,-16.421074,4.670726,13.443643,0.293052,1.716082,0.065269,-0.151686,-0.167685,87.000000,87.000000,87.000000,87.000000,12.000000,12.000000,12.000000,200.000000,200.000000,0.000000,0.000000,0.000000,0.000000,0.000000,0.000000,0.000000,0.000000,0.000000
46,0.100139,0.552250,0.702699,1.167222,0.035477,-1.100321,-7.218369,-0.042453,-0.002942,0.250991,-2.454403,0.000563,2.476411,-2.847149,0.000062,0.000096,-0.333148,-0.042671,0.569113,0.132467,0.344428,-0.395072,-0.429251,0.000662,-0.000524,14.934623,2.077551,-8.908088,0.978804,-7.655532,7.216905,9.941602,-0.002186,0.003353,9.154313,-22.838373,5.996047,17.812841,-0.027588,2.487649,0.043656,-0.191313,-0.135398,9.154313,-22.838373,5.996047,17.812841,-0.027588,2.487649,0.043656,-0.191313,-0.135398,87.000000,87.000000,87.000000,87.000000,12.000000,12.000000,12.000000,200.000000,200.000000,0.000000,0.000000,0.000000,0.000000,0.000000,0.000000,0.000000,0.000000,0.000000
47,-0.068599,0.538612,0.443023,1.175395,0.016518,-1.050149,-7.096907,-0.029071,-0.000676,0.244464,-2.454098,0.001939,2.481562,-2.828346,0.000081,0.000079,0.342549,-0.017143,-0.162281,0.116777,0.027215,0.046131,0.415490,0.000722,-0.000653,-6.342036,0.437981,5.072973,1.016479,-2.344882,-1.867060,-10.079902,-0.011682,0.009388,-1.687232,-23.726160,-1.113877,18.159218,0.245943,2.392403,-0.007484,-0.246794,-0.083638,-1.687232,-23.726160,-1.113877,18.159218,0.245943,2.392403,-0.007484,-0.246794,-0.083638,87.000000,87.000000,87.000000,87.000000,12.000000,12.000000,12.000000,200.000000,200.000000,0.000000,0.000000,0.000000,0.000000,0.000000,0.000000,0.000000,0.000000,0.000000
48,0.051193,0.644362,0.586819,1.150377,0.018991,-1.050068,-7.108863,-0.027218,0.004285,0.250924,-2.452217,0.003103,2.486964,-2.821087,0.000071,0.000085,0.089453,0.113728,0.204807,0.184678,0.061306,-0.016602,0.148639,0.000353,-0.000337,3.857650,3.648350,-0.748720,1.882790,-0.569752,-2.647426,-3.665547,0.002065,-0.001525,4.216441,-20.057680,2.806719,16.879082,0.269964,2.075679,0.014365,-0.182692,-0.133564,4.216441,-20.057680,2.806719,16.879082,0.269964,2.075679,0.014365,-0.182692,-0.133564,87.000000,87.000000,87.000000,87.000000,12.000000,12.000000,12.000000,200.000000,200.000000,0.000000,0.000000,0.000000,0.000000,0.000000,0.000000,0.000000,0.000000,0.000000
49,-0.090883,0.549645,0.311317,1.147831,-0.027552,-1.110491,-7.160557,0.000063,0.010269,0.230157,-2.448445,-0.008228,2.475989,-2.829677,0.000089,0.000072,0.618727,0.057616,-0.495447,0.155887,-0.246989,-0.429726,-0.207216,0.001203,-0.000903,-15.443100,-1.744136,11.260383,-3.969789,6.703149,5.843153,4.660514,0.024394,-0.010804,-6.165670,-24.482767,-3.995814,16.219112,0.553131,2.121647,0.060940,-0.234464,-0.087088,-6.165670,-24.482767,-3.995814,16.219112,0.553131,2.121647,0.060940,-0.234464,-0.087088,87.000000,87.000000,87.000000,87.000000,12.000000,12.000000,12.000000,200.000000,200.000000,0.000000,0.000000,0.000000,0.000000,0.000000,0.000000,0.000000,0.000000,0.000000
50,-0.131590,0.585521,0.178089,1.143223,-0.004297,-1.100384,-7.072211,0.028169,0.015061,0.202227,-2.448639,-0.010378,2.471580,-2.813441,0.000097,0.000064,0.562104,0.043690,-0.666705,0.053586,0.026829,-0.225639,0.361152,0.000600,-0.000506,-19.074442,-0.263923,12.239717,-1.962729,1.260347,1.743957,-8.495818,-0.022566,0.022076,-10.099865,-23.308743,-6.577700,16.438160,0.619029,2.104789,0.024814,-0.290045,-0.042315,-10.099865,-23.308743,-6.577700,16.438160,0.619029,2.104789,0.024814,-0.290045,-0.042315,87.000000,87.000000,87.000000,87.000000,12.000000,12.000000,12.000000,200.000000,200.000000,0.000000,0.000000,0.000000,0.000000,0.000000,0.000000,0.000000,0.000000,0.000000
51,-0.037403,0.303319,0.298489,1.277372,-0.025210,-0.964611,-7.060484,0.031899,0.015908,0.192921,-2.452914,-0.013930,2.495508,-2.801816,0.000108,0.000054,-0.004741,-0.171532,-0.220606,-0.010140,-0.125474,0.511757,0.244626,0.000554,-0.000465,-5.409704,-6.432881,2.010798,2.432609,-1.192876,-11.380122,-6.269981,0.010165,-0.007650,-4.335894,-34.440636,-2.796165,22.568514,0.309645,2.916116,0.001108,-0.252494,-0.075506,-4.335894,-34.440636,-2.796165,22.568514,0.309645,2.916116,0.001108,-0.252494,-0.075506,87.000000,87.000000,87.000000,87.000000,12.000000,12.000000,12.000000,200.000000,200.000000,0.000000,0.000000,0.000000,0.000000,0.000000,0.000000,0.000000,0.000000,0.000000
52,0.036243,0.362346,0.434868,1.250201,-0.044198,-0.896242,-7.126060,0.018647,0.011358,0.199096,-2.456272,-0.020534,2.526736,-2.811397,0.000096,0.000066,-0.347376,-0.289125,0.140962,0.048031,-0.172125,0.612531,-0.225744,-0.000165,0.000294,5.396651,-3.603992,-4.763968,3.938999,2.025213,-15.642806,4.867826,-0.023386,0.028675,1.202233,-31.240570,0.811558,21.683502,0.393430,2.627455,0.039410,-0.239166,-0.086933,1.202233,-31.240570,0.811558,21.683502,0.393430,2.627455,0.039410,-0.239166,-0.086933,87.000000,87.000000,87.000000,87.000000,12.000000,12.000000,12.000000,200.000000,200.000000,0.000000,0.000000,0.000000,0.000000,0.000000,0.000000,0.000000,0.000000,0.000000
53,0.093689,0.437916,0.628308,1.082614,-0.012587,-1.028283,-7.207838,-0.010519,0.001890,0.224840,-2.457885,-0.016652,2.518979,-2.836051,0.000064,0.000095,-0.648278,-0.440592,0.612774,-0.030572,0.206234,-0.459199,-0.548377,0.000496,-0.000407,17.417589,-3.703753,-13.199804,-5.476884,1.088643,1.686889,13.069217,0.036426,-0.036950,7.324878,-27.066433,4.746974,14.779327,0.315845,1.789381,0.074773,-0.121926,-0.205426,7.324878,-27.066433,4.746974,14.779327,0.315845,1.789381,0.074773,-0.121926,-0.205426,87.000000,87.000000,87.000000,87.000000,12.000000,12.000000,12.000000,200.000000,200.000000,0.000000,0.000000,0.000000,0.000000,0.000000,0.000000,0.000000,0.000000,0.000000
54,0.019961,0.527238,0.500044,1.133877,-0.034585,-1.066395,-7.213094,-0.014730,-0.008710,0.228434,-2.460413,-0.019147,2.501462,-2.850275,0.000073,0.000086,-0.064554,-0.383194,0.068643,0.018593,-0.035737,-0.547885,-0.318857,0.000898,-0.000781,2.425091,1.852578,-0.675858,-0.396457,1.697786,9.295689,7.337191,0.006926,-0.003680,2.293334,-22.482552,1.504417,17.186415,0.298293,2.358373,0.059615,-0.212810,-0.109666,2.293334,-22.482552,1.504417,17.186415,0.298293,2.358373,0.059615,-0.212810,-0.109666,87.000000,87.000000,87.000000,87.000000,12.000000,12.000000,12.000000,200.000000,200.000000,0.000000,0.000000,0.000000,0.000000,0.000000,0.000000,0.000000,0.000000,0.000000
55,0.070575,0.563745,0.544100,1.144325,-0.006606,-1.061157,-7.250202,-0.016218,-0.016190,0.232509,-2.462417,-0.014262,2.492973,-2.866595,0.000072,0.000086,0.005160,-0.256845,0.120153,0.071565,0.159583,-0.316006,-0.361787,0.000629,-0.000529,3.434106,3.787697,-0.186924,2.167805,-2.460669,4.579108,8.422186,-0.002822,0.004699,4.306835,-20.652121,2.833553,17.766970,0.269093,2.362717,0.058670,-0.211284,-0.111445,4.306835,-20.652121,2.833553,17.766970,0.269093,2.362717,0.058670,-0.211284,-0.111445,87.000000,87.000000,87.000000,87.000000,12.000000,12.000000,12.000000,200.000000,200.000000,0.000000,0.000000,0.000000,0.000000,0.000000,0.000000,0.000000,0.000000,0.000000
56,0.083963,0.774533,0.609870,1.116705,0.037421,-1.102618,-7.198773,-0.021120,-0.015440,0.245196,-2.459631,-0.001822,2.481209,-2.862881,0.000064,0.000093,-0.037633,0.092353,0.342053,0.255570,0.380665,-0.428577,0.086441,0.000683,-0.000552,7.989638,10.180466,-3.385468,4.320317,-5.067590,5.953681,-1.917670,0.007013,-0.004893,5.610558,-12.846828,3.674119,16.071829,0.304287,2.019513,0.029282,-0.183534,-0.140364,5.610558,-12.846828,3.674119,16.071829,0.304287,2.019513,0.029282,-0.183534,-0.140364,87.000000,87.000000,87.000000,87.000000,12.000000,12.000000,12.000000,200.000000,200.000000,0.000000,0.000000,0.000000,0.000000,0.000000,0.000000,0.000000,0.000000,0.000000
57,-0.141643,0.660803,0.242235,1.114260,0.048540,-1.195026,-7.083565,0.007510,-0.007628,0.222989,-2.452884,0.006188,2.453833,-2.833281,0.000074,0.000093,0.644788,0.183135,-0.554549,0.260855,0.280856,-0.822156,0.650370,0.000866,-0.000271,-17.553108,2.556898,11.152493,-3.146133,-2.047612,13.487315,-15.157963,-0.025062,0.051240,-8.985209,-18.698175,-6.030883,14.994261,0.550195,1.992553,0.003387,-0.264949,-0.067356,-8.985209,-18.698175,-6.030883,14.994261,0.550195,1.992553,0.003387,-0.264949,-0.067356,87.000000,87.000000,87.000000,87.000000,12.000000,12.000000,12.000000,200.000000,200.000000,0.000000,0.000000,0.000000,0.000000,0.000000,0.000000,0.000000,0.000000,0.000000
58,0.051975,0.455787,0.446518,1.228328,0.022871,-1.026067,-7.137575,0.013240,0.000702,0.220293,-2.451642,0.008349,2.472275,-2.830384,0.000083,0.000079,0.113061,0.127343,-0.027864,0.154335,-0.044954,0.446174,0.045463,0.000235,-0.000452,-1.539924,-2.079722,1.571826,2.114126,-5.502075,-7.173076,-1.742344,-0.004930,-0.016662,0.637104,-27.678444,0.399406,20.042021,-0.019778,2.743547,-0.005842,-0.207052,-0.144849,0.637104,-27.678444,0.399406,20.042021,-0.019778,2.743547,-0.005842,-0.207052,-0.144849,87.000000,87.000000,87.000000,87.000000,12.000000,12.000000,12.000000,200.000000,200.000000,0.000000,0.000000,0.000000,0.000000,0.000000,0.000000,0.000000,0.000000,0.000000
59,-0.122632,0.675272,0.188198,1.129435,-0.007373,-1.105010,-7.051735,0.033886,0.009646,0.198302,-2.447290,-0.002504,2.471488,-2.808714,0.000086,0.000074,0.410596,0.210919,-0.551282,0.211274,-0.183069,-0.217873,0.470493,0.000661,-0.000562,-15.326050,2.259935,9.198400,-1.523031,7.276632,-0.098172,-11.098027,0.002769,0.004291,-9.580031,-19.589228,-6.341448,15.383420,0.771340,1.792607,0.023386,-0.228661,-0.088573,-9.580031,-19.589228,-6.341448,15.383420,0.771340,1.792607,0.023386,-0.228661,-0.088573,87.000000,87.000000,87.000000,87.000000,12.000000,12.000000,12.000000,200.000000,200.000000,0.000000,0.000000,0.000000,0.000000,0.000000,0.000000,0.000000,0.000000,0.000000
60,0.097861,0.278819,0.505769,1.276136,-0.006312,-0.967205,-7.145997,0.020308,0.015042,0.208779,-2.447809,-0.004252,2.495544,-2.819677,0.000079,0.000080,-0.341358,-0.058079,0.271606,0.075571,-0.071884,0.500897,-0.256597,0.000019,0.000017,8.194551,-7.991445,-6.432835,0.535329,-1.686838,-11.624028,5.559001,-0.009623,0.009246,3.681522,-35.744034,2.427118,21.772552,0.122391,2.822484,0.026808,-0.193214,-0.130792,3.681522,-35.744034,2.427118,21.772552,0.122391,2.822484,0.026808,-0.193214,-0.130792,87.000000,87.000000,87.000000,87.000000,12.000000,12.000000,12.000000,200.000000,200.000000,0.000000,0.000000,0.000000,0.000000,0.000000,0.000000,0.000000,0.000000,0.000000
61,-0.020471,0.504860,0.402792,1.137337,-0.024877,-1.024705,-7.120156,0.014648,0.014630,0.211181,-2.448474,-0.011703,2.501580,-2.819477,0.000073,0.000084,-0.151080,-0.147824,0.031109,0.031548,-0.120506,-0.056172,-0.001120,0.000559,-0.000522,1.145205,-2.477721,-2.314689,-2.963116,4.851432,-4.071786,-0.088693,0.015125,-0.017188,-1.510621,-26.116226,-1.005108,16.192934,0.498948,1.937013,0.038736,-0.177880,-0.145867,-1.510621,-26.116226,-1.005108,16.192934,0.498948,1.937013,0.038736,-0.177880,-0.145867,87.000000,87.000000,87.000000,87.000000,12.000000,12.000000,12.000000,200.000000,200.000000,0.000000,0.000000,0.000000,0.000000,0.000000,0.000000,0.000000,0.000000,0.000000
62,0.007529,0.497869,0.446031,1.152620,-0.015151,-1.042663,-7.160955,0.007256,0.011791,0.214875,-2.451103,-0.012892,2.498716,-2.829064,0.000072,0.000084,-0.190516,-0.204135,0.078048,-0.007515,0.024155,-0.231673,-0.219160,0.000652,-0.000583,2.851239,-1.434477,-2.759030,-1.541830,1.241473,0.856008,5.059475,0.004000,-0.002908,0.402362,-25.959396,0.278994,17.199038,0.390989,2.200208,0.051694,-0.200023,-0.118531,0.402362,-25.959396,0.278994,17.199038,0.390989,2.200208,0.051694,-0.200023,-0.118531,87.000000,87.000000,87.000000,87.000000,12.000000,12.000000,12.000000,200.000000,200.000000,0.000000,0.000000,0.000000,0.000000,0.000000,0.000000,0.000000,0.000000,0.000000
63,-0.048039,0.329705,0.384323,1.273610,-0.020232,-0.939501,-7.049388,0.004920,0.005767,0.212311,-2.455582,-0.014690,2.515851,-2.807588,0.000098,0.000065,-0.094424,-0.338819,-0.084502,0.007984,-0.038272,0.338109,0.474507,0.001180,-0.000829,-1.675366,-3.997587,-0.103672,3.821714,-1.114980,-8.226901,-11.480072,0.023892,-0.005765,-2.151237,-31.990849,-1.396315,22.660685,0.350817,2.929981,-0.005437,-0.251343,-0.069308,-2.151237,-31.990849,-1.396315,22.660685,0.350817,2.929981,-0.005437,-0.251343,-0.069308,87.000000,87.000000,87.000000,87.000000,12.000000,12.000000,12.000000,200.000000,200.000000,0.000000,0.000000,0.000000,0.000000,0.000000,0.000000,0.000000,0.000000,0.000000
64,0.095608,0.582385,0.630397,1.020150,-0.018715,-1.056992,-7.130116,-0.017360,-0.002531,0.232002,-2.458904,-0.013987,2.507641,-2.815199,0.000071,0.000087,-0.491353,-0.335500,0.486798,-0.077210,0.085967,-0.429490,-0.183623,0.000105,-0.000175,14.376682,0.600516,-9.606960,-5.198841,1.478476,2.554393,4.298729,-0.008629,-0.002898,7.354702,-20.970015,4.801876,12.499846,0.192186,1.526600,0.037606,-0.186011,-0.148134,7.354702,-20.970015,4.801876,12.499846,0.192186,1.526600,0.037606,-0.186011,-0.148134,87.000000,87.000000,87.000000,87.000000,12.000000,12.000000,12.000000,200.000000,200.000000,0.000000,0.000000,0.000000,0.000000,0.000000,0.000000,0.000000,0.000000,0.000000
65,-0.071263,0.688529,0.378754,1.130380,-0.019258,-1.155984,-7.165342,-0.010073,-0.006538,0.223618,-2.459407,-0.016119,2.475908,-2.827952,0.000083,0.000076,0.171024,-0.106490,-0.226040,0.115931,0.026037,-0.932612,-0.290084,0.001311,-0.001120,-5.607433,6.849460,4.474996,1.309972,3.559822,16.235245,6.894575,0.023826,-0.016870,-2.816076,-16.656580,-1.879101,16.804089,0.620228,2.235931,0.082270,-0.231466,-0.089651,-2.816076,-16.656580,-1.879101,16.804089,0.620228,2.235931,0.082270,-0.231466,-0.089651,87.000000,87.000000,87.000000,87.000000,12.000000,12.000000,12.000000,200.000000,200.000000,0.000000,0.000000,0.000000,0.000000,0.000000,0.000000,0.000000,0.000000,0.000000
66,0.003729,0.454826,0.436413,1.266302,-0.006526,-0.984994,-7.044945,-0.007015,-0.006100,0.219267,-2.460761,-0.012454,2.491693,-2.806016,0.000106,0.000057,0.055209,-0.064687,-0.092535,0.145164,0.070322,0.389784,0.489246,0.000906,-0.000616,-1.795128,0.835749,2.168134,6.776386,-5.331450,-6.335456,-11.873747,0.008824,0.005503,0.465474,-26.494005,0.285969,22.580948,0.183988,3.026377,-0.014956,-0.274704,-0.050643,0.465474,-26.494005,0.285969,22.580948,0.183988,3.026377,-0.014956,-0.274704,-0.050643,87.000000,87.000000,87.000000,87.000000,12.000000,12.000000,12.000000,200.000000,200.000000,0.000000,0.000000,0.000000,0.000000,0.000000,0.000000,0.000000,0.000000,0.000000
67,0.156392,0.572672,0.710033,1.111192,0.002599,-1.014226,-7.222172,-0.026843,-0.004348,0.242698,-2.458894,-0.006968,2.502118,-2.836313,0.000074,0.000089,-0.389933,-0.018047,0.605592,0.154692,0.142181,0.061723,-0.688073,-0.000305,0.000557,16.550816,1.379335,-9.432714,-0.288729,-2.384681,-5.524377,15.926684,-0.017521,0.031046,10.398521,-22.014488,6.826486,15.800851,0.100605,1.918043,0.058331,-0.179533,-0.144801,10.398521,-22.014488,6.826486,15.800851,0.100605,1.918043,0.058331,-0.179533,-0.144801,87.000000,87.000000,87.000000,87.000000,12.000000,12.000000,12.000000,200.000000,200.000000,0.000000,0.000000,0.000000,0.000000,0.000000,0.000000,0.000000,0.000000,0.000000
68,-0.035106,0.703758,0.450981,1.105334,-0.006687,-1.137125,-7.182468,-0.016735,0.000922,0.239462,-2.453043,-0.009239,2.479824,-2.843196,0.000073,0.000088,0.279896,0.134819,-0.081725,0.256676,0.039843,-0.742262,-0.152141,0.001152,-0.001092,-3.852045,4.467734,3.561695,-1.943403,4.030151,10.856197,3.706376,0.034495,-0.042442,-1.023851,-17.423035,-0.697482,14.733191,0.565517,1.859069,0.065576,-0.186122,-0.158246,-1.023851,-17.423035,-0.697482,14.733191,0.565517,1.859069,0.065576,-0.186122,-0.158246,87.000000,87.000000,87.000000,87.000000,12.000000,12.000000,12.000000,200.000000,200.000000,0.000000,0.000000,0.000000,0.000000,0.000000,0.000000,0.000000,0.000000,0.000000
69,0.002050,0.505222,0.468795,1.119763,0.041574,-1.124033,-7.165740,-0.007657,0.006462,0.237249,-2.452149,0.002465,2.467774,-2.842685,0.000075,0.000084,0.221796,0.024141,-0.030472,0.045713,0.338223,-0.402466,0.012973,0.000673,-0.000572,-2.931877,-3.000644,2.129900,-4.647819,-6.145005,5.535115,-0.314891,-0.013726,0.015611,-0.054951,-25.938519,-0.028800,15.645521,0.172913,2.151868,0.022732,-0.237939,-0.088547,-0.054951,-25.938519,-0.028800,15.645521,0.172913,2.151868,0.022732,-0.237939,-0.088547,87.000000,87.000000,87.000000,87.000000,12.000000,12.000000,12.000000,200.000000,200.000000,0.000000,0.000000,0.000000,0.000000,0.000000,0.000000,0.000000,0.000000,0.000000
70,-0.122908,0.343481,0.246482,1.358932,-0.026194,-0.905486,-7.017287,0.015750,0.009213,0.215830,-2.454406,-0.007272,2.503758,-2.806911,0.000126,0.000042,0.483357,-0.059783,-0.522854,0.141234,-0.340443,0.890657,0.781313,0.001297,-0.000906,-15.812738,-3.172004,9.959324,8.473484,-0.369918,-15.502456,-19.178003,0.022172,0.000420,-8.363381,-32.410713,-5.444872,25.889170,0.340889,3.389259,-0.038226,-0.316221,-0.010234,-8.363381,-32.410713,-5.444872,25.889170,0.340889,3.389259,-0.038226,-0.316221,-0.010234,87.000000,87.000000,87.000000,87.000000,12.000000,12.000000,12.000000,200.000000,200.000000,0.000000,0.000000,0.000000,0.000000,0.000000,0.000000,0.000000,0.000000,0.000000
71,-0.000074,0.606060,0.355931,1.048613,-0.044726,-1.034930,-7.016971,0.022783,0.009632,0.206632,-2.452775,-0.018738,2.507566,-2.787847,0.000098,0.000063,0.111977,-0.095775,-0.202966,0.063990,-0.170549,-0.172813,0.403636,0.000002,-0.000068,-4.973421,-0.722501,3.513880,-5.702182,8.305849,-3.915148,-9.456930,-0.015104,0.004100,-2.400315,-21.707867,-1.553900,12.744821,0.608050,1.359787,0.017624,-0.245067,-0.096748,-2.400315,-21.707867,-1.553900,12.744821,0.608050,1.359787,0.017624,-0.245067,-0.096748,87.000000,87.000000,87.000000,87.000000,12.000000,12.000000,12.000000,200.000000,200.000000,0.000000,0.000000,0.000000,0.000000,0.000000,0.000000,0.000000,0.000000,0.000000
72,0.068599,0.388837,0.536769,1.199470,-0.046768,-1.027606,-7.094841,0.007135,0.006984,0.220907,-2.454291,-0.023245,2.503349,-2.796581,0.000084,0.000074,-0.365321,-0.237906,0.354272,0.031451,-0.074166,-0.247894,-0.208005,0.000334,-0.000298,9.668260,-4.009457,-7.553547,-1.241482,2.495706,2.045862,4.707185,0.012159,-0.009969,3.710721,-29.993694,2.414520,19.240286,0.286002,2.544515,0.047276,-0.188071,-0.129665,3.710721,-29.993694,2.414520,19.240286,0.286002,2.544515,0.047276,-0.188071,-0.129665,87.000000,87.000000,87.000000,87.000000,12.000000,12.000000,12.000000,200.000000,200.000000,0.000000,0.000000,0.000000,0.000000,0.000000,0.000000,0.000000,0.000000,0.000000
73,-0.087275,0.471220,0.306125,1.102932,-0.045742,-1.067205,-7.135446,0.014492,0.000206,0.210545,-2.458421,-0.026694,2.494446,-2.811081,0.000089,0.000070,0.130894,-0.341744,-0.287186,-0.094936,-0.039959,-0.366791,-0.327234,0.000780,-0.000664,-7.884006,-2.667478,3.968256,-4.307528,2.238781,3.906882,7.561842,0.006615,-0.003658,-5.443963,-25.803881,-3.606464,15.869229,0.499090,2.096484,0.065681,-0.237091,-0.085302,-5.443963,-25.803881,-3.606464,15.869229,0.499090,2.096484,0.065681,-0.237091,-0.085302,87.000000,87.000000,87.000000,87.000000,12.000000,12.000000,12.000000,200.000000,200.000000,0.000000,0.000000,0.000000,0.000000,0.000000,0.000000,0.000000,0.000000,0.000000
74,0.059941,0.561083,0.455054,1.148093,-0.010987,-1.054803,-7.198928,0.010641,-0.006173,0.210693,-2.463916,-0.019876,2.490729,-2.833895,0.000082,0.000076,-0.105212,-0.232791,0.016041,-0.022478,0.207025,-0.218922,-0.505402,0.000510,-0.000407,1.915989,3.337687,-0.366965,3.007863,-3.265563,1.799425,11.798886,0.002758,0.001122,1.941608,-21.647488,1.281778,18.339373,0.370337,2.377144,0.071020,-0.213113,-0.105586,1.941608,-21.647488,1.281778,18.339373,0.370337,2.377144,0.071020,-0.213113,-0.105586,87.000000,87.000000,87.000000,87.000000,12.000000,12.000000,12.000000,200.000000,200.000000,0.000000,0.000000,0.000000,0.000000,0.000000,0.000000,0.000000,0.000000,0.000000
75,0.079077,0.588422,0.547898,1.183976,-0.005569,-1.029803,-7.191885,-0.002147,-0.007723,0.222915,-2.465159,-0.014250,2.493737,-2.844135,0.000078,0.000079,-0.270275,-0.062872,0.305198,0.145545,0.151706,-0.039496,-0.226383,0.000385,-0.000348,8.918302,4.790101,-5.395290,5.488643,-3.210488,-0.803272,5.131238,-0.002052,0.001370,4.572300,-20.799931,2.957791,19.567360,0.282913,2.513069,0.043772,-0.203652,-0.116333,4.572300,-20.799931,2.957791,19.567360,0.282913,2.513069,0.043772,-0.203652,-0.116333,87.000000,87.000000,87.000000,87.000000,12.000000,12.000000,12.000000,200.000000,200.000000,0.000000,0.000000,0.000000,0.000000,0.000000,0.000000,0.000000,0.000000,0.000000
76,-0.036195,0.511311,0.319208,1.159865,-0.058590,-1.061860,-7.187896,0.011542,-0.006724,0.208260,-2.461933,-0.024450,2.489419,-2.848377,0.000086,0.000072,0.299978,-0.068907,-0.372101,0.186618,-0.234230,-0.242321,-0.105039,0.000701,-0.000581,-9.585313,-0.403285,7.243645,-0.851434,5.434806,2.896992,2.199176,0.002005,0.001258,-3.714923,-24.244747,-2.484388,17.872797,0.500275,2.327178,0.049514,-0.234417,-0.087119,-3.714923,-24.244747,-2.484388,17.872797,0.500275,2.327178,0.049514,-0.234417,-0.087119,87.000000,87.000000,87.000000,87.000000,12.000000,12.000000,12.000000,200.000000,200.000000,0.000000,0.000000,0.000000,0.000000,0.000000,0.000000,0.000000,0.000000,0.000000
77,0.037962,0.660120,0.377571,1.189993,0.001359,-1.036264,-7.167706,0.017822,-0.002250,0.200569,-2.457306,-0.017128,2.492697,-2.845988,0.000085,0.000073,0.125813,0.132599,-0.166320,0.313130,0.260372,-0.045123,0.055973,0.000712,-0.000605,-3.480503,5.742977,3.672179,5.055402,-3.149112,-1.536410,-1.246630,0.006607,-0.004542,-0.436137,-18.836042,-0.289740,18.709425,0.512955,2.307353,0.040233,-0.225284,-0.097392,-0.436137,-18.836042,-0.289740,18.709425,0.512955,2.307353,0.040233,-0.225284,-0.097392,87.000000,87.000000,87.000000,87.000000,12.000000,12.000000,12.000000,200.000000,200.000000,0.000000,0.000000,0.000000,0.000000,0.000000,0.000000,0.000000,0.000000,0.000000
78,0.020153,0.532718,0.418422,1.047313,0.038669,-1.150492,-7.169002,0.013347,0.002583,0.203956,-2.452830,-0.002527,2.472822,-2.844748,0.000069,0.000091,-0.123165,-0.005939,0.078945,0.098205,0.444488,-0.697966,0.023659,0.000633,-0.000322,2.045783,-3.501918,-2.747458,-8.955129,-5.178748,8.307652,-0.396106,0.006561,0.006101,0.193185,-24.477884,0.048019,12.417251,0.239134,1.620054,0.024297,-0.190750,-0.132429,0.193185,-24.477884,0.048019,12.417251,0.239134,1.620054,0.024297,-0.190750,-0.132429,87.000000,87.000000,87.000000,87.000000,12.000000,12.000000,12.000000,200.000000,200.000000,0.000000,0.000000,0.000000,0.000000,0.000000,0.000000,0.000000,0.000000,0.000000
79,-0.016301,0.738206,0.394906,1.097803,0.032841,-1.172414,-7.117717,0.010002,0.009118,0.205454,-2.451849,0.004277,2.453787,-2.831875,0.000071,0.000093,-0.092309,0.190588,0.024635,0.120008,0.184448,-0.563807,0.277455,0.000488,-0.000274,0.905002,5.581594,-1.470698,-0.523907,-3.435737,10.173822,-6.659565,-0.012883,0.015526,-1.144526,-16.784645,-0.794811,14.782682,0.238421,2.032185,0.007431,-0.212376,-0.127561,-1.144526,-16.784645,-0.794811,14.782682,0.238421,2.032185,0.007431,-0.212376,-0.127561,87.000000,87.000000,87.000000,87.000000,12.000000,12.000000,12.000000,200.000000,200.000000,0.000000,0.000000,0.000000,0.000000,0.000000,0.000000,0.000000,0.000000,0.000000
80,0.090782,0.392870,0.518078,1.275052,-0.014951,-0.999889,-7.160808,0.001387,0.017041,0.213203,-2.453419,-0.001468,2.477057,-2.835289,0.000077,0.000083,-0.185832,0.088773,0.195700,0.096706,-0.234696,0.549609,-0.091971,0.000047,-0.000094,6.202913,-3.552060,-3.507060,4.009096,-1.251899,-9.604496,1.444016,-0.013412,0.009239,4.383184,-31.478439,2.935094,22.320541,0.000347,2.992106,0.006674,-0.196986,-0.132898,4.383184,-31.478439,2.935094,22.320541,0.000347,2.992106,0.006674,-0.196986,-0.132898,87.000000,87.000000,87.000000,87.000000,12.000000,12.000000,12.000000,200.000000,200.000000,0.000000,0.000000,0.000000,0.000000,0.000000,0.000000,0.000000,0.000000,0.000000
81,-0.017599,0.551321,0.473960,1.139288,-0.004833,-1.039883,-7.106211,-0.006559,0.022319,0.221951,-2.453254,-0.005855,2.488215,-2.824319,0.000068,0.000090,-0.177952,0.039131,0.203380,0.080862,-0.019036,0.064178,0.240101,0.000620,-0.000590,4.841025,-1.394434,-4.603407,-1.178795,3.417334,-6.974332,-5.660717,0.020799,-0.022478,0.587150,-25.306936,0.386719,16.626163,0.483162,1.913125,0.020534,-0.162938,-0.160976,0.587150,-25.306936,0.386719,16.626163,0.483162,1.913125,0.020534,-0.162938,-0.160976,87.000000,87.000000,87.000000,87.000000,12.000000,12.000000,12.000000,200.000000,200.000000,0.000000,0.000000,0.000000,0.000000,0.000000,0.000000,0.000000,0.000000,0.000000
82,0.032258,0.225603,0.565433,1.341242,-0.033927,-0.884246,-7.036055,-0.017641,0.022351,0.235009,-2.455034,-0.012748,2.521397,-2.801686,0.000088,0.000073,-0.235177,-0.221169,0.318866,0.101660,-0.199461,0.731925,0.490690,0.000884,-0.000641,7.798513,-7.977046,-5.963984,4.935112,0.463741,-15.904776,-12.072865,0.019203,-0.004909,3.789728,-38.017551,2.613180,25.140627,0.157807,3.211365,-0.022542,-0.221650,-0.095607,3.789728,-38.017551,2.613180,25.140627,0.157807,3.211365,-0.022542,-0.221650,-0.095607,87.000000,87.000000,87.000000,87.000000,12.000000,12.000000,12.000000,200.000000,200.000000,0.000000,0.000000,0.000000,0.000000,0.000000,0.000000,0.000000,0.000000,0.000000
83,-0.092086,0.389843,0.350691,1.078757,-0.073603,-1.015057,-7.139824,-0.006114,0.013050,0.223404,-2.456017,-0.027617,2.519332,-2.814441,0.000086,0.000077,0.237344,-0.496711,-0.297267,-0.064118,-0.301031,-0.303416,-0.304454,0.000685,-0.000411,-8.797450,-7.398979,5.548258,-8.751872,9.521346,-0.483237,7.010469,0.003159,0.005899,-4.320775,-29.939564,-2.737926,14.379684,0.575225,1.757849,0.065937,-0.234052,-0.099880,-4.320775,-29.939564,-2.737926,14.379684,0.575225,1.757849,0.065937,-0.234052,-0.099880,87.000000,87.000000,87.000000,87.000000,12.000000,12.000000,12.000000,200.000000,200.000000,0.000000,0.000000,0.000000,0.000000,0.000000,0.000000,0.000000,0.000000,0.000000
84,0.037631,0.557999,0.518351,1.161903,-0.022488,-1.028053,-7.195360,-0.010771,0.001501,0.228378,-2.459620,-0.023770,2.510517,-2.834862,0.000077,0.000083,-0.105823,-0.388887,0.148781,0.031879,0.178372,-0.362296,-0.450215,0.000638,-0.000586,4.051984,3.454869,-1.866162,2.899326,-0.786349,4.057578,10.666307,0.006249,-0.006263,2.888046,-21.959698,1.957198,18.400963,0.447901,2.367465,0.078971,-0.205751,-0.121272,2.888046,-21.959698,1.957198,18.400963,0.447901,2.367465,0.078971,-0.205751,-0.121272,87.000000,87.000000,87.000000,87.000000,12.000000,12.000000,12.000000,200.000000,200.000000,0.000000,0.000000,0.000000,0.000000,0.000000,0.000000,0.000000,0.000000,0.000000
85,-0.032065,0.613624,0.429068,1.057877,0.016209,-1.146889,-7.190403,-0.007192,-0.007199,0.226250,-2.460869,-0.012350,2.481570,-2.844295,0.000071,0.000087,0.083647,-0.313577,-0.054312,0.011172,0.376137,-0.889732,-0.206275,0.000971,-0.000816,-2.208492,2.809624,1.373295,-3.550174,-3.343493,13.484118,5.056760,0.013468,-0.008869,-1.050920,-19.278551,-0.713945,14.023367,0.415658,1.870781,0.059160,-0.206076,-0.117237,-1.050920,-19.278551,-0.713945,14.023367,0.415658,1.870781,0.059160,-0.206076,-0.117237,87.000000,87.000000,87.000000,87.000000,12.000000,12.000000,12.000000,200.000000,200.000000,0.000000,0.000000,0.000000,0.000000,0.000000,0.000000,0.000000,0.000000,0.000000
86,0.009246,0.597998,0.404442,1.213229,0.004565,-1.052991,-7.175392,0.002267,-0.010523,0.217687,-2.462030,-0.007477,2.480984,-2.845539,0.000088,0.000071,0.214501,-0.098299,-0.192366,0.162329,0.078167,-0.039717,-0.033080,0.000550,-0.000558,-5.060154,5.843615,5.115325,6.714915,-4.723836,2.372666,0.381206,-0.019438,0.014074,-0.670111,-20.038658,-0.428973,20.510357,0.244699,2.800854,0.026488,-0.261220,-0.067293,-0.670111,-20.038658,-0.428973,20.510357,0.244699,2.800854,0.026488,-0.261220,-0.067293,87.000000,87.000000,87.000000,87.000000,12.000000,12.000000,12.000000,200.000000,200.000000,0.000000,0.000000,0.000000,0.000000,0.000000,0.000000,0.000000,0.000000,0.000000
87,-0.002168,0.662891,0.424018,1.149619,0.020051,-1.063550,-7.107904,0.003943,-0.007384,0.217192,-2.457990,-0.002863,2.483280,-2.830082,0.000085,0.000074,0.032215,0.084701,0.000926,0.265669,0.168999,-0.085109,0.339782,0.000683,-0.000488,-0.304206,5.197350,0.333921,2.868962,-1.915059,-1.075300,-8.036250,0.014762,-0.004938,-0.499703,-18.219332,-0.397902,17.148933,0.430218,2.103084,0.011725,-0.210783,-0.107068,-0.499703,-18.219332,-0.397902,17.148933,0.430218,2.103084,0.011725,-0.210783,-0.107068,87.000000,87.000000,87.000000,87.000000,12.000000,12.000000,12.000000,200.000000,200.000000,0.000000,0.000000,0.000000,0.000000,0.000000,0.000000,0.000000,0.000000,0.000000
88,-0.071840,0.598398,0.290681,1.171646,0.008515,-1.089354,-7.081048,0.015765,-0.000324,0.204251,-2.450948,-0.003125,2.478234,-2.815417,0.000090,0.000070,0.234289,0.143801,-0.326886,0.309178,0.033850,-0.266333,0.312306,0.000598,-0.000489,-8.862703,1.496747,5.367189,-0.305023,0.770757,2.935205,-7.461524,-0.009188,0.010009,-5.259766,-21.732258,-3.534856,17.170593,0.501896,2.186593,0.018364,-0.252051,-0.076445,-5.259766,-21.732258,-3.534856,17.170593,0.501896,2.186593,0.018364,-0.252051,-0.076445,87.000000,87.000000,87.000000,87.000000,12.000000,12.000000,12.000000,200.000000,200.000000,0.000000,0.000000,0.000000,0.000000,0.000000,0.000000,0.000000,0.000000,0.000000
89,0.115544,0.531126,0.628471,1.106439,0.017265,-1.090758,-7.121923,-0.006702,0.006060,0.227022,-2.447524,0.001441,2.476454,-2.817407,0.000069,0.000088,-0.497917,0.063011,0.574947,0.121990,0.137522,-0.180765,-0.054317,0.000149,-0.000148,15.705611,-2.234734,-11.172963,-4.909528,-2.629076,0.559529,1.100791,0.010669,-0.012741,7.396213,-24.930695,4.797387,14.524321,0.012971,1.911636,0.013152,-0.149488,-0.170593,7.396213,-24.930695,4.797387,14.524321,0.012971,1.911636,0.013152,-0.149488,-0.170593,87.000000,87.000000,87.000000,87.000000,12.000000,12.000000,12.000000,200.000000,200.000000,0.000000,0.000000,0.000000,0.000000,0.000000,0.000000,0.000000,0.000000,0.000000
90,0.006889,0.624178,0.479635,1.130910,0.003470,-1.119958,-7.173189,-0.007125,0.012267,0.230181,-2.446250,-0.000744,2.468363,-2.830823,0.000074,0.000085,0.024203,0.113715,0.062858,0.108303,-0.030330,-0.343328,-0.307617,0.000816,-0.000629,1.154970,1.337831,-0.510222,-2.001384,1.549556,4.259827,7.040741,0.014817,-0.007083,0.858735,-21.635057,0.568059,15.605789,0.321546,2.034670,0.052533,-0.195210,-0.123787,0.858735,-21.635057,0.568059,15.605789,0.321546,2.034670,0.052533,-0.195210,-0.123787,87.000000,87.000000,87.000000,87.000000,12.000000,12.000000,12.000000,200.000000,200.000000,0.000000,0.000000,0.000000,0.000000,0.000000,0.000000,0.000000,0.000000,0.000000
91,-0.097030,0.503834,0.264339,1.099046,-0.002859,-1.140411,-7.096643,0.012619,0.016349,0.210038,-2.449464,-0.004587,2.459247,-2.819757,0.000082,0.000077,0.406419,-0.041321,-0.500581,-0.104208,-0.036115,-0.361322,0.243402,0.000577,-0.000509,-13.988227,-4.241448,9.020297,-6.397757,2.126067,3.714577,-5.814739,-0.019568,0.016825,-6.765166,-26.679741,-4.382092,14.904085,0.428628,1.964687,0.020540,-0.252173,-0.077579,-6.765166,-26.679741,-4.382092,14.904085,0.428628,1.964687,0.020540,-0.252173,-0.077579,87.000000,87.000000,87.000000,87.000000,12.000000,12.000000,12.000000,200.000000,200.000000,0.000000,0.000000,0.000000,0.000000,0.000000,0.000000,0.000000,0.000000,0.000000
92,0.039500,0.470948,0.393343,1.165374,-0.013070,-1.046496,-7.175828,0.016714,0.017018,0.202771,-2.458779,-0.007417,2.472773,-2.832630,0.000082,0.000077,0.050713,-0.107565,-0.153135,-0.176927,-0.099628,0.239882,-0.298101,0.000281,-0.000218,-3.042847,-1.995488,2.888246,1.184050,-0.814217,-6.500216,6.550478,-0.002566,0.004176,-0.057249,-27.741583,0.079973,18.931175,0.230104,2.462428,0.037552,-0.204826,-0.117055,-0.057249,-27.741583,0.079973,18.931175,0.230104,2.462428,0.037552,-0.204826,-0.117055,87.000000,87.000000,87.000000,87.000000,12.000000,12.000000,12.000000,200.000000,200.000000,0.000000,0.000000,0.000000,0.000000,0.000000,0.000000,0.000000,0.000000,0.000000
93,0.119184,0.213150,0.661393,1.371028,-0.014635,-0.831123,-7.171279,-0.010323,0.013801,0.230160,-2.467921,-0.009016,2.523728,-2.838526,0.000080,0.000081,-0.595659,-0.276860,0.683077,-0.023118,-0.091221,1.169828,-0.132207,-0.000088,0.000320,18.250196,-5.395991,-13.142469,11.406547,-2.873414,-24.799774,2.495707,-0.018021,0.032071,8.238602,-37.535908,5.458017,28.065319,0.147453,3.476979,0.014821,-0.203134,-0.114915,8.238602,-37.535908,5.458017,28.065319,0.147453,3.476979,0.014821,-0.203134,-0.114915,87.000000,87.000000,87.000000,87.000000,12.000000,12.000000,12.000000,200.000000,200.000000,0.000000,0.000000,0.000000,0.000000,0.000000,0.000000,0.000000,0.000000,0.000000
94,-0.076104,0.550490,0.404437,1.108169,-0.056433,-0.995708,-7.150151,-0.007437,0.007604,0.228433,-2.466669,-0.022971,2.525182,-2.836442,0.000070,0.000091,0.076232,-0.282556,-0.070398,0.124074,-0.237376,-0.247884,0.035482,0.000827,-0.000794,-2.788171,0.163717,1.244010,-1.388151,10.375332,-2.137389,-0.794405,0.034092,-0.045508,-2.802002,-23.216988,-1.842028,16.328066,0.776670,1.815403,0.057759,-0.159650,-0.187131,-2.802002,-23.216988,-1.842028,16.328066,0.776670,1.815403,0.057759,-0.159650,-0.187131,87.000000,87.000000,87.000000,87.000000,12.000000,12.000000,12.000000,200.000000,200.000000,0.000000,0.000000,0.000000,0.000000,0.000000,0.000000,0.000000,0.000000,0.000000
95,0.095484,0.581896,0.652566,1.121564,0.016764,-1.097434,-7.184694,-0.021638,0.002426,0.247118,-2.463529,-0.011694,2.499487,-2.843679,0.000055,0.000103,-0.275273,-0.212052,0.483804,0.186673,0.415214,-0.824689,-0.159143,0.000936,-0.000793,12.229327,2.644220,-7.645399,-0.647920,-2.665493,11.822618,4.117322,0.019377,-0.013410,6.994450,-21.594475,4.599189,16.485655,0.326590,2.142103,0.059029,-0.161685,-0.156303,6.994450,-21.594475,4.599189,16.485655,0.326590,2.142103,0.059029,-0.161685,-0.156303,87.000000,87.000000,87.000000,87.000000,12.000000,12.000000,12.000000,200.000000,200.000000,0.000000,0.000000,0.000000,0.000000,0.000000,0.000000,0.000000,0.000000,0.000000
96,-0.138686,0.500732,0.268466,1.256915,-0.019906,-1.019877,-7.109945,0.002412,-0.000123,0.225932,-2.459099,-0.013760,2.497294,-2.829594,0.000094,0.000066,0.529854,-0.148668,-0.534840,0.291942,-0.089761,-0.074310,0.303491,0.000979,-0.000920,-16.156149,1.358771,10.821830,4.361949,-1.114264,3.486649,-7.567380,-0.027694,0.024729,-8.072779,-24.879234,-5.288414,21.546600,0.422469,2.975268,0.013473,-0.313743,-0.017646,-8.072779,-24.879234,-5.288414,21.546600,0.422469,2.975268,0.013473,-0.313743,-0.017646,87.000000,87.000000,87.000000,87.000000,12.000000,12.000000,12.000000,200.000000,200.000000,0.000000,0.000000,0.000000,0.000000,0.000000,0.000000,0.000000,0.000000,0.000000
97,0.016542,0.616051,0.380509,1.064987,-0.013129,-1.088770,-7.174382,0.013833,-0.001539,0.214114,-2.454075,-0.013471,2.488935,-2.837424,0.000081,0.000076,0.226883,-0.122106,-0.256811,0.177194,0.066997,-0.375856,-0.184755,0.000457,-0.000416,-6.562691,0.981658,5.644835,-4.808646,0.975693,3.684320,4.297343,0.004754,-0.004897,-1.420071,-20.248455,-0.900503,13.249687,0.391542,1.683718,0.048145,-0.205397,-0.115298,-1.420071,-20.248455,-0.900503,13.249687,0.391542,1.683718,0.048145,-0.205397,-0.115298,87.000000,87.000000,87.000000,87.000000,12.000000,12.000000,12.000000,200.000000,200.000000,0.000000,0.000000,0.000000,0.000000,0.000000,0.000000,0.000000,0.000000,0.000000
98,-0.036522,0.638677,0.282816,1.127331,0.011949,-1.146772,-7.148557,0.026839,-0.000771,0.198521,-2.450285,-0.008504,2.468854,-2.835603,0.000081,0.000078,0.249252,-0.022649,-0.377863,0.190673,0.205521,-0.643073,0.038704,0.000757,-0.000587,-9.688036,3.073042,6.582026,-1.671710,-0.779572,9.828035,-0.807640,-0.001978,0.006805,-4.821332,-19.551302,-3.184555,15.582920,0.532184,2.034220,0.046296,-0.233812,-0.088879,-4.821332,-19.551302,-3.184555,15.582920,0.532184,2.034220,0.046296,-0.233812,-0.088879,87.000000,87.000000,87.000000,87.000000,12.000000,12.000000,12.000000,200.000000,200.000000,0.000000,0.000000,0.000000,0.000000,0.000000,0.000000,0.000000,0.000000,0.000000
99,-0.001957,0.484428,0.282542,1.099893,-0.011888,-1.123205,-7.182489,0.034246,-0.000489,0.184910,-2.451675,-0.008965,2.462470,-2.842514,0.000085,0.000074,0.100694,-0.135750,-0.335055,-0.035911,-0.028283,-0.246230,-0.164239,0.000461,-0.000461,-7.527690,-3.216319,4.786972,-5.575524,-1.138267,3.546513,3.510843,-0.002904,-0.002834,-3.511867,-25.801926,-2.324617,14.975989,0.198349,2.086203,0.030224,-0.221970,-0.106812,-3.511867,-25.801926,-2.324617,14.975989,0.198349,2.086203,0.030224,-0.221970,-0.106812,87.000000,87.000000,87.000000,87.000000,12.000000,12.000000,12.000000,200.000000,200.000000,0.000000,0.000000,0.000000,0.000000,0.000000,0.000000,0.000000,0.000000,0.000000
100,0.028296,0.674775,0.412401,1.158140,0.035417,-1.096005,-7.101899,0.020797,0.001830,0.191825,-2.454679,-0.000253,2.464988,-2.827175,0.000084,0.000079,-0.345587,0.072785,0.162185,0.076037,0.281789,-0.067126,0.343019,0.000793,-0.000361,6.088174,6.101464,-5.211010,4.682222,-4.215837,-1.588139,-8.049538,0.019836,0.003413,0.746523,-18.396349,0.415114,17.836159,0.404715,2.193364,0.010350,-0.205151,-0.113442,0.746523,-18.396349,0.415114,17.836159,0.404715,2.193364,0.010350,-0.205151,-0.113442,87.000000,87.000000,87.000000,87.000000,12.000000,12.000000,12.000000,200.000000,200.000000,0.000000,0.000000,0.000000,0.000000,0.000000,0.000000,0.000000,0.000000,0.000000
101,0.053152,0.476858,0.482899,1.157251,0.015950,-1.067853,-7.107098,0.004773,0.006150,0.202858,-2.456570,0.002305,2.472489,-2.819990,0.000080,0.000081,-0.371806,0.001804,0.247193,0.026022,0.051371,0.053115,0.145327,0.000292,-0.000330,8.260318,-2.175557,-6.370823,-0.687310,-2.331313,-3.697871,-3.753320,-0.005113,-0.004645,3.219034,-26.940693,2.056890,17.779034,0.131300,2.282046,0.000455,-0.206391,-0.132834,3.219034,-26.940693,2.056890,17.779034,0.131300,2.282046,0.000455,-0.206391,-0.132834,87.000000,87.000000,87.000000,87.000000,12.000000,12.000000,12.000000,200.000000,200.000000,0.000000,0.000000,0.000000,0.000000,0.000000,0.000000,0.000000,0.000000,0.000000
102,0.025955,0.384111,0.502057,1.246503,-0.031371,-0.959898,-7.040377,-0.009337,0.007770,0.213654,-2.459397,-0.007857,2.498362,-2.800434,0.000088,0.000072,-0.319691,-0.095730,0.245130,0.059938,-0.279174,0.542847,0.420925,0.000489,-0.000327,7.644579,-3.234675,-5.720547,3.776415,2.634943,-12.187338,-10.426805,0.012056,0.000120,3.085466,-30.578794,2.001611,21.740850,0.206557,2.746160,-0.014813,-0.207592,-0.107711,3.085466,-30.578794,2.001611,21.740850,0.206557,2.746160,-0.014813,-0.207592,-0.107711,87.000000,87.000000,87.000000,87.000000,12.000000,12.000000,12.000000,200.000000,200.000000,0.000000,0.000000,0.000000,0.000000,0.000000,0.000000,0.000000,0.000000,0.000000
103,0.076553,0.508715,0.658279,1.122391,-0.016702,-1.033528,-7.147841,-0.032213,0.006782,0.237738,-2.459610,-0.010717,2.501282,-2.815778,0.000065,0.000093,-0.473698,-0.144451,0.588457,0.070003,0.008201,-0.159871,-0.353422,0.000279,-0.000171,16.033623,-1.192495,-10.874798,-1.660426,3.293149,-2.722436,8.282026,0.007288,-0.005012,7.832093,-25.270348,5.112247,16.457417,0.320401,1.956135,0.056910,-0.158801,-0.165583,7.832093,-25.270348,5.112247,16.457417,0.320401,1.956135,0.056910,-0.158801,-0.165583,87.000000,87.000000,87.000000,87.000000,12.000000,12.000000,12.000000,200.000000,200.000000,0.000000,0.000000,0.000000,0.000000,0.000000,0.000000,0.000000,0.000000,0.000000
104,0.124009,0.406950,0.750313,1.199304,-0.037232,-0.998678,-7.230508,-0.048602,0.003651,0.262126,-2.460479,-0.015176,2.506029,-2.843719,0.000062,0.000105,-0.270803,-0.229389,0.612704,0.083167,-0.116301,-0.002050,-0.626041,0.000451,0.000144,15.304764,-2.609405,-8.487428,0.947682,1.424262,-1.732955,14.366268,0.006908,0.025577,10.457376,-28.944567,6.915732,19.715731,0.065275,2.621438,0.061800,-0.162616,-0.159413,10.457376,-28.944567,6.915732,19.715731,0.065275,2.621438,0.061800,-0.162616,-0.159413,87.000000,87.000000,87.000000,87.000000,12.000000,12.000000,12.000000,200.000000,200.000000,0.000000,0.000000,0.000000,0.000000,0.000000,0.000000,0.000000,0.000000,0.000000
105,-0.080633,0.683267,0.435075,1.089466,-0.008373,-1.086581,-7.153083,-0.028550,0.001704,0.252755,-2.458892,-0.014810,2.493316,-2.840156,0.000065,0.000097,0.512438,-0.084792,-0.218614,0.136656,0.123019,-0.493886,0.084793,0.001008,-0.001177,-8.952051,4.449914,7.435374,-0.794892,1.985080,5.467803,-1.809351,0.006659,-0.036972,-2.812067,-17.718872,-1.808874,14.953189,0.607149,1.832442,0.049372,-0.207400,-0.162404,-2.812067,-17.718872,-1.808874,14.953189,0.607149,1.832442,0.049372,-0.207400,-0.162404,87.000000,87.000000,87.000000,87.000000,12.000000,12.000000,12.000000,200.000000,200.000000,0.000000,0.000000,0.000000,0.000000,0.000000,0.000000,0.000000,0.000000,0.000000
106,0.026151,0.625575,0.479070,1.092162,0.012462,-1.150955,-7.198141,-0.010355,0.003060,0.244924,-2.457343,-0.007637,2.470302,-2.848690,0.000070,0.000090,0.447261,-0.023316,-0.136804,0.102770,0.236127,-0.712230,-0.196247,0.001159,-0.000979,-6.242727,2.022444,6.397294,-2.937814,-2.328208,11.305464,4.643124,0.018216,-0.006822,0.331703,-20.437878,0.299092,14.904350,0.311599,2.020472,0.050027,-0.206736,-0.109035,0.331703,-20.437878,0.299092,14.904350,0.311599,2.020472,0.050027,-0.206736,-0.109035,87.000000,87.000000,87.000000,87.000000,12.000000,12.000000,12.000000,200.000000,200.000000,0.000000,0.000000,0.000000,0.000000,0.000000,0.000000,0.000000,0.000000,0.000000
107,-0.100803,0.283720,0.234957,1.422425,-0.052298,-0.885206,-7.082073,0.021763,0.004193,0.218623,-2.457438,-0.018916,2.507016,-2.825630,0.000122,0.000044,0.692199,-0.112845,-0.621094,0.242831,-0.394512,0.954239,0.502273,0.000795,-0.000571,-19.467052,-3.486301,13.373976,10.994145,-0.331829,-14.912599,-12.680157,-0.032991,0.042325,-8.728745,-34.275581,-5.669494,28.544083,0.370052,3.808904,-0.014183,-0.368067,0.033416,-8.728745,-34.275581,-5.669494,28.544083,0.370052,3.808904,-0.014183,-0.368067,0.033416,87.000000,87.000000,87.000000,87.000000,12.000000,12.000000,12.000000,200.000000,200.000000,0.000000,0.000000,0.000000,0.000000,0.000000,0.000000,0.000000,0.000000,0.000000
108,0.039757,0.635684,0.416759,0.937655,-0.011603,-1.109347,-7.162989,0.026577,0.001733,0.216565,-2.454602,-0.017339,2.496078,-2.832582,0.000078,0.000081,0.083210,-0.197243,-0.015151,0.013592,0.205459,-0.602778,-0.164196,0.000354,-0.000410,-1.613691,-1.571178,0.680281,-11.638090,3.753989,1.920386,4.218862,0.025389,-0.038578,-0.842081,-19.670918,-0.577560,8.246869,0.573472,0.770204,0.058259,-0.163781,-0.177829,-0.842081,-19.670918,-0.577560,8.246869,0.573472,0.770204,0.058259,-0.163781,-0.177829,87.000000,87.000000,87.000000,87.000000,12.000000,12.000000,12.000000,200.000000,200.000000,0.000000,0.000000,0.000000,0.000000,0.000000,0.000000,0.000000,0.000000,0.000000
109,-0.197027,0.565019,0.034093,1.179978,-0.016050,-1.153100,-7.066206,0.056365,-0.000721,0.182422,-2.454602,-0.018531,2.468501,-2.813467,0.000096,0.000067,0.573734,-0.139795,-0.867733,0.098213,0.044051,-0.795896,0.418623,0.000808,-0.000499,-24.101431,1.866265,13.953827,-0.250853,2.182307,14.199166,-9.811362,-0.034810,0.046850,-15.295314,-22.257002,-10.113783,18.361937,0.812798,2.469544,0.037769,-0.320068,-0.009422,-15.295314,-22.257002,-10.113783,18.361937,0.812798,2.469544,0.037769,-0.320068,-0.009422,87.000000,87.000000,87.000000,87.000000,12.000000,12.000000,12.000000,200.000000,200.000000,0.000000,0.000000,0.000000,0.000000,0.000000,0.000000,0.000000,0.000000,0.000000
110,0.118774,0.425686,0.499557,1.245329,-0.005776,-0.974449,-7.095227,0.034223,-0.002266,0.196986,-2.457953,-0.012189,2.491070,-2.810105,0.000097,0.000065,-0.562033,-0.143917,0.372931,0.066556,0.095200,0.540826,0.064863,0.000464,-0.000480,11.971917,-0.359271,-9.294751,5.689659,-7.190639,-9.819299,-2.050800,0.030512,-0.038750,4.203881,-27.822552,2.692481,21.667423,0.014753,2.896530,-0.002876,-0.190002,-0.151597,4.203881,-27.822552,2.692481,21.667423,0.014753,2.896530,-0.002876,-0.190002,-0.151597,87.000000,87.000000,87.000000,87.000000,12.000000,12.000000,12.000000,200.000000,200.000000,0.000000,0.000000,0.000000,0.000000,0.000000,0.000000,0.000000,0.000000,0.000000
111,-0.136707,0.524355,0.112846,1.196722,-0.071784,-1.003142,-7.063903,0.046832,-0.003212,0.172847,-2.455475,-0.028099,2.502246,-2.800957,0.000109,0.000052,0.196592,-0.111113,-0.654453,0.203797,-0.371957,0.103918,0.186466,0.000538,-0.000443,-15.303296,0.669174,8.616220,1.760534,8.432003,-5.049013,-4.712817,-0.015775,0.020052,-10.610291,-23.828890,-7.074388,18.936695,0.800492,2.270359,0.040106,-0.298572,-0.026911,-10.610291,-23.828890,-7.074388,18.936695,0.800492,2.270359,0.040106,-0.298572,-0.026911,87.000000,87.000000,87.000000,87.000000,12.000000,12.000000,12.000000,200.000000,200.000000,0.000000,0.000000,0.000000,0.000000,0.000000,0.000000,0.000000,0.000000,0.000000
112,0.139223,0.701856,0.496889,0.946537,-0.008023,-1.191451,-7.205405,0.023399,-0.003376,0.184721,-2.453455,-0.020132,2.472459,-2.829911,0.000069,0.000090,-0.576111,-0.068382,0.292793,0.017781,0.353175,-0.999618,-0.646143,0.000604,-0.000424,12.117829,2.134585,-8.188905,-9.797516,0.301003,12.376856,15.590475,0.045321,-0.039767,5.934578,-16.748230,3.843134,8.603862,0.346467,1.036897,0.087730,-0.128238,-0.195984,5.934578,-16.748230,3.843134,8.603862,0.346467,1.036897,0.087730,-0.128238,-0.195984,87.000000,87.000000,87.000000,87.000000,12.000000,12.000000,12.000000,200.000000,200.000000,0.000000,0.000000,0.000000,0.000000,0.000000,0.000000,0.000000,0.000000,0.000000
113,0.065166,0.353686,0.490051,1.380157,-0.012437,-0.951761,-7.210596,0.003015,-0.001942,0.197207,-2.455868,-0.014507,2.493731,-2.846580,0.000091,0.000069,-0.469503,-0.048542,0.272178,0.180276,0.038514,0.557031,-0.368293,0.000176,-0.000214,9.986459,-0.115563,-7.086172,11.059122,-7.362202,-7.640636,8.018354,-0.044943,0.034879,4.196757,-30.968315,2.688966,26.896494,0.068591,3.677773,0.034270,-0.282625,-0.054754,4.196757,-30.968315,2.688966,26.896494,0.068591,3.677773,0.034270,-0.282625,-0.054754,87.000000,87.000000,87.000000,87.000000,12.000000,12.000000,12.000000,200.000000,200.000000,0.000000,0.000000,0.000000,0.000000,0.000000,0.000000,0.000000,0.000000,0.000000
114,0.181391,0.554343,0.779835,1.101988,0.014284,-0.976566,-7.237151,-0.035033,-0.000398,0.235043,-2.454444,-0.005386,2.512644,-2.861432,0.000055,0.000101,-0.790905,-0.042193,0.924959,0.124592,0.266509,0.261667,-0.327524,-0.000068,0.000085,26.264414,0.298416,-17.186481,-0.930777,-4.186653,-10.641152,7.590274,0.020800,-0.020252,13.682260,-23.060673,8.931333,15.121191,0.011643,1.755655,0.028148,-0.093659,-0.221540,13.682260,-23.060673,8.931333,15.121191,0.011643,1.755655,0.028148,-0.093659,-0.221540,87.000000,87.000000,87.000000,87.000000,12.000000,12.000000,12.000000,200.000000,200.000000,0.000000,0.000000,0.000000,0.000000,0.000000,0.000000,0.000000,0.000000,0.000000
115,0.028800,0.669045,0.639569,1.036873,0.032450,-1.173290,-7.135833,-0.046160,0.002062,0.253236,-2.450806,0.001843,2.479774,-2.845018,0.000036,0.000124,-0.158693,0.011481,0.429581,0.120132,0.322049,-1.064808,0.364047,0.000782,-0.000367,10.202150,2.161349,-6.401631,-6.598554,0.564639,14.485180,-8.170663,0.013003,0.003521,5.863596,-18.705938,3.806124,11.914403,0.306739,1.472373,0.017723,-0.124300,-0.198093,5.863596,-18.705938,3.806124,11.914403,0.306739,1.472373,0.017723,-0.124300,-0.198093,87.000000,87.000000,87.000000,87.000000,12.000000,12.000000,12.000000,200.000000,200.000000,0.000000,0.000000,0.000000,0.000000,0.000000,0.000000,0.000000,0.000000,0.000000
116,-0.054783,0.659273,0.458895,1.147591,0.041664,-1.152687,-7.129440,-0.030959,0.008063,0.246692,-2.450279,0.008914,2.459671,-2.834739,0.000059,0.000103,0.390934,0.144181,-0.146716,0.113145,0.176891,-0.550387,0.216251,0.001002,-0.000930,-6.216527,3.637856,5.511700,0.114631,-4.434145,11.175753,-5.274222,-0.011979,0.003615,-1.103578,-19.844732,-0.675734,16.701841,0.180519,2.376759,0.010609,-0.219620,-0.125899,-1.103578,-19.844732,-0.675734,16.701841,0.180519,2.376759,0.010609,-0.219620,-0.125899,87.000000,87.000000,87.000000,87.000000,12.000000,12.000000,12.000000,200.000000,200.000000,0.000000,0.000000,0.000000,0.000000,0.000000,0.000000,0.000000,0.000000,0.000000
117,-0.052679,0.382569,0.366705,1.222221,0.011110,-1.031000,-7.133968,-0.008130,0.012938,0.229898,-2.453604,0.005811,2.474677,-2.830465,0.000081,0.000078,0.509106,-0.033704,-0.380902,-0.015430,-0.135331,0.318077,0.081562,0.000522,-0.000543,-12.150356,-5.439493,9.198817,0.083849,-1.787343,-6.454371,-2.483011,-0.022497,0.021194,-3.500655,-31.345173,-2.184916,20.294874,0.172512,2.730329,0.006285,-0.250767,-0.072437,-3.500655,-31.345173,-2.184916,20.294874,0.172512,2.730329,0.006285,-0.250767,-0.072437,87.000000,87.000000,87.000000,87.000000,12.000000,12.000000,12.000000,200.000000,200.000000,0.000000,0.000000,0.000000,0.000000,0.000000,0.000000,0.000000,0.000000,0.000000
118,0.015920,0.551878,0.407106,1.109934,-0.029421,-1.048480,-7.126481,0.005312,0.014458,0.220173,-2.457683,-0.006876,2.484492,-2.826484,0.000076,0.000082,0.294474,-0.065492,-0.195677,-0.054035,-0.278752,0.068630,0.075755,0.000404,-0.000317,-6.123422,-0.943343,5.647197,-1.690049,6.352207,-5.485033,-2.061920,0.008601,-0.003821,-0.914707,-24.352646,-0.488400,16.134048,0.430879,1.947988,0.027409,-0.185316,-0.131988,-0.914707,-24.352646,-0.488400,16.134048,0.430879,1.947988,0.027409,-0.185316,-0.131988,87.000000,87.000000,87.000000,87.000000,12.000000,12.000000,12.000000,200.000000,200.000000,0.000000,0.000000,0.000000,0.000000,0.000000,0.000000,0.000000,0.000000,0.000000
119,-0.085648,0.362526,0.302853,1.248877,-0.024013,-1.008748,-7.103551,0.016655,0.012782,0.209721,-2.462038,-0.013960,2.493875,-2.819113,0.000088,0.000070,0.210477,-0.214841,-0.251790,-0.001512,-0.119549,0.084204,0.156610,0.000770,-0.000708,-8.289154,-4.278075,4.191440,2.513998,3.468687,-5.009363,-3.841855,-0.005221,0.004147,-5.784575,-31.583870,-3.755904,22.140736,0.628544,2.771875,0.037580,-0.254123,-0.071239,-5.784575,-31.583870,-3.755904,22.140736,0.628544,2.771875,0.037580,-0.254123,-0.071239,87.000000,87.000000,87.000000,87.000000,12.000000,12.000000,12.000000,200.000000,200.000000,0.000000,0.000000,0.000000,0.000000,0.000000,0.000000,0.000000,0.000000,0.000000
120,-0.037722,0.454135,0.340156,1.150955,-0.048698,-0.986391,-7.010149,0.019814,0.007483,0.203641,-2.466174,-0.022368,2.506578,-2.792857,0.000096,0.000066,0.019952,-0.289604,-0.148345,-0.030410,-0.171392,0.177755,0.572968,0.000801,-0.000514,-4.050570,-2.128120,1.687698,0.404197,3.418171,-6.728012,-13.727530,0.020742,-0.005626,-3.371394,-27.174143,-2.196158,18.511187,0.446164,2.303752,-0.006225,-0.229339,-0.090877,-3.371394,-27.174143,-2.196158,18.511187,0.446164,2.303752,-0.006225,-0.229339,-0.090877,87.000000,87.000000,87.000000,87.000000,12.000000,12.000000,12.000000,200.000000,200.000000,0.000000,0.000000,0.000000,0.000000,0.000000,0.000000,0.000000,0.000000,0.000000
121,-3.235813,-2.485929,-5.620738,-0.950262,1.474862,-1.902457,0.862294,0.021470,-0.055709,0.179489,-2.529942,0.057863,2.423716,-2.707576,0.000033,0.000329,-2.175075,-2.165745,1.172504,-2.176988,2.471640,-2.610229,2.572317,-0.001987,0.014045,0.005193,-0.896988,-26.164597,-0.105157,-8.301658,-15.824145,3.636002,-0.192041,0.897040,-87.000000,-87.000000,-87.000000,-54.653954,12.000000,-12.000000,12.000000,-0.186257,-0.157467,-122.502174,-134.759155,-246.771317,-54.653954,47.346268,-21.133587,303.759888,-0.186257,-0.157467,87.000000,87.000000,87.000000,87.000000,12.000000,12.000000,12.000000,200.000000,200.000000,0.000000,0.000000,0.000000,0.000000,0.000000,0.000000,0.000000,0.000000,0.000000
122,-1.970871,-0.273757,-3.813105,0.994155,1.139429,-0.845683,0.541883,0.020124,-0.123802,0.129543,-2.604031,0.151690,2.477752,-2.626747,0.000418,0.000179,-2.206439,-2.130435,0.241096,-1.821476,2.414551,1.799090,2.390296,0.020878,-0.014592,-0.581102,-0.022645,-27.796162,23.687773,-15.732693,-19.548681,7.477784,1.412195,-1.560582,-71.937782,-40.766788,-87.000000,29.375076,12.000000,5.257375,12.000000,0.171518,-2.057962,-71.937782,-40.766788,-167.776901,29.375076,26.301041,5.257375,285.290802,0.171518,-2.057962,87.000000,87.000000,87.000000,87.000000,12.000000,12.000000,12.000000,200.000000,200.000000,0.000000,0.000000,0.000000,0.000000,0.000000,0.000000,0.000000,0.000000,0.000000
123,-2.053355,-0.775620,-4.005597,0.021649,1.194156,-1.284388,0.536951,-0.006654,-0.195504,0.070737,-2.670790,0.235617,2.449488,-2.545597,0.000691,0.000174,-2.169405,-2.176250,-0.844741,-2.147593,2.626915,-1.196890,2.263452,-0.000825,0.010182,-0.035963,0.424576,-31.689322,-18.177788,2.935638,4.191212,0.758085,-1.108446,1.245909,-74.267342,-55.040382,-87.000000,-5.730231,12.000000,-0.853133,12.000000,-3.183426,1.058352,-74.267342,-55.040382,-167.063507,-5.730231,22.058853,-0.853133,278.654694,-3.183426,1.058352,87.000000,87.000000,87.000000,87.000000,12.000000,12.000000,12.000000,200.000000,200.000000,0.000000,0.000000,0.000000,0.000000,0.000000,0.000000,0.000000,0.000000,0.000000
124,-1.535708,-0.232123,-3.071708,0.821827,1.099056,-0.924987,0.318561,-0.052670,-0.260333,0.001595,-2.735878,0.328697,2.480624,-2.465578,0.000934,0.000183,-2.189235,-1.949511,-1.579599,-1.447413,2.782495,0.796718,2.131485,0.017745,-0.009511,0.386896,10.837619,-16.216413,34.383308,-1.311421,-13.560318,0.141978,0.845413,-1.009678,-50.441856,-27.933937,-87.000000,32.763077,10.106389,4.848012,12.000000,-1.746295,-1.382746,-50.441856,-27.933937,-120.541199,32.763077,10.106389,4.848012,263.948792,-1.746295,-1.382746,87.000000,87.000000,87.000000,87.000000,12.000000,12.000000,12.000000,200.000000,200.000000,0.000000,0.000000,0.000000,0.000000,0.000000,0.000000,0.000000,0.000000,0.000000
125,-0.996338,-0.325119,-2.002913,0.556859,1.145021,-0.923533,0.091699,-0.111850,-0.319248,-0.070690,-2.775076,0.418930,2.509571,-2.382641,0.001383,0.000000,-1.980067,-1.886488,-2.175337,-0.894043,2.723836,0.578661,2.397722,0.015263,-0.005595,-10.966114,2.132134,-0.228896,18.079775,-0.346827,-13.315676,5.246558,0.027645,0.063921,-26.240971,-27.642487,-68.668587,22.885645,4.973832,3.057084,12.000000,-3.791720,0.541989,-26.240971,-27.642487,-68.668587,22.885645,4.973832,3.057084,247.662537,-3.791720,0.541989,87.000000,87.000000,87.000000,87.000000,12.000000,12.000000,12.000000,200.000000,200.000000,0.000000,0.000000,0.000000,0.000000,0.000000,0.000000,0.000000,0.000000,0.000000
126,-0.586379,0.064936,-1.145395,0.572662,1.120187,-1.044230,-0.166604,-0.182311,-0.365642,-0.143286,-2.786252,0.485898,2.500639,-2.295762,0.001606,0.000022,-2.182302,-1.223128,-2.185994,0.059452,1.589525,-0.346562,2.611104,0.004781,0.001605,-4.728856,18.593544,-0.306530,22.910315,-29.431334,8.069144,0.514026,-0.527561,0.400156,-3.358209,-9.190453,-28.540911,22.127619,0.007247,2.628573,12.000000,-4.501687,0.506424,-3.358209,-9.190453,-28.540911,22.127619,0.007247,2.628573,229.347412,-4.501687,0.506424,87.000000,87.000000,87.000000,87.000000,12.000000,12.000000,12.000000,200.000000,200.000000,0.000000,0.000000,0.000000,0.000000,0.000000,0.000000,0.000000,0.000000,0.000000
127,-0.011878,0.069505,-0.077180,0.452592,1.160025,-1.204870,-0.398394,-0.233149,-0.394979,-0.215486,-2.775676,0.540298,2.471017,-2.208652,0.001405,0.000149,-1.030563,-0.796948,-2.054692,0.512785,1.320811,-0.838290,2.613572,-0.007058,0.006564,31.488625,11.799916,8.470801,7.826791,-25.429930,15.907387,-0.017538,-0.519978,0.337498,22.784142,-8.210449,20.072510,14.358614,-1.807780,0.341578,12.000000,-3.311739,-0.176075,22.784142,-8.210449,20.072510,14.358614,-1.807780,0.341578,213.065033,-3.311739,-0.176075,87.000000,87.000000,87.000000,87.000000,12.000000,12.000000,12.000000,200.000000,200.000000,0.000000,0.000000,0.000000,0.000000,0.000000,0.000000,0.000000,0.000000,0.000000
128,0.504234,0.464750,0.852044,0.444082,1.161898,-1.453554,-0.667789,-0.287028,-0.405319,-0.220379,-2.753034,0.581104,2.408846,-2.121485,0.000849,0.000344,-1.296259,-0.057573,0.802680,0.838535,0.943672,-1.566409,2.616247,-0.018358,0.008103,36.165890,18.764580,45.327740,0.574533,-25.509418,37.801743,0.012932,-0.463675,0.178952,48.670307,6.786098,52.122486,10.826694,-4.014811,-1.410913,12.000000,-1.323492,-0.949984,48.670307,6.786098,52.122486,10.826694,-4.014811,-1.410913,195.310379,-1.323492,-0.949984,87.000000,87.000000,87.000000,87.000000,12.000000,12.000000,12.000000,200.000000,200.000000,0.000000,0.000000,0.000000,0.000000,0.000000,0.000000,0.000000,0.000000,0.000000
129,0.572861,0.335253,1.011744,0.418981,1.166438,-1.603958,-0.779263,-0.308238,-0.401682,-0.170207,-2.730682,0.600923,2.344243,-2.034318,0.000322,0.000374,0.149001,0.186412,1.972116,0.710856,0.412975,-1.651517,2.616002,-0.014052,0.001642,54.836597,6.920260,23.477974,-7.389578,-15.354251,32.779373,-0.032787,0.092026,-0.059552,50.332169,-0.033956,50.112400,7.905699,-3.431341,-2.299741,12.000000,0.416578,-0.994811,50.332169,-0.033956,50.112400,7.905699,-3.431341,-2.299741,183.875412,0.416578,-0.994811,87.000000,87.000000,87.000000,87.000000,12.000000,12.000000,12.000000,200.000000,200.000000,0.000000,0.000000,0.000000,0.000000,0.000000,0.000000,0.000000,0.000000,0.000000
130,0.325594,0.241132,0.621412,0.405089,1.063208,-1.612999,-0.835967,-0.267432,-0.390886,-0.113560,-2.713579,0.578962,2.300204,-1.947249,0.000148,0.000242,1.627263,0.352833,1.995868,0.515226,-0.635180,-1.179684,2.613326,-0.003183,-0.002880,20.495609,5.963249,21.698454,-6.821072,8.003675,15.894848,-0.065703,0.323569,-0.086208,31.367966,-5.118392,29.732462,6.592559,-1.670436,-1.342237,12.000000,0.468042,-0.482726,31.367966,-5.118392,29.732462,6.592559,-1.670436,-1.342237,174.646301,0.468042,-0.482726,87.000000,87.000000,87.000000,87.000000,12.000000,12.000000,12.000000,200.000000,200.000000,0.000000,0.000000,0.000000,0.000000,0.000000,0.000000,0.000000,0.000000,0.000000
131,-0.167366,-0.016381,-0.255280,0.503064,0.915854,-1.435366,-0.631752,-0.190107,-0.377707,-0.079220,-2.704898,0.520447,2.300735,-1.861612,0.000156,0.000138,2.329960,0.264524,0.746329,0.213814,-1.513011,0.046696,2.404053,-0.001312,0.000026,-0.953822,-4.539150,-23.690224,-9.649428,27.675896,3.841843,-9.699797,-0.052185,0.175757,2.224879,-16.840326,-7.347175,10.445589,0.594999,1.789537,12.000000,-0.288766,-0.029475,2.224879,-16.840326,-7.347175,10.445589,0.594999,1.789537,176.058762,-0.288766,-0.029475,87.000000,87.000000,87.000000,87.000000,12.000000,12.000000,12.000000,200.000000,200.000000,0.000000,0.000000,0.000000,0.000000,0.000000,0.000000,0.000000,0.000000,0.000000
132,-0.569962,-0.042686,-1.063201,0.313081,0.790066,-1.377896,-0.433997,-0.096103,-0.373941,-0.112094,-2.713674,0.451026,2.314364,-1.782506,0.000170,0.000057,2.753627,-0.118434,-1.812943,-0.445232,-1.619579,0.233429,1.932096,-0.000816,0.000033,-9.697222,-12.805711,-59.005508,-19.269262,39.387993,-2.990540,-0.588427,-0.035463,0.065529,-23.139378,-17.692572,-32.241791,4.731712,2.156162,2.114996,12.000000,-0.330860,-0.058242,-23.139378,-17.692572,-32.241791,4.731712,2.156162,2.114996,179.907547,-0.330860,-0.058242,87.000000,87.000000,87.000000,87.000000,12.000000,12.000000,12.000000,200.000000,200.000000,0.000000,0.000000,0.000000,0.000000,0.000000,0.000000,0.000000,0.000000,0.000000
133,-0.538610,-0.103832,-1.039247,0.505769,0.758881,-1.201164,-0.339984,-0.031966,-0.380885,-0.172600,-2.739246,0.406735,2.356115,-1.703503,0.000152,0.000029,1.229947,-0.344897,-1.739944,-0.722876,-0.994321,0.923997,1.901222,-0.000396,-0.000082,-48.333210,-6.838957,7.606172,-5.460766,21.752922,-21.996483,-7.816193,0.055275,-0.005197,-24.993546,-18.641033,-22.732021,15.982213,1.622050,2.896012,12.000000,-0.153215,-0.098409,-24.993546,-18.641033,-22.732021,15.982213,1.622050,2.896012,176.954468,-0.153215,-0.098409,87.000000,87.000000,87.000000,87.000000,12.000000,12.000000,12.000000,200.000000,200.000000,0.000000,0.000000,0.000000,0.000000,0.000000,0.000000,0.000000,0.000000,0.000000
134,-0.412455,0.093439,-0.804782,0.435587,0.733677,-1.288509,-0.387773,-0.025659,-0.389383,-0.214659,-2.767216,0.378596,2.364405,-1.623188,0.000167,0.000047,-0.397541,-0.228544,-1.053042,-0.712557,-0.520590,-0.041450,2.149354,-0.001296,0.002894,-31.478239,4.231664,6.844131,-1.142070,16.240267,-5.068705,6.739854,-0.032830,0.103794,-15.174155,-9.730771,-11.859581,15.645472,1.310296,2.255101,12.000000,-0.268789,-0.152150,-15.174155,-9.730771,-11.859581,15.645472,1.310296,2.255101,168.716797,-0.268789,-0.152150,87.000000,87.000000,87.000000,87.000000,12.000000,12.000000,12.000000,200.000000,200.000000,0.000000,0.000000,0.000000,0.000000,0.000000,0.000000,0.000000,0.000000,0.000000
135,-0.212789,-0.036017,-0.415993,0.728160,0.740925,-1.079627,-0.408825,-0.059190,-0.391743,-0.229729,-2.792012,0.371965,2.407998,-1.536299,0.000199,0.000105,-1.253796,-0.033171,-0.194544,-0.357823,-0.167354,1.058227,2.612887,0.004038,0.000610,-8.451483,4.895599,7.862616,17.260565,-0.125985,-17.818935,-0.002975,0.335553,-0.217550,-0.908674,-15.192833,2.665093,29.440077,0.267854,3.504429,12.000000,-0.088364,-0.667501,-0.908674,-15.192833,2.665093,29.440077,0.267854,3.504429,158.861069,-0.088364,-0.667501,87.000000,87.000000,87.000000,87.000000,12.000000,12.000000,12.000000,200.000000,200.000000,0.000000,0.000000,0.000000,0.000000,0.000000,0.000000,0.000000,0.000000,0.000000
136,0.031491,0.137182,0.068027,0.494853,0.743817,-1.207126,-0.521693,-0.115393,-0.387987,-0.208397,-2.802188,0.374562,2.417214,-1.449273,0.000244,0.000092,-1.512042,0.145205,0.913124,-0.061120,0.139249,-0.019963,2.612891,-0.001501,0.002235,20.905472,4.169562,7.438320,6.029104,-0.734988,-4.207709,0.012031,-0.195154,0.097389,15.710119,-9.094138,17.364305,19.486809,-0.649741,1.276351,12.000000,-0.689314,-0.210505,15.710119,-9.094138,17.364305,19.486809,-0.649741,1.276351,147.385345,-0.689314,-0.210505,87.000000,87.000000,87.000000,87.000000,12.000000,12.000000,12.000000,200.000000,200.000000,0.000000,0.000000,0.000000,0.000000,0.000000,0.000000,0.000000,0.000000,0.000000
137,0.003033,-0.020433,0.079447,0.637920,0.711381,-1.198057,-0.593127,-0.150127,-0.382382,-0.178305,-2.803219,0.369427,2.417701,-1.362216,0.000175,0.000099,-0.613982,0.114784,0.913414,0.240063,-0.126070,-0.119301,2.612925,-0.002585,0.001168,29.540934,-1.155010,-2.257626,7.895369,1.927794,0.258019,-0.018053,0.008736,-0.046340,15.483910,-16.068995,14.832268,24.593533,-0.691944,2.131004,12.000000,-0.151459,-0.399203,15.483910,-16.068995,14.832268,24.593533,-0.691944,2.131004,137.561646,-0.151459,-0.399203,87.000000,87.000000,87.000000,87.000000,12.000000,12.000000,12.000000,200.000000,200.000000,0.000000,0.000000,0.000000,0.000000,0.000000,0.000000,0.000000,0.000000,0.000000
138,-0.068040,-0.054965,-0.000100,0.727894,0.624228,-1.109465,-0.640842,-0.155116,-0.377181,-0.153039,-2.794772,0.344715,2.434320,-1.275154,0.000113,0.000086,0.114138,0.100583,0.785788,0.547274,-0.642434,0.348116,2.612375,-0.001606,0.000191,16.875973,-1.031733,0.652717,9.918755,10.526411,-6.379458,-0.032215,0.041063,-0.083216,10.375048,-17.812681,10.133453,26.817339,-0.349387,2.729414,12.000000,-0.033840,-0.368553,10.375048,-17.812681,10.133453,26.817339,-0.349387,2.729414,128.688858,-0.033840,-0.368553,87.000000,87.000000,87.000000,87.000000,12.000000,12.000000,12.000000,200.000000,200.000000,0.000000,0.000000,0.000000,0.000000,0.000000,0.000000,0.000000,0.000000,0.000000
139,-0.203080,-0.078802,-0.252157,0.523007,0.564621,-1.178183,-0.572537,-0.135946,-0.376386,-0.143089,-2.781041,0.312372,2.433682,-1.188342,0.000116,0.000058,0.694450,-0.122269,0.213044,0.486304,-0.699280,-0.222027,2.577081,-0.001595,0.000982,5.145932,-6.308856,-3.895040,-4.696276,18.553307,-1.642800,-2.048592,-0.032026,0.037789,1.241357,-18.535200,0.509271,16.854591,0.484104,1.802966,12.000000,-0.142382,-0.158088,1.241357,-18.535200,0.509271,16.854591,0.484104,1.802966,124.466484,-0.142382,-0.158088,87.000000,87.000000,87.000000,87.000000,12.000000,12.000000,12.000000,200.000000,200.000000,0.000000,0.000000,0.000000,0.000000,0.000000,0.000000,0.000000,0.000000,0.000000
140,-0.311532,-0.006623,-0.472207,0.455906,0.509374,-1.272655,-0.541515,-0.106899,-0.381502,-0.150185,-2.770986,0.279555,2.410978,-1.103669,0.000119,0.000053,0.775235,-0.253786,-0.271100,0.313994,-0.673012,-0.740009,2.369224,-0.001827,0.001600,-8.186441,-3.542225,-2.058291,-8.980721,19.819477,9.822091,-1.948242,-0.014475,0.019859,-6.397656,-14.735696,-6.320844,13.576066,0.893077,1.879211,12.000000,-0.100760,-0.216497,-6.397656,-14.735696,-6.320844,13.576066,0.893077,1.879211,119.682922,-0.100760,-0.216497,87.000000,87.000000,87.000000,87.000000,12.000000,12.000000,12.000000,200.000000,200.000000,0.000000,0.000000,0.000000,0.000000,0.000000,0.000000,0.000000,0.000000,0.000000
141,-0.330016,0.055677,-0.548705,0.422543,0.485648,-1.300246,-0.495691,-0.083946,-0.389152,-0.165252,-2.769600,0.256487,2.391148,-1.019375,0.000113,0.000068,0.468627,-0.274646,-0.439597,0.059723,-0.457161,-0.597644,2.355280,-0.001424,0.001706,-14.333499,-0.350026,0.570243,-8.252706,13.000740,9.536379,0.205507,0.010569,0.002134,-8.518731,-11.399752,-7.566568,12.842194,0.814889,1.983511,12.000000,-0.075457,-0.283896,-8.518731,-11.399752,-7.566568,12.842194,0.814889,1.983511,114.965981,-0.075457,-0.283896,87.000000,87.000000,87.000000,87.000000,12.000000,12.000000,12.000000,200.000000,200.000000,0.000000,0.000000,0.000000,0.000000,0.000000,0.000000,0.000000,0.000000,0.000000
142,-0.330812,0.101073,-0.553310,0.478069,0.427295,-1.338146,-0.523599,-0.076459,-0.395024,-0.181263,-2.772695,0.230857,2.370329,-0.934269,0.000115,0.000085,0.000801,-0.158427,-0.440168,0.004610,-0.540404,-0.625659,2.437841,-0.001052,0.001620,-12.540237,3.475409,0.491883,-3.527376,14.352514,11.000175,3.365235,0.036124,-0.035523,-7.803949,-9.206607,-6.473830,15.725674,0.826783,2.296115,12.000000,-0.064881,-0.377256,-7.803949,-9.206607,-6.473830,15.725674,0.826783,2.296115,106.971855,-0.064881,-0.377256,87.000000,87.000000,87.000000,87.000000,12.000000,12.000000,12.000000,200.000000,200.000000,0.000000,0.000000,0.000000,0.000000,0.000000,0.000000,0.000000,0.000000,0.000000
143,-0.177207,-0.085443,-0.248285,0.635008,0.430176,-1.124734,-0.553977,-0.090221,-0.399177,-0.179270,-2.781365,0.222492,2.402706,-0.847234,0.000113,0.000125,-0.571157,-0.175316,0.285113,-0.032518,-0.239427,0.818419,2.610632,0.001091,0.001064,-4.813310,-1.107842,8.187130,6.534218,-0.917506,-12.373731,-0.026150,0.089612,-0.044766,1.378644,-16.549944,4.093025,23.365274,-0.069014,3.090035,12.000000,-0.117955,-0.438573,1.378644,-16.549944,4.093025,23.365274,-0.069014,3.090035,97.935707,-0.117955,-0.438573,87.000000,87.000000,87.000000,87.000000,12.000000,12.000000,12.000000,200.000000,200.000000,0.000000,0.000000,0.000000,0.000000,0.000000,0.000000,0.000000,0.000000,0.000000
144,-0.199094,0.086080,-0.265258,0.467315,0.392464,-1.227386,-0.596750,-0.107293,-0.402367,-0.171728,-2.784233,0.206850,2.407406,-0.760239,0.000159,0.000083,-0.421216,-0.091372,0.207533,0.066082,-0.293426,-0.145106,2.610411,-0.000341,0.000863,8.120398,2.565230,-4.093415,-0.538655,10.402917,-4.053920,0.002689,-0.037042,0.000887,2.233288,-9.451005,2.294528,16.225048,0.491171,1.603671,12.000000,-0.331470,-0.280380,2.233288,-9.451005,2.294528,16.225048,0.491171,1.603671,89.267838,-0.331470,-0.280380,87.000000,87.000000,87.000000,87.000000,12.000000,12.000000,12.000000,200.000000,200.000000,0.000000,0.000000,0.000000,0.000000,0.000000,0.000000,0.000000,0.000000,0.000000
145,-0.166012,0.061686,-0.201679,0.593409,0.340216,-1.202373,-0.619390,-0.118317,-0.401631,-0.164730,-2.783793,0.187974,2.409238,-0.673229,0.000148,0.000077,-0.248463,0.044521,0.256141,0.235033,-0.428650,-0.068613,2.610344,-0.000767,0.000686,7.047580,3.554964,0.437877,4.469621,9.314349,0.330255,-0.009027,0.009257,-0.065136,3.911440,-10.790047,4.412364,21.067438,0.196301,2.522403,12.000000,-0.208598,-0.355641,3.911440,-10.790047,4.412364,21.067438,0.196301,2.522403,81.401100,-0.208598,-0.355641,87.000000,87.000000,87.000000,87.000000,12.000000,12.000000,12.000000,200.000000,200.000000,0.000000,0.000000,0.000000,0.000000,0.000000,0.000000,0.000000,0.000000,0.000000
146,-0.236428,0.185809,-0.330585,0.389113,0.279870,-1.384877,-0.646825,-0.119836,-0.396985,-0.165081,-2.778914,0.161167,2.375676,-0.586484,0.000182,0.000037,0.038531,0.160034,-0.069894,0.197529,-0.513495,-1.058675,2.583224,-0.000691,0.000822,5.506440,3.722059,-4.457566,-7.483230,17.857510,14.647457,1.563434,0.016591,-0.013833,0.381818,-6.495093,-0.139010,11.925935,0.658114,1.344409,12.000000,-0.262586,-0.197120,0.381818,-6.495093,-0.139010,11.925935,0.658114,1.344409,73.570312,-0.262586,-0.197120,87.000000,87.000000,87.000000,87.000000,12.000000,12.000000,12.000000,200.000000,200.000000,0.000000,0.000000,0.000000,0.000000,0.000000,0.000000,0.000000,0.000000,0.000000
147,-0.088184,0.083727,-0.056707,0.550982,0.268962,-1.294393,-0.688537,-0.125527,-0.388658,-0.152679,-2.779366,0.148980,2.369815,-0.499476,0.000169,0.000047,-0.175396,0.245606,0.596346,0.149881,-0.284821,-0.165819,2.609993,-0.000483,0.000849,3.689556,1.925557,9.466786,1.495760,3.060949,5.361944,-0.005250,0.002864,-0.028481,7.191639,-11.571981,8.877533,19.073595,-0.279582,2.561188,12.000000,-0.282009,-0.236131,7.191639,-11.571981,8.877533,19.073595,-0.279582,2.561188,64.736610,-0.282009,-0.236131,87.000000,87.000000,87.000000,87.000000,12.000000,12.000000,12.000000,200.000000,200.000000,0.000000,0.000000,0.000000,0.000000,0.000000,0.000000,0.000000,0.000000,0.000000
148,-0.193304,-0.116166,-0.182424,0.703283,0.193437,-1.110204,-0.673348,-0.123983,-0.381016,-0.138155,-2.779569,0.123705,2.405209,-0.412472,0.000136,0.000067,0.120400,0.121824,0.434431,0.237901,-0.690290,0.849506,2.610017,-0.000497,0.000774,4.489333,-4.482907,-0.857150,7.154210,8.455695,-14.338467,0.005765,0.001244,-0.003745,2.136822,-20.209297,2.510855,25.274111,0.086984,3.273279,12.000000,-0.213889,-0.227384,2.136822,-20.209297,2.510855,25.274111,0.086984,3.273279,58.384491,-0.213889,-0.227384,87.000000,87.000000,87.000000,87.000000,12.000000,12.000000,12.000000,200.000000,200.000000,0.000000,0.000000,0.000000,0.000000,0.000000,0.000000,0.000000,0.000000,0.000000
149,-0.374254,-0.103481,-0.491840,0.528781,0.107111,-1.192777,-0.618337,-0.109811,-0.380254,-0.143254,-2.775589,0.083865,2.414077,-0.325460,0.000140,0.000051,0.405006,-0.137079,-0.315715,0.197959,-0.864956,-0.026181,2.609941,-0.001144,0.000744,-4.135310,-7.459417,-8.274240,-4.964036,23.344135,-5.895340,-0.005450,-0.011337,-0.023162,-7.460928,-19.245098,-7.899076,17.392378,1.172156,2.038476,12.000000,-0.193751,-0.229923,-7.460928,-19.245098,-7.899076,17.392378,1.172156,2.038476,53.623566,-0.193751,-0.229923,87.000000,87.000000,87.000000,87.000000,12.000000,12.000000,12.000000,200.000000,200.000000,0.000000,0.000000,0.000000,0.000000,0.000000,0.000000,0.000000,0.000000,0.000000
150,-0.305245,-0.070821,-0.368588,0.642207,0.088812,-1.130410,-0.642554,-0.105845,-0.384618,-0.148522,-2.773712,0.060257,2.427494,-0.238460,0.000118,0.000086,-0.050081,-0.205237,-0.066916,0.245420,-0.502552,0.215548,2.609706,-0.001004,0.001949,-8.531285,-2.171663,2.797755,2.998601,11.399169,-5.555986,-0.000572,0.007736,0.021194,-4.089690,-17.105453,-2.550063,22.104753,0.669917,2.849669,12.000000,-0.132099,-0.299721,-4.089690,-17.105453,-2.550063,22.104753,0.669917,2.849669,45.695930,-0.132099,-0.299721,87.000000,87.000000,87.000000,87.000000,12.000000,12.000000,12.000000,200.000000,200.000000,0.000000,0.000000,0.000000,0.000000,0.000000,0.000000,0.000000,0.000000,0.000000
151,-0.178451,0.149162,-0.183401,0.358094,0.068731,-1.332820,-0.683027,-0.113936,-0.389611,-0.142812,-2.770287,0.044466,2.399127,-0.151431,0.000172,0.000051,-0.241752,-0.160632,0.263474,0.118056,-0.217989,-0.959750,2.609867,0.000585,0.000060,3.292551,2.059850,1.784869,-9.513194,12.105444,11.795392,-0.015950,0.074587,-0.096217,2.817935,-7.787369,3.460829,10.091893,0.439932,1.119327,12.000000,-0.234163,-0.308597,2.817935,-7.787369,3.460829,10.091893,0.439932,1.119327,37.113464,-0.234163,-0.308597,87.000000,87.000000,87.000000,87.000000,12.000000,12.000000,12.000000,200.000000,200.000000,0.000000,0.000000,0.000000,0.000000,0.000000,0.000000,0.000000,0.000000,0.000000
152,-0.334749,-0.142556,-0.421271,0.672320,0.023889,-1.192646,-0.650427,-0.112598,-0.395590,-0.148628,-2.772458,0.026082,2.401370,-0.064449,0.000134,0.000084,0.050351,-0.274693,-0.287587,0.123936,-0.473779,0.046187,2.609288,-0.001395,0.001860,-1.280330,-3.719795,-6.157001,3.159773,6.862317,1.407608,0.009842,-0.065546,0.045545,-4.559132,-19.004160,-4.595832,23.537310,0.455622,3.317201,12.000000,-0.272950,-0.248276,-4.559132,-19.004160,-4.595832,23.537310,0.455622,3.317201,31.462137,-0.272950,-0.248276,87.000000,87.000000,87.000000,87.000000,12.000000,12.000000,12.000000,200.000000,200.000000,0.000000,0.000000,0.000000,0.000000,0.000000,0.000000,0.000000,0.000000,0.000000
153,-0.172521,0.206867,-0.176716,0.375396,-0.032520,-1.315282,-0.716205,-0.119567,-0.400002,-0.147616,-2.773247,0.003471,2.387281,0.022575,0.000158,0.000063,-0.257212,-0.077553,0.190602,0.047397,-0.455342,-0.537497,2.609880,0.000683,-0.000267,0.419662,5.872621,5.989116,-5.615800,13.016603,6.360347,-0.004148,0.082105,-0.115534,3.376549,-4.654819,4.550014,11.427526,0.337687,1.349416,12.000000,-0.209389,-0.339445,3.376549,-4.654819,4.550014,11.427526,0.337687,1.349416,21.866745,-0.209389,-0.339445,87.000000,87.000000,87.000000,87.000000,12.000000,12.000000,12.000000,200.000000,200.000000,0.000000,0.000000,0.000000,0.000000,0.000000,0.000000,0.000000,0.000000,0.000000
154,-0.243860,-0.092958,-0.258063,0.680361,-0.032047,-1.187299,-0.698016,-0.123909,-0.401887,-0.144984,-2.776247,-0.008673,2.397353,0.109564,0.000137,0.000085,-0.083462,-0.113047,0.073001,0.147812,-0.274117,0.181189,2.609370,-0.001189,0.002020,3.173301,-1.370598,-1.614812,6.109219,4.266926,-3.597153,0.011487,-0.076654,0.088314,0.578486,-16.815117,0.949617,24.265934,0.324974,3.198527,12.000000,-0.313091,-0.188292,0.578486,-16.815117,0.949617,24.265934,0.324974,3.198527,15.637591,-0.313091,-0.188292,87.000000,87.000000,87.000000,87.000000,12.000000,12.000000,12.000000,200.000000,200.000000,0.000000,0.000000,0.000000,0.000000,0.000000,0.000000,0.000000,0.000000,0.000000
155,-0.226784,0.123226,-0.235676,0.482381,-0.122644,-1.258357,-0.733498,-0.126389,-0.401945,-0.143100,-2.774430,-0.036332,2.394908,0.196573,0.000132,0.000081,-0.062381,0.020230,0.100873,0.184038,-0.631641,-0.221343,2.609718,0.000153,-0.000115,1.778571,3.643389,1.001504,-1.858646,14.674954,1.792320,0.002561,0.059257,-0.107975,1.319367,-8.232965,1.775137,15.651283,0.470679,1.918442,7.256068,-0.165287,-0.368596,1.319367,-8.232965,1.775137,15.651283,0.470679,1.918442,7.256068,-0.165287,-0.368596,87.000000,87.000000,87.000000,87.000000,12.000000,12.000000,12.000000,200.000000,200.000000,0.000000,0.000000,0.000000,0.000000,0.000000,0.000000,0.000000,0.000000,0.000000
156,-0.158122,0.148568,-0.110704,0.517922,-0.149248,-1.351759,-0.783001,-0.130732,-0.397336,-0.133151,-2.770232,-0.057243,2.370896,0.269697,0.000162,0.000038,-0.088753,0.172799,0.404562,0.263613,-0.377900,-0.765371,1.626163,0.000487,-0.000703,4.828656,4.539868,3.460253,-1.522098,12.630441,11.667058,-37.815540,0.016113,-0.056574,4.648851,-7.942705,5.318512,16.545149,0.306524,2.109838,-0.131277,-0.319782,-0.151718,4.648851,-7.942705,5.318512,16.545149,0.306524,2.109838,-0.131277,-0.319782,-0.151718,87.000000,87.000000,87.000000,87.000000,12.000000,12.000000,12.000000,200.000000,200.000000,0.000000,0.000000,0.000000,0.000000,0.000000,0.000000,0.000000,0.000000,0.000000
157,-0.167736,-0.065231,-0.095955,0.580514,-0.140451,-1.235536,-0.788520,-0.131529,-0.392457,-0.118323,-2.770723,-0.064171,2.379952,0.307167,0.000129,0.000042,0.056615,0.047021,0.485184,0.127321,-0.171759,0.168183,0.810887,-0.001315,0.000894,5.948833,-3.979710,0.689440,0.329672,0.254006,-3.509446,-19.329208,-0.039510,0.047547,4.004910,-17.033529,4.346542,19.557020,-0.073379,2.704029,-0.112789,-0.226020,-0.082528,4.004910,-17.033529,4.346542,19.557020,-0.073379,2.704029,-0.112789,-0.226020,-0.082528,87.000000,87.000000,87.000000,87.000000,12.000000,12.000000,12.000000,200.000000,200.000000,0.000000,0.000000,0.000000,0.000000,0.000000,0.000000,0.000000,0.000000,0.000000
158,-0.413246,-0.085310,-0.510975,0.664649,-0.210840,-1.133648,-0.720300,-0.115229,-0.390846,-0.126896,-2.770787,-0.088924,2.408851,0.342402,0.000071,0.000091,0.480234,-0.038649,-0.478905,0.206105,-0.624085,0.612630,0.760174,-0.001396,0.001434,-5.132366,-3.221320,-10.612034,4.190722,10.661358,-13.070701,-18.491753,0.029365,-0.006070,-8.849298,-17.693279,-9.673444,22.939114,0.881308,2.733701,-0.021337,0.014418,-0.301429,-8.849298,-17.693279,-9.673444,22.939114,0.881308,2.733701,-0.021337,0.014418,-0.301429,87.000000,87.000000,87.000000,87.000000,12.000000,12.000000,12.000000,200.000000,200.000000,0.000000,0.000000,0.000000,0.000000,0.000000,0.000000,0.000000,0.000000,0.000000
159,-0.284297,0.054475,-0.335848,0.487455,-0.221124,-1.222448,-0.723084,-0.109188,-0.391365,-0.136503,-2.768515,-0.104697,2.411203,0.360041,0.000069,0.000090,0.009471,-0.059618,-0.176154,0.167767,-0.254675,-0.182338,0.386802,-0.000696,0.000546,-9.179004,-0.234674,4.313945,-3.625401,10.392665,-2.667469,-8.641426,0.003107,-0.009389,-3.186005,-11.835087,-1.820287,15.326614,0.767763,1.677907,0.022026,-0.069454,-0.249138,-3.186005,-11.835087,-1.820287,15.326614,0.767763,1.677907,0.022026,-0.069454,-0.249138,87.000000,87.000000,87.000000,87.000000,12.000000,12.000000,12.000000,200.000000,200.000000,0.000000,0.000000,0.000000,0.000000,0.000000,0.000000,0.000000,0.000000,0.000000
160,-0.275582,0.084621,-0.313853,0.496234,-0.215988,-1.321680,-0.734593,-0.112419,-0.391571,-0.140967,-2.766731,-0.110816,2.387548,0.366522,0.000074,0.000084,-0.158101,-0.022221,-0.100948,0.151359,-0.031983,-0.771098,0.144110,-0.000560,0.000470,-2.794708,1.575881,-0.223762,-3.908345,5.792181,11.018031,-2.922719,0.005229,-0.003685,-1.760930,-10.608818,-1.050472,15.562192,0.607899,1.956535,0.019610,-0.084911,-0.221208,-1.760930,-10.608818,-1.050472,15.562192,0.607899,1.956535,0.019610,-0.084911,-0.221208,87.000000,87.000000,87.000000,87.000000,12.000000,12.000000,12.000000,200.000000,200.000000,0.000000,0.000000,0.000000,0.000000,0.000000,0.000000,0.000000,0.000000,0.000000
161,-0.254916,0.162527,-0.298198,0.429124,-0.172482,-1.359973,-0.745650,-0.117424,-0.389089,-0.145542,-2.769272,-0.102556,2.366119,0.367250,0.000086,0.000075,-0.158270,0.091154,-0.130888,0.003838,0.281197,-0.661214,0.022375,-0.000383,0.000480,-0.100006,3.608567,-1.329469,-4.439140,-3.170256,9.772667,-0.204209,0.004888,0.004431,-0.375720,-7.877041,-0.047452,13.443510,0.333178,1.786567,0.000284,-0.120433,-0.191682,-0.375720,-7.877041,-0.047452,13.443510,0.333178,1.786567,0.000284,-0.120433,-0.191682,87.000000,87.000000,87.000000,87.000000,12.000000,12.000000,12.000000,200.000000,200.000000,0.000000,0.000000,0.000000,0.000000,0.000000,0.000000,0.000000,0.000000,0.000000
162,-0.149825,-0.055038,-0.066816,0.608481,-0.177806,-1.237029,-0.789758,-0.131736,-0.385830,-0.136145,-2.775784,-0.095544,2.375137,0.357502,0.000083,0.000076,-0.415440,0.019618,0.455454,0.001813,0.112508,0.159021,-0.214529,-0.000277,0.000137,4.757606,-2.615317,6.455703,3.779881,-7.157876,-3.143766,4.869617,-0.007430,-0.005781,5.912548,-17.003361,7.358755,21.612997,-0.242145,3.075134,-0.061890,-0.147413,-0.183242,5.912548,-17.003361,7.358755,21.612997,-0.242145,3.075134,-0.061890,-0.147413,-0.183242,87.000000,87.000000,87.000000,87.000000,12.000000,12.000000,12.000000,200.000000,200.000000,0.000000,0.000000,0.000000,0.000000,0.000000,0.000000,0.000000,0.000000,0.000000
163,-0.195606,0.019920,-0.116294,0.664408,-0.189862,-1.153518,-0.779815,-0.139573,-0.382381,-0.123328,-2.777781,-0.097176,2.400359,0.354656,0.000081,0.000078,-0.095338,0.088102,0.379647,0.216190,-0.058439,0.499961,-0.061555,-0.000184,0.000231,9.161095,1.451189,-1.603022,8.573659,-1.022980,-11.463364,1.141745,0.018015,-0.010708,4.126338,-14.229062,4.079132,23.715914,0.215942,3.004690,-0.059473,-0.102566,-0.204373,4.126338,-14.229062,4.079132,23.715914,0.215942,3.004690,-0.059473,-0.102566,-0.204373,87.000000,87.000000,87.000000,87.000000,12.000000,12.000000,12.000000,200.000000,200.000000,0.000000,0.000000,0.000000,0.000000,0.000000,0.000000,0.000000,0.000000,0.000000
164,-0.326630,-0.038323,-0.374280,0.588900,-0.208768,-1.170166,-0.720783,-0.129052,-0.380084,-0.128469,-2.774028,-0.105547,2.414611,0.366887,0.000073,0.000085,0.366272,-0.026162,-0.292555,0.272209,-0.144373,0.161487,0.270793,-0.001015,0.000876,-0.310546,-3.377532,-6.607661,0.678819,5.337059,-7.530438,-6.447431,-0.024150,0.017122,-3.703623,-16.713596,-4.343365,19.796509,0.735019,2.311666,0.000700,-0.099917,-0.216706,-3.703623,-16.713596,-4.343365,19.796509,0.735019,2.311666,0.000700,-0.099917,-0.216706,87.000000,87.000000,87.000000,87.000000,12.000000,12.000000,12.000000,200.000000,200.000000,0.000000,0.000000,0.000000,0.000000,0.000000,0.000000,0.000000,0.000000,0.000000
165,-0.210546,0.020129,-0.170549,0.489003,-0.224418,-1.269214,-0.760288,-0.127398,-0.381316,-0.126466,-2.769572,-0.111335,2.401533,0.364080,0.000078,0.000079,-0.043805,-0.113708,0.220178,0.212002,-0.059205,-0.525862,-0.061825,-0.000565,0.000503,-3.040745,-2.094173,6.185397,-4.961356,4.544072,5.985535,1.837245,-0.007677,0.008656,1.704875,-13.970508,3.046023,15.281846,0.309667,1.993697,0.010162,-0.113310,-0.194330,1.704875,-13.970508,3.046023,15.281846,0.309667,1.993697,0.010162,-0.113310,-0.194330,87.000000,87.000000,87.000000,87.000000,12.000000,12.000000,12.000000,200.000000,200.000000,0.000000,0.000000,0.000000,0.000000,0.000000,0.000000,0.000000,0.000000,0.000000
166,-0.278710,0.021449,-0.298018,0.507849,-0.179246,-1.277050,-0.742233,-0.122906,-0.384631,-0.126962,-2.769605,-0.104954,2.390812,0.366681,0.000073,0.000084,0.156340,-0.156288,-0.074841,0.100845,0.229874,-0.399022,0.065123,-0.000884,0.000790,0.023743,-0.901882,-3.830612,-2.823544,-2.491691,4.690708,-1.340305,0.001208,0.000452,-1.714316,-13.472370,-1.821696,16.454720,0.430498,2.136369,0.003191,-0.067631,-0.235226,-1.714316,-13.472370,-1.821696,16.454720,0.430498,2.136369,0.003191,-0.067631,-0.235226,87.000000,87.000000,87.000000,87.000000,12.000000,12.000000,12.000000,200.000000,200.000000,0.000000,0.000000,0.000000,0.000000,0.000000,0.000000,0.000000,0.000000,0.000000
167,-0.366978,0.043215,-0.482013,0.548402,-0.207065,-1.243291,-0.695540,-0.112261,-0.387631,-0.142897,-2.771596,-0.108452,2.391833,0.379200,0.000049,0.000107,0.233233,-0.112047,-0.564322,0.091370,-0.083257,-0.077241,0.274098,-0.000940,0.000910,-7.896780,1.087132,-4.145402,0.374200,1.191687,0.010235,-6.635517,0.010000,-0.006164,-6.745957,-12.367548,-6.627948,18.443094,0.627305,2.289396,0.005540,-0.003618,-0.297226,-6.745957,-12.367548,-6.627948,18.443094,0.627305,2.289396,0.005540,-0.003618,-0.297226,87.000000,87.000000,87.000000,87.000000,12.000000,12.000000,12.000000,200.000000,200.000000,0.000000,0.000000,0.000000,0.000000,0.000000,0.000000,0.000000,0.000000,0.000000
168,-0.148601,0.226276,-0.106952,0.417684,-0.208380,-1.382695,-0.782608,-0.121658,-0.386536,-0.140369,-2.771575,-0.108633,2.364812,0.365300,0.000072,0.000087,-0.388348,0.091039,0.333762,0.099241,0.089129,-0.877400,-0.304749,-0.000234,0.000197,-1.588881,6.303106,10.164350,-4.010946,2.187733,12.696457,7.756771,-0.017341,0.011209,4.714006,-5.375742,6.634287,12.942476,0.206669,1.714906,0.008566,-0.137812,-0.186587,4.714006,-5.375742,6.634287,12.942476,0.206669,1.714906,0.008566,-0.137812,-0.186587,87.000000,87.000000,87.000000,87.000000,12.000000,12.000000,12.000000,200.000000,200.000000,0.000000,0.000000,0.000000,0.000000,0.000000,0.000000,0.000000,0.000000,0.000000
169,-0.219194,0.033464,-0.198806,0.614389,-0.174039,-1.303401,-0.767833,-0.128445,-0.381446,-0.133654,-2.773417,-0.100787,2.360078,0.361390,0.000069,0.000089,-0.096205,0.125822,0.167666,0.146036,0.210724,-0.187994,-0.078306,-0.000498,0.000408,6.656136,0.779554,-3.154828,3.815060,-5.148044,3.207330,1.777481,0.014575,-0.013899,2.157798,-13.902042,2.075644,21.279230,0.193328,2.909425,-0.036503,-0.063026,-0.243002,2.157798,-13.902042,2.075644,21.279230,0.193328,2.909425,-0.036503,-0.063026,-0.243002,87.000000,87.000000,87.000000,87.000000,12.000000,12.000000,12.000000,200.000000,200.000000,0.000000,0.000000,0.000000,0.000000,0.000000,0.000000,0.000000,0.000000,0.000000
170,-0.171797,-0.030587,-0.090050,0.662559,-0.166404,-1.123684,-0.779289,-0.133986,-0.376075,-0.122245,-2.775163,-0.092882,2.397968,0.356850,0.000068,0.000090,-0.113293,0.097778,0.431834,0.201346,0.118553,0.867091,-0.098483,0.000115,-0.000049,5.251793,-1.563850,3.021528,7.928508,-8.434333,-17.392286,1.897441,0.028125,-0.021955,4.446099,-16.949308,5.177029,23.435648,-0.094295,3.083140,-0.072211,-0.081659,-0.225976,4.446099,-16.949308,5.177029,23.435648,-0.094295,3.083140,-0.072211,-0.081659,-0.225976,87.000000,87.000000,87.000000,87.000000,12.000000,12.000000,12.000000,200.000000,200.000000,0.000000,0.000000,0.000000,0.000000,0.000000,0.000000,0.000000,0.000000,0.000000
171,-0.319676,-0.095041,-0.322671,0.578196,-0.202069,-1.189050,-0.754796,-0.128171,-0.375454,-0.121055,-2.771218,-0.101072,2.410035,0.359948,0.000074,0.000085,0.218367,-0.125284,-0.076006,0.248444,-0.146233,0.061994,0.067465,-0.000675,0.000605,0.521933,-6.319263,-6.085706,-1.494762,5.821924,-6.715275,-1.580926,-0.027113,0.021830,-3.063933,-19.254644,-3.409797,19.084263,0.679708,2.229622,0.017555,-0.128184,-0.192225,-3.063933,-19.254644,-3.409797,19.084263,0.679708,2.229622,0.017555,-0.128184,-0.192225,87.000000,87.000000,87.000000,87.000000,12.000000,12.000000,12.000000,200.000000,200.000000,0.000000,0.000000,0.000000,0.000000,0.000000,0.000000,0.000000,0.000000,0.000000
172,-0.343483,0.017980,-0.428766,0.514611,-0.219036,-1.227746,-0.704075,-0.116250,-0.379384,-0.134307,-2.768369,-0.110164,2.408376,0.373553,0.000062,0.000094,0.276922,-0.186444,-0.452065,0.183147,-0.146389,-0.211081,0.301886,-0.000979,0.000866,-7.275128,-1.596512,-2.491445,-3.283293,5.975744,0.293412,-6.982430,-0.008902,0.009646,-5.571902,-13.988847,-5.384025,16.382910,0.740380,1.947527,0.022666,-0.057101,-0.245124,-5.571902,-13.988847,-5.384025,16.382910,0.740380,1.947527,0.022666,-0.057101,-0.245124,87.000000,87.000000,87.000000,87.000000,12.000000,12.000000,12.000000,200.000000,200.000000,0.000000,0.000000,0.000000,0.000000,0.000000,0.000000,0.000000,0.000000,0.000000
173,-0.265556,-0.047304,-0.253512,0.622206,-0.231497,-1.211018,-0.740073,-0.120216,-0.385136,-0.137730,-2.766238,-0.115715,2.406729,0.372383,0.000057,0.000099,-0.254913,-0.237139,0.045104,0.235754,-0.101932,-0.169267,-0.026987,-0.000415,0.000359,-5.244455,-1.469939,5.163810,1.573428,2.410171,1.540729,0.783943,0.014074,-0.015742,-0.631869,-15.997698,1.034384,20.651785,0.356570,2.712463,0.000406,-0.046621,-0.262602,-0.631869,-15.997698,1.034384,20.651785,0.356570,2.712463,0.000406,-0.046621,-0.262602,87.000000,87.000000,87.000000,87.000000,12.000000,12.000000,12.000000,200.000000,200.000000,0.000000,0.000000,0.000000,0.000000,0.000000,0.000000,0.000000,0.000000,0.000000
174,-0.271860,0.036559,-0.297934,0.424298,-0.210286,-1.295654,-0.738908,-0.124707,-0.392989,-0.141065,-2.766053,-0.114335,2.392856,0.371843,0.000072,0.000085,-0.107448,-0.294893,-0.130325,0.047036,0.127303,-0.526634,-0.005521,-0.000476,0.000416,1.435009,-1.044055,-2.967870,-7.053984,1.083848,5.550881,0.470906,-0.012449,0.012128,-0.513245,-11.840384,-0.493866,12.729538,0.420190,1.611097,0.015928,-0.113356,-0.196262,-0.513245,-11.840384,-0.493866,12.729538,0.420190,1.611097,0.015928,-0.113356,-0.196262,87.000000,87.000000,87.000000,87.000000,12.000000,12.000000,12.000000,200.000000,200.000000,0.000000,0.000000,0.000000,0.000000,0.000000,0.000000,0.000000,0.000000,0.000000
175,-0.155143,0.196280,-0.095954,0.521720,-0.180498,-1.328088,-0.792911,-0.133739,-0.396559,-0.134980,-2.767186,-0.104865,2.373796,0.359024,0.000082,0.000077,-0.249521,-0.014562,0.324279,0.149131,0.284986,-0.608097,-0.277716,-0.000468,0.000410,4.168962,8.281743,5.021485,1.797750,-4.225072,9.719049,6.818157,-0.005969,0.005154,5.392589,-5.382298,6.359929,16.948330,0.124813,2.299857,-0.027516,-0.124808,-0.188037,5.392589,-5.382298,6.359929,16.948330,0.124813,2.299857,-0.027516,-0.124808,-0.188037,87.000000,87.000000,87.000000,87.000000,12.000000,12.000000,12.000000,200.000000,200.000000,0.000000,0.000000,0.000000,0.000000,0.000000,0.000000,0.000000,0.000000,0.000000
176,-0.254882,-0.051899,-0.265975,0.513034,-0.167221,-1.287517,-0.755744,-0.132463,-0.398029,-0.134148,-2.770849,-0.096811,2.372138,0.360932,0.000076,0.000081,0.126277,-0.136193,-0.048961,-0.007031,0.203276,-0.144123,0.048050,-0.000680,0.000601,4.016019,-3.437796,-4.375209,-2.653046,-5.146609,0.692680,-1.246463,0.002817,-0.001896,0.316625,-15.537595,-0.071561,17.053841,0.166860,2.315291,-0.027505,-0.084427,-0.221468,0.316625,-15.537595,-0.071561,17.053841,0.166860,2.315291,-0.027505,-0.084427,-0.221468,87.000000,87.000000,87.000000,87.000000,12.000000,12.000000,12.000000,200.000000,200.000000,0.000000,0.000000,0.000000,0.000000,0.000000,0.000000,0.000000,0.000000,0.000000
177,-0.138940,0.100011,-0.043097,0.560985,-0.192788,-1.246482,-0.801040,-0.136130,-0.398125,-0.122994,-2.774526,-0.097156,2.379790,0.351520,0.000079,0.000080,-0.114329,0.033731,0.520304,0.104397,-0.036027,0.069759,-0.209909,-0.000026,0.000105,2.916130,4.561776,7.775461,4.208273,-1.846607,-2.694632,4.808713,0.017986,-0.011422,5.792994,-9.448792,7.157936,19.362360,-0.007355,2.579291,-0.050441,-0.110411,-0.199904,5.792994,-9.448792,7.157936,19.362360,-0.007355,2.579291,-0.050441,-0.110411,-0.199904,87.000000,87.000000,87.000000,87.000000,12.000000,12.000000,12.000000,200.000000,200.000000,0.000000,0.000000,0.000000,0.000000,0.000000,0.000000,0.000000,0.000000,0.000000
178,-0.273960,-0.025078,-0.272472,0.623152,-0.199553,-1.226026,-0.753975,-0.128779,-0.395992,-0.118427,-2.773925,-0.102604,2.388415,0.357401,0.000072,0.000086,0.307838,0.015530,0.026821,0.221792,-0.089783,0.064278,0.132646,-0.000785,0.000660,3.252802,-0.688187,-6.031378,3.452190,2.997713,-4.053312,-3.251950,-0.007392,-0.001666,-1.268447,-14.873075,-1.884632,21.446440,0.586689,2.638676,-0.015616,-0.086185,-0.236427,-1.268447,-14.873075,-1.884632,21.446440,0.586689,2.638676,-0.015616,-0.086185,-0.236427,87.000000,87.000000,87.000000,87.000000,12.000000,12.000000,12.000000,200.000000,200.000000,0.000000,0.000000,0.000000,0.000000,0.000000,0.000000,0.000000,0.000000,0.000000
179,-0.358969,0.048655,-0.454042,0.581580,-0.219387,-1.206153,-0.705190,-0.113102,-0.393170,-0.130708,-2.770841,-0.111403,2.399836,0.371995,0.000052,0.000104,0.387219,0.065686,-0.457875,0.266899,-0.175523,0.141018,0.320602,-0.000993,0.000891,-7.761561,1.119135,-4.386086,1.633284,4.607212,-5.448341,-7.668941,0.000266,0.000725,-6.760906,-12.180784,-6.781325,19.312532,0.814989,2.236079,0.012682,-0.020376,-0.280254,-6.760906,-12.180784,-6.781325,19.312532,0.814989,2.236079,0.012682,-0.020376,-0.280254,87.000000,87.000000,87.000000,87.000000,12.000000,12.000000,12.000000,200.000000,200.000000,0.000000,0.000000,0.000000,0.000000,0.000000,0.000000,0.000000,0.000000,0.000000
180,-0.328981,0.040569,-0.412241,0.540106,-0.234789,-1.266426,-0.712317,-0.107492,-0.390113,-0.144552,-2.766064,-0.119237,2.393846,0.377968,0.000049,0.000106,-0.007473,0.046405,-0.355187,0.260434,-0.108819,-0.335607,0.131098,-0.000579,0.000513,-10.265970,-0.385167,1.866358,-2.478703,5.763550,2.573871,-2.791702,0.008000,-0.008181,-5.118691,-12.782278,-3.902166,17.055021,0.725704,2.023395,0.036814,-0.029104,-0.275680,-5.118691,-12.782278,-3.902166,17.055021,0.725704,2.023395,0.036814,-0.029104,-0.275680,87.000000,87.000000,87.000000,87.000000,12.000000,12.000000,12.000000,200.000000,200.000000,0.000000,0.000000,0.000000,0.000000,0.000000,0.000000,0.000000,0.000000,0.000000
181,-0.274471,0.085615,-0.321456,0.508498,-0.214953,-1.286238,-0.726851,-0.114129,-0.386746,-0.151984,-2.763811,-0.117205,2.385495,0.377694,0.000060,0.000098,-0.284416,0.076319,-0.151953,0.175191,0.116794,-0.354142,-0.001306,-0.000254,0.000281,-3.584722,0.959341,1.604420,-2.659762,-0.348450,3.702342,0.319959,0.002514,-0.000737,-1.291220,-11.251409,-0.231648,15.827699,0.402902,2.018253,0.009991,-0.082356,-0.231111,-1.291220,-11.251409,-0.231648,15.827699,0.402902,2.018253,0.009991,-0.082356,-0.231111,87.000000,87.000000,87.000000,87.000000,12.000000,12.000000,12.000000,200.000000,200.000000,0.000000,0.000000,0.000000,0.000000,0.000000,0.000000,0.000000,0.000000,0.000000
182,-0.133394,0.076225,-0.050051,0.485412,-0.192909,-1.338094,-0.792923,-0.132885,-0.383133,-0.141272,-2.763958,-0.108098,2.368503,0.362089,0.000087,0.000073,-0.525286,0.066083,0.494531,0.090830,0.272760,-0.582758,-0.338529,-0.000090,0.000015,6.682244,-0.164035,5.629091,-3.673297,-4.292366,8.103768,8.332657,-0.018793,0.011512,7.062556,-11.953457,8.289597,15.082674,-0.084834,2.163427,-0.023811,-0.179844,-0.146044,7.062556,-11.953457,8.289597,15.082674,-0.084834,2.163427,-0.023811,-0.179844,-0.146044,87.000000,87.000000,87.000000,87.000000,12.000000,12.000000,12.000000,200.000000,200.000000,0.000000,0.000000,0.000000,0.000000,0.000000,0.000000,0.000000,0.000000,0.000000
183,-0.152565,-0.110485,-0.026725,0.703701,-0.193475,-1.180765,-0.790193,-0.146434,-0.381389,-0.122653,-2.766627,-0.102465,2.387259,0.354659,0.000083,0.000076,-0.232485,-0.044869,0.592157,0.160911,0.074241,0.416749,-0.160620,-0.000070,0.000076,12.445119,-3.781492,-0.134618,6.777641,-6.687500,-7.447691,3.372035,0.025308,-0.020565,6.944198,-19.470036,7.130079,24.437563,-0.188793,3.424508,-0.082092,-0.103220,-0.204749,6.944198,-19.470036,7.130079,24.437563,-0.188793,3.424508,-0.082092,-0.103220,-0.204749,87.000000,87.000000,87.000000,87.000000,12.000000,12.000000,12.000000,200.000000,200.000000,0.000000,0.000000,0.000000,0.000000,0.000000,0.000000,0.000000,0.000000,0.000000
184,-0.275488,-0.067531,-0.256738,0.516996,-0.177462,-1.177438,-0.757539,-0.139627,-0.384773,-0.118084,-2.768661,-0.099343,2.407386,0.358179,0.000087,0.000071,0.326892,-0.221482,0.009493,0.050181,0.112972,0.304775,0.081864,-0.000750,0.000613,4.750555,-4.914501,-6.409495,-2.067711,-1.603444,-11.292121,-2.025071,-0.026594,0.017107,-0.423815,-17.075159,-1.259821,16.924154,0.406560,2.004875,-0.014126,-0.149439,-0.173422,-0.423815,-17.075159,-1.259821,16.924154,0.406560,2.004875,-0.014126,-0.149439,-0.173422,87.000000,87.000000,87.000000,87.000000,12.000000,12.000000,12.000000,200.000000,200.000000,0.000000,0.000000,0.000000,0.000000,0.000000,0.000000,0.000000,0.000000,0.000000
185,-0.226093,0.152936,-0.208711,0.433414,-0.178285,-1.326928,-0.775036,-0.129216,-0.388998,-0.116898,-2.769367,-0.098345,2.386947,0.355930,0.000087,0.000071,0.280613,-0.106349,0.089075,0.073420,0.128382,-0.747312,-0.047238,-0.001136,0.001073,-1.978530,4.037035,2.024938,-4.346431,2.697507,8.788361,1.538788,-0.029559,0.033619,0.438098,-7.716061,0.855819,13.445277,0.518003,1.598021,0.016488,-0.129064,-0.175723,0.438098,-7.716061,0.855819,13.445277,0.518003,1.598021,0.016488,-0.129064,-0.175723,87.000000,87.000000,87.000000,87.000000,12.000000,12.000000,12.000000,200.000000,200.000000,0.000000,0.000000,0.000000,0.000000,0.000000,0.000000,0.000000,0.000000,0.000000
186,-0.386885,-0.140769,-0.491837,0.732750,-0.210676,-1.143216,-0.685150,-0.112229,-0.392373,-0.131023,-2.772171,-0.105777,2.405766,0.376037,0.000036,0.000119,0.424738,-0.186289,-0.545244,0.165188,-0.233795,0.451204,0.441462,-0.001193,0.001156,-8.719348,-3.117597,-5.347454,7.345147,0.363311,-7.285713,-10.949957,0.031224,-0.027821,-8.101068,-19.390150,-8.090929,26.062027,0.607035,3.364910,-0.021354,0.071491,-0.371934,-8.101068,-19.390150,-8.090929,26.062027,0.607035,3.364910,-0.021354,0.071491,-0.371934,87.000000,87.000000,87.000000,87.000000,12.000000,12.000000,12.000000,200.000000,200.000000,0.000000,0.000000,0.000000,0.000000,0.000000,0.000000,0.000000,0.000000,0.000000
187,-0.302003,0.234668,-0.402844,0.311971,-0.204565,-1.326902,-0.719045,-0.105647,-0.394827,-0.146431,-2.772515,-0.109646,2.390697,0.378438,0.000055,0.000102,0.020535,-0.032510,-0.388264,0.013215,0.041698,-0.638994,0.054202,-0.000338,0.000269,-10.443200,5.247196,2.602585,-8.825027,5.746866,5.045081,-0.669465,0.003002,-0.007472,-4.273118,-4.111073,-3.244837,8.742770,0.776800,0.794671,0.057968,-0.062414,-0.253821,-4.273118,-4.111073,-3.244837,8.742770,0.776800,0.794671,0.057968,-0.062414,-0.253821,87.000000,87.000000,87.000000,87.000000,12.000000,12.000000,12.000000,200.000000,200.000000,0.000000,0.000000,0.000000,0.000000,0.000000,0.000000,0.000000,0.000000,0.000000
188,-0.229706,-0.028015,-0.206574,0.788165,-0.182938,-1.171340,-0.739853,-0.117755,-0.392238,-0.146063,-2.772976,-0.103474,2.399654,0.375084,0.000046,0.000111,-0.454008,0.084417,0.177012,0.323130,0.139818,0.167229,-0.069748,-0.000439,0.000416,-1.851520,2.655122,5.867033,12.515836,-5.465486,-2.372298,1.614355,0.001928,-0.004708,1.326250,-15.281731,3.268281,28.218552,0.216437,3.755718,-0.045193,-0.048107,-0.268528,1.326250,-15.281731,3.268281,28.218552,0.216437,3.755718,-0.045193,-0.048107,-0.268528,87.000000,87.000000,87.000000,87.000000,12.000000,12.000000,12.000000,200.000000,200.000000,0.000000,0.000000,0.000000,0.000000,0.000000,0.000000,0.000000,0.000000,0.000000
189,-0.275068,0.050411,-0.303442,0.451595,-0.223548,-1.248121,-0.741686,-0.126473,-0.389327,-0.147737,-2.768819,-0.109938,2.399570,0.372734,0.000062,0.000095,-0.191260,0.018803,-0.110493,0.188178,-0.127386,-0.178413,-0.053198,-0.000129,0.000048,3.994344,-1.831461,-4.446071,-5.739635,3.961494,-0.305228,1.243973,-0.006555,0.001755,-0.127674,-12.459932,-0.320828,13.741756,0.369237,1.718429,0.003458,-0.106095,-0.209404,-0.127674,-12.459932,-0.320828,13.741756,0.369237,1.718429,0.003458,-0.106095,-0.209404,87.000000,87.000000,87.000000,87.000000,12.000000,12.000000,12.000000,200.000000,200.000000,0.000000,0.000000,0.000000,0.000000,0.000000,0.000000,0.000000,0.000000,0.000000
190,-0.128845,0.017385,-0.023523,0.551161,-0.175097,-1.259824,-0.784079,-0.141022,-0.388071,-0.135584,-2.767652,-0.100726,2.392409,0.361562,0.000086,0.000072,-0.391088,-0.014167,0.548460,0.180231,0.301614,-0.345371,-0.236393,-0.000150,0.000083,6.918151,-0.787974,6.466087,-0.327753,-4.217848,3.115792,5.970800,-0.010269,0.010170,7.553232,-13.734335,8.798227,17.960783,-0.030841,2.458992,-0.035824,-0.160173,-0.150216,7.553232,-13.734335,8.798227,17.960783,-0.030841,2.458992,-0.035824,-0.160173,-0.150216,87.000000,87.000000,87.000000,87.000000,12.000000,12.000000,12.000000,200.000000,200.000000,0.000000,0.000000,0.000000,0.000000,0.000000,0.000000,0.000000,0.000000,0.000000
191,-0.228353,-0.015464,-0.182139,0.559054,-0.209663,-1.259614,-0.776654,-0.142995,-0.388376,-0.126700,-2.766727,-0.104020,2.388014,0.357461,0.000082,0.000076,0.087326,-0.078923,0.197423,0.160016,-0.087598,-0.220209,-0.091965,-0.000560,0.000544,8.017823,-1.931733,-4.267570,-1.116978,0.927435,3.068901,1.927203,-0.001023,0.005018,2.549644,-14.915686,2.038332,18.210831,0.166198,2.495722,-0.030937,-0.109848,-0.196441,2.549644,-14.915686,2.038332,18.210831,0.166198,2.495722,-0.030937,-0.109848,-0.196441,87.000000,87.000000,87.000000,87.000000,12.000000,12.000000,12.000000,200.000000,200.000000,0.000000,0.000000,0.000000,0.000000,0.000000,0.000000,0.000000,0.000000,0.000000
192,-0.218040,0.105863,-0.182802,0.543527,-0.158167,-1.247274,-0.779082,-0.136855,-0.387733,-0.121554,-2.766713,-0.095635,2.390159,0.354570,0.000082,0.000076,0.221468,0.031199,0.175550,0.169939,0.268995,-0.095830,-0.055757,-0.000744,0.000621,2.118376,3.279756,0.255505,1.466938,-4.018260,-1.545064,1.442072,-0.003336,-0.000495,1.767641,-10.109831,1.926149,17.710600,0.333807,2.216009,-0.019530,-0.101779,-0.210118,1.767641,-10.109831,1.926149,17.710600,0.333807,2.216009,-0.019530,-0.101779,-0.210118,87.000000,87.000000,87.000000,87.000000,12.000000,12.000000,12.000000,200.000000,200.000000,0.000000,0.000000,0.000000,0.000000,0.000000,0.000000,0.000000,0.000000,0.000000
193,-0.251819,0.029342,-0.258340,0.496081,-0.177213,-1.293252,-0.760579,-0.125879,-0.386423,-0.120944,-2.766608,-0.095030,2.382155,0.357471,0.000075,0.000081,0.317472,-0.024322,0.011077,0.094883,0.048520,-0.362090,0.064991,-0.000838,0.000755,-1.674015,-1.462244,-0.757604,-3.908632,0.301069,3.660900,-1.492297,-0.008146,0.008485,-0.930300,-13.398369,-0.766106,15.697190,0.355846,2.024453,-0.003346,-0.090802,-0.214990,-0.930300,-13.398369,-0.766106,15.697190,0.355846,2.024453,-0.003346,-0.090802,-0.214990,87.000000,87.000000,87.000000,87.000000,12.000000,12.000000,12.000000,200.000000,200.000000,0.000000,0.000000,0.000000,0.000000,0.000000,0.000000,0.000000,0.000000,0.000000
194,-0.302831,0.119217,-0.354454,0.531468,-0.198437,-1.301653,-0.739456,-0.114154,-0.383828,-0.126671,-2.767764,-0.101026,2.374693,0.363957,0.000058,0.000097,0.271383,0.087775,-0.189807,0.111015,-0.112683,-0.310274,0.142157,-0.000858,0.000768,-6.023719,3.110246,-1.334354,-0.318679,3.273764,4.051486,-3.371464,0.007434,-0.007418,-4.033010,-10.048470,-3.651226,17.366896,0.582760,2.176174,0.008439,-0.031698,-0.271087,-4.033010,-10.048470,-3.651226,17.366896,0.582760,2.176174,0.008439,-0.031698,-0.271087,87.000000,87.000000,87.000000,87.000000,12.000000,12.000000,12.000000,200.000000,200.000000,0.000000,0.000000,0.000000,0.000000,0.000000,0.000000,0.000000,0.000000,0.000000
195,-0.295112,-0.033460,-0.350829,0.584178,-0.223133,-1.255163,-0.721695,-0.108539,-0.381125,-0.134291,-2.770075,-0.109512,2.379155,0.371597,0.000050,0.000105,0.058751,-0.003847,-0.197853,0.079415,-0.189484,-0.003748,0.167676,-0.000481,0.000436,-6.609063,-2.874366,0.647500,0.308883,3.307470,-1.816264,-4.010267,0.010307,-0.009698,-3.646825,-16.467848,-2.757262,19.780581,0.474548,2.530665,0.002791,-0.034234,-0.269237,-3.646825,-16.467848,-2.757262,19.780581,0.474548,2.530665,0.002791,-0.034234,-0.269237,87.000000,87.000000,87.000000,87.000000,12.000000,12.000000,12.000000,200.000000,200.000000,0.000000,0.000000,0.000000,0.000000,0.000000,0.000000,0.000000,0.000000,0.000000
196,-0.288124,-0.062562,-0.314295,0.634288,-0.225219,-1.159686,-0.717814,-0.112049,-0.381181,-0.138694,-2.773020,-0.114470,2.402320,0.376572,0.000044,0.000112,-0.185637,-0.083772,-0.085153,0.118488,-0.115167,0.450362,0.110402,-0.000401,0.000442,-3.662462,-2.666542,0.682804,4.401340,0.665827,-11.225435,-2.694839,0.004160,-0.000038,-2.271609,-17.400787,-1.238984,22.151814,0.434474,2.746704,-0.011593,-0.038652,-0.267375,-2.271609,-17.400787,-1.238984,22.151814,0.434474,2.746704,-0.011593,-0.038652,-0.267375,87.000000,87.000000,87.000000,87.000000,12.000000,12.000000,12.000000,200.000000,200.000000,0.000000,0.000000,0.000000,0.000000,0.000000,0.000000,0.000000,0.000000,0.000000
197,-0.234427,0.056781,-0.206056,0.519260,-0.228277,-1.259581,-0.759218,-0.122945,-0.382663,-0.135650,-2.771496,-0.117909,2.396994,0.369359,0.000063,0.000094,-0.329309,-0.080303,0.158691,0.182071,0.005567,-0.360835,-0.156950,-0.000234,0.000126,2.115013,0.441606,0.871637,-1.306629,3.914651,1.790399,4.072452,-0.006182,-0.000711,1.457210,-12.341584,2.212023,16.934793,0.472680,2.061855,0.013035,-0.100620,-0.216523,1.457210,-12.341584,2.212023,16.934793,0.472680,2.061855,0.013035,-0.100620,-0.216523,87.000000,87.000000,87.000000,87.000000,12.000000,12.000000,12.000000,200.000000,200.000000,0.000000,0.000000,0.000000,0.000000,0.000000,0.000000,0.000000,0.000000,0.000000
198,-0.200708,0.070194,-0.155575,0.567463,-0.199590,-1.272652,-0.763880,-0.131605,-0.382882,-0.129471,-2.769251,-0.112022,2.387694,0.364495,0.000074,0.000083,-0.176681,-0.017247,0.209299,0.235504,0.206971,-0.369237,-0.099840,-0.000440,0.000365,6.137559,1.943605,-0.581109,1.199829,-2.359998,4.727253,2.544319,-0.006031,0.007576,3.327899,-11.870075,3.512952,18.682516,0.248980,2.483873,-0.024356,-0.109762,-0.194838,3.327899,-11.870075,3.512952,18.682516,0.248980,2.483873,-0.024356,-0.109762,-0.194838,87.000000,87.000000,87.000000,87.000000,12.000000,12.000000,12.000000,200.000000,200.000000,0.000000,0.000000,0.000000,0.000000,0.000000,0.000000,0.000000,0.000000,0.000000
199,-0.275646,0.046365,-0.308398,0.508305,-0.177265,-1.260886,-0.741166,-0.128173,-0.382506,-0.133425,-2.768656,-0.103951,2.387283,0.367249,0.000071,0.000086,0.155293,-0.038506,-0.194078,0.130453,0.227407,-0.139206,0.065300,-0.000762,0.000713,1.332051,-0.547441,-4.078132,-2.056946,-4.195028,-0.116802,-1.562116,-0.003740,0.007347,-1.086341,-12.939387,-1.422889,16.361818,0.330890,2.103145,-0.013536,-0.078578,-0.223978,-1.086341,-12.939387,-1.422889,16.361818,0.330890,2.103145,-0.013536,-0.078578,-0.223978,87.000000,87.000000,87.000000,87.000000,12.000000,12.000000,12.000000,200.000000,200.000000,0.000000,0.000000,0.000000,0.000000,0.000000,0.000000,0.000000,0.000000,0.000000
200,-0.200815,0.021361,-0.158561,0.541377,-0.185611,-1.250522,-0.771551,-0.130345,-0.382824,-0.130785,-2.769626,-0.099992,2.388176,0.361670,0.000072,0.000085,-0.110423,-0.060901,0.214765,0.114286,0.100378,-0.120326,-0.122454,-0.000329,0.000259,-0.379069,-0.698752,5.173018,-0.273669,-2.875508,-0.174454,2.926347,0.006467,-0.008950,2.663262,-13.862819,3.822879,17.907124,0.090796,2.391480,-0.023821,-0.094958,-0.216382,2.663262,-13.862819,3.822879,17.907124,0.090796,2.391480,-0.023821,-0.094958,-0.216382,87.000000,87.000000,87.000000,87.000000,12.000000,12.000000,12.000000,200.000000,200.000000,0.000000,0.000000,0.000000,0.000000,0.000000,0.000000,0.000000,0.000000,0.000000
201,-0.341234,0.004313,-0.428449,0.529332,-0.214643,-1.266939,-0.716352,-0.122178,-0.384535,-0.140919,-2.770890,-0.107707,2.386132,0.371590,0.000061,0.000094,0.258843,-0.117443,-0.434163,0.081061,-0.149982,-0.196092,0.219021,-0.000841,0.000748,-2.322056,-1.594515,-6.314674,-1.946903,4.592289,0.900630,-5.250229,-0.002999,0.003498,-4.666119,-14.309314,-5.120264,17.519272,0.643396,2.162560,0.008542,-0.053706,-0.248091,-4.666119,-14.309314,-5.120264,17.519272,0.643396,2.162560,0.008542,-0.053706,-0.248091,87.000000,87.000000,87.000000,87.000000,12.000000,12.000000,12.000000,200.000000,200.000000,0.000000,0.000000,0.000000,0.000000,0.000000,0.000000,0.000000,0.000000,0.000000
202,-0.129676,-0.016976,-0.031282,0.645879,-0.214083,-1.180443,-0.777421,-0.131476,-0.386532,-0.131966,-2.772302,-0.108090,2.399747,0.362705,0.000071,0.000087,-0.357642,-0.093448,0.552458,0.192578,-0.014733,0.227951,-0.195183,0.000185,-0.000135,0.726607,0.285748,11.585765,5.966744,-2.216296,-5.650048,4.624199,0.020790,-0.019000,6.303014,-14.956718,8.489572,22.448477,-0.060949,3.031384,-0.049839,-0.103319,-0.210443,6.303014,-14.956718,8.489572,22.448477,-0.060949,3.031384,-0.049839,-0.103319,-0.210443,87.000000,87.000000,87.000000,87.000000,12.000000,12.000000,12.000000,200.000000,200.000000,0.000000,0.000000,0.000000,0.000000,0.000000,0.000000,0.000000,0.000000,0.000000
203,-0.288032,0.041513,-0.297617,0.541383,-0.178343,-1.227651,-0.749502,-0.129981,-0.388340,-0.128143,-2.769886,-0.103918,2.402326,0.364236,0.000076,0.000082,0.164071,-0.088373,-0.028864,0.221735,0.188930,-0.132385,0.041160,-0.000934,0.000756,5.018645,0.480068,-8.081010,-0.143193,-0.323946,-2.267610,-0.819604,-0.030896,0.021074,-1.247097,-12.476069,-2.085550,17.649925,0.618010,2.075868,0.001510,-0.121447,-0.196595,-1.247097,-12.476069,-2.085550,17.649925,0.618010,2.075868,0.001510,-0.121447,-0.196595,87.000000,87.000000,87.000000,87.000000,12.000000,12.000000,12.000000,200.000000,200.000000,0.000000,0.000000,0.000000,0.000000,0.000000,0.000000,0.000000,0.000000,0.000000
204,-0.285804,0.108698,-0.330098,0.541433,-0.206706,-1.267978,-0.732129,-0.122332,-0.388013,-0.134459,-2.765697,-0.107264,2.393801,0.369321,0.000065,0.000091,0.183534,0.019052,-0.194486,0.269901,-0.042460,-0.358157,0.111232,-0.000786,0.000692,-3.700095,3.084365,-0.700921,-0.675246,2.590866,4.642204,-2.586702,0.004014,-0.002573,-2.330765,-9.953171,-2.006317,17.156651,0.527035,2.147991,0.000235,-0.054159,-0.246371,-2.330765,-9.953171,-2.006317,17.156651,0.527035,2.147991,0.000235,-0.054159,-0.246371,87.000000,87.000000,87.000000,87.000000,12.000000,12.000000,12.000000,200.000000,200.000000,0.000000,0.000000,0.000000,0.000000,0.000000,0.000000,0.000000,0.000000,0.000000
205,-0.264760,0.127751,-0.310450,0.419937,-0.186040,-1.374026,-0.742046,-0.118583,-0.385901,-0.140427,-2.763471,-0.104310,2.368191,0.369496,0.000075,0.000083,0.040606,0.039475,-0.136853,0.104529,0.176226,-0.815253,0.009231,-0.000567,0.000567,-4.079253,1.128175,0.850721,-7.604044,0.866653,11.554784,0.229438,-0.002624,0.007727,-1.435589,-9.526631,-0.803081,12.163461,0.448326,1.563948,0.024907,-0.098090,-0.207140,-1.435589,-9.526631,-0.803081,12.163461,0.448326,1.563948,0.024907,-0.098090,-0.207140,87.000000,87.000000,87.000000,87.000000,12.000000,12.000000,12.000000,200.000000,200.000000,0.000000,0.000000,0.000000,0.000000,0.000000,0.000000,0.000000,0.000000,0.000000
206,-0.279300,0.027450,-0.317300,0.585466,-0.191722,-1.283332,-0.736339,-0.119506,-0.382840,-0.145569,-2.766706,-0.102473,2.367881,0.371097,0.000062,0.000095,-0.085658,0.055076,-0.121720,0.068410,0.025261,-0.070157,0.036129,-0.000570,0.000499,-2.949682,0.097760,0.392576,1.570150,-3.045139,1.177019,-1.009058,0.007032,-0.010803,-1.542029,-13.882229,-0.734247,19.662674,0.227134,2.660749,-0.019566,-0.060220,-0.253594,-1.542029,-13.882229,-0.734247,19.662674,0.227134,2.660749,-0.019566,-0.060220,-0.253594,87.000000,87.000000,87.000000,87.000000,12.000000,12.000000,12.000000,200.000000,200.000000,0.000000,0.000000,0.000000,0.000000,0.000000,0.000000,0.000000,0.000000,0.000000
207,-0.152248,-0.076581,-0.038519,0.652148,-0.195423,-1.160587,-0.797898,-0.134804,-0.381108,-0.132093,-2.770333,-0.100353,2.394277,0.357539,0.000073,0.000086,-0.458136,-0.037066,0.602372,0.116393,0.006285,0.547526,-0.298516,0.000397,-0.000306,4.903464,-3.260118,7.078287,5.643271,-4.535660,-12.078047,6.863903,0.027330,-0.022645,6.177544,-18.127037,7.815697,22.726330,-0.129230,3.050703,-0.051805,-0.111033,-0.202750,6.177544,-18.127037,7.815697,22.726330,-0.129230,3.050703,-0.051805,-0.111033,-0.202750,87.000000,87.000000,87.000000,87.000000,12.000000,12.000000,12.000000,200.000000,200.000000,0.000000,0.000000,0.000000,0.000000,0.000000,0.000000,0.000000,0.000000,0.000000
208,-0.286569,0.089835,-0.293493,0.457161,-0.188243,-1.298613,-0.765339,-0.134135,-0.381416,-0.128575,-2.769688,-0.102327,2.386392,0.357725,0.000087,0.000072,0.165654,-0.048507,-0.053382,0.110306,0.070218,-0.450010,0.010811,-0.000998,0.000787,6.279716,0.297206,-8.687451,-4.362308,4.571442,2.083186,0.031574,-0.052416,0.039021,-0.784675,-11.212965,-1.857784,14.322680,0.698411,1.601967,0.018799,-0.172847,-0.151968,-0.784675,-11.212965,-1.857784,14.322680,0.698411,1.601967,0.018799,-0.172847,-0.151968,87.000000,87.000000,87.000000,87.000000,12.000000,12.000000,12.000000,200.000000,200.000000,0.000000,0.000000,0.000000,0.000000,0.000000,0.000000,0.000000,0.000000,0.000000
209,-0.233123,0.094753,-0.247058,0.498112,-0.195421,-1.325562,-0.755048,-0.127701,-0.380791,-0.131467,-2.771022,-0.102902,2.371587,0.360481,0.000079,0.000078,0.168971,0.002473,-0.041942,0.077238,0.035600,-0.502519,0.063161,-0.000793,0.000704,-1.580347,1.611863,1.715166,-2.122981,0.846550,7.312152,-1.369225,0.001436,0.000840,0.361409,-11.126514,0.811334,16.281807,0.324310,2.163692,-0.010671,-0.085504,-0.217185,0.361409,-11.126514,0.811334,16.281807,0.324310,2.163692,-0.010671,-0.085504,-0.217185,87.000000,87.000000,87.000000,87.000000,12.000000,12.000000,12.000000,200.000000,200.000000,0.000000,0.000000,0.000000,0.000000,0.000000,0.000000,0.000000,0.000000,0.000000
210,-0.309651,-0.091385,-0.329885,0.726738,-0.184961,-1.131236,-0.736532,-0.123356,-0.379931,-0.135584,-2.774032,-0.100863,2.400548,0.366327,0.000048,0.000108,0.062438,-0.046100,-0.111368,0.183160,0.000710,0.671773,0.129547,-0.000786,0.000790,-4.199131,-2.107368,-0.192506,9.146184,-4.865149,-12.844708,-3.435585,0.022440,-0.017119,-2.912753,-18.721319,-2.097783,26.028782,0.320658,3.355018,-0.035002,0.007160,-0.307287,-2.912753,-18.721319,-2.097783,26.028782,0.320658,3.355018,-0.035002,0.007160,-0.307287,87.000000,87.000000,87.000000,87.000000,12.000000,12.000000,12.000000,200.000000,200.000000,0.000000,0.000000,0.000000,0.000000,0.000000,0.000000,0.000000,0.000000,0.000000
211,-0.187123,0.064971,-0.128050,0.437921,-0.199210,-1.251895,-0.783120,-0.129154,-0.381118,-0.128448,-2.772565,-0.102548,2.400299,0.358371,0.000074,0.000084,-0.193485,-0.095434,0.347001,0.123745,0.030977,-0.257124,-0.174000,-0.000048,0.000002,1.800186,-1.047181,4.300675,-4.891955,2.530149,-1.175240,4.452101,-0.009370,0.004046,3.459118,-12.182199,4.456772,13.717675,0.258210,1.657791,0.003091,-0.139253,-0.181297,3.459118,-12.182199,4.456772,13.717675,0.258210,1.657791,0.003091,-0.139253,-0.181297,87.000000,87.000000,87.000000,87.000000,12.000000,12.000000,12.000000,200.000000,200.000000,0.000000,0.000000,0.000000,0.000000,0.000000,0.000000,0.000000,0.000000,0.000000
212,-0.293136,-0.007665,-0.317607,0.629738,-0.173516,-1.202649,-0.730549,-0.125428,-0.382875,-0.129245,-2.772036,-0.099322,2.404020,0.366535,0.000062,0.000094,0.171544,-0.094039,-0.125066,0.220095,0.126757,-0.032367,0.186655,-0.000933,0.000832,1.619224,-0.002509,-5.553689,3.821747,-1.516886,-1.669724,-4.413360,-0.002033,0.003655,-2.032466,-14.890792,-2.393320,21.587444,0.532814,2.717146,-0.019555,-0.049077,-0.252553,-2.032466,-14.890792,-2.393320,21.587444,0.532814,2.717146,-0.019555,-0.049077,-0.252553,87.000000,87.000000,87.000000,87.000000,12.000000,12.000000,12.000000,200.000000,200.000000,0.000000,0.000000,0.000000,0.000000,0.000000,0.000000,0.000000,0.000000,0.000000
213,-0.304762,0.042060,-0.360933,0.463439,-0.225746,-1.288238,-0.731098,-0.119342,-0.385581,-0.138157,-2.770028,-0.109013,2.391984,0.370756,0.000060,0.000096,0.107510,-0.141163,-0.266439,0.126134,-0.196357,-0.465180,0.088430,-0.000578,0.000490,-5.250064,-1.146697,-0.510217,-5.694263,6.055195,5.901816,-2.004804,0.000282,-0.002044,-3.215217,-12.626704,-2.739665,14.481009,0.514484,1.839172,0.020628,-0.062912,-0.243611,-3.215217,-12.626704,-2.739665,14.481009,0.514484,1.839172,0.020628,-0.062912,-0.243611,87.000000,87.000000,87.000000,87.000000,12.000000,12.000000,12.000000,200.000000,200.000000,0.000000,0.000000,0.000000,0.000000,0.000000,0.000000,0.000000,0.000000,0.000000
214,-0.168213,0.010684,-0.103273,0.673539,-0.205018,-1.194915,-0.760144,-0.127147,-0.387320,-0.131956,-2.769348,-0.107833,2.398907,0.366258,0.000064,0.000093,-0.278338,-0.058506,0.375100,0.270095,0.047004,0.082684,-0.095020,-0.000161,0.000145,1.120509,2.016404,7.208946,6.880858,-2.390362,-2.201591,2.285092,0.011390,-0.009914,4.237288,-13.781789,5.822493,23.163822,0.109931,3.103918,-0.044387,-0.081520,-0.225415,4.237288,-13.781789,5.822493,23.163822,0.109931,3.103918,-0.044387,-0.081520,-0.225415,87.000000,87.000000,87.000000,87.000000,12.000000,12.000000,12.000000,200.000000,200.000000,0.000000,0.000000,0.000000,0.000000,0.000000,0.000000,0.000000,0.000000,0.000000
215,-0.316683,0.040305,-0.381193,0.387167,-0.188106,-1.321354,-0.724100,-0.123028,-0.390302,-0.136309,-2.768141,-0.105898,2.384752,0.372055,0.000076,0.000081,0.195230,-0.173458,-0.287939,0.043153,0.154116,-0.568121,0.133989,-0.000779,0.000688,1.450623,-2.597853,-8.446982,-9.514531,1.903316,5.055796,-2.849880,-0.024283,0.022806,-3.231852,-12.318362,-4.109165,11.280984,0.611648,1.312025,0.027834,-0.119979,-0.189778,-3.231852,-12.318362,-4.109165,11.280984,0.611648,1.312025,0.027834,-0.119979,-0.189778,87.000000,87.000000,87.000000,87.000000,12.000000,12.000000,12.000000,200.000000,200.000000,0.000000,0.000000,0.000000,0.000000,0.000000,0.000000,0.000000,0.000000,0.000000
216,-0.175157,0.062566,-0.126709,0.641675,-0.196521,-1.221459,-0.760347,-0.127075,-0.391723,-0.132835,-2.770050,-0.103347,2.389383,0.366984,0.000068,0.000089,-0.184367,-0.013395,0.290024,0.189716,0.033729,0.043369,-0.112877,-0.000325,0.000256,-0.623950,4.158632,7.640637,6.579957,-3.772453,-0.598508,2.531164,0.013336,-0.018023,3.605963,-11.353914,5.204700,22.140678,0.040958,3.005372,-0.049427,-0.078710,-0.236575,3.605963,-11.353914,5.204700,22.140678,0.040958,3.005372,-0.049427,-0.078710,-0.236575,87.000000,87.000000,87.000000,87.000000,12.000000,12.000000,12.000000,200.000000,200.000000,0.000000,0.000000,0.000000,0.000000,0.000000,0.000000,0.000000,0.000000,0.000000
217,-0.193706,0.094727,-0.147332,0.434507,-0.193922,-1.342094,-0.800343,-0.130300,-0.390992,-0.123329,-2.768863,-0.102970,2.372709,0.354528,0.000083,0.000077,-0.017233,-0.009437,0.298597,0.104656,0.089939,-0.618923,-0.271360,-0.000692,0.000697,5.584601,0.595916,-1.000821,-5.747615,1.798775,7.326207,6.676931,-0.034587,0.037688,3.047760,-10.341171,3.089847,13.283264,0.306185,1.713475,0.009365,-0.156533,-0.155833,3.047760,-10.341171,3.089847,13.283264,0.306185,1.713475,0.009365,-0.156533,-0.155833,87.000000,87.000000,87.000000,87.000000,12.000000,12.000000,12.000000,200.000000,200.000000,0.000000,0.000000,0.000000,0.000000,0.000000,0.000000,0.000000,0.000000,0.000000
218,-0.300678,0.110778,-0.358781,0.535854,-0.165813,-1.301881,-0.743355,-0.120217,-0.387899,-0.127796,-2.771143,-0.097767,2.368665,0.361372,0.000065,0.000092,0.332901,0.104919,-0.250644,0.091432,0.170978,-0.205890,0.158481,-0.000952,0.000822,-0.835238,3.212833,-5.996866,0.923071,-2.593356,1.921809,-3.783215,0.017802,-0.019624,-3.316657,-10.101243,-3.850940,17.934834,0.536873,2.252437,-0.007386,-0.020209,-0.287298,-3.316657,-10.101243,-3.850940,17.934834,0.536873,2.252437,-0.007386,-0.020209,-0.287298,87.000000,87.000000,87.000000,87.000000,12.000000,12.000000,12.000000,200.000000,200.000000,0.000000,0.000000,0.000000,0.000000,0.000000,0.000000,0.000000,0.000000,0.000000
219,-0.229641,-0.140544,-0.199297,0.740062,-0.205012,-1.101170,-0.738440,-0.119558,-0.384749,-0.126905,-2.773381,-0.100930,2.405443,0.366557,0.000048,0.000109,-0.090387,-0.007585,0.176177,0.207450,-0.171029,0.858714,0.110267,-0.000053,0.000164,-4.341146,-4.163108,6.254020,9.095481,-3.385991,-16.133335,-3.076628,0.032916,-0.025959,0.362957,-20.523361,2.050746,26.440575,0.058623,3.481186,-0.058201,-0.024619,-0.283843,0.362957,-20.523361,2.050746,26.440575,0.058623,3.481186,-0.058201,-0.024619,-0.283843,87.000000,87.000000,87.000000,87.000000,12.000000,12.000000,12.000000,200.000000,200.000000,0.000000,0.000000,0.000000,0.000000,0.000000,0.000000,0.000000,0.000000,0.000000
220,-0.228222,0.052571,-0.192749,0.421845,-0.226172,-1.267076,-0.772212,-0.122656,-0.385455,-0.120286,-2.770669,-0.110477,2.400998,0.360965,0.000076,0.000084,-0.065156,-0.095480,0.215308,0.133682,-0.124627,-0.389821,-0.123136,-0.000379,0.000314,2.615560,-1.969158,-1.022066,-6.979960,7.927493,0.436251,3.291323,-0.041202,0.032851,1.010944,-12.385427,1.254409,12.776320,0.542876,1.435762,0.029426,-0.173967,-0.155396,1.010944,-12.385427,1.254409,12.776320,0.542876,1.435762,0.029426,-0.173967,-0.155396,87.000000,87.000000,87.000000,87.000000,12.000000,12.000000,12.000000,200.000000,200.000000,0.000000,0.000000,0.000000,0.000000,0.000000,0.000000,0.000000,0.000000,0.000000
221,-0.326166,-0.003848,-0.365222,0.632169,-0.204456,-1.234455,-0.735821,-0.117502,-0.387072,-0.124824,-2.769660,-0.111724,2.397254,0.366535,0.000058,0.000098,0.159691,-0.083138,-0.238291,0.224913,0.035664,-0.212764,0.128447,-0.001030,0.000876,-1.731266,0.354342,-5.702559,3.016381,1.317278,2.123666,-2.967476,0.008312,-0.006869,-4.150241,-14.412788,-4.354900,21.433987,0.695134,2.683556,0.008196,-0.017609,-0.280533,-4.150241,-14.412788,-4.354900,21.433987,0.695134,2.683556,0.008196,-0.017609,-0.280533,87.000000,87.000000,87.000000,87.000000,12.000000,12.000000,12.000000,200.000000,200.000000,0.000000,0.000000,0.000000,0.000000,0.000000,0.000000,0.000000,0.000000,0.000000
222,-0.286656,-0.000144,-0.329213,0.555345,-0.198229,-1.181528,-0.728231,-0.114693,-0.388954,-0.133734,-2.769382,-0.108953,2.409480,0.371414,0.000050,0.000107,0.000588,-0.110807,-0.235987,0.156092,0.078250,0.183397,0.109500,-0.000654,0.000655,-5.058424,-0.956869,0.780091,0.399857,-2.638623,-6.041257,-2.622093,-0.000136,0.003596,-2.572462,-14.115520,-1.827772,18.372513,0.372924,2.303222,-0.008486,-0.039745,-0.265218,-2.572462,-14.115520,-1.827772,18.372513,0.372924,2.303222,-0.008486,-0.039745,-0.265218,87.000000,87.000000,87.000000,87.000000,12.000000,12.000000,12.000000,200.000000,200.000000,0.000000,0.000000,0.000000,0.000000,0.000000,0.000000,0.000000,0.000000,0.000000
223,-0.274826,0.136377,-0.321757,0.485665,-0.198348,-1.266883,-0.741199,-0.116429,-0.389402,-0.141915,-2.767519,-0.108403,2.400284,0.370880,0.000058,0.000099,-0.108063,0.002484,-0.214214,0.178578,0.091338,-0.430027,-0.009772,-0.000404,0.000339,-3.033451,3.592045,0.281243,-2.205538,1.837302,3.788872,0.535662,0.005760,-0.007765,-1.554170,-8.661962,-0.962757,15.228702,0.560262,1.806664,0.015941,-0.061601,-0.250306,-1.554170,-8.661962,-0.962757,15.228702,0.560262,1.806664,0.015941,-0.061601,-0.250306,87.000000,87.000000,87.000000,87.000000,12.000000,12.000000,12.000000,200.000000,200.000000,0.000000,0.000000,0.000000,0.000000,0.000000,0.000000,0.000000,0.000000,0.000000
224,-0.156005,0.090749,-0.096747,0.480279,-0.164679,-1.323246,-0.792943,-0.128473,-0.387596,-0.135771,-2.767286,-0.097523,2.380059,0.358430,0.000082,0.000077,-0.361532,0.032447,0.342426,0.106920,0.333063,-0.660038,-0.267105,-0.000187,0.000163,3.458297,1.172395,5.417901,-3.419038,-4.684272,9.573772,6.707546,-0.011149,0.010437,5.188774,-10.849838,6.371991,15.114952,0.018744,2.119116,-0.015694,-0.151039,-0.166136,5.188774,-10.849838,6.371991,15.114952,0.018744,2.119116,-0.015694,-0.151039,-0.166136,87.000000,87.000000,87.000000,87.000000,12.000000,12.000000,12.000000,200.000000,200.000000,0.000000,0.000000,0.000000,0.000000,0.000000,0.000000,0.000000,0.000000,0.000000
225,-0.178903,0.146426,-0.119706,0.499306,-0.196975,-1.373884,-0.806988,-0.135641,-0.383009,-0.125706,-2.767547,-0.099030,2.356348,0.348627,0.000080,0.000079,-0.096004,0.152670,0.311798,0.115669,-0.023858,-0.697802,-0.215849,-0.000755,0.000725,8.043144,3.452740,-0.930269,-2.012028,0.811249,12.674398,5.053155,-0.022272,0.024877,4.418468,-9.178752,4.352777,15.954131,0.103316,2.281281,-0.026954,-0.129073,-0.181551,4.418468,-9.178752,4.352777,15.954131,0.103316,2.281281,-0.026954,-0.129073,-0.181551,87.000000,87.000000,87.000000,87.000000,12.000000,12.000000,12.000000,200.000000,200.000000,0.000000,0.000000,0.000000,0.000000,0.000000,0.000000,0.000000,0.000000,0.000000
226,-0.286686,-0.113238,-0.308773,0.685339,-0.177498,-1.145244,-0.741963,-0.128767,-0.378679,-0.127960,-2.772491,-0.096694,2.389690,0.358760,0.000052,0.000105,0.255676,0.020127,-0.151612,0.082446,0.006512,0.800250,0.228011,-0.000688,0.000646,0.849279,-4.516209,-4.038930,6.766549,-5.571001,-15.437056,-5.903891,0.030891,-0.030330,-1.773397,-20.010096,-1.988454,24.381153,0.227727,3.179742,-0.051690,0.008907,-0.317644,-1.773397,-20.010096,-1.988454,24.381153,0.227727,3.179742,-0.051690,0.008907,-0.317644,87.000000,87.000000,87.000000,87.000000,12.000000,12.000000,12.000000,200.000000,200.000000,0.000000,0.000000,0.000000,0.000000,0.000000,0.000000,0.000000,0.000000,0.000000
227,-0.259971,0.100375,-0.264522,0.480371,-0.223276,-1.267980,-0.762236,-0.124308,-0.376383,-0.130491,-2.771851,-0.107547,2.390341,0.359328,0.000063,0.000095,0.059425,0.036491,-0.003682,0.135866,-0.195640,-0.236878,0.008704,-0.000380,0.000319,-3.693320,0.662114,2.487822,-2.714371,7.665563,-1.262057,0.015915,-0.009327,0.007594,-0.819288,-11.397994,-0.016197,15.451154,0.590950,1.755500,0.018734,-0.095987,-0.216160,-0.819288,-11.397994,-0.016197,15.451154,0.590950,1.755500,0.018734,-0.095987,-0.216160,87.000000,87.000000,87.000000,87.000000,12.000000,12.000000,12.000000,200.000000,200.000000,0.000000,0.000000,0.000000,0.000000,0.000000,0.000000,0.000000,0.000000,0.000000
228,-0.211435,-0.208509,-0.132836,0.742785,-0.208198,-1.104150,-0.753571,-0.129449,-0.377721,-0.121654,-2.772814,-0.107751,2.416394,0.361761,0.000059,0.000098,-0.168271,-0.193362,0.375082,0.218566,-0.015288,0.560686,0.058278,-0.000172,0.000221,1.806276,-7.127514,3.449582,7.358910,-2.947103,-11.865767,-1.524276,0.020139,-0.013100,2.442802,-23.476086,3.598143,26.378319,0.103107,3.512456,-0.050418,-0.057030,-0.247752,2.442802,-23.476086,3.598143,26.378319,0.103107,3.512456,-0.050418,-0.057030,-0.247752,87.000000,87.000000,87.000000,87.000000,12.000000,12.000000,12.000000,200.000000,200.000000,0.000000,0.000000,0.000000,0.000000,0.000000,0.000000,0.000000,0.000000,0.000000
229,-0.251048,0.106681,-0.221515,0.377274,-0.183260,-1.292422,-0.787027,-0.128346,-0.383483,-0.115558,-2.770527,-0.104400,2.402095,0.354844,0.000083,0.000076,0.105674,-0.213591,0.121269,0.101864,0.209053,-0.628323,-0.148179,-0.000784,0.000634,3.574477,0.366535,-4.397967,-8.094087,2.080103,4.852516,3.984263,-0.046148,0.037123,0.161806,-9.929026,-0.224373,11.005111,0.556285,1.218902,0.034094,-0.168642,-0.153555,0.161806,-9.929026,-0.224373,11.005111,0.556285,1.218902,0.034094,-0.168642,-0.153555,87.000000,87.000000,87.000000,87.000000,12.000000,12.000000,12.000000,200.000000,200.000000,0.000000,0.000000,0.000000,0.000000,0.000000,0.000000,0.000000,0.000000,0.000000
230,-0.344717,-0.032376,-0.424993,0.561800,-0.196833,-1.272918,-0.708258,-0.115806,-0.390147,-0.126974,-2.772273,-0.105801,2.389966,0.369909,0.000059,0.000097,0.341875,-0.261780,-0.455821,0.080500,-0.000371,-0.399556,0.335618,-0.001054,0.000982,-5.383688,-1.342585,-5.213601,-0.910410,0.984581,6.392836,-7.947971,0.014524,-0.009312,-5.718948,-14.929814,-5.968002,18.988319,0.600483,2.473401,0.001275,-0.008726,-0.289107,-5.718948,-14.929814,-5.968002,18.988319,0.600483,2.473401,0.001275,-0.008726,-0.289107,87.000000,87.000000,87.000000,87.000000,12.000000,12.000000,12.000000,200.000000,200.000000,0.000000,0.000000,0.000000,0.000000,0.000000,0.000000,0.000000,0.000000,0.000000
231,-0.247733,0.157301,-0.270494,0.523415,-0.193460,-1.256999,-0.747143,-0.114181,-0.393435,-0.134327,-2.774087,-0.104561,2.388714,0.368815,0.000055,0.000101,-0.084588,-0.034529,-0.092684,0.128788,0.050436,-0.147072,-0.025506,-0.000464,0.000386,-6.432222,6.487216,5.167798,2.290059,-1.339666,1.075056,0.671010,0.008277,-0.012850,-0.919364,-7.238762,0.446610,17.651720,0.363605,2.233711,-0.007404,-0.050287,-0.262893,-0.919364,-7.238762,0.446610,17.651720,0.363605,2.233711,-0.007404,-0.050287,-0.262893,87.000000,87.000000,87.000000,87.000000,12.000000,12.000000,12.000000,200.000000,200.000000,0.000000,0.000000,0.000000,0.000000,0.000000,0.000000,0.000000,0.000000,0.000000
232,-0.305402,0.089660,-0.365762,0.567938,-0.215507,-1.303092,-0.737525,-0.115267,-0.391366,-0.142874,-2.771676,-0.110434,2.377336,0.370361,0.000054,0.000102,-0.068590,0.071856,-0.281719,0.243900,-0.084114,-0.435085,0.034813,-0.000550,0.000480,-2.645999,3.087486,-2.373039,0.986304,4.476077,6.009669,-0.696638,0.002797,-0.002072,-2.946985,-10.587359,-2.623868,18.859289,0.649700,2.345413,0.013842,-0.049265,-0.254068,-2.946985,-10.587359,-2.623868,18.859289,0.649700,2.345413,0.013842,-0.049265,-0.254068,87.000000,87.000000,87.000000,87.000000,12.000000,12.000000,12.000000,200.000000,200.000000,0.000000,0.000000,0.000000,0.000000,0.000000,0.000000,0.000000,0.000000,0.000000
233,-0.190826,-0.010671,-0.155328,0.643315,-0.214292,-1.195577,-0.753849,-0.125959,-0.387424,-0.141264,-2.769334,-0.110242,2.391723,0.367532,0.000059,0.000098,-0.350974,0.072578,0.202253,0.282235,-0.006725,0.276747,-0.059722,-0.000095,0.000106,1.242739,-0.565060,5.844835,4.631738,-2.652610,-5.880959,1.308508,0.001532,-0.002403,3.443223,-15.124856,4.863115,21.792318,0.054130,2.930975,-0.045394,-0.093596,-0.220774,3.443223,-15.124856,4.863115,21.792318,0.054130,2.930975,-0.045394,-0.093596,-0.220774,87.000000,87.000000,87.000000,87.000000,12.000000,12.000000,12.000000,200.000000,200.000000,0.000000,0.000000,0.000000,0.000000,0.000000,0.000000,0.000000,0.000000,0.000000
234,-0.211612,-0.024990,-0.147792,0.513233,-0.188755,-1.260477,-0.782973,-0.136680,-0.386476,-0.132105,-2.765797,-0.105220,2.390819,0.358969,0.000080,0.000078,-0.237029,-0.074226,0.302393,0.200156,0.197377,-0.233775,-0.182908,-0.000318,0.000212,6.718687,-3.898719,-0.864624,-3.786575,-1.233674,-0.584313,4.597907,-0.015697,0.011488,3.489732,-15.573734,3.772507,16.045305,0.230764,2.049864,-0.006369,-0.144815,-0.169136,3.489732,-15.573734,3.772507,16.045305,0.230764,2.049864,-0.006369,-0.144815,-0.169136,87.000000,87.000000,87.000000,87.000000,12.000000,12.000000,12.000000,200.000000,200.000000,0.000000,0.000000,0.000000,0.000000,0.000000,0.000000,0.000000,0.000000,0.000000
235,-0.199367,0.069802,-0.154361,0.563087,-0.184851,-1.246703,-0.767200,-0.138353,-0.386455,-0.125405,-2.763730,-0.101135,2.390890,0.358336,0.000081,0.000076,0.050599,-0.010832,0.200491,0.224837,0.122348,-0.128429,-0.010048,-0.000539,0.000454,6.124882,1.772519,-0.963932,0.904560,-2.420479,0.361948,0.185814,-0.002222,0.002893,3.320352,-11.628353,3.233183,18.075579,0.182021,2.379296,-0.040494,-0.112123,-0.193041,3.320352,-11.628353,3.233183,18.075579,0.182021,2.379296,-0.040494,-0.112123,-0.193041,87.000000,87.000000,87.000000,87.000000,12.000000,12.000000,12.000000,200.000000,200.000000,0.000000,0.000000,0.000000,0.000000,0.000000,0.000000,0.000000,0.000000,0.000000
236,-0.285367,0.027683,-0.302974,0.474514,-0.202830,-1.324387,-0.768014,-0.130251,-0.387064,-0.127478,-2.762316,-0.104547,2.376519,0.357618,0.000077,0.000080,0.254136,-0.090692,-0.112528,0.101246,-0.026233,-0.528825,-0.016151,-0.000930,0.000856,-0.856127,-1.986613,-2.914545,-6.197270,3.182571,6.614077,0.483715,-0.014509,0.015788,-1.701641,-13.267313,-1.827396,14.342711,0.459745,1.841706,0.017671,-0.096684,-0.208044,-1.701641,-13.267313,-1.827396,14.342711,0.459745,1.841706,0.017671,-0.096684,-0.208044,87.000000,87.000000,87.000000,87.000000,12.000000,12.000000,12.000000,200.000000,200.000000,0.000000,0.000000,0.000000,0.000000,0.000000,0.000000,0.000000,0.000000,0.000000
237,-0.249567,0.155311,-0.285405,0.439215,-0.188533,-1.357039,-0.751324,-0.121943,-0.386869,-0.132569,-2.765881,-0.103073,2.361223,0.361195,0.000074,0.000083,0.193654,0.020201,-0.115186,-0.020900,0.102054,-0.520519,0.084171,-0.000701,0.000645,-3.671237,3.453658,1.292606,-4.120594,-0.018411,6.866719,-1.784883,0.003362,-0.001419,-0.941878,-8.163122,-0.463448,13.659316,0.388866,1.757271,0.001585,-0.078453,-0.227104,-0.941878,-8.163122,-0.463448,13.659316,0.388866,1.757271,0.001585,-0.078453,-0.227104,87.000000,87.000000,87.000000,87.000000,12.000000,12.000000,12.000000,200.000000,200.000000,0.000000,0.000000,0.000000,0.000000,0.000000,0.000000,0.000000,0.000000,0.000000
238,-0.200583,0.048013,-0.186050,0.554976,-0.176715,-1.281470,-0.776970,-0.121032,-0.384079,-0.130115,-2.772864,-0.097887,2.365440,0.357167,0.000069,0.000088,-0.018075,0.059866,0.181237,-0.032251,0.119861,0.002292,-0.087255,-0.000452,0.000383,-1.053555,0.944081,4.077003,2.263616,-4.544167,-1.745248,1.998095,0.008522,-0.010420,1.646779,-12.925071,2.693219,19.243917,0.127113,2.566592,-0.027778,-0.078217,-0.231848,1.646779,-12.925071,2.693219,19.243917,0.127113,2.566592,-0.027778,-0.078217,-0.231848,87.000000,87.000000,87.000000,87.000000,12.000000,12.000000,12.000000,200.000000,200.000000,0.000000,0.000000,0.000000,0.000000,0.000000,0.000000,0.000000,0.000000,0.000000
239,-0.263468,-0.082923,-0.265493,0.673975,-0.211403,-1.143094,-0.744897,-0.119736,-0.381761,-0.128188,-2.778344,-0.103969,2.396634,0.362662,0.000056,0.000101,0.039122,-0.012520,0.051057,0.087058,-0.200683,0.677499,0.119407,-0.000235,0.000309,-0.084304,-2.760756,-1.200631,7.370935,-0.118353,-14.325506,-3.252765,0.025543,-0.018521,-1.059404,-18.363838,-0.603363,24.418142,0.319428,3.090912,-0.039179,-0.037229,-0.267540,-1.059404,-18.363838,-0.603363,24.418142,0.319428,3.090912,-0.039179,-0.037229,-0.267540,87.000000,87.000000,87.000000,87.000000,12.000000,12.000000,12.000000,200.000000,200.000000,0.000000,0.000000,0.000000,0.000000,0.000000,0.000000,0.000000,0.000000,0.000000
240,-0.252693,-0.023089,-0.242201,0.551370,-0.216371,-1.192092,-0.740118,-0.119872,-0.382485,-0.125785,-2.778570,-0.110182,2.408428,0.366571,0.000067,0.000091,-0.020956,-0.103089,0.099941,0.152184,-0.073668,0.063861,0.088628,-0.000462,0.000371,-0.313325,-2.458943,-0.155344,0.509525,4.456332,-6.879037,-1.873506,-0.017779,0.011804,-0.475329,-15.654819,0.071840,18.968824,0.568474,2.221783,0.002530,-0.113744,-0.204041,-0.475329,-15.654819,0.071840,18.968824,0.568474,2.221783,0.002530,-0.113744,-0.204041,87.000000,87.000000,87.000000,87.000000,12.000000,12.000000,12.000000,200.000000,200.000000,0.000000,0.000000,0.000000,0.000000,0.000000,0.000000,0.000000,0.000000,0.000000
241,-0.297360,0.004205,-0.312468,0.522859,-0.231865,-1.275346,-0.743768,-0.118672,-0.385708,-0.127366,-2.776665,-0.117269,2.395573,0.367687,0.000065,0.000091,0.018043,-0.159849,-0.080940,0.174467,-0.091085,-0.505007,0.024980,-0.000811,0.000694,-1.534294,-1.261128,-2.947713,-2.439503,5.643296,6.038610,-0.347317,-0.009756,0.009561,-2.524257,-14.086303,-2.295623,17.447201,0.633712,2.176117,0.024775,-0.074075,-0.228870,-2.524257,-14.086303,-2.295623,17.447201,0.633712,2.176117,0.024775,-0.074075,-0.228870,87.000000,87.000000,87.000000,87.000000,12.000000,12.000000,12.000000,200.000000,200.000000,0.000000,0.000000,0.000000,0.000000,0.000000,0.000000,0.000000,0.000000,0.000000
242,0.797955,4.316682,1.618105,-1.060235,-0.073566,-2.137420,-1.530043,-0.139142,-0.335299,-0.059656,-2.783230,-0.070964,2.322094,0.280967,0.000200,0.000092,0.433502,1.986329,2.166414,-0.919771,1.677667,-1.538056,-2.605258,-0.002303,0.005349,74.720070,45.948391,-0.140190,-33.706238,-31.191027,-40.960449,-0.096846,-0.343393,0.331330,46.165932,87.000000,63.721390,-43.744621,-4.183234,-12.000000,-12.000000,-0.705240,0.013312,46.165932,151.770126,63.721390,-43.744621,-4.183234,-28.005276,-17.454090,-0.705240,0.013312,87.000000,87.000000,87.000000,87.000000,12.000000,12.000000,12.000000,200.000000,200.000000,0.000000,0.000000,0.000000,0.000000,0.000000,0.000000,0.000000,0.000000,0.000000
243,0.429340,2.051139,0.918839,0.406054,0.264017,-1.344016,-1.329324,-0.098998,-0.262114,0.012697,-2.814959,0.018486,2.327111,0.195027,0.000000,0.000408,1.726642,2.196024,2.166924,-0.635275,2.492653,0.111360,-2.354917,-0.003812,0.005997,29.681974,-0.069237,-0.122809,17.307016,-14.263057,-0.772401,15.224918,0.449324,-0.630441,22.144413,51.631859,29.953152,19.227682,1.669933,2.929008,-2.458872,1.091412,-2.334606,22.144413,51.631859,29.953152,19.227682,1.669933,2.929008,-2.458872,1.091412,-2.334606,87.000000,87.000000,87.000000,87.000000,12.000000,12.000000,12.000000,200.000000,200.000000,0.000000,0.000000,0.000000,0.000000,0.000000,0.000000,0.000000,0.000000,0.000000
244,-0.115453,2.196951,0.003483,0.007883,0.189252,-0.890252,-1.153415,-0.024910,-0.189124,0.054996,-2.847147,0.059498,2.412963,0.179524,0.000000,0.000453,1.998157,2.188563,1.120633,-0.877221,0.625191,2.607101,-0.315923,-0.000075,-0.003372,-19.089029,0.095901,-10.015811,3.978814,-26.801821,-0.047379,6.474312,0.217108,-0.626193,-9.015199,51.656891,-7.954850,5.816125,-0.450325,7.358278,-0.019706,0.369331,-1.779845,-9.015199,51.656891,-7.954850,5.816125,-0.450325,7.358278,-0.019706,0.369331,-1.779845,87.000000,87.000000,87.000000,87.000000,12.000000,12.000000,12.000000,200.000000,200.000000,0.000000,0.000000,0.000000,0.000000,0.000000,0.000000,0.000000,0.000000,0.000000
245,-0.451193,1.555512,-0.760474,0.619192,0.166915,-0.417737,-0.921698,0.076386,-0.118309,0.012127,-2.859425,0.057578,2.498604,0.226454,0.000000,0.000357,2.176309,2.223273,-1.626842,0.247695,-0.088977,2.602464,1.046180,-0.000157,-0.003385,-80.965073,0.048680,-17.922155,37.724796,7.234258,29.170031,-25.754984,0.007535,-0.072287,-34.897156,19.964279,-28.240265,30.161560,2.788972,12.000000,-0.002977,0.028245,-0.610331,-34.897156,19.964279,-28.240265,30.161560,2.788972,21.364716,-0.002977,0.028245,-0.610331,87.000000,87.000000,87.000000,87.000000,12.000000,12.000000,12.000000,200.000000,200.000000,0.000000,0.000000,0.000000,0.000000,0.000000,0.000000,0.000000,0.000000,0.000000
246,-0.516446,1.235273,-1.024813,0.651825,0.087959,-0.197410,-0.793331,0.132924,-0.044283,-0.059996,-2.842596,0.037020,2.581834,0.282066,0.000007,0.000273,0.928913,2.208173,-2.159034,0.874791,-0.583608,2.213059,1.243871,0.000455,-0.003176,-46.706116,-0.302997,-0.380473,11.804565,17.895948,26.647238,-28.124985,0.034057,0.066695,-36.416153,1.539105,-30.466639,26.813944,3.379521,12.000000,0.006897,0.011248,-0.180898,-36.416153,1.539105,-30.466639,26.813944,3.379521,24.845078,0.006897,0.011248,-0.180898,87.000000,87.000000,87.000000,87.000000,12.000000,12.000000,12.000000,200.000000,200.000000,0.000000,0.000000,0.000000,0.000000,0.000000,0.000000,0.000000,0.000000,0.000000
247,-0.257939,1.000730,-0.569017,0.558881,0.014195,-0.156339,-0.831316,0.116487,0.027969,-0.095843,-2.811512,0.016607,2.668746,0.302674,0.000000,0.000258,-0.826801,2.082373,-1.023464,1.130468,-0.493610,2.606847,0.442412,-0.001120,0.000676,-14.315893,-4.273710,-1.252305,8.227747,12.488636,0.004692,-10.344691,-0.039920,0.056620,-18.225138,-13.480282,-12.427803,19.859385,1.294835,12.000000,0.030726,0.045455,-0.502685,-18.225138,-13.480282,-12.427803,19.859385,1.294835,16.255436,0.030726,0.045455,-0.502685,87.000000,87.000000,87.000000,87.000000,12.000000,12.000000,12.000000,200.000000,200.000000,0.000000,0.000000,0.000000,0.000000,0.000000,0.000000,0.000000,0.000000,0.000000
248,-0.129305,0.598584,-0.162130,0.568154,-0.039335,-0.003757,-0.874518,0.047245,0.090543,-0.084357,-2.773447,0.000334,2.755777,0.303316,0.000000,0.000240,-2.016156,1.538675,0.315260,1.173118,-0.389603,2.609075,0.005009,-0.001315,0.000395,6.178479,-12.963680,-1.784127,1.417351,8.289349,-0.030627,-0.370792,0.000746,-0.032714,-3.234543,-33.468952,-0.618582,16.761135,-0.101580,12.000000,-0.003928,0.132718,-0.601587,-3.234543,-33.468952,-0.618582,16.761135,-0.101580,15.388817,-0.003928,0.132718,-0.601587,87.000000,87.000000,87.000000,87.000000,12.000000,12.000000,12.000000,200.000000,200.000000,0.000000,0.000000,0.000000,0.000000,0.000000,0.000000,0.000000,0.000000,0.000000
249,-0.035571,0.680493,0.258954,0.214535,-0.065016,-0.201675,-0.957203,-0.043324,0.130916,-0.032289,-2.749369,-0.007495,2.834105,0.284026,0.000033,0.000154,-2.218939,0.646218,1.433981,0.354433,-0.278296,1.855891,-0.432991,0.000976,-0.002187,46.193344,-35.313858,-11.762280,-31.709810,-0.818742,-40.971161,9.780005,0.071462,-0.116578,10.799440,-32.498844,8.480705,0.785240,-1.245612,0.804518,-0.005400,0.001933,-0.394493,10.799440,-32.498844,8.480705,0.785240,-1.245612,0.804518,-0.005400,0.001933,-0.394493,87.000000,87.000000,87.000000,87.000000,12.000000,12.000000,12.000000,200.000000,200.000000,0.000000,0.000000,0.000000,0.000000,0.000000,0.000000,0.000000,0.000000,0.000000
250,-0.026233,0.579000,0.480944,0.044682,-0.100536,-0.380507,-1.004511,-0.120402,0.141774,0.030148,-2.749466,-0.020225,2.842147,0.262358,0.000114,0.000055,-1.702177,-0.166920,1.531993,-0.366130,-0.254392,-0.159105,-0.476481,0.000341,-0.000684,48.756447,-21.722960,-29.943966,-25.974562,9.087568,-9.012163,11.614450,-0.047750,0.063528,16.029535,-34.311901,10.944015,-3.604235,-1.188215,0.363846,0.053486,-0.298034,0.007217,16.029535,-34.311901,10.944015,-3.604235,-1.188215,0.363846,0.053486,-0.298034,0.007217,87.000000,87.000000,87.000000,87.000000,12.000000,12.000000,12.000000,200.000000,200.000000,0.000000,0.000000,0.000000,0.000000,0.000000,0.000000,0.000000,0.000000,0.000000
251,-0.134652,0.474373,0.428598,0.225844,-0.118029,-0.211459,-0.983391,-0.161220,0.132210,0.070572,-2.773811,-0.032279,2.871819,0.256135,0.000112,0.000050,-0.802969,-0.688578,0.950343,-0.864396,-0.348454,0.699529,-0.133122,0.000044,-0.000096,27.347322,-16.137564,-17.231955,-8.914893,1.999894,-15.738250,2.746173,0.026661,-0.023378,11.239792,-36.008972,7.943514,7.893624,-1.140219,2.120361,-0.038646,-0.162521,-0.153685,11.239792,-36.008972,7.943514,7.893624,-1.140219,2.120361,-0.038646,-0.162521,-0.153685,87.000000,87.000000,87.000000,87.000000,12.000000,12.000000,12.000000,200.000000,200.000000,0.000000,0.000000,0.000000,0.000000,0.000000,0.000000,0.000000,0.000000,0.000000
252,-0.159708,0.706437,0.404095,0.182308,-0.131608,-0.244797,-0.999782,-0.175219,0.111483,0.094820,-2.804362,-0.045424,2.884552,0.249045,0.000120,0.000045,-0.174780,-0.816515,0.639328,-0.911176,-0.291205,0.138578,-0.154163,-0.000654,0.000794,16.026426,-2.793374,-5.945252,-1.164690,6.585077,-8.763442,3.795174,-0.021322,0.029867,9.035035,-23.971445,6.508318,9.166253,-0.492288,1.630034,-0.008820,-0.210155,-0.114410,9.035035,-23.971445,6.508318,9.166253,-0.492288,1.630034,-0.008820,-0.210155,-0.114410,87.000000,87.000000,87.000000,87.000000,12.000000,12.000000,12.000000,200.000000,200.000000,0.000000,0.000000,0.000000,0.000000,0.000000,0.000000,0.000000,0.000000,0.000000
253,-0.233411,0.615035,0.280906,0.388139,-0.131365,-0.147237,-0.984011,-0.165205,0.089225,0.102771,-2.831280,-0.055175,2.905413,0.249149,0.000094,0.000071,0.347059,-0.818991,0.263604,-0.611316,-0.246162,0.456362,0.005372,-0.000757,0.000828,2.222051,-0.478724,2.685129,11.383584,3.108542,-10.431572,-0.225164,0.033489,-0.033098,3.111031,-25.708282,2.440169,19.468550,-0.017773,2.928103,-0.043178,-0.060321,-0.273521,3.111031,-25.708282,2.440169,19.468550,-0.017773,2.928103,-0.043178,-0.060321,-0.273521,87.000000,87.000000,87.000000,87.000000,12.000000,12.000000,12.000000,200.000000,200.000000,0.000000,0.000000,0.000000,0.000000,0.000000,0.000000,0.000000,0.000000,0.000000
254,-0.335700,0.845021,-0.022511,0.256913,-0.105392,-0.183472,-0.906248,-0.124213,0.071072,0.077669,-2.847165,-0.060019,2.915147,0.267407,0.000072,0.000087,0.953950,-0.564931,-0.580520,-0.318473,-0.043867,0.112740,0.412892,-0.001415,0.001165,-21.306845,8.021678,14.698129,8.147395,3.736419,-6.192087,-9.234852,-0.037346,0.017061,-7.219934,-15.250043,-4.750977,14.520812,0.929211,1.841293,0.002954,-0.090002,-0.247204,-7.219934,-15.250043,-4.750977,14.520812,0.929211,1.841293,0.002954,-0.090002,-0.247204,87.000000,87.000000,87.000000,87.000000,12.000000,12.000000,12.000000,200.000000,200.000000,0.000000,0.000000,0.000000,0.000000,0.000000,0.000000,0.000000,0.000000,0.000000
255,-0.259651,0.963763,0.014655,0.356818,-0.109600,-0.195976,-0.912202,-0.098347,0.065814,0.061859,-2.849660,-0.062025,2.915617,0.275918,0.000056,0.000099,0.553436,-0.077490,-0.315375,0.170992,-0.030772,-0.071066,0.184986,-0.001079,0.000970,-12.958810,14.069157,8.752380,13.073200,1.746377,0.215887,-4.311828,0.011189,-0.008056,-4.718209,-11.034214,-3.038338,17.690002,0.754440,2.162783,-0.027111,0.000038,-0.296813,-4.718209,-11.034214,-3.038338,17.690002,0.754440,2.162783,-0.027111,0.000038,-0.296813,87.000000,87.000000,87.000000,87.000000,12.000000,12.000000,12.000000,200.000000,200.000000,0.000000,0.000000,0.000000,0.000000,0.000000,0.000000,0.000000,0.000000,0.000000
256,-0.301995,0.869052,-0.076347,0.355532,-0.096942,-0.216551,-0.895491,-0.078052,0.072134,0.044418,-2.839726,-0.060996,2.910658,0.284096,0.000043,0.000111,0.379482,0.151200,-0.419521,0.445413,0.072657,-0.194857,0.184165,-0.000934,0.000879,-14.912462,6.543240,6.590006,6.765543,1.060720,2.970253,-4.105155,0.009477,-0.007396,-7.686160,-16.367018,-5.128059,15.751543,0.863761,2.225403,0.001663,0.012448,-0.311738,-7.686160,-16.367018,-5.128059,15.751543,0.863761,2.225403,0.001663,0.012448,-0.311738,87.000000,87.000000,87.000000,87.000000,12.000000,12.000000,12.000000,200.000000,200.000000,0.000000,0.000000,0.000000,0.000000,0.000000,0.000000,0.000000,0.000000,0.000000
257,-0.265786,0.925123,-0.071963,0.240453,-0.097022,-0.265364,-0.887107,-0.068716,0.084677,0.029579,-2.825264,-0.058363,2.900254,0.290351,0.000051,0.000105,0.104577,0.303723,-0.370939,0.455726,0.102366,-0.332109,0.140736,-0.000433,0.000453,-10.593083,4.447353,3.952932,-1.188365,0.199495,5.338080,-3.094905,0.007410,-0.005174,-6.004737,-15.652911,-4.045254,9.511789,0.518331,1.609807,0.010571,-0.038792,-0.268869,-6.004737,-15.652911,-4.045254,9.511789,0.518331,1.609807,0.010571,-0.038792,-0.268869,87.000000,87.000000,87.000000,87.000000,12.000000,12.000000,12.000000,200.000000,200.000000,0.000000,0.000000,0.000000,0.000000,0.000000,0.000000,0.000000,0.000000,0.000000
258,-0.198101,0.841416,0.071333,0.293835,-0.112934,-0.249049,-0.915967,-0.080701,0.100094,0.032550,-2.811733,-0.057121,2.895852,0.286940,0.000061,0.000095,-0.352826,0.319750,0.076158,0.420621,0.015730,-0.150246,-0.077459,-0.000446,0.000363,3.693711,-0.032170,-4.066885,-1.293506,-0.817755,3.139802,1.694721,-0.008669,0.001932,-0.296740,-20.530252,-0.207968,10.655025,-0.054975,2.014165,-0.014224,-0.086246,-0.230529,-0.296740,-20.530252,-0.207968,10.655025,-0.054975,2.014165,-0.014224,-0.086246,-0.230529,87.000000,87.000000,87.000000,87.000000,12.000000,12.000000,12.000000,200.000000,200.000000,0.000000,0.000000,0.000000,0.000000,0.000000,0.000000,0.000000,0.000000,0.000000
259,-0.219699,0.739843,0.101138,0.193733,-0.114145,-0.304396,-0.932131,-0.096315,0.110784,0.039033,-2.803208,-0.056247,2.883037,0.281081,0.000076,0.000080,-0.410368,0.064659,0.135250,0.141791,0.048917,-0.415434,-0.124962,-0.000468,0.000422,5.692810,-6.797116,-5.940796,-9.481984,0.531924,5.973451,3.164565,-0.004221,0.005379,0.360567,-25.153662,0.196174,6.246268,-0.176870,1.689004,0.020085,-0.105043,-0.200868,0.360567,-25.153662,0.196174,6.246268,-0.176870,1.689004,0.020085,-0.105043,-0.200868,87.000000,87.000000,87.000000,87.000000,12.000000,12.000000,12.000000,200.000000,200.000000,0.000000,0.000000,0.000000,0.000000,0.000000,0.000000,0.000000,0.000000,0.000000
260,-0.223443,0.535023,0.130975,0.413146,-0.126447,-0.059418,-0.906609,-0.111254,0.113713,0.044781,-2.804479,-0.057268,2.923078,0.284361,0.000054,0.000104,-0.390647,-0.221518,0.127815,0.014174,-0.122050,1.050459,0.072591,-0.000676,0.000852,5.190346,-10.783113,-4.167408,2.856583,-4.381679,-18.021397,-2.377506,-0.007495,0.018343,1.320748,-33.041424,1.049897,16.169794,-0.445413,3.034751,-0.069680,-0.055093,-0.253486,1.320748,-33.041424,1.049897,16.169794,-0.445413,3.034751,-0.069680,-0.055093,-0.253486,87.000000,87.000000,87.000000,87.000000,12.000000,12.000000,12.000000,200.000000,200.000000,0.000000,0.000000,0.000000,0.000000,0.000000,0.000000,0.000000,0.000000,0.000000
261,-0.209621,0.704327,0.157556,0.153113,-0.141415,-0.206133,-0.928411,-0.123258,0.105607,0.049372,-2.806769,-0.063012,2.923764,0.280681,0.000079,0.000079,-0.289954,-0.493648,0.113731,-0.162175,-0.077469,-0.214078,-0.078537,-0.000426,0.000258,5.950947,-6.077587,-3.302027,-8.432062,5.292511,-2.665873,2.299915,-0.009837,-0.003393,2.609875,-24.632639,1.835486,5.778017,-0.111049,1.308299,0.027183,-0.122913,-0.204264,2.609875,-24.632639,1.835486,5.778017,-0.111049,1.308299,0.027183,-0.122913,-0.204264,87.000000,87.000000,87.000000,87.000000,12.000000,12.000000,12.000000,200.000000,200.000000,0.000000,0.000000,0.000000,0.000000,0.000000,0.000000,0.000000,0.000000,0.000000
262,-0.197824,0.823513,0.208654,0.205907,-0.137075,-0.285640,-0.949697,-0.134983,0.094398,0.058036,-2.812584,-0.064631,2.902249,0.273756,0.000086,0.000071,-0.254327,-0.443893,0.234009,-0.174330,0.002879,-0.636628,-0.147957,-0.000816,0.000742,8.012647,2.688828,-3.810958,-2.371018,2.148265,10.160089,3.794865,-0.007398,0.011222,4.041171,-18.602358,2.837263,8.730149,-0.204435,1.721320,0.000883,-0.107726,-0.192892,4.041171,-18.602358,2.837263,8.730149,-0.204435,1.721320,0.000883,-0.107726,-0.192892,87.000000,87.000000,87.000000,87.000000,12.000000,12.000000,12.000000,200.000000,200.000000,0.000000,0.000000,0.000000,0.000000,0.000000,0.000000,0.000000,0.000000,0.000000
263,-0.206407,0.886534,0.185565,0.105230,-0.112106,-0.388812,-0.953084,-0.137259,0.085661,0.061890,-2.821075,-0.059844,2.868643,0.269201,0.000093,0.000065,-0.017342,-0.342759,0.114142,-0.305611,0.176526,-0.919226,-0.090247,-0.000761,0.000775,3.452553,4.367199,-0.769099,-5.659012,-0.805340,15.745231,2.638305,-0.001373,0.007151,2.990112,-15.558083,2.097929,5.541605,-0.214233,1.359906,0.010227,-0.113769,-0.191623,2.990112,-15.558083,2.097929,5.541605,-0.214233,1.359906,0.010227,-0.113769,-0.191623,87.000000,87.000000,87.000000,87.000000,12.000000,12.000000,12.000000,200.000000,200.000000,0.000000,0.000000,0.000000,0.000000,0.000000,0.000000,0.000000,0.000000,0.000000
264,-0.112859,0.745481,0.393918,0.447758,-0.155730,-0.129849,-1.001699,-0.152620,0.084389,0.086291,-2.830253,-0.063111,2.897462,0.255919,0.000086,0.000075,-0.260794,-0.111120,0.693454,-0.041048,-0.242434,0.830595,-0.303235,0.000304,-0.000032,16.982439,3.784362,-6.286314,13.887497,-4.534019,-10.830055,6.006127,0.066092,-0.050700,9.378835,-21.744368,6.619489,20.386499,-0.840989,3.270872,-0.114273,-0.061429,-0.253099,9.378835,-21.744368,6.619489,20.386499,-0.840989,3.270872,-0.114273,-0.061429,-0.253099,87.000000,87.000000,87.000000,87.000000,12.000000,12.000000,12.000000,200.000000,200.000000,0.000000,0.000000,0.000000,0.000000,0.000000,0.000000,0.000000,0.000000,0.000000
265,-0.333357,0.705951,-0.011696,0.293519,-0.114978,-0.147628,-0.911006,-0.124121,0.083683,0.067628,-2.831140,-0.065658,2.918774,0.269629,0.000076,0.000085,0.669939,-0.207392,-0.470753,0.041132,0.030020,0.368707,0.318687,-0.001355,0.001131,-16.759089,-2.544029,10.259143,2.287406,2.972636,-12.280059,-6.942501,-0.072015,0.043271,-6.124789,-23.376413,-4.061132,13.408470,0.747505,1.956454,0.017825,-0.159363,-0.195878,-6.124789,-23.376413,-4.061132,13.408470,0.747505,1.956454,0.017825,-0.159363,-0.195878,87.000000,87.000000,87.000000,87.000000,12.000000,12.000000,12.000000,200.000000,200.000000,0.000000,0.000000,0.000000,0.000000,0.000000,0.000000,0.000000,0.000000,0.000000
266,-0.237815,0.938517,0.063204,0.273504,-0.114544,-0.214230,-0.910590,-0.108528,0.085810,0.057747,-2.826474,-0.064124,2.916790,0.277369,0.000071,0.000085,0.327410,0.038093,-0.183324,0.239724,0.075582,-0.182563,0.171606,-0.000922,0.000784,-7.435145,7.600388,5.340450,3.685970,0.735662,0.422101,-3.806397,0.004888,-0.004981,-2.110203,-14.319317,-1.318317,11.785633,0.384755,1.644432,-0.013368,-0.051717,-0.251161,-2.110203,-14.319317,-1.318317,11.785633,0.384755,1.644432,-0.013368,-0.051717,-0.251161,87.000000,87.000000,87.000000,87.000000,12.000000,12.000000,12.000000,200.000000,200.000000,0.000000,0.000000,0.000000,0.000000,0.000000,0.000000,0.000000,0.000000,0.000000
267,-0.227051,0.735962,0.098485,0.230376,-0.113357,-0.274651,-0.924198,-0.103846,0.089149,0.057108,-2.820636,-0.061007,2.899650,0.278084,0.000073,0.000082,0.083184,-0.094929,0.014285,0.141909,0.105667,-0.519015,0.018309,-0.000840,0.000775,-1.974516,-3.023424,0.106370,-4.657845,-0.438521,8.371309,-0.163796,0.000152,0.002250,-1.088977,-22.940643,-0.684500,9.376854,0.034057,1.955303,0.003457,-0.067892,-0.233098,-1.088977,-22.940643,-0.684500,9.376854,0.034057,1.955303,0.003457,-0.067892,-0.233098,87.000000,87.000000,87.000000,87.000000,12.000000,12.000000,12.000000,200.000000,200.000000,0.000000,0.000000,0.000000,0.000000,0.000000,0.000000,0.000000,0.000000,0.000000
268,-0.307364,0.767611,-0.015040,0.378622,-0.121114,-0.193328,-0.922898,-0.095772,0.092434,0.047564,-2.815989,-0.063093,2.904830,0.278792,0.000051,0.000103,0.108043,-0.029039,-0.244019,0.236204,-0.081832,0.138008,0.014016,-0.000818,0.000784,-8.708382,0.798835,2.942882,4.317464,-0.237630,-0.922449,-0.578948,0.016403,-0.014506,-5.401887,-21.893032,-3.608878,15.195620,0.384393,2.532471,-0.014742,-0.000164,-0.301070,-5.401887,-21.893032,-3.608878,15.195620,0.384393,2.532471,-0.014742,-0.000164,-0.301070,87.000000,87.000000,87.000000,87.000000,12.000000,12.000000,12.000000,200.000000,200.000000,0.000000,0.000000,0.000000,0.000000,0.000000,0.000000,0.000000,0.000000,0.000000
269,-0.202130,0.733732,0.115398,0.285083,-0.134274,-0.167444,-0.928325,-0.101069,0.094844,0.048817,-2.810949,-0.064783,2.917374,0.277861,0.000061,0.000095,-0.163434,-0.118564,0.051949,0.162543,-0.044550,0.235358,-0.018492,-0.000377,0.000367,2.028547,-3.002918,-1.535948,-1.245097,0.178669,-6.094694,0.375263,-0.004043,0.003587,0.570805,-23.419933,0.461061,10.930717,-0.077776,1.998338,-0.015337,-0.080718,-0.228994,0.570805,-23.419933,0.461061,10.930717,-0.077776,1.998338,-0.015337,-0.080718,-0.228994,87.000000,87.000000,87.000000,87.000000,12.000000,12.000000,12.000000,200.000000,200.000000,0.000000,0.000000,0.000000,0.000000,0.000000,0.000000,0.000000,0.000000,0.000000
270,-0.209994,0.769102,0.125513,0.204551,-0.119241,-0.238675,-0.920540,-0.106981,0.093426,0.051763,-2.808389,-0.062607,2.910780,0.279114,0.000075,0.000081,-0.152158,-0.224101,0.074234,0.029704,0.106382,-0.301361,0.035239,-0.000569,0.000504,2.740304,-2.102239,-2.434704,-5.434620,0.426049,2.140567,-0.435047,-0.008055,0.006887,0.742744,-21.560810,0.517455,7.619061,-0.024516,1.565069,0.007211,-0.102269,-0.206060,0.742744,-21.560810,0.517455,7.619061,-0.024516,1.565069,0.007211,-0.102269,-0.206060,87.000000,87.000000,87.000000,87.000000,12.000000,12.000000,12.000000,200.000000,200.000000,0.000000,0.000000,0.000000,0.000000,0.000000,0.000000,0.000000,0.000000,0.000000
271,-0.323088,0.861089,-0.090544,0.075492,-0.077686,-0.401002,-0.890400,-0.094917,0.089106,0.032371,-2.811600,-0.054808,2.872918,0.286692,0.000092,0.000069,0.190392,-0.267696,-0.524446,-0.224014,0.300798,-1.083452,0.180048,-0.000098,0.000334,-13.251090,0.950387,5.416628,-10.821783,-0.084697,16.819452,-3.333429,0.045885,-0.026104,-6.572897,-17.246359,-4.527398,3.082033,0.479774,1.020614,0.054525,-0.077680,-0.225502,-6.572897,-17.246359,-4.527398,3.082033,0.479774,1.020614,0.054525,-0.077680,-0.225502,87.000000,87.000000,87.000000,87.000000,12.000000,12.000000,12.000000,200.000000,200.000000,0.000000,0.000000,0.000000,0.000000,0.000000,0.000000,0.000000,0.000000,0.000000
272,-0.109972,0.810043,0.287450,0.366331,-0.136216,-0.200227,-0.949659,-0.120375,0.090043,0.051265,-2.819891,-0.055756,2.886453,0.277497,0.000090,0.000069,-0.603060,-0.039098,0.533074,-0.095972,-0.178416,0.436014,-0.216381,-0.000684,0.000479,16.675957,4.308233,-8.292485,8.386230,-4.837800,-3.682807,4.056793,-0.046037,0.021254,7.805321,-19.776636,5.477953,16.132425,-0.838989,2.795236,-0.102678,-0.194325,-0.152753,7.805321,-19.776636,5.477953,16.132425,-0.838989,2.795236,-0.102678,-0.194325,-0.152753,87.000000,87.000000,87.000000,87.000000,12.000000,12.000000,12.000000,200.000000,200.000000,0.000000,0.000000,0.000000,0.000000,0.000000,0.000000,0.000000,0.000000,0.000000
273,-0.200606,0.787288,0.206221,0.204864,-0.128881,-0.242569,-0.952380,-0.130955,0.092518,0.061747,-2.824532,-0.059509,2.892580,0.271356,0.000092,0.000065,-0.197509,-0.088230,0.257650,-0.129047,-0.049479,0.009119,-0.128589,-0.000773,0.000684,7.843280,-1.037802,-4.087363,-1.602621,2.777998,-4.381620,3.267069,-0.012634,0.012201,3.450587,-21.061451,2.360825,9.565194,-0.112961,1.670948,0.003731,-0.131806,-0.176244,3.450587,-21.061451,2.360825,9.565194,-0.112961,1.670948,0.003731,-0.131806,-0.176244,87.000000,87.000000,87.000000,87.000000,12.000000,12.000000,12.000000,200.000000,200.000000,0.000000,0.000000,0.000000,0.000000,0.000000,0.000000,0.000000,0.000000,0.000000
274,-0.183441,0.719388,0.263613,0.356320,-0.138632,-0.164350,-0.962326,-0.139025,0.094635,0.074950,-2.827966,-0.062582,2.907786,0.266034,0.000083,0.000074,-0.130913,-0.095212,0.369339,0.017688,-0.102804,0.328345,-0.116452,-0.000619,0.000629,9.011064,-1.058908,-3.701847,5.908906,-0.003663,-6.876904,2.504237,0.018884,-0.013906,4.671263,-23.926847,3.324115,15.937150,-0.285559,2.600605,-0.045809,-0.071443,-0.233005,4.671263,-23.926847,3.324115,15.937150,-0.285559,2.600605,-0.045809,-0.071443,-0.233005,87.000000,87.000000,87.000000,87.000000,12.000000,12.000000,12.000000,200.000000,200.000000,0.000000,0.000000,0.000000,0.000000,0.000000,0.000000,0.000000,0.000000,0.000000
275,-0.207886,0.786135,0.222860,0.256952,-0.127520,-0.203517,-0.962281,-0.136083,0.095830,0.081776,-2.827186,-0.063218,2.911472,0.263056,0.000086,0.000072,0.130808,-0.114778,0.207358,0.068826,0.019967,-0.031181,-0.059273,-0.000799,0.000738,3.025564,-0.219515,-0.492209,0.710337,1.062389,-2.518861,1.620097,-0.014378,0.010444,2.421080,-21.253048,1.762355,11.468637,-0.040491,1.931400,-0.007895,-0.118880,-0.197117,2.421080,-21.253048,1.762355,11.468637,-0.040491,1.931400,-0.007895,-0.118880,-0.197117,87.000000,87.000000,87.000000,87.000000,12.000000,12.000000,12.000000,200.000000,200.000000,0.000000,0.000000,0.000000,0.000000,0.000000,0.000000,0.000000,0.000000,0.000000
276,-0.297384,0.842252,0.028116,0.260719,-0.115605,-0.277494,-0.938791,-0.114891,0.097408,0.068058,-2.823608,-0.063942,2.896685,0.266956,0.000071,0.000084,0.473234,-0.066480,-0.323944,0.141715,0.045067,-0.474957,0.092573,-0.001176,0.001066,-12.206208,2.253706,7.125901,-0.252618,2.529651,6.886630,-1.754210,-0.002597,0.000702,-4.639862,-19.121613,-3.074241,11.083797,0.517058,1.874793,0.020955,-0.047051,-0.258477,-4.639862,-19.121613,-3.074241,11.083797,0.517058,1.874793,0.020955,-0.047051,-0.258477,87.000000,87.000000,87.000000,87.000000,12.000000,12.000000,12.000000,200.000000,200.000000,0.000000,0.000000,0.000000,0.000000,0.000000,0.000000,0.000000,0.000000,0.000000
277,-0.338294,0.800219,-0.130439,0.195705,-0.068926,-0.294428,-0.872605,-0.088388,0.098989,0.040504,-2.822893,-0.054287,2.884855,0.284618,0.000065,0.000095,0.500127,-0.119033,-0.690170,-0.016270,0.303532,-0.355763,0.403020,-0.000484,0.000763,-20.858702,-1.139477,10.282427,-4.224609,-3.580760,5.139135,-8.941605,0.031533,-0.010048,-8.965887,-20.982719,-6.052066,8.619040,0.571999,1.736423,0.014929,-0.022885,-0.278132,-8.965887,-20.982719,-6.052066,8.619040,0.571999,1.736423,0.014929,-0.022885,-0.278132,87.000000,87.000000,87.000000,87.000000,12.000000,12.000000,12.000000,200.000000,200.000000,0.000000,0.000000,0.000000,0.000000,0.000000,0.000000,0.000000,0.000000,0.000000
278,-0.206202,0.641900,0.122940,0.389058,-0.105933,-0.141332,-0.914170,-0.098880,0.098989,0.044817,-2.824663,-0.051481,2.906401,0.284701,0.000057,0.000102,-0.331158,-0.206689,0.151960,0.057757,-0.044926,0.555268,-0.009112,-0.000757,0.000621,4.115964,-4.198050,-3.541476,5.742090,-5.239192,-8.606826,-0.493803,-0.022257,0.004676,0.794751,-27.254541,0.703202,16.867857,-0.338945,2.940745,-0.073317,-0.082638,-0.256205,0.794751,-27.254541,0.703202,16.867857,-0.338945,2.940745,-0.073317,-0.082638,-0.256205,87.000000,87.000000,87.000000,87.000000,12.000000,12.000000,12.000000,200.000000,200.000000,0.000000,0.000000,0.000000,0.000000,0.000000,0.000000,0.000000,0.000000,0.000000
279,-0.247032,0.691487,0.075649,0.346641,-0.125392,-0.092653,-0.904450,-0.105627,0.095954,0.044224,-2.822428,-0.057707,2.933808,0.286692,0.000054,0.000104,-0.200875,-0.279399,-0.028192,0.156869,-0.163519,0.591251,0.043672,-0.000470,0.000513,0.656169,-2.785143,-1.166352,4.015182,2.333326,-13.285939,-1.181057,0.005281,0.000423,-0.839524,-24.754869,-0.526982,14.630875,0.147156,2.312297,-0.023033,-0.047129,-0.261945,-0.839524,-24.754869,-0.526982,14.630875,0.147156,2.312297,-0.023033,-0.047129,-0.261945,87.000000,87.000000,87.000000,87.000000,12.000000,12.000000,12.000000,200.000000,200.000000,0.000000,0.000000,0.000000,0.000000,0.000000,0.000000,0.000000,0.000000,0.000000
280,-0.188362,0.891841,0.153432,0.139188,-0.128487,-0.292858,-0.935166,-0.115151,0.091185,0.048375,-2.816768,-0.061165,2.910938,0.280258,0.000082,0.000076,-0.223609,-0.245576,0.116293,0.120971,0.011855,-0.780297,-0.136677,-0.000619,0.000471,5.779953,3.298806,-2.784136,-6.210402,5.573808,9.509117,3.853140,-0.018615,0.011204,2.625100,-16.105593,1.775125,5.390847,0.045095,1.064472,0.035763,-0.130258,-0.187633,2.625100,-16.105593,1.775125,5.390847,0.045095,1.064472,0.035763,-0.130258,-0.187633,87.000000,87.000000,87.000000,87.000000,12.000000,12.000000,12.000000,200.000000,200.000000,0.000000,0.000000,0.000000,0.000000,0.000000,0.000000,0.000000,0.000000,0.000000
281,-0.202306,0.838402,0.204290,0.244933,-0.122112,-0.336764,-0.960450,-0.127535,0.089120,0.059597,-2.813600,-0.059948,2.881597,0.270975,0.000081,0.000075,-0.271904,-0.158896,0.292757,0.100713,0.053240,-0.765586,-0.200266,-0.000896,0.000866,8.480712,3.151803,-5.240046,-2.124399,0.134316,15.246998,4.890256,-0.002509,0.008016,3.341008,-18.317469,2.298676,9.650490,-0.233029,1.973003,-0.004422,-0.086303,-0.215175,3.341008,-18.317469,2.298676,9.650490,-0.233029,1.973003,-0.004422,-0.086303,-0.215175,87.000000,87.000000,87.000000,87.000000,12.000000,12.000000,12.000000,200.000000,200.000000,0.000000,0.000000,0.000000,0.000000,0.000000,0.000000,0.000000,0.000000,0.000000
282,-0.287736,0.799608,-0.006634,0.189441,-0.103198,-0.300959,-0.915174,-0.114727,0.088749,0.044073,-2.815747,-0.057227,2.874676,0.276681,0.000069,0.000087,0.255768,-0.160506,-0.402652,-0.105230,0.083600,-0.180979,0.135173,-0.000606,0.000585,-10.904949,-0.409102,6.578475,-4.354614,-1.891669,3.552694,-3.017112,0.014110,-0.012835,-3.617346,-20.039129,-2.364303,8.021466,0.105974,1.746571,0.001348,-0.052587,-0.254547,-3.617346,-20.039129,-2.364303,8.021466,0.105974,1.746571,0.001348,-0.052587,-0.254547,87.000000,87.000000,87.000000,87.000000,12.000000,12.000000,12.000000,200.000000,200.000000,0.000000,0.000000,0.000000,0.000000,0.000000,0.000000,0.000000,0.000000,0.000000
283,-0.147831,0.692809,0.260531,0.406808,-0.140192,-0.108686,-0.962173,-0.129829,0.089721,0.058235,-2.820019,-0.059698,2.909005,0.269120,0.000073,0.000085,-0.345570,-0.123625,0.420009,0.026342,-0.177109,0.871350,-0.175735,0.000017,0.000082,11.837852,-1.046697,-5.104249,8.511397,-3.240909,-15.037961,3.307873,0.025513,-0.019721,6.086650,-24.520779,4.326891,17.444271,-0.588144,2.832532,-0.084187,-0.082053,-0.229389,6.086650,-24.520779,4.326891,17.444271,-0.588144,2.832532,-0.084187,-0.082053,-0.229389,87.000000,87.000000,87.000000,87.000000,12.000000,12.000000,12.000000,200.000000,200.000000,0.000000,0.000000,0.000000,0.000000,0.000000,0.000000,0.000000,0.000000,0.000000
284,-0.178210,0.811766,0.249821,0.123414,-0.115060,-0.263953,-0.949394,-0.136638,0.088010,0.071342,-2.820894,-0.058378,2.903931,0.267592,0.000100,0.000058,-0.079169,-0.216844,0.347630,-0.083737,0.130037,-0.355960,-0.020981,-0.000798,0.000631,8.746941,-0.906734,-4.304327,-6.441935,2.259347,-0.212166,1.175324,-0.054364,0.041307,4.539128,-19.373436,3.084892,5.619388,-0.143554,1.100343,0.018180,-0.213610,-0.113296,4.539128,-19.373436,3.084892,5.619388,-0.143554,1.100343,0.018180,-0.213610,-0.113296,87.000000,87.000000,87.000000,87.000000,12.000000,12.000000,12.000000,200.000000,200.000000,0.000000,0.000000,0.000000,0.000000,0.000000,0.000000,0.000000,0.000000,0.000000
285,-0.169787,0.911993,0.273439,0.251197,-0.137689,-0.294861,-0.980769,-0.137481,0.089337,0.083537,-2.821974,-0.061678,2.888168,0.259698,0.000090,0.000070,0.059596,-0.003270,0.360434,0.036090,-0.092467,-0.452137,-0.177084,-0.001126,0.001242,6.944167,6.437843,-1.934740,1.845248,1.648744,8.336039,4.097879,-0.004353,0.018560,4.467402,-15.618089,3.157217,10.970706,-0.246141,1.893055,-0.023072,-0.090249,-0.211870,4.467402,-15.618089,3.157217,10.970706,-0.246141,1.893055,-0.023072,-0.090249,-0.211870,87.000000,87.000000,87.000000,87.000000,12.000000,12.000000,12.000000,200.000000,200.000000,0.000000,0.000000,0.000000,0.000000,0.000000,0.000000,0.000000,0.000000,0.000000
286,-0.317297,0.690533,-0.002646,0.262799,-0.091931,-0.239074,-0.905055,-0.112077,0.091677,0.067739,-2.824792,-0.057476,2.889940,0.273097,0.000061,0.000096,0.571165,-0.143901,-0.391476,-0.082353,0.148718,0.008625,0.309975,-0.000981,0.000839,-15.447241,-4.434148,8.183001,-1.426378,-2.294615,-1.220976,-6.958896,0.020962,-0.032171,-6.108687,-24.908701,-4.037679,11.787953,0.388101,2.215796,0.000524,-0.000852,-0.322023,-6.108687,-24.908701,-4.037679,11.787953,0.388101,2.215796,0.000524,-0.000852,-0.322023,87.000000,87.000000,87.000000,87.000000,12.000000,12.000000,12.000000,200.000000,200.000000,0.000000,0.000000,0.000000,0.000000,0.000000,0.000000,0.000000,0.000000,0.000000
287,-0.283274,0.732223,0.009666,0.391332,-0.130273,-0.115683,-0.925961,-0.098013,0.093258,0.055265,-2.826649,-0.062622,2.917003,0.275670,0.000047,0.000109,0.237532,-0.094313,-0.268842,0.089652,-0.204674,0.658147,0.046730,-0.000467,0.000518,-10.382618,-0.154962,5.608181,7.685175,-0.172673,-11.889695,-1.656234,0.023722,-0.016606,-4.701816,-23.253483,-3.017556,17.141632,0.302432,2.652015,-0.037939,-0.002294,-0.300437,-4.701816,-23.253483,-3.017556,17.141632,0.302432,2.652015,-0.037939,-0.002294,-0.300437,87.000000,87.000000,87.000000,87.000000,12.000000,12.000000,12.000000,200.000000,200.000000,0.000000,0.000000,0.000000,0.000000,0.000000,0.000000,0.000000,0.000000,0.000000
288,-0.254507,0.852528,0.009717,0.125635,-0.094619,-0.290546,-0.898881,-0.090517,0.093135,0.045410,-2.824887,-0.058934,2.902139,0.282899,0.000074,0.000084,0.114626,-0.149825,-0.241905,-0.005440,0.220325,-0.591150,0.173656,-0.000507,0.000473,-6.588974,0.472160,2.281029,-6.486465,2.281085,4.648779,-3.191053,-0.013322,0.012293,-3.598272,-18.250965,-2.492436,5.818557,0.485091,1.081540,0.044207,-0.111555,-0.203253,-3.598272,-18.250965,-2.492436,5.818557,0.485091,1.081540,0.044207,-0.111555,-0.203253,87.000000,87.000000,87.000000,87.000000,12.000000,12.000000,12.000000,200.000000,200.000000,0.000000,0.000000,0.000000,0.000000,0.000000,0.000000,0.000000,0.000000,0.000000
289,-0.198092,0.739795,0.147349,0.423473,-0.130126,-0.134075,-0.935557,-0.101220,0.095470,0.051981,-2.823959,-0.060358,2.917039,0.278658,0.000061,0.000095,-0.295020,-0.053252,0.191573,0.187424,-0.134576,0.417577,-0.102902,-0.000648,0.000574,5.158111,0.947879,-3.605978,8.629567,-2.638391,-4.782586,1.727518,0.001007,-0.006001,1.271617,-23.173355,0.995457,18.005655,-0.204687,2.965151,-0.067327,-0.058280,-0.257306,1.271617,-23.173355,0.995457,18.005655,-0.204687,2.965151,-0.067327,-0.058280,-0.257306,87.000000,87.000000,87.000000,87.000000,12.000000,12.000000,12.000000,200.000000,200.000000,0.000000,0.000000,0.000000,0.000000,0.000000,0.000000,0.000000,0.000000,0.000000
290,-0.284077,0.700783,-0.002535,0.212052,-0.119077,-0.202170,-0.900382,-0.098089,0.094476,0.042352,-2.820579,-0.062575,2.918059,0.284177,0.000064,0.000092,0.012645,-0.261198,-0.271815,0.055504,0.017059,-0.116699,0.131196,-0.000737,0.000691,-6.383217,-5.197416,2.014738,-5.134142,3.049924,-1.728047,-2.614459,-0.013338,0.012632,-3.892925,-24.453632,-2.673373,8.844735,0.370019,1.727993,0.027207,-0.079192,-0.230253,-3.892925,-24.453632,-2.673373,8.844735,0.370019,1.727993,0.027207,-0.079192,-0.230253,87.000000,87.000000,87.000000,87.000000,12.000000,12.000000,12.000000,200.000000,200.000000,0.000000,0.000000,0.000000,0.000000,0.000000,0.000000,0.000000,0.000000,0.000000
291,-0.229287,0.899437,0.076818,0.228659,-0.111900,-0.269668,-0.911698,-0.104409,0.093016,0.040278,-2.818245,-0.060369,2.903320,0.284645,0.000073,0.000084,-0.204420,-0.111987,-0.046285,0.100842,0.093639,-0.465301,0.013667,-0.000571,0.000522,0.982857,5.055304,-1.217926,-0.494046,0.403234,6.986430,-0.049837,0.005862,-0.006898,-0.198680,-16.203156,-0.118085,9.466517,0.119731,1.638088,-0.002406,-0.076484,-0.234535,-0.198680,-16.203156,-0.118085,9.466517,0.119731,1.638088,-0.002406,-0.076484,-0.234535,87.000000,87.000000,87.000000,87.000000,12.000000,12.000000,12.000000,200.000000,200.000000,0.000000,0.000000,0.000000,0.000000,0.000000,0.000000,0.000000,0.000000,0.000000
292,-0.140706,0.717690,0.294344,0.342093,-0.132978,-0.207785,-0.960593,-0.128542,0.093915,0.060925,-2.815752,-0.059558,2.903547,0.273526,0.000079,0.000078,-0.534581,-0.137363,0.546210,0.142636,-0.032842,-0.005552,-0.248428,-0.000507,0.000441,16.501671,-1.381900,-9.153188,2.350089,-2.267433,1.416024,5.497755,-0.002178,0.000127,7.043685,-23.843651,4.893702,13.853590,-0.622657,2.569116,-0.052088,-0.106116,-0.204306,7.043685,-23.843651,4.893702,13.853590,-0.622657,2.569116,-0.052088,-0.106116,-0.204306,87.000000,87.000000,87.000000,87.000000,12.000000,12.000000,12.000000,200.000000,200.000000,0.000000,0.000000,0.000000,0.000000,0.000000,0.000000,0.000000,0.000000,0.000000
293,-0.197189,0.932106,0.203686,0.072634,-0.130652,-0.362785,-0.964921,-0.132986,0.094395,0.067364,-2.814225,-0.061508,2.878642,0.266197,0.000095,0.000063,-0.050450,-0.090659,0.164270,-0.055402,0.021781,-0.764665,-0.153782,-0.000819,0.000814,4.905398,2.889572,-1.820429,-9.203068,3.418546,10.870588,4.132801,-0.029658,0.031999,3.190835,-15.188753,2.188834,2.821801,-0.168121,0.905080,0.032224,-0.159595,-0.150929,3.190835,-15.188753,2.188834,2.821801,-0.168121,0.905080,0.032224,-0.159595,-0.150929,87.000000,87.000000,87.000000,87.000000,12.000000,12.000000,12.000000,200.000000,200.000000,0.000000,0.000000,0.000000,0.000000,0.000000,0.000000,0.000000,0.000000,0.000000
294,-0.150643,0.625694,0.345654,0.429692,-0.131134,-0.166918,-0.985898,-0.144785,0.095705,0.087789,-2.817696,-0.059743,2.895240,0.257822,0.000079,0.000079,-0.198703,-0.160408,0.569109,0.025074,-0.041019,0.468649,-0.184514,-0.000407,0.000420,13.193931,-3.901470,-6.097526,7.009637,-4.954222,-6.017601,3.765820,0.040829,-0.038801,6.864585,-27.748066,4.907073,18.091795,-0.672028,3.194870,-0.078086,-0.040743,-0.270721,6.864585,-27.748066,4.907073,18.091795,-0.672028,3.194870,-0.078086,-0.040743,-0.270721,87.000000,87.000000,87.000000,87.000000,12.000000,12.000000,12.000000,200.000000,200.000000,0.000000,0.000000,0.000000,0.000000,0.000000,0.000000,0.000000,0.000000,0.000000
295,-0.355946,0.869346,-0.055722,0.170182,-0.113161,-0.285279,-0.939499,-0.115989,0.095021,0.064744,-2.817796,-0.063160,2.890337,0.263826,0.000074,0.000082,0.639253,-0.144858,-0.592566,-0.031785,0.008614,-0.289329,0.142385,-0.001103,0.000936,-19.102594,1.648305,10.849856,-4.320520,4.684735,0.580516,-2.727048,-0.036456,0.022989,-7.729543,-17.674208,-5.233893,7.225504,0.776842,1.214900,0.054936,-0.113017,-0.210588,-7.729543,-17.674208,-5.233893,7.225504,0.776842,1.214900,0.054936,-0.113017,-0.210588,87.000000,87.000000,87.000000,87.000000,12.000000,12.000000,12.000000,200.000000,200.000000,0.000000,0.000000,0.000000,0.000000,0.000000,0.000000,0.000000,0.000000,0.000000
296,-0.265704,0.718327,0.013318,0.333038,-0.097331,-0.201030,-0.908740,-0.101997,0.094723,0.050308,-2.820354,-0.058088,2.898870,0.274681,0.000058,0.000099,0.241901,-0.177479,-0.317174,-0.003425,0.124245,0.177720,0.244889,-0.000914,0.000968,-10.064085,-1.616163,5.857841,3.039656,-3.604622,-3.867357,-5.743941,0.004287,0.004532,-3.670542,-23.789545,-2.333097,14.288116,0.200685,2.422582,-0.031169,-0.026358,-0.273831,-3.670542,-23.789545,-2.333097,14.288116,0.200685,2.422582,-0.031169,-0.026358,-0.273831,87.000000,87.000000,87.000000,87.000000,12.000000,12.000000,12.000000,200.000000,200.000000,0.000000,0.000000,0.000000,0.000000,0.000000,0.000000,0.000000,0.000000,0.000000
297,-0.199993,0.767639,0.120315,0.199255,-0.111613,-0.225528,-0.915083,-0.104547,0.092446,0.050668,-2.822989,-0.056271,2.902547,0.278977,0.000068,0.000088,-0.099218,-0.238692,0.042263,-0.087287,0.037533,-0.013358,0.093862,-0.000505,0.000425,1.152474,-1.538152,-0.773748,-2.641076,-1.183220,-2.331271,-2.187025,-0.002635,-0.002380,0.712692,-21.468718,0.579491,9.047511,-0.146406,1.734904,-0.021828,-0.084257,-0.230952,0.712692,-21.468718,0.579491,9.047511,-0.146406,1.734904,-0.021828,-0.084257,-0.230952,87.000000,87.000000,87.000000,87.000000,12.000000,12.000000,12.000000,200.000000,200.000000,0.000000,0.000000,0.000000,0.000000,0.000000,0.000000,0.000000,0.000000,0.000000
298,-0.189073,0.846550,0.213241,0.287420,-0.131855,-0.263746,-0.958994,-0.117339,0.091498,0.063533,-2.823487,-0.060086,2.894025,0.270834,0.000073,0.000083,-0.286317,-0.109193,0.347170,0.069427,-0.095421,-0.302994,-0.183281,-0.000737,0.000710,9.275831,4.131677,-5.644930,2.852115,2.343442,4.552261,4.268109,-0.001988,0.006104,3.137740,-18.257370,2.174099,12.510318,-0.094530,2.051692,-0.016755,-0.079201,-0.223777,3.137740,-18.257370,2.174099,12.510318,-0.094530,2.051692,-0.016755,-0.079201,-0.223777,87.000000,87.000000,87.000000,87.000000,12.000000,12.000000,12.000000,200.000000,200.000000,0.000000,0.000000,0.000000,0.000000,0.000000,0.000000,0.000000,0.000000,0.000000
299,-0.298620,0.708237,-0.016201,0.324029,-0.106959,-0.169544,-0.894015,-0.104655,0.092165,0.048972,-2.823555,-0.059781,2.908100,0.281672,0.000050,0.000106,0.248532,-0.160726,-0.386383,0.059326,0.028042,0.331241,0.249407,-0.000857,0.000903,-11.270513,-2.466079,5.918650,2.454158,-0.994901,-6.594314,-5.771038,0.003557,0.001279,-4.858904,-24.081690,-3.221041,13.982664,0.358310,2.379969,-0.014966,-0.015962,-0.290482,-4.858904,-24.081690,-3.221041,13.982664,0.358310,2.379969,-0.014966,-0.015962,-0.290482,87.000000,87.000000,87.000000,87.000000,12.000000,12.000000,12.000000,200.000000,200.000000,0.000000,0.000000,0.000000,0.000000,0.000000,0.000000,0.000000,0.000000,0.000000
300,-0.228110,0.869898,0.083300,0.165012,-0.107868,-0.283512,-0.914547,-0.106166,0.091820,0.045970,-2.822298,-0.057796,2.897007,0.282644,0.000070,0.000087,-0.088982,-0.124110,-0.051033,0.018873,0.095677,-0.433422,0.023348,-0.000455,0.000357,-0.462761,2.267994,-0.180790,-3.858629,0.982707,4.255743,-0.190164,0.001195,-0.007074,-0.401189,-17.416842,-0.242065,7.270856,0.105519,1.343118,0.009930,-0.083861,-0.232476,-0.401189,-17.416842,-0.242065,7.270856,0.105519,1.343118,0.009930,-0.083861,-0.232476,87.000000,87.000000,87.000000,87.000000,12.000000,12.000000,12.000000,200.000000,200.000000,0.000000,0.000000,0.000000,0.000000,0.000000,0.000000,0.000000,0.000000,0.000000
301,-0.230109,0.807722,0.081328,0.304375,-0.107932,-0.232665,-0.915986,-0.108810,0.094214,0.043445,-2.822054,-0.056167,2.896216,0.282891,0.000064,0.000091,-0.101500,-0.042664,-0.056600,0.080056,0.028015,-0.044612,0.006877,-0.000664,0.000600,-0.510891,1.793885,0.224819,2.712830,-1.512376,1.184534,-0.244369,0.000531,-0.000544,-0.239886,-20.337729,-0.081635,13.036919,-0.003932,2.249946,-0.027375,-0.062949,-0.242386,-0.239886,-20.337729,-0.081635,13.036919,-0.003932,2.249946,-0.027375,-0.062949,-0.242386,87.000000,87.000000,87.000000,87.000000,12.000000,12.000000,12.000000,200.000000,200.000000,0.000000,0.000000,0.000000,0.000000,0.000000,0.000000,0.000000,0.000000,0.000000
302,-0.199171,0.659047,0.150170,0.306606,-0.128605,-0.144659,-0.919271,-0.117443,0.095375,0.047862,-2.822308,-0.058326,2.915122,0.282300,0.000065,0.000091,-0.219322,-0.190209,0.129874,0.032091,-0.095761,0.434567,-0.013936,-0.000415,0.000420,4.586412,-5.262300,-2.212507,0.953937,-1.000933,-8.643545,0.030641,0.002402,-0.000126,2.293723,-26.386543,1.680892,13.174519,-0.306761,2.420184,-0.041055,-0.076033,-0.230586,2.293723,-26.386543,1.680892,13.174519,-0.306761,2.420184,-0.041055,-0.076033,-0.230586,87.000000,87.000000,87.000000,87.000000,12.000000,12.000000,12.000000,200.000000,200.000000,0.000000,0.000000,0.000000,0.000000,0.000000,0.000000,0.000000,0.000000,0.000000
303,-0.107401,0.930183,0.369564,0.183211,-0.149601,-0.263988,-0.979463,-0.140021,0.095981,0.074287,-2.820032,-0.062955,2.905355,0.267683,0.000095,0.000065,-0.436097,-0.049330,0.714889,0.087710,-0.090659,-0.403599,-0.323373,-0.000480,0.000589,19.931059,5.199911,-9.822334,-1.572620,3.578964,4.003993,7.727340,-0.020384,0.028543,9.230528,-15.368791,6.344381,7.765985,-0.510932,1.361080,-0.010457,-0.167433,-0.145576,9.230528,-15.368791,6.344381,7.765985,-0.510932,1.361080,-0.010457,-0.167433,-0.145576,87.000000,87.000000,87.000000,87.000000,12.000000,12.000000,12.000000,200.000000,200.000000,0.000000,0.000000,0.000000,0.000000,0.000000,0.000000,0.000000,0.000000,0.000000
304,-0.264097,0.684860,0.142705,0.373680,-0.109673,-0.199189,-0.938385,-0.132512,0.097813,0.075448,-2.817626,-0.060529,2.906026,0.269495,0.000068,0.000088,0.223315,-0.136022,0.025405,0.147108,0.093957,-0.011991,0.052221,-0.001011,0.000834,-2.378919,-2.967491,1.309995,3.036939,-1.304141,0.215342,-1.020493,0.015817,-0.027576,-0.667876,-25.562424,-0.350353,15.295277,0.123245,2.658448,-0.016025,-0.022626,-0.298439,-0.667876,-25.562424,-0.350353,15.295277,0.123245,2.658448,-0.016025,-0.022626,-0.298439,87.000000,87.000000,87.000000,87.000000,12.000000,12.000000,12.000000,200.000000,200.000000,0.000000,0.000000,0.000000,0.000000,0.000000,0.000000,0.000000,0.000000,0.000000
305,-0.342993,0.659474,-0.089270,0.320852,-0.122887,-0.130209,-0.898224,-0.105412,0.095737,0.049527,-2.815633,-0.064012,2.924317,0.280066,0.000047,0.000109,0.540761,-0.286970,-0.639590,0.085024,-0.099829,0.417842,0.234072,-0.000795,0.000856,-20.054010,-5.127323,11.611082,0.045009,0.602537,-8.479653,-5.581539,0.005048,0.003007,-7.855760,-26.132172,-5.186341,13.016864,0.488846,2.314922,-0.004056,-0.011057,-0.290322,-7.855760,-26.132172,-5.186341,13.016864,0.488846,2.314922,-0.004056,-0.011057,-0.290322,87.000000,87.000000,87.000000,87.000000,12.000000,12.000000,12.000000,200.000000,200.000000,0.000000,0.000000,0.000000,0.000000,0.000000,0.000000,0.000000,0.000000,0.000000
306,-0.151503,0.998751,0.201765,0.042131,-0.115379,-0.384974,-0.938299,-0.112076,0.091996,0.057098,-2.813763,-0.060526,2.887722,0.276072,0.000091,0.000068,-0.161400,-0.168438,0.255482,-0.041496,0.187162,-1.141126,-0.081840,-0.000479,0.000439,7.285025,6.326934,-3.768847,-9.531323,2.303243,15.616263,2.693560,-0.018749,0.016365,3.773564,-11.928052,2.582829,1.511079,-0.132736,0.546478,0.032739,-0.156597,-0.163104,3.773564,-11.928052,2.582829,1.511079,-0.132736,0.546478,0.032739,-0.156597,-0.163104,87.000000,87.000000,87.000000,87.000000,12.000000,12.000000,12.000000,200.000000,200.000000,0.000000,0.000000,0.000000,0.000000,0.000000,0.000000,0.000000,0.000000,0.000000
307,-0.222606,0.656638,0.150063,0.348662,-0.103184,-0.244794,-0.942947,-0.114579,0.090411,0.062510,-2.818221,-0.055042,2.883997,0.273051,0.000067,0.000088,-0.056254,-0.237781,0.142764,-0.074284,0.079861,-0.030633,-0.064423,-0.000880,0.000746,1.836721,-3.190885,-1.930516,2.312585,-5.428802,3.708714,1.227953,0.012303,-0.018263,0.537218,-25.842396,0.485303,14.887077,-0.272459,2.863239,-0.043903,-0.036538,-0.275727,0.537218,-25.842396,0.485303,14.887077,-0.272459,2.863239,-0.043903,-0.036538,-0.275727,87.000000,87.000000,87.000000,87.000000,12.000000,12.000000,12.000000,200.000000,200.000000,0.000000,0.000000,0.000000,0.000000,0.000000,0.000000,0.000000,0.000000,0.000000
308,-0.209246,0.832855,0.152317,0.226791,-0.117105,-0.200530,-0.930351,-0.114187,0.089338,0.064888,-2.823046,-0.056187,2.899436,0.274425,0.000070,0.000086,0.011367,-0.141925,0.083707,-0.100361,-0.058871,0.330618,0.031308,-0.000400,0.000383,0.819579,2.004867,-0.078080,1.057793,-1.060247,-7.580455,-0.938767,0.001560,0.000402,0.801301,-18.667362,0.649622,10.397596,-0.115396,1.778712,-0.030123,-0.086595,-0.218542,0.801301,-18.667362,0.649622,10.397596,-0.115396,1.778712,-0.030123,-0.086595,-0.218542,87.000000,87.000000,87.000000,87.000000,12.000000,12.000000,12.000000,200.000000,200.000000,0.000000,0.000000,0.000000,0.000000,0.000000,0.000000,0.000000,0.000000,0.000000
309,-0.269480,0.833307,0.056579,0.269646,-0.120291,-0.306126,-0.950359,-0.106993,0.089893,0.058596,-2.823346,-0.060960,2.884390,0.270230,0.000068,0.000088,0.136275,-0.087005,-0.147739,0.047400,-0.050488,-0.531618,-0.090465,-0.001107,0.001058,-5.074128,2.875684,2.393440,0.712963,5.197784,6.579140,2.531361,-0.012151,0.014416,-2.852047,-18.790770,-1.916538,11.724157,0.495211,1.842939,0.030592,-0.059854,-0.243225,-2.852047,-18.790770,-1.916538,11.724157,0.495211,1.842939,0.030592,-0.059854,-0.243225,87.000000,87.000000,87.000000,87.000000,12.000000,12.000000,12.000000,200.000000,200.000000,0.000000,0.000000,0.000000,0.000000,0.000000,0.000000,0.000000,0.000000,0.000000
310,-0.319675,0.645153,-0.049279,0.454307,-0.114898,-0.127520,-0.915752,-0.096327,0.091971,0.042846,-2.822478,-0.062140,2.908091,0.276320,0.000034,0.000121,0.145037,-0.122879,-0.399930,0.172967,-0.065774,0.631974,0.137962,-0.000883,0.000973,-11.816619,-2.993874,5.358184,8.189720,-2.057418,-9.849493,-3.572733,0.014591,-0.006037,-6.127209,-26.719234,-4.046783,19.132334,0.404485,3.084871,-0.033849,0.033973,-0.335570,-6.127209,-26.719234,-4.046783,19.132334,0.404485,3.084871,-0.033849,0.033973,-0.335570,87.000000,87.000000,87.000000,87.000000,12.000000,12.000000,12.000000,200.000000,200.000000,0.000000,0.000000,0.000000,0.000000,0.000000,0.000000,0.000000,0.000000,0.000000
311,-0.218476,0.895289,0.065825,0.112794,-0.104950,-0.286752,-0.908605,-0.099959,0.092282,0.038603,-2.818651,-0.058800,2.898976,0.281111,0.000069,0.000090,-0.143758,-0.112302,-0.094933,0.051298,0.166859,-0.428702,0.113698,-0.000169,0.000144,-0.219551,1.882588,-0.444566,-6.778039,1.276562,2.333624,-2.074778,-0.001357,-0.004085,-0.351490,-16.491898,-0.249723,4.637758,0.135904,0.927963,0.021728,-0.103405,-0.221196,-0.351490,-16.491898,-0.249723,4.637758,0.135904,0.927963,0.021728,-0.103405,-0.221196,87.000000,87.000000,87.000000,87.000000,12.000000,12.000000,12.000000,200.000000,200.000000,0.000000,0.000000,0.000000,0.000000,0.000000,0.000000,0.000000,0.000000,0.000000
312,-0.161253,0.797379,0.243537,0.318752,-0.103969,-0.265181,-0.953229,-0.120737,0.094547,0.055412,-2.816510,-0.053166,2.889679,0.273388,0.000077,0.000080,-0.473863,-0.048944,0.441319,0.136143,0.115029,-0.273197,-0.171325,-0.000645,0.000517,13.476286,1.744624,-8.174117,2.346432,-3.392825,5.531750,3.917963,-0.011001,0.005437,5.263298,-20.764175,3.638347,12.998298,-0.425207,2.326384,-0.042216,-0.107733,-0.206481,5.263298,-20.764175,3.638347,12.998298,-0.425207,2.326384,-0.042216,-0.107733,-0.206481,87.000000,87.000000,87.000000,87.000000,12.000000,12.000000,12.000000,200.000000,200.000000,0.000000,0.000000,0.000000,0.000000,0.000000,0.000000,0.000000,0.000000,0.000000
313,-0.238659,0.697596,0.109842,0.273710,-0.117746,-0.182832,-0.922871,-0.121518,0.096009,0.053807,-2.816258,-0.054979,2.903822,0.276337,0.000067,0.000089,-0.023625,-0.168406,-0.049603,0.012105,-0.076981,0.334284,0.067457,-0.000544,0.000533,-1.010106,-4.477922,0.965445,-1.253913,-0.967804,-6.331198,-1.790397,0.003867,-0.000429,0.200602,-24.909292,0.251034,11.300404,-0.185809,2.201413,-0.029293,-0.069323,-0.234050,0.200602,-24.909292,0.251034,11.300404,-0.185809,2.201413,-0.029293,-0.069323,-0.234050,87.000000,87.000000,87.000000,87.000000,12.000000,12.000000,12.000000,200.000000,200.000000,0.000000,0.000000,0.000000,0.000000,0.000000,0.000000,0.000000,0.000000,0.000000
314,-0.112251,0.895556,0.338933,0.139782,-0.137245,-0.301087,-0.976079,-0.137800,0.095719,0.073715,-2.816892,-0.058240,2.891340,0.265336,0.000095,0.000064,-0.309670,-0.113917,0.561584,-0.050573,-0.053758,-0.471252,-0.243139,-0.000562,0.000606,15.735915,2.820893,-6.934157,-4.752464,2.820940,5.035389,5.907099,-0.023034,0.027996,8.281260,-16.697678,5.739863,5.963531,-0.535297,1.240741,-0.005739,-0.166915,-0.144526,8.281260,-16.697678,5.739863,5.963531,-0.535297,1.240741,-0.005739,-0.166915,-0.144526,87.000000,87.000000,87.000000,87.000000,12.000000,12.000000,12.000000,200.000000,200.000000,0.000000,0.000000,0.000000,0.000000,0.000000,0.000000,0.000000,0.000000,0.000000
315,-0.310136,0.754029,-0.002820,0.293005,-0.116128,-0.257371,-0.928501,-0.118042,0.096447,0.057889,-2.819992,-0.061013,2.887403,0.270552,0.000065,0.000091,0.445666,-0.137284,-0.407337,-0.054751,-0.031810,-0.130482,0.123690,-0.001033,0.000885,-13.240756,-0.912399,8.049315,0.629733,1.632582,2.129830,-2.692245,0.020215,-0.028491,-4.884541,-22.566328,-3.222612,12.656902,0.405568,2.249802,0.007835,-0.006923,-0.307937,-4.884541,-22.566328,-3.222612,12.656902,0.405568,2.249802,0.007835,-0.006923,-0.307937,87.000000,87.000000,87.000000,87.000000,12.000000,12.000000,12.000000,200.000000,200.000000,0.000000,0.000000,0.000000,0.000000,0.000000,0.000000,0.000000,0.000000,0.000000
316,-0.225943,0.819351,0.102039,0.207592,-0.103712,-0.248094,-0.915927,-0.112977,0.097167,0.054498,-2.824594,-0.056966,2.890509,0.276487,0.000069,0.000086,0.082061,-0.116321,-0.038719,-0.123874,0.110051,0.002266,0.136138,-0.000581,0.000547,-2.335824,0.467066,1.568747,-0.917939,-2.524819,-2.066357,-3.100395,-0.002651,0.004827,-0.331933,-19.988314,-0.109094,9.705826,-0.042203,1.774491,-0.021000,-0.081441,-0.222133,-0.331933,-19.988314,-0.109094,9.705826,-0.042203,1.774491,-0.021000,-0.081441,-0.222133,87.000000,87.000000,87.000000,87.000000,12.000000,12.000000,12.000000,200.000000,200.000000,0.000000,0.000000,0.000000,0.000000,0.000000,0.000000,0.000000,0.000000,0.000000
317,-0.166629,0.709787,0.253252,0.335678,-0.132927,-0.164036,-0.954422,-0.123562,0.097900,0.069235,-2.828581,-0.058973,2.906905,0.270754,0.000073,0.000084,-0.221297,-0.150928,0.420267,-0.016136,-0.115365,0.364626,-0.132726,-0.000348,0.000372,9.860071,-1.925010,-5.074716,4.872148,-1.317722,-7.154039,2.683246,0.014788,-0.010356,4.393862,-24.471998,3.154106,15.193029,-0.394893,2.573073,-0.054377,-0.075693,-0.229918,4.393862,-24.471998,3.154106,15.193029,-0.394893,2.573073,-0.054377,-0.075693,-0.229918,87.000000,87.000000,87.000000,87.000000,12.000000,12.000000,12.000000,200.000000,200.000000,0.000000,0.000000,0.000000,0.000000,0.000000,0.000000,0.000000,0.000000,0.000000
318,-0.300671,0.825862,0.030458,0.243613,-0.124532,-0.261420,-0.932404,-0.111919,0.097568,0.060688,-2.827466,-0.064153,2.898968,0.272451,0.000069,0.000086,0.253541,-0.137881,-0.224437,0.067781,-0.047808,-0.345573,0.044560,-0.001057,0.000937,-8.013973,1.420914,3.685084,-0.293590,5.254778,2.897556,-0.567754,-0.020879,0.014343,-4.182907,-19.647528,-2.853618,10.903571,0.580489,1.758434,0.033059,-0.081271,-0.232323,-4.182907,-19.647528,-2.853618,10.903571,0.580489,1.758434,0.033059,-0.081271,-0.232323,87.000000,87.000000,87.000000,87.000000,12.000000,12.000000,12.000000,200.000000,200.000000,0.000000,0.000000,0.000000,0.000000,0.000000,0.000000,0.000000,0.000000,0.000000
319,-0.169646,0.725523,0.237101,0.382896,-0.135752,-0.131145,-0.939250,-0.118983,0.098932,0.071677,-2.825532,-0.064201,2.917485,0.272165,0.000065,0.000091,-0.153417,-0.112370,0.333493,0.184172,-0.055448,0.470106,-0.006649,-0.000432,0.000445,7.417830,-0.794346,-3.556269,6.635526,-2.813334,-7.499284,-0.262252,0.015456,-0.010784,3.586746,-23.962297,2.630269,16.404879,-0.333649,2.745949,-0.065794,-0.053448,-0.249386,3.586746,-23.962297,2.630269,16.404879,-0.333649,2.745949,-0.065794,-0.053448,-0.249386,87.000000,87.000000,87.000000,87.000000,12.000000,12.000000,12.000000,200.000000,200.000000,0.000000,0.000000,0.000000,0.000000,0.000000,0.000000,0.000000,0.000000,0.000000
320,-0.294859,0.793553,0.049234,0.220894,-0.125735,-0.269503,-0.945577,-0.109664,0.097882,0.065104,-2.819088,-0.066627,2.904056,0.270060,0.000070,0.000086,0.193302,-0.198486,-0.174495,0.171513,0.022789,-0.506821,-0.040815,-0.000988,0.000881,-6.694293,-0.906087,2.317960,-4.111576,4.454011,5.447652,1.520347,-0.022557,0.017417,-3.893962,-20.936451,-2.668039,8.830110,0.499536,1.597901,0.045297,-0.089497,-0.222578,-3.893962,-20.936451,-2.668039,8.830110,0.499536,1.597901,0.045297,-0.089497,-0.222578,87.000000,87.000000,87.000000,87.000000,12.000000,12.000000,12.000000,200.000000,200.000000,0.000000,0.000000,0.000000,0.000000,0.000000,0.000000,0.000000,0.000000,0.000000
321,-0.289333,0.734065,-0.001451,0.404868,-0.111984,-0.131250,-0.911513,-0.098939,0.097561,0.051600,-2.814378,-0.063847,2.920486,0.277258,0.000044,0.000112,0.168133,-0.153836,-0.329988,0.253625,0.044605,0.433806,0.163731,-0.000913,0.001018,-10.070147,-0.223310,5.012945,5.822967,-3.338782,-6.530397,-4.043257,0.005220,0.005347,-4.663099,-23.368483,-3.042792,16.158346,0.296849,2.655676,-0.034751,0.002133,-0.302369,-4.663099,-23.368483,-3.042792,16.158346,0.296849,2.655676,-0.034751,0.002133,-0.302369,87.000000,87.000000,87.000000,87.000000,12.000000,12.000000,12.000000,200.000000,200.000000,0.000000,0.000000,0.000000,0.000000,0.000000,0.000000,0.000000,0.000000,0.000000
322,-0.297572,0.863630,-0.054876,0.081564,-0.087483,-0.367174,-0.898832,-0.091257,0.094428,0.035286,-2.808695,-0.057638,2.888194,0.283749,0.000077,0.000083,0.074686,-0.250856,-0.423684,0.032919,0.279869,-1.026630,0.154000,-0.000068,0.000151,-9.871516,0.007668,3.541113,-11.828455,1.879330,13.448045,-2.638950,0.030019,-0.025888,-5.343106,-17.667393,-3.708685,2.353515,0.486860,0.794490,0.062261,-0.075357,-0.244309,-5.343106,-17.667393,-3.708685,2.353515,0.486860,0.794490,0.062261,-0.075357,-0.244309,87.000000,87.000000,87.000000,87.000000,12.000000,12.000000,12.000000,200.000000,200.000000,0.000000,0.000000,0.000000,0.000000,0.000000,0.000000,0.000000,0.000000,0.000000
323,-0.163963,0.749961,0.188247,0.306599,-0.108816,-0.235324,-0.924912,-0.109925,0.092245,0.044730,-2.811133,-0.052545,2.888820,0.281589,0.000079,0.000080,-0.480846,-0.205394,0.262751,-0.026330,0.033996,0.074019,-0.052411,-0.000712,0.000552,9.459664,-0.013545,-5.696959,1.473867,-5.974590,1.771372,0.697008,-0.040316,0.023231,4.072802,-22.160494,2.902909,12.463195,-0.617083,2.468307,-0.069147,-0.158690,-0.177861,4.072802,-22.160494,2.902909,12.463195,-0.617083,2.468307,-0.069147,-0.158690,-0.177861,87.000000,87.000000,87.000000,87.000000,12.000000,12.000000,12.000000,200.000000,200.000000,0.000000,0.000000,0.000000,0.000000,0.000000,0.000000,0.000000,0.000000,0.000000
324,-0.244303,0.815187,0.074730,0.153634,-0.107593,-0.288599,-0.924018,-0.115020,0.089531,0.041610,-2.815442,-0.053383,2.884583,0.280247,0.000081,0.000075,-0.149211,-0.229679,-0.100980,-0.175239,0.010514,-0.220157,-0.025393,-0.000614,0.000529,-0.302689,-0.108502,-0.118201,-5.190280,1.316972,1.060803,0.845400,0.000515,0.001417,-0.170962,-19.277723,-0.100734,6.705894,0.002288,1.395589,0.012276,-0.098313,-0.204418,-0.170962,-19.277723,-0.100734,6.705894,0.002288,1.395589,0.012276,-0.098313,-0.204418,87.000000,87.000000,87.000000,87.000000,12.000000,12.000000,12.000000,200.000000,200.000000,0.000000,0.000000,0.000000,0.000000,0.000000,0.000000,0.000000,0.000000,0.000000
325,-0.126315,0.855903,0.334491,0.313493,-0.128102,-0.278015,-0.992112,-0.140110,0.090052,0.064649,-2.819094,-0.055155,2.879860,0.263720,0.000088,0.000069,-0.532703,-0.044891,0.623597,0.004505,-0.071171,-0.179574,-0.367933,-0.000659,0.000690,18.953327,5.244882,-9.362758,4.886351,0.183339,3.049397,8.430524,-0.004425,0.010154,8.679213,-17.875830,5.984027,13.489100,-0.534484,2.208479,-0.040612,-0.118789,-0.187924,8.679213,-17.875830,5.984027,13.489100,-0.534484,2.208479,-0.040612,-0.118789,-0.187924,87.000000,87.000000,87.000000,87.000000,12.000000,12.000000,12.000000,200.000000,200.000000,0.000000,0.000000,0.000000,0.000000,0.000000,0.000000,0.000000,0.000000,0.000000
326,-0.165604,0.843842,0.295615,0.221016,-0.131155,-0.278866,-0.988364,-0.147925,0.094528,0.079266,-2.820754,-0.057983,2.879260,0.255652,0.000091,0.000068,-0.083613,0.014314,0.392176,-0.028323,-0.060387,-0.083803,-0.171686,-0.000620,0.000605,10.042034,1.514447,-3.573298,-0.710278,1.024579,0.142789,4.065135,-0.002873,0.001221,6.032083,-19.086699,4.203663,9.691338,-0.401909,1.801833,-0.018715,-0.120965,-0.197212,6.032083,-19.086699,4.203663,9.691338,-0.401909,1.801833,-0.018715,-0.120965,-0.197212,87.000000,87.000000,87.000000,87.000000,12.000000,12.000000,12.000000,200.000000,200.000000,0.000000,0.000000,0.000000,0.000000,0.000000,0.000000,0.000000,0.000000,0.000000
327,-0.340982,0.634279,-0.042099,0.381067,-0.091100,-0.128678,-0.888797,-0.121197,0.097834,0.057692,-2.823888,-0.055673,2.907674,0.274956,0.000049,0.000110,0.587048,-0.129804,-0.543084,-0.000625,0.071504,0.682108,0.438359,-0.001220,0.001315,-18.004950,-5.540301,10.783037,4.868765,-2.734914,-13.964548,-10.236808,0.000012,0.006073,-6.516884,-27.749483,-4.258877,16.589960,0.446746,2.695598,-0.029561,0.004430,-0.316841,-6.516884,-27.749483,-4.258877,16.589960,0.446746,2.695598,-0.029561,0.004430,-0.316841,87.000000,87.000000,87.000000,87.000000,12.000000,12.000000,12.000000,200.000000,200.000000,0.000000,0.000000,0.000000,0.000000,0.000000,0.000000,0.000000,0.000000,0.000000
328,-0.189872,0.856284,0.167147,0.284443,-0.129529,-0.144696,-0.926600,-0.119934,0.100303,0.059323,-2.822218,-0.059198,2.925800,0.276577,0.000064,0.000094,0.007282,-0.028510,0.121456,0.139054,-0.115240,0.320543,0.027246,-0.000237,0.000141,2.077273,2.698108,0.537373,3.441905,1.188132,-9.142606,-0.867249,0.014999,-0.022477,2.117156,-18.867247,1.623953,12.140688,-0.090433,1.824960,-0.037994,-0.064132,-0.257851,2.117156,-18.867247,1.623953,12.140688,-0.090433,1.824960,-0.037994,-0.064132,-0.257851,87.000000,87.000000,87.000000,87.000000,12.000000,12.000000,12.000000,200.000000,200.000000,0.000000,0.000000,0.000000,0.000000,0.000000,0.000000,0.000000,0.000000,0.000000
329,-0.235137,0.657018,0.126721,0.241699,-0.124943,-0.235459,-0.934630,-0.117524,0.098749,0.061057,-2.819048,-0.061471,2.913711,0.275093,0.000072,0.000084,0.059279,-0.300579,0.063209,0.053838,0.007158,-0.451452,-0.027392,-0.000872,0.000767,0.023617,-6.466267,-0.519700,-5.118157,3.215422,5.059267,1.091565,-0.016840,0.016807,-0.136342,-26.512899,-0.040408,9.914860,0.084646,2.019609,0.019849,-0.092314,-0.212357,-0.136342,-26.512899,-0.040408,9.914860,0.084646,2.019609,0.019849,-0.092314,-0.212357,87.000000,87.000000,87.000000,87.000000,12.000000,12.000000,12.000000,200.000000,200.000000,0.000000,0.000000,0.000000,0.000000,0.000000,0.000000,0.000000,0.000000,0.000000
330,-0.305855,0.716774,0.006899,0.343386,-0.121473,-0.153425,-0.905456,-0.107664,0.093889,0.051424,-2.818609,-0.063213,2.921822,0.281330,0.000052,0.000103,0.169471,-0.304412,-0.240134,0.085329,-0.057013,0.204601,0.140444,-0.000804,0.000799,-8.604875,-1.016419,3.642645,3.049010,-0.480188,-2.814544,-3.418169,0.011846,-0.007332,-4.544662,-23.411819,-3.013533,14.327131,0.304434,2.479524,-0.020284,-0.009471,-0.291210,-4.544662,-23.411819,-3.013533,14.327131,0.304434,2.479524,-0.020284,-0.009471,-0.291210,87.000000,87.000000,87.000000,87.000000,12.000000,12.000000,12.000000,200.000000,200.000000,0.000000,0.000000,0.000000,0.000000,0.000000,0.000000,0.000000,0.000000,0.000000
331,-0.208923,0.794018,0.153436,0.263037,-0.133439,-0.213113,-0.942733,-0.113715,0.088735,0.056419,-2.815582,-0.064880,2.917460,0.275820,0.000067,0.000089,-0.161525,-0.280483,0.157447,0.122121,-0.021843,-0.223455,-0.121666,-0.000502,0.000431,4.188899,1.358535,-2.672622,-0.494259,1.644445,1.990882,2.979554,-0.002651,-0.000919,1.429104,-19.840357,1.028654,10.570543,-0.005509,1.837301,-0.003172,-0.081822,-0.229983,1.429104,-19.840357,1.028654,10.570543,-0.005509,1.837301,-0.003172,-0.081822,-0.229983,87.000000,87.000000,87.000000,87.000000,12.000000,12.000000,12.000000,200.000000,200.000000,0.000000,0.000000,0.000000,0.000000,0.000000,0.000000,0.000000,0.000000,0.000000
332,-0.176239,0.798307,0.229535,0.244478,-0.125567,-0.226965,-0.940947,-0.122849,0.084795,0.068245,-2.813397,-0.062700,2.911271,0.273304,0.000077,0.000079,-0.177050,-0.241381,0.318611,0.077962,0.069447,-0.221008,-0.049204,-0.000545,0.000477,8.032074,1.351193,-4.499487,-1.472107,-1.095700,3.144521,1.284179,-0.005926,0.005644,3.730454,-19.459581,2.589739,9.712427,-0.265058,1.845619,-0.020760,-0.103581,-0.201927,3.730454,-19.459581,2.589739,9.712427,-0.265058,1.845619,-0.020760,-0.103581,-0.201927,87.000000,87.000000,87.000000,87.000000,12.000000,12.000000,12.000000,200.000000,200.000000,0.000000,0.000000,0.000000,0.000000,0.000000,0.000000,0.000000,0.000000,0.000000
333,-0.280016,0.947775,0.042668,0.138440,-0.109319,-0.373699,-0.939227,-0.111915,0.083510,0.059260,-2.811821,-0.061330,2.878993,0.272166,0.000080,0.000076,0.235879,-0.094226,-0.230630,-0.001611,0.113212,-0.930862,-0.018044,-0.000914,0.000905,-7.495127,5.919988,3.754073,-6.096296,2.429112,14.847435,1.024390,-0.005307,0.010174,-3.282851,-13.510961,-2.227700,5.292485,0.374357,1.109611,0.041728,-0.084951,-0.217820,-3.282851,-13.510961,-2.227700,5.292485,0.374357,1.109611,0.041728,-0.084951,-0.217820,87.000000,87.000000,87.000000,87.000000,12.000000,12.000000,12.000000,200.000000,200.000000,0.000000,0.000000,0.000000,0.000000,0.000000,0.000000,0.000000,0.000000,0.000000
334,-0.217705,0.853648,0.127694,0.293464,-0.109495,-0.313987,-0.959300,-0.111435,0.088216,0.059094,-2.813411,-0.057813,2.867750,0.267076,0.000071,0.000085,-0.017071,0.061344,0.028587,0.011574,0.059937,-0.266330,-0.111091,-0.000796,0.000723,-0.088119,3.817395,0.092760,1.725374,-3.034246,6.726660,2.456146,0.001305,-0.004609,0.265062,-18.185125,0.286550,12.030856,-0.109247,2.191236,-0.024683,-0.065824,-0.245234,0.265062,-18.185125,0.286550,12.030856,-0.109247,2.191236,-0.024683,-0.065824,-0.245234,87.000000,87.000000,87.000000,87.000000,12.000000,12.000000,12.000000,200.000000,200.000000,0.000000,0.000000,0.000000,0.000000,0.000000,0.000000,0.000000,0.000000,0.000000
335,-0.234864,0.665568,0.125728,0.349719,-0.102162,-0.180800,-0.942282,-0.112846,0.093640,0.060544,-2.816397,-0.054257,2.890294,0.268422,0.000058,0.000097,-0.055638,-0.049609,0.047835,-0.021380,0.043679,0.548378,0.033804,-0.000618,0.000609,0.163966,-4.651639,-0.802071,2.948480,-4.400346,-10.495666,-1.079054,0.005308,-0.003422,-0.189323,-26.327955,-0.012840,14.679612,-0.141711,2.561526,-0.041665,-0.044573,-0.260468,-0.189323,-26.327955,-0.012840,14.679612,-0.141711,2.561526,-0.041665,-0.044573,-0.260468,87.000000,87.000000,87.000000,87.000000,12.000000,12.000000,12.000000,200.000000,200.000000,0.000000,0.000000,0.000000,0.000000,0.000000,0.000000,0.000000,0.000000,0.000000
336,-0.280549,0.778432,0.021298,0.182797,-0.088079,-0.251858,-0.904631,-0.105644,0.094580,0.050413,-2.819455,-0.051661,2.893868,0.277900,0.000067,0.000090,0.113860,-0.155810,-0.260966,-0.121555,0.121533,-0.077331,0.216992,-0.000596,0.000606,-7.210020,-2.268438,3.105503,-4.191896,0.360854,-3.628127,-4.666070,-0.005157,0.007854,-3.464863,-21.470928,-2.331589,8.109002,0.301931,1.466089,0.012726,-0.078485,-0.229828,-3.464863,-21.470928,-2.331589,8.109002,0.301931,1.466089,0.012726,-0.078485,-0.229828,87.000000,87.000000,87.000000,87.000000,12.000000,12.000000,12.000000,200.000000,200.000000,0.000000,0.000000,0.000000,0.000000,0.000000,0.000000,0.000000,0.000000,0.000000
337,-0.202437,0.687002,0.188680,0.425113,-0.139341,-0.161118,-0.957365,-0.117948,0.094604,0.058805,-2.821081,-0.058565,2.907449,0.270864,0.000064,0.000093,-0.317982,-0.157051,0.249146,0.101634,-0.244798,0.311831,-0.166724,-0.000478,0.000462,7.292819,-1.058223,-3.982691,7.648120,1.276713,-4.955832,3.360620,0.014544,-0.014776,2.619686,-25.054796,1.927447,18.013571,-0.195545,2.914838,-0.051858,-0.051587,-0.260587,2.619686,-25.054796,1.927447,18.013571,-0.195545,2.914838,-0.051858,-0.051587,-0.260587,87.000000,87.000000,87.000000,87.000000,12.000000,12.000000,12.000000,200.000000,200.000000,0.000000,0.000000,0.000000,0.000000,0.000000,0.000000,0.000000,0.000000,0.000000
338,-0.207443,0.908182,0.186690,0.167825,-0.127254,-0.271993,-0.945851,-0.124649,0.095371,0.065307,-2.818621,-0.061551,2.899684,0.269362,0.000083,0.000074,-0.129497,-0.071454,0.170517,0.059989,0.005335,-0.344827,-0.023485,-0.000630,0.000513,5.350214,3.450014,-2.798975,-3.401102,3.642166,2.426403,1.015798,-0.027846,0.021507,2.349571,-16.241993,1.601241,7.005837,0.027210,1.250596,0.015117,-0.146843,-0.168428,2.349571,-16.241993,1.601241,7.005837,0.027210,1.250596,0.015117,-0.146843,-0.168428,87.000000,87.000000,87.000000,87.000000,12.000000,12.000000,12.000000,200.000000,200.000000,0.000000,0.000000,0.000000,0.000000,0.000000,0.000000,0.000000,0.000000,0.000000
339,-0.207242,0.672406,0.209582,0.451684,-0.138990,-0.124172,-0.960468,-0.129042,0.098041,0.072350,-2.815985,-0.064185,2.917884,0.265488,0.000067,0.000089,-0.083455,-0.094744,0.207830,0.223799,-0.120170,0.466681,-0.087575,-0.000521,0.000554,4.563734,-2.239311,-1.659235,7.676165,-1.271400,-7.056457,1.623380,0.028441,-0.021585,2.538557,-26.146320,1.918782,18.344500,-0.204505,3.029323,-0.056079,-0.031397,-0.269945,2.538557,-26.146320,1.918782,18.344500,-0.204505,3.029323,-0.056079,-0.031397,-0.269945,87.000000,87.000000,87.000000,87.000000,12.000000,12.000000,12.000000,200.000000,200.000000,0.000000,0.000000,0.000000,0.000000,0.000000,0.000000,0.000000,0.000000,0.000000
340,-0.253542,0.779760,0.095750,0.113929,-0.104981,-0.266565,-0.924706,-0.119534,0.095796,0.066253,-2.813071,-0.060272,2.907533,0.271430,0.000085,0.000072,0.221973,-0.275945,-0.146494,-0.028165,0.198879,-0.443957,0.145444,-0.000732,0.000628,-5.116742,-3.560579,2.802948,-9.847527,0.954325,2.786497,-2.650643,-0.032072,0.024390,-1.436876,-21.268726,-0.947380,4.272461,0.156051,1.117992,0.034990,-0.150795,-0.168331,-1.436876,-21.268726,-0.947380,4.272461,0.156051,1.117992,0.034990,-0.150795,-0.168331,87.000000,87.000000,87.000000,87.000000,12.000000,12.000000,12.000000,200.000000,200.000000,0.000000,0.000000,0.000000,0.000000,0.000000,0.000000,0.000000,0.000000,0.000000
341,-0.294000,0.766384,0.004505,0.324524,-0.108896,-0.224289,-0.914310,-0.106997,0.092324,0.052376,-2.814246,-0.059243,2.903502,0.277405,0.000064,0.000091,0.217457,-0.232303,-0.331016,0.029171,0.011346,-0.125448,0.131005,-0.000995,0.000931,-10.245369,0.987766,5.553009,2.099635,-1.027671,2.875603,-3.129683,0.009495,-0.008123,-4.346867,-21.381580,-2.832160,13.317532,0.278797,2.312878,-0.018457,-0.026915,-0.275410,-4.346867,-21.381580,-2.832160,13.317532,0.278797,2.312878,-0.018457,-0.026915,-0.275410,87.000000,87.000000,87.000000,87.000000,12.000000,12.000000,12.000000,200.000000,200.000000,0.000000,0.000000,0.000000,0.000000,0.000000,0.000000,0.000000,0.000000,0.000000
342,-0.151821,0.811379,0.231594,0.170603,-0.111649,-0.267338,-0.935562,-0.117497,0.089106,0.062788,-2.816695,-0.055458,2.896209,0.275500,0.000083,0.000073,-0.239775,-0.237008,0.308433,-0.104243,0.098880,-0.273761,-0.039295,-0.000468,0.000401,8.649627,0.355123,-4.464063,-4.215063,-2.037969,3.105027,1.034323,-0.008821,0.006404,4.479929,-19.349848,3.139056,7.351430,-0.422605,1.574397,-0.021972,-0.125608,-0.184509,4.479929,-19.349848,3.139056,7.351430,-0.422605,1.574397,-0.021972,-0.125608,-0.184509,87.000000,87.000000,87.000000,87.000000,12.000000,12.000000,12.000000,200.000000,200.000000,0.000000,0.000000,0.000000,0.000000,0.000000,0.000000,0.000000,0.000000,0.000000
343,-0.284167,0.853302,0.029169,0.248470,-0.104212,-0.298831,-0.925474,-0.109260,0.087919,0.053591,-2.819856,-0.056094,2.883324,0.276732,0.000070,0.000084,0.157391,-0.121325,-0.241262,-0.052865,0.015566,-0.395579,0.030636,-0.000925,0.000862,-7.233169,3.775764,3.591937,0.284193,1.418370,6.225648,-0.495163,0.007045,-0.005320,-3.438614,-17.690754,-2.294982,10.838372,0.349927,1.850684,0.008643,-0.046499,-0.254480,-3.438614,-17.690754,-2.294982,10.838372,0.349927,1.850684,0.008643,-0.046499,-0.254480,87.000000,87.000000,87.000000,87.000000,12.000000,12.000000,12.000000,200.000000,200.000000,0.000000,0.000000,0.000000,0.000000,0.000000,0.000000,0.000000,0.000000,0.000000
344,-0.152940,0.739356,0.264070,0.367765,-0.133143,-0.157067,-0.961189,-0.122970,0.090508,0.068073,-2.822474,-0.058210,2.903495,0.269256,0.000072,0.000085,-0.305027,-0.057679,0.416066,0.047671,-0.134479,0.517384,-0.169709,-0.000221,0.000267,11.071112,0.152377,-5.397057,6.495766,-2.371582,-8.274006,3.389413,0.017432,-0.013721,5.184734,-22.829584,3.673438,15.906639,-0.480171,2.664414,-0.066219,-0.077719,-0.229858,5.184734,-22.829584,3.673438,15.906639,-0.480171,2.664414,-0.066219,-0.077719,-0.229858,87.000000,87.000000,87.000000,87.000000,12.000000,12.000000,12.000000,200.000000,200.000000,0.000000,0.000000,0.000000,0.000000,0.000000,0.000000,0.000000,0.000000,0.000000
345,-0.243601,0.828436,0.147168,0.166879,-0.119848,-0.317341,-0.958105,-0.122043,0.091664,0.070788,-2.821117,-0.060686,2.887070,0.265535,0.000085,0.000073,0.045505,-0.114631,0.067972,0.003178,0.036525,-0.604827,-0.072786,-0.001028,0.000940,0.786136,0.131920,-0.961631,-5.291334,4.654096,6.212114,2.360901,-0.037753,0.032654,-0.031773,-19.210815,-0.039258,7.210560,0.235208,1.348254,0.040211,-0.140213,-0.176200,-0.031773,-19.210815,-0.039258,7.210560,0.235208,1.348254,0.040211,-0.140213,-0.176200,87.000000,87.000000,87.000000,87.000000,12.000000,12.000000,12.000000,200.000000,200.000000,0.000000,0.000000,0.000000,0.000000,0.000000,0.000000,0.000000,0.000000,0.000000
346,-0.287292,0.689811,0.047290,0.435836,-0.121578,-0.149104,-0.932847,-0.111987,0.093747,0.061349,-2.821188,-0.062207,2.905130,0.269896,0.000051,0.000104,0.184704,-0.096069,-0.223980,0.142610,-0.085044,0.492577,0.097358,-0.000858,0.000852,-8.032052,-1.289783,4.428659,7.895834,-1.943529,-6.974369,-2.665688,0.024968,-0.021205,-3.465862,-25.049417,-2.189492,18.354177,0.201822,2.994137,-0.043383,0.016593,-0.319014,-3.465862,-25.049417,-2.189492,18.354177,0.201822,2.994137,-0.043383,0.016593,-0.319014,87.000000,87.000000,87.000000,87.000000,12.000000,12.000000,12.000000,200.000000,200.000000,0.000000,0.000000,0.000000,0.000000,0.000000,0.000000,0.000000,0.000000,0.000000
347,-0.178579,0.762328,0.203852,0.156845,-0.126632,-0.224078,-0.930867,-0.117157,0.092634,0.067664,-2.820074,-0.061670,2.908426,0.272579,0.000076,0.000080,-0.118864,-0.231775,0.199916,-0.023038,0.046807,-0.071515,0.063966,-0.000406,0.000319,5.205235,-3.179549,-2.617971,-5.905041,0.459729,-2.998820,-1.245985,-0.017741,0.011583,2.865731,-21.808826,2.032633,6.760421,-0.237312,1.431240,-0.006838,-0.129639,-0.186421,2.865731,-21.808826,2.032633,6.760421,-0.237312,1.431240,-0.006838,-0.129639,-0.186421,87.000000,87.000000,87.000000,87.000000,12.000000,12.000000,12.000000,200.000000,200.000000,0.000000,0.000000,0.000000,0.000000,0.000000,0.000000,0.000000,0.000000,0.000000
348,-0.302001,0.795719,0.011841,0.341363,-0.109792,-0.203592,-0.911276,-0.106794,0.091301,0.056317,-2.819281,-0.061545,2.909566,0.278633,0.000058,0.000097,0.191197,-0.147120,-0.292985,0.121308,0.027449,-0.038797,0.136902,-0.000950,0.000904,-9.062070,2.357489,4.321671,4.077896,0.518728,-0.312619,-3.075103,0.009014,-0.005480,-4.543319,-20.275110,-3.027303,14.261992,0.478925,2.235502,-0.007338,-0.017140,-0.281813,-4.543319,-20.275110,-3.027303,14.261992,0.478925,2.235502,-0.007338,-0.017140,-0.281813,87.000000,87.000000,87.000000,87.000000,12.000000,12.000000,12.000000,200.000000,200.000000,0.000000,0.000000,0.000000,0.000000,0.000000,0.000000,0.000000,0.000000,0.000000
349,-0.260517,0.805836,0.033416,0.127034,-0.106001,-0.322137,-0.917916,-0.102611,0.089116,0.046997,-2.818786,-0.058741,2.888600,0.280102,0.000074,0.000082,0.025198,-0.231780,-0.225413,-0.071352,0.127475,-0.653108,0.037735,-0.000497,0.000475,-5.440587,-1.016119,2.136977,-8.078111,0.742300,9.207912,-0.399687,0.002782,-0.001956,-2.570098,-19.664465,-1.722287,5.468610,0.160669,1.341964,0.028462,-0.087470,-0.221109,-2.570098,-19.664465,-1.722287,5.468610,0.160669,1.341964,0.028462,-0.087470,-0.221109,87.000000,87.000000,87.000000,87.000000,12.000000,12.000000,12.000000,200.000000,200.000000,0.000000,0.000000,0.000000,0.000000,0.000000,0.000000,0.000000,0.000000,0.000000
350,-0.255848,0.833550,0.035589,0.353846,-0.117279,-0.210317,-0.929019,-0.103657,0.090328,0.039401,-2.820772,-0.059343,2.895219,0.278513,0.000059,0.000096,-0.103545,-0.033029,-0.184350,0.068683,-0.064007,0.188726,-0.037677,-0.000761,0.000698,-3.534059,4.417533,1.810455,6.477516,-1.654776,-1.631710,0.519247,-0.001538,-0.001709,-1.852291,-18.869865,-1.154299,15.157120,0.103924,2.450525,-0.036442,-0.050550,-0.260121,-1.852291,-18.869865,-1.154299,15.157120,0.103924,2.450525,-0.036442,-0.050550,-0.260121,87.000000,87.000000,87.000000,87.000000,12.000000,12.000000,12.000000,200.000000,200.000000,0.000000,0.000000,0.000000,0.000000,0.000000,0.000000,0.000000,0.000000,0.000000
351,-0.153313,0.795400,0.241720,0.185583,-0.123907,-0.285992,-0.956921,-0.123175,0.092578,0.053901,-2.820479,-0.058461,2.887632,0.270933,0.000083,0.000074,-0.442308,-0.096266,0.388754,-0.016057,0.050916,-0.322689,-0.163020,-0.000447,0.000381,13.039555,-1.006255,-7.225627,-4.068112,0.496194,2.871778,4.048949,-0.011503,0.010040,5.667409,-20.718327,3.881238,8.028494,-0.396866,1.626558,-0.007444,-0.130846,-0.178227,5.667409,-20.718327,3.881238,8.028494,-0.396866,1.626558,-0.007444,-0.130846,-0.178227,87.000000,87.000000,87.000000,87.000000,12.000000,12.000000,12.000000,200.000000,200.000000,0.000000,0.000000,0.000000,0.000000,0.000000,0.000000,0.000000,0.000000,0.000000
352,-0.195615,0.766257,0.193821,0.364007,-0.124706,-0.152300,-0.937907,-0.129902,0.096207,0.060443,-2.821535,-0.058982,2.907570,0.271613,0.000069,0.000087,-0.124356,-0.021041,0.175287,0.090042,-0.056856,0.499625,0.017206,-0.000563,0.000558,5.209673,0.588843,-1.602626,6.301888,-2.182839,-8.634860,-0.749893,0.011286,-0.008695,3.218005,-22.281120,2.331373,15.558918,-0.269601,2.552778,-0.059110,-0.060193,-0.244628,3.218005,-22.281120,2.331373,15.558918,-0.269601,2.552778,-0.059110,-0.060193,-0.244628,87.000000,87.000000,87.000000,87.000000,12.000000,12.000000,12.000000,200.000000,200.000000,0.000000,0.000000,0.000000,0.000000,0.000000,0.000000,0.000000,0.000000,0.000000
353,-0.210668,0.717461,0.170358,0.305379,-0.139771,-0.157726,-0.951417,-0.129798,0.098366,0.062921,-2.818706,-0.063768,2.920797,0.268673,0.000076,0.000081,0.022816,-0.131820,0.093618,0.130353,-0.110440,0.210191,-0.064779,-0.000476,0.000473,2.046435,-3.225721,0.323010,0.753276,2.459953,-6.809100,1.530825,0.001365,-0.000270,2.035089,-24.328957,1.523286,12.565191,-0.068171,2.132192,-0.014072,-0.094054,-0.215878,2.035089,-24.328957,1.523286,12.565191,-0.068171,2.132192,-0.014072,-0.094054,-0.215878,87.000000,87.000000,87.000000,87.000000,12.000000,12.000000,12.000000,200.000000,200.000000,0.000000,0.000000,0.000000,0.000000,0.000000,0.000000,0.000000,0.000000,0.000000
354,-0.298298,0.816179,0.001990,0.224350,-0.102353,-0.243387,-0.901607,-0.115296,0.097835,0.049754,-2.815391,-0.061183,2.911332,0.278651,0.000075,0.000082,0.303694,-0.163334,-0.328157,0.086517,0.158962,-0.375976,0.233140,-0.000875,0.000824,-9.991181,0.180008,5.364609,-3.181200,1.336205,3.304497,-4.835171,-0.007014,0.007071,-4.065280,-20.060215,-2.744370,8.950633,0.458656,1.594313,0.021418,-0.080526,-0.228060,-4.065280,-20.060215,-2.744370,8.950633,0.458656,1.594313,0.021418,-0.080526,-0.228060,87.000000,87.000000,87.000000,87.000000,12.000000,12.000000,12.000000,200.000000,200.000000,0.000000,0.000000,0.000000,0.000000,0.000000,0.000000,0.000000,0.000000,0.000000
355,-0.168484,0.880868,0.215042,0.175040,-0.116932,-0.316972,-0.946209,-0.122772,0.098088,0.059339,-2.814421,-0.057586,2.889022,0.273696,0.000088,0.000069,-0.171037,-0.098570,0.296930,-0.001057,0.085692,-0.635542,-0.111206,-0.000731,0.000675,7.436790,2.674074,-3.738423,-4.408273,-1.478408,11.053637,2.697305,-0.014046,0.012846,3.983514,-17.523092,2.824568,7.063784,-0.395915,1.580737,-0.016471,-0.128799,-0.183179,3.983514,-17.523092,2.824568,7.063784,-0.395915,1.580737,-0.016471,-0.128799,-0.183179,87.000000,87.000000,87.000000,87.000000,12.000000,12.000000,12.000000,200.000000,200.000000,0.000000,0.000000,0.000000,0.000000,0.000000,0.000000,0.000000,0.000000,0.000000
356,-0.310570,0.703522,-0.001122,0.347953,-0.112315,-0.231871,-0.927248,-0.112201,0.098941,0.048687,-2.816066,-0.058669,2.889777,0.275380,0.000059,0.000095,0.198722,-0.156076,-0.278987,0.009239,-0.040255,0.024748,0.039914,-0.000938,0.000853,-9.309880,-2.468308,4.364270,2.102760,-0.566275,0.760865,-1.031008,0.019804,-0.021064,-4.488879,-24.824139,-2.970435,14.454596,0.256308,2.594785,-0.010246,-0.003251,-0.301069,-4.488879,-24.824139,-2.970435,14.454596,0.256308,2.594785,-0.010246,-0.003251,-0.301069,87.000000,87.000000,87.000000,87.000000,12.000000,12.000000,12.000000,200.000000,200.000000,0.000000,0.000000,0.000000,0.000000,0.000000,0.000000,0.000000,0.000000,0.000000
357,-0.210547,0.834854,0.140837,0.162726,-0.106307,-0.305985,-0.939093,-0.116553,0.098014,0.051942,-2.818506,-0.055735,2.880739,0.273446,0.000077,0.000079,-0.123296,-0.171342,0.113388,-0.107888,0.107445,-0.345462,-0.037151,-0.000511,0.000459,3.136247,0.330117,-2.077961,-4.467095,-0.583492,3.463250,1.154581,-0.008790,0.008309,1.431033,-19.297785,1.032351,7.179471,-0.122080,1.475861,0.002777,-0.110536,-0.196440,1.431033,-19.297785,1.032351,7.179471,-0.122080,1.475861,0.002777,-0.110536,-0.196440,87.000000,87.000000,87.000000,87.000000,12.000000,12.000000,12.000000,200.000000,200.000000,0.000000,0.000000,0.000000,0.000000,0.000000,0.000000,0.000000,0.000000,0.000000
358,-0.205704,0.667910,0.164521,0.444616,-0.125605,-0.084769,-0.930553,-0.121263,0.098371,0.056865,-2.822446,-0.057580,2.916000,0.274806,0.000058,0.000098,-0.110495,-0.158242,0.150304,0.053900,-0.142090,0.921502,0.026756,-0.000415,0.000521,3.351793,-2.012229,-1.026331,10.003922,-3.420543,-15.319210,-1.325976,0.020797,-0.012704,1.977355,-26.168987,1.546664,19.165358,-0.274167,3.081217,-0.080336,-0.033633,-0.271448,1.977355,-26.168987,1.546664,19.165358,-0.274167,3.081217,-0.080336,-0.033633,-0.271448,87.000000,87.000000,87.000000,87.000000,12.000000,12.000000,12.000000,200.000000,200.000000,0.000000,0.000000,0.000000,0.000000,0.000000,0.000000,0.000000,0.000000,0.000000
359,-0.252991,0.774835,0.086658,0.234140,-0.109820,-0.183793,-0.912931,0.000000,-0.715131,0.000000,-2.078013,0.000000,2.822906,0.898834,0.040000,0.020361,0.000000,0.000000,0.000000,0.000000,0.000000,0.000000,0.000000,0.000000,0.000000,0.000000,0.000000,0.000000,0.000000,0.000000,0.000000,0.000000,0.000000,0.000000,-10.119648,42.683899,3.466337,-49.193382,-4.392795,9.775772,-12.000000,-80.000000,-40.721458,-10.119648,42.683899,3.466337,-49.193382,-4.392795,9.775772,-49.143951,-80.000000,-40.721458,87.000000,87.000000,87.000000,87.000000,12.000000,12.000000,12.000000,200.000000,200.000000,0.000000,0.000000,0.000000,0.000000,0.000000,0.000000,0.000000,0.000000,0.000000
