Timestep,agent_joint_pos_J1,agent_joint_pos_J2,agent_joint_pos_J3,agent_joint_pos_J4,agent_joint_pos_J5,agent_joint_pos_J6,agent_joint_pos_J7,joint_pos_J1,joint_pos_J2,joint_pos_J3,joint_pos_J4,joint_pos_J5,joint_pos_J6,joint_pos_J7,joint_pos_J8,joint_pos_J9,joint_vel_J1,joint_vel_J2,joint_vel_J3,joint_vel_J4,joint_vel_J5,joint_vel_J6,joint_vel_J7,joint_vel_J8,joint_vel_J9,joint_acc_J1,joint_acc_J2,joint_acc_J3,joint_acc_J4,joint_acc_J5,joint_acc_J6,joint_acc_J7,joint_acc_J8,joint_acc_J9,joint_applied_torque_J1,joint_applied_torque_J2,joint_applied_torque_J3,joint_applied_torque_J4,joint_applied_torque_J5,joint_applied_torque_J6,joint_applied_torque_J7,joint_applied_torque_J8,joint_applied_torque_J9,joint_computed_torque_J1,joint_computed_torque_J2,joint_computed_torque_J3,joint_computed_torque_J4,joint_computed_torque_J5,joint_computed_torque_J6,joint_computed_torque_J7,joint_computed_torque_J8,joint_computed_torque_J9,joint_effort_limits_J1,joint_effort_limits_J2,joint_effort_limits_J3,joint_effort_limits_J4,joint_effort_limits_J5,joint_effort_limits_J6,joint_effort_limits_J7,joint_effort_limits_J8,joint_effort_limits_J9,joint_effort_target_J1,joint_effort_target_J2,joint_effort_target_J3,joint_effort_target_J4,joint_effort_target_J5,joint_effort_target_J6,joint_effort_target_J7,joint_effort_target_J8,joint_effort_target_J9
0,1.167601,2.496999,0.439449,0.312637,0.862478,0.404651,1.403897,0.055956,-0.481938,-0.022601,-2.648504,0.085757,2.009007,0.502293,0.032246,0.033207,1.916943,2.170556,-0.372269,0.056595,2.609102,2.521525,2.611281,-0.202982,-0.198792,-1.114926,32.479462,28.952599,-7.586898,12.691125,41.754498,0.053859,0.385893,0.651074,37.039768,87.000000,22.001818,-1.137065,12.000000,12.000000,12.000000,-50.336189,-52.094158,37.039768,89.179276,22.001818,-1.137065,21.528198,94.502266,68.292931,-50.336189,-52.094158,87.000000,87.000000,87.000000,87.000000,12.000000,12.000000,12.000000,200.000000,200.000000,0.000000,0.000000,0.000000,0.000000,0.000000,0.000000,0.000000,0.000000,0.000000
1,0.576797,1.275140,0.060054,0.687736,0.667703,0.738763,1.120011,0.124646,-0.408752,-0.037462,-2.649509,0.172761,2.079260,0.589328,0.025549,0.026544,1.999930,2.194178,-0.293077,0.161189,2.607666,1.475805,2.611279,-0.198439,-0.199819,-4.578759,0.004478,7.716647,-0.782220,0.007954,-1.069794,0.000086,0.226564,-0.063931,7.522096,32.336098,6.555091,13.921990,5.963007,12.000000,12.000000,-37.511063,-39.895935,7.522096,32.336098,6.555091,13.921990,5.963007,102.998482,49.969990,-37.511063,-39.895935,87.000000,87.000000,87.000000,87.000000,12.000000,12.000000,12.000000,200.000000,200.000000,0.000000,0.000000,0.000000,0.000000,0.000000,0.000000,0.000000,0.000000,0.000000
2,0.356683,0.882217,-0.268064,0.789227,0.783188,0.792093,1.592690,0.191236,-0.335365,-0.055456,-2.647901,0.260340,2.141957,0.676242,0.019002,0.019864,1.545807,2.200842,-0.322759,0.344638,2.450238,0.922344,2.608725,-0.194363,-0.199683,-25.278925,0.008554,9.421065,4.228633,-9.570178,-6.345191,1.905026,0.173912,0.009875,-6.425119,10.730060,-5.058519,17.609392,3.554573,12.000000,12.000000,-24.776562,-26.419844,-6.425119,10.730060,-5.058519,17.609392,3.554573,101.653999,62.059044,-24.776562,-26.419844,87.000000,87.000000,87.000000,87.000000,12.000000,12.000000,12.000000,200.000000,200.000000,0.000000,0.000000,0.000000,0.000000,0.000000,0.000000,0.000000,0.000000,0.000000
3,0.502344,0.572561,-0.405367,0.850474,1.115798,0.763690,2.466063,0.261127,-0.261946,-0.090304,-2.641178,0.349175,2.202815,0.762677,0.012595,0.013235,1.684173,2.200694,-0.866307,0.521011,2.609866,0.815367,2.528430,-0.190669,-0.197620,-27.020149,-0.085244,11.680064,5.420687,0.048552,-5.499555,-1.640482,0.115048,0.076097,-6.612541,-7.534224,-6.215920,19.122482,9.822651,12.000000,12.000000,-12.306581,-13.191296,-6.612541,-7.534224,-6.215920,19.122482,9.822651,96.053429,90.136604,-12.306581,-13.191296,87.000000,87.000000,87.000000,87.000000,12.000000,12.000000,12.000000,200.000000,200.000000,0.000000,0.000000,0.000000,0.000000,0.000000,0.000000,0.000000,0.000000,0.000000
4,0.630870,0.318098,-0.527010,0.891281,1.390172,0.635228,3.221749,0.332700,-0.192357,-0.139922,-2.630382,0.438461,2.262783,0.848666,0.006987,0.007228,1.546097,1.947957,-1.115598,0.560342,2.609097,0.782098,2.506476,-0.126411,-0.141308,-36.246246,-5.749876,22.859629,1.597566,-0.044589,-3.032062,-0.861669,2.962838,3.239575,-7.336929,-22.849861,-5.805315,19.610209,12.000000,12.000000,12.000000,-1.366823,-0.369686,-7.336929,-22.849861,-5.805315,19.610209,13.668059,86.389870,113.607941,-1.366823,-0.369686,87.000000,87.000000,87.000000,87.000000,12.000000,12.000000,12.000000,200.000000,200.000000,0.000000,0.000000,0.000000,0.000000,0.000000,0.000000,0.000000,0.000000,0.000000
5,0.895555,0.157183,-0.566859,0.972237,1.702255,0.534691,4.013455,0.404216,-0.132785,-0.198010,-2.618175,0.527997,2.323011,0.935362,0.003898,0.003840,1.614157,1.508436,-1.335159,0.545335,2.607187,0.836045,2.573931,-0.065797,-0.073441,-35.138332,-14.116186,29.083012,-1.656686,0.017624,0.342715,-0.652771,1.482858,1.726747,-2.671316,-33.351810,-1.721996,21.732700,12.000000,12.000000,12.000000,-1.361058,-0.283589,-2.671316,-33.351810,-1.721996,21.732700,19.009640,77.595253,138.114670,-1.361058,-0.283589,87.000000,87.000000,87.000000,87.000000,12.000000,12.000000,12.000000,200.000000,200.000000,0.000000,0.000000,0.000000,0.000000,0.000000,0.000000,0.000000,0.000000,0.000000
6,1.250473,0.061349,-0.679049,1.243270,1.921206,0.375035,4.778551,0.479866,-0.087228,-0.263675,-2.600617,0.618155,2.386300,1.022439,0.002251,0.002077,2.076311,1.080467,-1.845658,0.847069,2.605572,0.877061,2.613024,-0.035063,-0.038556,-9.079813,-14.406874,9.411041,4.972340,12.890138,15.217419,0.145125,0.836055,0.768525,5.643250,-39.698750,-0.602763,30.711296,12.000000,12.000000,12.000000,-1.002088,-0.509401,5.643250,-39.698750,-0.602763,30.711296,21.462116,67.149612,161.667969,-1.002088,-0.509401,87.000000,87.000000,87.000000,87.000000,12.000000,12.000000,12.000000,200.000000,200.000000,0.000000,0.000000,0.000000,0.000000,0.000000,0.000000,0.000000,0.000000,0.000000
7,1.476011,0.308281,-0.831987,1.164739,2.158973,0.238334,5.773316,0.556751,-0.052176,-0.332481,-2.575738,0.707937,2.455096,1.109499,0.001297,0.001230,2.099760,0.847711,-1.917138,0.968392,2.606612,1.301037,2.612335,-0.020860,-0.017828,-10.717863,-8.937066,11.173288,0.604355,9.559750,13.910386,0.089722,0.415383,0.395327,8.337507,-31.689465,-0.914327,25.043827,12.000000,12.000000,12.000000,-0.647034,-0.724825,8.337507,-31.689465,-0.914327,25.043827,23.528170,54.612541,194.492035,-0.647034,-0.724825,87.000000,87.000000,87.000000,87.000000,12.000000,12.000000,12.000000,200.000000,200.000000,0.000000,0.000000,0.000000,0.000000,0.000000,0.000000,0.000000,0.000000,0.000000
8,1.755158,0.407781,-0.867741,1.129839,2.299203,0.026129,6.283741,0.624692,-0.023372,-0.392075,-2.547730,0.797355,2.534453,1.196546,0.000725,0.000881,1.867672,0.685241,-1.605584,0.979366,2.607329,1.990921,2.611903,-0.012796,-0.006029,-9.426448,-5.616148,12.896854,-0.425062,4.953832,16.153835,0.026236,0.193035,0.256908,14.729974,-29.354980,1.692136,21.406944,12.000000,12.000000,12.000000,-0.363387,-0.992451,14.729974,-29.354980,1.692136,21.406944,21.650543,37.606262,207.941925,-0.363387,-0.992451,87.000000,87.000000,87.000000,87.000000,12.000000,12.000000,12.000000,200.000000,200.000000,0.000000,0.000000,0.000000,0.000000,0.000000,0.000000,0.000000,0.000000,0.000000
9,1.943369,0.484918,-0.905369,1.024421,2.358483,-0.174291,6.572628,0.685634,-0.000988,-0.441440,-2.522352,0.885948,2.621165,1.283564,0.000351,0.000783,1.712098,0.461520,-1.285679,0.742172,2.643999,2.608006,2.611541,-0.007785,-0.000896,-7.459538,-7.195093,12.490152,-6.734390,1.870365,7.704906,0.022116,0.143155,0.113351,17.880589,-27.548843,3.237225,15.501495,12.000000,12.000000,12.000000,-0.025919,-1.337987,17.880589,-27.548843,3.237225,15.501495,16.540440,19.856226,212.535812,-0.025919,-1.337987,87.000000,87.000000,87.000000,87.000000,12.000000,12.000000,12.000000,200.000000,200.000000,0.000000,0.000000,0.000000,0.000000,0.000000,0.000000,0.000000,0.000000,0.000000
10,1.854601,0.655431,-1.165416,0.947236,2.347484,-0.300361,6.763272,0.761413,0.016174,-0.504544,-2.504922,0.973980,2.708160,1.370565,0.000137,0.000740,2.099108,0.361293,-1.708539,0.462114,2.637514,2.608284,2.610733,-0.003317,-0.001193,-11.449269,-4.013563,11.477272,-9.771734,-0.412502,-0.010800,-0.010715,0.130811,-0.038982,7.005270,-21.662525,-1.051129,11.574572,8.921322,7.338343,12.000000,0.105003,-1.480338,7.005270,-21.662525,-1.051129,11.574572,8.921322,7.338343,213.202148,0.105003,-1.480338,87.000000,87.000000,87.000000,87.000000,12.000000,12.000000,12.000000,200.000000,200.000000,0.000000,0.000000,0.000000,0.000000,0.000000,0.000000,0.000000,0.000000,0.000000
11,2.015696,0.774097,-1.168194,0.934785,2.387481,-0.456140,6.857070,0.824898,0.031759,-0.557422,-2.493204,1.060568,2.757838,1.456675,0.000076,0.000666,1.762422,0.356840,-1.418253,0.348829,2.611229,1.005056,2.564245,0.002321,-0.004375,-9.252676,-0.776104,10.502299,-5.671513,0.432258,-26.980703,2.286930,0.273743,-0.276020,9.392809,-17.954727,2.235165,10.695168,3.714912,-0.182282,12.000000,0.097443,-1.511865,9.392809,-17.954727,2.235165,10.695168,3.714912,-0.182282,210.380630,0.097443,-1.511865,87.000000,87.000000,87.000000,87.000000,12.000000,12.000000,12.000000,200.000000,200.000000,0.000000,0.000000,0.000000,0.000000,0.000000,0.000000,0.000000,0.000000,0.000000
12,2.104233,0.663384,-1.261258,1.165022,2.394827,-0.427955,7.021640,0.886438,0.046767,-0.608531,-2.482904,1.132943,2.782437,1.543687,0.000172,0.000467,1.711913,0.318841,-1.378507,0.399077,1.653697,0.592989,2.610291,0.003604,-0.005345,-9.315984,-2.111243,9.523028,0.187592,-37.004955,-10.676175,-0.008039,-0.056065,0.025114,8.135849,-23.556513,2.439386,19.273455,-1.430086,0.998483,12.000000,-0.718929,-0.546216,8.135849,-23.556513,2.439386,19.273455,-1.430086,0.998483,209.689392,-0.718929,-0.546216,87.000000,87.000000,87.000000,87.000000,12.000000,12.000000,12.000000,200.000000,200.000000,0.000000,0.000000,0.000000,0.000000,0.000000,0.000000,0.000000,0.000000,0.000000
13,2.085463,0.771055,-1.352976,1.096906,2.389449,-0.419087,7.110720,0.940314,0.060872,-0.652240,-2.473887,1.168315,2.798050,1.630697,0.000169,0.000311,1.265916,0.302624,-0.925977,0.315016,0.768163,0.417872,2.610101,0.000513,-0.004087,-25.694860,-1.307875,26.651478,-2.565960,-19.822132,-7.130681,-0.004220,-0.080901,0.052428,3.284947,-20.289871,2.086440,15.888991,-1.138094,0.764529,12.000000,-0.550830,-0.263782,3.284947,-20.289871,2.086440,15.888991,-1.138094,0.764529,206.292740,-0.550830,-0.263782,87.000000,87.000000,87.000000,87.000000,12.000000,12.000000,12.000000,200.000000,200.000000,0.000000,0.000000,0.000000,0.000000,0.000000,0.000000,0.000000,0.000000,0.000000
14,2.111439,0.711613,-1.512072,1.106858,2.333697,-0.475484,7.195175,0.993342,0.072461,-0.697452,-2.468391,1.171398,2.792544,1.716727,0.000136,0.000195,1.253183,0.168747,-0.977260,0.190899,0.066052,-0.122745,2.486303,0.000495,-0.003978,-26.227919,-4.946825,28.129065,-3.868694,-1.123040,2.289301,-6.063623,-0.005115,-0.011651,0.071960,-23.445133,-0.423976,16.102209,-0.668065,0.914157,12.000000,-0.353888,-0.136892,0.071960,-23.445133,-0.423976,16.102209,-0.668065,0.914157,202.808197,-0.353888,-0.136892,87.000000,87.000000,87.000000,87.000000,12.000000,12.000000,12.000000,200.000000,200.000000,0.000000,0.000000,0.000000,0.000000,0.000000,0.000000,0.000000,0.000000,0.000000
15,2.119728,0.721112,-1.571713,1.156876,2.280883,-0.468953,7.292311,1.031280,0.079882,-0.727645,-2.465749,1.159864,2.788287,1.801980,0.000122,0.000111,0.916241,0.065274,-0.650302,0.156141,-0.259335,-0.010551,2.410621,0.000859,-0.001661,-17.619116,-3.519197,18.689428,-0.402359,5.427484,3.167965,-7.452163,0.000676,0.103586,-1.238220,-23.302383,-1.805359,18.181791,-0.622054,1.280758,12.000000,-0.348599,0.055739,-1.238220,-23.302383,-1.805359,18.181791,-0.622054,1.280758,200.044998,-0.348599,0.055739,87.000000,87.000000,87.000000,87.000000,12.000000,12.000000,12.000000,200.000000,200.000000,0.000000,0.000000,0.000000,0.000000,0.000000,0.000000,0.000000,0.000000,0.000000
16,2.091131,0.784288,-1.667960,1.259835,2.190777,-0.437170,7.357673,1.061312,0.087302,-0.752566,-2.460306,1.132307,2.790877,1.886667,0.000128,0.000071,0.718636,0.146538,-0.579518,0.348046,-0.647005,0.182552,2.322379,0.000499,-0.000795,-15.827736,1.591173,13.913969,6.468168,13.224434,1.027206,-11.771821,-0.065683,0.056804,-4.158055,-21.292250,-4.120893,21.745651,-0.549333,1.713610,12.000000,-0.429637,0.012559,-4.158055,-21.292250,-4.120893,21.745651,-0.549333,1.713610,195.904510,-0.429637,0.012559,87.000000,87.000000,87.000000,87.000000,12.000000,12.000000,12.000000,200.000000,200.000000,0.000000,0.000000,0.000000,0.000000,0.000000,0.000000,0.000000,0.000000,0.000000
17,2.128597,0.684650,-1.687225,1.181188,2.138713,-0.523289,7.317046,1.082185,0.091948,-0.772003,-2.452312,1.102331,2.776128,1.969626,0.000107,0.000077,0.499396,-0.071337,-0.424265,0.288678,-0.605443,-0.373574,2.288572,0.001076,-0.000888,-11.016265,-6.844884,12.357154,-2.626099,17.020975,5.541783,-1.366281,0.033482,-0.032321,-3.478632,-25.552036,-3.829905,17.600060,-0.127254,1.171039,12.000000,-0.262195,-0.132420,-3.478632,-25.552036,-3.829905,17.600060,-0.127254,1.171039,188.450531,-0.262195,-0.132420,87.000000,87.000000,87.000000,87.000000,12.000000,12.000000,12.000000,200.000000,200.000000,0.000000,0.000000,0.000000,0.000000,0.000000,0.000000,0.000000,0.000000,0.000000
18,2.154019,0.809901,-1.700822,1.108927,2.070021,-0.583556,7.353058,1.097227,0.092068,-0.787385,-2.447641,1.070362,2.753424,2.053325,0.000110,0.000076,0.376089,-0.131573,-0.356653,0.166977,-0.676871,-0.503155,2.315101,0.001151,-0.000697,-7.795041,-2.061015,8.994010,-3.891315,17.555046,11.091488,-4.297041,-0.017510,0.007729,-3.145441,-20.119688,-3.519973,14.586625,-0.091142,1.256654,12.000000,-0.356451,-0.076340,-3.145441,-20.119688,-3.519973,14.586625,-0.091142,1.256654,182.908844,-0.356451,-0.076340,87.000000,87.000000,87.000000,87.000000,12.000000,12.000000,12.000000,200.000000,200.000000,0.000000,0.000000,0.000000,0.000000,0.000000,0.000000,0.000000,0.000000,0.000000
19,2.101145,0.804507,-1.804287,1.186000,1.989808,-0.599043,7.356108,1.111516,0.091823,-0.805299,-2.444801,1.034375,2.734460,2.137052,0.000122,0.000067,0.337431,-0.105000,-0.459859,0.181791,-0.790878,-0.365598,2.288731,0.000805,-0.000484,-9.691391,0.191345,8.095866,0.611148,18.860968,10.922230,-7.037429,-0.051378,0.027350,-6.405722,-20.258841,-6.003660,17.657963,-0.042935,1.793871,12.000000,-0.408852,-0.044471,-6.405722,-20.258841,-6.003660,17.657963,-0.042935,1.793871,176.243240,-0.408852,-0.044471,87.000000,87.000000,87.000000,87.000000,12.000000,12.000000,12.000000,200.000000,200.000000,0.000000,0.000000,0.000000,0.000000,0.000000,0.000000,0.000000,0.000000,0.000000
20,2.225783,0.781459,-1.691645,1.120815,1.905442,-0.709908,7.250458,1.114013,0.089274,-0.813759,-2.443264,0.995368,2.703330,2.220287,0.000099,0.000089,0.071672,-0.237801,-0.182376,0.062264,-0.817698,-0.768573,2.286347,0.000865,-0.000298,-1.290841,-3.715022,5.150798,-4.911735,22.411608,13.704267,-3.042927,0.012702,-0.014409,-0.435286,-20.847372,-1.726146,14.931252,-0.016126,1.071613,12.000000,-0.263940,-0.168325,-0.435286,-20.847372,-1.726146,14.931252,-0.016126,1.071613,165.631378,-0.263940,-0.168325,87.000000,87.000000,87.000000,87.000000,12.000000,12.000000,12.000000,200.000000,200.000000,0.000000,0.000000,0.000000,0.000000,0.000000,0.000000,0.000000,0.000000,0.000000
21,2.234994,0.752563,-1.667684,1.267098,1.799595,-0.642504,7.301188,1.111254,0.083969,-0.814211,-2.443711,0.952265,2.696629,2.304433,0.000110,0.000077,0.012294,-0.264301,-0.054601,0.123825,-1.006968,-0.000520,2.266682,-0.000001,-0.000018,3.422675,-0.140253,-1.027804,3.498688,20.897053,6.596314,-12.519292,-0.075788,0.032302,0.600137,-21.304241,-1.443128,21.128937,-0.390216,1.892390,12.000000,-0.368811,-0.093407,0.600137,-21.304241,-1.443128,21.128937,-0.390216,1.892390,160.370239,-0.368811,-0.093407,87.000000,87.000000,87.000000,87.000000,12.000000,12.000000,12.000000,200.000000,200.000000,0.000000,0.000000,0.000000,0.000000,0.000000,0.000000,0.000000,0.000000,0.000000
22,2.172575,0.810848,-1.708331,1.167851,1.737506,-0.714008,7.237626,1.109735,0.079132,-0.816898,-2.441752,0.911380,2.681146,2.387434,0.000090,0.000091,-0.011099,-0.234606,-0.087312,0.141034,-0.854665,-0.394888,2.277608,0.000517,-0.000209,0.210604,0.665097,0.918549,-0.840379,22.882994,6.642565,-2.214861,0.001003,-0.001120,-1.900275,-18.620390,-2.652380,16.710354,0.111987,1.304370,12.000000,-0.236274,-0.158594,-1.900275,-18.620390,-2.652380,16.710354,0.111987,1.304370,151.832855,-0.236274,-0.158594,87.000000,87.000000,87.000000,87.000000,12.000000,12.000000,12.000000,200.000000,200.000000,0.000000,0.000000,0.000000,0.000000,0.000000,0.000000,0.000000,0.000000,0.000000
23,2.121446,0.857866,-1.772453,1.098168,1.646811,-0.780042,7.213044,1.110544,0.076011,-0.825141,-2.441211,0.868047,2.656778,2.472016,0.000082,0.000103,0.017156,-0.167426,-0.231630,0.053055,-0.940356,-0.570896,2.358896,0.000385,0.000033,-2.798309,1.567018,2.811275,-3.688021,23.866737,12.271335,-2.331447,-0.037101,0.019907,-4.254297,-16.619438,-4.066909,13.950099,0.236860,1.420194,12.000000,-0.271405,-0.167543,-4.254297,-16.619438,-4.066909,13.950099,0.236860,1.420194,143.819412,-0.271405,-0.167543,87.000000,87.000000,87.000000,87.000000,12.000000,12.000000,12.000000,200.000000,200.000000,0.000000,0.000000,0.000000,0.000000,0.000000,0.000000,0.000000,0.000000,0.000000
24,2.230354,0.743790,-1.645749,1.284765,1.550876,-0.744892,7.184423,1.101184,0.072981,-0.822231,-2.441004,0.825122,2.648786,2.556789,0.000079,0.000106,-0.170307,-0.193427,0.041927,0.149837,-0.976135,-0.104734,2.349035,-0.000055,0.000160,5.876376,-0.140685,-2.686021,3.416742,21.529507,5.884732,-5.364217,-0.034602,-0.001188,1.854244,-20.967827,-0.284107,21.541294,-0.210116,1.879863,12.000000,-0.230696,-0.223294,1.854244,-20.967827,-0.284107,21.541294,-0.210116,1.879863,135.726761,-0.230696,-0.223294,87.000000,87.000000,87.000000,87.000000,12.000000,12.000000,12.000000,200.000000,200.000000,0.000000,0.000000,0.000000,0.000000,0.000000,0.000000,0.000000,0.000000,0.000000
25,2.216915,0.759423,-1.631030,1.167054,1.433952,-0.807682,7.154333,1.092633,0.068434,-0.819205,-2.439672,0.773507,2.634275,2.641368,0.000055,0.000121,-0.148571,-0.267818,0.061075,0.088723,-1.152212,-0.361384,2.336167,-0.000190,0.000137,5.806043,-2.022352,-1.341588,-3.016905,27.971104,7.036637,-4.447617,-0.030478,0.000643,1.939403,-19.889160,0.088423,16.522591,0.085381,1.275531,12.000000,-0.167164,-0.246364,1.939403,-19.889160,0.088423,16.522591,0.085381,1.275531,127.863419,-0.167164,-0.246364,87.000000,87.000000,87.000000,87.000000,12.000000,12.000000,12.000000,200.000000,200.000000,0.000000,0.000000,0.000000,0.000000,0.000000,0.000000,0.000000,0.000000,0.000000
26,2.242630,0.877024,-1.531129,1.081039,1.356139,-0.832885,7.153535,1.078447,0.063566,-0.806779,-2.441935,0.727908,2.621982,2.726225,0.000042,0.000134,-0.256827,-0.207581,0.292645,-0.038710,-0.998184,-0.292864,2.382980,-0.000067,0.000277,10.400925,2.452042,-5.628422,-4.191819,24.183836,5.847026,-2.522621,-0.016395,0.005570,4.662027,-14.701528,2.219609,13.532881,-0.001410,1.015908,12.000000,-0.120855,-0.273909,4.662027,-14.701528,2.219609,13.532881,-0.001410,1.015908,121.004387,-0.120855,-0.273909,87.000000,87.000000,87.000000,87.000000,12.000000,12.000000,12.000000,200.000000,200.000000,0.000000,0.000000,0.000000,0.000000,0.000000,0.000000,0.000000,0.000000,0.000000
27,2.124331,0.697038,-1.671645,1.208280,1.275248,-0.846875,7.146681,1.078136,0.059104,-0.807325,-2.445767,0.683585,2.607633,2.810799,0.000040,0.000138,0.049272,-0.258795,-0.037221,-0.021663,-0.975244,-0.344167,2.354256,0.000091,0.000065,1.105219,-1.769864,0.591079,-0.141038,23.458984,7.541842,-2.651109,-0.026701,0.001058,-1.388530,-21.649616,-2.124908,19.114536,0.203916,1.850218,12.000000,-0.140154,-0.279561,-1.388530,-21.649616,-2.124908,19.114536,0.203916,1.850218,114.058640,-0.140154,-0.279561,87.000000,87.000000,87.000000,87.000000,12.000000,12.000000,12.000000,200.000000,200.000000,0.000000,0.000000,0.000000,0.000000,0.000000,0.000000,0.000000,0.000000,0.000000
28,2.026677,0.729460,-1.743587,1.270300,1.143393,-0.855674,7.113083,1.077215,0.055381,-0.810466,-2.445957,0.628594,2.595010,2.896076,0.000052,0.000124,-0.025363,-0.172349,-0.108235,0.155548,-1.263348,-0.272556,2.375268,0.000030,-0.000144,-0.954104,2.235134,-0.338351,4.062077,28.518360,8.358628,-3.172545,-0.049590,0.010396,-5.136078,-20.056267,-4.618532,21.378101,0.379183,2.377217,12.000000,-0.193582,-0.226965,-5.136078,-20.056267,-4.618532,21.378101,0.379183,2.377217,105.804428,-0.193582,-0.226965,87.000000,87.000000,87.000000,87.000000,12.000000,12.000000,12.000000,200.000000,200.000000,0.000000,0.000000,0.000000,0.000000,0.000000,0.000000,0.000000,0.000000,0.000000
29,1.973951,0.809691,-1.764854,1.125584,1.077649,-0.909878,7.085131,1.071993,0.054430,-0.813596,-2.443904,0.583268,2.579990,2.897300,0.000071,0.000103,-0.160592,-0.090030,-0.120366,0.120911,-1.041513,-0.399089,-0.000063,0.001378,-0.001336,-1.159217,2.139936,-1.145760,-2.826995,24.409731,8.282725,0.000061,0.054484,-0.077279,-6.478890,-16.996712,-5.230153,15.122110,0.580040,1.754936,12.000000,-0.150933,-0.247694,-6.478890,-16.996712,-5.230153,15.122110,0.580040,1.754936,110.901535,-0.150933,-0.247694,87.000000,87.000000,87.000000,87.000000,12.000000,12.000000,12.000000,200.000000,200.000000,0.000000,0.000000,0.000000,0.000000,0.000000,0.000000,0.000000,0.000000,0.000000
30,2.163667,0.726465,-1.560425,1.189558,1.093240,-0.969977,7.100666,1.056671,0.053039,-0.805587,-2.442986,0.563392,2.558886,2.897300,0.000056,0.000106,-0.326301,-0.169095,0.185068,0.093763,-0.333387,-0.593536,-0.000029,0.000353,-0.000368,8.488231,-1.895774,-4.515343,-2.431174,12.440249,8.894737,0.002361,0.005027,0.002112,3.331227,-20.233812,1.295394,17.700668,0.240893,1.590898,12.000000,-0.139746,-0.176480,3.331227,-20.233812,1.295394,17.700668,0.240893,1.590898,111.522873,-0.139746,-0.176480,87.000000,87.000000,87.000000,87.000000,12.000000,12.000000,12.000000,200.000000,200.000000,0.000000,0.000000,0.000000,0.000000,0.000000,0.000000,0.000000,0.000000,0.000000
31,2.128155,0.765386,-1.581713,1.163866,1.046057,-0.989430,7.126532,1.047619,0.050737,-0.801358,-2.443784,0.543817,2.541661,2.897300,0.000061,0.000100,-0.170119,-0.161717,0.077540,0.043456,-0.442804,-0.427082,-0.000021,0.000424,-0.000342,4.969214,0.237326,-2.439245,-2.086840,9.991014,9.327814,-0.000069,0.003507,-0.000050,2.020879,-18.391546,0.507440,16.888611,0.056254,1.794217,12.000000,-0.152233,-0.171218,2.020879,-18.391546,0.507440,16.888611,0.056254,1.794217,112.557343,-0.152233,-0.171218,87.000000,87.000000,87.000000,87.000000,12.000000,12.000000,12.000000,200.000000,200.000000,0.000000,0.000000,0.000000,0.000000,0.000000,0.000000,0.000000,0.000000,0.000000
32,2.111137,0.756023,-1.574290,1.318945,1.017325,-0.919288,7.117467,1.039946,0.050736,-0.796268,-2.442675,0.526547,2.544683,2.897300,0.000075,0.000087,-0.141149,-0.037545,0.094423,0.239419,-0.409811,0.101255,-0.000032,0.000131,-0.000078,4.194108,3.672809,-3.234767,7.026192,7.367946,0.662090,0.004400,-0.019508,0.021868,1.834994,-18.899618,0.303534,23.000746,0.043854,2.466687,12.000000,-0.198555,-0.126789,1.834994,-18.899618,0.303534,23.000746,0.043854,2.466687,112.195168,-0.198555,-0.126789,87.000000,87.000000,87.000000,87.000000,12.000000,12.000000,12.000000,200.000000,200.000000,0.000000,0.000000,0.000000,0.000000,0.000000,0.000000,0.000000,0.000000,0.000000
33,2.092018,0.736564,-1.545419,1.121650,1.045088,-0.985254,7.103017,1.031142,0.050749,-0.788045,-2.440108,0.522406,2.539023,2.897300,0.000050,0.000107,-0.160643,-0.138992,0.193373,0.098619,-0.004768,-0.257953,-0.000033,0.000154,-0.000121,5.775902,-2.692787,-3.579249,-5.240956,3.836156,0.875042,0.001886,0.022310,-0.024300,1.914548,-19.773094,0.520046,14.579365,0.223672,1.232819,12.000000,-0.085925,-0.236879,1.914548,-19.773094,0.520046,14.579365,0.223672,1.232819,111.616913,-0.085925,-0.236879,87.000000,87.000000,87.000000,87.000000,12.000000,12.000000,12.000000,200.000000,200.000000,0.000000,0.000000,0.000000,0.000000,0.000000,0.000000,0.000000,0.000000,0.000000
34,1.961143,0.674009,-1.680040,1.247115,1.005251,-0.952961,7.087664,1.031469,0.048986,-0.789904,-2.439552,0.511569,2.536919,2.897300,0.000065,0.000094,0.017636,-0.161968,-0.083877,0.135458,-0.269422,-0.064342,-0.000061,0.000404,-0.000334,-1.868981,-0.885989,-0.238490,1.286540,4.750337,2.432259,0.002504,-0.013787,0.012652,-4.256761,-21.970060,-3.787470,19.826605,0.237104,2.285439,12.000000,-0.188248,-0.139161,-4.256761,-21.970060,-3.787470,19.826605,0.237104,2.285439,111.003029,-0.188248,-0.139161,87.000000,87.000000,87.000000,87.000000,12.000000,12.000000,12.000000,200.000000,200.000000,0.000000,0.000000,0.000000,0.000000,0.000000,0.000000,0.000000,0.000000,0.000000
35,2.042602,0.690667,-1.605264,1.159420,1.012681,-0.999622,7.060353,1.028802,0.045037,-0.789639,-2.439583,0.506877,2.529372,2.897300,0.000053,0.000104,-0.044742,-0.253373,-0.001126,0.049825,-0.044045,-0.278515,-0.000034,0.000336,-0.000251,1.309753,-2.469120,-0.590604,-3.346444,3.571328,2.621251,0.001368,0.014238,-0.012223,-0.435868,-20.835709,-1.059931,16.284679,0.256068,1.593682,12.000000,-0.117373,-0.201977,-0.435868,-20.835709,-1.059931,16.284679,0.256068,1.593682,109.910316,-0.117373,-0.201977,87.000000,87.000000,87.000000,87.000000,12.000000,12.000000,12.000000,200.000000,200.000000,0.000000,0.000000,0.000000,0.000000,0.000000,0.000000,0.000000,0.000000,0.000000
36,2.102375,0.794725,-1.553280,1.147766,0.997341,-0.979088,7.094901,1.026316,0.041181,-0.788322,-2.442307,0.502550,2.529143,2.897300,0.000058,0.000100,-0.024848,-0.168748,0.023041,0.011638,-0.099807,-0.035974,-0.000027,0.000219,-0.000186,1.910661,2.659102,-0.788703,-0.345218,1.428214,0.591200,-0.000683,-0.006986,0.005588,2.139307,-16.298552,0.833159,16.307882,0.003167,1.683745,12.000000,-0.151789,-0.170522,2.139307,-16.298552,0.833159,16.307882,0.003167,1.683745,111.292084,-0.151789,-0.170522,87.000000,87.000000,87.000000,87.000000,12.000000,12.000000,12.000000,200.000000,200.000000,0.000000,0.000000,0.000000,0.000000,0.000000,0.000000,0.000000,0.000000,0.000000
37,2.021083,0.727114,-1.627685,1.267552,0.975148,-0.951932,7.097321,1.026834,0.040458,-0.790536,-2.442509,0.493901,2.532258,2.897300,0.000068,0.000091,0.017793,-0.075587,-0.071991,0.167525,-0.196135,0.034859,-0.000069,0.000364,-0.000289,-1.419813,2.482005,0.294184,4.549466,4.096627,-0.532280,0.001852,-0.009207,0.009587,-1.458579,-19.203081,-1.650027,20.979769,0.216731,2.266982,12.000000,-0.184174,-0.140612,-1.458579,-19.203081,-1.650027,20.979769,0.216731,2.266982,111.389267,-0.184174,-0.140612,87.000000,87.000000,87.000000,87.000000,12.000000,12.000000,12.000000,200.000000,200.000000,0.000000,0.000000,0.000000,0.000000,0.000000,0.000000,0.000000,0.000000,0.000000
38,2.044888,0.731219,-1.612963,1.180231,1.010322,-0.998859,7.056190,1.026850,0.040934,-0.792737,-2.440215,0.496735,2.526823,2.897300,0.000057,0.000100,0.008325,-0.085659,-0.057079,0.153327,0.148948,-0.240464,-0.000035,0.000439,-0.000344,-0.806107,-0.403159,0.837604,-1.382370,-0.008353,1.556632,0.001649,0.014207,-0.013648,-0.449343,-19.215221,-0.891596,17.002855,0.256446,1.667209,12.000000,-0.132316,-0.190687,-0.449343,-19.215221,-0.891596,17.002855,0.256446,1.667209,109.743828,-0.132316,-0.190687,87.000000,87.000000,87.000000,87.000000,12.000000,12.000000,12.000000,200.000000,200.000000,0.000000,0.000000,0.000000,0.000000,0.000000,0.000000,0.000000,0.000000,0.000000
39,2.108106,0.743560,-1.476201,1.220155,1.020152,-0.958706,7.043014,1.014520,0.041142,-0.779919,-2.439035,0.503182,2.531556,2.897300,0.000059,0.000099,-0.240120,-0.075554,0.308626,0.154869,0.151391,0.082573,-0.000030,0.000169,-0.000139,8.518089,0.865220,-6.241779,1.310430,-4.310023,-1.793963,-0.001099,-0.002782,0.002653,4.265005,-18.692337,2.168953,18.654251,-0.132847,1.853865,12.000000,-0.143724,-0.175884,4.265005,-18.692337,2.168953,18.654251,-0.132847,1.853865,109.216599,-0.143724,-0.175884,87.000000,87.000000,87.000000,87.000000,12.000000,12.000000,12.000000,200.000000,200.000000,0.000000,0.000000,0.000000,0.000000,0.000000,0.000000,0.000000,0.000000,0.000000
40,2.037886,0.670943,-1.573668,1.176388,1.002901,-0.972808,7.082460,1.015389,0.040048,-0.779276,-2.438557,0.501402,2.532284,2.897300,0.000053,0.000104,0.066153,-0.174225,0.006119,0.074432,-0.033486,-0.058629,-0.000031,0.000201,-0.000137,0.280021,-2.999110,0.546283,-2.686980,0.916232,-0.589803,0.000017,0.003443,-0.002099,0.097253,-21.468092,-0.583652,16.851763,0.113185,1.672552,12.000000,-0.124376,-0.193531,0.097253,-21.468092,-0.583652,16.851763,0.113185,1.672552,110.794563,-0.124376,-0.193531,87.000000,87.000000,87.000000,87.000000,12.000000,12.000000,12.000000,200.000000,200.000000,0.000000,0.000000,0.000000,0.000000,0.000000,0.000000,0.000000,0.000000,0.000000
41,1.931663,0.756736,-1.706669,1.130714,0.990294,-1.010924,7.101490,1.023915,0.038511,-0.789054,-2.439736,0.495791,2.523609,2.897299,0.000060,0.000099,0.178116,-0.119668,-0.253671,0.029824,-0.093734,-0.294540,-0.000090,0.000659,-0.000530,-7.076957,1.198837,3.827632,-2.590919,3.785271,3.951224,-0.001326,0.000456,-0.001200,-5.553034,-17.820074,-4.240161,15.243368,0.387971,1.728879,12.000000,-0.172161,-0.156511,-5.553034,-17.820074,-4.240161,15.243368,0.387971,1.728879,111.555870,-0.172161,-0.156511,87.000000,87.000000,87.000000,87.000000,12.000000,12.000000,12.000000,200.000000,200.000000,0.000000,0.000000,0.000000,0.000000,0.000000,0.000000,0.000000,0.000000,0.000000
42,2.016239,0.705952,-1.582164,1.301927,0.998585,-0.925150,7.062969,1.017869,0.038629,-0.785038,-2.440655,0.496392,2.534100,2.897300,0.000074,0.000086,-0.139374,-0.053951,0.083077,0.166858,0.009830,0.254101,-0.000052,0.000216,-0.000180,2.505615,2.309556,-3.417466,6.235851,-1.908991,-3.763795,0.004040,-0.012996,0.013902,-0.288962,-19.971117,-0.897827,22.303205,0.058738,2.428449,12.000000,-0.192182,-0.131050,-0.288962,-19.971117,-0.897827,22.303205,0.058738,2.428449,110.015343,-0.192182,-0.131050,87.000000,87.000000,87.000000,87.000000,12.000000,12.000000,12.000000,200.000000,200.000000,0.000000,0.000000,0.000000,0.000000,0.000000,0.000000,0.000000,0.000000,0.000000
43,2.094331,0.741067,-1.488997,1.072663,0.997011,-0.991921,7.053604,1.009483,0.038068,-0.777506,-2.441471,0.496411,2.533226,2.897300,0.000047,0.000109,-0.149941,-0.152437,0.187794,-0.021973,0.049359,-0.150439,-0.000040,0.000058,-0.000010,6.041328,-2.576236,-2.963049,-6.557848,1.133470,-1.419111,0.001367,0.021595,-0.020219,3.734369,-18.539263,1.974422,12.971509,0.075327,1.022800,12.000000,-0.076121,-0.239277,3.734369,-18.539263,1.974422,12.971509,0.075327,1.022800,109.640358,-0.076121,-0.239277,87.000000,87.000000,87.000000,87.000000,12.000000,12.000000,12.000000,200.000000,200.000000,0.000000,0.000000,0.000000,0.000000,0.000000,0.000000,0.000000,0.000000,0.000000
44,1.993068,0.720825,-1.581383,1.291509,0.991185,-0.922022,7.060754,1.008194,0.038255,-0.776029,-2.442844,0.495004,2.540195,2.897300,0.000067,0.000092,-0.010044,-0.036766,0.011156,0.157281,-0.041166,0.152820,-0.000080,0.000420,-0.000361,-0.046838,3.201605,-1.275298,6.336076,-0.416827,-1.990014,0.003356,-0.019453,0.016166,-0.932372,-19.340921,-1.273265,22.094002,0.094590,2.435069,12.000000,-0.202485,-0.127234,-0.932372,-19.340921,-1.273265,22.094002,0.094590,2.435069,109.926781,-0.202485,-0.127234,87.000000,87.000000,87.000000,87.000000,12.000000,12.000000,12.000000,200.000000,200.000000,0.000000,0.000000,0.000000,0.000000,0.000000,0.000000,0.000000,0.000000,0.000000
45,2.029430,0.730350,-1.568350,1.102286,0.998471,-1.026308,7.036503,1.009179,0.039027,-0.777903,-2.441957,0.494856,2.527218,2.897300,0.000048,0.000109,0.040986,-0.104218,-0.036220,0.046107,0.078713,-0.460262,-0.000038,0.000492,-0.000324,-0.398954,-2.133381,1.534407,-5.753254,2.352056,4.512146,0.002577,0.023166,-0.018971,0.282854,-19.147430,-0.310316,14.061216,0.256095,1.288511,12.000000,-0.103618,-0.217671,0.282854,-19.147430,-0.310316,14.061216,0.256095,1.288511,108.956459,-0.103618,-0.217671,87.000000,87.000000,87.000000,87.000000,12.000000,12.000000,12.000000,200.000000,200.000000,0.000000,0.000000,0.000000,0.000000,0.000000,0.000000,0.000000,0.000000,0.000000
46,2.097758,0.714500,-1.523554,1.184412,1.003800,-0.985788,7.098995,1.010780,0.038219,-0.777962,-2.445286,0.498100,2.525105,2.897300,0.000055,0.000103,0.084913,-0.124599,0.009783,-0.002772,0.076798,-0.070682,-0.000032,0.000258,-0.000242,0.929715,-0.369492,1.054197,-0.012447,-2.830133,1.584225,-0.001079,-0.008969,0.004179,2.849856,-19.561693,1.332895,18.068827,-0.096858,1.892498,12.000000,-0.151903,-0.176006,2.849856,-19.561693,1.332895,18.068827,-0.096858,1.892498,111.455833,-0.151903,-0.176006,87.000000,87.000000,87.000000,87.000000,12.000000,12.000000,12.000000,200.000000,200.000000,0.000000,0.000000,0.000000,0.000000,0.000000,0.000000,0.000000,0.000000,0.000000
47,2.012829,0.708442,-1.581202,1.333797,0.985103,-0.907290,7.070221,1.012272,0.039424,-0.777195,-2.444963,0.494723,2.538216,2.897300,0.000074,0.000087,0.054946,-0.003109,0.008674,0.242200,-0.108350,0.315355,-0.000073,0.000247,-0.000160,-0.746791,3.423725,-0.555256,8.589724,0.070137,-4.438392,0.004813,-0.020179,0.023508,-0.682827,-20.005688,-1.123735,23.858112,0.077252,2.612341,12.000000,-0.205058,-0.119346,-0.682827,-20.005688,-1.123735,23.858112,0.077252,2.612341,110.305573,-0.205058,-0.119346,87.000000,87.000000,87.000000,87.000000,12.000000,12.000000,12.000000,200.000000,200.000000,0.000000,0.000000,0.000000,0.000000,0.000000,0.000000,0.000000,0.000000,0.000000
48,2.031856,0.716490,-1.558638,1.140521,1.010778,-0.968901,7.057686,1.012500,0.041156,-0.775503,-2.441400,0.497508,2.538828,2.897300,0.000052,0.000105,0.033843,-0.076447,0.048972,0.154511,0.140134,-0.117737,-0.000036,0.000236,-0.000205,0.643106,-2.151260,-0.056997,-3.689695,0.055432,-1.969105,0.001449,0.020345,-0.023901,0.192450,-19.946058,-0.431712,15.375809,0.237365,1.374525,12.000000,-0.100547,-0.225067,0.192450,-19.946058,-0.431712,15.375809,0.237365,1.374525,109.803665,-0.100547,-0.225067,87.000000,87.000000,87.000000,87.000000,12.000000,12.000000,12.000000,200.000000,200.000000,0.000000,0.000000,0.000000,0.000000,0.000000,0.000000,0.000000,0.000000,0.000000
49,1.964196,0.764153,-1.641662,1.143046,0.995586,-0.970521,7.097202,1.017345,0.042573,-0.780005,-2.440571,0.496100,2.536114,2.897300,0.000060,0.000098,0.113650,-0.036510,-0.122604,0.094742,-0.025112,-0.121633,-0.000048,0.000440,-0.000372,-3.975686,0.927233,1.848532,-2.054746,0.593946,1.619395,0.000619,-0.006487,0.005346,-3.378688,-18.083864,-2.825220,15.662008,0.202961,1.753892,12.000000,-0.169869,-0.154714,-3.378688,-18.083864,-2.825220,15.662008,0.202961,1.753892,111.384323,-0.169869,-0.154714,87.000000,87.000000,87.000000,87.000000,12.000000,12.000000,12.000000,200.000000,200.000000,0.000000,0.000000,0.000000,0.000000,0.000000,0.000000,0.000000,0.000000,0.000000
50,2.083110,0.717469,-1.515516,1.172981,0.991318,-0.962573,7.102161,1.013751,0.043353,-0.775599,-2.442072,0.495195,2.536823,2.897300,0.000054,0.000103,-0.045582,-0.092279,0.117416,0.033217,-0.001558,-0.044578,-0.000033,0.000167,-0.000122,3.518483,-1.286351,-1.527881,-1.384455,0.219870,-0.622199,-0.000440,0.004145,-0.002459,2.518992,-19.991095,1.034075,17.181717,0.021723,1.680795,12.000000,-0.124275,-0.192014,2.518992,-19.991095,1.034075,17.181717,0.021723,1.680795,111.582550,-0.124275,-0.192014,87.000000,87.000000,87.000000,87.000000,12.000000,12.000000,12.000000,200.000000,200.000000,0.000000,0.000000,0.000000,0.000000,0.000000,0.000000,0.000000,0.000000,0.000000
51,1.923936,0.680830,-1.684365,1.270443,0.948586,-0.917258,7.113310,1.019005,0.044226,-0.781722,-2.442409,0.483513,2.543338,2.897300,0.000073,0.000088,0.115779,-0.057475,-0.178822,0.149970,-0.298301,0.138832,-0.000087,0.000391,-0.000275,-5.180938,0.624318,1.979378,3.896173,4.909676,-1.622529,0.003491,-0.014817,0.017238,-5.197017,-21.509180,-4.237872,21.097815,0.297159,2.433941,12.000000,-0.204394,-0.122489,-5.197017,-21.509180,-4.237872,21.097815,0.297159,2.433941,112.029068,-0.204394,-0.122489,87.000000,87.000000,87.000000,87.000000,12.000000,12.000000,12.000000,200.000000,200.000000,0.000000,0.000000,0.000000,0.000000,0.000000,0.000000,0.000000,0.000000,0.000000
52,2.023542,0.707426,-1.617954,1.130515,1.003918,-1.016156,7.084077,1.021433,0.043899,-0.786657,-2.441522,0.488807,2.530589,2.897300,0.000052,0.000107,0.057742,-0.146462,-0.113397,0.062655,0.255134,-0.470716,-0.000037,0.000602,-0.000405,-2.157866,-2.649324,2.369989,-4.626309,0.141973,3.710362,0.003314,0.029293,-0.024974,-1.081643,-20.369598,-1.336506,15.176967,0.368168,1.403653,12.000000,-0.108633,-0.217085,-1.081643,-20.369598,-1.336506,15.176967,0.368168,1.403653,110.859436,-0.108633,-0.217085,87.000000,87.000000,87.000000,87.000000,12.000000,12.000000,12.000000,200.000000,200.000000,0.000000,0.000000,0.000000,0.000000,0.000000,0.000000,0.000000,0.000000,0.000000
53,2.054646,0.770594,-1.581813,1.196404,0.979260,-0.961204,7.099740,1.020005,0.043481,-0.787280,-2.443268,0.489363,2.531510,2.897300,0.000067,0.000093,-0.018760,-0.069845,-0.027067,0.070172,-0.024508,0.030247,-0.000031,0.000217,-0.000251,0.348416,2.375069,-0.344917,1.640205,-2.077900,1.168112,0.004193,-0.022449,0.013851,0.627815,-17.726778,-0.230922,18.287579,-0.072758,2.074576,12.000000,-0.194152,-0.139979,0.627815,-17.726778,-0.230922,18.287579,-0.072758,2.074576,111.486038,-0.194152,-0.139979,87.000000,87.000000,87.000000,87.000000,12.000000,12.000000,12.000000,200.000000,200.000000,0.000000,0.000000,0.000000,0.000000,0.000000,0.000000,0.000000,0.000000,0.000000
54,2.080359,0.712979,-1.548129,1.235206,1.003522,-0.986261,7.043244,1.016806,0.044228,-0.785104,-2.442518,0.493699,2.527899,2.897300,0.000058,0.000099,-0.045149,-0.075017,0.053865,0.151654,0.161234,-0.184327,-0.000033,0.000395,-0.000306,2.245968,-0.188739,-0.735652,1.542245,-1.200724,1.177688,0.001440,0.010515,-0.008029,2.089133,-20.223150,0.706264,19.558702,0.123296,1.916113,12.000000,-0.137063,-0.182301,2.089133,-20.223150,0.706264,19.558702,0.123296,1.916113,109.225998,-0.137063,-0.182301,87.000000,87.000000,87.000000,87.000000,12.000000,12.000000,12.000000,200.000000,200.000000,0.000000,0.000000,0.000000,0.000000,0.000000,0.000000,0.000000,0.000000,0.000000
55,2.074021,0.654788,-1.542997,1.207583,0.963137,-0.948998,7.084309,1.014426,0.042613,-0.781747,-2.442588,0.488159,2.533998,2.897300,0.000058,0.000100,-0.004237,-0.194719,0.079972,0.081451,-0.169281,0.130336,-0.000027,-0.000043,0.000087,2.992605,-3.184039,-0.990959,-0.819209,1.222412,-2.011007,-0.002065,-0.007141,0.010397,1.961794,-22.274044,0.556544,18.509905,-0.047399,1.913273,12.000000,-0.135900,-0.180008,1.961794,-22.274044,0.556544,18.509905,-0.047399,1.913273,110.868332,-0.135900,-0.180008,87.000000,87.000000,87.000000,87.000000,12.000000,12.000000,12.000000,200.000000,200.000000,0.000000,0.000000,0.000000,0.000000,0.000000,0.000000,0.000000,0.000000,0.000000
56,2.003326,0.732872,-1.620934,1.181726,0.988812,-0.995591,7.076010,1.018208,0.040074,-0.784550,-2.441998,0.488327,2.528160,2.897300,0.000055,0.000103,0.103634,-0.156585,-0.075088,0.119346,0.082955,-0.259286,-0.000062,0.000630,-0.000510,-2.378188,0.847281,1.376189,-0.318242,1.553250,1.781326,0.000218,0.010754,-0.012672,-1.762733,-18.819571,-1.787763,17.357561,0.333494,1.754862,12.000000,-0.144565,-0.184706,-1.762733,-18.819571,-1.787763,17.357561,0.333494,1.754862,110.536690,-0.144565,-0.184706,87.000000,87.000000,87.000000,87.000000,12.000000,12.000000,12.000000,200.000000,200.000000,0.000000,0.000000,0.000000,0.000000,0.000000,0.000000,0.000000,0.000000,0.000000
57,2.081378,0.759563,-1.536123,1.201816,0.990777,-0.982300,7.064469,1.016538,0.039029,-0.781402,-2.441188,0.491086,2.526739,2.897300,0.000059,0.000099,-0.005110,-0.094792,0.081365,0.142734,0.077687,-0.077175,-0.000034,0.000330,-0.000287,2.189690,1.957229,-1.211190,1.092954,-1.880469,1.185931,-0.000024,-0.005510,0.004329,2.045920,-17.769869,0.784837,18.112995,-0.002152,1.892354,12.000000,-0.159447,-0.163607,2.045920,-17.769869,0.784837,18.112995,-0.002152,1.892354,110.074905,-0.159447,-0.163607,87.000000,87.000000,87.000000,87.000000,12.000000,12.000000,12.000000,200.000000,200.000000,0.000000,0.000000,0.000000,0.000000,0.000000,0.000000,0.000000,0.000000,0.000000
58,1.974808,0.746734,-1.600465,1.207045,0.989037,-0.958257,7.050904,1.014597,0.040098,-0.778318,-2.439588,0.491283,2.531142,2.897300,0.000066,0.000093,-0.033821,-0.033521,0.055920,0.168622,0.008813,0.061572,-0.000048,0.000304,-0.000251,0.335159,1.779684,-2.129740,1.255988,-0.680648,-1.553822,0.001674,-0.007245,0.007362,-2.091426,-18.541943,-2.019482,18.134697,0.162007,1.976172,12.000000,-0.173849,-0.148825,-2.091426,-18.541943,-2.019482,18.134697,0.162007,1.976172,109.532486,-0.173849,-0.148825,87.000000,87.000000,87.000000,87.000000,12.000000,12.000000,12.000000,200.000000,200.000000,0.000000,0.000000,0.000000,0.000000,0.000000,0.000000,0.000000,0.000000,0.000000
59,1.912724,0.762613,-1.678491,1.129132,0.993877,-0.983235,7.074425,1.017033,0.042681,-0.782983,-2.438576,0.491323,2.529961,2.897299,0.000064,0.000094,0.035929,-0.008014,-0.140123,0.087929,0.039430,-0.116967,-0.000058,0.000401,-0.000331,-4.347816,0.488191,1.035127,-2.957534,0.599304,0.065542,-0.000957,0.003097,-0.003584,-5.226898,-18.255445,-4.059402,14.912255,0.350442,1.633738,12.000000,-0.161246,-0.162567,-5.226898,-18.255445,-4.059402,14.912255,0.350442,1.633738,110.473190,-0.161246,-0.162567,87.000000,87.000000,87.000000,87.000000,12.000000,12.000000,12.000000,200.000000,200.000000,0.000000,0.000000,0.000000,0.000000,0.000000,0.000000,0.000000,0.000000,0.000000
60,2.102242,0.668903,-1.502137,1.170167,1.009875,-1.012568,7.022332,1.011028,0.042692,-0.778615,-2.440598,0.496886,2.522826,2.897300,0.000048,0.000108,-0.100595,-0.158230,0.120167,-0.009482,0.182545,-0.271702,-0.000034,0.000281,-0.000149,4.778523,-3.994177,-1.443118,-3.327070,-2.045341,2.298521,0.001191,0.017591,-0.012524,3.720265,-21.860140,1.808597,16.953690,0.016777,1.568165,12.000000,-0.099537,-0.216761,3.720265,-21.860140,1.808597,16.953690,0.016777,1.568165,108.389481,-0.099537,-0.216761,87.000000,87.000000,87.000000,87.000000,12.000000,12.000000,12.000000,200.000000,200.000000,0.000000,0.000000,0.000000,0.000000,0.000000,0.000000,0.000000,0.000000,0.000000
61,2.041047,0.686059,-1.564058,1.286459,0.938147,-0.914189,7.090878,1.010829,0.041223,-0.778312,-2.443196,0.484330,2.535933,2.897300,0.000070,0.000092,0.032651,-0.120678,-0.010085,0.099758,-0.382651,0.356571,-0.000020,0.000053,0.000056,0.573504,1.140358,-0.254138,5.367164,3.450689,-3.696577,0.005980,-0.026085,0.030305,0.696234,-20.862385,-0.281290,22.017515,-0.054522,2.461473,12.000000,-0.195619,-0.130932,0.696234,-20.862385,-0.281290,22.017515,-0.054522,2.461473,111.131676,-0.195619,-0.130932,87.000000,87.000000,87.000000,87.000000,12.000000,12.000000,12.000000,200.000000,200.000000,0.000000,0.000000,0.000000,0.000000,0.000000,0.000000,0.000000,0.000000,0.000000
62,2.089458,0.680631,-1.503310,1.174980,0.997149,-0.982953,7.072639,1.008796,0.038695,-0.773994,-2.443119,0.488311,2.534176,2.897300,0.000045,0.000112,0.003207,-0.208493,0.122179,0.079972,0.216227,-0.206156,-0.000041,0.000396,-0.000345,3.384966,-2.369878,-0.876874,-1.846560,0.344135,-1.749733,0.002579,0.028444,-0.033599,3.033701,-20.844110,1.416336,17.195406,0.249736,1.429315,12.000000,-0.084854,-0.245440,3.033701,-20.844110,1.416336,17.195406,0.249736,1.429315,110.401871,-0.084854,-0.245440,87.000000,87.000000,87.000000,87.000000,12.000000,12.000000,12.000000,200.000000,200.000000,0.000000,0.000000,0.000000,0.000000,0.000000,0.000000,0.000000,0.000000,0.000000
63,2.058060,0.693445,-1.532310,1.169066,1.008956,-0.990923,7.057907,1.010748,0.034291,-0.771619,-2.444606,0.495252,2.528740,2.897300,0.000050,0.000108,0.096258,-0.238530,0.064512,0.037359,0.185524,-0.199199,-0.000030,0.000521,-0.000418,1.085312,-0.740400,-0.142252,-1.263440,-3.555573,2.424536,0.000423,-0.000175,0.000365,1.245958,-19.807215,0.258161,17.222866,0.010826,1.780119,12.000000,-0.145254,-0.179437,1.245958,-19.807215,0.258161,17.222866,0.010826,1.780119,109.812393,-0.145254,-0.179437,87.000000,87.000000,87.000000,87.000000,12.000000,12.000000,12.000000,200.000000,200.000000,0.000000,0.000000,0.000000,0.000000,0.000000,0.000000,0.000000,0.000000,0.000000
64,1.911226,0.781580,-1.699511,1.243028,0.974748,-0.956594,7.083611,1.020893,0.033769,-0.780818,-2.443564,0.489824,2.529870,2.897299,0.000078,0.000084,0.211089,-0.011306,-0.248009,0.215590,-0.152168,0.016294,-0.000174,0.000574,-0.000518,-8.207301,6.058925,3.171384,5.216129,1.816976,1.472371,0.003995,-0.026561,0.022475,-6.276973,-16.457504,-4.670646,19.992584,0.274151,2.442784,12.000000,-0.243948,-0.091054,-6.276973,-16.457504,-4.670646,19.992584,0.274151,2.442784,110.841553,-0.243948,-0.091054,87.000000,87.000000,87.000000,87.000000,12.000000,12.000000,12.000000,200.000000,200.000000,0.000000,0.000000,0.000000,0.000000,0.000000,0.000000,0.000000,0.000000,0.000000
65,1.925831,0.741110,-1.673506,1.104020,0.974115,-1.005569,7.022087,1.021758,0.036041,-0.785427,-2.441718,0.485628,2.524913,2.897300,0.000065,0.000093,-0.016777,-0.037030,-0.121639,0.086384,-0.045035,-0.219446,-0.000037,0.000288,-0.000237,-3.294909,-0.781151,0.672360,-4.791866,3.219044,1.568951,0.000796,0.010941,-0.009868,-4.877049,-18.580889,-3.738014,14.057047,0.393033,1.502401,12.000000,-0.144351,-0.176324,-4.877049,-18.580889,-3.738014,14.057047,0.393033,1.502401,108.379639,-0.144351,-0.176324,87.000000,87.000000,87.000000,87.000000,12.000000,12.000000,12.000000,200.000000,200.000000,0.000000,0.000000,0.000000,0.000000,0.000000,0.000000,0.000000,0.000000,0.000000
66,2.016057,0.711649,-1.575763,1.104637,0.984387,-1.012698,7.052786,1.015204,0.036184,-0.783276,-2.445347,0.487280,2.520295,2.897300,0.000056,0.000101,-0.149611,-0.124790,0.042857,-0.077735,0.075942,-0.187745,-0.000035,0.000241,-0.000151,2.502969,-2.187357,-1.973918,-4.492611,-0.644581,1.400126,0.000462,0.009619,-0.006786,-0.056482,-19.617105,-0.592367,14.825887,0.126187,1.496694,12.000000,-0.124600,-0.193596,-0.056482,-19.617105,-0.592367,14.825887,0.126187,1.496694,109.607597,-0.124600,-0.193596,87.000000,87.000000,87.000000,87.000000,12.000000,12.000000,12.000000,200.000000,200.000000,0.000000,0.000000,0.000000,0.000000,0.000000,0.000000,0.000000,0.000000,0.000000
67,2.052454,0.701888,-1.556551,1.310496,0.967754,-0.923566,7.096065,1.011339,0.036790,-0.782764,-2.448522,0.485391,2.532182,2.897300,0.000072,0.000088,-0.072057,-0.033309,-0.007411,0.124463,-0.074444,0.291300,-0.000041,0.000192,-0.000150,1.240368,2.644833,-0.963997,7.844293,-0.877678,-3.983640,0.004990,-0.017855,0.016813,1.430688,-20.022051,0.325256,23.480589,-0.014194,2.537481,12.000000,-0.195893,-0.131032,1.430688,-20.022051,0.325256,23.480589,-0.014194,2.537481,111.339165,-0.195893,-0.131032,87.000000,87.000000,87.000000,87.000000,12.000000,12.000000,12.000000,200.000000,200.000000,0.000000,0.000000,0.000000,0.000000,0.000000,0.000000,0.000000,0.000000,0.000000
68,2.040656,0.696200,-1.523147,1.208711,0.986514,-0.950551,7.045232,1.003588,0.038100,-0.777065,-2.446826,0.487463,2.537638,2.897300,0.000058,0.000099,-0.156915,-0.070586,0.133977,0.166477,0.102818,0.022683,-0.000037,0.000217,-0.000169,4.338983,-0.986843,-2.915225,0.721047,-0.166790,-3.573872,0.000725,0.012797,-0.013677,1.980264,-20.462130,0.719397,18.756800,0.153519,1.742675,12.000000,-0.122468,-0.200075,1.980264,-20.462130,0.719397,18.756800,0.153519,1.742675,109.305466,-0.122468,-0.200075,87.000000,87.000000,87.000000,87.000000,12.000000,12.000000,12.000000,200.000000,200.000000,0.000000,0.000000,0.000000,0.000000,0.000000,0.000000,0.000000,0.000000,0.000000
69,2.113071,0.679989,-1.500099,1.241488,0.998004,-0.953231,7.080356,1.003849,0.038163,-0.776758,-2.443760,0.492432,2.538781,2.897300,0.000053,0.000104,0.062869,-0.114130,0.016920,0.214575,0.148034,-0.045578,-0.000033,0.000279,-0.000216,1.662421,-1.400957,1.312327,1.275292,-2.403516,-0.574811,-0.000012,0.004196,-0.003698,4.116323,-21.023251,2.171073,19.725758,-0.036245,1.901344,12.000000,-0.129161,-0.189923,4.116323,-21.023251,2.171073,19.725758,-0.036245,1.901344,110.710350,-0.129161,-0.189923,87.000000,87.000000,87.000000,87.000000,12.000000,12.000000,12.000000,200.000000,200.000000,0.000000,0.000000,0.000000,0.000000,0.000000,0.000000,0.000000,0.000000,0.000000
70,2.089500,0.791303,-1.490616,1.107628,1.009058,-0.991296,7.081228,1.002972,0.037906,-0.772505,-2.441566,0.497609,2.533960,2.897300,0.000046,0.000110,0.029268,-0.089170,0.121029,0.111394,0.157986,-0.207589,-0.000036,0.000379,-0.000278,2.834628,0.826658,-0.723550,-3.746128,-2.119228,1.628644,0.000713,0.007908,-0.006736,3.401171,-16.490364,1.815350,14.183851,-0.016439,1.319736,12.000000,-0.116543,-0.203156,3.401171,-16.490364,1.815350,14.183851,-0.016439,1.319736,110.745277,-0.116543,-0.203156,87.000000,87.000000,87.000000,87.000000,12.000000,12.000000,12.000000,200.000000,200.000000,0.000000,0.000000,0.000000,0.000000,0.000000,0.000000,0.000000,0.000000,0.000000
71,1.918617,0.705349,-1.704354,1.223883,0.947625,-0.931257,7.112532,1.015303,0.039075,-0.783595,-2.441020,0.485225,2.539168,2.897300,0.000071,0.000090,0.282299,-0.044020,-0.287233,0.140772,-0.346692,0.134075,-0.000075,0.000392,-0.000267,-8.605801,0.846035,5.083553,1.663705,4.500854,-0.405952,0.005063,-0.020559,0.023156,-5.751565,-20.141243,-4.423416,19.019472,0.222562,2.295504,12.000000,-0.210475,-0.118254,-5.751565,-20.141243,-4.423416,19.019472,0.222562,2.295504,111.998024,-0.210475,-0.118254,87.000000,87.000000,87.000000,87.000000,12.000000,12.000000,12.000000,200.000000,200.000000,0.000000,0.000000,0.000000,0.000000,0.000000,0.000000,0.000000,0.000000,0.000000
72,2.099511,0.680861,-1.488751,1.101102,1.014498,-1.021347,7.048482,1.010335,0.037312,-0.776340,-2.442295,0.493081,2.528861,2.897300,0.000040,0.000117,-0.071603,-0.219856,0.211553,-0.032720,0.320222,-0.423416,-0.000039,0.000449,-0.000262,5.663105,-4.498953,-2.320913,-6.523823,-1.329741,1.694743,0.003641,0.038328,-0.032196,3.642354,-20.816782,1.865163,14.206227,0.192385,1.092211,12.000000,-0.062929,-0.257687,3.642354,-20.816782,1.865163,14.206227,0.192385,1.092211,109.435631,-0.062929,-0.257687,87.000000,87.000000,87.000000,87.000000,12.000000,12.000000,12.000000,200.000000,200.000000,0.000000,0.000000,0.000000,0.000000,0.000000,0.000000,0.000000,0.000000,0.000000
73,2.007188,0.720585,-1.569709,1.258667,0.973246,-0.950538,7.058064,1.010937,0.035073,-0.773654,-2.445063,0.490170,2.530951,2.897300,0.000067,0.000093,0.048034,-0.111834,0.049173,0.091244,-0.124515,0.068986,-0.000079,0.000374,-0.000390,0.309823,3.094699,-1.358844,4.876943,-0.562354,1.222305,0.005115,-0.033004,0.021747,-0.718880,-18.902586,-1.105008,21.049404,-0.028246,2.448346,12.000000,-0.221639,-0.120344,-0.718880,-18.902586,-1.105008,21.049404,-0.028246,2.448346,109.819366,-0.221639,-0.120344,87.000000,87.000000,87.000000,87.000000,12.000000,12.000000,12.000000,200.000000,200.000000,0.000000,0.000000,0.000000,0.000000,0.000000,0.000000,0.000000,0.000000,0.000000
74,1.875439,0.741393,-1.720363,1.244884,0.942127,-0.925252,7.099174,1.018511,0.037187,-0.782351,-2.443012,0.478395,2.539088,2.897300,0.000082,0.000081,0.141466,0.027808,-0.242508,0.228854,-0.279605,0.162614,-0.000131,0.000380,-0.000269,-7.777402,3.557573,2.580896,4.164430,5.423505,-2.611669,0.003143,-0.010908,0.015430,-7.310823,-18.584694,-5.427474,19.927626,0.430545,2.333831,12.000000,-0.215529,-0.111552,-7.310823,-18.584694,-5.427474,19.927626,0.430545,2.333831,111.463860,-0.215529,-0.111552,87.000000,87.000000,87.000000,87.000000,12.000000,12.000000,12.000000,200.000000,200.000000,0.000000,0.000000,0.000000,0.000000,0.000000,0.000000,0.000000,0.000000,0.000000
75,2.081405,0.696401,-1.524503,1.141056,1.021292,-1.011866,7.043003,1.014219,0.038817,-0.779608,-2.440230,0.490812,2.530044,2.897300,0.000051,0.000107,-0.077913,-0.100692,0.086550,0.117353,0.432889,-0.388079,-0.000038,0.000481,-0.000290,3.137759,-3.488958,-0.835107,-4.771542,-3.610528,1.529953,0.003526,0.040738,-0.034071,2.478397,-20.575054,1.116125,15.339863,0.215515,1.273989,12.000000,-0.082184,-0.239656,2.478397,-20.575054,1.116125,15.339863,0.215515,1.273989,109.216454,-0.082184,-0.239656,87.000000,87.000000,87.000000,87.000000,12.000000,12.000000,12.000000,200.000000,200.000000,0.000000,0.000000,0.000000,0.000000,0.000000,0.000000,0.000000,0.000000,0.000000
76,2.077455,0.681676,-1.513589,1.240346,0.994191,-0.959131,7.081449,1.010447,0.037881,-0.774877,-2.440155,0.494620,2.531494,2.897300,0.000061,0.000097,-0.040704,-0.135067,0.112018,0.121114,0.042814,0.034244,-0.000027,0.000135,-0.000173,3.533845,-0.796062,-1.826138,1.327380,-3.754925,0.853311,0.001059,-0.021643,0.013251,2.549112,-20.843792,1.045980,19.641556,-0.172362,2.129670,12.000000,-0.177256,-0.154948,2.549112,-20.843792,1.045980,19.641556,-0.172362,2.129670,110.754150,-0.177256,-0.154948,87.000000,87.000000,87.000000,87.000000,12.000000,12.000000,12.000000,200.000000,200.000000,0.000000,0.000000,0.000000,0.000000,0.000000,0.000000,0.000000,0.000000,0.000000
77,1.912614,0.789281,-1.683532,1.098404,0.990276,-1.012405,7.080843,1.016160,0.038074,-0.781995,-2.440238,0.492213,2.523970,2.897299,0.000062,0.000097,0.112394,-0.057528,-0.195922,0.046925,-0.014460,-0.280626,-0.000083,0.000568,-0.000462,-5.903982,1.847144,2.424709,-3.652193,2.338959,3.100333,-0.001764,0.004098,-0.003405,-5.451591,-16.611673,-4.114642,13.885225,0.380219,1.554526,12.000000,-0.165331,-0.159597,-5.451591,-16.611673,-4.114642,13.885225,0.380219,1.554526,110.729965,-0.165331,-0.159597,87.000000,87.000000,87.000000,87.000000,12.000000,12.000000,12.000000,200.000000,200.000000,0.000000,0.000000,0.000000,0.000000,0.000000,0.000000,0.000000,0.000000,0.000000
78,2.030721,0.716608,-1.606686,1.204771,0.983195,-0.980766,7.096835,1.017944,0.039285,-0.786866,-2.442476,0.490811,2.524103,2.897300,0.000065,0.000093,0.042137,-0.055392,-0.120398,0.045261,-0.025751,-0.030084,-0.000027,0.000218,-0.000192,-2.005351,0.103158,1.881080,0.801063,-0.003140,0.495238,0.001275,-0.005399,0.004677,-0.460623,-19.720203,-0.883620,18.576508,0.097865,2.002451,12.000000,-0.164148,-0.157801,-0.460623,-19.720203,-0.883620,18.576508,0.097865,2.002451,111.369606,-0.164148,-0.157801,87.000000,87.000000,87.000000,87.000000,12.000000,12.000000,12.000000,200.000000,200.000000,0.000000,0.000000,0.000000,0.000000,0.000000,0.000000,0.000000,0.000000,0.000000
79,2.112999,0.689693,-1.479719,1.261041,0.974024,-0.927787,7.088629,1.009295,0.039875,-0.778661,-2.443796,0.488922,2.536306,2.897300,0.000062,0.000096,-0.155981,-0.082644,0.204572,0.113687,-0.051888,0.261030,-0.000032,-0.000029,0.000086,6.508732,-0.335437,-3.674751,3.548069,-0.224017,-5.390903,-0.001704,-0.000753,0.005535,4.539304,-20.795246,2.351831,20.908096,-0.064879,2.032802,12.000000,-0.134369,-0.180203,4.539304,-20.795246,2.351831,20.908096,-0.064879,2.032802,111.041183,-0.134369,-0.180203,87.000000,87.000000,87.000000,87.000000,12.000000,12.000000,12.000000,200.000000,200.000000,0.000000,0.000000,0.000000,0.000000,0.000000,0.000000,0.000000,0.000000,0.000000
80,1.959691,0.716456,-1.591039,1.174144,1.002470,-0.966116,7.040071,1.006055,0.040199,-0.775198,-2.442941,0.492180,2.536603,2.897300,0.000056,0.000102,-0.060118,-0.089154,0.063424,0.116674,0.143341,-0.113317,-0.000034,0.000498,-0.000411,0.885459,-0.302571,-2.095172,-0.915986,-0.332892,-1.348343,0.001452,0.011018,-0.013502,-1.912060,-19.731401,-1.909035,17.102909,0.299497,1.690072,12.000000,-0.137859,-0.189276,-1.912060,-19.731401,-1.909035,17.102909,0.299497,1.690072,109.099091,-0.137859,-0.189276,87.000000,87.000000,87.000000,87.000000,12.000000,12.000000,12.000000,200.000000,200.000000,0.000000,0.000000,0.000000,0.000000,0.000000,0.000000,0.000000,0.000000,0.000000
81,2.047576,0.663521,-1.535909,1.248405,0.986066,-0.936683,7.085509,1.004960,0.039457,-0.773644,-2.442101,0.492203,2.540733,2.897300,0.000059,0.000099,0.013995,-0.138493,0.035361,0.150953,-0.006316,0.063236,-0.000032,0.000192,-0.000152,1.563977,-1.380066,-0.290391,1.689960,-0.868889,-1.274364,-0.001010,-0.006907,0.007244,1.532756,-21.719437,0.348845,20.062460,-0.003487,2.083192,12.000000,-0.152742,-0.167108,1.532756,-21.719437,0.348845,20.062460,-0.003487,2.083192,110.916412,-0.152742,-0.167108,87.000000,87.000000,87.000000,87.000000,12.000000,12.000000,12.000000,200.000000,200.000000,0.000000,0.000000,0.000000,0.000000,0.000000,0.000000,0.000000,0.000000,0.000000
82,1.967356,0.717231,-1.639077,1.173187,0.962720,-0.961215,7.099007,1.011101,0.038238,-0.780521,-2.440414,0.485176,2.539250,2.897300,0.000060,0.000098,0.145116,-0.131513,-0.175496,0.132926,-0.144885,-0.111115,-0.000036,0.000391,-0.000305,-4.467992,-0.114682,3.097763,-1.386570,3.960742,0.802347,-0.000143,0.000641,-0.000559,-2.862601,-19.420843,-2.470280,16.791115,0.275243,1.799468,12.000000,-0.155539,-0.168464,-2.862601,-19.420843,-2.470280,16.791115,0.275243,1.799468,111.456421,-0.155539,-0.168464,87.000000,87.000000,87.000000,87.000000,12.000000,12.000000,12.000000,200.000000,200.000000,0.000000,0.000000,0.000000,0.000000,0.000000,0.000000,0.000000,0.000000,0.000000
83,2.130718,0.787009,-1.473845,1.164968,0.987315,-0.956120,7.090134,1.008014,0.037832,-0.776287,-2.440184,0.488447,2.540835,2.897300,0.000054,0.000103,-0.026759,-0.076131,0.122629,0.103539,0.123967,-0.032076,-0.000032,0.000236,-0.000185,3.906572,1.920699,-1.152310,-0.309267,-1.631613,-1.298876,0.000026,0.007095,-0.005995,4.857850,-16.628782,2.759068,16.583067,-0.035919,1.545275,12.000000,-0.122798,-0.194904,4.857850,-16.628782,2.759068,16.583067,-0.035919,1.545275,111.101471,-0.122798,-0.194904,87.000000,87.000000,87.000000,87.000000,12.000000,12.000000,12.000000,200.000000,200.000000,0.000000,0.000000,0.000000,0.000000,0.000000,0.000000,0.000000,0.000000,0.000000
84,2.021200,0.766884,-1.571191,1.145218,1.013077,-0.985692,7.099105,1.010379,0.039176,-0.776354,-2.440471,0.495409,2.534720,2.897300,0.000054,0.000104,0.081460,-0.037757,-0.001854,0.066710,0.214447,-0.244873,-0.000035,0.000576,-0.000438,-0.983241,0.962366,0.649597,-1.911810,-2.700283,2.198391,0.001037,0.005825,-0.004529,-0.282100,-17.698294,-0.691948,15.823338,0.138624,1.614219,12.000000,-0.146497,-0.177850,-0.282100,-17.698294,-0.691948,15.823338,0.138624,1.614219,111.460411,-0.146497,-0.177850,87.000000,87.000000,87.000000,87.000000,12.000000,12.000000,12.000000,200.000000,200.000000,0.000000,0.000000,0.000000,0.000000,0.000000,0.000000,0.000000,0.000000,0.000000
85,1.966304,0.705929,-1.646582,1.231317,0.994885,-0.967589,7.102175,1.016145,0.041529,-0.781683,-2.440753,0.495139,2.531819,2.897300,0.000067,0.000093,0.134507,-0.016945,-0.138278,0.116776,-0.013041,-0.102992,-0.000079,0.000435,-0.000393,-4.369860,0.338295,2.370999,1.499495,-0.448128,2.431624,0.001841,-0.013474,0.009835,-3.276576,-20.415234,-2.816303,19.350842,0.158021,2.215008,12.000000,-0.193092,-0.136058,-3.276576,-20.415234,-2.816303,19.350842,0.158021,2.215008,111.583504,-0.193092,-0.136058,87.000000,87.000000,87.000000,87.000000,12.000000,12.000000,12.000000,200.000000,200.000000,0.000000,0.000000,0.000000,0.000000,0.000000,0.000000,0.000000,0.000000,0.000000
86,2.044144,0.607005,-1.563522,1.222423,1.008092,-0.968352,7.088655,1.015019,0.040689,-0.779764,-2.441526,0.498049,2.531979,2.897300,0.000056,0.000101,0.006413,-0.198123,0.055913,0.057367,0.100610,-0.067017,-0.000034,0.000170,-0.000121,1.837129,-4.919634,-0.463191,-1.255414,-1.499790,-0.598929,0.000103,0.009667,-0.006874,0.624655,-24.122347,-0.328355,19.057966,0.096575,1.896973,12.000000,-0.120369,-0.194625,0.624655,-24.122347,-0.328355,19.057966,0.096575,1.896973,111.042320,-0.120369,-0.194625,87.000000,87.000000,87.000000,87.000000,12.000000,12.000000,12.000000,200.000000,200.000000,0.000000,0.000000,0.000000,0.000000,0.000000,0.000000,0.000000,0.000000,0.000000
87,1.925069,0.738793,-1.718491,1.172480,0.958793,-0.983644,7.111701,1.023722,0.038722,-0.790643,-2.442209,0.487276,2.528020,2.897300,0.000069,0.000091,0.180420,-0.126525,-0.288547,0.079035,-0.261234,-0.145617,-0.000097,0.000508,-0.000409,-7.546110,1.583517,4.082443,-0.273928,5.448165,2.829730,0.001355,-0.008845,0.008078,-5.834105,-18.513739,-4.478647,17.113108,0.342563,2.012688,12.000000,-0.194730,-0.133545,-5.834105,-18.513739,-4.478647,17.113108,0.342563,2.012688,111.964531,-0.194730,-0.133545,87.000000,87.000000,87.000000,87.000000,12.000000,12.000000,12.000000,200.000000,200.000000,0.000000,0.000000,0.000000,0.000000,0.000000,0.000000,0.000000,0.000000,0.000000
88,2.002641,0.780402,-1.633229,1.175567,0.985303,-0.980803,7.081107,1.022296,0.039171,-0.793464,-2.442861,0.487427,2.527479,2.897299,0.000068,0.000091,-0.053147,-0.037598,-0.079531,0.095215,0.060545,-0.080996,-0.000061,0.000361,-0.000300,-1.299385,2.684973,-0.148040,0.775340,0.305633,-0.042485,-0.000382,0.002302,-0.001759,-1.636963,-17.059038,-1.642946,17.305143,0.248004,1.828796,12.000000,-0.167095,-0.155377,-1.636963,-17.059038,-1.642946,17.305143,0.248004,1.828796,110.740501,-0.167095,-0.155377,87.000000,87.000000,87.000000,87.000000,12.000000,12.000000,12.000000,200.000000,200.000000,0.000000,0.000000,0.000000,0.000000,0.000000,0.000000,0.000000,0.000000,0.000000
89,2.169934,0.639415,-1.446125,1.157568,1.026557,-1.021039,7.022870,1.011555,0.036978,-0.783491,-2.445316,0.499180,2.520494,2.897300,0.000044,0.000113,-0.183157,-0.248810,0.263985,-0.033755,0.345014,-0.285720,-0.000036,0.000291,-0.000096,9.017640,-5.497404,-3.573525,-4.088562,-4.949761,1.565181,0.001946,0.031257,-0.021355,6.851583,-22.427456,3.929377,16.847084,-0.094891,1.407975,12.000000,-0.070172,-0.242708,6.851583,-22.427456,3.929377,16.847084,-0.094891,1.407975,108.411057,-0.070172,-0.242708,87.000000,87.000000,87.000000,87.000000,12.000000,12.000000,12.000000,200.000000,200.000000,0.000000,0.000000,0.000000,0.000000,0.000000,0.000000,0.000000,0.000000,0.000000
90,2.067747,0.756376,-1.545567,1.272564,0.986495,-0.959504,7.052377,1.011486,0.034897,-0.781512,-2.446839,0.496912,2.524748,2.897300,0.000067,0.000093,0.041747,-0.082148,0.033709,0.154557,-0.107371,0.113198,-0.000060,0.000293,-0.000294,0.906489,4.641776,-0.674972,6.438465,-0.701016,0.230399,0.005144,-0.032227,0.023374,1.710165,-17.447439,0.569521,21.668056,-0.089448,2.409191,12.000000,-0.214671,-0.122566,1.710165,-17.447439,0.569521,21.668056,-0.089448,2.409191,109.591789,-0.214671,-0.122566,87.000000,87.000000,87.000000,87.000000,12.000000,12.000000,12.000000,200.000000,200.000000,0.000000,0.000000,0.000000,0.000000,0.000000,0.000000,0.000000,0.000000,0.000000
91,1.980884,0.734778,-1.601930,1.194280,0.970414,-0.937421,7.079337,1.011612,0.036076,-0.780426,-2.445041,0.489751,2.535501,2.897300,0.000067,0.000093,0.014396,-0.038029,0.015816,0.173284,-0.166187,0.210929,-0.000028,0.000114,-0.000025,-0.537898,1.270944,-0.875374,1.211185,2.987527,-4.771590,0.000713,-0.001636,0.006617,-1.786737,-18.715729,-1.732786,18.044989,0.213679,1.878873,12.000000,-0.155292,-0.165447,-1.786737,-18.715729,-1.732786,18.044989,0.213679,1.878873,110.669624,-0.155292,-0.165447,87.000000,87.000000,87.000000,87.000000,12.000000,12.000000,12.000000,200.000000,200.000000,0.000000,0.000000,0.000000,0.000000,0.000000,0.000000,0.000000,0.000000,0.000000
92,2.051647,0.764992,-1.556475,1.169599,0.982321,-0.963685,7.096203,1.012153,0.038698,-0.780231,-2.442292,0.488472,2.537278,2.897300,0.000056,0.000102,0.037152,0.000804,0.010186,0.177304,0.029712,-0.062201,-0.000033,0.000289,-0.000246,0.088528,0.962219,0.505549,-0.678183,1.629423,-1.700745,0.000922,0.009914,-0.011973,0.973015,-17.838079,0.166378,16.720356,0.203120,1.579778,12.000000,-0.127280,-0.197255,0.973015,-17.838079,0.166378,16.720356,0.203120,1.579778,111.344276,-0.127280,-0.197255,87.000000,87.000000,87.000000,87.000000,12.000000,12.000000,12.000000,200.000000,200.000000,0.000000,0.000000,0.000000,0.000000,0.000000,0.000000,0.000000,0.000000,0.000000
93,2.113187,0.749039,-1.494834,1.135876,1.010825,-0.991836,7.097983,1.011067,0.040976,-0.776102,-2.441454,0.495574,2.532471,2.897300,0.000046,0.000111,0.029236,-0.044936,0.120767,0.075788,0.222748,-0.214337,-0.000035,0.000368,-0.000261,3.005173,-1.191449,-0.350047,-3.381641,-2.924580,1.235649,0.001087,0.013207,-0.010305,3.708497,-18.659492,1.958948,15.420558,0.001224,1.411985,12.000000,-0.106381,-0.211097,3.708497,-18.659492,1.958948,15.420558,0.001224,1.411985,111.415543,-0.106381,-0.211097,87.000000,87.000000,87.000000,87.000000,12.000000,12.000000,12.000000,200.000000,200.000000,0.000000,0.000000,0.000000,0.000000,0.000000,0.000000,0.000000,0.000000,0.000000
94,1.932633,0.671845,-1.671450,1.164899,0.951937,-0.964029,7.090581,1.017760,0.041384,-0.780855,-2.443944,0.485313,2.532507,2.897300,0.000062,0.000097,0.164273,-0.117470,-0.129692,-0.009041,-0.286936,-0.018813,-0.000027,0.000403,-0.000319,-4.516247,-2.248941,2.202826,-2.103204,3.948428,1.142826,0.002996,-0.011228,0.011190,-4.839746,-21.646935,-3.909841,17.078585,0.201065,2.010191,12.000000,-0.178447,-0.148135,-4.839746,-21.646935,-3.909841,17.078585,0.201065,2.010191,111.119614,-0.178447,-0.148135,87.000000,87.000000,87.000000,87.000000,12.000000,12.000000,12.000000,200.000000,200.000000,0.000000,0.000000,0.000000,0.000000,0.000000,0.000000,0.000000,0.000000,0.000000
95,1.960775,0.720782,-1.655453,1.214557,0.955946,-0.969341,7.107924,1.020912,0.041565,-0.784828,-2.445947,0.478954,2.531236,2.897300,0.000067,0.000092,0.062285,-0.067352,-0.107321,0.076242,-0.097382,-0.108143,-0.000091,0.000495,-0.000430,-3.295029,1.330363,1.015045,2.115036,3.897664,0.424764,-0.000698,-0.002644,0.001030,-3.624306,-19.632298,-3.079941,19.240160,0.376755,2.085762,12.000000,-0.181141,-0.146395,-3.624306,-19.632298,-3.079941,19.240160,0.376755,2.085762,111.813309,-0.181141,-0.146395,87.000000,87.000000,87.000000,87.000000,12.000000,12.000000,12.000000,200.000000,200.000000,0.000000,0.000000,0.000000,0.000000,0.000000,0.000000,0.000000,0.000000,0.000000
96,1.984514,0.722090,-1.631169,1.302028,0.979170,-0.933228,7.081436,1.019876,0.044205,-0.786269,-2.443760,0.481857,2.536601,2.897299,0.000076,0.000083,-0.033072,0.026245,-0.056594,0.263943,0.100609,0.089136,-0.000108,0.000410,-0.000349,-1.509678,2.579733,-0.559539,6.238222,-1.781162,-1.766648,0.001738,-0.006425,0.006824,-2.236634,-19.967922,-2.217921,22.299772,0.217227,2.453688,12.000000,-0.200072,-0.124887,-2.236634,-19.967922,-2.217921,22.299772,0.217227,2.453688,110.754028,-0.200072,-0.124887,87.000000,87.000000,87.000000,87.000000,12.000000,12.000000,12.000000,200.000000,200.000000,0.000000,0.000000,0.000000,0.000000,0.000000,0.000000,0.000000,0.000000,0.000000
97,2.006739,0.706180,-1.595405,1.110383,1.019353,-1.014097,7.040840,1.015487,0.045781,-0.785113,-2.440681,0.492840,2.527762,2.897300,0.000055,0.000103,-0.095826,-0.108889,0.020653,0.100350,0.339433,-0.351191,-0.000036,0.000431,-0.000248,1.326718,-3.837343,-0.944738,-6.273852,-3.797148,2.429087,0.002640,0.026677,-0.020299,-0.669672,-20.737509,-1.104911,14.109656,0.206704,1.325194,12.000000,-0.109225,-0.210899,-0.669672,-20.737509,-1.104911,14.109656,0.206704,1.325194,109.129898,-0.109225,-0.210899,87.000000,87.000000,87.000000,87.000000,12.000000,12.000000,12.000000,200.000000,200.000000,0.000000,0.000000,0.000000,0.000000,0.000000,0.000000,0.000000,0.000000,0.000000
98,2.113886,0.710111,-1.496261,1.174458,0.981408,-0.981609,7.061946,1.009507,0.043943,-0.780238,-2.442565,0.492819,2.527123,2.897300,0.000056,0.000102,-0.085864,-0.177152,0.118045,0.016373,-0.039991,-0.032913,-0.000029,0.000019,-0.000041,5.032653,-1.631059,-1.807987,-1.563354,-1.453372,1.240368,-0.001567,-0.012703,0.006697,4.283866,-20.125692,2.157239,17.314169,-0.184786,1.778923,12.000000,-0.145052,-0.181776,4.283866,-20.125692,2.157239,17.314169,-0.184786,1.778923,109.973854,-0.145052,-0.181776,87.000000,87.000000,87.000000,87.000000,12.000000,12.000000,12.000000,200.000000,200.000000,0.000000,0.000000,0.000000,0.000000,0.000000,0.000000,0.000000,0.000000,0.000000
99,2.078011,0.770919,-1.522210,1.198683,0.955580,-0.947913,7.081610,1.007899,0.042776,-0.777361,-2.444696,0.485267,2.534233,2.897300,0.000060,0.000098,0.009207,-0.089124,0.064401,0.071094,-0.187271,0.134843,-0.000029,0.000167,-0.000095,2.160437,2.585596,-0.841282,2.326659,2.936908,-2.766929,-0.000363,-0.006045,0.008979,2.561158,-17.593546,1.086091,18.530937,0.031574,1.879906,12.000000,-0.151802,-0.167413,2.561158,-17.593546,1.086091,18.530937,0.031574,1.879906,110.760498,-0.151802,-0.167413,87.000000,87.000000,87.000000,87.000000,12.000000,12.000000,12.000000,200.000000,200.000000,0.000000,0.000000,0.000000,0.000000,0.000000,0.000000,0.000000,0.000000,0.000000
100,2.005574,0.622884,-1.592973,1.239739,0.978780,-0.978056,6.994816,1.010521,0.041097,-0.778084,-2.444424,0.484646,2.530948,2.897300,0.000053,0.000104,0.092324,-0.195421,-0.016081,0.119533,0.057265,-0.191821,-0.000035,0.000488,-0.000395,-0.702791,-3.186756,0.951064,0.436127,1.645810,0.595283,0.001409,0.010669,-0.011967,-0.932879,-23.426977,-1.367256,19.915133,0.298530,1.987257,12.000000,-0.133379,-0.192499,-0.932879,-23.426977,-1.367256,19.915133,0.298530,1.987257,107.288879,-0.133379,-0.192499,87.000000,87.000000,87.000000,87.000000,12.000000,12.000000,12.000000,200.000000,200.000000,0.000000,0.000000,0.000000,0.000000,0.000000,0.000000,0.000000,0.000000,0.000000
101,2.087543,0.805950,-1.515660,1.185440,0.954852,-0.955373,7.087321,1.010705,0.040095,-0.775468,-2.443397,0.481044,2.534667,2.897300,0.000061,0.000098,0.046272,-0.062926,0.069538,0.158745,-0.096638,0.063672,-0.000027,0.000218,-0.000164,1.629038,3.913372,-0.592312,1.821398,0.787771,-0.793655,0.001443,-0.010988,0.011480,2.590120,-15.972061,1.195548,17.634466,-0.024421,1.851024,12.000000,-0.164037,-0.158134,2.590120,-15.972061,1.195548,17.634466,-0.024421,1.851024,110.989052,-0.164037,-0.158134,87.000000,87.000000,87.000000,87.000000,12.000000,12.000000,12.000000,200.000000,200.000000,0.000000,0.000000,0.000000,0.000000,0.000000,0.000000,0.000000,0.000000,0.000000
102,1.992042,0.763951,-1.575100,1.204812,1.001649,-0.945204,7.055063,1.010907,0.042550,-0.772388,-2.440839,0.488097,2.539293,2.897300,0.000062,0.000096,0.026255,0.014247,0.065760,0.203933,0.223945,0.028977,-0.000055,0.000457,-0.000396,-0.129407,2.194003,-1.425793,1.629158,-3.217386,-2.733046,-0.000756,0.003797,-0.005738,-1.295270,-18.152016,-1.463563,18.074713,0.210361,1.859327,12.000000,-0.159700,-0.166591,-1.295270,-18.152016,-1.463563,18.074713,0.210361,1.859327,109.698730,-0.159700,-0.166591,87.000000,87.000000,87.000000,87.000000,12.000000,12.000000,12.000000,200.000000,200.000000,0.000000,0.000000,0.000000,0.000000,0.000000,0.000000,0.000000,0.000000,0.000000
103,2.009840,0.738257,-1.595294,1.132482,1.005486,-0.986754,7.087811,1.015446,0.045466,-0.775223,-2.438871,0.493529,2.534144,2.897300,0.000056,0.000102,0.125787,-0.030754,-0.067505,0.099486,0.162080,-0.221876,-0.000035,0.000384,-0.000291,-2.550961,-1.517739,2.088917,-4.063227,-2.071479,1.811330,0.001084,0.007206,-0.005618,-1.354334,-19.505497,-1.483791,14.977232,0.159091,1.535489,12.000000,-0.136150,-0.184162,-1.354334,-19.505497,-1.483791,14.977232,0.159091,1.535489,111.008629,-0.136150,-0.184162,87.000000,87.000000,87.000000,87.000000,12.000000,12.000000,12.000000,200.000000,200.000000,0.000000,0.000000,0.000000,0.000000,0.000000,0.000000,0.000000,0.000000,0.000000
104,1.954553,0.601320,-1.680672,1.278740,0.974333,-0.947589,7.096262,1.023016,0.045590,-0.783044,-2.438574,0.489136,2.534909,2.897300,0.000067,0.000092,0.177049,-0.146582,-0.201252,0.130127,-0.124803,-0.002228,-0.000053,0.000306,-0.000259,-5.375886,-3.555996,3.431918,1.444434,1.209277,0.895419,0.002537,-0.013050,0.011408,-4.469829,-24.800314,-3.838985,21.035442,0.205838,2.414684,12.000000,-0.185381,-0.140443,-4.469829,-24.800314,-3.838985,21.035442,0.205838,2.414684,111.346931,-0.185381,-0.140443,87.000000,87.000000,87.000000,87.000000,12.000000,12.000000,12.000000,200.000000,200.000000,0.000000,0.000000,0.000000,0.000000,0.000000,0.000000,0.000000,0.000000,0.000000
105,1.979352,0.716582,-1.640316,1.164351,0.962359,-0.969917,7.083464,1.023249,0.043317,-0.785585,-2.438469,0.483205,2.534384,2.897300,0.000062,0.000095,-0.003040,-0.173503,-0.072433,0.074419,-0.108611,-0.089726,-0.000035,0.000281,-0.000220,-1.414561,-0.654815,0.091355,-1.978595,3.397174,-0.066759,0.000015,0.004693,-0.003903,-2.787169,-19.771227,-2.558787,16.404469,0.291844,1.733811,12.000000,-0.147324,-0.173685,-2.787169,-19.771227,-2.558787,16.404469,0.291844,1.733811,110.834717,-0.147324,-0.173685,87.000000,87.000000,87.000000,87.000000,12.000000,12.000000,12.000000,200.000000,200.000000,0.000000,0.000000,0.000000,0.000000,0.000000,0.000000,0.000000,0.000000,0.000000
106,2.033119,0.744417,-1.567759,1.164909,1.015228,-1.004668,7.037449,1.017792,0.040841,-0.782385,-2.439559,0.492474,2.526670,2.897300,0.000057,0.000102,-0.115615,-0.159148,0.066792,0.052165,0.305842,-0.297353,-0.000041,0.000654,-0.000449,2.422257,0.634848,-2.343953,-1.286004,-3.304090,2.383173,0.001713,0.018899,-0.012843,0.321867,-18.424553,-0.426092,16.612783,0.188162,1.646752,12.000000,-0.138062,-0.184808,0.321867,-18.424553,-0.426092,16.612783,0.188162,1.646752,108.994247,-0.138062,-0.184808,87.000000,87.000000,87.000000,87.000000,12.000000,12.000000,12.000000,200.000000,200.000000,0.000000,0.000000,0.000000,0.000000,0.000000,0.000000,0.000000,0.000000,0.000000
107,2.168721,0.735259,-1.421852,1.140076,0.995954,-0.972409,7.061766,1.008729,0.037635,-0.772151,-2.443953,0.496414,2.529993,2.897300,0.000053,0.000104,-0.135913,-0.202464,0.257090,-0.065068,0.062048,0.053890,-0.000030,-0.000056,0.000029,8.229478,-0.635114,-3.824295,-1.902875,-3.571872,-1.275099,-0.001524,-0.006069,0.002925,6.860421,-18.492157,3.994966,16.246311,-0.283305,1.541514,12.000000,-0.123577,-0.197288,6.860421,-18.492157,3.994966,16.246311,-0.283305,1.541514,109.966614,-0.123577,-0.197288,87.000000,87.000000,87.000000,87.000000,12.000000,12.000000,12.000000,200.000000,200.000000,0.000000,0.000000,0.000000,0.000000,0.000000,0.000000,0.000000,0.000000,0.000000
108,2.030142,0.707283,-1.601407,1.287718,0.986735,-0.945320,7.110337,1.016719,0.036329,-0.777918,-2.445566,0.493573,2.533728,2.897300,0.000066,0.000093,0.214892,-0.086646,-0.150218,0.151529,-0.057868,0.039566,-0.000086,0.000465,-0.000390,-4.385909,2.825379,3.354548,6.210926,1.211389,-0.913733,0.001513,-0.011278,0.009882,-0.979450,-19.617256,-1.227394,22.168976,0.173154,2.380192,12.000000,-0.189559,-0.137561,-0.979450,-19.617256,-1.227394,22.168976,0.173154,2.380192,111.909966,-0.189559,-0.137561,87.000000,87.000000,87.000000,87.000000,12.000000,12.000000,12.000000,200.000000,200.000000,0.000000,0.000000,0.000000,0.000000,0.000000,0.000000,0.000000,0.000000,0.000000
109,1.961846,0.709073,-1.678722,1.214797,0.988681,-0.978827,7.091134,1.024845,0.037239,-0.786570,-2.442379,0.491289,2.530223,2.897299,0.000066,0.000093,0.170604,-0.057302,-0.212352,0.212412,-0.007964,-0.168907,-0.000088,0.000480,-0.000404,-6.204073,0.492736,3.619741,0.675495,2.033313,1.683808,-0.001039,0.001652,-0.002839,-4.350520,-19.830091,-3.443527,18.518581,0.354749,2.018350,12.000000,-0.171748,-0.154712,-4.350520,-19.830091,-3.443527,18.518581,0.354749,2.018350,111.141640,-0.171748,-0.154712,87.000000,87.000000,87.000000,87.000000,12.000000,12.000000,12.000000,200.000000,200.000000,0.000000,0.000000,0.000000,0.000000,0.000000,0.000000,0.000000,0.000000,0.000000
110,2.051720,0.785891,-1.567601,1.204088,0.988796,-0.947865,7.085788,1.021557,0.039932,-0.784555,-2.438865,0.491851,2.535856,2.897300,0.000068,0.000090,-0.070597,0.029270,0.046467,0.227241,0.019922,0.104625,-0.000024,0.000151,-0.000106,1.376639,2.656580,-1.580923,1.371144,-1.125289,-1.987335,0.001738,-0.004698,0.006638,0.585058,-17.079866,-0.149318,17.808542,0.051132,1.875539,12.000000,-0.164439,-0.154877,0.585058,-17.079866,-0.149318,17.808542,0.051132,1.875539,110.927734,-0.164439,-0.154877,87.000000,87.000000,87.000000,87.000000,12.000000,12.000000,12.000000,200.000000,200.000000,0.000000,0.000000,0.000000,0.000000,0.000000,0.000000,0.000000,0.000000,0.000000
111,2.101422,0.689490,-1.530393,1.157508,1.013613,-0.995471,7.070195,1.019338,0.041575,-0.782131,-2.436458,0.497553,2.531132,2.897300,0.000048,0.000108,-0.007473,-0.106114,0.070402,0.107122,0.198869,-0.234185,-0.000038,0.000260,-0.000164,2.574341,-3.879989,0.024195,-4.522090,-1.680154,0.832303,0.001370,0.020362,-0.018244,2.648101,-21.080191,1.176181,15.736944,0.091536,1.400324,12.000000,-0.093012,-0.224694,2.648101,-21.080191,1.176181,15.736944,0.091536,1.400324,110.303986,-0.093012,-0.224694,87.000000,87.000000,87.000000,87.000000,12.000000,12.000000,12.000000,200.000000,200.000000,0.000000,0.000000,0.000000,0.000000,0.000000,0.000000,0.000000,0.000000,0.000000
112,2.024246,0.667680,-1.607289,1.186357,1.012076,-0.998096,7.059560,1.022110,0.039561,-0.783635,-2.437597,0.500505,2.524950,2.897300,0.000053,0.000105,0.092355,-0.194796,-0.040031,0.032457,0.081819,-0.208506,-0.000031,0.000455,-0.000361,-1.106725,-2.557877,1.053959,-2.260240,-1.625124,3.024955,0.000301,-0.003006,0.001527,-1.134987,-21.480207,-1.427683,17.309076,0.101111,1.856097,12.000000,-0.151243,-0.174929,-1.134987,-21.480207,-1.427683,17.309076,0.101111,1.856097,109.878548,-0.151243,-0.174929,87.000000,87.000000,87.000000,87.000000,12.000000,12.000000,12.000000,200.000000,200.000000,0.000000,0.000000,0.000000,0.000000,0.000000,0.000000,0.000000,0.000000,0.000000
113,2.022148,0.763372,-1.597371,1.124791,0.986929,-1.003870,7.081503,1.022516,0.036812,-0.783555,-2.441306,0.496172,2.521419,2.897300,0.000058,0.000100,0.022623,-0.156301,-0.003038,-0.044432,-0.101786,-0.137501,-0.000028,0.000363,-0.000300,-0.221204,1.273045,-0.396325,-2.235349,1.873320,1.856996,-0.000025,-0.004187,0.003637,-1.012364,-17.317108,-1.221740,15.348930,0.128743,1.654180,12.000000,-0.156998,-0.166674,-1.012364,-17.317108,-1.221740,15.348930,0.128743,1.654180,110.756241,-0.156998,-0.166674,87.000000,87.000000,87.000000,87.000000,12.000000,12.000000,12.000000,200.000000,200.000000,0.000000,0.000000,0.000000,0.000000,0.000000,0.000000,0.000000,0.000000,0.000000
114,1.991252,0.749925,-1.623327,1.261515,0.970784,-0.941497,7.109060,1.022474,0.037307,-0.784441,-2.443910,0.489566,2.529852,2.897300,0.000074,0.000086,-0.003184,-0.013349,-0.043486,0.111677,-0.163673,0.188379,-0.000086,0.000302,-0.000245,-1.517602,4.085614,-0.718596,5.773276,2.195611,-2.778793,0.003746,-0.016286,0.016692,-2.249770,-18.113611,-2.100539,21.067955,0.189851,2.346238,12.000000,-0.203767,-0.121909,-2.249770,-18.113611,-2.100539,21.067955,0.189851,2.346238,111.859055,-0.203767,-0.121909,87.000000,87.000000,87.000000,87.000000,12.000000,12.000000,12.000000,200.000000,200.000000,0.000000,0.000000,0.000000,0.000000,0.000000,0.000000,0.000000,0.000000,0.000000
115,2.057455,0.714219,-1.556653,1.152442,1.015254,-1.016049,7.034544,1.019055,0.038893,-0.782315,-2.443708,0.495567,2.522955,2.897300,0.000053,0.000105,-0.060878,-0.073772,0.056523,0.071094,0.243641,-0.314304,-0.000036,0.000432,-0.000293,1.931333,-1.748284,-0.787843,-2.755038,-0.877829,1.303099,0.002772,0.025088,-0.021999,1.019477,-19.840820,0.129358,16.311853,0.249249,1.467725,12.000000,-0.106510,-0.215309,1.019477,-19.840820,0.129358,16.311853,0.249249,1.467725,108.878029,-0.106510,-0.215309,87.000000,87.000000,87.000000,87.000000,12.000000,12.000000,12.000000,200.000000,200.000000,0.000000,0.000000,0.000000,0.000000,0.000000,0.000000,0.000000,0.000000,0.000000
116,2.047919,0.695405,-1.556470,1.229028,0.988391,-0.962721,7.080025,1.016157,0.039301,-0.779566,-2.444913,0.494985,2.526784,2.897300,0.000063,0.000095,-0.036992,-0.085013,0.056710,0.091033,-0.050678,0.087846,-0.000027,0.000152,-0.000153,1.914858,-0.181628,-1.376957,1.895727,-1.373545,-0.462349,0.002032,-0.016627,0.012454,0.807164,-20.506111,-0.119419,19.682693,-0.046846,2.144401,12.000000,-0.173660,-0.153091,0.807164,-20.506111,-0.119419,19.682693,-0.046846,2.144401,110.697304,-0.173660,-0.153091,87.000000,87.000000,87.000000,87.000000,12.000000,12.000000,12.000000,200.000000,200.000000,0.000000,0.000000,0.000000,0.000000,0.000000,0.000000,0.000000,0.000000,0.000000
117,1.956522,0.749213,-1.639873,1.228289,0.974471,-0.943791,7.082514,1.016851,0.041466,-0.781929,-2.443504,0.489337,2.533899,2.897299,0.000070,0.000089,0.007837,0.012001,-0.082897,0.192398,-0.124112,0.121046,-0.000069,0.000312,-0.000235,-2.585964,2.545964,0.056419,3.094659,2.569145,-2.745781,0.001847,-0.007008,0.008361,-3.283241,-18.629032,-2.809743,19.340342,0.275145,2.106203,12.000000,-0.182957,-0.141340,-3.283241,-18.629032,-2.809743,19.340342,0.275145,2.106203,110.796997,-0.182957,-0.141340,87.000000,87.000000,87.000000,87.000000,12.000000,12.000000,12.000000,200.000000,200.000000,0.000000,0.000000,0.000000,0.000000,0.000000,0.000000,0.000000,0.000000,0.000000
118,2.065848,0.673562,-1.551316,1.175675,1.009012,-0.997383,7.057174,1.014637,0.042650,-0.781383,-2.441305,0.494455,2.528885,2.897300,0.000051,0.000106,-0.025129,-0.117918,0.021662,0.122433,0.204604,-0.248332,-0.000040,0.000336,-0.000237,1.654720,-3.715842,0.277200,-3.128844,-1.015095,0.826485,0.001517,0.022166,-0.020250,1.594898,-21.761311,0.425155,16.891495,0.181137,1.539475,12.000000,-0.100527,-0.219101,1.594898,-21.761311,0.425155,16.891495,0.181137,1.539475,109.783203,-0.100527,-0.219101,87.000000,87.000000,87.000000,87.000000,12.000000,12.000000,12.000000,200.000000,200.000000,0.000000,0.000000,0.000000,0.000000,0.000000,0.000000,0.000000,0.000000,0.000000
119,2.078233,0.729925,-1.530837,1.152031,0.984534,-0.992543,7.070320,1.012498,0.041184,-0.778996,-2.442241,0.493408,2.525973,2.897300,0.000052,0.000105,-0.008805,-0.151941,0.059983,0.035907,-0.035518,-0.113286,-0.000030,0.000233,-0.000189,2.461647,-0.810277,-0.608852,-2.307276,-0.145539,1.811463,-0.000596,-0.005978,0.004276,2.267075,-19.133520,0.897341,16.296621,-0.039678,1.676680,12.000000,-0.140761,-0.181670,2.267075,-19.133520,0.897341,16.296621,-0.039678,1.676680,110.308846,-0.140761,-0.181670,87.000000,87.000000,87.000000,87.000000,12.000000,12.000000,12.000000,200.000000,200.000000,0.000000,0.000000,0.000000,0.000000,0.000000,0.000000,0.000000,0.000000,0.000000
120,2.036279,0.745748,-1.565481,1.250031,0.983647,-0.936509,7.085301,1.012913,0.041068,-0.777957,-2.442981,0.491657,2.534491,2.897300,0.000065,0.000094,0.038775,-0.051754,0.014142,0.146495,-0.042479,0.181287,-0.000037,0.000279,-0.000222,0.054817,2.898473,-0.516571,4.508950,-0.205174,-3.167437,0.002891,-0.012657,0.012797,0.292459,-18.545734,-0.445319,20.370935,0.078098,2.169235,12.000000,-0.178212,-0.145484,0.292459,-18.545734,-0.445319,20.370935,0.078098,2.169235,110.908409,-0.178212,-0.145484,87.000000,87.000000,87.000000,87.000000,12.000000,12.000000,12.000000,200.000000,200.000000,0.000000,0.000000,0.000000,0.000000,0.000000,0.000000,0.000000,0.000000,0.000000
121,1.313144,-1.339086,-1.873467,3.060927,-1.345802,-1.865362,3.444597,0.987645,0.019055,-0.762365,-2.397146,0.415975,2.447763,2.810295,0.000215,0.000088,-0.597156,-1.308079,0.238752,2.116422,-2.449861,-2.614836,-2.610669,0.010161,-0.001373,4.771785,-41.834293,-7.701642,36.987930,-12.674030,1.070924,0.068092,0.149121,0.281040,-24.751663,-87.000000,-14.877795,85.823952,-12.000000,-12.000000,-12.000000,-0.893590,0.410835,-24.751663,-99.422546,-14.877795,85.823952,-81.194313,-20.431595,-20.793037,-0.893590,0.410835,87.000000,87.000000,87.000000,87.000000,12.000000,12.000000,12.000000,200.000000,200.000000,0.000000,0.000000,0.000000,0.000000,0.000000,0.000000,0.000000,0.000000,0.000000
122,1.526103,-0.531073,-1.650326,2.276708,-1.745334,-2.134373,3.058888,0.955366,-0.037883,-0.739584,-2.327211,0.333629,2.360804,2.723295,0.000198,0.000242,-0.709456,-2.153134,0.441224,2.149048,-2.552712,-2.611952,-2.610220,0.000358,0.004199,21.502882,-17.185757,-20.294668,1.954365,-4.059605,-0.218067,-0.014191,-0.037826,-0.040273,-12.168072,-58.845173,-9.253843,46.782120,-12.000000,-12.000000,-12.000000,-0.535992,-0.810718,-12.168072,-58.845173,-9.253843,46.782120,-89.871300,-24.324833,-29.268185,-0.535992,-0.810718,87.000000,87.000000,87.000000,87.000000,12.000000,12.000000,12.000000,200.000000,200.000000,0.000000,0.000000,0.000000,0.000000,0.000000,0.000000,0.000000,0.000000,0.000000
123,1.643560,0.794627,-1.541510,1.257278,-1.574962,-2.496881,2.953726,0.932394,-0.095199,-0.727092,-2.262136,0.246495,2.273864,2.636293,0.000194,0.000309,-0.665839,-1.583524,0.287521,1.871638,-2.609395,-2.610663,-2.610093,0.002416,-0.000123,4.557273,15.641841,-8.264409,-10.483124,-0.567727,0.031443,0.002232,0.154446,-0.239222,-6.734463,-0.860921,-4.802848,0.773982,-12.000000,-12.000000,-12.000000,-0.335225,-1.004586,-6.734463,-0.860921,-4.802848,0.773982,-75.815674,-31.856791,-26.513939,-0.335225,-1.004586,87.000000,87.000000,87.000000,87.000000,12.000000,12.000000,12.000000,200.000000,200.000000,0.000000,0.000000,0.000000,0.000000,0.000000,0.000000,0.000000,0.000000,0.000000
124,1.714195,0.881667,-1.505322,1.151344,-1.364859,-2.593392,2.904299,0.915358,-0.137883,-0.724416,-2.214348,0.159623,2.188581,2.549289,0.000262,0.000210,-0.558979,-1.175067,0.080567,1.195353,-2.460413,-2.427443,-2.610023,0.004475,-0.004454,0.593655,11.411003,-4.402012,-20.174438,0.503325,-3.406491,0.003061,0.005533,-0.073936,-3.044266,4.653748,-2.831070,-6.038521,-12.000000,-12.000000,-12.000000,-0.903726,-0.209417,-3.044266,4.653748,-2.831070,-6.038521,-60.969353,-29.805775,-21.531099,-0.903726,-0.209417,87.000000,87.000000,87.000000,87.000000,12.000000,12.000000,12.000000,200.000000,200.000000,0.000000,0.000000,0.000000,0.000000,0.000000,0.000000,0.000000,0.000000,0.000000
125,1.918490,0.782725,-1.278753,1.271248,-1.128024,-2.565874,2.904723,0.896090,-0.171299,-0.719703,-2.188861,0.071941,2.101818,2.462281,0.000340,0.000070,-0.544276,-0.946202,0.170528,0.598812,-2.579759,-2.609610,-2.610072,0.004716,-0.005075,9.133383,6.327127,-5.684709,-18.151327,-1.830196,-2.273082,-0.001559,0.026982,-0.007536,7.140368,2.427509,5.519338,-1.640082,-12.000000,-12.000000,-12.000000,-1.012797,0.207819,7.140368,2.427509,5.519338,-1.640082,-44.188324,-21.007933,-14.553712,-1.012797,0.207819,87.000000,87.000000,87.000000,87.000000,12.000000,12.000000,12.000000,200.000000,200.000000,0.000000,0.000000,0.000000,0.000000,0.000000,0.000000,0.000000,0.000000,0.000000
126,1.967125,0.503964,-1.217466,1.593640,-0.945761,-2.392674,2.975013,0.888751,-0.200424,-0.720952,-2.177227,-0.014565,2.014861,2.375277,0.000443,0.000000,-0.183791,-0.850693,0.036123,0.387784,-2.570156,-2.612540,-2.609842,0.004743,-0.004163,6.787459,3.240902,-0.349926,-6.504530,-0.044889,-0.017767,0.003161,-0.033215,0.054127,8.576526,-6.844632,8.736940,11.529251,-12.000000,-6.965202,-4.782170,-1.324136,0.506538,8.576526,-6.844632,8.736940,11.529251,-29.847775,-6.965202,-4.782170,-1.324136,0.506538,87.000000,87.000000,87.000000,87.000000,12.000000,12.000000,12.000000,200.000000,200.000000,0.000000,0.000000,0.000000,0.000000,0.000000,0.000000,0.000000,0.000000,0.000000
127,1.976832,0.467584,-1.151142,1.847723,-0.737483,-2.197357,3.026464,0.884167,-0.223150,-0.718385,-2.169120,-0.099441,1.961338,2.316466,0.000510,0.000000,-0.131988,-0.564051,0.171487,0.469533,-2.535486,-1.248830,-1.262850,0.001369,-0.003567,6.406807,8.285958,-0.681559,3.776816,-0.588441,30.526047,29.849974,-0.258721,0.000349,9.158966,-6.973097,10.811027,21.368801,-12.000000,3.464498,0.101509,-1.598511,0.357291,9.158966,-6.973097,10.811027,21.368801,-14.842964,3.464498,0.101509,-1.598511,0.357291,87.000000,87.000000,87.000000,87.000000,12.000000,12.000000,12.000000,200.000000,200.000000,0.000000,0.000000,0.000000,0.000000,0.000000,0.000000,0.000000,0.000000,0.000000
128,1.821059,0.411550,-1.276463,1.770811,-0.502150,-2.179675,3.050009,0.880519,-0.238620,-0.713939,-2.161803,-0.177695,1.943760,2.291690,0.000418,0.000000,-0.160448,-0.385949,0.196888,0.363467,-1.833740,-0.457528,-0.535104,-0.001893,-0.002768,1.455172,5.609048,-1.921020,-1.954241,36.871788,12.077302,12.247041,-0.088885,0.043267,2.995764,-8.610408,5.313724,17.656317,1.054082,2.413936,0.073491,-0.917390,0.348888,2.995764,-8.610408,5.313724,17.656317,1.054082,2.413936,0.073491,-0.917390,0.348888,87.000000,87.000000,87.000000,87.000000,12.000000,12.000000,12.000000,200.000000,200.000000,0.000000,0.000000,0.000000,0.000000,0.000000,0.000000,0.000000,0.000000,0.000000
129,1.691886,0.257186,-1.391829,1.790190,-0.396321,-2.206217,3.056439,0.878007,-0.250663,-0.713410,-2.157738,-0.197778,1.931893,2.280445,0.000244,0.000001,-0.106410,-0.355528,0.022134,0.261147,-0.195323,-0.482033,-0.231774,-0.003294,-0.000165,1.574263,0.658640,-4.462677,-2.497017,15.169615,3.968682,5.964455,-0.011526,0.118928,-2.103184,-14.188740,0.967486,18.349279,1.331389,1.880754,0.066143,-0.354618,0.214732,-2.103184,-14.188740,0.967486,18.349279,1.331389,1.880754,0.066143,-0.354618,0.214732,87.000000,87.000000,87.000000,87.000000,12.000000,12.000000,12.000000,200.000000,200.000000,0.000000,0.000000,0.000000,0.000000,0.000000,0.000000,0.000000,0.000000,0.000000
130,1.840670,0.360743,-1.230604,1.793360,-0.343862,-2.210488,3.017671,0.874148,-0.259828,-0.712779,-2.155330,-0.191845,1.922398,2.265678,0.000151,0.000026,-0.144078,-0.220834,0.100826,0.257046,0.244847,-0.390615,-0.321783,-0.000837,0.000228,2.895942,3.462558,-0.798382,0.290587,-1.883696,4.327694,7.716452,0.046191,-0.005094,4.325249,-9.515717,7.370911,18.450981,0.780144,2.249560,0.037226,-0.212923,-0.055297,4.325249,-9.515717,7.370911,18.450981,0.780144,2.249560,0.037226,-0.212923,-0.055297,87.000000,87.000000,87.000000,87.000000,12.000000,12.000000,12.000000,200.000000,200.000000,0.000000,0.000000,0.000000,0.000000,0.000000,0.000000,0.000000,0.000000,0.000000
131,1.822166,0.290787,-1.242048,1.780202,-0.353956,-2.215696,3.021433,0.872835,-0.267261,-0.712077,-2.154337,-0.189525,1.916623,2.258932,0.000110,0.000054,-0.067370,-0.218692,0.109870,0.174234,0.079719,-0.285233,-0.147349,0.000047,0.000032,2.034610,0.294894,0.317335,-2.388276,-1.621557,3.070183,3.391630,0.023911,-0.010872,3.435410,-11.910115,6.898719,17.909430,0.632513,2.156044,0.012264,-0.216984,-0.104001,3.435410,-11.910115,6.898719,17.909430,0.632513,2.156044,0.012264,-0.216984,-0.104001,87.000000,87.000000,87.000000,87.000000,12.000000,12.000000,12.000000,200.000000,200.000000,0.000000,0.000000,0.000000,0.000000,0.000000,0.000000,0.000000,0.000000,0.000000
132,1.842720,0.390742,-1.205469,1.841188,-0.328579,-2.208266,3.010012,0.871039,-0.270455,-0.709310,-2.152213,-0.183210,1.913380,2.252674,0.000098,0.000064,-0.090268,0.002279,0.166030,0.311893,0.215249,-0.230392,-0.136005,0.000618,-0.000400,2.034735,5.936469,-0.420847,4.018436,-2.896898,2.111985,3.248881,0.004733,-0.004381,4.459234,-7.924042,7.950421,20.177856,0.713460,2.507487,0.017986,-0.259919,-0.087277,4.459234,-7.924042,7.950421,20.177856,0.713460,2.507487,0.017986,-0.259919,-0.087277,87.000000,87.000000,87.000000,87.000000,12.000000,12.000000,12.000000,200.000000,200.000000,0.000000,0.000000,0.000000,0.000000,0.000000,0.000000,0.000000,0.000000,0.000000
133,1.712043,0.275392,-1.332058,1.739748,-0.322590,-2.274364,3.007512,0.869928,-0.271105,-0.707036,-2.150290,-0.177464,1.901221,2.248842,0.000073,0.000087,-0.091731,-0.036028,0.130529,0.148273,0.198984,-0.496873,-0.083280,0.000714,-0.000428,0.080374,-1.299508,-1.350779,-6.293769,-2.092746,4.755270,2.014814,0.018330,-0.015304,-0.789203,-12.798968,2.749957,15.811730,0.584156,1.692784,0.012767,-0.194584,-0.146591,-0.789203,-12.798968,2.749957,15.811730,0.584156,1.692784,0.012767,-0.194584,-0.146591,87.000000,87.000000,87.000000,87.000000,12.000000,12.000000,12.000000,200.000000,200.000000,0.000000,0.000000,0.000000,0.000000,0.000000,0.000000,0.000000,0.000000,0.000000
134,1.611721,0.234199,-1.405563,1.899205,-0.372243,-2.188225,3.015541,0.867390,-0.270871,-0.707047,-2.150772,-0.184719,1.908044,2.248834,0.000085,0.000078,-0.166017,0.060223,0.032421,0.234617,-0.210931,0.100621,-0.004205,0.000553,-0.000405,-2.136157,3.230703,-3.004634,4.493131,0.897792,-0.793291,-0.168493,-0.016583,0.014282,-4.525632,-14.463430,-0.023425,22.612873,0.421692,2.704897,-0.003090,-0.261019,-0.085799,-4.525632,-14.463430,-0.023425,22.612873,0.421692,2.704897,-0.003090,-0.261019,-0.085799,87.000000,87.000000,87.000000,87.000000,12.000000,12.000000,12.000000,200.000000,200.000000,0.000000,0.000000,0.000000,0.000000,0.000000,0.000000,0.000000,0.000000,0.000000
135,1.779987,0.157041,-1.257409,1.862769,-0.313181,-2.167396,3.004221,0.866981,-0.271571,-0.710166,-2.150872,-0.178869,1.919973,2.246037,0.000077,0.000085,-0.014641,-0.078021,-0.014907,0.170980,0.248652,0.108899,-0.059403,0.000582,-0.000339,2.685133,-3.753634,0.709882,-0.480281,-1.662079,-6.849742,1.496482,0.014645,-0.006804,2.117198,-17.524555,6.483240,21.050379,0.969688,2.198596,0.012173,-0.199173,-0.136456,2.117198,-17.524555,6.483240,21.050379,0.969688,2.198596,0.012173,-0.199173,-0.136456,87.000000,87.000000,87.000000,87.000000,12.000000,12.000000,12.000000,200.000000,200.000000,0.000000,0.000000,0.000000,0.000000,0.000000,0.000000,0.000000,0.000000,0.000000
136,1.766174,0.258938,-1.252466,1.881136,-0.314865,-2.196157,3.023855,0.865310,-0.272744,-0.709885,-2.148602,-0.174204,1.919014,2.249297,0.000072,0.000089,-0.127253,-0.004751,0.123355,0.292966,0.158875,-0.225264,0.072982,0.001088,-0.000813,-0.279403,1.499531,1.323058,2.232656,-2.035542,0.028051,-1.690834,0.005718,-0.009198,1.816649,-13.248966,6.335700,21.434029,0.738907,2.402207,-0.000082,-0.237016,-0.117721,1.816649,-13.248966,6.335700,21.434029,0.738907,2.402207,-0.000082,-0.237016,-0.117721,87.000000,87.000000,87.000000,87.000000,12.000000,12.000000,12.000000,200.000000,200.000000,0.000000,0.000000,0.000000,0.000000,0.000000,0.000000,0.000000,0.000000,0.000000
137,1.796335,0.310673,-1.230613,1.725216,-0.336458,-2.281505,3.019017,0.862907,-0.273708,-0.706642,-2.147194,-0.176270,1.902716,2.249911,0.000060,0.000100,-0.115497,-0.046845,0.199131,0.117534,-0.004043,-0.605999,0.010682,0.001166,-0.000791,1.495769,-1.490434,0.732973,-7.444365,1.586297,6.727119,-0.237754,0.011504,-0.008857,3.284338,-11.163001,6.716301,14.997528,0.681906,1.689484,0.006708,-0.208633,-0.140219,3.284338,-11.163001,6.716301,14.997528,0.681906,1.689484,0.006708,-0.208633,-0.140219,87.000000,87.000000,87.000000,87.000000,12.000000,12.000000,12.000000,200.000000,200.000000,0.000000,0.000000,0.000000,0.000000,0.000000,0.000000,0.000000,0.000000,0.000000
138,1.776098,0.247350,-1.264676,1.909450,-0.309724,-2.188891,3.020537,0.866268,-0.274723,-0.707437,-2.148917,-0.171975,1.907689,2.250543,0.000084,0.000080,0.096999,0.008015,0.017518,0.205827,0.154598,0.050952,0.013778,0.000709,-0.000593,1.850852,2.338164,-1.020424,5.009763,-2.652631,-0.425694,-0.392701,-0.024102,0.018884,1.676466,-13.543442,5.786746,22.980307,0.740070,2.856717,-0.000135,-0.281910,-0.070789,1.676466,-13.543442,5.786746,22.980307,0.740070,2.856717,-0.000135,-0.281910,-0.070789,87.000000,87.000000,87.000000,87.000000,12.000000,12.000000,12.000000,200.000000,200.000000,0.000000,0.000000,0.000000,0.000000,0.000000,0.000000,0.000000,0.000000,0.000000
139,1.617873,0.175719,-1.430403,1.904079,-0.363409,-2.230494,3.042461,0.871069,-0.274255,-0.711434,-2.145234,-0.180809,1.904768,2.256151,0.000071,0.000090,0.001894,0.027928,-0.036508,0.316431,-0.193484,-0.250610,0.120163,0.000831,-0.000607,-5.801439,0.519460,0.445715,0.783682,4.354604,1.990633,-2.925282,0.002446,-0.003866,-5.232520,-16.601545,-0.283352,21.935715,0.624143,2.353191,-0.001863,-0.222100,-0.123996,-5.232520,-16.601545,-0.283352,21.935715,0.624143,2.353191,-0.001863,-0.222100,-0.123996,87.000000,87.000000,87.000000,87.000000,12.000000,12.000000,12.000000,200.000000,200.000000,0.000000,0.000000,0.000000,0.000000,0.000000,0.000000,0.000000,0.000000,0.000000
140,1.701096,0.266592,-1.336239,1.835601,-0.295645,-2.225487,3.016137,0.867756,-0.272532,-0.712250,-2.142883,-0.171388,1.905358,2.252716,0.000070,0.000090,-0.169206,0.066853,0.045332,0.241798,0.335362,-0.156025,-0.073843,0.000851,-0.000622,0.180972,0.491791,-1.352506,-0.707434,-3.899324,-1.236751,1.901911,0.011687,-0.008679,-0.841329,-13.210089,3.227242,19.121849,0.713879,2.068074,0.016721,-0.208135,-0.131230,-0.841329,-13.210089,3.227242,19.121849,0.713879,2.068074,0.016721,-0.208135,-0.131230,87.000000,87.000000,87.000000,87.000000,12.000000,12.000000,12.000000,200.000000,200.000000,0.000000,0.000000,0.000000,0.000000,0.000000,0.000000,0.000000,0.000000,0.000000
141,1.890318,0.242684,-1.157070,1.792379,-0.357605,-2.240039,3.008654,0.867921,-0.273438,-0.712354,-2.143412,-0.179656,1.902598,2.249259,0.000067,0.000093,-0.010622,-0.084341,0.137918,0.086150,-0.223751,-0.226118,-0.082051,0.000916,-0.000669,2.308660,-3.806039,4.014671,-5.441601,2.856855,1.479649,1.710588,-0.000234,-0.000829,6.412514,-13.938030,10.463293,17.577711,0.751446,2.055646,0.002999,-0.224911,-0.121260,6.412514,-13.938030,10.463293,17.577711,0.751446,2.055646,0.002999,-0.224911,-0.121260,87.000000,87.000000,87.000000,87.000000,12.000000,12.000000,12.000000,200.000000,200.000000,0.000000,0.000000,0.000000,0.000000,0.000000,0.000000,0.000000,0.000000,0.000000
142,1.679402,0.263530,-1.352927,1.867429,-0.314406,-2.208837,3.034233,0.867154,-0.274408,-0.710696,-2.146298,-0.175165,1.906326,2.253363,0.000075,0.000086,-0.083637,0.022343,0.087184,0.146772,0.209379,-0.062044,0.095526,0.000841,-0.000633,0.073367,2.871872,-2.833975,3.258601,-1.570516,-2.104039,-2.140099,-0.004174,0.003855,-1.891269,-12.928728,2.235998,21.147619,0.732010,2.360093,0.004244,-0.242394,-0.103218,-1.891269,-12.928728,2.235998,21.147619,0.732010,2.360093,0.004244,-0.242394,-0.103218,87.000000,87.000000,87.000000,87.000000,12.000000,12.000000,12.000000,200.000000,200.000000,0.000000,0.000000,0.000000,0.000000,0.000000,0.000000,0.000000,0.000000,0.000000
143,1.715191,0.191454,-1.308651,1.950286,-0.312689,-2.152205,3.012669,0.867105,-0.273445,-0.711607,-2.145633,-0.171464,1.919183,2.250540,0.000083,0.000080,-0.050869,0.048446,0.040474,0.289378,0.105285,0.189510,-0.066007,0.000668,-0.000436,0.020501,0.975923,-0.334684,5.540705,-2.894369,-5.032978,1.439158,-0.007047,0.012100,-0.544502,-16.066133,4.345766,24.159187,0.693304,2.765546,0.003374,-0.250992,-0.090983,-0.544502,-16.066133,4.345766,24.159187,0.693304,2.765546,0.003374,-0.250992,-0.090983,87.000000,87.000000,87.000000,87.000000,12.000000,12.000000,12.000000,200.000000,200.000000,0.000000,0.000000,0.000000,0.000000,0.000000,0.000000,0.000000,0.000000,0.000000
144,1.790933,0.193007,-1.254686,1.792200,-0.338015,-2.270784,3.040847,0.868875,-0.274745,-0.711858,-2.142718,-0.176239,1.905561,2.255713,0.000057,0.000103,-0.011886,-0.108989,0.124440,0.167103,-0.045325,-0.591307,0.114160,0.001127,-0.000773,-0.377296,-4.838896,3.064690,-7.522721,4.088814,4.645750,-2.621068,0.019203,-0.021294,2.208698,-15.812727,6.502442,17.182352,0.873989,1.725753,0.002719,-0.189116,-0.165294,2.208698,-15.812727,6.502442,17.182352,0.873989,1.725753,0.002719,-0.189116,-0.165294,87.000000,87.000000,87.000000,87.000000,12.000000,12.000000,12.000000,200.000000,200.000000,0.000000,0.000000,0.000000,0.000000,0.000000,0.000000,0.000000,0.000000,0.000000
145,1.749249,0.370144,-1.287362,1.720941,-0.350334,-2.280566,3.025290,0.866280,-0.276742,-0.707450,-2.146520,-0.180010,1.894120,2.254744,0.000064,0.000098,-0.145413,-0.011762,0.203249,0.004311,-0.052720,-0.422871,-0.024414,0.001073,-0.000789,0.522168,2.647680,-1.618258,-4.160944,1.218670,5.227886,0.545274,-0.001851,0.001284,1.155095,-8.400606,4.366257,15.259779,0.530845,1.849845,0.009822,-0.230539,-0.120100,1.155095,-8.400606,4.366257,15.259779,0.530845,1.849845,0.009822,-0.230539,-0.120100,87.000000,87.000000,87.000000,87.000000,12.000000,12.000000,12.000000,200.000000,200.000000,0.000000,0.000000,0.000000,0.000000,0.000000,0.000000,0.000000,0.000000,0.000000
146,1.809445,0.158368,-1.244249,2.017545,-0.338682,-2.129101,3.032387,0.872795,-0.277638,-0.710836,-2.149802,-0.181462,1.913686,2.255915,0.000096,0.000072,0.213606,0.000134,-0.057035,0.239663,-0.006292,0.442617,0.024010,0.000543,-0.000362,2.104256,1.731562,0.154203,10.316165,-0.421930,-6.241128,-0.760436,-0.028130,0.032920,2.198438,-16.884197,7.135337,27.587395,0.889817,3.400120,-0.004658,-0.300466,-0.047268,2.198438,-16.884197,7.135337,27.587395,0.889817,3.400120,-0.004658,-0.300466,-0.047268,87.000000,87.000000,87.000000,87.000000,12.000000,12.000000,12.000000,200.000000,200.000000,0.000000,0.000000,0.000000,0.000000,0.000000,0.000000,0.000000,0.000000,0.000000
147,1.577068,0.267605,-1.440602,1.842065,-0.364111,-2.230178,3.041244,0.870521,-0.274587,-0.709177,-2.145266,-0.186211,1.911438,2.258597,0.000066,0.000095,-0.259825,0.147798,0.147701,0.328304,-0.053052,-0.316608,0.058786,0.000887,-0.000676,-6.157118,2.806972,-1.016327,-0.187376,3.037894,-0.627685,-1.292117,0.017632,-0.026467,-6.158402,-13.087165,-1.434318,19.371561,0.585149,1.844705,0.012292,-0.194142,-0.165104,-6.158402,-13.087165,-1.434318,19.371561,0.585149,1.844705,0.012292,-0.194142,-0.165104,87.000000,87.000000,87.000000,87.000000,12.000000,12.000000,12.000000,200.000000,200.000000,0.000000,0.000000,0.000000,0.000000,0.000000,0.000000,0.000000,0.000000,0.000000
148,1.798858,0.160966,-1.260250,1.858035,-0.367260,-2.206426,3.018430,0.871829,-0.273645,-0.711979,-2.142863,-0.191043,1.912054,2.254641,0.000069,0.000091,0.049442,-0.044714,-0.014317,0.203805,-0.069109,-0.113388,-0.091533,0.000742,-0.000567,2.378739,-4.699679,0.960978,-3.395626,2.553851,0.390186,2.055736,-0.004317,0.002932,2.296298,-17.346907,6.527465,19.964359,0.856351,2.283791,0.009388,-0.223350,-0.120013,2.296298,-17.346907,6.527465,19.964359,0.856351,2.283791,0.009388,-0.223350,-0.120013,87.000000,87.000000,87.000000,87.000000,12.000000,12.000000,12.000000,200.000000,200.000000,0.000000,0.000000,0.000000,0.000000,0.000000,0.000000,0.000000,0.000000,0.000000
149,1.678149,0.196468,-1.375420,1.842692,-0.342904,-2.234909,3.023439,0.872517,-0.275631,-0.714024,-2.142987,-0.187501,1.907527,2.253637,0.000063,0.000096,-0.073765,-0.069515,0.018292,0.154198,0.176662,-0.306955,-0.019419,0.000966,-0.000709,-1.953838,-1.051163,-0.364520,-1.897142,-0.709567,1.005621,0.563994,0.008854,-0.008290,-2.515918,-15.492612,1.930277,19.578999,0.714348,2.044621,0.012853,-0.205995,-0.137013,-2.515918,-15.492612,1.930277,19.578999,0.714348,2.044621,0.012853,-0.205995,-0.137013,87.000000,87.000000,87.000000,87.000000,12.000000,12.000000,12.000000,200.000000,200.000000,0.000000,0.000000,0.000000,0.000000,0.000000,0.000000,0.000000,0.000000,0.000000
150,1.854936,0.348696,-1.152898,1.790548,-0.279729,-2.216116,3.002801,0.865067,-0.276357,-0.708335,-2.146521,-0.170845,1.908390,2.248217,0.000072,0.000089,-0.239050,0.012322,0.277148,0.073602,0.466845,-0.145009,-0.116551,0.000998,-0.000764,4.800867,1.617308,-0.058050,0.027573,-8.672194,-1.563840,2.844701,0.005108,-0.003685,5.972165,-9.411758,9.707898,18.099497,0.677445,2.152427,0.011320,-0.230982,-0.112150,5.972165,-9.411758,9.707898,18.099497,0.677445,2.152427,0.011320,-0.230982,-0.112150,87.000000,87.000000,87.000000,87.000000,12.000000,12.000000,12.000000,200.000000,200.000000,0.000000,0.000000,0.000000,0.000000,0.000000,0.000000,0.000000,0.000000,0.000000
151,1.742383,0.224201,-1.266752,1.899979,-0.320785,-2.162798,3.001189,0.864126,-0.276164,-0.705729,-2.148578,-0.170084,1.918208,2.245101,0.000081,0.000081,-0.038754,0.026299,0.124713,0.185171,-0.011191,0.129962,-0.072628,0.000713,-0.000508,1.822429,1.137977,-1.205424,4.016979,-2.172747,-3.043718,1.465281,-0.010568,0.013003,0.852825,-14.471733,5.276876,22.572273,0.603462,2.695408,-0.002141,-0.255153,-0.087502,0.852825,-14.471733,5.276876,22.572273,0.603462,2.695408,-0.002141,-0.255153,-0.087502,87.000000,87.000000,87.000000,87.000000,12.000000,12.000000,12.000000,200.000000,200.000000,0.000000,0.000000,0.000000,0.000000,0.000000,0.000000,0.000000,0.000000,0.000000
152,1.757020,0.125923,-1.280991,1.866077,-0.361488,-2.214499,3.038710,0.869783,-0.278396,-0.707054,-2.147697,-0.181136,1.914988,2.252372,0.000067,0.000093,0.112113,-0.126450,0.064722,0.176404,-0.214822,-0.280982,0.159045,0.000895,-0.000653,-1.108008,-4.020631,2.371333,-2.765095,6.481236,1.103082,-3.798751,0.005215,-0.008246,0.413778,-18.111645,5.180134,20.782122,0.909300,2.202734,-0.003391,-0.215031,-0.133766,0.413778,-18.111645,5.180134,20.782122,0.909300,2.202734,-0.003391,-0.215031,-0.133766,87.000000,87.000000,87.000000,87.000000,12.000000,12.000000,12.000000,200.000000,200.000000,0.000000,0.000000,0.000000,0.000000,0.000000,0.000000,0.000000,0.000000,0.000000
153,1.662964,0.332987,-1.369691,1.828123,-0.348082,-2.243309,3.036219,0.869422,-0.278733,-0.705411,-2.146461,-0.182919,1.906322,2.255558,0.000069,0.000092,-0.131458,0.082306,0.109299,0.248575,0.046104,-0.386133,0.069871,0.001110,-0.000820,-2.915070,5.269917,-2.209692,1.413504,1.655215,3.944454,-1.535493,0.000691,-0.001409,-2.781156,-9.827236,1.126005,19.211864,0.622811,2.185454,0.011102,-0.239185,-0.110379,-2.781156,-9.827236,1.126005,19.211864,0.622811,2.185454,0.011102,-0.239185,-0.110379,87.000000,87.000000,87.000000,87.000000,12.000000,12.000000,12.000000,200.000000,200.000000,0.000000,0.000000,0.000000,0.000000,0.000000,0.000000,0.000000,0.000000,0.000000
154,1.746947,0.294094,-1.291426,1.821746,-0.308415,-2.233292,3.022303,0.867976,-0.275468,-0.705929,-2.145526,-0.174840,1.903540,2.253918,0.000074,0.000088,-0.073615,0.120674,0.035772,0.202715,0.268518,-0.211113,-0.036068,0.000845,-0.000648,1.283158,1.073466,-1.369386,-0.668615,-3.658149,1.450610,0.901035,-0.001607,0.000779,0.787117,-11.986958,4.535252,18.884764,0.665430,2.205836,0.008438,-0.234718,-0.110286,0.787117,-11.986958,4.535252,18.884764,0.665430,2.205836,0.008438,-0.234718,-0.110286,87.000000,87.000000,87.000000,87.000000,12.000000,12.000000,12.000000,200.000000,200.000000,0.000000,0.000000,0.000000,0.000000,0.000000,0.000000,0.000000,0.000000,0.000000
155,1.773191,0.235325,-1.263953,1.893224,-0.331144,-2.208519,3.022954,0.869310,-0.271858,-0.708149,-2.144134,-0.175317,1.906025,2.253260,0.000077,0.000084,-0.013372,0.113136,0.029768,0.250471,-0.005557,-0.069348,-0.017409,0.000756,-0.000569,-0.381737,0.029140,1.552101,1.434082,-0.719329,-0.073889,0.275463,-0.008520,0.007584,1.472455,-14.665001,5.996604,21.625383,0.682209,2.537568,0.000473,-0.246658,-0.097817,1.472455,-14.665001,5.996604,21.625383,0.682209,2.537568,0.000473,-0.246658,-0.097817,87.000000,87.000000,87.000000,87.000000,12.000000,12.000000,12.000000,200.000000,200.000000,0.000000,0.000000,0.000000,0.000000,0.000000,0.000000,0.000000,0.000000,0.000000
156,1.713534,0.119718,-1.326009,1.839220,-0.299320,-2.221034,3.013122,0.870985,-0.271843,-0.709708,-2.145133,-0.169384,1.907718,2.250504,0.000065,0.000094,-0.000434,-0.083661,0.039613,0.089043,0.223594,-0.148365,-0.059650,0.000671,-0.000457,0.133289,-5.571279,0.681616,-4.142930,-2.178933,-2.209878,1.468516,0.012084,-0.008436,-1.051353,-19.085810,3.562347,19.656691,0.799174,1.982237,0.009773,-0.186419,-0.148234,-1.051353,-19.085810,3.562347,19.656691,0.799174,1.982237,0.009773,-0.186419,-0.148234,87.000000,87.000000,87.000000,87.000000,12.000000,12.000000,12.000000,200.000000,200.000000,0.000000,0.000000,0.000000,0.000000,0.000000,0.000000,0.000000,0.000000,0.000000
157,1.723879,0.271687,-1.299011,1.856634,-0.339247,-2.203853,3.029351,0.869061,-0.273160,-0.708137,-2.147380,-0.173660,1.910197,2.252980,0.000070,0.000090,-0.147510,0.004415,0.139216,0.149539,-0.109397,-0.085326,0.052385,0.000928,-0.000691,-1.113306,2.426654,-0.118588,2.070245,0.628130,-0.657594,-1.377300,-0.004254,0.002719,-0.170169,-12.679008,4.211645,20.726603,0.576830,2.397818,-0.002631,-0.237757,-0.109294,-0.170169,-12.679008,4.211645,20.726603,0.576830,2.397818,-0.002631,-0.237757,-0.109294,87.000000,87.000000,87.000000,87.000000,12.000000,12.000000,12.000000,200.000000,200.000000,0.000000,0.000000,0.000000,0.000000,0.000000,0.000000,0.000000,0.000000,0.000000
158,1.764993,0.293996,-1.282880,1.810931,-0.323686,-2.255898,3.010788,0.868719,-0.272391,-0.708382,-2.147538,-0.174249,1.901686,2.249809,0.000066,0.000095,-0.048628,0.043441,0.057732,0.164576,0.079662,-0.410518,-0.070781,0.001110,-0.000794,0.654199,0.945806,-0.485112,-1.483761,1.927604,3.358465,1.766579,0.006089,-0.005471,1.346104,-12.036902,5.066072,18.669781,0.834313,2.082865,0.018702,-0.223599,-0.124749,1.346104,-12.036902,5.066072,18.669781,0.834313,2.082865,0.018702,-0.223599,-0.124749,87.000000,87.000000,87.000000,87.000000,12.000000,12.000000,12.000000,200.000000,200.000000,0.000000,0.000000,0.000000,0.000000,0.000000,0.000000,0.000000,0.000000,0.000000
159,1.773057,0.152650,-1.284835,1.932985,-0.345751,-2.206257,3.029542,0.873731,-0.272787,-0.712292,-2.147493,-0.179131,1.903822,2.252661,0.000078,0.000084,0.105091,-0.033940,-0.025937,0.222407,-0.098647,-0.046381,0.061046,0.000752,-0.000596,-0.602928,-1.501400,1.870646,2.415815,1.659801,0.693853,-1.588327,-0.015907,0.012673,0.791611,-17.593058,5.653697,23.615356,0.787823,2.792291,-0.004652,-0.258829,-0.089072,0.791611,-17.593058,5.653697,23.615356,0.787823,2.792291,-0.004652,-0.258829,-0.089072,87.000000,87.000000,87.000000,87.000000,12.000000,12.000000,12.000000,200.000000,200.000000,0.000000,0.000000,0.000000,0.000000,0.000000,0.000000,0.000000,0.000000,0.000000
160,1.783846,0.233141,-1.258616,1.854495,-0.302844,-2.216347,3.039181,0.874216,-0.273783,-0.711079,-2.147029,-0.172572,1.906457,2.256392,0.000072,0.000088,-0.054794,-0.029807,0.148804,0.200938,0.251236,-0.125618,0.084969,0.000861,-0.000617,0.407357,-0.424706,1.101748,0.231490,-2.539299,-2.435139,-1.877986,0.012822,-0.009020,1.658578,-14.242333,6.103621,20.371986,0.820185,2.195330,0.003082,-0.211733,-0.128048,1.658578,-14.242333,6.103621,20.371986,0.820185,2.195330,0.003082,-0.211733,-0.128048,87.000000,87.000000,87.000000,87.000000,12.000000,12.000000,12.000000,200.000000,200.000000,0.000000,0.000000,0.000000,0.000000,0.000000,0.000000,0.000000,0.000000,0.000000
161,1.637145,0.351060,-1.419128,1.788365,-0.360515,-2.295042,3.034795,0.872759,-0.271831,-0.710301,-2.144169,-0.179358,1.891641,2.257402,0.000063,0.000098,-0.168336,0.132673,0.073175,0.249698,-0.147543,-0.556918,0.017117,0.001210,-0.000819,-4.000503,4.231919,-2.297325,-2.116467,3.435567,7.308690,-0.458706,0.004702,-0.003814,-4.045063,-9.848846,-0.367816,17.234457,0.450669,1.937788,0.008145,-0.227507,-0.125921,-4.045063,-9.848846,-0.367816,17.234457,0.450669,1.937788,0.008145,-0.227507,-0.125921,87.000000,87.000000,87.000000,87.000000,12.000000,12.000000,12.000000,200.000000,200.000000,0.000000,0.000000,0.000000,0.000000,0.000000,0.000000,0.000000,0.000000,0.000000
162,1.815660,0.079643,-1.235075,1.948635,-0.345524,-2.123590,3.019134,0.874751,-0.272303,-0.713387,-2.146460,-0.182615,1.916176,2.254173,0.000089,0.000078,0.088382,-0.096420,-0.018609,0.141704,-0.069308,0.577454,-0.074526,0.000281,-0.000040,3.783064,-5.049019,1.146137,2.811592,-0.667705,-9.589065,1.501276,-0.014412,0.028928,2.715974,-20.589098,7.664616,24.394373,0.859143,2.876224,-0.002489,-0.250126,-0.087311,2.715974,-20.589098,7.664616,24.394373,0.859143,2.876224,-0.002489,-0.250126,-0.087311,87.000000,87.000000,87.000000,87.000000,12.000000,12.000000,12.000000,200.000000,200.000000,0.000000,0.000000,0.000000,0.000000,0.000000,0.000000,0.000000,0.000000,0.000000
163,1.790542,0.273586,-1.234036,1.868723,-0.344796,-2.200734,3.028395,0.872997,-0.273503,-0.709939,-2.144480,-0.184358,1.918169,2.254578,0.000068,0.000094,-0.150439,-0.001779,0.239754,0.277259,0.045465,-0.224854,0.010891,0.001034,-0.000848,-0.622169,1.545466,1.818629,1.518336,2.358797,-3.038178,-0.123102,0.012343,-0.027319,2.212157,-12.607769,6.800829,20.608856,0.912185,2.100058,0.015178,-0.216864,-0.154307,2.212157,-12.607769,6.800829,20.608856,0.912185,2.100058,0.015178,-0.216864,-0.154307,87.000000,87.000000,87.000000,87.000000,12.000000,12.000000,12.000000,200.000000,200.000000,0.000000,0.000000,0.000000,0.000000,0.000000,0.000000,0.000000,0.000000,0.000000
164,1.684801,0.294158,-1.364540,1.747164,-0.358976,-2.271442,3.038897,0.871288,-0.273715,-0.707229,-2.142993,-0.186606,1.904591,2.257368,0.000058,0.000102,-0.110340,-0.002837,0.118856,0.141046,0.011542,-0.528446,0.060672,0.001086,-0.000761,-0.321988,-0.114437,-2.606324,-6.105636,2.083774,5.692967,-1.391620,0.009183,-0.005763,-1.961189,-11.862462,1.426455,15.553202,0.597007,1.676835,0.005935,-0.202757,-0.140806,-1.961189,-11.862462,1.426455,15.553202,0.597007,1.676835,0.005935,-0.202757,-0.140806,87.000000,87.000000,87.000000,87.000000,12.000000,12.000000,12.000000,200.000000,200.000000,0.000000,0.000000,0.000000,0.000000,0.000000,0.000000,0.000000,0.000000,0.000000
165,1.643354,0.166667,-1.396465,1.857075,-0.325610,-2.208930,3.026174,0.870534,-0.275222,-0.709055,-2.146976,-0.180379,1.907057,2.255802,0.000071,0.000091,-0.067725,-0.061090,-0.031547,0.060425,0.205635,-0.048356,-0.035198,0.000704,-0.000570,0.040582,-1.184413,-2.889917,0.086377,-3.585323,-0.796927,0.799857,-0.009625,0.007055,-3.643458,-16.748348,0.673341,20.835321,0.588583,2.343752,0.004259,-0.233096,-0.111585,-3.643458,-16.748348,0.673341,20.835321,0.588583,2.343752,0.004259,-0.233096,-0.111585,87.000000,87.000000,87.000000,87.000000,12.000000,12.000000,12.000000,200.000000,200.000000,0.000000,0.000000,0.000000,0.000000,0.000000,0.000000,0.000000,0.000000,0.000000
166,1.763682,0.221436,-1.253736,1.908543,-0.319138,-2.174729,3.009371,0.867730,-0.276462,-0.710048,-2.149468,-0.175963,1.915162,2.250970,0.000077,0.000085,-0.141096,-0.010881,0.070481,0.179895,0.130024,0.046526,-0.107962,0.000844,-0.000622,0.637485,1.282709,0.774549,4.558994,-3.076373,-3.629093,2.477259,-0.003781,0.005874,1.616066,-14.450033,6.404983,23.031618,0.720204,2.642863,0.008963,-0.245982,-0.097408,1.616066,-14.450033,6.404983,23.031618,0.720204,2.642863,0.008963,-0.245982,-0.097408,87.000000,87.000000,87.000000,87.000000,12.000000,12.000000,12.000000,200.000000,200.000000,0.000000,0.000000,0.000000,0.000000,0.000000,0.000000,0.000000,0.000000,0.000000
167,1.853507,0.329608,-1.183951,1.767599,-0.328248,-2.270391,3.009021,0.865988,-0.276389,-0.708733,-2.148819,-0.176256,1.902269,2.248316,0.000064,0.000097,-0.088920,0.013099,0.157895,0.154550,0.061360,-0.550054,-0.058228,0.001241,-0.000862,1.679416,0.223569,2.025857,-3.880199,1.505842,4.875984,1.447234,0.013500,-0.012718,5.265243,-10.253509,8.932343,16.928362,0.833434,1.910409,0.015483,-0.217629,-0.135188,5.265243,-10.253509,8.932343,16.928362,0.833434,1.910409,0.015483,-0.217629,-0.135188,87.000000,87.000000,87.000000,87.000000,12.000000,12.000000,12.000000,200.000000,200.000000,0.000000,0.000000,0.000000,0.000000,0.000000,0.000000,0.000000,0.000000,0.000000
168,1.722099,0.244310,-1.317946,1.927410,-0.409356,-2.170301,3.029106,0.868576,-0.275134,-0.709990,-2.148397,-0.193507,1.911209,2.251825,0.000088,0.000077,0.017008,0.090257,0.020630,0.276635,-0.462820,0.184772,0.071099,0.000672,-0.000562,-1.399049,3.249137,-0.463217,5.379881,5.732188,-0.685657,-2.039246,-0.025311,0.020651,-0.647410,-13.799074,3.889467,23.488626,0.582217,2.954788,-0.008589,-0.287564,-0.064116,-0.647410,-13.799074,3.889467,23.488626,0.582217,2.954788,-0.008589,-0.287564,-0.064116,87.000000,87.000000,87.000000,87.000000,12.000000,12.000000,12.000000,200.000000,200.000000,0.000000,0.000000,0.000000,0.000000,0.000000,0.000000,0.000000,0.000000,0.000000
169,1.713970,0.205563,-1.322363,1.804416,-0.300787,-2.237849,3.035816,0.867943,-0.273280,-0.710038,-2.147297,-0.181382,1.908727,2.255059,0.000067,0.000093,-0.071941,0.015504,0.073514,0.160966,0.492172,-0.325889,0.079050,0.000963,-0.000676,0.862978,-3.044106,-0.705179,-3.864916,-2.417173,-2.169744,-1.461533,0.032922,-0.027216,-0.560542,-15.656014,3.565476,18.264116,0.989450,1.689380,0.016127,-0.177249,-0.160724,-0.560542,-15.656014,3.565476,18.264116,0.989450,1.689380,0.016127,-0.177249,-0.160724,87.000000,87.000000,87.000000,87.000000,12.000000,12.000000,12.000000,200.000000,200.000000,0.000000,0.000000,0.000000,0.000000,0.000000,0.000000,0.000000,0.000000,0.000000
170,1.763783,0.210302,-1.276085,1.829030,-0.361029,-2.227002,3.021858,0.869215,-0.274532,-0.710448,-2.149119,-0.184539,1.905735,2.253699,0.000071,0.000090,-0.021487,-0.061909,0.091431,0.097433,-0.116631,-0.202538,-0.037766,0.000831,-0.000619,-0.475903,-1.712292,1.630382,-2.124540,-0.299790,2.388997,0.641114,-0.015041,0.011007,1.118923,-15.085208,5.536614,19.660318,0.537206,2.318764,-0.003528,-0.250487,-0.099435,1.118923,-15.085208,5.536614,19.660318,0.537206,2.318764,-0.003528,-0.250487,-0.099435,87.000000,87.000000,87.000000,87.000000,12.000000,12.000000,12.000000,200.000000,200.000000,0.000000,0.000000,0.000000,0.000000,0.000000,0.000000,0.000000,0.000000,0.000000
171,1.735219,0.192184,-1.286029,1.918380,-0.293649,-2.153042,3.017698,0.868726,-0.276183,-0.709365,-2.151962,-0.173419,1.918906,2.251771,0.000083,0.000080,-0.043904,-0.031138,0.090456,0.178935,0.357426,0.191347,-0.038598,0.000692,-0.000448,1.956224,0.876784,-1.389771,5.573389,-5.451316,-6.321139,0.987389,-0.000344,0.008721,0.221207,-15.611523,4.875415,23.685463,0.804462,2.673694,0.007758,-0.242344,-0.095498,0.221207,-15.611523,4.875415,23.685463,0.804462,2.673694,0.007758,-0.242344,-0.095498,87.000000,87.000000,87.000000,87.000000,12.000000,12.000000,12.000000,200.000000,200.000000,0.000000,0.000000,0.000000,0.000000,0.000000,0.000000,0.000000,0.000000,0.000000
172,1.666929,0.304790,-1.377370,1.861521,-0.368966,-2.250091,3.035882,0.869332,-0.274329,-0.710737,-2.146458,-0.182341,1.907307,2.255227,0.000068,0.000094,-0.113126,0.127834,0.041358,0.380939,-0.206495,-0.500043,0.071908,0.001198,-0.000869,-4.730528,4.078103,-0.008094,0.887250,4.834977,6.068934,-1.772118,0.001657,-0.008450,-2.767546,-11.495051,1.551672,20.166769,0.586905,2.256804,0.003754,-0.241684,-0.121730,-2.767546,-11.495051,1.551672,20.166769,0.586905,2.256804,0.003754,-0.241684,-0.121730,87.000000,87.000000,87.000000,87.000000,12.000000,12.000000,12.000000,200.000000,200.000000,0.000000,0.000000,0.000000,0.000000,0.000000,0.000000,0.000000,0.000000,0.000000
173,1.765283,0.225341,-1.268324,1.898385,-0.283256,-2.180680,3.018105,0.866994,-0.270779,-0.711677,-2.142501,-0.170029,1.914133,2.252693,0.000082,0.000082,-0.076461,0.095331,0.032009,0.319707,0.401967,0.059795,-0.052681,0.000695,-0.000511,3.081786,-0.991716,-0.911294,1.559472,-5.790921,-2.863570,1.353904,0.001242,0.003765,1.712973,-15.161172,5.951974,21.524303,0.814219,2.499516,0.009143,-0.236620,-0.102839,1.712973,-15.161172,5.951974,21.524303,0.814219,2.499516,0.009143,-0.236620,-0.102839,87.000000,87.000000,87.000000,87.000000,12.000000,12.000000,12.000000,200.000000,200.000000,0.000000,0.000000,0.000000,0.000000,0.000000,0.000000,0.000000,0.000000,0.000000
174,1.878818,0.218193,-1.188464,1.773299,-0.322879,-2.288424,3.036513,0.871059,-0.271519,-0.713030,-2.139597,-0.171337,1.898689,2.255867,0.000059,0.000101,0.082868,-0.110015,0.114245,0.139300,0.000655,-0.615863,0.067667,0.001103,-0.000743,0.603335,-5.846303,5.066512,-9.259411,1.645501,6.041235,-1.617534,0.013673,-0.013950,5.354235,-15.118331,9.385422,16.151106,0.820736,1.718865,-0.001497,-0.199121,-0.153050,5.354235,-15.118331,9.385422,16.151106,0.820736,1.718865,-0.001497,-0.199121,-0.153050,87.000000,87.000000,87.000000,87.000000,12.000000,12.000000,12.000000,200.000000,200.000000,0.000000,0.000000,0.000000,0.000000,0.000000,0.000000,0.000000,0.000000,0.000000
175,1.674215,0.324530,-1.369964,1.819381,-0.337360,-2.248675,3.019473,0.870722,-0.272695,-0.710118,-2.142411,-0.173922,1.895179,2.253427,0.000072,0.000090,-0.108193,0.036155,0.138722,0.108891,-0.042683,-0.189817,-0.056802,0.000875,-0.000698,-1.743466,4.177326,-2.542437,0.809428,-0.125321,2.624569,1.249880,-0.011498,0.007106,-2.428307,-10.588311,1.393484,18.874273,0.456142,2.276700,0.009193,-0.249013,-0.102181,-2.428307,-10.588311,1.393484,18.874273,0.456142,2.276700,0.009193,-0.249013,-0.102181,87.000000,87.000000,87.000000,87.000000,12.000000,12.000000,12.000000,200.000000,200.000000,0.000000,0.000000,0.000000,0.000000,0.000000,0.000000,0.000000,0.000000,0.000000
176,1.649058,0.229206,-1.385508,1.944059,-0.321802,-2.178189,3.003970,0.869590,-0.269975,-0.711282,-2.142985,-0.173028,1.907283,2.248399,0.000083,0.000080,-0.092180,0.133596,-0.011515,0.264028,0.064451,0.185718,-0.111458,0.000618,-0.000440,-0.759993,3.031571,-2.896367,6.357485,-1.144444,-4.481874,2.560517,-0.009447,0.013891,-3.322048,-14.942976,1.237194,23.812529,0.666630,2.721365,0.012589,-0.250476,-0.088298,-3.322048,-14.942976,1.237194,23.812529,0.666630,2.721365,0.012589,-0.250476,-0.088298,87.000000,87.000000,87.000000,87.000000,12.000000,12.000000,12.000000,200.000000,200.000000,0.000000,0.000000,0.000000,0.000000,0.000000,0.000000,0.000000,0.000000,0.000000
177,1.752563,0.162307,-1.285426,1.827905,-0.350078,-2.218951,3.011048,0.868767,-0.268988,-0.712857,-2.142374,-0.179552,1.909750,2.247488,0.000064,0.000096,-0.084322,-0.048016,0.070361,0.127953,-0.124351,-0.148280,-0.021494,0.000725,-0.000509,-0.071041,-5.181704,2.229491,-5.007416,3.301794,-2.376805,0.439456,0.013488,-0.013534,0.893522,-17.682528,5.448909,18.830568,0.814420,1.892290,0.006326,-0.184762,-0.156365,0.893522,-17.682528,5.448909,18.830568,0.814420,1.892290,0.006326,-0.184762,-0.156365,87.000000,87.000000,87.000000,87.000000,12.000000,12.000000,12.000000,200.000000,200.000000,0.000000,0.000000,0.000000,0.000000,0.000000,0.000000,0.000000,0.000000,0.000000
178,1.799980,0.208815,-1.243054,1.814256,-0.309913,-2.232173,3.005490,0.868456,-0.272471,-0.712174,-2.146338,-0.174775,1.906742,2.245637,0.000063,0.000097,-0.028624,-0.144647,0.111609,0.021965,0.215561,-0.268474,-0.038575,0.000983,-0.000720,2.505275,-2.806376,0.659624,-2.790619,-1.113848,-0.075588,1.023093,0.006408,-0.005974,2.819464,-15.151135,6.883974,19.010937,0.891687,2.054509,0.012166,-0.209551,-0.133812,2.819464,-15.151135,6.883974,19.010937,0.891687,2.054509,0.012166,-0.209551,-0.133812,87.000000,87.000000,87.000000,87.000000,12.000000,12.000000,12.000000,200.000000,200.000000,0.000000,0.000000,0.000000,0.000000,0.000000,0.000000,0.000000,0.000000,0.000000
179,1.711322,0.216274,-1.327695,1.971511,-0.347095,-2.162705,3.035452,0.870627,-0.275379,-0.713250,-2.147732,-0.178732,1.915153,2.251908,0.000082,0.000081,-0.008438,-0.020102,0.032934,0.270946,-0.103658,0.114423,0.135828,0.000859,-0.000639,-1.570918,4.029297,-0.505115,8.288087,0.324124,-1.737693,-3.398834,-0.017796,0.017949,-1.184572,-14.561580,3.725468,25.382109,0.633956,3.060564,-0.011692,-0.277316,-0.071590,-1.184572,-14.561580,3.725468,25.382109,0.633956,3.060564,-0.011692,-0.277316,-0.071590,87.000000,87.000000,87.000000,87.000000,12.000000,12.000000,12.000000,200.000000,200.000000,0.000000,0.000000,0.000000,0.000000,0.000000,0.000000,0.000000,0.000000,0.000000
180,1.722293,0.220985,-1.326319,1.786443,-0.339851,-2.244397,3.022383,0.870372,-0.277173,-0.713216,-2.146147,-0.180439,1.909157,2.252046,0.000061,0.000098,-0.088042,-0.081496,0.096412,0.159876,0.047356,-0.381601,0.001447,0.000921,-0.000669,-0.903424,-2.193531,0.418775,-5.049117,2.276254,1.036786,0.068439,0.017949,-0.019701,-0.482245,-14.421844,3.667545,17.387117,0.786873,1.731880,0.013288,-0.185920,-0.160793,-0.482245,-14.421844,3.667545,17.387117,0.786873,1.731880,0.013288,-0.185920,-0.160793,87.000000,87.000000,87.000000,87.000000,12.000000,12.000000,12.000000,200.000000,200.000000,0.000000,0.000000,0.000000,0.000000,0.000000,0.000000,0.000000,0.000000,0.000000
181,1.708763,0.271927,-1.312956,1.864533,-0.338019,-2.176367,2.998152,0.866352,-0.278339,-0.711304,-2.147554,-0.179691,1.916308,2.246330,0.000077,0.000086,-0.175547,0.015524,0.112601,0.187232,0.036746,0.069815,-0.128364,0.000768,-0.000568,0.788349,2.839853,-2.094733,3.231377,-1.903268,-2.446671,2.916209,-0.010312,0.011994,-0.368889,-12.262933,3.859607,21.021757,0.575951,2.497662,0.010963,-0.249340,-0.093722,-0.368889,-12.262933,3.859607,21.021757,0.575951,2.497662,0.010963,-0.249340,-0.093722,87.000000,87.000000,87.000000,87.000000,12.000000,12.000000,12.000000,200.000000,200.000000,0.000000,0.000000,0.000000,0.000000,0.000000,0.000000,0.000000,0.000000,0.000000
182,1.818929,0.203981,-1.249783,1.886483,-0.354603,-2.222733,3.026445,0.870752,-0.279221,-0.715406,-2.144615,-0.185033,1.910962,2.250056,0.000070,0.000091,0.107499,-0.042235,-0.029361,0.278894,-0.057754,-0.324562,0.082300,0.001025,-0.000767,0.296354,-1.304273,2.328429,-0.352387,4.249584,2.718117,-1.939135,-0.000892,-0.002520,2.910403,-14.993459,7.339304,21.217480,0.953484,2.403098,0.003331,-0.238448,-0.113488,2.910403,-14.993459,7.339304,21.217480,0.953484,2.403098,0.003331,-0.238448,-0.113488,87.000000,87.000000,87.000000,87.000000,12.000000,12.000000,12.000000,200.000000,200.000000,0.000000,0.000000,0.000000,0.000000,0.000000,0.000000,0.000000,0.000000,0.000000
183,1.660453,0.313226,-1.372854,1.762852,-0.324117,-2.281969,3.032152,0.866781,-0.278722,-0.713172,-2.143664,-0.179081,1.897732,2.253351,0.000063,0.000098,-0.242448,0.051653,0.150675,0.152891,0.236076,-0.526253,0.075027,0.001169,-0.000804,-2.022598,1.629565,-1.629942,-4.033956,-2.239897,4.704709,-1.597693,0.019869,-0.013954,-2.328432,-10.745538,1.547242,16.320185,0.547034,1.738860,0.008134,-0.200723,-0.142402,-2.328432,-10.745538,1.547242,16.320185,0.547034,1.738860,0.008134,-0.200723,-0.142402,87.000000,87.000000,87.000000,87.000000,12.000000,12.000000,12.000000,200.000000,200.000000,0.000000,0.000000,0.000000,0.000000,0.000000,0.000000,0.000000,0.000000,0.000000
184,1.912486,0.183233,-1.131533,1.884225,-0.311809,-2.174623,3.016628,0.868309,-0.280449,-0.713415,-2.147506,-0.174179,1.908832,2.251504,0.000084,0.000080,0.105136,-0.100675,0.084032,0.080813,0.123717,0.204668,-0.044717,0.000525,-0.000400,5.856220,-3.148574,2.087018,1.311028,-4.001472,-3.698626,0.853805,-0.024339,0.022476,7.176099,-15.676914,11.590503,21.977791,0.829499,2.742841,-0.006065,-0.271313,-0.077297,7.176099,-15.676914,11.590503,21.977791,0.829499,2.742841,-0.006065,-0.271313,-0.077297,87.000000,87.000000,87.000000,87.000000,12.000000,12.000000,12.000000,200.000000,200.000000,0.000000,0.000000,0.000000,0.000000,0.000000,0.000000,0.000000,0.000000,0.000000
185,1.724227,0.271819,-1.312507,1.813843,-0.329225,-2.249785,3.037346,0.870111,-0.282213,-0.710708,-2.148906,-0.174825,1.903107,2.255359,0.000066,0.000094,-0.054991,-0.013631,0.183083,0.142249,0.046015,-0.376905,0.085687,0.001054,-0.000779,-2.324539,1.890997,0.463211,-0.645221,1.234084,1.348230,-1.954164,0.015278,-0.018600,-0.556446,-11.933946,3.793665,19.001839,0.702986,2.004684,0.005489,-0.207915,-0.144836,-0.556446,-11.933946,3.793665,19.001839,0.702986,2.004684,0.005489,-0.207915,-0.144836,87.000000,87.000000,87.000000,87.000000,12.000000,12.000000,12.000000,200.000000,200.000000,0.000000,0.000000,0.000000,0.000000,0.000000,0.000000,0.000000,0.000000,0.000000
186,1.565655,0.334214,-1.450491,1.833220,-0.340641,-2.226247,3.005497,0.865065,-0.278596,-0.707737,-2.149261,-0.176101,1.902890,2.249828,0.000074,0.000087,-0.261290,0.214836,0.094178,0.224280,-0.008574,-0.128536,-0.125652,0.000850,-0.000656,-2.575895,6.192183,-5.405276,3.198539,-0.583770,1.118210,2.892961,-0.007458,0.005961,-5.958216,-10.090794,-2.062703,19.805779,0.381606,2.304333,0.016284,-0.244927,-0.101061,-5.958216,-10.090794,-2.062703,19.805779,0.381606,2.304333,0.016284,-0.244927,-0.101061,87.000000,87.000000,87.000000,87.000000,12.000000,12.000000,12.000000,200.000000,200.000000,0.000000,0.000000,0.000000,0.000000,0.000000,0.000000,0.000000,0.000000,0.000000
187,1.749695,0.245740,-1.287303,1.874364,-0.283484,-2.235007,3.010450,0.863181,-0.271891,-0.711330,-2.146888,-0.166681,1.900819,2.248008,0.000074,0.000087,-0.062780,0.197543,-0.056908,0.271095,0.335575,-0.227303,-0.035935,0.000958,-0.000702,1.928740,-0.577018,-0.618076,0.631007,-2.966126,0.785996,0.982445,0.006223,-0.004423,1.292731,-14.505184,5.418127,20.992254,0.878325,2.355569,0.011519,-0.230258,-0.114078,1.292731,-14.505184,5.418127,20.992254,0.878325,2.355569,0.011519,-0.230258,-0.114078,87.000000,87.000000,87.000000,87.000000,12.000000,12.000000,12.000000,200.000000,200.000000,0.000000,0.000000,0.000000,0.000000,0.000000,0.000000,0.000000,0.000000,0.000000
188,1.893626,0.050589,-1.148926,1.910301,-0.316446,-2.192750,3.027752,0.868574,-0.272148,-0.715180,-2.147081,-0.168741,1.907845,2.251366,0.000075,0.000086,0.156635,-0.150256,0.054228,0.129195,-0.064544,0.050698,0.070438,0.000556,-0.000385,2.197242,-9.044344,6.566816,-2.883214,-0.389533,-2.699398,-1.884658,-0.007719,0.009108,6.046863,-21.847866,11.377932,22.619492,0.916443,2.558438,-0.015092,-0.229355,-0.110529,6.046863,-21.847866,11.377932,22.619492,0.916443,2.558438,-0.015092,-0.229355,-0.110529,87.000000,87.000000,87.000000,87.000000,12.000000,12.000000,12.000000,200.000000,200.000000,0.000000,0.000000,0.000000,0.000000,0.000000,0.000000,0.000000,0.000000,0.000000
189,1.701903,0.304545,-1.341501,1.815172,-0.368269,-2.246953,3.052264,0.870141,-0.274697,-0.712425,-2.147182,-0.180629,1.902772,2.258893,0.000065,0.000095,-0.086595,-0.016627,0.185444,0.183252,-0.249314,-0.326353,0.163512,0.001064,-0.000785,-3.462850,3.316048,0.128467,-0.309394,5.937428,1.943557,-3.879441,0.006035,-0.010186,-1.434549,-11.134439,2.747990,18.827578,0.656861,2.049847,0.000636,-0.221107,-0.132093,-1.434549,-11.134439,2.747990,18.827578,0.656861,2.049847,0.000636,-0.221107,-0.132093,87.000000,87.000000,87.000000,87.000000,12.000000,12.000000,12.000000,200.000000,200.000000,0.000000,0.000000,0.000000,0.000000,0.000000,0.000000,0.000000,0.000000,0.000000
190,1.712930,0.190348,-1.329439,1.932875,-0.337275,-2.167456,3.018741,0.871462,-0.275254,-0.712182,-2.146849,-0.181206,1.913659,2.254838,0.000081,0.000082,0.012120,0.001524,0.042267,0.265135,0.054503,0.166311,-0.092226,0.000666,-0.000452,0.970281,0.969705,-1.988317,4.848680,0.094135,-3.970046,2.134670,-0.010412,0.015613,-1.092181,-15.841563,3.456268,23.584919,0.800950,2.723136,0.012731,-0.252215,-0.088496,-1.092181,-15.841563,3.456268,23.584919,0.800950,2.723136,0.012731,-0.252215,-0.088496,87.000000,87.000000,87.000000,87.000000,12.000000,12.000000,12.000000,200.000000,200.000000,0.000000,0.000000,0.000000,0.000000,0.000000,0.000000,0.000000,0.000000,0.000000
191,1.708992,0.195332,-1.338187,1.789489,-0.346311,-2.235097,3.030054,0.872045,-0.277010,-0.711970,-2.145806,-0.182715,1.910561,2.255359,0.000060,0.000099,-0.069821,-0.093630,0.104218,0.138027,0.027091,-0.305942,0.012052,0.000851,-0.000620,-1.419838,-2.997286,0.614649,-5.347639,1.601670,-0.251098,-0.245809,0.015588,-0.018269,-1.226828,-15.474731,3.084374,17.522358,0.722016,1.717904,0.008590,-0.183029,-0.163504,-1.226828,-15.474731,3.084374,17.522358,0.722016,1.717904,0.008590,-0.183029,-0.163504,87.000000,87.000000,87.000000,87.000000,12.000000,12.000000,12.000000,200.000000,200.000000,0.000000,0.000000,0.000000,0.000000,0.000000,0.000000,0.000000,0.000000,0.000000
192,1.703560,0.315292,-1.343166,1.803697,-0.342080,-2.239716,3.010866,0.869749,-0.278089,-0.711211,-2.147298,-0.181901,1.904897,2.251077,0.000066,0.000095,-0.142224,0.025176,0.075694,0.140363,0.073286,-0.298203,-0.095835,0.001048,-0.000785,-0.647527,3.213275,-2.055893,-0.131428,-0.374446,2.669214,2.264225,-0.003018,0.001718,-1.020899,-10.552688,2.745523,18.501472,0.587645,2.140099,0.015774,-0.234153,-0.113774,-1.020899,-10.552688,2.745523,18.501472,0.587645,2.140099,0.015774,-0.234153,-0.113774,87.000000,87.000000,87.000000,87.000000,12.000000,12.000000,12.000000,200.000000,200.000000,0.000000,0.000000,0.000000,0.000000,0.000000,0.000000,0.000000,0.000000,0.000000
193,1.792931,0.213145,-1.241752,1.891182,-0.293254,-2.194635,3.015115,0.868641,-0.277813,-0.711961,-2.148948,-0.171643,1.909428,2.249807,0.000078,0.000084,-0.041039,0.007278,0.050975,0.174532,0.318947,-0.023440,-0.024967,0.000855,-0.000657,2.755550,-0.384593,0.021839,2.699142,-4.943556,-1.935238,0.624427,-0.002965,0.004485,2.574049,-14.818672,7.040422,22.203318,0.807543,2.589817,0.004225,-0.245268,-0.097550,2.574049,-14.818672,7.040422,22.203318,0.807543,2.589817,0.004225,-0.245268,-0.097550,87.000000,87.000000,87.000000,87.000000,12.000000,12.000000,12.000000,200.000000,200.000000,0.000000,0.000000,0.000000,0.000000,0.000000,0.000000,0.000000,0.000000,0.000000
194,1.837836,0.243577,-1.209897,1.830141,-0.325373,-2.253051,3.028607,0.870960,-0.278461,-0.711890,-2.148221,-0.172687,1.901264,2.252459,0.000068,0.000092,0.015359,-0.032238,0.133452,0.180789,0.000804,-0.397761,0.056254,0.001062,-0.000767,0.160000,-1.207841,3.162764,-2.190594,0.763686,3.602171,-1.374616,0.004454,-0.005554,3.878284,-13.490747,8.275495,19.407877,0.774736,2.212306,-0.000647,-0.228876,-0.121016,3.878284,-13.490747,8.275495,19.407877,0.774736,2.212306,-0.000647,-0.228876,-0.121016,87.000000,87.000000,87.000000,87.000000,12.000000,12.000000,12.000000,200.000000,200.000000,0.000000,0.000000,0.000000,0.000000,0.000000,0.000000,0.000000,0.000000,0.000000
195,1.766948,0.275166,-1.269922,1.868471,-0.345242,-2.201954,3.041430,0.872006,-0.278350,-0.709096,-2.148437,-0.177566,1.905923,2.256895,0.000080,0.000083,-0.027729,0.048602,0.162918,0.217878,-0.101019,0.012290,0.095403,0.000732,-0.000560,0.163428,2.543657,-0.325904,2.790559,1.051373,-0.885813,-2.376422,-0.011282,0.010925,1.076021,-12.237506,5.371407,21.143091,0.652255,2.548589,-0.004629,-0.254489,-0.089905,1.076021,-12.237506,5.371407,21.143091,0.652255,2.548589,-0.004629,-0.254489,-0.089905,87.000000,87.000000,87.000000,87.000000,12.000000,12.000000,12.000000,200.000000,200.000000,0.000000,0.000000,0.000000,0.000000,0.000000,0.000000,0.000000,0.000000,0.000000
196,1.633585,0.182464,-1.417199,1.833257,-0.338801,-2.228092,3.038681,0.873932,-0.277699,-0.709532,-2.147789,-0.179087,1.906239,2.258534,0.000067,0.000092,-0.022721,0.006563,0.025559,0.177925,0.042431,-0.183004,0.034875,0.000726,-0.000512,-2.079043,-1.168109,-2.137585,-1.948542,1.717318,-0.874258,-0.781202,0.007985,-0.006733,-4.550792,-16.097467,-0.224233,19.519592,0.699482,1.986179,0.007967,-0.199691,-0.139539,-4.550792,-16.097467,-0.224233,19.519592,0.699482,1.986179,0.007967,-0.199691,-0.139539,87.000000,87.000000,87.000000,87.000000,12.000000,12.000000,12.000000,200.000000,200.000000,0.000000,0.000000,0.000000,0.000000,0.000000,0.000000,0.000000,0.000000,0.000000
197,1.738528,0.230709,-1.295629,1.938826,-0.297539,-2.169750,3.022206,0.873022,-0.276005,-0.710420,-2.146319,-0.170666,1.915166,2.255435,0.000080,0.000083,-0.083513,0.093212,0.045259,0.317636,0.263396,0.087244,-0.067869,0.000833,-0.000593,0.245811,2.269433,-0.556614,5.829199,-4.475289,-3.588386,1.619164,-0.004924,0.008003,0.013894,-14.336955,4.747294,23.696850,0.730757,2.736754,0.009110,-0.251912,-0.092063,0.013894,-14.336955,4.747294,23.696850,0.730757,2.736754,0.009110,-0.251912,-0.092063,87.000000,87.000000,87.000000,87.000000,12.000000,12.000000,12.000000,200.000000,200.000000,0.000000,0.000000,0.000000,0.000000,0.000000,0.000000,0.000000,0.000000,0.000000
198,1.730632,0.221759,-1.281505,1.830702,-0.293133,-2.203727,3.008524,0.868434,-0.273934,-0.707859,-2.143287,-0.164345,1.916925,2.250561,0.000067,0.000093,-0.198737,0.034860,0.173084,0.235953,0.189365,-0.159130,-0.107635,0.000801,-0.000579,0.806680,-2.201297,0.101084,-2.691695,-3.315339,-1.914418,2.539704,0.010741,-0.011392,0.394850,-14.960170,4.812975,18.859995,0.663289,1.980403,0.010557,-0.200842,-0.143443,0.394850,-14.960170,4.812975,18.859995,0.663289,1.980403,0.010557,-0.200842,-0.143443,87.000000,87.000000,87.000000,87.000000,12.000000,12.000000,12.000000,200.000000,200.000000,0.000000,0.000000,0.000000,0.000000,0.000000,0.000000,0.000000,0.000000,0.000000
199,1.721858,0.324855,-1.320066,1.741227,-0.333018,-2.288362,3.012025,0.865992,-0.272714,-0.706901,-2.142132,-0.169638,1.900084,2.248849,0.000057,0.000104,-0.132584,0.045590,0.091097,0.129507,-0.088786,-0.619145,-0.039531,0.001275,-0.000832,-0.383457,0.181135,-1.000348,-6.479973,3.339107,7.417506,0.918595,0.010662,-0.006471,-0.001726,-10.827216,3.347481,15.255687,0.614294,1.700043,0.012073,-0.210658,-0.140333,-0.001726,-10.827216,3.347481,15.255687,0.614294,1.700043,0.012073,-0.210658,-0.140333,87.000000,87.000000,87.000000,87.000000,12.000000,12.000000,12.000000,200.000000,200.000000,0.000000,0.000000,0.000000,0.000000,0.000000,0.000000,0.000000,0.000000,0.000000
200,1.812822,0.189899,-1.233131,1.950651,-0.296334,-2.177104,3.023499,0.868976,-0.272340,-0.710185,-2.144270,-0.166136,1.908145,2.250671,0.000085,0.000080,0.097261,0.009829,-0.032897,0.191053,0.141456,0.135091,0.041462,0.000672,-0.000580,2.516708,-0.177405,0.629813,5.001589,-2.294883,-1.953589,-1.042305,-0.025647,0.019205,2.966120,-16.181015,7.497268,24.294519,0.864782,2.981721,-0.003136,-0.283538,-0.071588,2.966120,-16.181015,7.497268,24.294519,0.864782,2.981721,-0.003136,-0.283538,-0.071588,87.000000,87.000000,87.000000,87.000000,12.000000,12.000000,12.000000,200.000000,200.000000,0.000000,0.000000,0.000000,0.000000,0.000000,0.000000,0.000000,0.000000,0.000000
201,1.752997,0.265716,-1.273943,1.842675,-0.314269,-2.226023,3.016854,0.868861,-0.271275,-0.708911,-2.143356,-0.167024,1.907491,2.250085,0.000070,0.000091,-0.105093,0.046252,0.163473,0.205568,0.015010,-0.225982,-0.014892,0.000890,-0.000661,-1.533223,0.413446,1.711323,-0.739030,0.393748,-0.595019,0.349793,0.011994,-0.012066,0.869837,-13.294626,5.319153,19.537338,0.708543,2.095865,0.008254,-0.209607,-0.134818,0.869837,-13.294626,5.319153,19.537338,0.708543,2.095865,0.008254,-0.209607,-0.134818,87.000000,87.000000,87.000000,87.000000,12.000000,12.000000,12.000000,200.000000,200.000000,0.000000,0.000000,0.000000,0.000000,0.000000,0.000000,0.000000,0.000000,0.000000
202,1.648020,0.230390,-1.389049,1.901880,-0.335054,-2.226902,3.037964,0.868959,-0.269069,-0.709646,-2.140696,-0.172145,1.904536,2.254796,0.000072,0.000089,-0.073748,0.093405,0.018129,0.294985,-0.080423,-0.216526,0.102835,0.000884,-0.000651,-1.932869,1.429439,-1.938373,1.648375,2.621331,2.385813,-2.470643,-0.007383,0.005949,-3.433020,-14.952024,0.943985,21.591085,0.668826,2.450661,-0.000677,-0.242144,-0.105019,-3.433020,-14.952024,0.943985,21.591085,0.668826,2.450661,-0.000677,-0.242144,-0.105019,87.000000,87.000000,87.000000,87.000000,12.000000,12.000000,12.000000,200.000000,200.000000,0.000000,0.000000,0.000000,0.000000,0.000000,0.000000,0.000000,0.000000,0.000000
203,1.739860,0.235119,-1.310254,1.814793,-0.328056,-2.252409,3.028389,0.868571,-0.267585,-0.711535,-2.139419,-0.173968,1.899892,2.254997,0.000064,0.000095,-0.067808,0.011100,0.029808,0.156097,0.022618,-0.288821,0.002605,0.000842,-0.000605,-0.060874,-2.393327,0.534724,-4.397638,1.412357,1.588638,-0.038335,0.007311,-0.006577,0.360320,-14.880774,4.359097,18.029503,0.754864,1.945702,0.007912,-0.202536,-0.139332,0.360320,-14.880774,4.359097,18.029503,0.754864,1.945702,0.007912,-0.202536,-0.139332,87.000000,87.000000,87.000000,87.000000,12.000000,12.000000,12.000000,200.000000,200.000000,0.000000,0.000000,0.000000,0.000000,0.000000,0.000000,0.000000,0.000000,0.000000
204,1.798943,0.179043,-1.245770,1.854042,-0.297869,-2.212383,3.021820,0.869251,-0.269859,-0.712459,-2.143327,-0.168382,1.904380,2.253507,0.000070,0.000091,0.003347,-0.118983,0.066630,0.040789,0.192913,-0.033727,-0.032510,0.000730,-0.000538,2.294620,-3.369245,1.206803,-1.348762,-2.924090,-2.595740,0.756530,-0.000714,0.002402,2.618798,-16.651733,6.948477,20.392649,0.812104,2.274508,0.003817,-0.218613,-0.120657,2.618798,-16.651733,6.948477,20.392649,0.812104,2.274508,0.003817,-0.218613,-0.120657,87.000000,87.000000,87.000000,87.000000,12.000000,12.000000,12.000000,200.000000,200.000000,0.000000,0.000000,0.000000,0.000000,0.000000,0.000000,0.000000,0.000000,0.000000
205,1.759627,0.228480,-1.268999,1.949745,-0.290162,-2.163824,3.026650,0.869816,-0.272226,-0.711631,-2.145184,-0.162950,1.915247,2.253879,0.000080,0.000083,-0.039890,-0.022986,0.110270,0.236446,0.160827,0.125015,0.008249,0.000867,-0.000609,0.278036,2.731637,0.178288,6.982797,-3.441578,-4.518809,-0.249474,-0.003447,0.007187,0.999219,-14.391307,5.779144,24.325312,0.737141,2.813844,0.000365,-0.252626,-0.092392,0.999219,-14.391307,5.779144,24.325312,0.737141,2.813844,0.000365,-0.252626,-0.092392,87.000000,87.000000,87.000000,87.000000,12.000000,12.000000,12.000000,200.000000,200.000000,0.000000,0.000000,0.000000,0.000000,0.000000,0.000000,0.000000,0.000000,0.000000
206,1.738284,0.338339,-1.298057,1.766882,-0.330376,-2.273634,3.025704,0.867927,-0.271568,-0.708489,-2.142481,-0.168539,1.902697,2.253871,0.000061,0.000099,-0.149563,0.050254,0.190327,0.208444,-0.093376,-0.545742,-0.002806,0.001193,-0.000842,-1.313117,1.423323,0.080943,-4.450038,3.533073,4.856769,0.086484,0.015444,-0.017515,0.487216,-10.319416,4.156412,16.216547,0.656016,1.733578,0.011708,-0.206427,-0.148847,0.487216,-10.319416,4.156412,16.216547,0.656016,1.733578,0.011708,-0.206427,-0.148847,87.000000,87.000000,87.000000,87.000000,12.000000,12.000000,12.000000,200.000000,200.000000,0.000000,0.000000,0.000000,0.000000,0.000000,0.000000,0.000000,0.000000,0.000000
207,1.755219,0.193346,-1.291749,1.797899,-0.334503,-2.227500,3.013582,0.869335,-0.273156,-0.708044,-2.146288,-0.173283,1.903113,2.250977,0.000069,0.000092,0.033861,-0.100768,0.067547,-0.000562,-0.077778,-0.097318,-0.066413,0.000660,-0.000517,1.973103,-3.402767,-0.668052,-4.160784,1.701354,0.206277,1.448285,-0.008970,0.006867,0.765994,-15.867750,4.644674,18.332315,0.719093,2.107212,0.006483,-0.225905,-0.117957,0.765994,-15.867750,4.644674,18.332315,0.719093,2.107212,0.006483,-0.225905,-0.117957,87.000000,87.000000,87.000000,87.000000,12.000000,12.000000,12.000000,200.000000,200.000000,0.000000,0.000000,0.000000,0.000000,0.000000,0.000000,0.000000,0.000000,0.000000
208,1.609417,0.244205,-1.399218,1.981203,-0.333906,-2.151732,3.024522,0.867491,-0.272444,-0.707948,-2.147845,-0.175324,1.916371,2.252003,0.000084,0.000080,-0.164847,0.126934,0.041854,0.299764,-0.013417,0.207379,0.023206,0.000788,-0.000567,-2.748512,6.281094,-3.023586,10.501163,-0.064742,-4.908283,-0.607453,-0.010908,0.013895,-4.665420,-13.941002,0.277249,25.828993,0.633214,2.968823,0.005002,-0.266737,-0.078602,-4.665420,-13.941002,0.277249,25.828993,0.633214,2.968823,0.005002,-0.266737,-0.078602,87.000000,87.000000,87.000000,87.000000,12.000000,12.000000,12.000000,200.000000,200.000000,0.000000,0.000000,0.000000,0.000000,0.000000,0.000000,0.000000,0.000000,0.000000
209,1.705202,0.173906,-1.326198,1.834788,-0.314513,-2.201113,3.003850,0.865559,-0.270664,-0.710425,-2.145155,-0.172932,1.918726,2.247653,0.000065,0.000094,-0.102857,-0.003169,0.001624,0.213574,0.138888,-0.161967,-0.096599,0.000737,-0.000533,0.344768,-3.873834,0.117191,-3.610368,0.039505,-2.548836,2.344500,0.015382,-0.016814,-0.665909,-17.129051,3.681091,19.181446,0.828199,1.910878,0.015772,-0.186296,-0.157982,-0.665909,-17.129051,3.681091,19.181446,0.828199,1.910878,0.015772,-0.186296,-0.157982,87.000000,87.000000,87.000000,87.000000,12.000000,12.000000,12.000000,200.000000,200.000000,0.000000,0.000000,0.000000,0.000000,0.000000,0.000000,0.000000,0.000000,0.000000
210,1.917467,0.168991,-1.125830,1.818263,-0.339346,-2.201890,3.024479,0.867922,-0.275157,-0.711262,-2.147162,-0.177555,1.917788,2.250329,0.000065,0.000095,0.069816,-0.224448,0.129225,0.048373,-0.088216,-0.188378,0.057586,0.000906,-0.000670,3.287707,-5.815899,4.884097,-4.808508,1.962561,-0.041181,-1.471087,0.000401,-0.000879,7.343251,-16.489285,11.695217,19.050333,0.908320,2.177195,-0.004568,-0.218910,-0.124953,7.343251,-16.489285,11.695217,19.050333,0.908320,2.177195,-0.004568,-0.218910,-0.124953,87.000000,87.000000,87.000000,87.000000,12.000000,12.000000,12.000000,200.000000,200.000000,0.000000,0.000000,0.000000,0.000000,0.000000,0.000000,0.000000,0.000000,0.000000
211,1.667094,0.291293,-1.365157,1.834335,-0.371197,-2.229710,3.049141,0.868468,-0.279654,-0.708690,-2.149378,-0.186014,1.910514,2.257591,0.000067,0.000094,-0.098661,-0.056317,0.141601,0.150933,-0.153334,-0.350304,0.158684,0.001144,-0.000857,-2.845014,4.520963,-1.776073,1.761897,4.370018,3.566692,-3.748221,-0.001854,-0.000937,-2.621448,-11.094700,1.507389,19.973475,0.626293,2.279198,0.000641,-0.241561,-0.110997,-2.621448,-11.094700,1.507389,19.973475,0.626293,2.279198,0.000641,-0.241561,-0.110997,87.000000,87.000000,87.000000,87.000000,12.000000,12.000000,12.000000,200.000000,200.000000,0.000000,0.000000,0.000000,0.000000,0.000000,0.000000,0.000000,0.000000,0.000000
212,1.742921,0.366039,-1.300202,1.829727,-0.330458,-2.233926,3.010832,0.866995,-0.277989,-0.708159,-2.148851,-0.181965,1.905002,2.252240,0.000075,0.000087,-0.091125,0.142168,0.056818,0.245062,0.192674,-0.287470,-0.119382,0.001010,-0.000778,0.522817,5.377236,-2.301455,2.617598,-1.064004,2.949859,2.914027,-0.005325,0.003661,0.707675,-8.718643,4.252724,19.545994,0.706333,2.349833,0.021983,-0.253422,-0.096040,0.707675,-8.718643,4.252724,19.545994,0.706333,2.349833,0.021983,-0.253422,-0.096040,87.000000,87.000000,87.000000,87.000000,12.000000,12.000000,12.000000,200.000000,200.000000,0.000000,0.000000,0.000000,0.000000,0.000000,0.000000,0.000000,0.000000,0.000000
213,1.758858,0.263951,-1.273400,1.862019,-0.303756,-2.231878,3.015264,0.866349,-0.273078,-0.709141,-2.146690,-0.173265,1.902316,2.250461,0.000076,0.000085,-0.062023,0.157664,0.050247,0.258666,0.268072,-0.216835,-0.037099,0.000859,-0.000647,0.677996,0.271859,0.235738,0.460662,-4.131506,1.560748,0.904775,0.000504,0.000171,1.326321,-13.527051,5.567644,20.505035,0.698722,2.380929,0.006267,-0.236876,-0.106628,1.326321,-13.527051,5.567644,20.505035,0.698722,2.380929,0.006267,-0.236876,-0.106628,87.000000,87.000000,87.000000,87.000000,12.000000,12.000000,12.000000,200.000000,200.000000,0.000000,0.000000,0.000000,0.000000,0.000000,0.000000,0.000000,0.000000,0.000000
214,1.698413,0.094179,-1.318439,1.922403,-0.340944,-2.170955,3.013474,0.867209,-0.271399,-0.710418,-2.145937,-0.176514,1.913644,2.249222,0.000078,0.000084,-0.030238,-0.017116,0.052984,0.207673,-0.102226,0.171542,-0.031678,0.000492,-0.000306,-0.422207,-4.387814,1.076448,0.384235,-0.459666,-4.237868,0.504614,-0.004292,0.009686,-1.306709,-20.252222,3.908918,22.990044,0.652215,2.557575,-0.004729,-0.225596,-0.109913,-1.306709,-20.252222,3.908918,22.990044,0.652215,2.557575,-0.004729,-0.225596,-0.109913,87.000000,87.000000,87.000000,87.000000,12.000000,12.000000,12.000000,200.000000,200.000000,0.000000,0.000000,0.000000,0.000000,0.000000,0.000000,0.000000,0.000000,0.000000
215,1.833915,0.225040,-1.200380,1.843824,-0.334642,-2.215825,3.023153,0.868481,-0.273134,-0.709204,-2.144918,-0.179016,1.912772,2.250775,0.000067,0.000093,-0.001094,-0.078507,0.159813,0.191709,0.023653,-0.241919,0.035087,0.000962,-0.000712,1.425051,-2.026799,2.473328,-1.841971,2.553465,-0.890390,-0.754534,0.008821,-0.012529,4.035905,-14.580040,8.331648,19.682741,0.959560,2.105303,0.008572,-0.213405,-0.137501,4.035905,-14.580040,8.331648,19.682741,0.959560,2.105303,0.008572,-0.213405,-0.137501,87.000000,87.000000,87.000000,87.000000,12.000000,12.000000,12.000000,200.000000,200.000000,0.000000,0.000000,0.000000,0.000000,0.000000,0.000000,0.000000,0.000000,0.000000
216,1.731781,0.271620,-1.307992,1.756476,-0.318167,-2.269705,3.021502,0.869230,-0.276000,-0.706021,-2.146704,-0.174914,1.901356,2.251212,0.000060,0.000100,-0.037789,-0.088195,0.164869,0.059052,0.182030,-0.480606,0.010249,0.001073,-0.000756,0.174303,-0.497784,-1.026567,-4.857978,-0.944092,4.087865,-0.142531,0.009827,-0.008144,-0.082779,-12.375697,3.559468,16.511879,0.669991,1.785574,0.009393,-0.204214,-0.140918,-0.082779,-12.375697,3.559468,16.511879,0.669991,1.785574,0.009393,-0.204214,-0.140918,87.000000,87.000000,87.000000,87.000000,12.000000,12.000000,12.000000,200.000000,200.000000,0.000000,0.000000,0.000000,0.000000,0.000000,0.000000,0.000000,0.000000,0.000000
217,1.557479,0.329598,-1.450734,1.939607,-0.317141,-2.162961,3.010936,0.865311,-0.273219,-0.704881,-2.147456,-0.170429,1.912530,2.248942,0.000086,0.000078,-0.221615,0.235140,0.023750,0.320810,0.106757,0.212187,-0.051882,0.000735,-0.000571,-2.679424,9.226398,-5.877665,10.504788,-4.587963,-2.743587,1.086057,-0.021997,0.021280,-6.411554,-10.584529,-2.144427,24.077534,0.328432,2.944576,0.003994,-0.284226,-0.064882,-6.411554,-10.584529,-2.144427,24.077534,0.328432,2.944576,0.003994,-0.284226,-0.064882,87.000000,87.000000,87.000000,87.000000,12.000000,12.000000,12.000000,200.000000,200.000000,0.000000,0.000000,0.000000,0.000000,0.000000,0.000000,0.000000,0.000000,0.000000
218,1.735755,0.142409,-1.301502,1.914832,-0.311134,-2.194948,3.012165,0.865851,-0.268305,-0.710811,-2.141724,-0.169736,1.915885,2.248044,0.000072,0.000089,-0.017220,0.085430,-0.091788,0.347206,0.080427,-0.115390,-0.020460,0.000724,-0.000520,-0.085740,-4.157207,1.761841,-1.096455,0.793260,-1.821033,0.487126,0.007133,-0.008501,0.283723,-18.829624,5.039366,21.896540,0.904719,2.305396,0.006760,-0.210045,-0.136155,0.283723,-18.829624,5.039366,21.896540,0.904719,2.305396,0.006760,-0.210045,-0.136155,87.000000,87.000000,87.000000,87.000000,12.000000,12.000000,12.000000,200.000000,200.000000,0.000000,0.000000,0.000000,0.000000,0.000000,0.000000,0.000000,0.000000,0.000000
219,1.867665,0.239676,-1.178851,1.733749,-0.266849,-2.288111,3.012110,0.865497,-0.268939,-0.711397,-2.141050,-0.159322,1.900608,2.247516,0.000055,0.000105,-0.042358,-0.111389,0.134320,0.049581,0.358808,-0.622490,-0.008260,0.001222,-0.000827,2.488066,-6.228806,3.811450,-10.248239,-3.278689,4.475913,0.398324,0.027977,-0.022977,5.791292,-14.482522,9.516203,14.868056,0.876883,1.502554,0.010215,-0.176142,-0.168233,5.791292,-14.482522,9.516203,14.868056,0.876883,1.502554,0.010215,-0.176142,-0.168233,87.000000,87.000000,87.000000,87.000000,12.000000,12.000000,12.000000,200.000000,200.000000,0.000000,0.000000,0.000000,0.000000,0.000000,0.000000,0.000000,0.000000,0.000000
220,1.720999,0.349762,-1.312059,1.869973,-0.325584,-2.226442,3.026143,0.864966,-0.269429,-0.709876,-2.143900,-0.164018,1.898828,2.250703,0.000078,0.000085,-0.094306,0.082669,0.107535,0.166132,-0.156537,-0.115083,0.065624,0.000942,-0.000786,-1.220574,5.935482,-1.297256,4.421646,-0.271051,3.356547,-1.793931,-0.026310,0.017210,-0.101959,-9.862942,3.843159,21.071442,0.421380,2.722134,-0.008575,-0.287305,-0.072051,-0.101959,-9.862942,3.843159,21.071442,0.421380,2.722134,-0.008575,-0.287305,-0.072051,87.000000,87.000000,87.000000,87.000000,12.000000,12.000000,12.000000,200.000000,200.000000,0.000000,0.000000,0.000000,0.000000,0.000000,0.000000,0.000000,0.000000,0.000000
221,1.752377,0.195500,-1.281141,1.955012,-0.338410,-2.169489,3.033812,0.866959,-0.267184,-0.711342,-2.142926,-0.172629,1.911079,2.254159,0.000084,0.000079,0.021896,0.073252,0.031224,0.285285,-0.172437,0.186058,0.073305,0.000594,-0.000412,0.200094,0.240464,0.597875,4.710764,3.689731,-4.446315,-1.851192,-0.007268,0.012646,0.771249,-16.512070,5.502483,24.095320,0.875797,2.768025,-0.001481,-0.247994,-0.089644,0.771249,-16.512070,5.502483,24.095320,0.875797,2.768025,-0.001481,-0.247994,-0.089644,87.000000,87.000000,87.000000,87.000000,12.000000,12.000000,12.000000,200.000000,200.000000,0.000000,0.000000,0.000000,0.000000,0.000000,0.000000,0.000000,0.000000,0.000000
222,1.703141,0.140105,-1.327855,1.833403,-0.344226,-2.242520,3.032617,0.868016,-0.267886,-0.711028,-2.141173,-0.178692,1.907029,2.255654,0.000060,0.000099,-0.049253,-0.100103,0.117097,0.155424,-0.061682,-0.337235,0.031772,0.000859,-0.000605,-1.068586,-5.323534,1.307654,-5.599905,4.428686,0.017774,-0.673418,0.019084,-0.020154,-1.174564,-18.527010,3.429086,18.848137,0.885966,1.801404,0.010148,-0.178038,-0.166493,-1.174564,-18.527010,3.429086,18.848137,0.885966,1.801404,0.010148,-0.178038,-0.166493,87.000000,87.000000,87.000000,87.000000,12.000000,12.000000,12.000000,200.000000,200.000000,0.000000,0.000000,0.000000,0.000000,0.000000,0.000000,0.000000,0.000000,0.000000
223,1.749584,0.201380,-1.299469,1.864052,-0.321911,-2.208735,3.021903,0.870019,-0.272282,-0.711298,-2.143468,-0.176208,1.908668,2.253871,0.000069,0.000091,0.026258,-0.142718,0.057262,0.115252,0.125479,-0.096606,-0.039844,0.000826,-0.000614,0.927920,-0.844237,-0.394411,0.169424,-1.095996,-0.704092,0.933635,-0.006353,0.006419,0.445664,-15.356948,4.639524,20.693399,0.760879,2.352586,0.007956,-0.232634,-0.110729,0.445664,-15.356948,4.639524,20.693399,0.760879,2.352586,0.007956,-0.232634,-0.110729,87.000000,87.000000,87.000000,87.000000,12.000000,12.000000,12.000000,200.000000,200.000000,0.000000,0.000000,0.000000,0.000000,0.000000,0.000000,0.000000,0.000000,0.000000
224,1.702285,0.360393,-1.339573,1.738426,-0.338297,-2.283873,3.017640,0.867738,-0.274512,-0.709062,-2.145917,-0.177056,1.896479,2.251902,0.000059,0.000101,-0.176762,-0.007232,0.147335,0.063952,0.028832,-0.515080,-0.044137,0.001205,-0.000835,-1.923278,3.276365,-1.204847,-3.484119,0.820092,4.536080,1.081746,0.013624,-0.011434,-0.898914,-8.943517,2.581681,15.792654,0.540120,1.724248,0.014729,-0.205752,-0.142891,-0.898914,-8.943517,2.581681,15.792654,0.540120,1.724248,0.014729,-0.205752,-0.142891,87.000000,87.000000,87.000000,87.000000,12.000000,12.000000,12.000000,200.000000,200.000000,0.000000,0.000000,0.000000,0.000000,0.000000,0.000000,0.000000,0.000000,0.000000
225,1.782702,0.301517,-1.250624,1.896301,-0.314493,-2.179175,3.009677,0.866173,-0.273009,-0.709104,-2.149435,-0.173179,1.906705,2.248979,0.000085,0.000079,-0.051045,0.109260,0.042276,0.168661,0.124758,0.180289,-0.064788,0.000677,-0.000559,2.634565,3.886679,-1.554329,6.206148,-3.214329,-3.018349,1.424282,-0.023332,0.019582,2.383503,-11.695107,6.389101,22.662971,0.689836,2.832226,0.004584,-0.280255,-0.070750,2.383503,-11.695107,6.389101,22.662971,0.689836,2.832226,0.004584,-0.280255,-0.070750,87.000000,87.000000,87.000000,87.000000,12.000000,12.000000,12.000000,200.000000,200.000000,0.000000,0.000000,0.000000,0.000000,0.000000,0.000000,0.000000,0.000000,0.000000
226,1.697788,0.168908,-1.320322,1.934905,-0.293609,-2.184550,3.025852,0.866123,-0.269769,-0.710507,-2.147570,-0.166851,1.913802,2.251291,0.000077,0.000085,-0.066348,0.088851,0.039794,0.296177,0.218904,-0.016880,0.053157,0.000791,-0.000560,-0.639312,-0.880893,0.285011,3.342957,-2.547591,-3.764230,-1.203160,0.009785,-0.006085,-1.161784,-17.474007,3.830637,23.556801,0.815001,2.514499,0.001161,-0.220732,-0.120340,-1.161784,-17.474007,3.830637,23.556801,0.815001,2.514499,0.001161,-0.220732,-0.120340,87.000000,87.000000,87.000000,87.000000,12.000000,12.000000,12.000000,200.000000,200.000000,0.000000,0.000000,0.000000,0.000000,0.000000,0.000000,0.000000,0.000000,0.000000
227,1.737081,0.119805,-1.298066,1.844309,-0.340407,-2.218789,3.007420,0.867858,-0.270967,-0.711905,-2.145679,-0.173359,1.912155,2.248234,0.000065,0.000095,-0.010342,-0.125948,0.073212,0.166373,-0.151607,-0.221524,-0.073416,0.000818,-0.000585,-0.690672,-5.863671,2.408402,-5.007418,2.791193,0.489633,1.587453,0.006936,-0.007989,0.117335,-19.055460,4.867390,19.648729,0.745615,2.069345,0.005722,-0.202666,-0.141648,0.117335,-19.055460,4.867390,19.648729,0.745615,2.069345,0.005722,-0.202666,-0.141648,87.000000,87.000000,87.000000,87.000000,12.000000,12.000000,12.000000,200.000000,200.000000,0.000000,0.000000,0.000000,0.000000,0.000000,0.000000,0.000000,0.000000,0.000000
228,1.727054,0.258716,-1.298572,1.880311,-0.309675,-2.176326,3.023045,0.866318,-0.273645,-0.710366,-2.146153,-0.170609,1.918412,2.250186,0.000075,0.000087,-0.102413,-0.037760,0.112312,0.219149,0.140769,0.011802,0.046342,0.000862,-0.000620,0.738862,2.363189,-1.376297,3.380887,-1.404313,-2.922670,-1.048834,-0.003528,0.006003,0.168686,-13.050176,4.400895,21.465744,0.744940,2.452488,0.004416,-0.242976,-0.101151,0.168686,-13.050176,4.400895,21.465744,0.744940,2.452488,0.004416,-0.242976,-0.101151,87.000000,87.000000,87.000000,87.000000,12.000000,12.000000,12.000000,200.000000,200.000000,0.000000,0.000000,0.000000,0.000000,0.000000,0.000000,0.000000,0.000000,0.000000
229,1.786221,0.246357,-1.265556,1.770066,-0.339527,-2.251909,3.019055,0.867986,-0.276557,-0.710449,-2.145854,-0.175396,1.908691,2.250386,0.000061,0.000099,0.000581,-0.116843,0.097727,0.111157,-0.070034,-0.452954,0.000820,0.001050,-0.000752,0.093352,-2.169174,1.513133,-5.841306,3.212960,3.651650,-0.040542,0.009680,-0.011262,2.088964,-13.361235,5.934225,16.792572,0.757019,1.811729,0.007691,-0.205771,-0.143851,2.088964,-13.361235,5.934225,16.792572,0.757019,1.811729,0.007691,-0.205771,-0.143851,87.000000,87.000000,87.000000,87.000000,12.000000,12.000000,12.000000,200.000000,200.000000,0.000000,0.000000,0.000000,0.000000,0.000000,0.000000,0.000000,0.000000,0.000000
230,1.794774,0.370860,-1.250239,1.817479,-0.321754,-2.256051,3.040788,0.868172,-0.277216,-0.708624,-2.147180,-0.174124,1.898834,2.255579,0.000072,0.000090,-0.053646,0.065016,0.133379,0.171687,0.107631,-0.390918,0.116432,0.001185,-0.000899,0.392974,4.901590,-0.496633,1.528409,-0.137182,4.968776,-2.672015,-0.005789,0.003335,2.576692,-8.409242,6.190996,19.054771,0.704910,2.350169,0.002518,-0.260211,-0.094852,2.576692,-8.409242,6.190996,19.054771,0.704910,2.350169,0.002518,-0.260211,-0.094852,87.000000,87.000000,87.000000,87.000000,12.000000,12.000000,12.000000,200.000000,200.000000,0.000000,0.000000,0.000000,0.000000,0.000000,0.000000,0.000000,0.000000,0.000000
231,1.651152,0.236269,-1.366414,1.913802,-0.354279,-2.177067,3.016706,0.867038,-0.273888,-0.707933,-2.147064,-0.179458,1.909341,2.252685,0.000085,0.000078,-0.109773,0.147172,0.063768,0.257788,-0.146460,0.181934,-0.070183,0.000572,-0.000435,-1.354985,2.739707,-2.207758,4.792700,0.302425,-2.843548,1.427744,-0.013004,0.014933,-3.025751,-14.400993,1.575542,22.854666,0.515143,2.711538,0.003468,-0.257766,-0.083280,-3.025751,-14.400993,1.575542,22.854666,0.515143,2.711538,0.003468,-0.257766,-0.083280,87.000000,87.000000,87.000000,87.000000,12.000000,12.000000,12.000000,200.000000,200.000000,0.000000,0.000000,0.000000,0.000000,0.000000,0.000000,0.000000,0.000000,0.000000
232,1.748865,0.179249,-1.261867,1.851589,-0.292646,-2.197949,3.014518,0.864575,-0.271087,-0.707002,-2.146115,-0.171099,1.914882,2.250470,0.000070,0.000090,-0.097387,0.030600,0.111545,0.185484,0.319202,-0.084701,-0.044400,0.000726,-0.000501,2.337827,-3.759537,0.144848,-1.833776,-2.503134,-4.584885,1.219369,0.017846,-0.014151,1.256462,-16.965191,5.690530,20.106213,0.935883,2.021373,0.013681,-0.191499,-0.146157,1.256462,-16.965191,5.690530,20.106213,0.935883,2.021373,0.013681,-0.191499,-0.146157,87.000000,87.000000,87.000000,87.000000,12.000000,12.000000,12.000000,200.000000,200.000000,0.000000,0.000000,0.000000,0.000000,0.000000,0.000000,0.000000,0.000000,0.000000
233,1.740423,0.151319,-1.300819,1.867428,-0.323360,-2.222895,3.008818,0.868221,-0.272747,-0.709204,-2.145701,-0.171650,1.910520,2.248095,0.000066,0.000094,0.059663,-0.099480,0.023828,0.168860,0.007545,-0.281120,-0.055799,0.000940,-0.000680,-0.733800,-3.314057,1.582803,-2.187686,0.389629,2.216779,1.217756,-0.000949,-0.000927,0.037102,-17.578150,4.622017,20.730019,0.732621,2.292314,0.004774,-0.224341,-0.123159,0.037102,-17.578150,4.622017,20.730019,0.732621,2.292314,0.004774,-0.224341,-0.123159,87.000000,87.000000,87.000000,87.000000,12.000000,12.000000,12.000000,200.000000,200.000000,0.000000,0.000000,0.000000,0.000000,0.000000,0.000000,0.000000,0.000000,0.000000
234,1.708030,0.238380,-1.347626,1.816204,-0.350129,-2.238006,3.040447,0.870993,-0.276103,-0.710920,-2.146986,-0.177962,1.905331,2.254333,0.000066,0.000095,-0.014737,-0.088980,0.035809,0.117877,-0.114398,-0.282985,0.137229,0.000932,-0.000686,-2.474507,0.440560,0.317077,-1.919609,2.919166,2.530262,-3.287908,-0.001053,0.000217,-1.385630,-13.641579,2.786400,18.934105,0.636723,2.127795,-0.002998,-0.223340,-0.122307,-1.385630,-13.641579,2.786400,18.934105,0.636723,2.127795,-0.002998,-0.223340,-0.122307,87.000000,87.000000,87.000000,87.000000,12.000000,12.000000,12.000000,200.000000,200.000000,0.000000,0.000000,0.000000,0.000000,0.000000,0.000000,0.000000,0.000000,0.000000
235,1.749553,0.282302,-1.306441,1.811500,-0.323691,-2.255721,3.012433,0.871181,-0.277967,-0.711933,-2.149304,-0.176151,1.898303,2.250930,0.000067,0.000094,-0.060506,-0.023017,0.046089,0.109547,0.128707,-0.347012,-0.076600,0.001036,-0.000767,-0.354220,1.673690,-0.385941,-0.543213,-0.042154,2.816225,1.886068,0.001549,-0.001747,0.504925,-11.841272,4.444951,19.032835,0.740009,2.163994,0.017367,-0.229129,-0.118051,0.504925,-11.841272,4.444951,19.032835,0.740009,2.163994,0.017367,-0.229129,-0.118051,87.000000,87.000000,87.000000,87.000000,12.000000,12.000000,12.000000,200.000000,200.000000,0.000000,0.000000,0.000000,0.000000,0.000000,0.000000,0.000000,0.000000,0.000000
236,1.756820,0.202148,-1.259872,1.947298,-0.321332,-2.127142,3.002982,0.869168,-0.278215,-0.711364,-2.151759,-0.173945,1.918808,2.246895,0.000090,0.000076,-0.096436,0.025455,0.093744,0.217723,0.044417,0.439100,-0.090503,0.000554,-0.000289,1.640305,1.849456,-0.400337,7.583334,-3.706803,-7.884593,1.932217,-0.011693,0.024301,1.169759,-15.146692,6.131166,24.835690,0.655296,2.980946,0.001094,-0.264489,-0.073410,1.169759,-15.146692,6.131166,24.835690,0.655296,2.980946,0.001094,-0.264489,-0.073410,87.000000,87.000000,87.000000,87.000000,12.000000,12.000000,12.000000,200.000000,200.000000,0.000000,0.000000,0.000000,0.000000,0.000000,0.000000,0.000000,0.000000,0.000000
237,1.791128,0.264174,-1.254620,1.813323,-0.343317,-2.243464,3.039319,0.869849,-0.277417,-0.711127,-2.147943,-0.179056,1.910971,2.253409,0.000064,0.000097,-0.044768,0.022281,0.118815,0.267367,-0.039817,-0.461772,0.144905,0.001078,-0.000804,-0.523206,-0.609313,1.895326,-3.023166,4.665578,2.137679,-3.313530,0.013082,-0.022489,2.219040,-12.860374,6.392733,18.436533,0.906847,1.895148,0.004133,-0.209051,-0.155541,2.219040,-12.860374,6.392733,18.436533,0.906847,1.895148,0.004133,-0.209051,-0.155541,87.000000,87.000000,87.000000,87.000000,12.000000,12.000000,12.000000,200.000000,200.000000,0.000000,0.000000,0.000000,0.000000,0.000000,0.000000,0.000000,0.000000,0.000000
238,1.781176,0.266194,-1.240720,1.818719,-0.284872,-2.223303,3.020305,0.867618,-0.276756,-0.707209,-2.147840,-0.167884,1.908192,2.252318,0.000071,0.000090,-0.090095,0.020622,0.191601,0.166745,0.357709,-0.214463,-0.022995,0.000900,-0.000707,2.887520,-0.354386,-0.912045,-1.090201,-5.221542,0.853134,0.649265,0.001091,-0.000678,2.317581,-12.814519,6.278797,19.020357,0.725881,2.207500,0.007452,-0.229299,-0.113488,2.317581,-12.814519,6.278797,19.020357,0.725881,2.207500,0.007452,-0.229299,-0.113488,87.000000,87.000000,87.000000,87.000000,12.000000,12.000000,12.000000,200.000000,200.000000,0.000000,0.000000,0.000000,0.000000,0.000000,0.000000,0.000000,0.000000,0.000000
239,1.682650,0.296027,-1.347340,1.829924,-0.332425,-2.259659,3.028282,0.867505,-0.274583,-0.705680,-2.146422,-0.170737,1.898719,2.253702,0.000069,0.000092,-0.087322,0.111713,0.102482,0.229541,-0.064850,-0.394460,0.026975,0.001073,-0.000773,-1.967602,2.559837,-1.357399,-0.396328,0.962250,5.306067,-0.740339,-0.001520,0.001409,-1.901175,-11.870752,2.106686,19.228113,0.520220,2.244289,0.001189,-0.239100,-0.110299,-1.901175,-11.870752,2.106686,19.228113,0.520220,2.244289,0.001189,-0.239100,-0.110299,87.000000,87.000000,87.000000,87.000000,12.000000,12.000000,12.000000,200.000000,200.000000,0.000000,0.000000,0.000000,0.000000,0.000000,0.000000,0.000000,0.000000,0.000000
240,1.647574,0.172740,-1.359302,1.911276,-0.296214,-2.173876,3.011942,0.865165,-0.271619,-0.705718,-2.146676,-0.165521,1.910745,2.250465,0.000080,0.000082,-0.114214,0.083893,0.033070,0.216436,0.174197,0.198469,-0.071354,0.000510,-0.000348,0.647864,-0.545911,-2.608163,3.078659,-3.613492,-4.899773,1.637089,-0.007018,0.011990,-2.889417,-17.142244,1.739146,22.734936,0.657165,2.561770,0.006236,-0.235591,-0.101554,-2.889417,-17.142244,1.739146,22.734936,0.657165,2.561770,0.006236,-0.235591,-0.101554,87.000000,87.000000,87.000000,87.000000,12.000000,12.000000,12.000000,200.000000,200.000000,0.000000,0.000000,0.000000,0.000000,0.000000,0.000000,0.000000,0.000000,0.000000
241,1.782630,0.168578,-1.257955,1.854447,-0.366406,-2.209952,3.022517,0.867960,-0.271793,-0.708970,-2.145203,-0.178994,1.912308,2.251368,0.000067,0.000093,0.025660,-0.061101,0.025155,0.187314,-0.325895,-0.152081,0.014745,0.000854,-0.000635,-1.004348,-3.721699,3.379479,-3.118549,6.399183,-0.752372,-0.531084,0.005790,-0.009330,1.817628,-17.089403,6.420374,20.068377,0.824916,2.153518,0.001571,-0.211678,-0.136788,1.817628,-17.089403,6.420374,20.068377,0.824916,2.153518,0.001571,-0.211678,-0.136788,87.000000,87.000000,87.000000,87.000000,12.000000,12.000000,12.000000,200.000000,200.000000,0.000000,0.000000,0.000000,0.000000,0.000000,0.000000,0.000000,0.000000,0.000000
242,-0.573342,4.561374,-1.856211,0.022293,-0.108715,-1.337042,-0.401746,0.804623,-0.220757,-0.685054,-2.177190,-0.109411,1.999320,2.166199,0.000046,0.000116,-1.623874,1.850610,0.119901,-1.680651,1.622056,2.625160,-2.408410,-0.004301,0.004012,2.928800,36.594040,-29.135937,-45.770885,-36.698280,-0.017695,2.845816,0.055592,0.022170,-83.009705,87.000000,-21.366892,-47.783066,-1.911376,12.000000,-12.000000,0.317024,-0.487616,-83.009705,152.200134,-21.366892,-47.783066,-1.911376,22.524714,-123.658020,0.317024,-0.487616,87.000000,87.000000,87.000000,87.000000,12.000000,12.000000,12.000000,200.000000,200.000000,0.000000,0.000000,0.000000,0.000000,0.000000,0.000000,0.000000,0.000000,0.000000
243,0.047346,2.535790,-0.856841,1.376211,-0.866056,-0.397836,-1.815807,0.714460,-0.146966,-0.637671,-2.222799,-0.190257,2.075585,2.079761,0.000149,0.000058,-2.634641,2.221132,1.612026,-0.987363,-2.608494,1.737381,-2.583392,0.006296,-0.003619,2.144494,-0.461340,17.935602,23.285740,0.010071,-2.066188,-0.042472,0.399445,-0.242644,-48.224941,61.695801,13.654245,12.006311,-12.000000,12.000000,-12.000000,0.009881,-0.325916,-48.224941,61.695801,13.654245,12.006311,-12.410485,56.942867,-172.859573,0.009881,-0.325916,87.000000,87.000000,87.000000,87.000000,12.000000,12.000000,12.000000,200.000000,200.000000,0.000000,0.000000,0.000000,0.000000,0.000000,0.000000,0.000000,0.000000,0.000000
244,-0.297621,1.397971,-0.849187,2.010117,-1.306667,0.020102,-2.598343,0.630359,-0.072980,-0.577728,-2.229452,-0.274611,2.121053,1.992894,0.000360,0.000000,-2.374209,2.241057,1.820898,0.545121,-2.605082,-0.072149,-2.612288,0.003627,-0.004443,4.723806,-0.678649,5.947766,29.698423,-0.003805,8.444657,-0.508733,0.021331,-0.174852,-55.836269,10.203080,7.835224,33.861565,-12.000000,12.000000,-12.000000,-0.797311,0.152909,-55.836269,10.203080,7.835224,33.861565,-23.226912,76.774956,-197.148300,-0.797311,0.152909,87.000000,87.000000,87.000000,87.000000,12.000000,12.000000,12.000000,200.000000,200.000000,0.000000,0.000000,0.000000,0.000000,0.000000,0.000000,0.000000,0.000000,0.000000
245,-0.833286,1.168981,-0.912968,1.609281,-1.740582,0.038955,-3.011001,0.557898,0.000317,-0.521601,-2.220898,-0.359626,2.193590,1.907304,0.000574,0.000000,-2.016076,2.202737,1.578792,0.493755,-2.607238,1.599465,-2.566300,0.004629,-0.007371,8.957433,-0.110679,-5.535728,2.070681,0.003376,7.783899,-1.607122,0.074460,-0.144425,-72.089783,-4.666508,0.704829,15.786297,-12.000000,12.000000,-12.000000,-1.300231,0.496359,-72.089783,-4.666508,0.704829,15.786297,-33.853592,66.108284,-207.024719,-1.300231,0.496359,87.000000,87.000000,87.000000,87.000000,12.000000,12.000000,12.000000,200.000000,200.000000,0.000000,0.000000,0.000000,0.000000,0.000000,0.000000,0.000000,0.000000,0.000000
246,-1.038486,0.808174,-0.788608,1.553005,-1.973146,-0.076098,-3.440422,0.484514,0.068782,-0.459293,-2.214627,-0.445602,2.269797,1.820738,0.000697,0.000000,-2.022982,1.897309,1.761425,0.239271,-2.606874,1.788581,-2.611170,0.002850,-0.005361,10.347990,-6.055355,-6.505565,-5.072650,0.011516,2.014332,-0.808983,-0.050627,0.087310,-74.329643,-24.009220,0.138006,13.399677,-12.000000,12.000000,-12.000000,-1.658507,0.681618,-74.329643,-24.009220,0.138006,13.399677,-36.290760,54.369774,-217.071930,-1.658507,0.681618,87.000000,87.000000,87.000000,87.000000,12.000000,12.000000,12.000000,200.000000,200.000000,0.000000,0.000000,0.000000,0.000000,0.000000,0.000000,0.000000,0.000000,0.000000
247,-1.329509,0.466404,-0.814507,1.696139,-2.132834,-0.130412,-3.771654,0.422821,0.126924,-0.405694,-2.213757,-0.531203,2.347230,1.733861,0.000740,0.000000,-1.743726,1.443437,1.531813,0.060792,-2.606708,1.717928,-2.612833,0.000016,-0.001951,5.496819,-13.278458,-5.279817,-5.687684,-0.003777,0.725641,-0.014105,-0.071177,0.069102,-82.060944,-41.496220,-4.522019,19.498314,-12.000000,12.000000,-12.000000,-1.578015,0.310221,-82.060944,-41.496220,-4.522019,19.498314,-35.812569,46.241795,-223.319992,-1.578015,0.310221,87.000000,87.000000,87.000000,87.000000,12.000000,12.000000,12.000000,200.000000,200.000000,0.000000,0.000000,0.000000,0.000000,0.000000,0.000000,0.000000,0.000000,0.000000
248,-1.395707,0.330412,-0.720364,1.813137,-2.177438,-0.198474,-4.073840,0.359476,0.169902,-0.349914,-2.216424,-0.616135,2.424475,1.647159,0.000723,0.000000,-1.814552,0.966373,1.599668,0.004337,-2.603913,1.766719,-2.613618,-0.002397,-0.000305,5.152695,-13.607425,-7.580859,-3.547856,0.064001,18.646408,-0.003505,-0.065481,0.025272,-79.445709,-49.100830,-5.581369,24.650703,-12.000000,12.000000,-12.000000,-1.340087,0.072667,-79.445709,-49.100830,-5.581369,24.650703,-30.773411,38.430481,-228.460388,-1.340087,0.072667,87.000000,87.000000,87.000000,87.000000,12.000000,12.000000,12.000000,200.000000,200.000000,0.000000,0.000000,0.000000,0.000000,0.000000,0.000000,0.000000,0.000000,0.000000
249,-1.517045,0.416063,-0.699382,1.741546,-2.179862,-0.341067,-4.165734,0.300524,0.199270,-0.301824,-2.222156,-0.701127,2.509418,1.560265,0.000725,0.000000,-1.728945,0.595112,1.346119,-0.142416,-2.604164,2.363311,-2.586795,-0.000830,-0.001176,3.068855,-10.589818,-8.909018,-3.491765,0.009842,14.676904,1.076631,0.038740,-0.031063,-79.918091,-46.850746,-7.978724,22.712654,-12.000000,12.000000,-12.000000,-1.293331,0.065853,-79.918091,-46.850746,-7.978724,22.712654,-24.089813,23.529881,-225.228607,-1.293331,0.065853,87.000000,87.000000,87.000000,87.000000,12.000000,12.000000,12.000000,200.000000,200.000000,0.000000,0.000000,0.000000,0.000000,0.000000,0.000000,0.000000,0.000000,0.000000
250,-1.482083,0.534833,-0.646365,1.727566,-2.094998,-0.481376,-4.182087,0.242085,0.219583,-0.260038,-2.227954,-0.786390,2.596521,1.473222,0.000741,0.000000,-1.696783,0.397513,1.102312,-0.108041,-2.551425,2.613821,-2.611480,0.001902,-0.004276,2.727263,-5.816223,-9.288696,2.052889,-0.158143,0.023303,-0.011544,0.001205,-0.030695,-73.987076,-42.922703,-8.507852,22.899191,-12.000000,9.014482,-12.000000,-1.658903,0.376427,-73.987076,-42.922703,-8.507852,22.899191,-14.110512,9.014482,-218.898132,-1.658903,0.376427,87.000000,87.000000,87.000000,87.000000,12.000000,12.000000,12.000000,200.000000,200.000000,0.000000,0.000000,0.000000,0.000000,0.000000,0.000000,0.000000,0.000000,0.000000
251,-1.225421,0.562898,-0.328200,1.686475,-2.055396,-0.651382,-4.208961,0.169161,0.231782,-0.202660,-2.229691,-0.872370,2.645406,1.386169,0.000678,0.000000,-2.062425,0.132909,1.626689,0.008502,-2.560907,0.907909,-2.611468,-0.001917,-0.000975,7.256627,-6.729544,-6.467149,0.831887,0.230741,-25.320471,0.004077,-0.207364,0.203007,-56.641266,-42.117409,-1.622446,21.005169,-5.594508,1.492754,-12.000000,-1.625198,0.435846,-56.641266,-42.117409,-1.622446,21.005169,-5.594508,1.492754,-213.007767,-1.625198,0.435846,87.000000,87.000000,87.000000,87.000000,12.000000,12.000000,12.000000,200.000000,200.000000,0.000000,0.000000,0.000000,0.000000,0.000000,0.000000,0.000000,0.000000,0.000000
252,-1.201355,0.783878,-0.226572,1.711535,-2.014545,-0.700733,-4.241165,0.098591,0.241262,-0.145376,-2.226082,-0.946194,2.658544,1.299125,0.000537,0.000030,-2.006242,0.182417,1.596696,0.213816,-1.642154,0.192444,-2.611286,-0.003817,0.001847,6.316909,1.507438,-7.895665,3.394778,39.803452,-4.497526,-0.010672,-0.125744,0.128014,-50.236259,-33.696651,-2.140203,21.315672,1.776834,1.573574,-12.000000,-1.066169,0.026732,-50.236259,-33.696651,-2.140203,21.315672,1.776834,1.573574,-207.333755,-1.066169,0.026732,87.000000,87.000000,87.000000,87.000000,12.000000,12.000000,12.000000,200.000000,200.000000,0.000000,0.000000,0.000000,0.000000,0.000000,0.000000,0.000000,0.000000,0.000000
253,-1.037811,0.688901,-0.083663,1.644671,-1.932530,-0.771937,-4.353272,0.027265,0.248328,-0.085804,-2.222982,-0.964758,2.648380,1.212085,0.000307,0.000091,-2.028002,0.023859,1.655039,0.078513,-0.240129,-0.368255,-2.611389,-0.007290,0.002522,6.428132,-3.621376,-8.791579,-3.230015,13.090487,5.050585,-0.012374,-0.152594,0.057580,-37.922306,-37.930031,-1.397515,18.376427,1.301656,1.558567,-12.000000,-0.405936,-0.263852,-37.922306,-37.930031,-1.397515,18.376427,1.301656,1.558567,-204.854584,-0.405936,-0.263852,87.000000,87.000000,87.000000,87.000000,12.000000,12.000000,12.000000,200.000000,200.000000,0.000000,0.000000,0.000000,0.000000,0.000000,0.000000,0.000000,0.000000,0.000000
254,-0.974400,0.696943,0.103551,1.715559,-1.932260,-0.717903,-4.372821,-0.047001,0.252932,-0.023498,-2.220507,-0.970300,2.650649,1.125066,0.000155,0.000107,-2.121977,-0.007707,1.765832,0.154155,-0.140162,0.091934,-2.611696,-0.003320,0.000833,6.863908,-1.173076,-6.722259,2.683626,1.829175,2.288909,-0.018024,0.135149,-0.054801,-29.167572,-37.750015,0.934704,21.152369,0.815837,2.168890,-12.000000,0.124396,-0.385220,-29.167572,-37.750015,0.934704,21.152369,0.815837,2.168890,-198.674515,0.124396,-0.385220,87.000000,87.000000,87.000000,87.000000,12.000000,12.000000,12.000000,200.000000,200.000000,0.000000,0.000000,0.000000,0.000000,0.000000,0.000000,0.000000,0.000000,0.000000
255,-0.955504,0.861877,0.151258,1.668491,-1.891479,-0.773504,-4.354091,-0.116719,0.258324,0.034619,-2.214301,-0.964485,2.643985,1.038018,0.000083,0.000126,-1.991027,0.067551,1.607446,0.268825,0.205247,-0.243011,-2.611756,-0.002240,0.001718,5.840578,2.226747,-8.862118,2.718615,-1.078933,4.333992,-0.008755,-0.043743,0.031451,-23.242529,-31.590189,-1.509923,18.474045,0.901529,1.469125,-12.000000,-0.092046,-0.342251,-23.242529,-31.590189,-1.509923,18.474045,0.901529,1.469125,-190.960541,-0.092046,-0.342251,87.000000,87.000000,87.000000,87.000000,12.000000,12.000000,12.000000,200.000000,200.000000,0.000000,0.000000,0.000000,0.000000,0.000000,0.000000,0.000000,0.000000,0.000000
256,-0.872455,0.874000,0.307852,1.519246,-1.839642,-0.839193,-4.394009,-0.188200,0.263196,0.094428,-2.211231,-0.946362,2.625866,0.950990,0.000048,0.000141,-2.043846,-0.017898,1.656502,0.010924,0.487883,-0.504382,-2.611419,-0.001810,0.001664,5.858144,-2.035010,-9.017679,-7.339410,-8.125991,9.719352,-0.014305,-0.046601,0.036424,-14.059591,-31.510550,-0.171511,12.371882,0.365719,1.294158,-12.000000,-0.040322,-0.361855,-14.059591,-31.510550,-0.171511,12.371882,0.365719,1.294158,-185.596100,-0.040322,-0.361855,87.000000,87.000000,87.000000,87.000000,12.000000,12.000000,12.000000,200.000000,200.000000,0.000000,0.000000,0.000000,0.000000,0.000000,0.000000,0.000000,0.000000,0.000000
257,-0.719791,0.868035,0.465416,1.645342,-1.796404,-0.790227,-4.459461,-0.260497,0.268249,0.153596,-2.211838,-0.926634,2.623315,0.864303,0.000029,0.000155,-1.976553,0.042965,1.560407,0.052001,0.452479,-0.018922,-2.577025,-0.000992,0.001096,13.164203,1.302152,-14.827880,2.367067,-11.150019,4.838530,0.285115,0.037224,-0.043918,-1.974263,-32.121532,1.370165,17.908863,0.420224,1.890490,-12.000000,0.087912,-0.485265,-1.974263,-32.121532,1.370165,17.908863,0.420224,1.890490,-181.378250,0.087912,-0.485265,87.000000,87.000000,87.000000,87.000000,12.000000,12.000000,12.000000,200.000000,200.000000,0.000000,0.000000,0.000000,0.000000,0.000000,0.000000,0.000000,0.000000,0.000000
258,-0.631270,0.806961,0.562844,1.685488,-1.712952,-0.814241,-4.505707,-0.311635,0.273311,0.191460,-2.209952,-0.898035,2.617286,0.777876,0.000021,0.000158,-1.154700,0.004498,0.764071,0.142368,0.737036,-0.257565,-2.514123,-0.001084,0.001060,25.845127,-1.241309,-25.805672,3.345027,-13.411477,0.901412,5.559024,-0.023986,0.002891,4.282431,-35.018368,3.630903,19.180965,0.591655,1.819191,-12.000000,0.005928,-0.408219,4.282431,-35.018368,3.630903,19.180965,0.591655,1.819191,-176.184570,0.005928,-0.408219,87.000000,87.000000,87.000000,87.000000,12.000000,12.000000,12.000000,200.000000,200.000000,0.000000,0.000000,0.000000,0.000000,0.000000,0.000000,0.000000,0.000000,0.000000
259,-0.664856,0.829042,0.613920,1.709907,-1.701675,-0.791355,-4.487580,-0.348134,0.277997,0.216107,-2.204488,-0.878208,2.616636,0.691800,0.000022,0.000157,-0.894295,0.007927,0.566904,0.256086,0.433504,-0.033028,-2.546575,-0.000343,0.000648,16.604631,-0.571212,-15.202964,3.577582,-10.922081,1.702365,-1.405706,0.034774,-0.024800,4.625004,-34.481640,4.845407,19.429090,0.394534,2.253890,-12.000000,0.054980,-0.423947,4.625004,-34.481640,4.845407,19.429090,0.394534,2.253890,-168.921616,0.054980,-0.423947,87.000000,87.000000,87.000000,87.000000,12.000000,12.000000,12.000000,200.000000,200.000000,0.000000,0.000000,0.000000,0.000000,0.000000,0.000000,0.000000,0.000000,0.000000
260,-0.574557,0.796938,0.687264,1.560103,-1.646331,-0.890912,-4.523602,-0.369111,0.278249,0.229570,-2.201425,-0.854637,2.596571,0.605277,0.000038,0.000147,-0.436724,-0.212444,0.265751,0.004524,0.634404,-0.643201,-2.528030,-0.001141,0.001436,13.270905,-5.814270,-10.495474,-7.919838,-10.033077,7.141077,4.981727,-0.089294,0.074938,8.518677,-35.502739,7.758229,13.204583,0.249057,1.793802,-12.000000,-0.123943,-0.298620,8.518677,-35.502739,7.758229,13.204583,0.249057,1.793802,-163.083588,-0.123943,-0.298620,87.000000,87.000000,87.000000,87.000000,12.000000,12.000000,12.000000,200.000000,200.000000,0.000000,0.000000,0.000000,0.000000,0.000000,0.000000,0.000000,0.000000,0.000000
261,-0.557495,0.842701,0.715452,1.634241,-1.596390,-0.823544,-4.471000,-0.379783,0.275081,0.236260,-2.204413,-0.829375,2.596374,0.519578,0.000041,0.000146,-0.260505,-0.223236,0.227895,-0.039775,0.568747,-0.004767,-2.479751,-0.000091,0.000349,6.275546,-0.321391,-0.962564,1.133807,-14.679811,1.018061,1.861367,0.066972,-0.078007,9.166386,-33.076740,9.014791,17.039612,0.120843,2.480968,-12.000000,0.056048,-0.475834,9.166386,-33.076740,9.014791,17.039612,0.120843,2.480968,-154.495804,0.056048,-0.475834,87.000000,87.000000,87.000000,87.000000,12.000000,12.000000,12.000000,200.000000,200.000000,0.000000,0.000000,0.000000,0.000000,0.000000,0.000000,0.000000,0.000000,0.000000
262,-0.807236,1.045504,0.375333,1.650923,-1.497022,-0.912291,-4.485311,-0.369618,0.274472,0.222811,-2.202735,-0.796327,2.583490,0.432572,0.000033,0.000153,0.291265,-0.046951,-0.416374,0.183017,0.884297,-0.504066,-2.601771,-0.001493,0.001591,-4.163105,6.316236,2.220043,5.543139,-13.252966,1.990936,0.607524,-0.070906,0.042102,-3.676136,-25.007416,-1.640525,17.234615,0.701816,1.315979,-12.000000,-0.065602,-0.374602,-3.676136,-25.007416,-1.640525,17.234615,0.701816,1.315979,-147.769562,-0.065602,-0.374602,87.000000,87.000000,87.000000,87.000000,12.000000,12.000000,12.000000,200.000000,200.000000,0.000000,0.000000,0.000000,0.000000,0.000000,0.000000,0.000000,0.000000,0.000000
263,-0.748753,0.780989,0.456865,1.730222,-1.458315,-0.896643,-4.444200,-0.365907,0.276233,0.214733,-2.197770,-0.767017,2.573810,0.345534,0.000023,0.000163,-0.003864,-0.094793,-0.128785,0.209238,0.689725,-0.275910,-2.611890,-0.000783,0.001023,-4.561781,-1.595318,3.969177,1.400178,-15.339149,5.577798,-0.071211,0.031533,-0.037630,-0.897490,-36.052120,1.628078,19.699642,0.285931,2.347323,-12.000000,0.078719,-0.487979,-0.897490,-36.052120,1.628078,19.699642,0.285931,2.347323,-139.169678,0.078719,-0.487979,87.000000,87.000000,87.000000,87.000000,12.000000,12.000000,12.000000,200.000000,200.000000,0.000000,0.000000,0.000000,0.000000,0.000000,0.000000,0.000000,0.000000,0.000000
264,-0.475784,0.826012,0.649249,1.659702,-1.394641,-0.913704,-4.498478,-0.362542,0.276047,0.210501,-2.193499,-0.735991,2.564673,0.259125,0.000045,0.000142,0.105988,-0.150927,-0.033332,0.148621,0.773242,-0.323517,-2.508260,-0.000390,0.000568,1.585730,-1.349138,4.196618,-1.213327,-15.258739,3.595794,4.625272,-0.017330,-0.001935,9.816841,-34.074142,9.412374,16.548540,0.144073,2.407240,-12.000000,-0.070563,-0.360077,9.816841,-34.074142,9.412374,16.548540,0.144073,2.407240,-134.485870,-0.070563,-0.360077,87.000000,87.000000,87.000000,87.000000,12.000000,12.000000,12.000000,200.000000,200.000000,0.000000,0.000000,0.000000,0.000000,0.000000,0.000000,0.000000,0.000000,0.000000
265,-0.680252,0.978087,0.444687,1.596326,-1.327573,-0.984525,-4.458967,-0.354415,0.275597,0.204841,-2.190914,-0.704194,2.548031,0.172192,0.000058,0.000134,0.201142,-0.112054,-0.122538,0.085378,0.803977,-0.533755,-2.593197,-0.000825,0.001206,-2.496451,1.649610,2.254681,-2.251554,-14.760374,6.469931,1.074443,-0.035404,0.029331,0.506028,-27.888777,1.804930,13.915960,0.224757,1.630852,-12.000000,-0.098296,-0.333790,0.506028,-27.888777,1.804930,13.915960,0.224757,1.630852,-125.884071,-0.098296,-0.333790,87.000000,87.000000,87.000000,87.000000,12.000000,12.000000,12.000000,200.000000,200.000000,0.000000,0.000000,0.000000,0.000000,0.000000,0.000000,0.000000,0.000000,0.000000
266,-0.625096,0.883124,0.419325,1.753020,-1.259715,-0.917787,-4.474059,-0.339745,0.277352,0.191436,-2.187961,-0.671619,2.549479,0.085253,0.000052,0.000139,0.339413,-0.025204,-0.275968,0.218934,0.767990,-0.018064,-2.597699,-0.000179,0.000328,-6.898999,2.840633,8.453541,5.799545,-17.426271,-0.792362,0.210142,0.048555,-0.075852,0.910351,-31.989819,2.634732,20.050106,0.263238,2.410466,-12.000000,0.004560,-0.456710,0.910351,-31.989819,2.634732,20.050106,0.263238,2.410466,-119.573357,0.004560,-0.456710,87.000000,87.000000,87.000000,87.000000,12.000000,12.000000,12.000000,200.000000,200.000000,0.000000,0.000000,0.000000,0.000000,0.000000,0.000000,0.000000,0.000000,0.000000
267,-0.798585,0.925331,0.213442,1.704879,-1.209126,-1.018698,-4.446997,-0.324156,0.280777,0.175548,-2.180025,-0.644016,2.532948,-0.001764,0.000063,0.000132,0.339077,-0.005156,-0.411197,0.282364,0.724742,-0.579660,-2.611171,-0.001219,0.001534,-9.257241,1.056873,4.684839,-0.379246,-11.205121,5.896600,-0.004191,-0.074425,0.061136,-7.402578,-30.731373,-4.192043,16.969376,0.562037,1.564019,-12.000000,-0.148486,-0.297875,-7.402578,-30.731373,-4.192043,16.969376,0.562037,1.564019,-111.495361,-0.148486,-0.297875,87.000000,87.000000,87.000000,87.000000,12.000000,12.000000,12.000000,200.000000,200.000000,0.000000,0.000000,0.000000,0.000000,0.000000,0.000000,0.000000,0.000000,0.000000
268,-0.557426,0.804457,0.375450,1.752284,-1.131442,-0.994070,-4.506132,-0.312475,0.283555,0.161566,-2.173692,-0.609391,2.524124,-0.088741,0.000061,0.000129,0.234299,-0.061493,-0.276117,0.227650,0.856741,-0.295202,-2.599830,-0.000503,0.000465,-6.588662,-1.397783,7.932591,-0.076877,-17.604864,3.943932,0.671725,0.025333,-0.053278,1.727402,-35.778568,3.245871,18.519899,0.173846,2.403991,-12.000000,-0.027666,-0.408230,1.727402,-35.778568,3.245871,18.519899,0.173846,2.403991,-106.899353,-0.027666,-0.408230,87.000000,87.000000,87.000000,87.000000,12.000000,12.000000,12.000000,200.000000,200.000000,0.000000,0.000000,0.000000,0.000000,0.000000,0.000000,0.000000,0.000000,0.000000
269,-0.472343,0.841032,0.429903,1.669077,-1.057729,-1.054018,-4.508365,-0.304891,0.283724,0.154782,-2.170196,-0.573037,2.508046,-0.175571,0.000085,0.000107,0.179026,-0.155254,-0.106313,0.076128,0.917520,-0.536891,-2.568228,-0.000516,0.000714,-1.935484,-2.345768,4.375254,-4.570701,-17.404650,6.317628,2.534423,-0.025522,0.015165,4.940454,-34.135025,5.306877,15.058584,0.069708,2.070236,-12.000000,-0.156954,-0.266614,4.940454,-34.135025,5.306877,15.058584,0.069708,2.070236,-100.033676,-0.156954,-0.266614,87.000000,87.000000,87.000000,87.000000,12.000000,12.000000,12.000000,200.000000,200.000000,0.000000,0.000000,0.000000,0.000000,0.000000,0.000000,0.000000,0.000000,0.000000
270,-0.591852,0.940658,0.307196,1.767227,-1.036061,-0.986216,-4.439550,-0.296775,0.285072,0.147590,-2.167661,-0.548505,2.512431,-0.262552,0.000081,0.000115,0.157588,-0.019228,-0.122926,0.199966,0.525744,0.079652,-2.610647,0.000234,0.000330,-4.733459,3.823323,5.023091,5.330714,-14.742972,-0.502347,-0.656805,0.052167,-0.049515,-0.598504,-30.267353,1.062617,19.015909,0.144112,2.422085,-12.000000,-0.077636,-0.358932,-0.598504,-30.267353,1.062617,19.015909,0.144112,2.422085,-90.379822,-0.077636,-0.358932,87.000000,87.000000,87.000000,87.000000,12.000000,12.000000,12.000000,200.000000,200.000000,0.000000,0.000000,0.000000,0.000000,0.000000,0.000000,0.000000,0.000000,0.000000
271,-0.599460,0.867204,0.219692,1.747578,-0.935809,-1.060553,-4.511831,-0.282973,0.287570,0.133813,-2.161935,-0.514924,2.502182,-0.349556,0.000104,0.000092,0.339345,-0.054990,-0.354904,0.211420,0.911309,-0.462380,-2.610435,-0.000839,0.000715,-6.486323,-0.378307,4.994886,-0.554522,-14.042239,1.724998,-0.005250,-0.064542,0.011754,-2.579075,-33.550652,-0.731230,17.407118,0.510314,1.812791,-12.000000,-0.243011,-0.244348,-2.579075,-33.550652,-0.731230,17.407118,0.510314,1.812791,-86.267860,-0.243011,-0.244348,87.000000,87.000000,87.000000,87.000000,12.000000,12.000000,12.000000,200.000000,200.000000,0.000000,0.000000,0.000000,0.000000,0.000000,0.000000,0.000000,0.000000,0.000000
272,-0.419599,0.821906,0.346751,1.807638,-0.856047,-1.049319,-4.527539,-0.272157,0.289685,0.123979,-2.156181,-0.475919,2.493944,-0.436476,0.000099,0.000090,0.241019,-0.057280,-0.161653,0.247426,0.955194,-0.300653,-2.585043,-0.000506,0.000455,-4.317255,0.023045,7.009439,2.064430,-19.823339,3.965660,1.146827,0.018190,-0.037522,4.122483,-35.502419,4.751528,19.401096,0.120722,2.639588,-12.000000,-0.121230,-0.296747,4.122483,-35.502419,4.751528,19.401096,0.120722,2.639588,-79.961029,-0.121230,-0.296747,87.000000,87.000000,87.000000,87.000000,12.000000,12.000000,12.000000,200.000000,200.000000,0.000000,0.000000,0.000000,0.000000,0.000000,0.000000,0.000000,0.000000,0.000000
273,-0.419060,0.804059,0.320123,1.705897,-0.790073,-1.108320,-4.501778,-0.262106,0.289027,0.117655,-2.152965,-0.439050,2.479701,-0.523454,0.000125,0.000069,0.250256,-0.200857,-0.107049,0.047573,0.912790,-0.502172,-2.597813,-0.000263,0.000507,-2.926233,-3.708675,4.396820,-5.976076,-18.118565,5.346189,0.687675,-0.020919,0.008844,3.399402,-35.995895,3.892401,15.146301,0.021961,2.033430,-12.000000,-0.250375,-0.183439,3.399402,-35.995895,3.892401,15.146301,0.021961,2.033430,-71.955956,-0.250375,-0.183439,87.000000,87.000000,87.000000,87.000000,12.000000,12.000000,12.000000,200.000000,200.000000,0.000000,0.000000,0.000000,0.000000,0.000000,0.000000,0.000000,0.000000,0.000000
274,-0.502813,0.867128,0.185869,1.796892,-0.725387,-1.049171,-4.529472,-0.247362,0.287154,0.105664,-2.153147,-0.405045,2.482837,-0.610463,0.000118,0.000076,0.341188,-0.146777,-0.262473,0.096156,0.789350,0.004207,-2.610024,-0.000139,0.000366,-7.393836,1.924589,7.111222,3.949577,-18.931023,-1.381942,0.004520,0.011720,-0.036523,-1.630389,-33.145470,0.055106,19.236269,0.155108,2.429401,-12.000000,-0.196940,-0.260704,-1.630389,-33.145470,0.055106,19.236269,0.155108,2.429401,-66.101746,-0.196940,-0.260704,87.000000,87.000000,87.000000,87.000000,12.000000,12.000000,12.000000,200.000000,200.000000,0.000000,0.000000,0.000000,0.000000,0.000000,0.000000,0.000000,0.000000,0.000000
275,-0.526756,0.931146,0.096030,1.738585,-0.646024,-1.135788,-4.553638,-0.231049,0.286796,0.090586,-2.150081,-0.370015,2.469238,-0.697471,0.000136,0.000060,0.377014,-0.106833,-0.367617,0.137895,0.912712,-0.537970,-2.610015,-0.000669,0.000692,-8.533226,1.623370,6.354952,-0.458587,-15.555620,4.267351,-0.001388,-0.033555,0.000949,-4.049373,-30.680765,-2.099708,16.296759,0.411480,1.802292,-12.000000,-0.271158,-0.191521,-4.049373,-30.680765,-2.099708,16.296759,0.411480,1.802292,-60.108173,-0.271158,-0.191521,87.000000,87.000000,87.000000,87.000000,12.000000,12.000000,12.000000,200.000000,200.000000,0.000000,0.000000,0.000000,0.000000,0.000000,0.000000,0.000000,0.000000,0.000000
276,-0.481894,0.863860,0.081427,1.777342,-0.575979,-1.146399,-4.571731,-0.216504,0.287131,0.074800,-2.147682,-0.333808,2.456286,-0.784478,0.000134,0.000059,0.303531,-0.103901,-0.361402,0.117090,0.887828,-0.434662,-2.610021,-0.000516,0.000542,-9.067876,0.411264,7.462518,-0.104740,-18.312170,5.754602,0.002532,-0.000547,-0.020934,-3.261069,-33.476387,-1.365809,17.728270,0.214755,2.239647,-12.000000,-0.224494,-0.211037,-3.261069,-33.476387,-1.365809,17.728270,0.214755,2.239647,-53.870979,-0.224494,-0.211037,87.000000,87.000000,87.000000,87.000000,12.000000,12.000000,12.000000,200.000000,200.000000,0.000000,0.000000,0.000000,0.000000,0.000000,0.000000,0.000000,0.000000,0.000000
277,-0.346416,0.887172,0.163352,1.788718,-0.488883,-1.115722,-4.577646,-0.206498,0.288426,0.063399,-2.146264,-0.293668,2.455383,-0.871481,0.000129,0.000059,0.206950,-0.054531,-0.220269,0.123482,0.973216,-0.122195,-2.609899,-0.000224,0.000173,-5.469862,1.628155,6.987224,2.455138,-21.184050,0.336293,0.002975,0.007582,-0.037847,1.813760,-32.710060,2.427880,18.198027,0.092860,2.403786,-12.000000,-0.221244,-0.212571,1.813760,-32.710060,2.427880,18.198027,0.092860,2.403786,-47.147728,-0.221244,-0.212571,87.000000,87.000000,87.000000,87.000000,12.000000,12.000000,12.000000,200.000000,200.000000,0.000000,0.000000,0.000000,0.000000,0.000000,0.000000,0.000000,0.000000,0.000000
278,-0.439300,0.886195,0.018029,1.729218,-0.441060,-1.172486,-4.593236,-0.193521,0.289728,0.048114,-2.144763,-0.261379,2.445556,-0.958494,0.000151,0.000044,0.291692,-0.093053,-0.385935,0.045938,0.789752,-0.413437,-2.609937,-0.000270,0.000513,-7.974584,-0.744760,6.221062,-3.244112,-15.894032,3.268769,0.008039,-0.023442,0.009544,-3.301091,-32.886597,-1.772687,15.579434,0.216801,1.856351,-12.000000,-0.310085,-0.127767,-3.301091,-32.886597,-1.772687,15.579434,0.216801,1.856351,-40.809975,-0.310085,-0.127767,87.000000,87.000000,87.000000,87.000000,12.000000,12.000000,12.000000,200.000000,200.000000,0.000000,0.000000,0.000000,0.000000,0.000000,0.000000,0.000000,0.000000,0.000000
279,-0.298273,0.773141,0.146854,1.858268,-0.405266,-1.100068,-4.581942,-0.188606,0.290499,0.041254,-2.145024,-0.235452,2.450708,-1.045487,0.000133,0.000064,0.071799,-0.097939,-0.093341,0.093628,0.593725,0.058700,-2.609664,-0.000268,0.000743,-3.111750,-0.201542,5.146073,3.834576,-14.899330,-1.394045,-0.003190,0.011757,-0.016424,2.795817,-37.425983,3.104152,21.037657,0.142780,2.836383,-12.000000,-0.221469,-0.223897,2.795817,-37.425983,3.104152,21.037657,0.142780,2.836383,-33.400219,-0.221469,-0.223897,87.000000,87.000000,87.000000,87.000000,12.000000,12.000000,12.000000,200.000000,200.000000,0.000000,0.000000,0.000000,0.000000,0.000000,0.000000,0.000000,0.000000,0.000000
280,-0.305408,0.903705,0.122444,1.743789,-0.345471,-1.170264,-4.572907,-0.184331,0.291185,0.037242,-2.143330,-0.208629,2.443241,-1.132500,0.000149,0.000053,0.106111,-0.093861,-0.075000,0.078670,0.699434,-0.372546,-2.609708,-0.000093,0.000291,-1.325477,0.302316,2.415858,-1.589982,-12.459196,2.208597,0.011144,0.005346,-0.037648,2.187796,-32.241264,2.234428,16.054626,0.263566,1.962246,-12.000000,-0.274864,-0.212200,2.187796,-32.241264,2.234428,16.054626,0.263566,1.962246,-26.076902,-0.274864,-0.212200,87.000000,87.000000,87.000000,87.000000,12.000000,12.000000,12.000000,200.000000,200.000000,0.000000,0.000000,0.000000,0.000000,0.000000,0.000000,0.000000,0.000000,0.000000
281,-0.239418,0.816808,0.112744,1.830006,-0.245926,-1.152317,-4.602773,-0.173249,0.291811,0.027740,-2.142613,-0.170834,2.439324,-1.219497,0.000145,0.000051,0.292747,-0.096581,-0.210464,0.105280,0.944518,-0.221671,-2.609457,-0.000309,0.000233,-4.003758,0.252341,6.102859,2.485430,-19.376013,1.388098,0.005651,-0.010533,-0.029835,3.291671,-35.762306,3.177104,19.607220,0.169204,2.552253,-12.000000,-0.281770,-0.187361,3.291671,-35.762306,3.177104,19.607220,0.169204,2.552253,-20.312870,-0.281770,-0.187361,87.000000,87.000000,87.000000,87.000000,12.000000,12.000000,12.000000,200.000000,200.000000,0.000000,0.000000,0.000000,0.000000,0.000000,0.000000,0.000000,0.000000,0.000000
282,-0.354743,0.766913,-0.014637,1.851116,-0.193765,-1.133519,-4.604215,-0.161577,0.291714,0.017596,-2.140906,-0.138324,2.441575,-1.306498,0.000146,0.000053,0.257427,-0.138928,-0.226584,0.127412,0.765842,-0.059942,-2.609631,-0.000221,0.000591,-6.501558,-1.100770,5.440841,1.958488,-17.461143,-1.030795,0.001230,-0.018589,0.004644,-2.308126,-37.714729,-1.095533,20.225250,0.232258,2.560842,-12.000000,-0.300869,-0.157848,-2.308126,-37.714729,-1.095533,20.225250,0.232258,2.560842,-13.410377,-0.300869,-0.157848,87.000000,87.000000,87.000000,87.000000,12.000000,12.000000,12.000000,200.000000,200.000000,0.000000,0.000000,0.000000,0.000000,0.000000,0.000000,0.000000,0.000000,0.000000
283,-0.456318,0.946762,-0.151586,1.684532,-0.163474,-1.228098,-4.574151,-0.150021,0.290580,0.004011,-2.139646,-0.114444,2.427365,-1.393532,0.000171,0.000035,0.230884,-0.157573,-0.354302,0.002882,0.600227,-0.536415,-2.609985,0.000071,0.000257,-8.756413,-0.259344,4.665777,-5.779633,-11.300232,5.530046,0.014734,0.007467,-0.026580,-7.350552,-30.333899,-5.193627,13.350465,0.335688,1.548791,-5.243281,-0.325962,-0.153989,-7.350552,-30.333899,-5.193627,13.350465,0.335688,1.548791,-5.243281,-0.325962,-0.153989,87.000000,87.000000,87.000000,87.000000,12.000000,12.000000,12.000000,200.000000,200.000000,0.000000,0.000000,0.000000,0.000000,0.000000,0.000000,0.000000,0.000000,0.000000
284,-0.163520,0.790920,0.049306,1.913146,-0.039188,-1.117476,-4.625418,-0.140997,0.290457,-0.007419,-2.140761,-0.073124,2.435635,-1.474737,0.000131,0.000062,0.200169,-0.084657,-0.223912,0.140976,1.004570,0.132227,-1.959161,-0.000766,0.000709,-4.711431,2.322749,7.677547,8.775858,-23.887802,-3.718589,38.985699,-0.021155,-0.015247,3.941247,-36.603523,3.593850,23.047523,0.194150,3.014633,-0.340745,-0.243113,-0.214925,3.941247,-36.603523,3.593850,23.047523,0.194150,3.014633,-0.340745,-0.243113,-0.214925,87.000000,87.000000,87.000000,87.000000,12.000000,12.000000,12.000000,200.000000,200.000000,0.000000,0.000000,0.000000,0.000000,0.000000,0.000000,0.000000,0.000000,0.000000
285,-0.088319,0.807069,0.070968,1.797640,0.019354,-1.174143,-4.647766,-0.130748,0.290437,-0.016361,-2.137797,-0.035883,2.433000,-1.526846,0.000111,0.000062,0.270970,-0.143214,-0.171519,0.120314,0.912398,-0.245621,-1.126304,-0.001035,0.000569,-3.064878,-1.570534,6.763027,-1.422603,-18.158394,0.540052,26.595846,-0.001930,-0.011777,6.039285,-36.023457,4.977974,17.662275,0.140583,2.198661,0.057246,-0.147474,-0.198508,6.039285,-36.023457,4.977974,17.662275,0.140583,2.198661,0.057246,-0.147474,-0.198508,87.000000,87.000000,87.000000,87.000000,12.000000,12.000000,12.000000,200.000000,200.000000,0.000000,0.000000,0.000000,0.000000,0.000000,0.000000,0.000000,0.000000,0.000000
286,-0.242773,0.994061,-0.081357,1.653314,0.018247,-1.247525,-4.643361,-0.120168,0.289671,-0.024468,-2.137598,-0.015892,2.418127,-1.552773,0.000111,0.000053,0.247922,-0.134301,-0.179907,-0.044262,0.468175,-0.515639,-0.564149,-0.000823,0.000541,-5.080776,0.400110,4.649891,-6.745943,-10.080750,6.800898,13.185928,-0.004058,0.005709,-1.039210,-28.395575,-0.564072,12.005865,0.136976,1.536621,0.035426,-0.159305,-0.148615,-1.039210,-28.395575,-0.564072,12.005865,0.136976,1.536621,0.035426,-0.159305,-0.148615,87.000000,87.000000,87.000000,87.000000,12.000000,12.000000,12.000000,200.000000,200.000000,0.000000,0.000000,0.000000,0.000000,0.000000,0.000000,0.000000,0.000000,0.000000
287,-0.352768,0.821162,-0.190902,1.908122,0.034498,-1.153460,-4.667630,-0.112080,0.290822,-0.032584,-2.138490,-0.003828,2.422950,-1.572152,0.000085,0.000075,0.154928,-0.040175,-0.203405,0.133307,0.261651,0.067123,-0.425300,-0.000831,0.000749,-6.008286,2.584789,2.978672,7.314123,-7.542562,-0.634530,9.780916,0.007722,-0.002463,-5.894056,-35.528229,-4.325339,22.599167,0.508557,2.949553,0.047840,-0.086727,-0.215802,-5.894056,-35.528229,-4.325339,22.599167,0.508557,2.949553,0.047840,-0.086727,-0.215802,87.000000,87.000000,87.000000,87.000000,12.000000,12.000000,12.000000,200.000000,200.000000,0.000000,0.000000,0.000000,0.000000,0.000000,0.000000,0.000000,0.000000,0.000000
288,-0.251890,0.786380,-0.106771,1.773876,0.050223,-1.225027,-4.642870,-0.109679,0.291154,-0.036774,-2.137190,0.006419,2.415579,-1.576258,0.000087,0.000073,0.019773,-0.160343,-0.082244,0.016344,0.302238,-0.363317,-0.085502,-0.000754,0.000616,-2.765725,-3.355329,2.001264,-4.914329,-4.141480,2.397777,2.109465,-0.007129,0.005825,-1.509012,-36.966206,-0.999911,16.738846,0.421740,1.978874,0.019955,-0.118096,-0.191875,-1.509012,-36.966206,-0.999911,16.738846,0.421740,1.978874,0.019955,-0.118096,-0.191875,87.000000,87.000000,87.000000,87.000000,12.000000,12.000000,12.000000,200.000000,200.000000,0.000000,0.000000,0.000000,0.000000,0.000000,0.000000,0.000000,0.000000,0.000000
289,-0.116651,0.928200,-0.013500,1.784718,0.070322,-1.234523,-4.681481,-0.107468,0.291142,-0.039843,-2.137493,0.017693,2.407561,-1.587410,0.000072,0.000085,0.063210,-0.080065,-0.052320,0.058547,0.290357,-0.312614,-0.247625,-0.000851,0.000710,-0.246879,2.319218,2.495445,0.978902,-5.687999,4.327431,5.796112,0.012656,-0.011047,3.753722,-31.182190,2.922172,17.420927,0.260156,2.223459,0.011580,-0.050154,-0.249872,3.753722,-31.182190,2.922172,17.420927,0.260156,2.223459,0.011580,-0.050154,-0.249872,87.000000,87.000000,87.000000,87.000000,12.000000,12.000000,12.000000,200.000000,200.000000,0.000000,0.000000,0.000000,0.000000,0.000000,0.000000,0.000000,0.000000,0.000000
290,-0.230105,0.811107,-0.123539,1.845363,0.057963,-1.166645,-4.698608,-0.103589,0.292378,-0.044256,-2.137925,0.020500,2.416771,-1.597428,0.000067,0.000091,0.089790,-0.079298,-0.116015,0.067694,0.036295,0.153864,-0.223943,-0.000485,0.000452,-2.203117,-0.017074,1.610888,2.317396,-3.047417,-3.508477,4.989890,-0.001231,0.002197,-1.275842,-36.099701,-1.008317,19.932775,0.357876,2.520837,0.017313,-0.084195,-0.224321,-1.275842,-36.099701,-1.008317,19.932775,0.357876,2.520837,0.017313,-0.084195,-0.224321,87.000000,87.000000,87.000000,87.000000,12.000000,12.000000,12.000000,200.000000,200.000000,0.000000,0.000000,0.000000,0.000000,0.000000,0.000000,0.000000,0.000000,0.000000
291,-0.291097,0.872489,-0.183086,1.844804,0.064137,-1.201536,-4.688550,-0.100787,0.294642,-0.049338,-2.134323,0.021485,2.415870,-1.600392,0.000072,0.000086,0.033457,-0.027690,-0.131338,0.196068,0.076710,-0.181635,-0.064313,-0.000570,0.000437,-3.459980,1.286783,1.531138,2.033694,0.550843,0.486765,1.565879,0.000822,-0.001868,-3.863853,-33.888142,-2.943960,19.266268,0.639567,2.304230,0.034869,-0.086949,-0.219946,-3.863853,-33.888142,-2.943960,19.266268,0.639567,2.304230,0.034869,-0.086949,-0.219946,87.000000,87.000000,87.000000,87.000000,12.000000,12.000000,12.000000,200.000000,200.000000,0.000000,0.000000,0.000000,0.000000,0.000000,0.000000,0.000000,0.000000,0.000000
292,-0.019811,0.855583,0.044249,1.745051,0.090335,-1.231885,-4.702695,-0.101125,0.295897,-0.049151,-2.132982,0.030692,2.410709,-1.605035,0.000068,0.000090,0.007315,-0.117995,0.058182,0.004057,0.271387,-0.276376,-0.101429,-0.000653,0.000548,2.029982,-2.405621,2.197035,-5.439901,-4.307234,1.540426,2.434065,-0.001697,0.002399,7.394332,-34.636070,5.670222,15.252253,0.155901,1.817711,-0.010263,-0.076789,-0.227108,7.394332,-34.636070,5.670222,15.252253,0.155901,1.817711,-0.010263,-0.076789,-0.227108,87.000000,87.000000,87.000000,87.000000,12.000000,12.000000,12.000000,200.000000,200.000000,0.000000,0.000000,0.000000,0.000000,0.000000,0.000000,0.000000,0.000000,0.000000
293,-0.139350,0.796369,-0.076718,1.813015,0.073540,-1.187203,-4.709202,-0.096956,0.294915,-0.051174,-2.136124,0.031620,2.414886,-1.609052,0.000066,0.000091,0.131927,-0.168532,-0.051918,-0.056909,-0.001520,0.009264,-0.093098,-0.000549,0.000463,-0.391043,-1.395941,1.486498,-0.488061,-1.849178,-1.662260,1.945085,-0.001377,0.001663,1.815740,-36.733234,1.238955,18.667103,0.263417,2.336562,-0.000856,-0.079239,-0.226423,1.815740,-36.733234,1.238955,18.667103,0.263417,2.336562,-0.000856,-0.079239,-0.226423,87.000000,87.000000,87.000000,87.000000,12.000000,12.000000,12.000000,200.000000,200.000000,0.000000,0.000000,0.000000,0.000000,0.000000,0.000000,0.000000,0.000000,0.000000
294,-0.260218,0.887220,-0.180636,1.804476,0.097870,-1.228880,-4.696032,-0.092541,0.294121,-0.054066,-2.137556,0.035373,2.409015,-1.608222,0.000072,0.000086,0.087123,-0.117549,-0.067859,0.029452,0.155549,-0.305924,0.020053,-0.000595,0.000475,-3.104899,1.465791,1.336974,1.164064,-0.804393,2.410378,-0.356092,-0.002732,0.002478,-3.411429,-33.007938,-2.647619,18.305851,0.593597,2.198750,0.026598,-0.090045,-0.215883,-3.411429,-33.007938,-2.647619,18.305851,0.593597,2.198750,0.026598,-0.090045,-0.215883,87.000000,87.000000,87.000000,87.000000,12.000000,12.000000,12.000000,200.000000,200.000000,0.000000,0.000000,0.000000,0.000000,0.000000,0.000000,0.000000,0.000000,0.000000
295,-0.213888,0.777301,-0.126011,1.845584,0.080051,-1.167688,-4.687142,-0.092984,0.293496,-0.053108,-2.139279,0.034796,2.417280,-1.605489,0.000066,0.000092,-0.028133,-0.149455,0.034795,0.018344,-0.027744,0.123957,0.055395,-0.000417,0.000353,-0.020513,-0.873595,-0.671591,1.725442,-1.046499,-3.454304,-1.556974,0.004808,-0.004868,-1.041456,-37.403049,-0.925925,20.148180,0.386083,2.519276,-0.001072,-0.077110,-0.230531,-1.041456,-37.403049,-0.925925,20.148180,0.386083,2.519276,-0.001072,-0.077110,-0.230531,87.000000,87.000000,87.000000,87.000000,12.000000,12.000000,12.000000,200.000000,200.000000,0.000000,0.000000,0.000000,0.000000,0.000000,0.000000,0.000000,0.000000,0.000000
296,-0.123864,0.815636,-0.054777,1.894932,0.069396,-1.156312,-4.673401,-0.093288,0.293591,-0.051748,-2.136686,0.031166,2.424546,-1.600778,0.000059,0.000098,0.009629,-0.089154,0.046617,0.210833,-0.055733,0.048789,0.100350,-0.000670,0.000565,1.392618,1.513257,0.103208,5.177792,2.055886,-2.966090,-2.441487,0.006800,-0.005438,2.566021,-35.900921,1.824750,21.600739,0.509498,2.612324,0.001296,-0.044545,-0.256814,2.566021,-35.900921,1.824750,21.600739,0.509498,2.612324,0.001296,-0.044545,-0.256814,87.000000,87.000000,87.000000,87.000000,12.000000,12.000000,12.000000,200.000000,200.000000,0.000000,0.000000,0.000000,0.000000,0.000000,0.000000,0.000000,0.000000,0.000000
297,-0.251665,0.874959,-0.176198,1.779597,0.066216,-1.209826,-4.673878,-0.090529,0.294048,-0.054159,-2.131738,0.028363,2.420143,-1.598499,0.000075,0.000084,0.059801,-0.116684,-0.075478,0.149459,-0.018073,-0.267147,0.046772,-0.000446,0.000327,-2.160130,-0.867967,0.514300,-3.433801,2.196025,1.829427,-1.067900,-0.008966,0.006853,-3.101523,-33.628345,-2.491808,16.262403,0.518910,1.935884,0.022233,-0.115376,-0.194671,-3.101523,-33.628345,-2.491808,16.262403,0.518910,1.935884,0.022233,-0.115376,-0.194671,87.000000,87.000000,87.000000,87.000000,12.000000,12.000000,12.000000,200.000000,200.000000,0.000000,0.000000,0.000000,0.000000,0.000000,0.000000,0.000000,0.000000,0.000000
298,-0.223676,1.007950,-0.159297,1.647909,0.083446,-1.296495,-4.680301,-0.088824,0.293776,-0.057043,-2.131623,0.031603,2.401008,-1.598834,0.000087,0.000073,0.017048,-0.126806,-0.066690,-0.074414,0.147877,-0.639543,-0.008272,-0.000622,0.000530,-2.178734,-0.062056,1.154688,-8.509296,-0.404491,8.124217,0.338779,-0.009659,0.013036,-2.008659,-28.215546,-1.568411,11.291020,0.364037,1.349470,0.020541,-0.129976,-0.176163,-2.008659,-28.215546,-1.568411,11.291020,0.364037,1.349470,0.020541,-0.129976,-0.176163,87.000000,87.000000,87.000000,87.000000,12.000000,12.000000,12.000000,200.000000,200.000000,0.000000,0.000000,0.000000,0.000000,0.000000,0.000000,0.000000,0.000000,0.000000
299,-0.081358,0.746920,-0.029038,1.956436,0.101552,-1.109743,-4.694546,-0.090534,0.294390,-0.055031,-2.135831,0.038209,2.421849,-1.602325,0.000051,0.000106,-0.029393,-0.070771,0.075646,0.059885,0.120859,0.508337,-0.079325,-0.000493,0.000539,2.446242,1.702687,-0.241370,9.758078,-6.109276,-8.373792,1.526374,0.025813,-0.021877,4.207476,-38.751938,3.022701,24.653934,0.281564,3.176410,-0.013613,-0.010000,-0.298439,4.207476,-38.751938,3.022701,24.653934,0.281564,3.176410,-0.013613,-0.010000,-0.298439,87.000000,87.000000,87.000000,87.000000,12.000000,12.000000,12.000000,200.000000,200.000000,0.000000,0.000000,0.000000,0.000000,0.000000,0.000000,0.000000,0.000000,0.000000
300,-0.117083,0.789882,-0.039270,1.797393,0.086981,-1.216763,-4.703933,-0.092295,0.294252,-0.050750,-2.134119,0.037579,2.417602,-1.606381,0.000070,0.000090,-0.028931,-0.165356,0.131098,0.052885,0.040280,-0.328843,-0.093304,-0.000596,0.000417,2.255788,-2.812274,-0.696306,-3.782963,2.058156,0.728835,2.240437,-0.010432,0.004516,2.907865,-37.029186,2.096946,17.402700,0.452578,1.954514,0.014205,-0.097344,-0.217062,2.907865,-37.029186,2.096946,17.402700,0.452578,1.954514,0.014205,-0.097344,-0.217062,87.000000,87.000000,87.000000,87.000000,12.000000,12.000000,12.000000,200.000000,200.000000,0.000000,0.000000,0.000000,0.000000,0.000000,0.000000,0.000000,0.000000,0.000000
301,-0.352371,0.893993,-0.285418,1.779718,0.070299,-1.234805,-4.669066,-0.086261,0.293043,-0.057340,-2.134137,0.032545,2.408961,-1.600418,0.000082,0.000078,0.138541,-0.143436,-0.225739,0.024824,-0.098306,-0.321589,0.130274,-0.000518,0.000406,-4.982563,0.596125,0.744052,-1.676623,2.423396,4.730213,-3.101261,-0.006958,0.008974,-7.836953,-32.632153,-6.197628,16.890362,0.569690,2.149036,0.028180,-0.122303,-0.183699,-7.836953,-32.632153,-6.197628,16.890362,0.569690,2.149036,0.028180,-0.122303,-0.183699,87.000000,87.000000,87.000000,87.000000,12.000000,12.000000,12.000000,200.000000,200.000000,0.000000,0.000000,0.000000,0.000000,0.000000,0.000000,0.000000,0.000000,0.000000
302,-0.137525,0.873257,-0.081073,1.827311,0.110444,-1.196259,-4.696562,-0.087556,0.293001,-0.057294,-2.135337,0.039693,2.411859,-1.603685,0.000065,0.000092,-0.062672,-0.092429,0.045763,0.051836,0.219051,-0.034412,-0.072759,-0.000595,0.000523,0.163168,1.610840,0.825203,2.699414,-3.695719,-1.431985,1.712451,0.008566,-0.007494,1.676865,-33.536102,1.267861,19.068211,0.411593,2.341398,0.008682,-0.059203,-0.246188,1.676865,-33.536102,1.267861,19.068211,0.411593,2.341398,0.008682,-0.059203,-0.246188,87.000000,87.000000,87.000000,87.000000,12.000000,12.000000,12.000000,200.000000,200.000000,0.000000,0.000000,0.000000,0.000000,0.000000,0.000000,0.000000,0.000000,0.000000
303,-0.196433,0.743279,-0.129413,1.865174,0.072421,-1.166567,-4.671397,-0.089165,0.292712,-0.056852,-2.135129,0.035330,2.419547,-1.599356,0.000067,0.000091,-0.039355,-0.154570,-0.002535,0.067671,-0.119669,0.080432,0.090154,-0.000500,0.000398,0.588687,-1.889548,-1.016475,0.831421,1.319467,-3.269719,-2.369095,-0.000496,-0.000819,-0.581349,-38.746044,-0.685778,20.417049,0.418774,2.505564,-0.001538,-0.083082,-0.224832,-0.581349,-38.746044,-0.685778,20.417049,0.418774,2.505564,-0.001538,-0.083082,-0.224832,87.000000,87.000000,87.000000,87.000000,12.000000,12.000000,12.000000,200.000000,200.000000,0.000000,0.000000,0.000000,0.000000,0.000000,0.000000,0.000000,0.000000,0.000000
304,-0.216196,0.902150,-0.151591,1.780978,0.052457,-1.225435,-4.672664,-0.089683,0.291986,-0.058524,-2.133207,0.027310,2.413631,-1.597435,0.000076,0.000083,-0.025281,-0.126937,-0.050342,0.088950,-0.142908,-0.308125,0.037045,-0.000656,0.000529,-0.785941,0.692166,0.152218,-1.662840,5.079556,2.662999,-0.867210,-0.002761,0.004406,-1.447448,-32.260033,-1.243300,16.696869,0.550248,1.988932,0.022764,-0.093667,-0.209566,-1.447448,-32.260033,-1.243300,16.696869,0.550248,1.988932,0.022764,-0.093667,-0.209566,87.000000,87.000000,87.000000,87.000000,12.000000,12.000000,12.000000,200.000000,200.000000,0.000000,0.000000,0.000000,0.000000,0.000000,0.000000,0.000000,0.000000,0.000000
305,-0.064145,0.965425,0.012309,1.753794,0.083772,-1.211299,-4.683239,-0.094910,0.292792,-0.052948,-2.133550,0.031457,2.413353,-1.598904,0.000064,0.000094,-0.122737,-0.058320,0.184724,0.030049,0.153862,-0.123314,-0.032236,-0.000582,0.000498,4.003891,2.166514,-1.065347,-0.438676,-1.986394,-0.211679,0.774623,0.005677,-0.005333,5.580919,-29.892469,4.175393,15.862827,0.276464,1.925831,-0.002806,-0.060818,-0.243838,5.580919,-29.892469,4.175393,15.862827,0.276464,1.925831,-0.002806,-0.060818,-0.243838,87.000000,87.000000,87.000000,87.000000,12.000000,12.000000,12.000000,200.000000,200.000000,0.000000,0.000000,0.000000,0.000000,0.000000,0.000000,0.000000,0.000000,0.000000
306,-0.287837,0.852614,-0.208964,1.773331,0.085303,-1.233736,-4.686681,-0.092545,0.293976,-0.055817,-2.135154,0.033391,2.407658,-1.600616,0.000079,0.000081,0.062198,-0.099426,-0.119721,-0.041294,0.069493,-0.282305,-0.039973,-0.000480,0.000367,-2.254701,-1.167613,-0.295346,-2.918577,-0.909909,2.466259,0.922887,-0.010123,0.009120,-4.395557,-34.580284,-3.601690,16.821383,0.465908,2.058197,0.025258,-0.121825,-0.187197,-4.395557,-34.580284,-3.601690,16.821383,0.465908,2.058197,0.025258,-0.121825,-0.187197,87.000000,87.000000,87.000000,87.000000,12.000000,12.000000,12.000000,200.000000,200.000000,0.000000,0.000000,0.000000,0.000000,0.000000,0.000000,0.000000,0.000000,0.000000
307,-0.094993,0.672237,-0.036083,1.980581,0.090178,-1.125610,-4.711419,-0.093620,0.294350,-0.054793,-2.136380,0.035787,2.422406,-1.607296,0.000052,0.000105,-0.024122,-0.111394,0.059743,0.130883,0.049166,0.298749,-0.150803,-0.000681,0.000660,1.685195,-0.424078,0.503023,8.028544,-2.540238,-5.963754,3.304648,0.014548,-0.009874,3.850563,-41.748917,2.807748,25.376705,0.421426,3.184259,0.002216,-0.017512,-0.283127,3.850563,-41.748917,2.807748,25.376705,0.421426,3.184259,0.002216,-0.017512,-0.283127,87.000000,87.000000,87.000000,87.000000,12.000000,12.000000,12.000000,200.000000,200.000000,0.000000,0.000000,0.000000,0.000000,0.000000,0.000000,0.000000,0.000000,0.000000
308,-0.204612,0.832765,-0.134918,1.771020,0.071429,-1.217606,-4.680220,-0.092333,0.293240,-0.055668,-2.133633,0.032310,2.417909,-1.603433,0.000073,0.000086,0.033922,-0.184272,-0.028580,0.068490,-0.030926,-0.303394,0.084212,-0.000485,0.000327,-0.770019,-2.152244,0.332344,-4.544579,2.950108,1.245324,-1.937897,-0.010551,0.004472,-0.927573,-35.144951,-0.854254,16.223261,0.490955,1.862471,0.013247,-0.111090,-0.204404,-0.927573,-35.144951,-0.854254,16.223261,0.490955,1.862471,0.013247,-0.111090,-0.204404,87.000000,87.000000,87.000000,87.000000,12.000000,12.000000,12.000000,200.000000,200.000000,0.000000,0.000000,0.000000,0.000000,0.000000,0.000000,0.000000,0.000000,0.000000
309,-0.117400,0.840531,-0.068330,1.804231,0.077160,-1.196879,-4.687852,-0.090894,0.290793,-0.056003,-2.134228,0.032493,2.417266,-1.603131,0.000066,0.000091,0.046761,-0.191927,0.010874,0.022223,0.030332,-0.123378,0.003569,-0.000611,0.000499,0.394799,-0.119593,1.078969,-0.476578,-0.476497,0.404166,-0.162403,0.003512,-0.002162,2.476254,-34.502617,1.774978,17.953058,0.339860,2.226637,0.000960,-0.067710,-0.234264,2.476254,-34.502617,1.774978,17.953058,0.339860,2.226637,0.000960,-0.067710,-0.234264,87.000000,87.000000,87.000000,87.000000,12.000000,12.000000,12.000000,200.000000,200.000000,0.000000,0.000000,0.000000,0.000000,0.000000,0.000000,0.000000,0.000000,0.000000
310,-0.328151,0.949665,-0.252762,1.817144,0.086725,-1.210658,-4.696601,-0.087951,0.290667,-0.059603,-2.132498,0.033231,2.414010,-1.605266,0.000073,0.000085,0.041665,-0.062162,-0.116951,0.151011,0.055254,-0.206549,-0.049241,-0.000495,0.000389,-3.634482,3.597072,0.104908,2.819883,0.101029,2.138391,1.164833,-0.001448,0.001288,-6.403621,-30.260752,-5.030771,18.176876,0.632194,2.252841,0.039102,-0.096400,-0.209973,-6.403621,-30.260752,-5.030771,18.176876,0.632194,2.252841,0.039102,-0.096400,-0.209973,87.000000,87.000000,87.000000,87.000000,12.000000,12.000000,12.000000,200.000000,200.000000,0.000000,0.000000,0.000000,0.000000,0.000000,0.000000,0.000000,0.000000,0.000000
311,-0.084239,0.921559,-0.008881,1.779062,0.086673,-1.185327,-4.702927,-0.093123,0.292956,-0.054390,-2.130934,0.035762,2.419131,-1.607665,0.000064,0.000093,-0.134034,-0.032479,0.178451,0.083176,0.080697,0.016573,-0.055323,-0.000485,0.000423,3.588404,0.941311,-1.167260,-0.710138,-1.687244,-2.541141,1.169377,0.005506,-0.004594,4.639724,-31.799231,3.455085,16.506828,0.254474,1.998947,-0.005917,-0.068082,-0.237546,4.639724,-31.799231,3.455085,16.506828,0.254474,1.998947,-0.005917,-0.068082,-0.237546,87.000000,87.000000,87.000000,87.000000,12.000000,12.000000,12.000000,200.000000,200.000000,0.000000,0.000000,0.000000,0.000000,0.000000,0.000000,0.000000,0.000000,0.000000
312,-0.100963,0.741533,-0.020969,1.789955,0.090497,-1.205010,-4.675604,-0.095366,0.292763,-0.049551,-2.132702,0.037745,2.417536,-1.602417,0.000070,0.000088,-0.018709,-0.193114,0.127261,-0.083438,0.086648,-0.200339,0.115465,-0.000580,0.000467,3.194180,-4.456844,-1.334951,-5.145837,-0.817410,-0.400246,-2.723693,-0.008110,0.007106,3.827586,-38.865322,2.703259,17.274338,0.287652,2.032720,-0.011915,-0.095484,-0.211818,3.827586,-38.865322,2.703259,17.274338,0.287652,2.032720,-0.011915,-0.095484,-0.211818,87.000000,87.000000,87.000000,87.000000,12.000000,12.000000,12.000000,200.000000,200.000000,0.000000,0.000000,0.000000,0.000000,0.000000,0.000000,0.000000,0.000000,0.000000
313,-0.303679,0.920922,-0.200053,1.858368,0.068051,-1.177248,-4.684463,-0.093392,0.292998,-0.050286,-2.133519,0.032223,2.419861,-1.601886,0.000068,0.000090,0.043370,-0.043433,-0.051085,0.115358,-0.135577,-0.034198,0.004265,-0.000604,0.000505,-1.719413,4.078707,-1.048537,5.607398,2.262500,0.214859,-0.286337,0.003957,-0.002106,-4.882148,-31.618874,-3.912118,20.162075,0.589627,2.558039,0.027192,-0.071049,-0.231643,-4.882148,-31.618874,-3.912118,20.162075,0.589627,2.558039,0.027192,-0.071049,-0.231643,87.000000,87.000000,87.000000,87.000000,12.000000,12.000000,12.000000,200.000000,200.000000,0.000000,0.000000,0.000000,0.000000,0.000000,0.000000,0.000000,0.000000,0.000000
314,-0.324973,0.818709,-0.237998,1.810220,0.069973,-1.224600,-4.685052,-0.090983,0.294358,-0.055303,-2.131597,0.029002,2.413006,-1.601854,0.000080,0.000079,0.020120,-0.103111,-0.148134,0.068061,-0.017308,-0.325658,-0.000793,-0.000502,0.000394,-3.924902,-1.742063,0.758224,-2.818829,2.579530,2.911572,0.091290,-0.005099,0.005526,-5.993702,-35.989822,-4.662901,17.727186,0.639379,2.133698,0.037257,-0.115874,-0.191546,-5.993702,-35.989822,-4.662901,17.727186,0.639379,2.133698,0.037257,-0.115874,-0.191546,87.000000,87.000000,87.000000,87.000000,12.000000,12.000000,12.000000,200.000000,200.000000,0.000000,0.000000,0.000000,0.000000,0.000000,0.000000,0.000000,0.000000,0.000000
315,-0.011089,0.842775,0.060196,1.822921,0.095555,-1.200333,-4.703736,-0.096223,0.294663,-0.050478,-2.132202,0.035460,2.413470,-1.606047,0.000060,0.000097,-0.124576,-0.107042,0.185411,0.036537,0.195946,-0.098931,-0.093089,-0.000705,0.000618,4.361301,0.042843,-0.074165,0.542247,-3.342806,-0.376507,2.154752,0.010881,-0.009281,7.831921,-34.939034,5.949622,18.559309,0.236130,2.281272,-0.009784,-0.038016,-0.263648,7.831921,-34.939034,5.949622,18.559309,0.236130,2.281272,-0.009784,-0.038016,-0.263648,87.000000,87.000000,87.000000,87.000000,12.000000,12.000000,12.000000,200.000000,200.000000,0.000000,0.000000,0.000000,0.000000,0.000000,0.000000,0.000000,0.000000,0.000000
316,-0.144493,0.743940,-0.053933,1.891693,0.061027,-1.140768,-4.689097,-0.097233,0.294358,-0.047348,-2.132326,0.030781,2.425400,-1.604787,0.000057,0.000100,0.012401,-0.143477,0.065681,0.084069,-0.139383,0.205636,0.022236,-0.000519,0.000460,2.423416,-1.164899,-1.452876,2.691002,0.953772,-4.952762,-0.828128,-0.002072,0.002073,2.111581,-38.839195,1.362494,21.316360,0.355140,2.642535,-0.005337,-0.064905,-0.242233,2.111581,-38.839195,1.362494,21.316360,0.355140,2.642535,-0.005337,-0.064905,-0.242233,87.000000,87.000000,87.000000,87.000000,12.000000,12.000000,12.000000,200.000000,200.000000,0.000000,0.000000,0.000000,0.000000,0.000000,0.000000,0.000000,0.000000,0.000000
317,-0.362347,0.998418,-0.260512,1.643900,0.055098,-1.285302,-4.643065,-0.093106,0.293088,-0.052204,-2.132465,0.024865,2.407715,-1.593356,0.000091,0.000072,0.072928,-0.162054,-0.159068,-0.084572,-0.048926,-0.655846,0.251919,-0.000455,0.000400,-4.593841,-0.402892,0.587178,-9.030017,5.174063,6.861648,-5.701741,-0.017472,0.020959,-7.494842,-28.467308,-5.794808,11.195904,0.616027,1.225968,0.030072,-0.160436,-0.153059,-7.494842,-28.467308,-5.794808,11.195904,0.616027,1.225968,0.030072,-0.160436,-0.153059,87.000000,87.000000,87.000000,87.000000,12.000000,12.000000,12.000000,200.000000,200.000000,0.000000,0.000000,0.000000,0.000000,0.000000,0.000000,0.000000,0.000000,0.000000
318,-0.251127,0.881168,-0.158406,1.930436,0.047939,-1.144210,-4.673205,-0.094466,0.294873,-0.054188,-2.134155,0.020818,2.418555,-1.594409,0.000060,0.000098,-0.071085,0.017791,-0.047001,0.152436,-0.119130,0.254097,-0.031673,-0.000653,0.000522,-1.007793,5.022361,-0.245115,10.326497,0.179805,-2.911565,0.433170,0.023315,-0.027540,-2.354560,-33.467262,-1.892872,23.266346,0.528759,3.048463,0.016657,-0.021684,-0.289376,-2.354560,-33.467262,-1.892872,23.266346,0.528759,3.048463,0.016657,-0.021684,-0.289376,87.000000,87.000000,87.000000,87.000000,12.000000,12.000000,12.000000,200.000000,200.000000,0.000000,0.000000,0.000000,0.000000,0.000000,0.000000,0.000000,0.000000,0.000000
319,-0.140814,0.779106,-0.071221,1.787958,0.109420,-1.225729,-4.706378,-0.096293,0.296742,-0.055117,-2.132590,0.032811,2.413783,-1.602956,0.000071,0.000088,-0.053231,-0.122979,-0.006609,0.023184,0.391333,-0.334062,-0.184245,-0.000546,0.000434,0.338608,-3.882565,0.896461,-4.962282,-4.207819,0.295658,4.619149,-0.013714,0.012605,2.233689,-37.833439,1.626355,16.914665,0.445162,1.890017,0.023510,-0.107749,-0.200950,2.233689,-37.833439,1.626355,16.914665,0.445162,1.890017,0.023510,-0.107749,-0.200950,87.000000,87.000000,87.000000,87.000000,12.000000,12.000000,12.000000,200.000000,200.000000,0.000000,0.000000,0.000000,0.000000,0.000000,0.000000,0.000000,0.000000,0.000000
320,-0.175415,0.822567,-0.101337,1.835905,0.056276,-1.193705,-4.681819,-0.097585,0.296487,-0.056027,-2.133250,0.028819,2.414365,-1.601425,0.000067,0.000091,-0.028752,-0.128413,-0.030099,0.037121,-0.134720,-0.064148,0.027433,-0.000615,0.000492,0.659346,-0.274858,-0.153646,0.572420,0.721988,0.840388,-0.967791,0.006930,-0.006459,0.908610,-35.853691,0.494004,19.163311,0.296758,2.458004,-0.005288,-0.062571,-0.240529,0.908610,-35.853691,0.494004,19.163311,0.296758,2.458004,-0.005288,-0.062571,-0.240529,87.000000,87.000000,87.000000,87.000000,12.000000,12.000000,12.000000,200.000000,200.000000,0.000000,0.000000,0.000000,0.000000,0.000000,0.000000,0.000000,0.000000,0.000000
321,-0.146529,0.877924,-0.080446,1.838937,0.083549,-1.190112,-4.677356,-0.097808,0.297074,-0.056898,-2.132495,0.031149,2.416764,-1.599671,0.000062,0.000095,-0.002069,-0.074931,-0.010127,0.111261,0.113894,-0.073241,0.039542,-0.000561,0.000482,0.349183,1.527763,0.849731,2.520319,-0.762926,-1.240815,-0.874287,0.003997,-0.002435,1.991483,-33.725716,1.405432,19.139080,0.468827,2.305429,0.007575,-0.061656,-0.241568,1.991483,-33.725716,1.405432,19.139080,0.468827,2.305429,0.007575,-0.061656,-0.241568,87.000000,87.000000,87.000000,87.000000,12.000000,12.000000,12.000000,200.000000,200.000000,0.000000,0.000000,0.000000,0.000000,0.000000,0.000000,0.000000,0.000000,0.000000
322,-0.191325,0.855071,-0.127601,1.849445,0.076989,-1.180764,-4.658135,-0.096484,0.298899,-0.058910,-2.129532,0.031470,2.419953,-1.594113,0.000065,0.000093,0.033325,-0.054407,-0.053279,0.160328,0.026572,-0.039015,0.119793,-0.000466,0.000384,-0.739833,0.456364,0.773098,1.391695,-0.366163,-1.105866,-2.905687,0.001189,-0.000981,-0.061436,-34.901463,-0.210826,19.127258,0.430251,2.343554,0.000256,-0.077788,-0.228858,-0.061436,-34.901463,-0.210826,19.127258,0.430251,2.343554,0.000256,-0.077788,-0.228858,87.000000,87.000000,87.000000,87.000000,12.000000,12.000000,12.000000,200.000000,200.000000,0.000000,0.000000,0.000000,0.000000,0.000000,0.000000,0.000000,0.000000,0.000000
323,-0.150177,0.759932,-0.071896,1.738497,0.081934,-1.245518,-4.687850,-0.098174,0.297043,-0.056822,-2.130405,0.033460,2.410512,-1.598198,0.000079,0.000080,-0.049623,-0.266187,0.082009,-0.121554,0.095199,-0.413114,-0.094908,-0.000497,0.000369,1.124481,-5.821985,-0.031794,-9.376326,-0.273191,2.944565,2.246718,-0.011323,0.009700,2.042594,-38.354202,1.448909,14.893818,0.299288,1.728866,0.007895,-0.122718,-0.186516,2.042594,-38.354202,1.448909,14.893818,0.299288,1.728866,0.007895,-0.122718,-0.186516,87.000000,87.000000,87.000000,87.000000,12.000000,12.000000,12.000000,200.000000,200.000000,0.000000,0.000000,0.000000,0.000000,0.000000,0.000000,0.000000,0.000000,0.000000
324,-0.159915,0.828329,-0.102177,1.883147,0.079154,-1.171749,-4.681318,-0.096280,0.293565,-0.057708,-2.134408,0.033350,2.415811,-1.598919,0.000062,0.000095,0.071525,-0.182810,-0.031996,0.017669,-0.008740,0.065289,-0.017826,-0.000717,0.000620,0.230239,2.391175,0.414838,5.984921,-1.211791,-1.388650,0.233421,0.008366,-0.006402,1.134714,-35.092327,0.629905,21.506306,0.406708,2.748799,0.004803,-0.044814,-0.255607,1.134714,-35.092327,0.629905,21.506306,0.406708,2.748799,0.004803,-0.044814,-0.255607,87.000000,87.000000,87.000000,87.000000,12.000000,12.000000,12.000000,200.000000,200.000000,0.000000,0.000000,0.000000,0.000000,0.000000,0.000000,0.000000,0.000000,0.000000
325,-0.159164,0.918370,-0.089430,1.764586,0.071656,-1.199468,-4.689929,-0.095422,0.292088,-0.056659,-2.135309,0.031447,2.417641,-1.601304,0.000067,0.000091,0.021924,-0.141586,0.049103,0.014875,-0.012263,-0.105346,-0.056122,-0.000510,0.000415,0.348709,1.220346,0.407706,-0.648665,1.278580,-1.336382,1.255417,-0.002851,0.001789,1.230101,-31.550159,0.844993,16.464497,0.419156,1.940566,0.012267,-0.085330,-0.222535,1.230101,-31.550159,0.844993,16.464497,0.419156,1.940566,0.012267,-0.085330,-0.222535,87.000000,87.000000,87.000000,87.000000,12.000000,12.000000,12.000000,200.000000,200.000000,0.000000,0.000000,0.000000,0.000000,0.000000,0.000000,0.000000,0.000000,0.000000
326,-0.287640,0.943664,-0.210190,1.847656,0.073031,-1.189474,-4.672910,-0.092743,0.294003,-0.058857,-2.132988,0.029511,2.418116,-1.598654,0.000068,0.000090,0.053302,0.005738,-0.076681,0.196491,-0.011030,-0.102571,0.057444,-0.000546,0.000436,-2.406232,4.017331,0.012467,4.698045,1.242088,0.643304,-1.372446,0.003039,-0.002568,-4.360426,-30.923708,-3.500732,19.423727,0.622642,2.411065,0.027171,-0.076024,-0.228125,-4.360426,-30.923708,-3.500732,19.423727,0.622642,2.411065,0.027171,-0.076024,-0.228125,87.000000,87.000000,87.000000,87.000000,12.000000,12.000000,12.000000,200.000000,200.000000,0.000000,0.000000,0.000000,0.000000,0.000000,0.000000,0.000000,0.000000,0.000000
327,-0.196685,0.790766,-0.127923,1.806961,0.073846,-1.192837,-4.685635,-0.093176,0.296100,-0.059076,-2.130705,0.029906,2.419247,-1.600141,0.000072,0.000086,-0.028143,-0.101886,0.007872,0.060485,0.040138,-0.106569,-0.036201,-0.000438,0.000344,-0.317777,-3.040202,0.127382,-3.625022,-0.240716,-1.009997,0.785670,-0.004486,0.003403,-0.355683,-37.324085,-0.406687,17.499420,0.402986,2.101364,0.011033,-0.103439,-0.205052,-0.355683,-37.324085,-0.406687,17.499420,0.402986,2.101364,0.011033,-0.103439,-0.205052,87.000000,87.000000,87.000000,87.000000,12.000000,12.000000,12.000000,200.000000,200.000000,0.000000,0.000000,0.000000,0.000000,0.000000,0.000000,0.000000,0.000000,0.000000
328,-0.224581,0.742480,-0.147675,1.875082,0.075308,-1.168384,-4.698442,-0.094454,0.295364,-0.058981,-2.130575,0.030058,2.423115,-1.604032,0.000070,0.000088,-0.043049,-0.169261,-0.003983,0.062422,0.021984,-0.024422,-0.088885,-0.000556,0.000463,-0.086674,-1.943930,-0.727609,0.666892,-0.363564,-1.784866,1.984859,0.000018,0.000518,-1.314508,-38.954086,-1.223645,20.454220,0.488075,2.508301,0.019459,-0.084285,-0.221047,-1.314508,-38.954086,-1.223645,20.454220,0.488075,2.508301,0.019459,-0.084285,-0.221047,87.000000,87.000000,87.000000,87.000000,12.000000,12.000000,12.000000,200.000000,200.000000,0.000000,0.000000,0.000000,0.000000,0.000000,0.000000,0.000000,0.000000,0.000000
329,-0.043810,0.855521,0.007763,1.740772,0.097841,-1.247091,-4.695728,-0.096150,0.292227,-0.056390,-2.131867,0.036375,2.411692,-1.605325,0.000071,0.000087,-0.019461,-0.240306,0.103133,-0.068734,0.224929,-0.465126,-0.026814,-0.000787,0.000653,2.655132,-1.808335,0.745754,-5.374814,-1.948673,4.135937,0.775754,-0.004880,0.005566,6.143516,-33.985756,4.587144,15.189148,0.265224,1.775876,-0.002664,-0.079175,-0.223540,6.143516,-33.985756,4.587144,15.189148,0.265224,1.775876,-0.002664,-0.079175,-0.223540,87.000000,87.000000,87.000000,87.000000,12.000000,12.000000,12.000000,200.000000,200.000000,0.000000,0.000000,0.000000,0.000000,0.000000,0.000000,0.000000,0.000000,0.000000
330,-0.288714,0.947329,-0.202554,1.796111,0.071735,-1.188258,-4.670634,-0.094467,0.290403,-0.057401,-2.135356,0.033373,2.414960,-1.600105,0.000069,0.000089,0.038727,-0.112428,-0.058516,-0.008647,-0.099405,0.021639,0.110180,-0.000446,0.000360,-1.448384,3.662291,-1.010012,3.197849,-0.061288,-0.326559,-2.859964,0.003520,-0.003995,-4.170243,-30.195774,-3.420597,18.009905,0.412165,2.335732,0.007272,-0.084145,-0.222966,-4.170243,-30.195774,-3.420597,18.009905,0.412165,2.335732,0.007272,-0.084145,-0.222966,87.000000,87.000000,87.000000,87.000000,12.000000,12.000000,12.000000,200.000000,200.000000,0.000000,0.000000,0.000000,0.000000,0.000000,0.000000,0.000000,0.000000,0.000000
331,-0.091342,0.757494,-0.023415,1.913603,0.065676,-1.144475,-4.677175,-0.096125,0.290795,-0.054447,-2.135056,0.029710,2.425185,-1.598817,0.000055,0.000101,-0.030471,-0.099360,0.110431,0.137958,-0.061816,0.134754,0.023560,-0.000677,0.000600,2.437813,0.264481,-0.015645,5.080564,1.686332,-4.566130,-0.689720,0.008097,-0.005773,4.257061,-38.048374,3.121795,22.403572,0.470624,2.716872,-0.001033,-0.034316,-0.265991,4.257061,-38.048374,3.121795,22.403572,0.470624,2.716872,-0.001033,-0.034316,-0.265991,87.000000,87.000000,87.000000,87.000000,12.000000,12.000000,12.000000,200.000000,200.000000,0.000000,0.000000,0.000000,0.000000,0.000000,0.000000,0.000000,0.000000,0.000000
332,-0.262155,0.965621,-0.163319,1.662438,0.069872,-1.273783,-4.680140,-0.095665,0.290668,-0.053549,-2.133869,0.028596,2.409505,-1.598986,0.000084,0.000077,0.003267,-0.135352,0.012092,-0.037349,0.052755,-0.596663,-0.005636,-0.000409,0.000300,-0.924000,-0.919999,-0.760214,-8.520740,2.450728,6.038579,0.301578,-0.013088,0.011833,-2.890323,-29.686571,-2.329904,11.952237,0.480190,1.340002,0.029689,-0.141043,-0.171707,-2.890323,-29.686571,-2.329904,11.952237,0.480190,1.340002,0.029689,-0.141043,-0.171707,87.000000,87.000000,87.000000,87.000000,12.000000,12.000000,12.000000,200.000000,200.000000,0.000000,0.000000,0.000000,0.000000,0.000000,0.000000,0.000000,0.000000,0.000000
333,-0.048847,0.900483,0.014990,1.825559,0.098701,-1.200485,-4.700057,-0.095954,0.291658,-0.050342,-2.136991,0.035998,2.410067,-1.603717,0.000059,0.000097,0.023790,-0.042257,0.116339,0.011666,0.194565,-0.052847,-0.104847,-0.000731,0.000619,2.809108,2.789748,0.360456,3.902710,-4.683154,0.494616,2.375421,0.013315,-0.013123,5.821578,-32.406357,4.333408,19.305067,0.241219,2.480654,-0.005023,-0.030908,-0.271584,5.821578,-32.406357,4.333408,19.305067,0.241219,2.480654,-0.005023,-0.030908,-0.271584,87.000000,87.000000,87.000000,87.000000,12.000000,12.000000,12.000000,200.000000,200.000000,0.000000,0.000000,0.000000,0.000000,0.000000,0.000000,0.000000,0.000000,0.000000
334,-0.299433,0.797610,-0.219683,1.868086,0.063891,-1.180005,-4.685267,-0.090850,0.294240,-0.053579,-2.136544,0.030575,2.415233,-1.602797,0.000068,0.000090,0.125941,-0.041319,-0.117741,0.101621,-0.143654,0.020995,0.015248,-0.000473,0.000382,-3.110971,-0.208959,0.238368,2.381493,1.989934,-1.607278,-0.574221,-0.006980,0.006123,-5.214228,-36.900532,-4.183928,20.645342,0.559999,2.566685,0.022045,-0.097291,-0.211066,-5.214228,-36.900532,-4.183928,20.645342,0.559999,2.566685,0.022045,-0.097291,-0.211066,87.000000,87.000000,87.000000,87.000000,12.000000,12.000000,12.000000,200.000000,200.000000,0.000000,0.000000,0.000000,0.000000,0.000000,0.000000,0.000000,0.000000,0.000000
335,-0.168813,0.836332,-0.100803,1.800300,0.105098,-1.225022,-4.697085,-0.089611,0.295917,-0.053755,-2.135260,0.036825,2.410794,-1.605126,0.000070,0.000088,0.010607,-0.085753,0.029475,0.062622,0.234836,-0.281862,-0.049349,-0.000563,0.000452,-0.826372,-1.190723,1.090156,-1.802190,-1.870359,1.114029,1.330738,-0.001457,0.001668,0.340697,-35.423641,0.251110,17.697166,0.497356,2.071201,0.019188,-0.086135,-0.219044,0.340697,-35.423641,0.251110,17.697166,0.497356,2.071201,0.019188,-0.086135,-0.219044,87.000000,87.000000,87.000000,87.000000,12.000000,12.000000,12.000000,200.000000,200.000000,0.000000,0.000000,0.000000,0.000000,0.000000,0.000000,0.000000,0.000000,0.000000
336,-0.131057,0.690091,-0.077819,1.903427,0.076598,-1.167156,-4.670989,-0.088324,0.295406,-0.053408,-2.135069,0.035128,2.417032,-1.599974,0.000062,0.000095,0.050233,-0.172616,0.013559,0.078930,-0.061090,0.074544,0.109177,-0.000570,0.000483,0.710098,-2.570909,0.231851,1.832068,-0.485860,-2.141621,-2.829082,0.006861,-0.005818,1.735000,-41.078953,1.130209,21.970266,0.341642,2.766465,-0.012911,-0.056750,-0.246474,1.735000,-41.078953,1.130209,21.970266,0.341642,2.766465,-0.012911,-0.056750,-0.246474,87.000000,87.000000,87.000000,87.000000,12.000000,12.000000,12.000000,200.000000,200.000000,0.000000,0.000000,0.000000,0.000000,0.000000,0.000000,0.000000,0.000000,0.000000
337,-0.377812,0.869842,-0.281000,1.755326,0.048888,-1.204343,-4.667012,-0.086817,0.292968,-0.056149,-2.135121,0.026033,2.417482,-1.596490,0.000083,0.000077,-0.006438,-0.204546,-0.104170,-0.003605,-0.194311,-0.138679,0.070114,-0.000336,0.000231,-3.635414,-0.906878,-1.016887,-3.443950,4.781835,-0.616508,-1.754401,-0.013562,0.010827,-8.352592,-33.515091,-6.534564,15.968895,0.624664,1.889501,0.033634,-0.145132,-0.168690,-8.352592,-33.515091,-6.534564,15.968895,0.624664,1.889501,0.033634,-0.145132,-0.168690,87.000000,87.000000,87.000000,87.000000,12.000000,12.000000,12.000000,200.000000,200.000000,0.000000,0.000000,0.000000,0.000000,0.000000,0.000000,0.000000,0.000000,0.000000
338,-0.197803,0.944445,-0.122481,1.845265,0.073353,-1.171752,-4.680439,-0.089866,0.292908,-0.056390,-2.134209,0.026765,2.422057,-1.597872,0.000068,0.000090,-0.103037,-0.046960,0.004052,0.166189,0.071380,-0.000093,-0.031314,-0.000655,0.000568,0.155999,4.477481,-0.376781,5.704493,-0.042281,-1.733273,0.751647,0.011666,-0.008456,-0.439077,-30.638004,-0.421740,19.564117,0.564337,2.395881,0.022703,-0.055037,-0.245437,-0.439077,-30.638004,-0.421740,19.564117,0.564337,2.395881,0.022703,-0.055037,-0.245437,87.000000,87.000000,87.000000,87.000000,12.000000,12.000000,12.000000,200.000000,200.000000,0.000000,0.000000,0.000000,0.000000,0.000000,0.000000,0.000000,0.000000,0.000000
339,-0.227793,0.785598,-0.156985,1.847187,0.075085,-1.186332,-4.693896,-0.091887,0.294161,-0.058501,-2.130367,0.028328,2.421960,-1.601765,0.000073,0.000085,-0.066329,-0.107501,-0.071658,0.150511,0.069398,-0.144520,-0.088359,-0.000542,0.000431,-0.631086,-1.831621,-0.284349,-1.102072,-0.465671,0.009748,2.053501,-0.004926,0.003303,-1.616231,-37.291317,-1.429791,18.986198,0.488480,2.301847,0.022720,-0.099016,-0.209587,-1.616231,-37.291317,-1.429791,18.986198,0.488480,2.301847,0.022720,-0.099016,-0.209587,87.000000,87.000000,87.000000,87.000000,12.000000,12.000000,12.000000,200.000000,200.000000,0.000000,0.000000,0.000000,0.000000,0.000000,0.000000,0.000000,0.000000,0.000000
340,-0.087469,0.810737,-0.018971,1.790540,0.069885,-1.220541,-4.678938,-0.096787,0.292846,-0.056163,-2.128822,0.029079,2.415464,-1.600114,0.000071,0.000087,-0.120378,-0.194174,0.087510,0.030987,0.058323,-0.304256,0.034951,-0.000705,0.000590,2.882522,-2.395924,-0.292127,-4.296972,0.052789,2.617755,-0.842576,-0.000150,0.001350,4.728858,-35.982849,3.483573,16.731615,0.281970,2.027260,-0.006520,-0.076295,-0.226634,4.728858,-35.982849,3.483573,16.731615,0.281970,2.027260,-0.006520,-0.076295,-0.226634,87.000000,87.000000,87.000000,87.000000,12.000000,12.000000,12.000000,200.000000,200.000000,0.000000,0.000000,0.000000,0.000000,0.000000,0.000000,0.000000,0.000000,0.000000
341,-0.117024,0.928252,-0.049299,1.728405,0.085517,-1.252927,-4.692683,-0.098086,0.290319,-0.055056,-2.131373,0.033156,2.405584,-1.602543,0.000072,0.000086,-0.009006,-0.185236,0.031668,-0.083076,0.137575,-0.379598,-0.055399,-0.000659,0.000539,1.698278,0.453684,0.045806,-3.721264,-1.834928,4.262496,1.324803,-0.002241,0.002349,3.290957,-30.942352,2.344657,14.786025,0.262008,1.817990,0.003912,-0.084161,-0.220312,3.290957,-30.942352,2.344657,14.786025,0.262008,1.817990,0.003912,-0.084161,-0.220312,87.000000,87.000000,87.000000,87.000000,12.000000,12.000000,12.000000,200.000000,200.000000,0.000000,0.000000,0.000000,0.000000,0.000000,0.000000,0.000000,0.000000,0.000000
342,-0.169768,0.965157,-0.088491,1.778798,0.082256,-1.187051,-4.709066,-0.098107,0.290254,-0.053993,-2.136196,0.034534,2.412740,-1.607766,0.000063,0.000094,0.009699,-0.058401,0.030428,-0.050086,0.019365,0.101599,-0.119025,-0.000487,0.000422,0.875461,3.744160,-0.366489,3.171457,-2.086805,-2.806503,2.572873,0.003642,-0.003671,1.085740,-29.610395,0.672109,17.493149,0.310107,2.205423,0.007003,-0.068764,-0.237978,1.085740,-29.610395,0.672109,17.493149,0.310107,2.205423,0.007003,-0.068764,-0.237978,87.000000,87.000000,87.000000,87.000000,12.000000,12.000000,12.000000,200.000000,200.000000,0.000000,0.000000,0.000000,0.000000,0.000000,0.000000,0.000000,0.000000,0.000000
343,-0.094627,0.869320,-0.010396,1.794941,0.077219,-1.193806,-4.690013,-0.099161,0.292481,-0.049849,-2.138790,0.033545,2.416167,-1.605937,0.000062,0.000095,-0.003508,-0.041680,0.135944,-0.016660,0.013630,-0.067505,0.039327,-0.000597,0.000483,2.674886,0.483565,-0.310304,0.594295,0.822365,-2.211617,-0.978110,0.001122,-0.001474,4.311803,-33.851917,3.188385,18.111841,0.379240,2.134277,-0.003438,-0.063732,-0.240223,4.311803,-33.851917,3.188385,18.111841,0.379240,2.134277,-0.003438,-0.063732,-0.240223,87.000000,87.000000,87.000000,87.000000,12.000000,12.000000,12.000000,200.000000,200.000000,0.000000,0.000000,0.000000,0.000000,0.000000,0.000000,0.000000,0.000000,0.000000
344,-0.173485,0.753831,-0.087431,1.905139,0.078084,-1.167755,-4.683790,-0.096435,0.294947,-0.048318,-2.138607,0.032464,2.420265,-1.603534,0.000059,0.000098,0.093956,-0.047360,0.038125,0.120848,-0.001329,-0.015456,0.050204,-0.000596,0.000495,0.339033,-0.337571,-0.069163,4.181835,0.401165,-1.435425,-1.258744,0.002418,-0.001848,0.550627,-38.698799,0.254278,22.345081,0.512788,2.757704,0.008122,-0.055613,-0.246903,0.550627,-38.698799,0.254278,22.345081,0.512788,2.757704,0.008122,-0.055613,-0.246903,87.000000,87.000000,87.000000,87.000000,12.000000,12.000000,12.000000,200.000000,200.000000,0.000000,0.000000,0.000000,0.000000,0.000000,0.000000,0.000000,0.000000,0.000000
345,-0.380988,0.736287,-0.284469,1.812805,0.065596,-1.221026,-4.657680,-0.090753,0.294751,-0.053271,-2.137190,0.028207,2.413547,-1.596170,0.000082,0.000078,0.107506,-0.187237,-0.160835,0.028763,-0.060084,-0.320792,0.159591,-0.000372,0.000272,-5.206026,-4.042405,0.512793,-4.259197,2.728117,2.831636,-3.741203,-0.012317,0.011390,-8.555999,-39.224247,-6.667369,18.301218,0.648260,2.216954,0.028961,-0.137991,-0.173270,-8.555999,-39.224247,-6.667369,18.301218,0.648260,2.216954,0.028961,-0.137991,-0.173270,87.000000,87.000000,87.000000,87.000000,12.000000,12.000000,12.000000,200.000000,200.000000,0.000000,0.000000,0.000000,0.000000,0.000000,0.000000,0.000000,0.000000,0.000000
346,-0.236935,0.874072,-0.141745,1.846743,0.035490,-1.188397,-4.660628,-0.092689,0.293881,-0.053310,-2.136262,0.019813,2.415287,-1.592861,0.000069,0.000088,-0.086791,-0.108511,0.015344,0.129053,-0.193860,-0.040085,0.064884,-0.000655,0.000542,-0.435366,2.150121,-0.510905,3.371065,3.762418,0.259770,-1.735944,0.009662,-0.008511,-1.856318,-33.499165,-1.475704,19.753111,0.522590,2.497680,0.013509,-0.061987,-0.240683,-1.856318,-33.499165,-1.475704,19.753111,0.522590,2.497680,0.013509,-0.061987,-0.240683,87.000000,87.000000,87.000000,87.000000,12.000000,12.000000,12.000000,200.000000,200.000000,0.000000,0.000000,0.000000,0.000000,0.000000,0.000000,0.000000,0.000000,0.000000
347,-0.085975,0.979674,-0.014626,1.728942,0.091489,-1.238503,-4.692785,-0.095146,0.295007,-0.051229,-2.134637,0.028630,2.409773,-1.598846,0.000068,0.000089,-0.047956,-0.058378,0.078197,0.064823,0.304137,-0.307476,-0.129498,-0.000612,0.000512,2.157164,1.596486,0.246134,-2.311616,-3.137185,1.571993,3.264622,-0.002425,0.002638,4.425419,-29.531305,3.315488,14.757997,0.352774,1.707895,0.014238,-0.081598,-0.223454,4.425419,-29.531305,3.315488,14.757997,0.352774,1.707895,0.014238,-0.081598,-0.223454,87.000000,87.000000,87.000000,87.000000,12.000000,12.000000,12.000000,200.000000,200.000000,0.000000,0.000000,0.000000,0.000000,0.000000,0.000000,0.000000,0.000000,0.000000
348,-0.022517,0.805810,0.043931,1.862612,0.096470,-1.143058,-4.685552,-0.095959,0.296931,-0.046945,-2.135224,0.036322,2.423053,-1.600129,0.000054,0.000104,0.027427,-0.058565,0.135976,0.075276,0.163124,0.258007,-0.029423,-0.000455,0.000460,3.854275,0.027997,-0.189010,3.351465,-5.612676,-5.698467,0.445097,0.010687,-0.007000,6.926876,-36.727749,5.133528,20.446850,0.150226,2.558641,-0.024612,-0.040601,-0.264314,6.926876,-36.727749,5.133528,20.446850,0.150226,2.558641,-0.024612,-0.040601,-0.264314,87.000000,87.000000,87.000000,87.000000,12.000000,12.000000,12.000000,200.000000,200.000000,0.000000,0.000000,0.000000,0.000000,0.000000,0.000000,0.000000,0.000000,0.000000
349,-0.338101,0.765458,-0.222004,1.826127,0.042504,-1.176646,-4.649947,-0.093111,0.297219,-0.047471,-2.133770,0.025628,2.425434,-1.592451,0.000077,0.000083,0.058843,-0.155089,-0.047667,0.057155,-0.254561,-0.098320,0.161956,-0.000410,0.000271,-2.390293,-2.970517,-1.212928,-2.585711,5.476602,-1.247771,-3.997986,-0.014661,0.010157,-6.360828,-38.279060,-5.034006,18.581333,0.598643,2.216642,0.018708,-0.129858,-0.185221,-6.360828,-38.279060,-5.034006,18.581333,0.598643,2.216642,0.018708,-0.129858,-0.185221,87.000000,87.000000,87.000000,87.000000,12.000000,12.000000,12.000000,200.000000,200.000000,0.000000,0.000000,0.000000,0.000000,0.000000,0.000000,0.000000,0.000000,0.000000
350,-0.325899,0.845198,-0.238417,1.803723,0.064929,-1.231678,-4.653466,-0.089609,0.295557,-0.052947,-2.133026,0.023827,2.414364,-1.589389,0.000083,0.000077,0.047931,-0.175952,-0.158250,0.046892,0.040968,-0.434543,0.066649,-0.000653,0.000531,-4.391341,-0.542950,1.114593,-1.886724,2.303616,4.835513,-1.390492,-0.002997,0.006324,-6.240446,-34.762657,-4.821793,17.692644,0.684652,2.139676,0.038921,-0.109152,-0.193657,-6.240446,-34.762657,-4.821793,17.692644,0.684652,2.139676,0.038921,-0.109152,-0.193657,87.000000,87.000000,87.000000,87.000000,12.000000,12.000000,12.000000,200.000000,200.000000,0.000000,0.000000,0.000000,0.000000,0.000000,0.000000,0.000000,0.000000,0.000000
351,-0.144115,0.833905,-0.086762,1.860760,0.099247,-1.180491,-4.696743,-0.090081,0.294257,-0.055135,-2.133280,0.032814,2.417096,-1.597965,0.000065,0.000093,-0.030684,-0.136510,-0.031981,0.091014,0.239247,-0.017352,-0.190603,-0.000618,0.000548,-0.344705,1.217700,1.256360,3.474263,-5.146564,-0.750526,4.423392,0.011227,-0.010301,1.504380,-35.114922,1.095497,20.182119,0.373402,2.549203,0.014101,-0.051996,-0.253545,1.504380,-35.114922,1.095497,20.182119,0.373402,2.549203,0.014101,-0.051996,-0.253545,87.000000,87.000000,87.000000,87.000000,12.000000,12.000000,12.000000,200.000000,200.000000,0.000000,0.000000,0.000000,0.000000,0.000000,0.000000,0.000000,0.000000,0.000000
352,-0.098064,0.994158,-0.042661,1.684547,0.089606,-1.261594,-4.713626,-0.091381,0.294014,-0.054745,-2.132999,0.036524,2.406612,-1.606419,0.000076,0.000083,-0.025968,-0.112235,0.031833,-0.021002,0.121819,-0.429338,-0.188823,-0.000587,0.000454,1.283482,0.763459,0.725422,-5.495738,-1.063314,4.312512,4.433963,-0.003968,0.003035,3.532058,-28.777428,2.626429,12.897137,0.242678,1.520024,0.010641,-0.099629,-0.207744,3.532058,-28.777428,2.626429,12.897137,0.242678,1.520024,0.010641,-0.099629,-0.207744,87.000000,87.000000,87.000000,87.000000,12.000000,12.000000,12.000000,200.000000,200.000000,0.000000,0.000000,0.000000,0.000000,0.000000,0.000000,0.000000,0.000000,0.000000
353,-0.190179,0.776222,-0.123678,1.872197,0.083324,-1.154182,-4.705496,-0.091033,0.294004,-0.055262,-2.136398,0.036184,2.417917,-1.609013,0.000064,0.000094,0.014421,-0.118782,-0.024087,-0.004849,-0.031311,0.224087,-0.058884,-0.000509,0.000446,0.074718,-0.133902,-0.368512,3.639838,-1.734699,-4.541379,1.113962,0.001305,-0.001557,-0.353617,-37.526707,-0.490050,21.152658,0.373388,2.683303,0.005128,-0.072683,-0.234838,-0.353617,-37.526707,-0.490050,21.152658,0.373388,2.683303,0.005128,-0.072683,-0.234838,87.000000,87.000000,87.000000,87.000000,12.000000,12.000000,12.000000,200.000000,200.000000,0.000000,0.000000,0.000000,0.000000,0.000000,0.000000,0.000000,0.000000,0.000000
354,-0.081781,0.903980,-0.028598,1.808207,0.110804,-1.196670,-4.720351,-0.091005,0.295061,-0.053856,-2.135993,0.041694,2.418756,-1.613866,0.000062,0.000095,0.013539,-0.057521,0.068958,0.093890,0.200750,-0.157517,-0.106139,-0.000650,0.000533,1.365757,1.724761,0.968078,1.727892,-1.561721,-1.107907,2.605508,0.002243,-0.002214,4.052338,-32.557896,3.033322,18.190916,0.441882,2.109439,0.012195,-0.059287,-0.244291,4.052338,-32.557896,3.033322,18.190916,0.441882,2.109439,0.012195,-0.059287,-0.244291,87.000000,87.000000,87.000000,87.000000,12.000000,12.000000,12.000000,200.000000,200.000000,0.000000,0.000000,0.000000,0.000000,0.000000,0.000000,0.000000,0.000000,0.000000
355,-0.117879,0.695454,-0.067007,1.859225,0.097410,-1.178714,-4.711055,-0.088688,0.294643,-0.052993,-2.135780,0.042578,2.420491,-1.614126,0.000064,0.000094,0.083396,-0.189531,0.030970,0.032741,0.023172,-0.072826,-0.008520,-0.000549,0.000448,0.690193,-3.799123,0.510067,-1.349025,-1.089234,-0.741901,0.046412,-0.002495,0.002173,2.201924,-40.829014,1.498828,20.200272,0.324172,2.494612,-0.003698,-0.075542,-0.229645,2.201924,-40.829014,1.498828,20.200272,0.324172,2.494612,-0.003698,-0.075542,-0.229645,87.000000,87.000000,87.000000,87.000000,12.000000,12.000000,12.000000,200.000000,200.000000,0.000000,0.000000,0.000000,0.000000,0.000000,0.000000,0.000000,0.000000,0.000000
356,-0.436233,0.881727,-0.331155,1.816840,0.047112,-1.186679,-4.679081,-0.086048,0.293241,-0.056281,-2.134587,0.029232,2.420949,-1.606835,0.000079,0.000080,0.015273,-0.137572,-0.131111,0.101431,-0.318504,-0.099206,0.153680,-0.000392,0.000298,-4.629462,1.299752,-1.400087,0.831434,6.528287,0.672766,-3.814257,-0.006651,0.006148,-10.864344,-33.113491,-8.481385,18.351204,0.723746,2.291651,0.036530,-0.123495,-0.186666,-10.864344,-33.113491,-8.481385,18.351204,0.723746,2.291651,0.036530,-0.123495,-0.186666,87.000000,87.000000,87.000000,87.000000,12.000000,12.000000,12.000000,200.000000,200.000000,0.000000,0.000000,0.000000,0.000000,0.000000,0.000000,0.000000,0.000000,0.000000
357,-0.231352,0.850708,-0.164904,1.809978,0.104307,-1.245717,-4.679235,-0.087426,0.292315,-0.058877,-2.132427,0.034957,2.408885,-1.603044,0.000076,0.000084,-0.076112,-0.147360,-0.056844,0.098404,0.256379,-0.471646,0.087274,-0.000789,0.000734,-1.762563,-0.159147,0.636676,-1.340006,-0.906216,4.889740,-1.732498,-0.004817,0.011073,-2.157598,-34.337898,-1.699206,17.788134,0.618325,2.115099,0.026624,-0.089742,-0.212446,-2.157598,-34.337898,-1.699206,17.788134,0.618325,2.115099,0.026624,-0.089742,-0.212446,87.000000,87.000000,87.000000,87.000000,12.000000,12.000000,12.000000,200.000000,200.000000,0.000000,0.000000,0.000000,0.000000,0.000000,0.000000,0.000000,0.000000,0.000000
358,0.042324,0.926238,0.098020,1.744286,0.103081,-1.205400,-4.726223,-0.094213,0.291591,-0.052369,-2.134123,0.042209,2.411664,-1.611866,0.000059,0.000099,-0.139389,-0.124785,0.218857,-0.031796,0.159265,-0.014595,-0.200983,-0.000567,0.000476,6.189666,0.873488,-0.882015,-1.598196,-4.939147,-1.159612,4.491951,0.013744,-0.016551,9.952612,-31.260813,7.477105,15.625964,-0.004489,1.959355,-0.022321,-0.038457,-0.272156,9.952612,-31.260813,7.477105,15.625964,-0.004489,1.959355,-0.022321,-0.038457,-0.272156,87.000000,87.000000,87.000000,87.000000,12.000000,12.000000,12.000000,200.000000,200.000000,0.000000,0.000000,0.000000,0.000000,0.000000,0.000000,0.000000,0.000000,0.000000
359,-0.132633,0.863754,-0.060103,1.807234,0.071594,-1.185806,-4.704975,0.000000,-0.697268,0.000000,-1.674071,0.000000,3.613857,0.862628,0.039663,0.040000,0.000000,0.000000,0.000000,0.000000,0.000000,0.000000,0.000000,0.000000,0.000000,0.000000,0.000000,0.000000,0.000000,0.000000,0.000000,0.000000,0.000000,0.000000,-5.305333,44.811584,-2.404114,-18.584948,2.863751,-12.000000,-12.000000,-79.326645,-80.000000,-5.305333,44.811584,-2.404114,-18.584948,2.863751,-93.580795,-197.929260,-79.326645,-80.000000,87.000000,87.000000,87.000000,87.000000,12.000000,12.000000,12.000000,200.000000,200.000000,0.000000,0.000000,0.000000,0.000000,0.000000,0.000000,0.000000,0.000000,0.000000
