Timestep,agent_joint_pos_J1,agent_joint_pos_J2,agent_joint_pos_J3,agent_joint_pos_J4,agent_joint_pos_J5,agent_joint_pos_J6,agent_joint_pos_J7,joint_pos_J1,joint_pos_J2,joint_pos_J3,joint_pos_J4,joint_pos_J5,joint_pos_J6,joint_pos_J7,joint_pos_J8,joint_pos_J9,joint_vel_J1,joint_vel_J2,joint_vel_J3,joint_vel_J4,joint_vel_J5,joint_vel_J6,joint_vel_J7,joint_vel_J8,joint_vel_J9,joint_acc_J1,joint_acc_J2,joint_acc_J3,joint_acc_J4,joint_acc_J5,joint_acc_J6,joint_acc_J7,joint_acc_J8,joint_acc_J9,joint_applied_torque_J1,joint_applied_torque_J2,joint_applied_torque_J3,joint_applied_torque_J4,joint_applied_torque_J5,joint_applied_torque_J6,joint_applied_torque_J7,joint_applied_torque_J8,joint_applied_torque_J9,joint_computed_torque_J1,joint_computed_torque_J2,joint_computed_torque_J3,joint_computed_torque_J4,joint_computed_torque_J5,joint_computed_torque_J6,joint_computed_torque_J7,joint_computed_torque_J8,joint_computed_torque_J9,joint_effort_limits_J1,joint_effort_limits_J2,joint_effort_limits_J3,joint_effort_limits_J4,joint_effort_limits_J5,joint_effort_limits_J6,joint_effort_limits_J7,joint_effort_limits_J8,joint_effort_limits_J9,joint_effort_target_J1,joint_effort_target_J2,joint_effort_target_J3,joint_effort_target_J4,joint_effort_target_J5,joint_effort_target_J6,joint_effort_target_J7,joint_effort_target_J8,joint_effort_target_J9
0,1.022992,4.052231,0.669059,0.694201,0.565972,-0.568025,0.126821,0.047472,-0.474281,-0.009590,-2.634396,0.085010,2.002238,0.502301,0.032257,0.033209,1.824194,2.186171,0.048989,0.645133,2.606754,1.839121,2.612217,-0.202320,-0.198646,8.023188,24.907164,31.681732,4.509841,0.042086,27.769960,-0.054688,0.420845,0.607644,32.785130,87.000000,29.112146,12.065447,8.939863,12.000000,12.000000,-50.344467,-52.184978,32.785130,150.317780,29.112146,12.065447,8.939863,57.638863,17.198612,-50.344467,-52.184978,87.000000,87.000000,87.000000,87.000000,12.000000,12.000000,12.000000,200.000000,200.000000,0.000000,0.000000,0.000000,0.000000,0.000000,0.000000,0.000000,0.000000,0.000000
1,0.271163,2.611819,0.255357,0.708746,-0.580547,-0.167023,-1.378992,0.084266,-0.401138,0.011179,-2.615675,0.006360,2.078281,0.415182,0.025783,0.026841,0.480220,2.189038,1.208655,0.666369,-2.611772,1.856078,-2.609602,-0.184063,-0.178276,-35.154945,-0.024791,30.254494,-6.858115,-0.004821,7.328181,0.027008,1.141962,1.359016,0.759567,85.205376,7.814238,10.369975,-12.000000,12.000000,-12.000000,-37.409737,-39.550690,0.759567,85.205376,7.814238,10.369975,-16.735464,66.171364,-22.133858,-37.409737,-39.550690,87.000000,87.000000,87.000000,87.000000,12.000000,12.000000,12.000000,200.000000,200.000000,0.000000,0.000000,0.000000,0.000000,0.000000,0.000000,0.000000,0.000000,0.000000
2,0.028391,2.366107,0.457587,0.721039,-1.733459,0.093455,-3.145357,0.062724,-0.328101,0.081369,-2.602496,-0.080044,2.155386,0.328177,0.019588,0.020909,-0.779727,2.190178,2.178972,0.500706,-2.611624,1.859864,-2.609596,-0.186493,-0.177434,-4.975637,-0.036335,0.045876,-5.259043,0.004177,1.365166,0.007954,-0.137275,0.003620,-2.125848,69.531281,5.986021,10.359528,-12.000000,12.000000,-12.000000,-26.987457,-29.995892,-2.125848,69.531281,5.986021,10.359528,-55.944435,70.014290,-85.829094,-26.987457,-29.995892,87.000000,87.000000,87.000000,87.000000,12.000000,12.000000,12.000000,200.000000,200.000000,0.000000,0.000000,0.000000,0.000000,0.000000,0.000000,0.000000,0.000000,0.000000
3,-0.061977,1.739366,0.499657,0.928973,-2.094049,0.260812,-3.781096,0.031955,-0.254659,0.154133,-2.588505,-0.165715,2.224346,0.241179,0.013255,0.014981,-0.972428,2.199821,2.183981,0.680339,-2.612574,1.366699,-2.609387,-0.191672,-0.177210,-4.749866,-0.110335,0.054331,1.514125,0.016694,10.763411,0.006223,-0.245502,0.031106,-2.758775,38.557205,1.833850,17.403028,-12.000000,12.000000,-12.000000,-14.152391,-18.110497,-2.758775,38.557205,1.833850,17.403028,-63.457527,73.536957,-104.300568,-14.152391,-18.110497,87.000000,87.000000,87.000000,87.000000,12.000000,12.000000,12.000000,200.000000,200.000000,0.000000,0.000000,0.000000,0.000000,0.000000,0.000000,0.000000,0.000000,0.000000
4,-0.297556,1.240542,0.434444,0.944677,-2.530701,0.338277,-4.591994,-0.006535,-0.180998,0.224463,-2.571792,-0.251160,2.296980,0.154156,0.007375,0.009044,-1.005010,2.207179,1.830862,0.731911,-2.613598,1.518147,-2.609805,-0.138027,-0.158649,11.637146,0.045104,-21.240469,0.852932,-0.005507,2.859463,0.022831,3.115379,1.246903,-8.146997,12.702095,-6.605554,16.548717,-12.000000,12.000000,-12.000000,-1.132170,-6.025724,-8.146997,12.702095,-6.605554,16.548717,-74.100388,69.767593,-129.772263,-1.132170,-6.025724,87.000000,87.000000,87.000000,87.000000,12.000000,12.000000,12.000000,200.000000,200.000000,0.000000,0.000000,0.000000,0.000000,0.000000,0.000000,0.000000,0.000000,0.000000
5,-0.263858,0.730197,0.530028,1.052293,-2.769623,0.418747,-5.042772,-0.037555,-0.107618,0.278357,-2.551285,-0.336271,2.367165,0.067223,0.004009,0.005083,-0.479830,2.157851,1.107676,0.866053,-2.614945,1.351560,-2.609713,-0.072322,-0.085522,23.125774,-2.552547,-29.345768,1.233573,-0.054359,5.517661,-0.008926,1.625879,1.893931,-5.069776,-13.580101,-5.624785,18.866791,-12.000000,12.000000,-12.000000,-0.918006,-1.803328,-5.069776,-13.580101,-5.624785,18.866791,-76.824913,68.128700,-140.851135,-0.918006,-1.803328,87.000000,87.000000,87.000000,87.000000,12.000000,12.000000,12.000000,200.000000,200.000000,0.000000,0.000000,0.000000,0.000000,0.000000,0.000000,0.000000,0.000000,0.000000
6,-0.429916,0.008534,0.380505,1.360308,-2.757763,0.398578,-5.480972,-0.047882,-0.046815,0.300113,-2.526371,-0.420661,2.430109,-0.019817,0.002209,0.002949,-0.162484,1.388115,0.326689,0.979953,-2.624277,0.791221,-2.609641,-0.038285,-0.046545,5.814002,-22.599205,-20.160757,-0.083832,-0.038209,6.105369,0.000629,0.751720,1.031749,-12.629228,-46.302994,-10.843683,28.808308,-12.000000,12.000000,-12.000000,-0.903785,-1.311387,-12.629228,-46.302994,-10.843683,28.808308,-69.522026,64.279572,-151.417007,-0.903785,-1.311387,87.000000,87.000000,87.000000,87.000000,12.000000,12.000000,12.000000,200.000000,200.000000,0.000000,0.000000,0.000000,0.000000,0.000000,0.000000,0.000000,0.000000,0.000000
7,-0.227225,0.195988,0.427420,1.132753,-2.290928,0.046361,-5.362688,-0.039334,-0.008945,0.289906,-2.507563,-0.505311,2.506347,-0.106843,0.001296,0.001729,0.170777,0.735962,-0.320047,0.589786,-2.621221,1.609612,-2.609481,-0.016615,-0.028084,-8.640735,-19.529831,0.425445,-8.607948,-0.003619,0.562499,0.001173,0.606715,0.452267,-6.899750,-39.912350,-5.251099,18.842869,-12.000000,12.000000,-12.000000,-0.627262,-0.976709,-6.899750,-39.912350,-5.251099,18.842869,-44.136330,40.958576,-139.722580,-0.627262,-0.976709,87.000000,87.000000,87.000000,87.000000,12.000000,12.000000,12.000000,200.000000,200.000000,0.000000,0.000000,0.000000,0.000000,0.000000,0.000000,0.000000,0.000000,0.000000
8,-0.236016,0.279782,0.389277,1.126048,-2.193555,-0.122753,-5.564382,-0.034107,0.010370,0.273553,-2.497610,-0.590118,2.590788,-0.193863,0.000843,0.001051,-0.001901,0.258278,-0.436408,0.312298,-2.614970,2.262371,-2.609737,-0.007450,-0.015471,-10.097856,-13.894589,2.369174,-6.677598,0.300493,8.480844,-0.006752,0.280882,0.291345,-7.272219,-36.502636,-5.046338,18.688002,-12.000000,12.000000,-12.000000,-0.827932,-0.659473,-7.272219,-36.502636,-5.046338,18.688002,-33.454361,25.705608,-140.828323,-0.827932,-0.659473,87.000000,87.000000,87.000000,87.000000,12.000000,12.000000,12.000000,200.000000,200.000000,0.000000,0.000000,0.000000,0.000000,0.000000,0.000000,0.000000,0.000000,0.000000
9,-0.108904,0.394771,0.450353,1.106739,-2.102226,-0.280563,-5.644157,-0.033717,0.017805,0.256406,-2.492272,-0.674968,2.677746,-0.280876,0.000624,0.000683,-0.096073,0.000677,-0.445873,0.189502,-2.540282,2.605181,-2.610598,-0.004772,-0.006737,-6.568652,-7.498590,4.284659,-2.164171,-0.091667,-0.011115,0.008883,0.145867,0.162269,-1.769548,-31.444197,-1.070549,18.137764,-12.000000,10.575333,-12.000000,-0.695360,-0.741744,-1.769548,-31.444197,-1.070549,18.137764,-23.338406,10.575333,-137.053650,-0.695360,-0.741744,87.000000,87.000000,87.000000,87.000000,12.000000,12.000000,12.000000,200.000000,200.000000,0.000000,0.000000,0.000000,0.000000,0.000000,0.000000,0.000000,0.000000,0.000000
10,-0.110093,0.568339,0.333356,1.003798,-2.146354,-0.402528,-5.918191,-0.023579,0.019494,0.227012,-2.488630,-0.761443,2.749213,-0.367877,0.000507,0.000490,0.137204,-0.104986,-0.722829,0.171342,-2.590893,1.522075,-2.610062,-0.003998,-0.002090,-12.043986,-3.213189,11.717601,-0.306732,0.012732,-37.846504,0.001345,-0.065225,0.167246,-3.569371,-24.108320,-2.234303,13.875636,-12.000000,0.793545,-12.000000,-0.851346,-0.637635,-3.569371,-24.108320,-2.234303,13.875636,-18.038002,0.793545,-141.057190,-0.851346,-0.637635,87.000000,87.000000,87.000000,87.000000,12.000000,12.000000,12.000000,200.000000,200.000000,0.000000,0.000000,0.000000,0.000000,0.000000,0.000000,0.000000,0.000000,0.000000
11,0.046074,0.690744,0.449611,0.949540,-2.214365,-0.387429,-6.113221,-0.023489,0.020267,0.209994,-2.486339,-0.847574,2.789280,-0.454884,0.000345,0.000447,-0.049988,-0.062515,-0.385829,0.113077,-2.579113,0.790730,-2.610057,-0.004777,0.001062,-2.410734,1.181565,7.002822,-1.885883,0.129175,-21.850439,0.000730,0.022364,0.062635,3.722262,-19.138721,2.608356,11.583585,-12.000000,1.040575,-12.000000,-0.326414,-0.920577,3.722262,-19.138721,2.608356,11.583585,-13.889141,1.040575,-141.898148,-0.326414,-0.920577,87.000000,87.000000,87.000000,87.000000,12.000000,12.000000,12.000000,200.000000,200.000000,0.000000,0.000000,0.000000,0.000000,0.000000,0.000000,0.000000,0.000000,0.000000
12,-0.055072,0.599225,0.348842,1.026858,-2.277713,-0.377371,-6.311977,-0.022219,0.021209,0.194444,-2.485541,-0.933577,2.810553,-0.541892,0.000216,0.000459,-0.035381,-0.086346,-0.381940,0.084387,-2.577670,0.399128,-2.610025,-0.003829,0.002114,-4.731150,-0.656563,5.509988,-0.885980,0.000043,-11.409270,0.001402,0.033666,0.016055,-0.595342,-22.916426,-0.273706,14.743938,-9.551967,1.372061,-12.000000,-0.109320,-1.085418,-0.595342,-22.916426,-0.273706,14.743938,-9.551967,1.372061,-142.887863,-0.109320,-1.085418,87.000000,87.000000,87.000000,87.000000,12.000000,12.000000,12.000000,200.000000,200.000000,0.000000,0.000000,0.000000,0.000000,0.000000,0.000000,0.000000,0.000000,0.000000
13,0.052412,0.694866,0.361953,1.025171,-2.314752,-0.366248,-6.491367,-0.015897,0.023913,0.175946,-2.484516,-1.019440,2.823194,-0.628901,0.000128,0.000483,0.114642,0.027646,-0.427941,0.120290,-2.576808,0.235843,-2.609990,-0.002462,0.002102,-5.273939,3.187879,8.730347,0.963551,-0.100565,-6.418278,0.001173,0.056936,-0.014005,2.766653,-19.390804,2.038366,14.605261,-4.170422,1.514197,-12.000000,0.015882,-1.179930,2.766653,-19.390804,2.038366,14.605261,-4.170422,1.514197,-143.102951,0.015882,-1.179930,87.000000,87.000000,87.000000,87.000000,12.000000,12.000000,12.000000,200.000000,200.000000,0.000000,0.000000,0.000000,0.000000,0.000000,0.000000,0.000000,0.000000,0.000000
14,-0.093784,0.602513,0.262597,1.058171,-2.239307,-0.391862,-6.497542,-0.014829,0.027767,0.164316,-2.485111,-1.077848,2.825553,-0.715909,0.000105,0.000439,-0.043383,0.003014,-0.290966,0.013318,-1.244295,-0.024849,-2.609981,-0.001129,-0.001089,-4.330851,-0.418078,3.124453,-2.721710,32.649399,-2.531357,0.000687,0.019161,-0.168951,-2.688416,-23.533472,-1.693870,16.041412,1.906374,1.199447,-12.000000,-0.086518,-1.138475,-2.688416,-23.533472,-1.693870,16.041412,1.906374,1.199447,-136.389328,-0.086518,-1.138475,87.000000,87.000000,87.000000,87.000000,12.000000,12.000000,12.000000,200.000000,200.000000,0.000000,0.000000,0.000000,0.000000,0.000000,0.000000,0.000000,0.000000,0.000000
15,0.160973,0.492130,0.419359,1.081856,-2.257840,-0.320823,-6.671535,-0.013749,0.029786,0.154526,-2.488550,-1.109064,2.836549,-0.802916,0.000075,0.000341,0.026912,-0.092890,-0.194479,-0.042432,-0.739038,0.290223,-2.609937,-0.000596,-0.001964,0.254371,-3.115976,6.010219,-0.636882,15.262684,-4.260970,-0.000215,0.034310,-0.000974,7.486701,-28.006790,5.266582,17.534437,1.306626,2.225316,-12.000000,-0.042818,-0.591378,7.486701,-28.006790,5.266582,17.534437,1.306626,2.225316,-136.388702,-0.042818,-0.591378,87.000000,87.000000,87.000000,87.000000,12.000000,12.000000,12.000000,200.000000,200.000000,0.000000,0.000000,0.000000,0.000000,0.000000,0.000000,0.000000,0.000000,0.000000
16,0.042158,0.594388,0.253180,1.128661,-2.152861,-0.390078,-6.742669,-0.000880,0.030892,0.137958,-2.490676,-1.103717,2.831373,-0.889925,0.000079,0.000224,0.297168,-0.041114,-0.383792,0.091100,0.242127,-0.256032,-2.609924,-0.000851,-0.002562,-7.228700,2.185328,8.341542,5.447834,1.039143,-0.940360,0.002389,-0.024745,-0.052842,0.559744,-23.840452,0.583213,19.568777,1.675327,1.477968,-12.000000,-0.130480,-0.399374,0.559744,-23.840452,0.583213,19.568777,1.675327,1.477968,-132.273224,-0.130480,-0.399374,87.000000,87.000000,87.000000,87.000000,12.000000,12.000000,12.000000,200.000000,200.000000,0.000000,0.000000,0.000000,0.000000,0.000000,0.000000,0.000000,0.000000,0.000000
17,0.076709,0.456338,0.297010,1.154188,-2.077793,-0.327097,-6.760911,0.003139,0.031667,0.131115,-2.490164,-1.079599,2.837881,-0.976931,0.000064,0.000158,0.072294,-0.125254,-0.124527,0.150951,0.553596,0.192693,-2.609933,0.000214,-0.000891,-1.643591,-2.751793,3.960340,4.472888,-12.778036,-2.492055,-0.001345,0.019023,0.021397,2.535167,-29.480356,1.942916,20.334133,1.107798,2.223871,-12.000000,-0.116142,-0.258727,2.535167,-29.480356,1.942916,20.334133,1.107798,2.223871,-126.042610,-0.116142,-0.258727,87.000000,87.000000,87.000000,87.000000,12.000000,12.000000,12.000000,200.000000,200.000000,0.000000,0.000000,0.000000,0.000000,0.000000,0.000000,0.000000,0.000000,0.000000
18,0.108073,0.614866,0.288626,0.933087,-1.954225,-0.500971,-6.800848,0.010978,0.028739,0.125934,-2.491390,-1.035449,2.808606,-1.063417,0.000099,0.000099,0.223319,-0.212264,-0.112779,-0.033823,1.130767,-0.933769,-2.516526,-0.000236,-0.000296,-2.076997,-0.643565,2.970275,-4.117677,-18.764246,8.522972,5.609521,-0.007489,-0.016168,2.743733,-22.555490,1.929590,11.592460,0.665973,1.197766,-12.000000,-0.188134,-0.230606,2.743733,-22.555490,1.929590,11.592460,0.665973,1.197766,-120.678612,-0.188134,-0.230606,87.000000,87.000000,87.000000,87.000000,12.000000,12.000000,12.000000,200.000000,200.000000,0.000000,0.000000,0.000000,0.000000,0.000000,0.000000,0.000000,0.000000,0.000000
19,-0.022696,0.516393,0.155316,1.076914,-1.840441,-0.510849,-6.806183,0.021937,0.024552,0.116368,-2.495441,-0.985272,2.785027,-1.150387,0.000111,0.000072,0.213995,-0.239417,-0.229739,-0.006879,1.156587,-0.566496,-2.609954,0.000063,-0.000304,-7.841145,-0.409576,4.020011,3.106116,-25.482243,11.302059,0.000372,-0.021547,-0.002420,-3.676718,-26.072725,-2.260186,18.009266,0.719243,1.916263,-12.000000,-0.260534,-0.141976,-3.676718,-26.072725,-2.260186,18.009266,0.719243,1.916263,-113.973724,-0.260534,-0.141976,87.000000,87.000000,87.000000,87.000000,12.000000,12.000000,12.000000,200.000000,200.000000,0.000000,0.000000,0.000000,0.000000,0.000000,0.000000,0.000000,0.000000,0.000000
20,0.164726,0.565500,0.350962,1.028319,-1.719365,-0.503330,-6.787650,0.018645,0.020367,0.121585,-2.499405,-0.929126,2.772789,-1.237024,0.000101,0.000072,-0.049969,-0.215061,0.166255,-0.005642,1.307384,-0.315722,-2.531089,-0.000391,0.000100,4.749183,1.064810,-1.233621,3.088932,-29.094906,5.478622,4.212198,-0.014209,-0.018531,5.507277,-23.755587,3.789824,16.376167,0.462903,2.208497,-12.000000,-0.199194,-0.191417,5.507277,-23.755587,3.789824,16.376167,0.462903,2.208497,-106.311096,-0.199194,-0.191417,87.000000,87.000000,87.000000,87.000000,12.000000,12.000000,12.000000,200.000000,200.000000,0.000000,0.000000,0.000000,0.000000,0.000000,0.000000,0.000000,0.000000,0.000000
21,0.143631,0.470973,0.303165,1.122770,-1.664904,-0.473953,-6.865950,0.023459,0.016421,0.121504,-2.500072,-0.886878,2.771895,-1.324029,0.000101,0.000080,0.151834,-0.232203,0.029005,0.139280,0.914632,-0.030273,-2.609933,0.000042,0.000400,0.090437,-0.616473,2.333825,5.496926,-22.529516,1.065082,-0.002990,-0.006587,0.010643,3.471841,-27.270937,2.455913,19.957808,0.661743,2.453983,-12.000000,-0.213771,-0.175603,3.471841,-27.270937,2.455913,19.957808,0.661743,2.453983,-102.476433,-0.213771,-0.175603,87.000000,87.000000,87.000000,87.000000,12.000000,12.000000,12.000000,200.000000,200.000000,0.000000,0.000000,0.000000,0.000000,0.000000,0.000000,0.000000,0.000000,0.000000
22,0.085254,0.603801,0.222108,1.007319,-1.568500,-0.546954,-6.871398,0.034408,0.012524,0.117532,-2.498507,-0.842363,2.760309,-1.410968,0.000115,0.000071,0.279600,-0.196151,-0.075109,0.134712,1.065830,-0.399049,-2.594614,0.000113,-0.000135,-4.125781,1.757691,3.215241,0.864991,-21.442106,3.687943,0.930147,0.002696,-0.051545,-0.319291,-21.608555,-0.140514,14.961398,0.630008,1.580753,-12.000000,-0.233526,-0.229761,-0.319291,-21.608555,-0.140514,14.961398,0.630008,1.580753,-95.732254,-0.233526,-0.229761,87.000000,87.000000,87.000000,87.000000,12.000000,12.000000,12.000000,200.000000,200.000000,0.000000,0.000000,0.000000,0.000000,0.000000,0.000000,0.000000,0.000000,0.000000
23,0.013366,0.665182,0.141684,0.928355,-1.454878,-0.615477,-6.889501,0.045928,0.010057,0.111675,-2.499549,-0.790993,2.740019,-1.497913,0.000136,0.000047,0.249955,-0.143055,-0.139433,0.006924,1.224464,-0.595698,-2.586795,0.000369,-0.000547,-6.875149,2.355900,2.476032,-2.229526,-25.541481,8.004912,1.408124,-0.005908,-0.035461,-4.195514,-19.065218,-2.759022,12.048441,0.404832,1.245481,-12.000000,-0.309098,-0.124302,-4.195514,-19.065218,-2.759022,12.048441,0.404832,1.245481,-89.500458,-0.309098,-0.124302,87.000000,87.000000,87.000000,87.000000,12.000000,12.000000,12.000000,200.000000,200.000000,0.000000,0.000000,0.000000,0.000000,0.000000,0.000000,0.000000,0.000000,0.000000
24,0.123317,0.439106,0.232291,1.191880,-1.400159,-0.522568,-6.866132,0.049721,0.009048,0.110535,-2.499155,-0.752225,2.741135,-1.584920,0.000129,0.000057,0.084511,-0.134053,-0.001024,0.211030,0.831366,0.052124,-2.610233,0.000029,0.000419,-1.044174,-0.232754,1.358792,7.938231,-21.309788,1.053357,-0.009270,-0.036991,0.037791,0.670220,-28.197908,0.523973,22.591761,0.753627,2.783424,-12.000000,-0.326497,-0.082203,0.670220,-28.197908,0.523973,22.591761,0.753627,2.783424,-81.611992,-0.326497,-0.082203,87.000000,87.000000,87.000000,87.000000,12.000000,12.000000,12.000000,200.000000,200.000000,0.000000,0.000000,0.000000,0.000000,0.000000,0.000000,0.000000,0.000000,0.000000
25,0.125609,0.577709,0.231606,0.941893,-1.281733,-0.683106,-6.947257,0.053895,0.006138,0.111710,-2.497345,-0.703036,2.714058,-1.671838,0.000142,0.000042,0.121289,-0.204008,0.033788,0.063633,1.237482,-0.863065,-2.576130,0.000329,-0.000596,-1.086866,-0.538149,-0.397604,-4.503635,-22.575493,10.114738,2.052798,0.042016,-0.098228,0.332635,-22.254648,0.206251,12.131440,0.431485,1.450490,-12.000000,-0.244606,-0.212430,0.332635,-22.254648,0.206251,12.131440,0.431485,1.450490,-77.893623,-0.244606,-0.212430,87.000000,87.000000,87.000000,87.000000,12.000000,12.000000,12.000000,200.000000,200.000000,0.000000,0.000000,0.000000,0.000000,0.000000,0.000000,0.000000,0.000000,0.000000
26,0.281627,0.683759,0.332088,0.916105,-1.205790,-0.705032,-6.963199,0.059874,0.004586,0.113435,-2.500439,-0.656066,2.690302,-1.758754,0.000142,0.000039,0.199865,-0.090678,0.086184,-0.048695,1.076560,-0.623228,-2.587272,0.000457,-0.000247,1.069474,3.720151,1.960733,-2.116296,-24.522663,11.756118,0.240641,0.008592,-0.014971,6.004449,-17.948015,4.084127,11.780169,0.004516,1.966726,-12.000000,-0.314449,-0.083606,6.004449,-17.948015,4.084127,11.780169,0.004516,1.966726,-71.658768,-0.314449,-0.083606,87.000000,87.000000,87.000000,87.000000,12.000000,12.000000,12.000000,200.000000,200.000000,0.000000,0.000000,0.000000,0.000000,0.000000,0.000000,0.000000,0.000000,0.000000
27,0.088162,0.408656,0.180437,1.131494,-1.101786,-0.633757,-6.992981,0.067895,0.003686,0.112710,-2.505287,-0.610525,2.690204,-1.845775,0.000157,0.000033,0.186723,-0.161997,-0.006524,0.005249,1.041472,-0.023407,-2.610835,0.000397,-0.000090,-3.593150,-2.180987,1.043869,5.038906,-24.614037,0.239102,-0.006952,-0.083023,0.043429,-2.607668,-29.025976,-1.726766,21.046150,0.595312,2.583781,-12.000000,-0.488937,0.010262,-2.607668,-29.025976,-1.726766,21.046150,0.595312,2.583781,-65.815620,-0.488937,0.010262,87.000000,87.000000,87.000000,87.000000,12.000000,12.000000,12.000000,200.000000,200.000000,0.000000,0.000000,0.000000,0.000000,0.000000,0.000000,0.000000,0.000000,0.000000
28,0.048018,0.532449,0.112476,1.106985,-1.016755,-0.658514,-7.001194,0.078006,0.002550,0.106744,-2.505400,-0.567363,2.688194,-1.932809,0.000156,0.000033,0.211473,-0.107385,-0.147878,0.165585,1.022607,-0.164459,-2.611079,0.000275,-0.000169,-6.724091,1.821235,2.403595,5.607224,-21.533001,0.136667,-0.003963,-0.006440,-0.027821,-5.266894,-23.900583,-3.512958,19.680691,0.773113,2.116074,-12.000000,-0.352818,-0.104376,-5.266894,-23.900583,-3.512958,19.680691,0.773113,2.116074,-59.180336,-0.352818,-0.104376,87.000000,87.000000,87.000000,87.000000,12.000000,12.000000,12.000000,200.000000,200.000000,0.000000,0.000000,0.000000,0.000000,0.000000,0.000000,0.000000,0.000000,0.000000
29,0.088998,0.643160,0.086875,0.921059,-0.939122,-0.761209,-7.027063,0.090154,0.002433,0.095566,-2.504498,-0.524058,2.668013,-2.019840,0.000162,0.000023,0.242853,-0.083975,-0.278613,0.049782,1.052945,-0.650028,-2.610963,0.000760,-0.000761,-9.066508,1.512380,4.186703,-3.968326,-20.864666,8.290260,0.003290,0.040004,-0.067451,-4.817495,-19.544275,-3.192831,11.932996,0.373369,1.382299,-12.000000,-0.323254,-0.104815,-4.817495,-19.544275,-3.192831,11.932996,0.373369,1.382299,-53.252224,-0.323254,-0.104815,87.000000,87.000000,87.000000,87.000000,12.000000,12.000000,12.000000,200.000000,200.000000,0.000000,0.000000,0.000000,0.000000,0.000000,0.000000,0.000000,0.000000,0.000000
30,0.262266,0.432392,0.284855,1.165602,-0.856162,-0.668149,-6.990395,0.085157,0.002968,0.100636,-2.504636,-0.481624,2.667939,-2.106850,0.000148,0.000036,-0.106555,-0.089313,0.152330,0.178590,0.974252,-0.028445,-2.610806,-0.000150,0.000387,4.557265,-0.372308,-1.955371,6.814318,-22.770870,0.876386,-0.003633,-0.064792,0.050569,4.223971,-28.109724,2.818630,21.995520,0.379420,3.060466,-12.000000,-0.408789,-0.009295,4.223971,-28.109724,2.818630,21.995520,0.379420,3.060466,-44.825630,-0.408789,-0.009295,87.000000,87.000000,87.000000,87.000000,12.000000,12.000000,12.000000,200.000000,200.000000,0.000000,0.000000,0.000000,0.000000,0.000000,0.000000,0.000000,0.000000,0.000000
31,0.238233,0.583744,0.234696,0.910125,-0.773015,-0.782088,-7.059379,0.088761,0.001999,0.100457,-2.504371,-0.438272,2.651214,-2.193863,0.000139,0.000045,0.113842,-0.144447,0.002244,0.006074,1.065927,-0.584532,-2.610646,0.000744,-0.000581,-0.792929,-0.699859,0.886609,-5.598536,-20.971819,6.594683,0.000143,0.058957,-0.087774,2.082016,-21.851810,1.388692,11.506881,0.107211,1.632830,-12.000000,-0.249783,-0.191853,2.082016,-21.851810,1.388692,11.506881,0.107211,1.632830,-40.623940,-0.249783,-0.191853,87.000000,87.000000,87.000000,87.000000,12.000000,12.000000,12.000000,200.000000,200.000000,0.000000,0.000000,0.000000,0.000000,0.000000,0.000000,0.000000,0.000000,0.000000
32,0.228356,0.523066,0.207498,1.176372,-0.702644,-0.683601,-7.044957,0.094961,0.003027,0.097864,-2.504226,-0.400383,2.656158,-2.280881,0.000139,0.000052,0.158264,-0.016100,-0.039477,0.230271,0.853848,0.090153,-2.611048,-0.000010,0.000455,-1.947891,3.249411,2.525045,9.398380,-20.669806,-1.377005,0.000658,-0.088323,0.073482,1.004277,-24.476007,0.715533,22.402218,0.450226,2.951880,-12.000000,-0.440124,-0.008139,1.004277,-24.476007,0.715533,22.402218,0.450226,2.951880,-33.084629,-0.440124,-0.008139,87.000000,87.000000,87.000000,87.000000,12.000000,12.000000,12.000000,200.000000,200.000000,0.000000,0.000000,0.000000,0.000000,0.000000,0.000000,0.000000,0.000000,0.000000
33,0.276818,0.557145,0.223688,0.969045,-0.637170,-0.769917,-7.102452,0.102731,0.004529,0.095771,-2.501138,-0.363668,2.646616,-2.367889,0.000125,0.000068,0.210874,-0.075079,-0.023503,0.119252,0.906473,-0.407205,-2.610694,0.000811,-0.000473,-1.963132,-1.082425,2.414885,-3.904123,-17.689329,3.494178,-0.002246,0.061585,-0.087322,2.181870,-23.324553,1.479843,13.398784,0.175831,1.850684,-12.000000,-0.223687,-0.244548,2.181870,-23.324553,1.479843,13.398784,0.175831,1.850684,-28.424751,-0.223687,-0.244548,87.000000,87.000000,87.000000,87.000000,12.000000,12.000000,12.000000,200.000000,200.000000,0.000000,0.000000,0.000000,0.000000,0.000000,0.000000,0.000000,0.000000,0.000000
34,0.071397,0.423340,0.027864,1.188903,-0.609574,-0.718442,-7.032740,0.114497,0.004917,0.086173,-2.497922,-0.339939,2.647055,-2.454927,0.000147,0.000055,0.220283,-0.107158,-0.244881,0.259271,0.517973,-0.054184,-2.611477,0.000659,0.000021,-9.280481,-1.247570,3.441042,4.997012,-12.979502,0.719264,0.005536,-0.066881,0.058951,-7.421585,-28.630581,-4.933812,22.069336,0.665194,2.795511,-12.000000,-0.467293,-0.012375,-7.421585,-28.630581,-4.933812,22.069336,0.665194,2.795511,-18.670698,-0.467293,-0.012375,87.000000,87.000000,87.000000,87.000000,12.000000,12.000000,12.000000,200.000000,200.000000,0.000000,0.000000,0.000000,0.000000,0.000000,0.000000,0.000000,0.000000,0.000000
35,0.259744,0.444363,0.191526,1.020988,-0.481167,-0.815722,-7.071565,0.115570,0.001345,0.086246,-2.494951,-0.296470,2.630049,-2.541929,0.000122,0.000068,0.022891,-0.268151,0.013577,0.108761,1.146126,-0.610893,-2.610834,0.000794,-0.001006,-0.267270,-3.578036,-0.442510,-4.223233,-20.009285,6.509059,-0.008454,0.046524,-0.102408,1.071235,-27.209990,0.692368,14.989717,0.274485,2.061452,-12.000000,-0.247407,-0.231753,1.071235,-27.209990,0.692368,14.989717,0.274485,2.061452,-13.265935,-0.247407,-0.231753,87.000000,87.000000,87.000000,87.000000,12.000000,12.000000,12.000000,200.000000,200.000000,0.000000,0.000000,0.000000,0.000000,0.000000,0.000000,0.000000,0.000000,0.000000
36,0.302414,0.561742,0.196461,0.972595,-0.392458,-0.865506,-7.105540,0.120365,-0.004413,0.083804,-2.496563,-0.250089,2.608999,-2.628930,0.000120,0.000066,0.125777,-0.260594,-0.046233,-0.009961,1.122262,-0.637952,-2.610728,0.001029,-0.000784,-1.847679,0.854961,1.887249,-3.076719,-23.404081,9.777553,-0.004921,0.008810,-0.017015,2.027634,-21.823139,1.379341,13.562204,-0.037029,2.029633,-7.664906,-0.320249,-0.094977,2.027634,-21.823139,1.379341,13.562204,-0.037029,2.029633,-7.664906,-0.320249,-0.094977,87.000000,87.000000,87.000000,87.000000,12.000000,12.000000,12.000000,200.000000,200.000000,0.000000,0.000000,0.000000,0.000000,0.000000,0.000000,0.000000,0.000000,0.000000
37,0.225135,0.520440,0.110260,1.163547,-0.331688,-0.778182,-7.097651,0.127833,-0.007242,0.077705,-2.497887,-0.213015,2.612360,-2.710439,0.000127,0.000063,0.156305,-0.123462,-0.141521,0.169827,0.814491,0.028797,-1.978766,0.000111,0.000269,-4.818774,3.640410,3.037648,8.086989,-22.484266,-1.077969,37.949085,-0.092052,0.073617,-1.913293,-23.455179,-1.258392,21.462875,0.273775,2.870599,-0.385668,-0.435191,-0.014938,-1.913293,-23.455179,-1.258392,21.462875,0.273775,2.870599,-0.385668,-0.435191,-0.014938,87.000000,87.000000,87.000000,87.000000,12.000000,12.000000,12.000000,200.000000,200.000000,0.000000,0.000000,0.000000,0.000000,0.000000,0.000000,0.000000,0.000000,0.000000
38,0.263630,0.575405,0.146910,1.017194,-0.251110,-0.875999,-7.069678,0.130631,-0.007860,0.076263,-2.494855,-0.175188,2.598303,-2.750938,0.000097,0.000073,0.060228,-0.094520,-0.026921,0.160850,0.981495,-0.535586,-0.868726,0.000596,-0.000906,-1.505058,1.500718,0.442863,-1.615324,-16.958323,5.778207,20.692465,0.040920,-0.057018,-0.149537,-21.408443,-0.133007,14.835001,0.370307,1.964069,0.087747,-0.191261,-0.165909,-0.149537,-21.408443,-0.133007,14.835001,0.370307,1.964069,0.087747,-0.191261,-0.165909,87.000000,87.000000,87.000000,87.000000,12.000000,12.000000,12.000000,200.000000,200.000000,0.000000,0.000000,0.000000,0.000000,0.000000,0.000000,0.000000,0.000000,0.000000
39,0.387609,0.530812,0.238916,1.098156,-0.292257,-0.807872,-7.071966,0.131824,-0.006363,0.077194,-2.492325,-0.161217,2.601515,-2.772047,0.000093,0.000067,0.058573,-0.026697,0.055088,0.197578,0.241092,0.034000,-0.470098,0.000137,-0.000236,1.918124,1.432662,1.339268,2.061381,-9.370331,0.201837,10.479732,-0.014198,0.018032,4.912696,-23.496170,3.305554,17.980671,-0.021368,2.623810,0.030535,-0.237811,-0.074830,4.912696,-23.496170,3.305554,17.980671,-0.021368,2.623810,0.030535,-0.237811,-0.074830,87.000000,87.000000,87.000000,87.000000,12.000000,12.000000,12.000000,200.000000,200.000000,0.000000,0.000000,0.000000,0.000000,0.000000,0.000000,0.000000,0.000000,0.000000
40,0.285488,0.434514,0.150390,1.070603,-0.246649,-0.852248,-7.117722,0.136757,-0.006391,0.076347,-2.489936,-0.146417,2.596287,-2.794101,0.000086,0.000072,0.128065,-0.149080,-0.009628,0.120385,0.403606,-0.299843,-0.486225,0.000721,-0.000639,-1.677552,-3.189479,1.097839,-2.936073,-6.433215,1.845252,11.444769,0.013766,-0.010482,0.044287,-27.284599,-0.008963,16.608049,0.377512,2.231681,0.064929,-0.217546,-0.102221,0.044287,-27.284599,-0.008963,16.608049,0.377512,2.231681,0.064929,-0.217546,-0.102221,87.000000,87.000000,87.000000,87.000000,12.000000,12.000000,12.000000,200.000000,200.000000,0.000000,0.000000,0.000000,0.000000,0.000000,0.000000,0.000000,0.000000,0.000000
41,0.142061,0.571940,0.007327,0.993052,-0.227272,-0.928041,-7.088135,0.145215,-0.008264,0.068873,-2.490031,-0.134678,2.578031,-2.798557,0.000091,0.000068,0.148945,-0.146110,-0.199321,0.021131,0.329157,-0.597090,-0.098006,0.000862,-0.000743,-7.496800,0.506408,2.133991,-4.614048,-4.804353,8.448869,2.309837,-0.001714,0.004473,-6.758795,-21.435629,-4.566687,13.681302,0.504226,1.833606,0.043712,-0.260545,-0.062609,-6.758795,-21.435629,-4.566687,13.681302,0.504226,1.833606,0.043712,-0.260545,-0.062609,87.000000,87.000000,87.000000,87.000000,12.000000,12.000000,12.000000,200.000000,200.000000,0.000000,0.000000,0.000000,0.000000,0.000000,0.000000,0.000000,0.000000,0.000000
42,0.315970,0.430732,0.136217,1.218918,-0.276743,-0.780745,-7.049637,0.146619,-0.008602,0.065132,-2.491060,-0.138250,2.593393,-2.791551,0.000107,0.000053,0.015575,-0.088473,-0.074395,0.169417,-0.161690,0.367244,0.144421,0.000475,-0.000435,-1.013218,0.893333,1.887667,7.464850,-1.361740,-5.448809,-4.019066,-0.008695,0.007932,0.809894,-27.186806,0.540106,23.092083,0.286126,3.156805,0.010531,-0.275879,-0.049605,0.809894,-27.186806,0.540106,23.092083,0.286126,3.156805,0.010531,-0.275879,-0.049605,87.000000,87.000000,87.000000,87.000000,12.000000,12.000000,12.000000,200.000000,200.000000,0.000000,0.000000,0.000000,0.000000,0.000000,0.000000,0.000000,0.000000,0.000000
43,0.407791,0.536825,0.215102,0.938032,-0.254110,-0.905897,-7.088103,0.145913,-0.010290,0.066511,-2.490868,-0.135486,2.584262,-2.796977,0.000076,0.000081,0.015697,-0.179791,0.058853,-0.018437,0.162218,-0.455343,-0.126775,0.000290,-0.000263,2.616812,-1.935219,0.478855,-7.920221,0.786534,2.566463,3.113715,0.022044,-0.022996,4.749244,-22.728794,3.147909,11.463763,0.266655,1.498353,0.041769,-0.157250,-0.161345,4.749244,-22.728794,3.147909,11.463763,0.266655,1.498353,0.041769,-0.157250,-0.161345,87.000000,87.000000,87.000000,87.000000,12.000000,12.000000,12.000000,200.000000,200.000000,0.000000,0.000000,0.000000,0.000000,0.000000,0.000000,0.000000,0.000000,0.000000
44,0.211885,0.520987,0.047974,1.174396,-0.285626,-0.823681,-7.031806,0.150195,-0.010544,0.062309,-2.491785,-0.142570,2.589270,-2.786547,0.000100,0.000058,0.072752,-0.049691,-0.109717,0.160324,-0.195092,0.072226,0.221541,0.000766,-0.000700,-3.949598,3.223224,1.480417,6.261009,2.056221,-0.878204,-5.624176,-0.018903,0.018016,-3.959470,-23.392670,-2.692298,21.324223,0.570760,2.809286,0.025855,-0.298510,-0.025501,-3.959470,-23.392670,-2.692298,21.324223,0.570760,2.809286,0.025855,-0.298510,-0.025501,87.000000,87.000000,87.000000,87.000000,12.000000,12.000000,12.000000,200.000000,200.000000,0.000000,0.000000,0.000000,0.000000,0.000000,0.000000,0.000000,0.000000,0.000000
45,0.313520,0.589681,0.170016,0.969567,-0.237522,-0.930851,-7.069509,0.145175,-0.009380,0.067590,-2.490929,-0.134962,2.575220,-2.789997,0.000079,0.000078,-0.110161,-0.055014,0.135275,0.041962,0.292509,-0.551697,-0.080599,0.000505,-0.000402,3.474535,0.510135,-2.815445,-5.280182,-1.540276,5.347649,2.115349,0.014956,-0.012134,1.422953,-20.880116,0.865396,12.719868,0.409674,1.641208,0.047063,-0.188788,-0.129640,1.422953,-20.880116,0.865396,12.719868,0.409674,1.641208,0.047063,-0.188788,-0.129640,87.000000,87.000000,87.000000,87.000000,12.000000,12.000000,12.000000,200.000000,200.000000,0.000000,0.000000,0.000000,0.000000,0.000000,0.000000,0.000000,0.000000,0.000000
46,0.353536,0.447662,0.208550,1.093644,-0.216784,-0.864750,-7.089648,0.141807,-0.008736,0.072885,-2.494475,-0.123962,2.576210,-2.796623,0.000083,0.000074,-0.049939,-0.096225,0.138889,-0.007803,0.251289,-0.055433,-0.151336,0.000563,-0.000531,3.493822,-1.304418,-1.609016,0.751338,-6.974326,-0.141497,3.275118,-0.003994,0.000560,3.132476,-26.604946,2.042780,18.442717,0.135227,2.590420,0.025649,-0.228664,-0.095838,3.132476,-26.604946,2.042780,18.442717,0.135227,2.590420,0.025649,-0.228664,-0.095838,87.000000,87.000000,87.000000,87.000000,12.000000,12.000000,12.000000,200.000000,200.000000,0.000000,0.000000,0.000000,0.000000,0.000000,0.000000,0.000000,0.000000,0.000000
47,0.266835,0.448018,0.101539,1.196139,-0.285476,-0.801110,-7.020486,0.147023,-0.007682,0.068957,-2.494373,-0.135739,2.589867,-2.783587,0.000101,0.000058,0.117753,-0.051600,-0.092030,0.189964,-0.325678,0.260125,0.275904,0.000567,-0.000470,-3.070055,0.647929,2.361360,6.153019,4.284689,-5.209654,-7.009761,-0.011228,0.015338,-1.577113,-26.680979,-1.078788,22.317297,0.501833,2.915531,0.016649,-0.274702,-0.044376,-1.577113,-26.680979,-1.078788,22.317297,0.501833,2.915531,0.016649,-0.274702,-0.044376,87.000000,87.000000,87.000000,87.000000,12.000000,12.000000,12.000000,200.000000,200.000000,0.000000,0.000000,0.000000,0.000000,0.000000,0.000000,0.000000,0.000000,0.000000
48,0.349443,0.504872,0.176213,1.013004,-0.263575,-0.884316,-7.047668,0.148248,-0.007753,0.070035,-2.492254,-0.137426,2.585047,-2.783207,0.000081,0.000075,0.047507,-0.127815,0.047736,0.089960,0.053741,-0.320178,0.000637,0.000433,-0.000411,1.064561,-1.747236,0.277938,-4.516361,2.645162,1.064846,0.082623,0.015363,-0.018076,2.055059,-24.336277,1.328849,14.479947,0.436081,1.856575,0.043281,-0.187171,-0.134389,2.055059,-24.336277,1.328849,14.479947,0.436081,1.856575,0.043281,-0.187171,-0.134389,87.000000,87.000000,87.000000,87.000000,12.000000,12.000000,12.000000,200.000000,200.000000,0.000000,0.000000,0.000000,0.000000,0.000000,0.000000,0.000000,0.000000,0.000000
49,0.212026,0.605054,0.052790,1.069955,-0.243870,-0.869989,-7.072776,0.153198,-0.006600,0.066434,-2.491802,-0.134025,2.582984,-2.789111,0.000092,0.000065,0.091184,-0.007525,-0.095963,0.130503,0.104410,-0.159758,-0.137170,0.000757,-0.000696,-4.135160,3.380337,1.108790,1.577972,-1.783616,1.326975,3.064154,-0.007869,0.007445,-4.252414,-20.448608,-2.888227,16.961418,0.550532,2.194972,0.049681,-0.264507,-0.056213,-4.252414,-20.448608,-2.888227,16.961418,0.550532,2.194972,0.049681,-0.264507,-0.056213,87.000000,87.000000,87.000000,87.000000,12.000000,12.000000,12.000000,200.000000,200.000000,0.000000,0.000000,0.000000,0.000000,0.000000,0.000000,0.000000,0.000000,0.000000
50,0.378318,0.463457,0.205012,1.087259,-0.247189,-0.837169,-7.110629,0.150599,-0.004598,0.070163,-2.491784,-0.131022,2.588255,-2.801175,0.000086,0.000071,-0.041831,-0.062042,0.112900,0.085300,0.072710,0.013825,-0.273378,0.000339,-0.000262,3.252187,-1.673120,-0.982453,-0.329542,-2.223057,-2.473968,6.157769,-0.000370,0.003456,3.384948,-26.415386,2.223972,17.663832,0.233068,2.407351,0.041552,-0.214322,-0.101676,3.384948,-26.415386,2.223972,17.663832,0.233068,2.407351,0.041552,-0.214322,-0.101676,87.000000,87.000000,87.000000,87.000000,12.000000,12.000000,12.000000,200.000000,200.000000,0.000000,0.000000,0.000000,0.000000,0.000000,0.000000,0.000000,0.000000,0.000000
51,0.143324,0.477339,-0.017648,1.164158,-0.245892,-0.822329,-7.076948,0.156975,-0.003094,0.062683,-2.489762,-0.132241,2.593744,-2.799623,0.000103,0.000055,0.096643,-0.047218,-0.209972,0.207435,-0.002783,0.010798,0.030632,0.000868,-0.000815,-7.086973,0.217410,1.876533,3.496976,0.718510,-2.341237,-0.893480,-0.007763,0.004999,-7.485552,-25.911222,-5.057740,20.472136,0.754922,2.574849,0.048257,-0.293105,-0.033215,-7.485552,-25.911222,-5.057740,20.472136,0.754922,2.574849,0.048257,-0.293105,-0.033215,87.000000,87.000000,87.000000,87.000000,12.000000,12.000000,12.000000,200.000000,200.000000,0.000000,0.000000,0.000000,0.000000,0.000000,0.000000,0.000000,0.000000,0.000000
52,0.316538,0.507503,0.145096,0.967656,-0.214812,-0.923846,-7.082762,0.152772,-0.003963,0.063978,-2.488890,-0.123418,2.578820,-2.799998,0.000081,0.000077,-0.114135,-0.171282,0.033373,0.000235,0.303471,-0.563842,-0.011145,0.000416,-0.000265,1.650642,-2.888241,-1.626313,-7.782216,-2.609516,5.792641,0.417254,0.011787,-0.005559,0.842390,-24.483274,0.496999,12.450082,0.301692,1.692792,0.033755,-0.191709,-0.125657,0.842390,-24.483274,0.496999,12.450082,0.301692,1.692792,0.033755,-0.191709,-0.125657,87.000000,87.000000,87.000000,87.000000,12.000000,12.000000,12.000000,200.000000,200.000000,0.000000,0.000000,0.000000,0.000000,0.000000,0.000000,0.000000,0.000000,0.000000
53,0.325651,0.529569,0.145709,1.088853,-0.213828,-0.875201,-7.062709,0.150579,-0.005276,0.063607,-2.492079,-0.117612,2.576308,-2.795399,0.000087,0.000072,-0.055145,-0.108836,-0.008973,0.021791,0.129678,-0.136209,0.094714,0.000588,-0.000524,0.703393,1.655661,0.039765,1.881209,-4.111356,1.898102,-2.513528,-0.002038,-0.000397,1.169349,-23.401991,0.760231,18.046370,0.232747,2.496595,0.015768,-0.233867,-0.094141,1.169349,-23.401991,0.760231,18.046370,0.232747,2.496595,0.015768,-0.233867,-0.094141,87.000000,87.000000,87.000000,87.000000,12.000000,12.000000,12.000000,200.000000,200.000000,0.000000,0.000000,0.000000,0.000000,0.000000,0.000000,0.000000,0.000000,0.000000
54,0.336901,0.531576,0.203150,1.127634,-0.234552,-0.859505,-7.025876,0.142604,-0.004148,0.070473,-2.492046,-0.119983,2.578708,-2.784182,0.000088,0.000070,-0.172561,-0.027584,0.175439,0.150379,-0.046494,-0.050084,0.238388,0.000485,-0.000428,5.361398,2.149217,-3.142368,3.647039,0.803248,-0.550899,-5.853273,-0.000619,0.002514,2.837930,-23.599836,1.833835,19.354031,0.346179,2.559105,0.016188,-0.227576,-0.091089,2.837930,-23.599836,1.833835,19.354031,0.346179,2.559105,0.016188,-0.227576,-0.091089,87.000000,87.000000,87.000000,87.000000,12.000000,12.000000,12.000000,200.000000,200.000000,0.000000,0.000000,0.000000,0.000000,0.000000,0.000000,0.000000,0.000000,0.000000
55,0.336290,0.367228,0.189865,1.154261,-0.240088,-0.817846,-7.090655,0.140813,-0.003986,0.073073,-2.490617,-0.122369,2.588785,-2.793736,0.000087,0.000071,-0.019246,-0.150288,0.069536,0.149087,-0.060372,0.130916,-0.224180,0.000336,-0.000235,2.052446,-3.756790,-0.429800,1.064387,0.394608,-4.598978,4.948996,-0.009157,0.013460,2.358297,-30.196445,1.532464,20.160761,0.326614,2.705238,0.044211,-0.229980,-0.088100,2.358297,-30.196445,1.532464,20.160761,0.326614,2.705238,0.044211,-0.229980,-0.088100,87.000000,87.000000,87.000000,87.000000,12.000000,12.000000,12.000000,200.000000,200.000000,0.000000,0.000000,0.000000,0.000000,0.000000,0.000000,0.000000,0.000000,0.000000
56,0.260135,0.562290,0.128052,1.029284,-0.215056,-0.888526,-7.080657,0.142115,-0.005640,0.073345,-2.488713,-0.119288,2.583130,-2.796556,0.000080,0.000077,0.030918,-0.135206,0.006426,0.114650,0.152641,-0.319471,-0.063553,0.000684,-0.000655,-0.733755,0.781969,-0.171242,-2.463527,-0.032340,1.898122,1.564181,0.013497,-0.017108,-1.084723,-22.044062,-0.777795,14.899720,0.506167,1.890113,0.047917,-0.202990,-0.121272,-1.084723,-22.044062,-0.777795,14.899720,0.506167,1.890113,0.047917,-0.202990,-0.121272,87.000000,87.000000,87.000000,87.000000,12.000000,12.000000,12.000000,200.000000,200.000000,0.000000,0.000000,0.000000,0.000000,0.000000,0.000000,0.000000,0.000000,0.000000
57,0.356070,0.547165,0.226445,1.081101,-0.206641,-0.868936,-7.072186,0.139335,-0.005896,0.078858,-2.488074,-0.113875,2.581422,-2.795895,0.000080,0.000077,-0.034888,-0.077434,0.155259,0.122533,0.148918,-0.148987,0.009765,0.000536,-0.000487,3.823583,1.638649,-1.522573,0.782405,-3.121753,1.128905,-0.398869,-0.000094,0.000764,3.410921,-22.733803,2.241977,17.084517,0.231637,2.323088,0.024871,-0.213789,-0.103106,3.410921,-22.733803,2.241977,17.084517,0.231637,2.323088,0.024871,-0.213789,-0.103106,87.000000,87.000000,87.000000,87.000000,12.000000,12.000000,12.000000,200.000000,200.000000,0.000000,0.000000,0.000000,0.000000,0.000000,0.000000,0.000000,0.000000,0.000000
58,0.206893,0.554902,0.078680,1.091054,-0.277875,-0.846170,-7.059355,0.144304,-0.004043,0.075285,-2.486216,-0.128413,2.586071,-2.792384,0.000094,0.000065,0.097160,-0.018973,-0.094248,0.154692,-0.384590,0.024637,0.060968,0.000552,-0.000417,-3.852252,1.238423,1.506047,0.332111,6.212698,-1.100396,-1.926719,-0.009720,0.015444,-3.746061,-22.750868,-2.542451,17.222605,0.489202,2.277662,0.031046,-0.257187,-0.061544,-3.746061,-22.750868,-2.542451,17.222605,0.489202,2.277662,0.031046,-0.257187,-0.061544,87.000000,87.000000,87.000000,87.000000,12.000000,12.000000,12.000000,200.000000,200.000000,0.000000,0.000000,0.000000,0.000000,0.000000,0.000000,0.000000,0.000000,0.000000
59,0.185592,0.558450,0.017018,0.999267,-0.275488,-0.896776,-7.072879,0.151998,-0.002361,0.065448,-2.486250,-0.137417,2.580604,-2.793923,0.000090,0.000067,0.130194,-0.062328,-0.251783,0.010664,-0.140178,-0.303441,-0.041618,0.000667,-0.000630,-7.110539,-0.975919,3.289384,-5.313392,5.797908,1.720376,0.965508,0.009106,-0.011203,-5.487459,-22.755079,-3.699562,13.615569,0.650300,1.712940,0.054984,-0.229669,-0.093953,-5.487459,-22.755079,-3.699562,13.615569,0.650300,1.712940,0.054984,-0.229669,-0.093953,87.000000,87.000000,87.000000,87.000000,12.000000,12.000000,12.000000,200.000000,200.000000,0.000000,0.000000,0.000000,0.000000,0.000000,0.000000,0.000000,0.000000,0.000000
60,0.395187,0.428084,0.252929,1.123706,-0.222493,-0.867459,-7.053577,0.142960,-0.002509,0.073322,-2.489781,-0.128037,2.578720,-2.790195,0.000083,0.000075,-0.191016,-0.127722,0.215730,0.002016,0.295443,-0.173460,0.084232,0.000580,-0.000425,6.956788,-1.654228,-3.471334,1.327503,-4.503895,0.307091,-1.935012,0.008337,-0.001108,5.282031,-27.821291,3.470057,19.278318,0.269466,2.612333,0.027292,-0.209781,-0.106544,5.282031,-27.821291,3.470057,19.278318,0.269466,2.612333,0.027292,-0.209781,-0.106544,87.000000,87.000000,87.000000,87.000000,12.000000,12.000000,12.000000,200.000000,200.000000,0.000000,0.000000,0.000000,0.000000,0.000000,0.000000,0.000000,0.000000,0.000000
61,0.246540,0.429045,0.093690,1.208507,-0.253290,-0.810465,-7.071546,0.145937,-0.003011,0.069498,-2.489950,-0.130305,2.588800,-2.792356,0.000100,0.000059,0.056629,-0.109025,-0.103800,0.177611,-0.095588,0.165999,-0.061805,0.000590,-0.000553,-2.997388,0.047730,1.683428,5.919140,-0.269300,-3.602865,0.990385,-0.018788,0.017037,-2.133860,-27.693968,-1.444157,22.478947,0.483201,2.967081,0.036946,-0.286517,-0.038357,-2.133860,-27.693968,-1.444157,22.478947,0.483201,2.967081,0.036946,-0.286517,-0.038357,87.000000,87.000000,87.000000,87.000000,12.000000,12.000000,12.000000,200.000000,200.000000,0.000000,0.000000,0.000000,0.000000,0.000000,0.000000,0.000000,0.000000,0.000000
62,0.425409,0.442486,0.255552,1.032598,-0.250773,-0.854899,-7.108036,0.142930,-0.005850,0.073645,-2.489254,-0.129885,2.589862,-2.802217,0.000078,0.000079,-0.032760,-0.236337,0.132905,0.045902,0.056950,-0.147497,-0.224273,0.000237,-0.000182,4.550583,-3.373489,-0.555829,-4.356710,0.377387,-1.415742,5.180527,0.015399,-0.013372,5.932663,-26.787050,3.937808,15.150411,0.198401,2.051276,0.041880,-0.167319,-0.148835,5.932663,-26.787050,3.937808,15.150411,0.198401,2.051276,0.041880,-0.167319,-0.148835,87.000000,87.000000,87.000000,87.000000,12.000000,12.000000,12.000000,200.000000,200.000000,0.000000,0.000000,0.000000,0.000000,0.000000,0.000000,0.000000,0.000000,0.000000
63,0.307339,0.461605,0.179769,1.081082,-0.216481,-0.888532,-7.059650,0.142607,-0.011308,0.078010,-2.490548,-0.123107,2.580865,-2.795985,0.000079,0.000079,0.016766,-0.271049,0.114718,0.043579,0.233010,-0.370865,0.138483,0.000806,-0.000700,1.670200,-0.629584,-1.312498,-0.701693,-2.490713,3.864054,-3.200107,0.004570,-0.003932,0.938886,-25.337435,0.563758,17.407097,0.399467,2.322918,0.029829,-0.222671,-0.100119,0.938886,-25.337435,0.563758,17.407097,0.399467,2.322918,0.029829,-0.222671,-0.100119,87.000000,87.000000,87.000000,87.000000,12.000000,12.000000,12.000000,200.000000,200.000000,0.000000,0.000000,0.000000,0.000000,0.000000,0.000000,0.000000,0.000000,0.000000
64,0.174582,0.656606,0.025395,1.080205,-0.252496,-0.868856,-7.039733,0.151031,-0.012965,0.070849,-2.489944,-0.128133,2.580681,-2.787785,0.000097,0.000061,0.162779,-0.046538,-0.186426,0.165758,-0.140352,-0.081673,0.167545,0.000712,-0.000672,-6.750334,6.114643,2.873333,3.413451,1.628803,1.351947,-4.314861,-0.014717,0.013442,-5.918969,-17.618643,-3.992814,17.231766,0.572833,2.224227,0.027079,-0.282679,-0.040139,-5.918969,-17.618643,-3.992814,17.231766,0.572833,2.224227,0.027079,-0.282679,-0.040139,87.000000,87.000000,87.000000,87.000000,12.000000,12.000000,12.000000,200.000000,200.000000,0.000000,0.000000,0.000000,0.000000,0.000000,0.000000,0.000000,0.000000,0.000000
65,0.174533,0.574579,0.039266,1.033247,-0.242145,-0.913440,-7.051823,0.151602,-0.010959,0.067461,-2.487978,-0.129250,2.572760,-2.786455,0.000094,0.000063,-0.040835,-0.019444,-0.099703,0.114875,0.039133,-0.351590,0.021372,0.000610,-0.000554,-3.269864,1.009560,-0.504073,-2.666563,1.759759,3.405724,-0.511140,0.001697,-0.001263,-5.222410,-21.424591,-3.593290,14.984430,0.621160,1.899561,0.047099,-0.245119,-0.074380,-5.222410,-21.424591,-3.593290,14.984430,0.621160,1.899561,0.047099,-0.245119,-0.074380,87.000000,87.000000,87.000000,87.000000,12.000000,12.000000,12.000000,200.000000,200.000000,0.000000,0.000000,0.000000,0.000000,0.000000,0.000000,0.000000,0.000000,0.000000
66,0.311538,0.478640,0.143547,0.999576,-0.261675,-0.893700,-7.101151,0.148245,-0.010238,0.066031,-2.491347,-0.131605,2.571805,-2.797423,0.000087,0.000070,-0.098342,-0.117780,-0.037937,-0.091099,-0.063774,-0.134016,-0.253757,0.000348,-0.000294,0.572481,-2.802681,-0.132555,-5.147669,0.255205,0.266999,5.633967,0.007631,-0.006545,0.898577,-25.275164,0.547846,14.313819,0.203530,2.016267,0.037838,-0.204234,-0.113618,0.898577,-25.275164,0.547846,14.313819,0.203530,2.016267,0.037838,-0.204234,-0.113618,87.000000,87.000000,87.000000,87.000000,12.000000,12.000000,12.000000,200.000000,200.000000,0.000000,0.000000,0.000000,0.000000,0.000000,0.000000,0.000000,0.000000,0.000000
67,0.321962,0.465605,0.131963,1.194991,-0.238523,-0.811114,-7.081511,0.148176,-0.009479,0.062082,-2.494949,-0.129709,2.585215,-2.798776,0.000096,0.000061,-0.008980,-0.041289,-0.092883,0.101958,0.067625,0.230374,-0.030547,0.000639,-0.000581,-0.695231,1.899332,1.781548,7.826562,-1.696178,-6.215872,0.518589,-0.005963,0.005775,1.010074,-25.790682,0.656687,22.646860,0.518265,2.904360,0.042703,-0.262508,-0.058627,1.010074,-25.790682,0.656687,22.646860,0.518265,2.904360,0.042703,-0.262508,-0.058627,87.000000,87.000000,87.000000,87.000000,12.000000,12.000000,12.000000,200.000000,200.000000,0.000000,0.000000,0.000000,0.000000,0.000000,0.000000,0.000000,0.000000,0.000000
68,0.343090,0.453200,0.164559,1.068076,-0.273707,-0.848655,-7.064071,0.145298,-0.009048,0.062290,-2.494329,-0.135501,2.588285,-2.795046,0.000088,0.000069,-0.065981,-0.117229,0.015504,0.087699,-0.116298,-0.084072,0.072168,0.000351,-0.000306,1.851156,-2.158033,-0.062547,-1.700187,3.232925,-1.790906,-1.916476,0.003828,-0.003167,2.383712,-26.351036,1.548735,17.015068,0.350472,2.240078,0.027271,-0.212215,-0.105169,2.383712,-26.351036,1.548735,17.015068,0.350472,2.240078,0.027271,-0.212215,-0.105169,87.000000,87.000000,87.000000,87.000000,12.000000,12.000000,12.000000,200.000000,200.000000,0.000000,0.000000,0.000000,0.000000,0.000000,0.000000,0.000000,0.000000,0.000000
69,0.388890,0.452505,0.220033,1.153712,-0.233652,-0.826262,-7.069412,0.141567,-0.009608,0.066801,-2.493099,-0.129923,2.592188,-2.794510,0.000085,0.000072,-0.050980,-0.108316,0.130619,0.187658,0.188409,-0.034753,0.008947,0.000607,-0.000541,4.303343,0.266587,-0.971643,3.811572,-2.528113,-1.949510,-0.243219,0.005014,-0.004649,4.615075,-26.218954,3.047187,20.390617,0.369573,2.683299,0.036690,-0.220743,-0.098176,4.615075,-26.218954,3.047187,20.390617,0.369573,2.683299,0.036690,-0.220743,-0.098176,87.000000,87.000000,87.000000,87.000000,12.000000,12.000000,12.000000,200.000000,200.000000,0.000000,0.000000,0.000000,0.000000,0.000000,0.000000,0.000000,0.000000,0.000000
70,0.343148,0.611730,0.193567,0.983180,-0.226286,-0.899807,-7.088514,0.140966,-0.009229,0.071255,-2.490601,-0.124146,2.582962,-2.798636,0.000076,0.000080,0.020269,-0.058273,0.123422,0.112105,0.180606,-0.389775,-0.098777,0.000531,-0.000464,2.483953,1.715760,-0.937056,-3.884126,-2.002494,4.074060,2.263605,0.006983,-0.006009,2.539583,-19.932123,1.653794,13.131158,0.254311,1.766405,0.033855,-0.195248,-0.121644,2.539583,-19.932123,1.653794,13.131158,0.254311,1.766405,0.033855,-0.195248,-0.121644,87.000000,87.000000,87.000000,87.000000,12.000000,12.000000,12.000000,200.000000,200.000000,0.000000,0.000000,0.000000,0.000000,0.000000,0.000000,0.000000,0.000000,0.000000
71,0.159535,0.474686,0.015694,1.142015,-0.228688,-0.847897,-7.072771,0.147951,-0.007732,0.065942,-2.489535,-0.123332,2.584408,-2.797192,0.000098,0.000060,0.127556,-0.050612,-0.146702,0.156499,0.015955,-0.047207,0.024978,0.000838,-0.000786,-6.067290,-0.075025,1.606024,2.178426,-1.286305,0.107784,-0.873330,-0.017060,0.014462,-6.139907,-25.655472,-4.168547,19.626293,0.560601,2.600037,0.036836,-0.294825,-0.029925,-6.139907,-25.655472,-4.168547,19.626293,0.560601,2.600037,0.036836,-0.294825,-0.029925,87.000000,87.000000,87.000000,87.000000,12.000000,12.000000,12.000000,200.000000,200.000000,0.000000,0.000000,0.000000,0.000000,0.000000,0.000000,0.000000,0.000000,0.000000
72,0.409012,0.444124,0.260761,1.025559,-0.235389,-0.895953,-7.087129,0.141736,-0.008742,0.074009,-2.489608,-0.122256,2.577702,-2.799700,0.000078,0.000077,-0.109811,-0.181484,0.226796,0.012431,0.068743,-0.324640,-0.063196,0.000305,-0.000259,6.453701,-3.434774,-2.753140,-5.139890,-0.018188,2.630213,1.391218,0.014354,-0.012595,5.686800,-26.641157,3.740874,14.939897,0.149017,2.087596,0.029238,-0.174348,-0.139623,5.686800,-26.641157,3.740874,14.939897,0.149017,2.087596,0.029238,-0.174348,-0.139623,87.000000,87.000000,87.000000,87.000000,12.000000,12.000000,12.000000,200.000000,200.000000,0.000000,0.000000,0.000000,0.000000,0.000000,0.000000,0.000000,0.000000,0.000000
73,0.277238,0.520460,0.145888,1.138860,-0.241562,-0.842115,-7.054001,0.143200,-0.009786,0.075932,-2.490780,-0.124732,2.582829,-2.793250,0.000091,0.000066,0.050246,-0.087206,0.049303,0.122995,-0.058850,0.044382,0.135776,0.000636,-0.000577,-0.020683,2.413738,-0.150247,4.371106,0.216709,-1.688945,-3.486104,-0.010384,0.009533,-0.499619,-23.420818,-0.383848,19.814095,0.442369,2.611677,0.026436,-0.258729,-0.062616,-0.499619,-23.420818,-0.383848,19.814095,0.442369,2.611677,0.026436,-0.258729,-0.062616,87.000000,87.000000,87.000000,87.000000,12.000000,12.000000,12.000000,200.000000,200.000000,0.000000,0.000000,0.000000,0.000000,0.000000,0.000000,0.000000,0.000000,0.000000
74,0.132580,0.564794,-0.021910,1.118095,-0.260585,-0.835976,-7.082355,0.152636,-0.007721,0.066141,-2.487882,-0.132166,2.589528,-2.796601,0.000103,0.000056,0.166361,0.005203,-0.259426,0.221166,-0.166375,0.039415,-0.086803,0.000666,-0.000560,-8.530681,2.375409,3.261321,2.491964,3.735562,-2.740051,1.774041,-0.010815,0.013282,-7.837776,-22.061033,-5.292506,18.383528,0.766064,2.269133,0.056298,-0.285468,-0.036689,-7.837776,-22.061033,-5.292506,18.383528,0.766064,2.269133,0.056298,-0.285468,-0.036689,87.000000,87.000000,87.000000,87.000000,12.000000,12.000000,12.000000,200.000000,200.000000,0.000000,0.000000,0.000000,0.000000,0.000000,0.000000,0.000000,0.000000,0.000000
75,0.362250,0.489684,0.212625,1.025583,-0.248252,-0.894121,-7.056746,0.146152,-0.006359,0.071426,-2.485615,-0.131235,2.581831,-2.792270,0.000081,0.000076,-0.144166,-0.095503,0.147486,0.081550,0.107500,-0.365258,0.093729,0.000332,-0.000268,4.814842,-2.479525,-2.620633,-5.235148,0.867112,2.702495,-2.123678,0.016380,-0.013995,3.461282,-25.184053,2.241273,14.432136,0.306716,1.938955,0.030017,-0.178422,-0.137618,3.461282,-25.184053,2.241273,14.432136,0.306716,1.938955,0.030017,-0.178422,-0.137618,87.000000,87.000000,87.000000,87.000000,12.000000,12.000000,12.000000,200.000000,200.000000,0.000000,0.000000,0.000000,0.000000,0.000000,0.000000,0.000000,0.000000,0.000000
76,0.336558,0.435627,0.183875,1.150329,-0.260616,-0.814465,-7.092060,0.144648,-0.006617,0.073367,-2.486496,-0.132759,2.590731,-2.798328,0.000088,0.000070,-0.018034,-0.117593,0.053750,0.100025,-0.067425,0.145812,-0.145639,0.000432,-0.000365,1.656180,-1.008965,-0.183938,2.463377,-0.946784,-3.459626,2.997332,-0.010829,0.011644,2.035336,-27.181835,1.326155,19.882494,0.273921,2.715677,0.033496,-0.240181,-0.080159,2.035336,-27.181835,1.326155,19.882494,0.273921,2.715677,0.033496,-0.240181,-0.080159,87.000000,87.000000,87.000000,87.000000,12.000000,12.000000,12.000000,200.000000,200.000000,0.000000,0.000000,0.000000,0.000000,0.000000,0.000000,0.000000,0.000000,0.000000
77,0.157939,0.650049,0.013159,0.953823,-0.236660,-0.933363,-7.087943,0.150102,-0.006667,0.066806,-2.486864,-0.130753,2.576670,-2.800669,0.000083,0.000074,0.083379,-0.068039,-0.183775,0.002509,0.144158,-0.550793,-0.054820,0.000822,-0.000742,-6.088091,1.989479,1.495413,-5.534997,1.334372,5.476838,1.432659,0.011718,-0.012668,-6.258222,-18.563290,-4.246577,11.855613,0.664226,1.430979,0.054782,-0.221848,-0.101860,-6.258222,-18.563290,-4.246577,11.855613,0.664226,1.430979,0.054782,-0.221848,-0.101860,87.000000,87.000000,87.000000,87.000000,12.000000,12.000000,12.000000,200.000000,200.000000,0.000000,0.000000,0.000000,0.000000,0.000000,0.000000,0.000000,0.000000,0.000000
78,0.305266,0.457073,0.147234,1.134478,-0.203391,-0.863719,-7.102601,0.146978,-0.005856,0.066970,-2.490527,-0.119795,2.576619,-2.805377,0.000090,0.000068,-0.089704,-0.075195,0.008284,0.019702,0.276068,-0.085604,-0.106628,0.000688,-0.000614,1.066237,-0.273279,-0.744837,2.737482,-6.432706,0.295431,2.330115,-0.002022,0.001083,0.755141,-26.455809,0.461402,19.800957,0.305492,2.702599,0.034501,-0.246311,-0.078395,0.755141,-26.455809,0.461402,19.800957,0.305492,2.702599,0.034501,-0.246311,-0.078395,87.000000,87.000000,87.000000,87.000000,12.000000,12.000000,12.000000,200.000000,200.000000,0.000000,0.000000,0.000000,0.000000,0.000000,0.000000,0.000000,0.000000,0.000000
79,0.420936,0.408308,0.223237,1.167570,-0.253567,-0.795233,-7.086197,0.145720,-0.005539,0.067028,-2.491878,-0.124266,2.591764,-2.803773,0.000091,0.000067,-0.001186,-0.106631,0.026922,0.109477,-0.153845,0.288347,0.024136,0.000235,-0.000186,2.580238,-1.389895,1.432371,3.952810,0.373146,-6.451721,-1.079380,-0.006464,0.008910,5.332008,-28.410547,3.571572,21.063883,0.179163,2.851959,0.015806,-0.226381,-0.090672,5.332008,-28.410547,3.571572,21.063883,0.179163,2.851959,0.015806,-0.226381,-0.090672,87.000000,87.000000,87.000000,87.000000,12.000000,12.000000,12.000000,200.000000,200.000000,0.000000,0.000000,0.000000,0.000000,0.000000,0.000000,0.000000,0.000000,0.000000
80,0.230653,0.541367,0.066366,1.007192,-0.299740,-0.888556,-7.044896,0.148872,-0.006525,0.063095,-2.490834,-0.140153,2.585397,-2.793095,0.000086,0.000071,0.050831,-0.137370,-0.102211,0.058020,-0.325121,-0.338788,0.223691,0.000587,-0.000540,-3.101481,-0.659356,1.225311,-4.663865,9.434577,2.582853,-5.374418,0.010681,-0.012327,-2.993960,-22.887077,-2.054673,14.210450,0.598204,1.800018,0.034992,-0.212657,-0.109898,-2.993960,-22.887077,-2.054673,14.210450,0.598204,1.800018,0.034992,-0.212657,-0.109898,87.000000,87.000000,87.000000,87.000000,12.000000,12.000000,12.000000,200.000000,200.000000,0.000000,0.000000,0.000000,0.000000,0.000000,0.000000,0.000000,0.000000,0.000000
81,0.356879,0.420025,0.199480,1.206569,-0.247328,-0.799458,-7.095288,0.144307,-0.007577,0.067846,-2.491108,-0.136123,2.594722,-2.799696,0.000090,0.000067,-0.087885,-0.122585,0.134317,0.177350,0.137195,0.137538,-0.150047,0.000592,-0.000542,4.082169,0.254346,-1.674052,6.366326,-2.626426,-4.174954,3.416204,-0.005905,0.005942,3.201096,-27.642801,2.091347,22.519054,0.444474,2.971947,0.051013,-0.246402,-0.072783,3.201096,-27.642801,2.091347,22.519054,0.444474,2.971947,0.051013,-0.246402,-0.072783,87.000000,87.000000,87.000000,87.000000,12.000000,12.000000,12.000000,200.000000,200.000000,0.000000,0.000000,0.000000,0.000000,0.000000,0.000000,0.000000,0.000000,0.000000
82,0.192591,0.529912,0.059537,1.072028,-0.213251,-0.872264,-7.095154,0.145688,-0.008482,0.066572,-2.487433,-0.126612,2.589144,-2.803118,0.000091,0.000067,0.009032,-0.117039,-0.051594,0.190143,0.297856,-0.316592,-0.077446,0.000834,-0.000746,-2.706162,0.463224,-0.516215,-1.119471,-3.240858,2.053898,1.890408,0.005404,-0.005188,-4.127064,-23.178894,-2.841239,16.382050,0.593982,2.059366,0.048980,-0.246311,-0.075697,-4.127064,-23.178894,-2.841239,16.382050,0.593982,2.059366,0.048980,-0.246311,-0.075697,87.000000,87.000000,87.000000,87.000000,12.000000,12.000000,12.000000,200.000000,200.000000,0.000000,0.000000,0.000000,0.000000,0.000000,0.000000,0.000000,0.000000,0.000000
83,0.443805,0.581370,0.255013,1.018365,-0.202403,-0.885457,-7.078814,0.143906,-0.008449,0.069780,-2.485805,-0.115675,2.582741,-2.800844,0.000077,0.000080,0.002085,-0.072048,0.111331,0.102481,0.287994,-0.279442,0.046709,0.000354,-0.000255,4.064692,1.436131,0.218878,-2.506910,-5.649418,3.030004,-1.206308,0.008546,-0.005324,6.468997,-21.188589,4.327798,14.258152,0.033229,2.010249,0.011024,-0.183225,-0.134469,6.468997,-21.188589,4.327798,14.258152,0.033229,2.010249,0.011024,-0.183225,-0.134469,87.000000,87.000000,87.000000,87.000000,12.000000,12.000000,12.000000,200.000000,200.000000,0.000000,0.000000,0.000000,0.000000,0.000000,0.000000,0.000000,0.000000,0.000000
84,0.279030,0.593804,0.105898,0.989975,-0.235375,-0.903111,-7.091939,0.149203,-0.007130,0.067055,-2.487119,-0.118398,2.576143,-2.802691,0.000082,0.000075,0.123277,-0.042398,-0.061736,-0.010335,-0.078941,-0.278807,-0.054719,0.000610,-0.000559,-2.766415,0.830013,1.763552,-4.239732,0.871062,3.450363,0.950310,0.000011,-0.000147,-1.260038,-20.910530,-0.867394,13.428946,0.275079,1.858385,0.027027,-0.222283,-0.097617,-1.260038,-20.910530,-0.867394,13.428946,0.275079,1.858385,0.027027,-0.222283,-0.097617,87.000000,87.000000,87.000000,87.000000,12.000000,12.000000,12.000000,200.000000,200.000000,0.000000,0.000000,0.000000,0.000000,0.000000,0.000000,0.000000,0.000000,0.000000
85,0.224476,0.501464,0.060681,1.151889,-0.249407,-0.841516,-7.075158,0.152649,-0.004309,0.063839,-2.489253,-0.125325,2.582019,-2.799894,0.000097,0.000061,0.052205,0.008455,-0.080450,0.087330,-0.160094,0.056538,0.053944,0.000654,-0.000605,-3.133535,1.137162,0.861334,3.941224,2.636155,-2.186564,-1.564401,-0.014785,0.014037,-3.549176,-24.946112,-2.420871,20.284273,0.583670,2.639915,0.040421,-0.278793,-0.043217,-3.549176,-24.946112,-2.420871,20.284273,0.583670,2.639915,0.040421,-0.278793,-0.043217,87.000000,87.000000,87.000000,87.000000,12.000000,12.000000,12.000000,200.000000,200.000000,0.000000,0.000000,0.000000,0.000000,0.000000,0.000000,0.000000,0.000000,0.000000
86,0.343874,0.307611,0.176694,1.171881,-0.252862,-0.810893,-7.100166,0.149324,-0.004211,0.067044,-2.489954,-0.128834,2.591767,-2.804328,0.000092,0.000065,-0.069967,-0.180106,0.091036,0.080879,-0.060602,0.105546,-0.106148,0.000389,-0.000318,2.756675,-5.509045,-1.298813,0.803311,1.399506,-4.953215,2.272775,0.000711,0.001820,2.156336,-32.584255,1.380784,20.978872,0.395179,2.789203,0.042739,-0.228046,-0.089378,2.156336,-32.584255,1.380784,20.978872,0.395179,2.789203,0.042739,-0.228046,-0.089378,87.000000,87.000000,87.000000,87.000000,12.000000,12.000000,12.000000,200.000000,200.000000,0.000000,0.000000,0.000000,0.000000,0.000000,0.000000,0.000000,0.000000,0.000000
87,0.150040,0.554183,0.011539,1.041181,-0.211266,-0.910067,-7.077099,0.151310,-0.006918,0.063538,-2.489424,-0.123241,2.579718,-2.801274,0.000091,0.000068,0.001717,-0.164295,-0.115867,0.081532,0.237662,-0.489703,0.066853,0.000857,-0.000723,-4.442315,0.978274,-0.285259,-2.049312,-0.544381,4.790720,-1.382126,0.006082,-0.004424,-6.358493,-22.177700,-4.333539,15.544353,0.723255,1.917037,0.050755,-0.246997,-0.077845,-6.358493,-22.177700,-4.333539,15.544353,0.723255,1.917037,0.050755,-0.246997,-0.077845,87.000000,87.000000,87.000000,87.000000,12.000000,12.000000,12.000000,200.000000,200.000000,0.000000,0.000000,0.000000,0.000000,0.000000,0.000000,0.000000,0.000000,0.000000
88,0.281370,0.548248,0.114466,1.052608,-0.217799,-0.886554,-7.064426,0.148532,-0.008298,0.062046,-2.490845,-0.118703,2.575763,-2.796448,0.000091,0.000068,-0.091721,-0.115277,-0.041221,0.041416,0.110048,-0.186706,0.098665,0.000504,-0.000434,-0.080283,1.372410,-0.319341,-0.371149,-3.112750,2.334144,-2.569519,0.000437,-0.001600,-0.385720,-22.413029,-0.298613,16.316170,0.272507,2.243777,0.017305,-0.232828,-0.093849,-0.385720,-22.413029,-0.298613,16.316170,0.272507,2.243777,0.017305,-0.232828,-0.093849,87.000000,87.000000,87.000000,87.000000,12.000000,12.000000,12.000000,200.000000,200.000000,0.000000,0.000000,0.000000,0.000000,0.000000,0.000000,0.000000,0.000000,0.000000
89,0.428526,0.394540,0.295679,1.088372,-0.212817,-0.897777,-7.048300,0.136112,-0.011088,0.073289,-2.493159,-0.114359,2.569990,-2.790046,0.000077,0.000080,-0.247575,-0.227269,0.294447,0.002406,0.141177,-0.279123,0.134731,0.000352,-0.000275,9.536407,-2.987150,-4.514783,-1.346221,-2.070133,2.549393,-3.274311,0.008352,-0.005727,7.461233,-28.289137,4.913136,17.979639,0.108033,2.508889,0.013873,-0.184011,-0.134292,7.461233,-28.289137,4.913136,17.979639,0.108033,2.508889,0.013873,-0.184011,-0.134292,87.000000,87.000000,87.000000,87.000000,12.000000,12.000000,12.000000,200.000000,200.000000,0.000000,0.000000,0.000000,0.000000,0.000000,0.000000,0.000000,0.000000,0.000000
90,0.325604,0.591170,0.211051,1.102137,-0.221946,-0.861521,-7.018508,0.133271,-0.012265,0.078603,-2.494220,-0.115168,2.575229,-2.779621,0.000084,0.000073,-0.027536,-0.055483,0.136235,0.132600,-0.022240,0.041141,0.220918,0.000557,-0.000506,3.373917,4.665409,-1.215563,4.686008,-0.599307,-1.759340,-5.495111,-0.003012,0.003937,2.631141,-20.350319,1.715713,18.612661,0.317270,2.448384,0.013243,-0.228000,-0.090629,2.631141,-20.350319,1.715713,18.612661,0.317270,2.448384,0.013243,-0.228000,-0.090629,87.000000,87.000000,87.000000,87.000000,12.000000,12.000000,12.000000,200.000000,200.000000,0.000000,0.000000,0.000000,0.000000,0.000000,0.000000,0.000000,0.000000,0.000000
91,0.253689,0.502121,0.104095,1.087643,-0.269808,-0.835255,-7.083432,0.140577,-0.010673,0.073476,-2.492680,-0.127218,2.585397,-2.789579,0.000090,0.000071,0.168585,-0.049017,-0.120522,0.145453,-0.314780,0.133566,-0.238740,0.000410,-0.000120,-4.076338,-0.189201,3.066445,0.303638,5.202509,-4.313059,5.159317,-0.009902,0.025732,-1.780365,-24.333977,-1.221061,17.625303,0.474023,2.291467,0.050860,-0.242017,-0.075680,-1.780365,-24.333977,-1.221061,17.625303,0.474023,2.291467,0.050860,-0.242017,-0.075680,87.000000,87.000000,87.000000,87.000000,12.000000,12.000000,12.000000,200.000000,200.000000,0.000000,0.000000,0.000000,0.000000,0.000000,0.000000,0.000000,0.000000,0.000000
92,0.312168,0.605996,0.141972,1.062862,-0.222560,-0.862756,-7.095938,0.145786,-0.007475,0.070843,-2.490151,-0.124283,2.586440,-2.798131,0.000081,0.000077,0.131100,0.046015,-0.042625,0.184794,0.164698,-0.147142,-0.187084,0.000608,-0.000634,-1.613679,2.916279,2.011078,0.881494,0.004533,-1.340480,4.521772,0.010434,-0.018554,0.384449,-20.510933,0.235554,16.361008,0.575935,2.012854,0.062639,-0.205251,-0.126827,0.384449,-20.510933,0.235554,16.361008,0.575935,2.012854,0.062639,-0.205251,-0.126827,87.000000,87.000000,87.000000,87.000000,12.000000,12.000000,12.000000,200.000000,200.000000,0.000000,0.000000,0.000000,0.000000,0.000000,0.000000,0.000000,0.000000,0.000000
93,0.352285,0.540776,0.192292,1.001853,-0.209763,-0.899005,-7.096990,0.146824,-0.003773,0.073802,-2.489347,-0.117187,2.578950,-2.802638,0.000075,0.000082,0.047911,-0.005325,0.094700,0.043464,0.211462,-0.334791,-0.102920,0.000589,-0.000525,1.605197,-1.236257,-0.392956,-4.768579,-3.101108,3.040691,2.355649,0.008214,-0.005276,2.312815,-23.515800,1.506503,13.910380,0.212177,1.916785,0.031403,-0.194184,-0.120819,2.312815,-23.515800,1.506503,13.910380,0.212177,1.916785,0.031403,-0.194184,-0.120819,87.000000,87.000000,87.000000,87.000000,12.000000,12.000000,12.000000,200.000000,200.000000,0.000000,0.000000,0.000000,0.000000,0.000000,0.000000,0.000000,0.000000,0.000000
94,0.147644,0.397426,0.005808,1.146968,-0.244875,-0.856912,-7.075504,0.153292,-0.002369,0.068199,-2.490822,-0.123145,2.579602,-2.799878,0.000099,0.000059,0.103247,-0.102059,-0.157485,0.055500,-0.164508,-0.069092,0.049940,0.000834,-0.000786,-6.374405,-3.088360,1.311953,0.617116,1.925833,0.553496,-1.568148,-0.017780,0.015534,-6.994985,-29.208591,-4.733171,20.108639,0.559551,2.709356,0.035262,-0.298175,-0.026869,-6.994985,-29.208591,-4.733171,20.108639,0.559551,2.709356,0.035262,-0.298175,-0.026869,87.000000,87.000000,87.000000,87.000000,12.000000,12.000000,12.000000,200.000000,200.000000,0.000000,0.000000,0.000000,0.000000,0.000000,0.000000,0.000000,0.000000,0.000000
95,0.275179,0.528571,0.106781,1.094540,-0.235803,-0.861274,-7.098987,0.153287,-0.001952,0.066060,-2.491419,-0.124559,2.581626,-2.804078,0.000095,0.000062,-0.023722,-0.068962,-0.050012,0.095759,0.009915,-0.086213,-0.099526,0.000496,-0.000453,-1.028184,0.972413,0.274020,1.418958,1.036384,-1.136312,2.227953,0.002157,-0.001505,-1.248429,-23.852348,-0.870007,17.999107,0.530648,2.313489,0.050077,-0.237708,-0.080298,-1.248429,-23.852348,-0.870007,17.999107,0.530648,2.313489,0.050077,-0.237708,-0.080298,87.000000,87.000000,87.000000,87.000000,12.000000,12.000000,12.000000,200.000000,200.000000,0.000000,0.000000,0.000000,0.000000,0.000000,0.000000,0.000000,0.000000,0.000000
96,0.271147,0.520522,0.091864,1.140464,-0.244694,-0.822443,-7.058229,0.153628,0.000105,0.062429,-2.489854,-0.127149,2.590236,-2.796577,0.000100,0.000058,-0.017395,-0.013340,-0.092897,0.192591,-0.044571,0.105491,0.160609,0.000584,-0.000494,-1.761301,1.321409,0.949009,3.638930,0.791542,-3.771399,-4.004859,0.001372,0.001428,-1.495961,-24.466270,-1.023387,19.580246,0.507988,2.520674,0.027539,-0.254137,-0.064830,-1.495961,-24.466270,-1.023387,19.580246,0.507988,2.520674,0.027539,-0.254137,-0.064830,87.000000,87.000000,87.000000,87.000000,12.000000,12.000000,12.000000,200.000000,200.000000,0.000000,0.000000,0.000000,0.000000,0.000000,0.000000,0.000000,0.000000,0.000000
97,0.284795,0.500024,0.128779,0.993753,-0.260191,-0.905277,-7.061292,0.148686,0.000567,0.063607,-2.488374,-0.131264,2.580556,-2.793182,0.000085,0.000072,-0.135893,-0.134068,0.022162,0.032501,-0.041469,-0.419417,0.064126,0.000363,-0.000323,1.478594,-3.094789,-1.726805,-6.912094,3.347785,3.872237,-1.561489,0.005289,-0.006294,-0.052002,-25.254593,-0.101979,13.417444,0.366659,1.806402,0.031567,-0.205788,-0.113979,-0.052002,-25.254593,-0.101979,13.417444,0.366659,1.806402,0.031567,-0.205788,-0.113979,87.000000,87.000000,87.000000,87.000000,12.000000,12.000000,12.000000,200.000000,200.000000,0.000000,0.000000,0.000000,0.000000,0.000000,0.000000,0.000000,0.000000,0.000000
98,0.370946,0.447990,0.216043,1.138549,-0.238672,-0.863847,-7.067946,0.141954,-0.000986,0.068402,-2.490151,-0.128162,2.578834,-2.793139,0.000084,0.000072,-0.137059,-0.152249,0.126454,0.071027,0.103499,-0.140157,-0.004424,0.000544,-0.000485,4.738402,-0.552051,-1.878685,2.342188,-1.976409,1.176546,-0.040988,0.001748,-0.001863,4.121637,-27.017477,2.717563,19.776726,0.280733,2.713515,0.032550,-0.219804,-0.099557,4.121637,-27.017477,2.717563,19.776726,0.280733,2.713515,0.032550,-0.219804,-0.099557,87.000000,87.000000,87.000000,87.000000,12.000000,12.000000,12.000000,200.000000,200.000000,0.000000,0.000000,0.000000,0.000000,0.000000,0.000000,0.000000,0.000000,0.000000
99,0.348158,0.552351,0.173856,1.094511,-0.244293,-0.855604,-7.077496,0.143019,-0.001421,0.067832,-2.489847,-0.127785,2.582126,-2.795348,0.000085,0.000072,0.046384,-0.077986,-0.001292,0.132007,0.018017,-0.034023,-0.057252,0.000470,-0.000424,0.519167,1.992940,1.318906,2.040867,-0.578769,-1.224970,1.105181,-0.002880,0.003073,2.393479,-22.860916,1.600597,17.811441,0.330390,2.359230,0.033619,-0.223536,-0.094207,2.393479,-22.860916,1.600597,17.811441,0.330390,2.359230,0.033619,-0.223536,-0.094207,87.000000,87.000000,87.000000,87.000000,12.000000,12.000000,12.000000,200.000000,200.000000,0.000000,0.000000,0.000000,0.000000,0.000000,0.000000,0.000000,0.000000,0.000000
100,0.252984,0.377399,0.145207,1.148362,-0.233024,-0.870796,-6.999682,0.139245,-0.003141,0.072889,-2.487946,-0.126194,2.579201,-2.778035,0.000090,0.000069,-0.091357,-0.204197,0.122174,0.148083,0.099887,-0.214858,0.380348,0.000836,-0.000636,2.150910,-3.477411,-2.889842,-0.032048,-0.194865,1.178974,-8.961537,0.007632,0.000001,-0.649495,-29.697639,-0.520519,19.651579,0.467279,2.599064,0.015723,-0.240083,-0.080404,-0.649495,-29.697639,-0.520519,19.651579,0.467279,2.599064,0.015723,-0.240083,-0.080404,87.000000,87.000000,87.000000,87.000000,12.000000,12.000000,12.000000,200.000000,200.000000,0.000000,0.000000,0.000000,0.000000,0.000000,0.000000,0.000000,0.000000,0.000000
101,0.408160,0.648758,0.252843,1.016845,-0.215648,-0.891409,-7.066486,0.138515,-0.004338,0.077154,-2.486574,-0.119145,2.576643,-2.784664,0.000077,0.000079,0.035479,-0.070392,0.131947,0.124667,0.190271,-0.193347,-0.158338,0.000293,-0.000300,3.702221,3.928169,0.037590,-0.622394,-3.575021,1.271956,3.566695,-0.000975,-0.003013,5.365424,-18.682470,3.585379,14.309462,0.158276,1.930152,0.030927,-0.195793,-0.126804,5.365424,-18.682470,3.585379,14.309462,0.158276,1.930152,0.030927,-0.195793,-0.126804,87.000000,87.000000,87.000000,87.000000,12.000000,12.000000,12.000000,200.000000,200.000000,0.000000,0.000000,0.000000,0.000000,0.000000,0.000000,0.000000,0.000000,0.000000
102,0.255099,0.552395,0.103875,1.079011,-0.268273,-0.851230,-7.044577,0.145703,-0.002525,0.073769,-2.485635,-0.128576,2.582459,-2.783047,0.000089,0.000070,0.166879,-0.026361,-0.074955,0.117942,-0.258079,0.054140,0.023721,0.000500,-0.000400,-3.643607,0.876707,2.309970,-0.090098,3.454313,-1.966290,-1.014396,-0.009888,0.013553,-2.103807,-22.973307,-1.419048,16.768570,0.392386,2.236201,0.027424,-0.243727,-0.075104,-2.103807,-22.973307,-1.419048,16.768570,0.392386,2.236201,0.027424,-0.243727,-0.075104,87.000000,87.000000,87.000000,87.000000,12.000000,12.000000,12.000000,200.000000,200.000000,0.000000,0.000000,0.000000,0.000000,0.000000,0.000000,0.000000,0.000000,0.000000
103,0.287559,0.550414,0.125301,1.018653,-0.237029,-0.894632,-7.081355,0.150362,-0.000902,0.072231,-2.486404,-0.127705,2.578416,-2.791071,0.000082,0.000076,0.109197,-0.058151,-0.023981,0.013815,0.098870,-0.277221,-0.181911,0.000672,-0.000606,-1.859885,-0.577185,1.055528,-3.647375,0.799401,0.834088,4.318563,0.012879,-0.013229,-0.920707,-23.181175,-0.647552,14.490858,0.490233,1.851344,0.055352,-0.205995,-0.115923,-0.920707,-23.181175,-0.647552,14.490858,0.490233,1.851344,0.055352,-0.205995,-0.115923,87.000000,87.000000,87.000000,87.000000,12.000000,12.000000,12.000000,200.000000,200.000000,0.000000,0.000000,0.000000,0.000000,0.000000,0.000000,0.000000,0.000000,0.000000
104,0.186181,0.347153,0.047185,1.249915,-0.230816,-0.793967,-7.077438,0.153354,-0.000712,0.069517,-2.487647,-0.126072,2.591131,-2.794440,0.000105,0.000054,0.029631,-0.127371,-0.077974,0.145199,0.026751,0.237064,-0.079149,0.000776,-0.000727,-3.735676,-2.406327,0.105855,6.229623,-2.291281,-5.357693,1.523712,-0.021595,0.020132,-5.110951,-31.244644,-3.465148,24.054960,0.604996,3.150762,0.045634,-0.312186,-0.012216,-5.110951,-31.244644,-3.465148,24.054960,0.604996,3.150762,0.045634,-0.312186,-0.012216,87.000000,87.000000,87.000000,87.000000,12.000000,12.000000,12.000000,200.000000,200.000000,0.000000,0.000000,0.000000,0.000000,0.000000,0.000000,0.000000,0.000000,0.000000
105,0.254653,0.502453,0.074992,1.039325,-0.239182,-0.878531,-7.071847,0.155805,-0.003022,0.064383,-2.486118,-0.126690,2.586563,-2.794715,0.000093,0.000064,0.025007,-0.191749,-0.132063,0.082828,0.044162,-0.298271,-0.012715,0.000478,-0.000437,-3.287593,-1.524704,1.398411,-3.810348,1.663504,1.416403,0.266613,0.009239,-0.009476,-2.530018,-24.627533,-1.723750,15.102226,0.516527,1.931335,0.042292,-0.223108,-0.096058,-2.530018,-24.627533,-1.723750,15.102226,0.516527,1.931335,0.042292,-0.223108,-0.096058,87.000000,87.000000,87.000000,87.000000,12.000000,12.000000,12.000000,200.000000,200.000000,0.000000,0.000000,0.000000,0.000000,0.000000,0.000000,0.000000,0.000000,0.000000
106,0.324207,0.537847,0.161735,1.025970,-0.265044,-0.880982,-7.049114,0.150457,-0.006142,0.066435,-2.487876,-0.131538,2.581961,-2.789364,0.000086,0.000070,-0.136011,-0.186465,0.054311,-0.003854,-0.102402,-0.224642,0.109091,0.000345,-0.000296,2.543810,0.225773,-1.535175,-2.717120,2.053461,2.335682,-2.807729,0.003033,-0.002239,1.442397,-22.877205,0.915956,15.000349,0.273150,2.068912,0.021235,-0.209861,-0.107141,1.442397,-22.877205,0.915956,15.000349,0.273150,2.068912,0.021235,-0.209861,-0.107141,87.000000,87.000000,87.000000,87.000000,12.000000,12.000000,12.000000,200.000000,200.000000,0.000000,0.000000,0.000000,0.000000,0.000000,0.000000,0.000000,0.000000,0.000000
107,0.471591,0.450664,0.287917,1.078272,-0.243886,-0.864523,-7.086444,0.145230,-0.009953,0.072488,-2.492035,-0.128795,2.581282,-2.795492,0.000075,0.000081,-0.064486,-0.225752,0.177923,-0.034508,0.101228,-0.145490,-0.142240,0.000381,-0.000331,6.371180,-0.967501,-0.905623,-0.018467,-1.522740,0.003057,3.215066,0.007906,-0.007362,7.784277,-26.023621,5.184768,17.660206,0.156986,2.434353,0.035808,-0.182129,-0.133871,7.784277,-26.023621,5.184768,17.660206,0.156986,2.434353,0.035808,-0.182129,-0.133871,87.000000,87.000000,87.000000,87.000000,12.000000,12.000000,12.000000,200.000000,200.000000,0.000000,0.000000,0.000000,0.000000,0.000000,0.000000,0.000000,0.000000,0.000000
108,0.238092,0.538569,0.085354,1.139287,-0.223896,-0.854498,-7.071614,0.149927,-0.012033,0.070395,-2.493291,-0.125136,2.582612,-2.795331,0.000091,0.000067,0.105972,-0.102717,-0.056109,0.136521,0.118248,-0.085795,-0.000223,0.000873,-0.000810,-3.077422,3.452231,1.129537,5.162893,-1.741308,-0.283184,-0.125853,-0.009004,0.006808,-2.927332,-22.416245,-2.006953,20.041582,0.604609,2.554181,0.045048,-0.270880,-0.052960,-2.927332,-22.416245,-2.006953,20.041582,0.604609,2.554181,0.045048,-0.270880,-0.052960,87.000000,87.000000,87.000000,87.000000,12.000000,12.000000,12.000000,200.000000,200.000000,0.000000,0.000000,0.000000,0.000000,0.000000,0.000000,0.000000,0.000000,0.000000
109,0.217770,0.545273,0.058632,1.075404,-0.234329,-0.871449,-7.071368,0.153476,-0.011408,0.066651,-2.491158,-0.125040,2.581653,-2.795061,0.000095,0.000062,0.050498,-0.055279,-0.098470,0.161470,0.024477,-0.153844,-0.002562,0.000625,-0.000575,-3.633149,1.323932,0.841155,0.124002,0.134368,0.665669,-0.121673,-0.003744,0.003665,-3.907954,-22.446499,-2.679951,16.960880,0.535756,2.188245,0.039444,-0.255859,-0.063608,-3.907954,-22.446499,-2.679951,16.960880,0.535756,2.188245,0.039444,-0.255859,-0.063608,87.000000,87.000000,87.000000,87.000000,12.000000,12.000000,12.000000,200.000000,200.000000,0.000000,0.000000,0.000000,0.000000,0.000000,0.000000,0.000000,0.000000,0.000000
110,0.351723,0.568903,0.163266,1.095541,-0.233604,-0.833084,-7.066622,0.153057,-0.008350,0.066274,-2.488683,-0.123873,2.589057,-2.793797,0.000091,0.000065,-0.004769,0.035271,0.006156,0.198872,0.042973,0.075001,0.021848,0.000385,-0.000338,0.923141,2.376166,0.585498,2.146833,-1.177167,-3.292434,-0.734483,0.001685,-0.000737,1.891750,-21.926836,1.240732,17.584654,0.343923,2.297977,0.027903,-0.224119,-0.092827,1.891750,-21.926836,1.240732,17.584654,0.343923,2.297977,0.027903,-0.224119,-0.092827,87.000000,87.000000,87.000000,87.000000,12.000000,12.000000,12.000000,200.000000,200.000000,0.000000,0.000000,0.000000,0.000000,0.000000,0.000000,0.000000,0.000000,0.000000
111,0.339766,0.482021,0.192055,1.071935,-0.215039,-0.870855,-7.086603,0.148486,-0.005399,0.072036,-2.485767,-0.118922,2.585705,-2.797869,0.000082,0.000074,-0.089683,-0.037572,0.148786,0.142934,0.171587,-0.250152,-0.095964,0.000515,-0.000454,3.750473,-1.888600,-2.500467,-2.609857,-1.577036,1.065243,2.223485,0.007046,-0.006688,2.169330,-25.687569,1.373032,16.285084,0.334592,2.161082,0.039209,-0.206210,-0.111510,2.169330,-25.687569,1.373032,16.285084,0.334592,2.161082,0.039209,-0.206210,-0.111510,87.000000,87.000000,87.000000,87.000000,12.000000,12.000000,12.000000,200.000000,200.000000,0.000000,0.000000,0.000000,0.000000,0.000000,0.000000,0.000000,0.000000,0.000000
112,0.263891,0.406441,0.136726,1.090307,-0.232409,-0.871137,-7.048626,0.146742,-0.005919,0.074781,-2.485777,-0.120094,2.582010,-2.790937,0.000087,0.000070,-0.043887,-0.172634,0.058647,0.043834,-0.015928,-0.205974,0.145861,0.000605,-0.000541,0.575432,-3.874721,-1.630179,-3.043319,0.178253,1.888769,-3.661741,-0.002870,0.002974,-1.030415,-28.422491,-0.768879,17.259258,0.325538,2.383223,0.019474,-0.236648,-0.082803,-1.030415,-28.422491,-0.768879,17.259258,0.325538,2.383223,0.019474,-0.236648,-0.082803,87.000000,87.000000,87.000000,87.000000,12.000000,12.000000,12.000000,200.000000,200.000000,0.000000,0.000000,0.000000,0.000000,0.000000,0.000000,0.000000,0.000000,0.000000
113,0.285590,0.543617,0.157059,1.017134,-0.213276,-0.913249,-7.095771,0.145170,-0.008596,0.076994,-2.488648,-0.116686,2.572914,-2.798530,0.000083,0.000074,-0.034720,-0.171229,0.053027,-0.037635,0.127490,-0.373473,-0.176472,0.000633,-0.000559,0.906336,0.365752,-1.150973,-2.969851,-1.075466,3.895141,4.079405,0.007327,-0.006358,-0.042428,-22.483822,-0.089632,14.783408,0.370754,1.982068,0.046758,-0.214242,-0.104151,-0.042428,-22.483822,-0.089632,14.783408,0.370754,1.982068,0.046758,-0.214242,-0.104151,87.000000,87.000000,87.000000,87.000000,12.000000,12.000000,12.000000,200.000000,200.000000,0.000000,0.000000,0.000000,0.000000,0.000000,0.000000,0.000000,0.000000,0.000000
114,0.252887,0.548052,0.086172,1.153124,-0.238076,-0.824703,-7.102237,0.150459,-0.008315,0.070738,-2.491111,-0.120975,2.583668,-2.804172,0.000098,0.000060,0.103147,-0.027457,-0.154492,0.111689,-0.137385,0.203888,-0.133537,0.000502,-0.000418,-4.210330,3.621960,2.867262,6.197359,0.416978,-3.966758,2.692274,-0.019748,0.021321,-2.436259,-22.524736,-1.639768,20.545567,0.494537,2.690654,0.043946,-0.279008,-0.042662,-2.436259,-22.524736,-1.639768,20.545567,0.494537,2.690654,0.043946,-0.279008,-0.042662,87.000000,87.000000,87.000000,87.000000,12.000000,12.000000,12.000000,200.000000,200.000000,0.000000,0.000000,0.000000,0.000000,0.000000,0.000000,0.000000,0.000000,0.000000
115,0.325963,0.547442,0.194973,1.016509,-0.210677,-0.906993,-7.062417,0.145191,-0.006642,0.075764,-2.490784,-0.117272,2.576362,-2.797634,0.000079,0.000078,-0.116304,-0.049920,0.133574,0.055445,0.192461,-0.378707,0.144816,0.000483,-0.000369,3.807871,-0.160780,-2.593549,-3.284288,0.061823,2.166273,-3.237441,0.016956,-0.013573,1.955251,-22.839949,1.227107,14.664305,0.423233,1.864096,0.032256,-0.183381,-0.136086,1.955251,-22.839949,1.227107,14.664305,0.423233,1.864096,0.032256,-0.183381,-0.136086,87.000000,87.000000,87.000000,87.000000,12.000000,12.000000,12.000000,200.000000,200.000000,0.000000,0.000000,0.000000,0.000000,0.000000,0.000000,0.000000,0.000000,0.000000
116,0.267214,0.442739,0.136096,1.145184,-0.249853,-0.842358,-7.072435,0.144616,-0.005307,0.075752,-2.491581,-0.123086,2.581287,-2.796406,0.000092,0.000066,-0.020987,-0.070125,-0.006243,0.101737,-0.178358,0.050794,0.012220,0.000552,-0.000525,-0.357105,-1.008310,-0.166374,2.295650,1.315789,-1.215545,-0.757937,-0.010464,0.007817,-0.842816,-27.127798,-0.614495,20.070004,0.354146,2.738612,0.027315,-0.255260,-0.069270,-0.842816,-27.127798,-0.614495,20.070004,0.354146,2.738612,0.027315,-0.255260,-0.069270,87.000000,87.000000,87.000000,87.000000,12.000000,12.000000,12.000000,200.000000,200.000000,0.000000,0.000000,0.000000,0.000000,0.000000,0.000000,0.000000,0.000000,0.000000
117,0.217581,0.547432,0.057912,1.080065,-0.257275,-0.863447,-7.061964,0.149352,-0.003777,0.068465,-2.490434,-0.130050,2.583033,-2.793429,0.000094,0.000064,0.075857,-0.034876,-0.188338,0.132415,-0.119669,-0.101401,0.058071,0.000600,-0.000556,-4.891235,0.982683,2.493507,0.267235,4.092963,-1.001834,-1.486379,0.000962,-0.001175,-3.724515,-23.042805,-2.520259,17.177156,0.631677,2.161460,0.044889,-0.244106,-0.076059,-3.724515,-23.042805,-2.520259,17.177156,0.631677,2.161460,0.044889,-0.244106,-0.076059,87.000000,87.000000,87.000000,87.000000,12.000000,12.000000,12.000000,200.000000,200.000000,0.000000,0.000000,0.000000,0.000000,0.000000,0.000000,0.000000,0.000000,0.000000
118,0.356808,0.445556,0.209576,1.090762,-0.244379,-0.860896,-7.074570,0.143486,-0.003266,0.072237,-2.490113,-0.129022,2.583175,-2.794827,0.000084,0.000072,-0.131315,-0.117306,0.107275,0.083666,0.070307,-0.134995,-0.036711,0.000435,-0.000389,4.095652,-2.257228,-1.812561,-1.075627,-0.296736,-0.425742,0.768745,0.006441,-0.005765,3.381356,-27.123878,2.207712,17.632509,0.309143,2.374218,0.035433,-0.206599,-0.110051,3.381356,-27.123878,2.207712,17.632509,0.309143,2.374218,0.035433,-0.206599,-0.110051,87.000000,87.000000,87.000000,87.000000,12.000000,12.000000,12.000000,200.000000,200.000000,0.000000,0.000000,0.000000,0.000000,0.000000,0.000000,0.000000,0.000000,0.000000
119,0.329569,0.506269,0.212158,1.072899,-0.213967,-0.881232,-7.081573,0.138192,-0.004183,0.078119,-2.490541,-0.121386,2.579196,-2.797255,0.000080,0.000076,-0.100877,-0.125254,0.147816,0.073754,0.231741,-0.241862,-0.057210,0.000609,-0.000530,4.038148,-0.030355,-2.409585,-0.365236,-3.347606,1.564227,1.306230,0.004126,-0.003166,2.631366,-24.473890,1.698007,17.019369,0.312150,2.275955,0.035369,-0.213501,-0.104826,2.631366,-24.473890,1.698007,17.019369,0.312150,2.275955,0.035369,-0.213501,-0.104826,87.000000,87.000000,87.000000,87.000000,12.000000,12.000000,12.000000,200.000000,200.000000,0.000000,0.000000,0.000000,0.000000,0.000000,0.000000,0.000000,0.000000,0.000000
120,0.297658,0.505933,0.147345,1.118816,-0.247834,-0.832974,-7.067063,0.141900,-0.004244,0.075396,-2.490462,-0.124785,2.586287,-2.794992,0.000090,0.000067,0.093226,-0.083865,-0.059850,0.129911,-0.109499,0.090589,0.039338,0.000499,-0.000444,-1.745583,0.816332,2.040629,2.429909,0.341243,-2.542930,-1.338964,-0.009880,0.010237,0.207807,-24.543867,0.133626,18.859268,0.333888,2.529468,0.023523,-0.246854,-0.072582,0.207807,-24.543867,0.133626,18.859268,0.333888,2.529468,0.023523,-0.246854,-0.072582,87.000000,87.000000,87.000000,87.000000,12.000000,12.000000,12.000000,200.000000,200.000000,0.000000,0.000000,0.000000,0.000000,0.000000,0.000000,0.000000,0.000000,0.000000
121,-1.037966,-1.436898,-0.531089,2.546866,-0.848580,-0.260781,-4.505581,0.153302,-0.019787,0.046024,-2.469428,-0.199464,2.666482,-2.710171,0.000282,0.000000,0.152469,-0.865059,-1.060612,1.417816,-2.324594,2.604252,2.280180,0.005882,-0.000385,-13.472836,-24.883911,-9.931490,33.222713,16.880821,66.814041,-18.247274,0.332331,-0.008574,-54.989265,-87.000000,-22.637577,72.487556,-10.584891,12.000000,12.000000,-0.419812,0.021456,-54.989265,-100.496529,-22.637577,72.487556,-10.584891,16.695648,88.899857,-0.419812,0.021456,87.000000,87.000000,87.000000,87.000000,12.000000,12.000000,12.000000,200.000000,200.000000,0.000000,0.000000,0.000000,0.000000,0.000000,0.000000,0.000000,0.000000,0.000000
122,-0.482458,-0.884811,-0.206721,1.865896,-0.348050,-0.602712,-3.803035,0.122192,-0.064108,0.044299,-2.417020,-0.205646,2.679147,-2.629053,0.000451,0.000000,-1.003150,-1.888521,-0.146965,1.706015,0.336755,-0.122505,2.338488,0.008202,-0.005402,-5.948317,-26.201176,-5.855531,4.227318,11.243962,-8.994696,28.978348,0.096943,-0.072811,-26.755142,-72.069412,-11.735687,38.826431,2.249823,4.396503,12.000000,-1.322565,0.418848,-26.755142,-72.069412,-11.735687,38.826431,2.249823,4.396503,113.419876,-1.322565,0.418848,87.000000,87.000000,87.000000,87.000000,12.000000,12.000000,12.000000,200.000000,200.000000,0.000000,0.000000,0.000000,0.000000,0.000000,0.000000,0.000000,0.000000,0.000000
123,-0.106692,0.118759,0.054662,1.082906,0.044234,-0.977530,-3.309432,0.069487,-0.127107,0.059425,-2.369960,-0.122149,2.619230,-2.542396,0.000656,0.000001,-1.436426,-2.072026,0.229737,1.150872,2.654835,-1.732617,2.594615,0.007411,-0.000511,11.409487,-2.194218,-18.066595,-21.894814,1.061711,30.061346,1.935196,-0.151804,0.471810,-5.338860,-25.026747,-4.238113,3.721460,4.510931,0.764107,12.000000,-2.116633,0.837446,-5.338860,-25.026747,-4.238113,3.721460,4.510931,0.764107,123.518547,-2.116633,0.837446,87.000000,87.000000,87.000000,87.000000,12.000000,12.000000,12.000000,200.000000,200.000000,0.000000,0.000000,0.000000,0.000000,0.000000,0.000000,0.000000,0.000000,0.000000
124,0.029350,0.427880,0.143872,1.016186,0.605717,-1.216987,-2.454764,0.031277,-0.188572,0.057222,-2.339604,-0.035921,2.536066,-2.455582,0.000695,0.000087,-1.008325,-1.843787,-0.197042,0.725712,2.637014,-2.340261,2.597375,-0.000255,0.004555,8.489698,6.325335,-9.145175,-16.826494,1.311550,16.170715,-0.768084,-0.432569,0.360021,1.852492,-7.922214,1.148477,0.026099,12.000000,-1.445733,12.000000,-2.166535,0.144539,1.852492,-7.922214,1.148477,0.026099,20.118042,-1.445733,150.568680,-2.166535,0.144539,87.000000,87.000000,87.000000,87.000000,12.000000,12.000000,12.000000,200.000000,200.000000,0.000000,0.000000,0.000000,0.000000,0.000000,0.000000,0.000000,0.000000,0.000000
125,0.258263,0.767784,0.306997,0.949578,0.947719,-1.421929,-1.864445,0.009600,-0.237704,0.043947,-2.323889,0.049870,2.450195,-2.368510,0.000528,0.000281,-0.485734,-1.294122,-0.406904,0.390037,2.613444,-2.515885,2.611379,-0.004537,0.006494,9.502776,15.355381,-0.325819,-12.154887,0.964494,5.609078,0.008855,-0.200867,0.138909,11.398713,8.608323,9.812589,-2.783300,12.000000,-2.906790,12.000000,-1.155806,-0.752814,11.398713,8.608323,9.812589,-2.783300,26.969467,-2.906790,167.221024,-1.155806,-0.752814,87.000000,87.000000,87.000000,87.000000,12.000000,12.000000,12.000000,200.000000,200.000000,0.000000,0.000000,0.000000,0.000000,0.000000,0.000000,0.000000,0.000000,0.000000
126,0.298546,0.627112,0.291868,1.118524,1.121503,-1.487462,-1.598749,0.003828,-0.271122,0.026627,-2.319665,0.136998,2.374039,-2.281449,0.000281,0.000491,-0.048865,-0.822241,-0.458058,0.117348,2.646400,-1.892252,2.611757,-0.006081,0.006244,5.372201,14.052604,6.142382,-10.896903,0.337715,37.997059,0.006337,-0.035620,-0.017688,12.058346,4.296092,11.123901,4.368684,12.000000,0.941073,12.000000,-0.263235,-1.437906,12.058346,4.296092,11.123901,4.368684,26.837366,0.941073,170.882660,-0.263235,-1.437906,87.000000,87.000000,87.000000,87.000000,12.000000,12.000000,12.000000,200.000000,200.000000,0.000000,0.000000,0.000000,0.000000,0.000000,0.000000,0.000000,0.000000,0.000000
127,0.326552,0.630743,0.258252,1.353780,1.303982,-1.550245,-1.177284,0.010902,-0.286171,0.010170,-2.316161,0.224582,2.313038,-2.194598,0.000091,0.000606,0.295183,-0.191566,-0.391462,0.329877,2.609193,-1.531963,2.612062,-0.005208,0.004418,1.981578,17.624844,9.511255,2.273565,1.116714,33.299515,0.006838,-0.075235,0.051366,11.499784,4.144238,11.116484,13.658436,12.000000,2.097420,12.000000,0.007604,-1.443907,11.499784,4.144238,11.116484,13.658436,27.353127,2.097420,180.786148,0.007604,-1.443907,87.000000,87.000000,87.000000,87.000000,12.000000,12.000000,12.000000,200.000000,200.000000,0.000000,0.000000,0.000000,0.000000,0.000000,0.000000,0.000000,0.000000,0.000000
128,0.213072,0.406140,0.142123,1.440304,1.292617,-1.596070,-1.097618,0.019055,-0.286290,0.002226,-2.309582,0.312901,2.268451,-2.107865,0.000000,0.000641,0.239744,0.124618,-0.134569,0.367866,2.678270,-1.135277,2.594127,-0.003538,0.002460,-1.064122,8.917845,7.405123,-1.276038,3.395405,25.241795,-0.655518,-0.050114,0.039156,6.284025,-6.176481,6.301696,16.283091,12.000000,2.312744,12.000000,0.197381,-1.423390,6.284025,-6.176481,6.301696,16.283091,19.731329,2.312744,177.057602,0.197381,-1.423390,87.000000,87.000000,87.000000,87.000000,12.000000,12.000000,12.000000,200.000000,200.000000,0.000000,0.000000,0.000000,0.000000,0.000000,0.000000,0.000000,0.000000,0.000000
129,-0.024050,0.192283,-0.127002,1.612908,1.426077,-1.697621,-0.667114,0.026662,-0.279113,-0.004681,-2.298654,0.401760,2.217526,-2.022277,0.000000,0.000651,0.193360,0.259000,-0.225374,0.521877,2.706644,-1.366013,2.509753,-0.003794,0.002939,-3.737689,3.245500,0.409738,-0.625198,-0.003676,27.217825,1.638579,-0.155225,0.127445,-3.830618,-15.991150,-4.074411,21.933161,12.000000,3.050842,12.000000,0.120711,-1.332349,-3.830618,-15.991150,-4.074411,21.933161,17.651402,3.050842,187.878326,0.120711,-1.332349,87.000000,87.000000,87.000000,87.000000,12.000000,12.000000,12.000000,200.000000,200.000000,0.000000,0.000000,0.000000,0.000000,0.000000,0.000000,0.000000,0.000000,0.000000
130,0.185520,0.210509,-0.030415,1.634799,1.617985,-1.825425,-0.202597,0.043552,-0.267735,-0.020790,-2.283621,0.490018,2.162215,-1.935208,0.000000,0.000708,0.507254,0.376677,-0.444949,0.627352,2.690885,-1.452719,2.612483,-0.005480,0.004663,-4.175488,2.775857,6.524187,-1.626896,5.815629,30.134417,0.059538,-0.171011,0.191892,2.360423,-16.508707,1.993044,21.276329,12.000000,2.746252,12.000000,0.262993,-1.456715,2.360423,-16.508707,1.993044,21.276329,18.705656,2.746252,199.029877,0.262993,-1.456715,87.000000,87.000000,87.000000,87.000000,12.000000,12.000000,12.000000,200.000000,200.000000,0.000000,0.000000,0.000000,0.000000,0.000000,0.000000,0.000000,0.000000,0.000000
131,0.095680,0.063306,-0.190577,1.739119,1.612554,-1.832092,0.014228,0.063310,-0.255499,-0.039320,-2.268620,0.579198,2.127846,-1.848141,0.000000,0.000709,0.471679,0.335034,-0.479946,0.623652,2.693485,-0.876163,2.612281,-0.003473,0.001385,-10.056231,-1.682930,7.141991,-1.052395,-0.351920,19.843370,-0.003691,0.033492,-0.040880,-3.062449,-23.526094,-2.791353,24.284161,10.936650,3.116403,12.000000,0.403076,-1.636538,-3.062449,-23.526094,-2.791353,24.284161,10.936650,3.116403,200.733582,0.403076,-1.636538,87.000000,87.000000,87.000000,87.000000,12.000000,12.000000,12.000000,200.000000,200.000000,0.000000,0.000000,0.000000,0.000000,0.000000,0.000000,0.000000,0.000000,0.000000
132,0.268067,0.181591,-0.111452,1.672754,1.751102,-1.931239,0.420460,0.084252,-0.243696,-0.059392,-2.253190,0.667258,2.092755,-1.761088,0.000000,0.000696,0.544745,0.338854,-0.494489,0.593960,2.669981,-0.972624,2.612284,-0.004415,0.002401,-7.817122,-0.509055,9.501240,-3.950103,0.047150,18.709028,-0.003734,-0.112877,0.096776,2.099534,-19.678919,2.143192,20.316486,9.523938,2.125870,12.000000,0.253352,-1.450866,2.099534,-19.678919,2.143192,20.316486,9.523938,2.125870,210.018448,0.253352,-1.450866,87.000000,87.000000,87.000000,87.000000,12.000000,12.000000,12.000000,200.000000,200.000000,0.000000,0.000000,0.000000,0.000000,0.000000,0.000000,0.000000,0.000000,0.000000
133,0.130976,0.091662,-0.300414,1.690918,1.703243,-1.975137,0.614179,0.103167,-0.233984,-0.079168,-2.241264,0.750344,2.061524,-1.674061,0.000000,0.000683,0.430520,0.226121,-0.534056,0.466311,2.071081,-0.869313,2.611150,-0.004583,0.001862,-9.716016,-3.453492,4.845603,-4.393338,-35.665382,14.849860,-0.036592,-0.046291,0.030743,-4.696545,-23.919413,-3.995350,20.406210,0.561552,2.358193,12.000000,0.381149,-1.503069,-4.696545,-23.919413,-3.995350,20.406210,0.561552,2.358193,210.805862,0.381149,-1.503069,87.000000,87.000000,87.000000,87.000000,12.000000,12.000000,12.000000,200.000000,200.000000,0.000000,0.000000,0.000000,0.000000,0.000000,0.000000,0.000000,0.000000,0.000000
134,0.091494,0.080851,-0.401420,1.817073,1.696942,-1.965979,0.874521,0.119127,-0.225880,-0.101890,-2.228673,0.795774,2.043335,-1.587024,0.000000,0.000578,0.285284,0.222253,-0.597420,0.594028,0.945979,-0.470814,2.611764,-0.001473,-0.002288,-13.350069,-0.549855,6.592741,2.589859,-24.640055,12.255673,-0.001659,0.099105,-0.137860,-7.368736,-24.819271,-5.953418,24.516085,0.275228,2.965251,12.000000,0.312496,-1.297691,-7.368736,-24.819271,-5.953418,24.516085,0.275228,2.965251,214.257141,0.312496,-1.297691,87.000000,87.000000,87.000000,87.000000,12.000000,12.000000,12.000000,200.000000,200.000000,0.000000,0.000000,0.000000,0.000000,0.000000,0.000000,0.000000,0.000000,0.000000
135,0.418330,0.091716,-0.247947,1.769200,1.711613,-1.968120,1.033678,0.143378,-0.219586,-0.132724,-2.215911,0.821870,2.041065,-1.499990,0.000003,0.000427,0.582709,0.134909,-0.760064,0.526634,0.584566,-0.136039,2.611373,0.000156,-0.002722,-12.880678,-2.579691,13.874297,-1.609561,-12.960569,1.412844,-0.007968,0.021084,0.029174,3.006901,-24.772591,3.492548,21.521568,0.420197,1.538861,12.000000,0.019526,-0.679792,3.006901,-24.772591,3.492548,21.521568,0.420197,1.538861,213.661224,0.019526,-0.679792,87.000000,87.000000,87.000000,87.000000,12.000000,12.000000,12.000000,200.000000,200.000000,0.000000,0.000000,0.000000,0.000000,0.000000,0.000000,0.000000,0.000000,0.000000
136,0.423426,0.190742,-0.278301,1.655857,1.705710,-2.023275,1.199421,0.160216,-0.216123,-0.155343,-2.207207,0.834455,2.030620,-1.412985,0.000009,0.000305,0.354114,0.046278,-0.511598,0.313175,0.277249,-0.390020,2.611020,-0.001236,-0.001426,-9.063307,-2.845895,10.498469,-7.765581,-5.967888,4.763324,0.002589,-0.027515,0.064170,2.680756,-20.868444,3.240029,16.507259,0.396752,1.028406,12.000000,0.048914,-0.454545,2.680756,-20.868444,3.240029,16.507259,0.396752,1.028406,213.332275,0.048914,-0.454545,87.000000,87.000000,87.000000,87.000000,12.000000,12.000000,12.000000,200.000000,200.000000,0.000000,0.000000,0.000000,0.000000,0.000000,0.000000,0.000000,0.000000,0.000000
137,0.524715,0.194770,-0.236225,1.655200,1.713398,-2.076238,1.361697,0.174907,-0.215463,-0.172962,-2.205572,0.842201,2.013607,-1.325977,0.000011,0.000245,0.362475,-0.028989,-0.386352,0.113799,0.192474,-0.547844,2.610972,-0.000771,0.000845,-5.216968,-2.274333,9.534198,-6.884714,-3.060272,7.222448,0.001001,-0.005444,0.091146,5.757692,-20.528069,5.939313,16.930159,0.480645,0.831050,12.000000,0.034730,-0.454090,5.757692,-20.528069,5.939313,16.930159,0.480645,0.831050,212.862839,0.034730,-0.454090,87.000000,87.000000,87.000000,87.000000,12.000000,12.000000,12.000000,200.000000,200.000000,0.000000,0.000000,0.000000,0.000000,0.000000,0.000000,0.000000,0.000000,0.000000
138,0.579463,0.144753,-0.260798,1.885549,1.649844,-1.944792,1.420711,0.196689,-0.214497,-0.190059,-2.203908,0.831086,2.027856,-1.238929,0.000033,0.000203,0.511029,0.067713,-0.314954,0.345938,-0.370808,0.375748,2.611240,0.001950,-0.001501,-10.423690,3.335860,13.381583,8.274627,2.763839,-3.663506,-0.022058,0.101612,-0.148070,5.504828,-22.542597,6.359778,26.258326,0.634252,1.887916,12.000000,-0.033875,-0.599601,5.504828,-22.542597,6.359778,26.258326,0.634252,1.887916,208.257553,-0.033875,-0.599601,87.000000,87.000000,87.000000,87.000000,12.000000,12.000000,12.000000,200.000000,200.000000,0.000000,0.000000,0.000000,0.000000,0.000000,0.000000,0.000000,0.000000,0.000000
139,0.276188,0.099649,-0.526301,1.745213,1.556683,-2.045625,1.537679,0.205363,-0.213021,-0.198553,-2.197340,0.800765,2.015383,-1.151935,0.000095,0.000117,0.123197,-0.022917,-0.195978,0.277797,-0.715191,-0.490697,2.610896,0.000314,-0.000397,-6.331956,-3.603319,2.249163,-6.464719,17.260826,5.517007,0.005808,-0.005943,0.024695,-6.048395,-24.619139,-4.537735,19.461460,1.100432,1.655311,12.000000,-0.204146,-0.204556,-6.048395,-24.619139,-4.537735,19.461460,1.100432,1.655311,205.979507,-0.204146,-0.204556,87.000000,87.000000,87.000000,87.000000,12.000000,12.000000,12.000000,200.000000,200.000000,0.000000,0.000000,0.000000,0.000000,0.000000,0.000000,0.000000,0.000000,0.000000
140,0.519391,0.211802,-0.342866,1.812529,1.554194,-1.991644,1.524987,0.214495,-0.212257,-0.206878,-2.193573,0.783991,2.019568,-1.064907,0.000103,0.000108,0.208953,0.047753,-0.152938,0.324269,-0.373273,0.062981,2.610714,0.000309,0.000260,-4.161743,2.448669,5.829011,2.890414,8.038140,-0.948536,-0.015521,0.008461,-0.007223,2.845244,-20.037687,3.553902,22.259817,0.897910,1.659976,12.000000,-0.197807,-0.274627,2.845244,-20.037687,3.553902,22.259817,0.897910,1.659976,198.508835,-0.197807,-0.274627,87.000000,87.000000,87.000000,87.000000,12.000000,12.000000,12.000000,200.000000,200.000000,0.000000,0.000000,0.000000,0.000000,0.000000,0.000000,0.000000,0.000000,0.000000
141,0.512034,0.176630,-0.333978,1.680242,1.567289,-2.111471,1.692716,0.217055,-0.211740,-0.208462,-2.191026,0.778399,2.000370,-0.977916,0.000131,0.000093,0.075190,-0.050432,-0.007140,0.121164,-0.045097,-0.683685,2.610372,-0.000909,0.001767,2.045624,-3.484010,1.014857,-8.509692,5.691261,6.543653,0.008454,-0.061533,0.083459,3.061163,-21.563574,3.367481,16.654922,0.876886,0.799242,12.000000,-0.286554,-0.197836,3.061163,-21.563574,3.367481,16.654922,0.876886,0.799242,198.261169,-0.286554,-0.197836,87.000000,87.000000,87.000000,87.000000,12.000000,12.000000,12.000000,200.000000,200.000000,0.000000,0.000000,0.000000,0.000000,0.000000,0.000000,0.000000,0.000000,0.000000
142,0.363972,0.192001,-0.450550,1.761674,1.520371,-2.046458,1.715286,0.217951,-0.212760,-0.207759,-2.193728,0.766116,1.996450,-0.890898,0.000116,0.000105,-0.040719,-0.029298,0.055858,0.083138,-0.357223,-0.108324,2.610392,0.000223,0.000235,-2.612094,0.951006,0.447670,-0.205250,3.796091,4.420459,-0.012217,0.079159,-0.102148,-2.898347,-20.670830,-1.542454,20.701759,0.677687,2.089116,12.000000,-0.106947,-0.425308,-2.898347,-20.670830,-1.542454,20.701759,0.677687,2.089116,192.201355,-0.106947,-0.425308,87.000000,87.000000,87.000000,87.000000,12.000000,12.000000,12.000000,200.000000,200.000000,0.000000,0.000000,0.000000,0.000000,0.000000,0.000000,0.000000,0.000000,0.000000
143,0.488438,0.132126,-0.356940,1.895010,1.510240,-1.961243,1.751709,0.221738,-0.212105,-0.208528,-2.193841,0.755127,2.014483,-0.803880,0.000120,0.000100,0.078067,0.048995,0.024956,0.285968,-0.275701,0.395251,2.610216,0.000495,0.000218,-2.003828,2.739107,2.386472,7.853053,4.266471,-7.076922,-0.010986,0.009739,-0.013371,1.498048,-23.222963,2.453117,25.965281,0.962831,2.054313,12.000000,-0.247523,-0.265849,1.498048,-23.222963,2.453117,25.965281,0.962831,2.054313,186.697540,-0.247523,-0.265849,87.000000,87.000000,87.000000,87.000000,12.000000,12.000000,12.000000,200.000000,200.000000,0.000000,0.000000,0.000000,0.000000,0.000000,0.000000,0.000000,0.000000,0.000000
144,0.480610,0.129682,-0.396204,1.751153,1.430220,-2.086189,1.836474,0.226693,-0.211081,-0.212057,-2.188772,0.730773,2.001676,-0.716883,0.000163,0.000053,0.126610,-0.030122,-0.073780,0.242148,-0.540829,-0.529063,2.610095,0.000244,-0.000161,-0.657433,-3.203320,1.887934,-6.024819,15.270534,4.392575,0.004106,0.016410,-0.038325,0.742836,-23.531454,1.392966,19.131798,1.059685,1.173092,12.000000,-0.304072,-0.190810,0.742836,-23.531454,1.392966,19.131798,1.059685,1.173092,183.129715,-0.304072,-0.190810,87.000000,87.000000,87.000000,87.000000,12.000000,12.000000,12.000000,200.000000,200.000000,0.000000,0.000000,0.000000,0.000000,0.000000,0.000000,0.000000,0.000000,0.000000
145,0.503462,0.289117,-0.367558,1.693676,1.404381,-2.135906,1.885012,0.228909,-0.210772,-0.212632,-2.187652,0.712326,1.981188,-0.629877,0.000176,0.000042,0.046404,0.011474,0.028638,0.134969,-0.395812,-0.612047,2.610070,0.000068,0.000571,0.585901,0.896151,1.365412,-4.710962,10.272130,9.812382,-0.001273,0.021674,-0.008678,1.761122,-17.056673,2.285468,17.101173,0.827547,1.371352,12.000000,-0.315092,-0.160115,1.761122,-17.056673,2.285468,17.101173,0.827547,1.371352,178.110596,-0.315092,-0.160115,87.000000,87.000000,87.000000,87.000000,12.000000,12.000000,12.000000,200.000000,200.000000,0.000000,0.000000,0.000000,0.000000,0.000000,0.000000,0.000000,0.000000,0.000000
146,0.566034,0.068954,-0.331269,1.950926,1.383342,-2.008944,1.945209,0.237079,-0.209845,-0.214181,-2.186836,0.697135,1.993052,-0.542867,0.000159,0.000057,0.197950,0.035341,0.040144,0.314290,-0.404932,0.303934,2.610006,0.000173,0.000361,-3.062854,1.422863,4.997647,8.036308,4.859544,-2.662244,-0.003762,-0.001292,-0.022352,2.993643,-25.969387,4.041323,27.574673,0.894027,2.370095,12.000000,-0.330410,-0.196341,2.993643,-25.969387,4.041323,27.574673,0.894027,2.370095,173.557709,-0.330410,-0.196341,87.000000,87.000000,87.000000,87.000000,12.000000,12.000000,12.000000,200.000000,200.000000,0.000000,0.000000,0.000000,0.000000,0.000000,0.000000,0.000000,0.000000,0.000000
147,0.230052,0.259794,-0.591631,1.688160,1.274064,-2.103144,1.985430,0.233289,-0.207622,-0.209922,-2.182045,0.663766,1.982858,-0.455858,0.000180,0.000028,-0.196446,0.044421,0.097105,0.208771,-0.794134,-0.412545,2.609988,0.000822,-0.000633,-1.682195,-0.778022,-4.794881,-7.557943,17.952343,5.470928,-0.000973,0.090405,-0.097148,-9.013154,-18.664455,-7.422873,16.073200,0.990671,1.767832,12.000000,-0.262847,-0.197631,-9.013154,-18.664455,-7.422873,16.073200,0.990671,1.767832,168.206207,-0.262847,-0.197631,87.000000,87.000000,87.000000,87.000000,12.000000,12.000000,12.000000,200.000000,200.000000,0.000000,0.000000,0.000000,0.000000,0.000000,0.000000,0.000000,0.000000,0.000000
148,0.589493,0.086283,-0.318435,1.944194,1.285724,-2.049647,2.018703,0.237860,-0.205693,-0.213701,-2.178652,0.646505,1.986688,-0.368847,0.000191,0.000027,0.145303,0.054180,-0.065018,0.362950,-0.354641,0.022664,2.610053,-0.000016,0.000813,-0.539652,0.636001,3.715978,5.871817,9.075969,-1.258741,0.002174,-0.065884,0.057315,4.160607,-25.703245,4.716789,26.397844,1.158139,2.071552,12.000000,-0.489801,-0.032682,4.160607,-25.703245,4.716789,26.397844,1.158139,2.071552,162.576324,-0.489801,-0.032682,87.000000,87.000000,87.000000,87.000000,12.000000,12.000000,12.000000,200.000000,200.000000,0.000000,0.000000,0.000000,0.000000,0.000000,0.000000,0.000000,0.000000,0.000000
149,0.374788,0.102187,-0.489036,1.781162,1.219093,-2.119320,2.069470,0.237307,-0.205399,-0.213899,-2.173562,0.623644,1.975738,-0.281833,0.000197,0.000020,-0.075097,-0.068629,0.010290,0.222471,-0.525486,-0.418836,2.610057,0.000436,-0.000017,-1.254186,-4.171675,-1.013421,-7.005488,12.450163,5.267915,0.000286,0.063019,-0.072180,-3.842103,-25.038649,-2.556475,19.107790,0.969542,1.702775,12.000000,-0.318054,-0.179087,-3.842103,-25.038649,-2.556475,19.107790,0.969542,1.702775,157.645752,-0.318054,-0.179087,87.000000,87.000000,87.000000,87.000000,12.000000,12.000000,12.000000,200.000000,200.000000,0.000000,0.000000,0.000000,0.000000,0.000000,0.000000,0.000000,0.000000,0.000000
150,0.714011,0.330121,-0.172658,1.658419,1.274008,-2.114181,2.071409,0.235945,-0.207332,-0.209499,-2.177621,0.624644,1.975744,-0.194813,0.000199,0.000031,0.027612,-0.057638,0.182770,-0.028942,0.093878,-0.121505,2.610265,-0.000444,0.001576,6.010592,0.964097,1.455267,-4.573699,-0.463536,-1.792336,0.001774,-0.064820,0.082576,9.979682,-15.504427,9.423626,15.329270,0.700144,0.720050,12.000000,-0.476528,-0.048939,9.979682,-15.504427,9.423626,15.329270,0.700144,0.720050,150.761276,-0.476528,-0.048939,87.000000,87.000000,87.000000,87.000000,12.000000,12.000000,12.000000,200.000000,200.000000,0.000000,0.000000,0.000000,0.000000,0.000000,0.000000,0.000000,0.000000,0.000000
151,0.440396,0.094678,-0.421761,1.989694,1.117944,-1.982315,2.095827,0.240966,-0.206919,-0.207442,-2.177586,0.590229,1.993123,-0.107809,0.000168,0.000050,0.063508,0.050349,0.120796,0.334164,-0.995463,0.446780,2.610287,0.001087,-0.000715,-4.946510,3.254136,2.853058,10.109758,11.964650,-2.568329,0.022974,0.089561,-0.123209,-2.100356,-25.109344,-0.447705,28.449305,0.780025,3.065127,12.000000,-0.270803,-0.271817,-2.100356,-25.109344,-0.447705,28.449305,0.780025,3.065127,144.778946,-0.270803,-0.271817,87.000000,87.000000,87.000000,87.000000,12.000000,12.000000,12.000000,200.000000,200.000000,0.000000,0.000000,0.000000,0.000000,0.000000,0.000000,0.000000,0.000000,0.000000
152,0.492742,0.089839,-0.388633,1.794731,1.099937,-2.126309,2.210026,0.243465,-0.206605,-0.205547,-2.171958,0.562595,1.980570,-0.020772,0.000211,0.000003,0.082892,-0.071383,0.054394,0.247725,-0.503341,-0.561234,2.610399,0.000791,-0.000584,1.744319,-4.444167,-0.975327,-6.765371,19.026878,2.852905,-0.013118,0.010031,-0.026031,0.139504,-25.443830,0.669697,19.468922,1.419782,1.267078,12.000000,-0.457268,-0.030942,0.139504,-25.443830,0.669697,19.468922,1.419782,1.267078,142.381424,-0.457268,-0.030942,87.000000,87.000000,87.000000,87.000000,12.000000,12.000000,12.000000,200.000000,200.000000,0.000000,0.000000,0.000000,0.000000,0.000000,0.000000,0.000000,0.000000,0.000000
153,0.468379,0.293759,-0.399448,1.776077,1.047889,-2.121831,2.219282,0.244827,-0.206844,-0.202990,-2.169485,0.539476,1.969497,0.066243,0.000205,0.000006,0.004014,0.020547,0.103150,0.229201,-0.549244,-0.339940,2.610289,0.000553,0.000026,-0.633879,2.547234,0.035758,-1.316496,10.738405,7.067715,0.008769,0.024634,-0.025398,-0.877012,-17.115026,-0.032013,18.882458,0.809103,2.011978,12.000000,-0.418046,-0.065303,-0.877012,-17.115026,-0.032013,18.882458,0.809103,2.011978,135.792053,-0.418046,-0.065303,87.000000,87.000000,87.000000,87.000000,12.000000,12.000000,12.000000,200.000000,200.000000,0.000000,0.000000,0.000000,0.000000,0.000000,0.000000,0.000000,0.000000,0.000000
154,0.486530,0.275991,-0.387632,1.790672,1.014689,-2.107278,2.244890,0.246638,-0.204512,-0.201212,-2.167995,0.518759,1.967436,0.153262,0.000203,0.000013,0.028099,0.090037,0.072730,0.210404,-0.478361,-0.140266,2.610467,0.000472,0.000293,-0.725946,2.076540,0.205969,-0.565077,9.803141,1.959916,0.008440,0.000524,-0.003562,-0.364751,-18.224380,0.388054,19.439440,0.895339,1.936272,12.000000,-0.449427,-0.060678,-0.364751,-18.224380,0.388054,19.439440,0.895339,1.936272,129.854309,-0.449427,-0.060678,87.000000,87.000000,87.000000,87.000000,12.000000,12.000000,12.000000,200.000000,200.000000,0.000000,0.000000,0.000000,0.000000,0.000000,0.000000,0.000000,0.000000,0.000000
155,0.473492,0.205477,-0.392092,1.874863,0.959954,-2.080556,2.277266,0.247749,-0.199981,-0.199378,-2.164863,0.494704,1.970825,0.240283,0.000196,0.000024,-0.004904,0.147685,0.080221,0.305688,-0.583183,-0.003887,2.610671,0.000575,0.000185,-1.164000,1.533535,0.275748,2.262173,10.917452,0.147281,0.013590,0.007694,-0.016439,-0.915430,-21.590580,0.049540,22.464970,0.966907,2.269685,12.000000,-0.432398,-0.095472,-0.915430,-21.590580,0.049540,22.464970,0.966907,2.269685,124.187416,-0.432398,-0.095472,87.000000,87.000000,87.000000,87.000000,12.000000,12.000000,12.000000,200.000000,200.000000,0.000000,0.000000,0.000000,0.000000,0.000000,0.000000,0.000000,0.000000,0.000000
156,0.441997,0.009269,-0.403515,1.836356,0.938471,-2.142707,2.303955,0.245806,-0.198390,-0.196386,-2.162896,0.475691,1.961652,0.327319,0.000209,0.000014,-0.064966,-0.070684,0.084525,0.126757,-0.383787,-0.401903,2.610798,0.000981,-0.000250,1.277676,-6.681417,-1.844569,-7.060907,11.218047,3.141042,-0.004864,0.031083,-0.036599,-1.716858,-29.453173,-0.782214,20.710896,1.130785,1.739893,12.000000,-0.445755,-0.082028,-1.716858,-29.453173,-0.782214,20.710896,1.130785,1.739893,118.290489,-0.445755,-0.082028,87.000000,87.000000,87.000000,87.000000,12.000000,12.000000,12.000000,200.000000,200.000000,0.000000,0.000000,0.000000,0.000000,0.000000,0.000000,0.000000,0.000000,0.000000
157,0.478857,0.250686,-0.353368,1.819014,0.903471,-2.110634,2.351285,0.242523,-0.199097,-0.192328,-2.164518,0.459107,1.961274,0.414342,0.000197,0.000028,-0.105847,-0.000948,0.130544,0.141215,-0.404747,-0.089030,2.610820,0.000344,0.000514,1.226017,2.197204,-1.189474,1.117954,6.711076,1.508132,0.013490,-0.013371,0.011676,0.122695,-19.418756,0.816793,20.575142,0.839330,2.141346,12.000000,-0.459238,-0.076178,0.122695,-19.418756,0.816793,20.575142,0.839330,2.141346,113.222931,-0.459238,-0.076178,87.000000,87.000000,87.000000,87.000000,12.000000,12.000000,12.000000,200.000000,200.000000,0.000000,0.000000,0.000000,0.000000,0.000000,0.000000,0.000000,0.000000,0.000000
158,0.512318,0.216975,-0.310918,1.784795,0.869485,-2.189066,2.392195,0.238812,-0.198446,-0.187948,-2.164737,0.441285,1.946118,0.501377,0.000211,0.000015,-0.084095,-0.003581,0.130375,0.117698,-0.370953,-0.541516,2.610963,0.001564,-0.000819,3.378808,-0.682472,-1.468366,-3.764791,10.570475,6.900691,-0.004234,0.063202,-0.074126,1.826185,-20.976366,2.146039,19.008255,1.052188,1.719404,12.000000,-0.439766,-0.107303,1.826185,-20.976366,2.146039,19.008255,1.052188,1.719404,107.894943,-0.439766,-0.107303,87.000000,87.000000,87.000000,87.000000,12.000000,12.000000,12.000000,200.000000,200.000000,0.000000,0.000000,0.000000,0.000000,0.000000,0.000000,0.000000,0.000000,0.000000
159,0.515121,0.060028,-0.320362,1.991998,0.785471,-2.091716,2.414813,0.241222,-0.198139,-0.186870,-2.163762,0.412835,1.952681,0.588402,0.000196,0.000028,0.043293,0.002052,0.080116,0.305802,-0.759874,0.142779,2.611392,0.000218,0.000519,-1.578900,0.520643,2.441665,6.709066,10.464005,0.219995,0.027680,-0.074750,0.059919,1.116712,-27.223753,2.044798,27.314388,0.966063,2.906695,12.000000,-0.556240,0.007670,1.116712,-27.223753,2.044798,27.314388,0.966063,2.906695,101.838417,-0.556240,0.007670,87.000000,87.000000,87.000000,87.000000,12.000000,12.000000,12.000000,200.000000,200.000000,0.000000,0.000000,0.000000,0.000000,0.000000,0.000000,0.000000,0.000000,0.000000
160,0.565215,0.179111,-0.266306,1.790892,0.767753,-2.157139,2.440998,0.241684,-0.198548,-0.182401,-2.160742,0.391715,1.950184,0.675445,0.000184,0.000037,0.032298,-0.058673,0.156274,0.195207,-0.419343,-0.249631,2.611264,0.000639,0.000018,2.816268,-2.070165,-0.125117,-4.753638,12.412872,-0.129016,-0.006223,0.044883,-0.045667,3.367729,-22.414532,3.495425,18.668938,1.180989,1.495553,12.000000,-0.354734,-0.156680,3.367729,-22.414532,3.495425,18.668938,1.180989,1.495553,95.920532,-0.354734,-0.156680,87.000000,87.000000,87.000000,87.000000,12.000000,12.000000,12.000000,200.000000,200.000000,0.000000,0.000000,0.000000,0.000000,0.000000,0.000000,0.000000,0.000000,0.000000
161,0.330705,0.300877,-0.486184,1.791501,0.648881,-2.159803,2.454490,0.243852,-0.198139,-0.181471,-2.158535,0.355667,1.943500,0.762433,0.000157,0.000061,-0.016137,0.037551,0.025873,0.219081,-0.914295,-0.256315,2.608491,0.000992,-0.000100,-4.333311,2.436753,-0.977590,-1.922228,16.205519,5.606645,-0.119805,0.036349,-0.029451,-6.468530,-17.576469,-5.069886,18.613506,0.823614,2.284399,12.000000,-0.345725,-0.162566,-6.468530,-17.576469,-5.069886,18.613506,0.823614,2.284399,89.502907,-0.345725,-0.162566,87.000000,87.000000,87.000000,87.000000,12.000000,12.000000,12.000000,200.000000,200.000000,0.000000,0.000000,0.000000,0.000000,0.000000,0.000000,0.000000,0.000000,0.000000
162,0.552176,0.003009,-0.299079,1.995188,0.643142,-2.057426,2.480266,0.247292,-0.198163,-0.182407,-2.157387,0.331318,1.960881,0.849479,0.000150,0.000074,0.085198,-0.042311,0.016922,0.284103,-0.546447,0.345475,2.611543,-0.000488,0.001302,-0.995220,-1.605099,2.327919,5.308074,11.109984,-7.774454,0.007095,-0.109797,0.093746,2.036674,-29.505886,2.697888,26.907755,1.272568,2.625320,12.000000,-0.473846,-0.082352,2.036674,-29.505886,2.697888,26.907755,1.272568,2.625320,83.568504,-0.473846,-0.082352,87.000000,87.000000,87.000000,87.000000,12.000000,12.000000,12.000000,200.000000,200.000000,0.000000,0.000000,0.000000,0.000000,0.000000,0.000000,0.000000,0.000000,0.000000
163,0.546491,0.258349,-0.259113,1.781132,0.629949,-2.161998,2.500453,0.243529,-0.198377,-0.175647,-2.153034,0.316467,1.953836,0.936511,0.000139,0.000084,-0.089204,-0.021560,0.212130,0.247658,-0.260335,-0.398124,2.611219,0.001452,-0.000580,4.443704,-0.226984,-2.067742,-4.471423,9.938537,2.194539,-0.007739,0.106214,-0.098966,2.885206,-19.252768,2.984603,17.537071,1.123691,1.538995,12.000000,-0.220960,-0.297906,2.885206,-19.252768,2.984603,17.537071,1.123691,1.538995,77.413284,-0.220960,-0.297906,87.000000,87.000000,87.000000,87.000000,12.000000,12.000000,12.000000,200.000000,200.000000,0.000000,0.000000,0.000000,0.000000,0.000000,0.000000,0.000000,0.000000,0.000000
164,0.415617,0.217313,-0.403885,1.799761,0.535113,-2.159117,2.538329,0.245858,-0.198990,-0.174877,-2.151857,0.289147,1.946507,1.023507,0.000132,0.000089,0.027918,-0.041818,0.025946,0.147584,-0.697788,-0.281242,2.608485,0.001050,-0.000219,-2.703585,-0.605273,0.030054,-4.367203,11.934513,4.868200,-0.136127,-0.017645,0.008864,-3.256140,-20.814095,-2.250014,18.457745,0.771767,2.101371,12.000000,-0.391967,-0.147184,-3.256140,-20.814095,-2.250014,18.457745,0.771767,2.101371,71.969780,-0.391967,-0.147184,87.000000,87.000000,87.000000,87.000000,12.000000,12.000000,12.000000,200.000000,200.000000,0.000000,0.000000,0.000000,0.000000,0.000000,0.000000,0.000000,0.000000,0.000000
165,0.363114,0.093040,-0.455862,1.878389,0.491993,-2.116156,2.546926,0.247227,-0.201271,-0.176607,-2.154223,0.262390,1.950504,1.110517,0.000118,0.000106,-0.027724,-0.107664,-0.049466,0.095390,-0.624857,-0.011599,2.608224,0.000279,0.000684,-3.760154,-1.558813,-0.676915,-0.504247,12.423384,-1.465837,-0.156155,-0.041650,0.040273,-5.378710,-25.481430,-4.030122,22.150715,1.024409,2.421485,12.000000,-0.353031,-0.188802,-5.378710,-25.481430,-4.030122,22.150715,1.024409,2.421485,65.352745,-0.353031,-0.188802,87.000000,87.000000,87.000000,87.000000,12.000000,12.000000,12.000000,200.000000,200.000000,0.000000,0.000000,0.000000,0.000000,0.000000,0.000000,0.000000,0.000000,0.000000
166,0.540620,0.222053,-0.257461,1.856570,0.506443,-2.136312,2.550523,0.241620,-0.202974,-0.173154,-2.155339,0.250306,1.950032,1.197551,0.000127,0.000106,-0.145872,-0.032716,0.116834,0.178637,-0.202384,-0.180642,2.611311,0.001347,-0.000152,3.798121,1.945817,-1.470746,2.010171,7.385839,-0.149459,-0.003648,0.026484,-0.024254,2.917280,-20.184019,3.138696,21.289925,1.169340,2.170830,12.000000,-0.328499,-0.244132,2.917280,-20.184019,3.138696,21.289925,1.169340,2.170830,58.532616,-0.328499,-0.244132,87.000000,87.000000,87.000000,87.000000,12.000000,12.000000,12.000000,200.000000,200.000000,0.000000,0.000000,0.000000,0.000000,0.000000,0.000000,0.000000,0.000000,0.000000
167,0.637385,0.301700,-0.190689,1.788596,0.445564,-2.179487,2.580870,0.242247,-0.202136,-0.171785,-2.154146,0.231852,1.941404,1.284573,0.000134,0.000097,0.049907,0.041511,0.085989,0.189090,-0.438877,-0.360628,2.611572,0.001570,-0.000734,2.344372,1.801739,2.355842,-2.101393,9.122339,4.716673,0.008354,-0.004385,-0.018933,6.133176,-17.271698,6.000831,18.212482,0.929059,1.896556,12.000000,-0.411623,-0.176976,6.133176,-17.271698,6.000831,18.212482,0.929059,1.896556,52.784557,-0.411623,-0.176976,87.000000,87.000000,87.000000,87.000000,12.000000,12.000000,12.000000,200.000000,200.000000,0.000000,0.000000,0.000000,0.000000,0.000000,0.000000,0.000000,0.000000,0.000000
168,0.438606,0.140959,-0.373942,1.951277,0.352790,-2.115801,2.616052,0.245837,-0.199628,-0.171463,-2.151243,0.200053,1.945491,1.371590,0.000111,0.000111,0.047403,0.079556,0.039150,0.329364,-0.807766,0.030313,2.611339,-0.000103,0.000779,-3.290364,1.120000,1.029008,4.018549,13.701985,0.604268,0.004878,-0.089987,0.076767,-2.425007,-24.040955,-1.301345,24.463057,0.990396,2.851334,12.000000,-0.397739,-0.143790,-2.425007,-24.040955,-1.301345,24.463057,0.990396,2.851334,47.230858,-0.397739,-0.143790,87.000000,87.000000,87.000000,87.000000,12.000000,12.000000,12.000000,200.000000,200.000000,0.000000,0.000000,0.000000,0.000000,0.000000,0.000000,0.000000,0.000000,0.000000
169,0.502450,0.178985,-0.347932,1.807389,0.327457,-2.152183,2.634145,0.251038,-0.197932,-0.173895,-2.148641,0.175811,1.945953,1.458601,0.000085,0.000135,0.122244,0.000287,-0.046528,0.175873,-0.499990,-0.168759,2.610974,0.000696,0.000234,-2.168842,-2.332338,1.460798,-5.284672,13.476147,-1.222566,-0.003376,0.040383,-0.035472,-0.417293,-22.642036,0.180751,18.376760,1.105667,1.774106,12.000000,-0.181063,-0.342475,-0.417293,-22.642036,0.180751,18.376760,1.105667,1.774106,40.994118,-0.181063,-0.342475,87.000000,87.000000,87.000000,87.000000,12.000000,12.000000,12.000000,200.000000,200.000000,0.000000,0.000000,0.000000,0.000000,0.000000,0.000000,0.000000,0.000000,0.000000
170,0.530577,0.141815,-0.315776,1.853157,0.276585,-2.160276,2.668653,0.254266,-0.198435,-0.174451,-2.149190,0.151970,1.942029,1.545610,0.000084,0.000139,0.058844,-0.056843,0.029835,0.124321,-0.550101,-0.246858,2.611066,0.001112,-0.000143,-1.204746,-1.782042,1.591381,-2.619704,11.717776,2.017577,0.000930,-0.019746,0.007876,0.669348,-23.904644,1.319158,20.540569,1.001290,2.162624,12.000000,-0.307175,-0.252568,0.669348,-23.904644,1.319158,20.540569,1.001290,2.162624,35.413795,-0.307175,-0.252568,87.000000,87.000000,87.000000,87.000000,12.000000,12.000000,12.000000,200.000000,200.000000,0.000000,0.000000,0.000000,0.000000,0.000000,0.000000,0.000000,0.000000,0.000000
171,0.548997,0.111573,-0.290671,1.959578,0.262252,-2.080951,2.651375,0.256201,-0.199696,-0.172704,-2.149984,0.134923,1.954257,1.632636,0.000086,0.000138,0.044951,-0.037608,0.083679,0.237208,-0.379051,0.203567,2.611057,0.000219,0.000631,0.058066,0.981436,0.796200,5.682408,7.745254,-4.830660,-0.007439,-0.062504,0.055812,1.361099,-24.905989,1.992968,25.034185,1.104556,2.774086,12.000000,-0.323938,-0.223756,1.361099,-24.905989,1.992968,25.034185,1.104556,2.774086,27.760138,-0.323938,-0.223756,87.000000,87.000000,87.000000,87.000000,12.000000,12.000000,12.000000,200.000000,200.000000,0.000000,0.000000,0.000000,0.000000,0.000000,0.000000,0.000000,0.000000,0.000000
172,0.421920,0.268362,-0.404543,1.831090,0.192416,-2.183153,2.695548,0.256750,-0.198715,-0.171259,-2.144463,0.110903,1.942742,1.719625,0.000061,0.000161,-0.030886,0.037383,0.042076,0.319632,-0.533159,-0.493096,2.610844,0.001419,-0.000345,-1.758512,1.178532,-1.445668,-2.656642,13.495481,5.761726,0.005178,0.035519,-0.038726,-3.667816,-18.901800,-2.693238,18.758949,0.979876,2.052536,12.000000,-0.189983,-0.359902,-3.667816,-18.901800,-2.693238,18.758949,0.979876,2.052536,22.569265,-0.189983,-0.359902,87.000000,87.000000,87.000000,87.000000,12.000000,12.000000,12.000000,200.000000,200.000000,0.000000,0.000000,0.000000,0.000000,0.000000,0.000000,0.000000,0.000000,0.000000
173,0.570198,0.192200,-0.272903,1.900995,0.189963,-2.121140,2.681714,0.257378,-0.197095,-0.170398,-2.141399,0.096751,1.947129,1.806643,0.000079,0.000149,0.022506,0.042628,0.051539,0.283409,-0.295792,0.019558,2.610767,0.000803,0.000190,0.744729,0.575430,0.806479,1.216680,6.587862,-1.059015,-0.010314,-0.046631,0.037619,2.214911,-22.126820,2.604277,21.624907,0.980370,2.444800,12.000000,-0.323667,-0.246744,2.214911,-22.126820,2.604277,21.624907,0.980370,2.444800,15.053708,-0.323667,-0.246744,87.000000,87.000000,87.000000,87.000000,12.000000,12.000000,12.000000,200.000000,200.000000,0.000000,0.000000,0.000000,0.000000,0.000000,0.000000,0.000000,0.000000,0.000000
174,0.650253,0.166798,-0.235415,1.842006,0.115759,-2.199108,2.744238,0.264035,-0.196359,-0.172117,-2.137520,0.072565,1.935758,1.893636,0.000060,0.000160,0.187393,-0.034627,0.015591,0.214151,-0.554800,-0.474351,2.610700,0.001096,-0.000284,-0.813855,-2.827695,3.995765,-5.971974,12.942523,5.201860,0.002503,-0.017650,-0.006783,4.355218,-23.190304,4.520484,18.730217,1.001234,1.894865,10.596301,-0.258998,-0.310710,4.355218,-23.190304,4.520484,18.730217,1.001234,1.894865,10.596301,-0.258998,-0.310710,87.000000,87.000000,87.000000,87.000000,12.000000,12.000000,12.000000,200.000000,200.000000,0.000000,0.000000,0.000000,0.000000,0.000000,0.000000,0.000000,0.000000,0.000000
175,0.464444,0.225504,-0.393140,1.822154,0.049946,-2.194443,2.745203,0.268251,-0.197321,-0.171243,-2.138398,0.045045,1.928671,1.980635,0.000050,0.000166,0.061156,-0.047882,0.049351,0.092328,-0.646688,-0.289467,2.610461,0.000500,0.000322,-2.959770,-0.305148,0.007343,-3.907249,13.030922,4.180054,-0.003633,-0.046714,0.042142,-3.203188,-20.586552,-2.173334,18.446800,0.813437,2.109287,3.675319,-0.245674,-0.280483,-3.203188,-20.586552,-2.173334,18.446800,0.813437,2.109287,3.675319,-0.245674,-0.280483,87.000000,87.000000,87.000000,87.000000,12.000000,12.000000,12.000000,200.000000,200.000000,0.000000,0.000000,0.000000,0.000000,0.000000,0.000000,0.000000,0.000000,0.000000
176,0.442119,0.189796,-0.401689,1.970190,0.023653,-2.115028,2.739627,0.268595,-0.196729,-0.170015,-2.139011,0.023165,1.938658,2.043633,0.000054,0.000150,-0.034418,0.054486,0.032900,0.263674,-0.493040,0.158942,1.359666,0.000311,-0.000451,-1.930716,3.238222,-1.496103,6.850414,9.982566,-2.922144,-32.147232,-0.049114,-0.020206,-3.809106,-22.131346,-2.657915,24.576118,0.926497,2.891603,-0.102927,-0.243417,-0.302054,-3.809106,-22.131346,-2.657915,24.576118,0.926497,2.891603,-0.102927,-0.243417,-0.302054,87.000000,87.000000,87.000000,87.000000,12.000000,12.000000,12.000000,200.000000,200.000000,0.000000,0.000000,0.000000,0.000000,0.000000,0.000000,0.000000,0.000000,0.000000
177,0.527473,0.164039,-0.338361,1.829879,-0.015485,-2.183358,2.800304,0.269316,-0.195874,-0.170973,-2.137285,0.002529,1.935438,2.090566,0.000033,0.000147,-0.000109,-0.032969,-0.010831,0.149144,-0.425407,-0.289466,1.022164,0.000924,-0.000669,-0.750956,-2.879507,0.193110,-5.663752,11.504344,0.356675,-24.011333,0.018915,0.003588,-0.475616,-23.346582,0.163642,18.416767,0.928042,1.782628,-0.061533,-0.126219,-0.231148,-0.475616,-23.346582,0.163642,18.416767,0.928042,1.782628,-0.061533,-0.126219,-0.231148,87.000000,87.000000,87.000000,87.000000,12.000000,12.000000,12.000000,200.000000,200.000000,0.000000,0.000000,0.000000,0.000000,0.000000,0.000000,0.000000,0.000000,0.000000
178,0.622237,0.117638,-0.264570,1.880547,-0.026098,-2.184444,2.798750,0.271869,-0.197955,-0.172427,-2.139424,-0.011247,1.930210,2.114642,0.000045,0.000124,0.074774,-0.111779,-0.000825,0.082286,-0.271048,-0.282813,0.519413,0.001247,-0.001177,0.252940,-2.204925,2.001871,-2.117954,7.326936,2.191611,-12.211074,-0.003387,-0.000756,2.969530,-24.787678,3.306530,20.994226,0.952738,2.252044,-0.029328,-0.205925,-0.155504,2.969530,-24.787678,3.306530,20.994226,0.952738,2.252044,-0.029328,-0.205925,-0.155504,87.000000,87.000000,87.000000,87.000000,12.000000,12.000000,12.000000,200.000000,200.000000,0.000000,0.000000,0.000000,0.000000,0.000000,0.000000,0.000000,0.000000,0.000000
179,0.570906,0.122071,-0.312465,1.996091,-0.036623,-2.105893,2.802264,0.275072,-0.200298,-0.173043,-2.140275,-0.020878,1.941000,2.127937,0.000072,0.000094,0.073615,-0.052531,0.014246,0.266252,-0.207151,0.174069,0.286107,0.000970,-0.000837,-0.987953,2.075181,1.254801,7.540142,3.855906,-3.509347,-6.855542,-0.018037,0.023681,0.591863,-24.335653,1.357141,25.745710,0.924401,2.997124,-0.021838,-0.264840,-0.076530,0.591863,-24.335653,1.357141,25.745710,0.924401,2.997124,-0.021838,-0.264840,-0.076530,87.000000,87.000000,87.000000,87.000000,12.000000,12.000000,12.000000,200.000000,200.000000,0.000000,0.000000,0.000000,0.000000,0.000000,0.000000,0.000000,0.000000,0.000000
180,0.516169,0.158508,-0.377856,1.777941,-0.059316,-2.216039,2.833477,0.278605,-0.203460,-0.174528,-2.139346,-0.030458,1.930907,2.142197,0.000049,0.000111,0.064568,-0.166485,-0.024558,0.083475,-0.150505,-0.492688,0.312580,0.001006,-0.000716,-2.059185,-3.737920,0.322749,-8.540609,6.637527,2.705523,-7.236290,0.017133,-0.015643,-1.917555,-22.655130,-1.088955,16.514032,0.804997,1.509640,-0.006131,-0.167257,-0.178042,-1.917555,-22.655130,-1.088955,16.514032,0.804997,1.509640,-0.006131,-0.167257,-0.178042,87.000000,87.000000,87.000000,87.000000,12.000000,12.000000,12.000000,200.000000,200.000000,0.000000,0.000000,0.000000,0.000000,0.000000,0.000000,0.000000,0.000000,0.000000
181,0.511743,0.210425,-0.361466,1.929816,-0.053536,-2.114733,2.789330,0.277766,-0.206768,-0.173871,-2.141872,-0.033925,1.940076,2.139198,0.000079,0.000085,-0.052020,-0.053223,0.027865,0.198783,-0.074006,0.153550,-0.072623,0.000901,-0.000721,-0.624369,3.833490,-0.888813,6.561369,0.057389,-2.628181,1.574008,-0.018447,0.017981,-1.634691,-20.183756,-0.695457,23.344378,0.717092,2.825310,0.002056,-0.274551,-0.075588,-1.634691,-20.183756,-0.695457,23.344378,0.717092,2.825310,0.002056,-0.274551,-0.075588,87.000000,87.000000,87.000000,87.000000,12.000000,12.000000,12.000000,200.000000,200.000000,0.000000,0.000000,0.000000,0.000000,0.000000,0.000000,0.000000,0.000000,0.000000
182,0.605295,0.176033,-0.295168,1.891508,-0.047185,-2.187278,2.828964,0.279233,-0.207483,-0.175235,-2.138404,-0.035612,1.933048,2.146900,0.000070,0.000092,0.043333,-0.031371,-0.013957,0.291110,0.048981,-0.391479,0.173185,0.001100,-0.000826,0.252676,0.035664,1.019799,-0.286167,2.998305,2.579897,-3.940410,0.005306,-0.007978,1.787621,-21.777256,2.284038,20.899412,0.963289,2.212514,-0.000938,-0.231721,-0.122052,1.787621,-21.777256,2.284038,20.899412,0.963289,2.212514,-0.000938,-0.231721,-0.122052,87.000000,87.000000,87.000000,87.000000,12.000000,12.000000,12.000000,200.000000,200.000000,0.000000,0.000000,0.000000,0.000000,0.000000,0.000000,0.000000,0.000000,0.000000
183,0.458755,0.323698,-0.402094,1.726292,-0.037835,-2.229027,2.832635,0.275797,-0.207788,-0.173385,-2.138662,-0.031722,1.922468,2.151899,0.000063,0.000097,-0.131851,-0.012842,0.042634,0.069537,0.142675,-0.427803,0.109669,0.000922,-0.000646,-0.074400,0.539970,-2.825166,-6.700832,-1.804034,4.131637,-2.523367,0.011029,-0.007046,-3.353735,-15.868999,-2.508313,14.532814,0.495802,1.582820,-0.003074,-0.198299,-0.142121,-3.353735,-15.868999,-2.508313,14.532814,0.495802,1.582820,-0.003074,-0.198299,-0.142121,87.000000,87.000000,87.000000,87.000000,12.000000,12.000000,12.000000,200.000000,200.000000,0.000000,0.000000,0.000000,0.000000,0.000000,0.000000,0.000000,0.000000,0.000000
184,0.778686,0.124406,-0.129571,1.983733,-0.032279,-2.101887,2.832888,0.277755,-0.207504,-0.173767,-2.141502,-0.030455,1.937057,2.154637,0.000092,0.000074,0.113735,0.020974,0.054606,0.204650,0.017731,0.297817,0.056756,0.000705,-0.000529,3.115030,1.693065,4.120308,7.605560,-2.618027,-4.967063,-1.528021,-0.024523,0.024649,8.818361,-23.886280,8.783651,25.514225,0.889915,3.065389,-0.014445,-0.298752,-0.053264,8.818361,-23.886280,8.783651,25.514225,0.889915,3.065389,-0.014445,-0.298752,-0.053264,87.000000,87.000000,87.000000,87.000000,12.000000,12.000000,12.000000,200.000000,200.000000,0.000000,0.000000,0.000000,0.000000,0.000000,0.000000,0.000000,0.000000,0.000000
185,0.539144,0.183840,-0.361920,1.814128,-0.067051,-2.189567,2.820161,0.282832,-0.206988,-0.173846,-2.140502,-0.036960,1.933499,2.152954,0.000067,0.000094,0.110389,-0.023674,0.023018,0.146762,-0.110348,-0.320153,-0.040243,0.000848,-0.000596,-2.199867,-1.792766,0.705757,-4.753437,4.418755,0.364500,0.972744,0.017694,-0.019180,-1.467581,-21.630228,-0.610972,18.100821,0.775494,1.769675,0.013973,-0.191188,-0.157527,-1.467581,-21.630228,-0.610972,18.100821,0.775494,1.769675,0.013973,-0.191188,-0.157527,87.000000,87.000000,87.000000,87.000000,12.000000,12.000000,12.000000,200.000000,200.000000,0.000000,0.000000,0.000000,0.000000,0.000000,0.000000,0.000000,0.000000,0.000000
186,0.361263,0.252545,-0.500786,1.819778,-0.059966,-2.192380,2.798086,0.281385,-0.206436,-0.172622,-2.142505,-0.038123,1.928273,2.146746,0.000067,0.000094,-0.109718,0.027530,0.003064,0.103123,0.021752,-0.281250,-0.137008,0.000864,-0.000623,-2.797776,1.474378,-3.853470,-1.176331,0.696655,2.339079,3.252066,-0.001167,0.000645,-7.914483,-18.876314,-6.470192,18.806551,0.586400,2.093643,0.017195,-0.220721,-0.125569,-7.914483,-18.876314,-6.470192,18.806551,0.586400,2.093643,0.017195,-0.220721,-0.125569,87.000000,87.000000,87.000000,87.000000,12.000000,12.000000,12.000000,200.000000,200.000000,0.000000,0.000000,0.000000,0.000000,0.000000,0.000000,0.000000,0.000000,0.000000
187,0.567472,0.289881,-0.308450,1.879143,-0.023869,-2.177212,2.807696,0.277592,-0.202663,-0.172578,-2.143137,-0.031656,1.926708,2.145767,0.000079,0.000084,-0.101764,0.160599,0.003791,0.222886,0.217956,-0.180226,-0.017963,0.001016,-0.000792,1.560588,3.786326,-0.937273,3.881086,-2.729905,1.205849,0.485288,-0.005072,0.003510,0.866888,-17.905848,1.381855,21.203381,0.796981,2.491387,0.003515,-0.259691,-0.090375,0.866888,-17.905848,1.381855,21.203381,0.796981,2.491387,0.003515,-0.259691,-0.090375,87.000000,87.000000,87.000000,87.000000,12.000000,12.000000,12.000000,200.000000,200.000000,0.000000,0.000000,0.000000,0.000000,0.000000,0.000000,0.000000,0.000000,0.000000
188,0.696761,-0.045125,-0.221446,1.996163,-0.049646,-2.121689,2.812751,0.280995,-0.200176,-0.175982,-2.142215,-0.034011,1.936762,2.146587,0.000082,0.000081,0.114938,-0.015216,-0.037229,0.229629,-0.073628,0.135051,0.014721,0.000563,-0.000388,0.182384,-4.743703,4.230498,1.734657,-0.299571,-3.850245,-0.527389,-0.005357,0.009309,5.109956,-31.522398,5.538453,25.669132,0.856707,2.788469,-0.006345,-0.238509,-0.099862,5.109956,-31.522398,5.538453,25.669132,0.856707,2.788469,-0.006345,-0.238509,-0.099862,87.000000,87.000000,87.000000,87.000000,12.000000,12.000000,12.000000,200.000000,200.000000,0.000000,0.000000,0.000000,0.000000,0.000000,0.000000,0.000000,0.000000,0.000000
189,0.553015,0.238164,-0.341316,1.808822,-0.047023,-2.200953,2.849623,0.282079,-0.199973,-0.175273,-2.140489,-0.034727,1.930392,2.155710,0.000065,0.000095,0.006211,-0.012901,0.043320,0.179882,0.063904,-0.381808,0.203941,0.000951,-0.000661,-0.222267,-0.409333,-0.344410,-3.794701,1.981465,1.608585,-4.670462,0.012512,-0.013970,-0.462305,-19.965893,0.213307,17.856417,0.800328,1.797313,-0.003337,-0.201913,-0.147866,-0.462305,-19.965893,0.213307,17.856417,0.800328,1.797313,-0.003337,-0.201913,-0.147866,87.000000,87.000000,87.000000,87.000000,12.000000,12.000000,12.000000,200.000000,200.000000,0.000000,0.000000,0.000000,0.000000,0.000000,0.000000,0.000000,0.000000,0.000000
190,0.588221,0.073150,-0.300599,1.989984,-0.055948,-2.114176,2.808819,0.282590,-0.200528,-0.173815,-2.139841,-0.036799,1.939477,2.150909,0.000083,0.000081,0.012104,-0.036068,0.067233,0.272281,-0.060427,0.140144,-0.112528,0.000766,-0.000551,0.393452,-0.267872,0.494570,5.099671,-0.728779,-2.599593,2.472191,-0.011923,0.014430,0.925490,-26.451839,1.708806,25.310862,0.767064,2.931679,0.002760,-0.264280,-0.081856,0.925490,-26.451839,1.708806,25.310862,0.767064,2.931679,0.002760,-0.264280,-0.081856,87.000000,87.000000,87.000000,87.000000,12.000000,12.000000,12.000000,200.000000,200.000000,0.000000,0.000000,0.000000,0.000000,0.000000,0.000000,0.000000,0.000000,0.000000
191,0.515593,0.137284,-0.389715,1.790699,-0.069548,-2.196918,2.840044,0.285447,-0.203523,-0.175005,-2.139374,-0.040988,1.933938,2.155654,0.000058,0.000101,0.052375,-0.165912,-0.027796,0.078656,-0.032942,-0.365172,0.106922,0.000753,-0.000532,-1.939279,-3.972167,-0.112637,-7.734756,3.450953,0.646132,-2.429251,0.014096,-0.016969,-2.447685,-23.513908,-1.542607,17.085186,0.739814,1.577272,0.005417,-0.174828,-0.170980,-2.447685,-23.513908,-1.542607,17.085186,0.739814,1.577272,0.005417,-0.174828,-0.170980,87.000000,87.000000,87.000000,87.000000,12.000000,12.000000,12.000000,200.000000,200.000000,0.000000,0.000000,0.000000,0.000000,0.000000,0.000000,0.000000,0.000000,0.000000
192,0.500898,0.287715,-0.382431,1.827320,-0.063507,-2.182353,2.822402,0.283517,-0.206662,-0.174230,-2.142534,-0.041408,1.929827,2.154035,0.000069,0.000092,-0.088839,-0.055754,0.023568,0.101906,0.026544,-0.239115,-0.037851,0.001015,-0.000780,-0.561727,3.262009,-1.688123,1.045466,-0.041178,2.258014,0.877339,-0.007419,0.004599,-2.427639,-17.126860,-1.538981,19.241217,0.650165,2.255276,0.005656,-0.244606,-0.105211,-2.427639,-17.126860,-1.538981,19.241217,0.650165,2.255276,0.005656,-0.244606,-0.105211,87.000000,87.000000,87.000000,87.000000,12.000000,12.000000,12.000000,200.000000,200.000000,0.000000,0.000000,0.000000,0.000000,0.000000,0.000000,0.000000,0.000000,0.000000
193,0.638884,0.209377,-0.251680,1.904690,-0.029372,-2.136244,2.812327,0.281397,-0.206838,-0.173180,-2.144254,-0.034877,1.936251,2.150729,0.000082,0.000081,-0.034435,0.020416,0.050485,0.196915,0.202766,0.030018,-0.071740,0.000816,-0.000614,2.502656,2.473993,0.234975,4.592301,-3.474692,-2.604610,1.693573,-0.006260,0.008645,3.294421,-20.493877,3.642032,22.423079,0.828682,2.592708,0.004529,-0.256228,-0.087117,3.294421,-20.493877,3.642032,22.423079,0.828682,2.592708,0.004529,-0.256228,-0.087117,87.000000,87.000000,87.000000,87.000000,12.000000,12.000000,12.000000,200.000000,200.000000,0.000000,0.000000,0.000000,0.000000,0.000000,0.000000,0.000000,0.000000,0.000000
194,0.645507,0.193994,-0.244139,1.856231,-0.039359,-2.197161,2.833485,0.281512,-0.205517,-0.171195,-2.142203,-0.033202,1.928928,2.154058,0.000071,0.000090,0.018432,0.020808,0.092849,0.224703,0.083720,-0.379884,0.074321,0.001007,-0.000731,1.844468,-0.485360,0.851925,-1.673653,0.080079,3.051858,-1.714228,0.007099,-0.008439,3.368121,-21.384691,3.710223,19.889956,0.817779,2.146780,-0.001198,-0.225422,-0.124371,3.368121,-21.384691,3.710223,19.889956,0.817779,2.146780,-0.001198,-0.225422,-0.124371,87.000000,87.000000,87.000000,87.000000,12.000000,12.000000,12.000000,200.000000,200.000000,0.000000,0.000000,0.000000,0.000000,0.000000,0.000000,0.000000,0.000000,0.000000
195,0.596667,0.200065,-0.303159,1.886479,-0.067966,-2.139043,2.835262,0.285055,-0.204154,-0.170552,-2.141566,-0.038126,1.935533,2.156310,0.000081,0.000081,0.093001,0.042863,0.046036,0.219686,-0.130566,0.071346,0.045455,0.000659,-0.000492,-0.823191,1.034410,1.205341,1.631560,0.797192,-1.716526,-1.252924,-0.008714,0.009895,0.781281,-21.222956,1.442281,21.249556,0.666547,2.486093,-0.007416,-0.247661,-0.094309,0.781281,-21.222956,1.442281,21.249556,0.666547,2.486093,-0.007416,-0.247661,-0.094309,87.000000,87.000000,87.000000,87.000000,12.000000,12.000000,12.000000,200.000000,200.000000,0.000000,0.000000,0.000000,0.000000,0.000000,0.000000,0.000000,0.000000,0.000000
196,0.425968,0.085102,-0.464391,1.837496,-0.061204,-2.202481,2.832425,0.287674,-0.204640,-0.171624,-2.141947,-0.039914,1.929074,2.156700,0.000059,0.000100,0.019031,-0.093269,-0.045332,0.086396,0.038075,-0.382588,0.008884,0.000796,-0.000529,-3.310669,-4.193860,-1.705134,-5.632200,2.455479,1.241219,-0.084815,0.015984,-0.014252,-6.200273,-25.718405,-4.844134,19.261856,0.743676,1.824244,0.013686,-0.175327,-0.164789,-6.200273,-25.718405,-4.844134,19.261856,0.743676,1.824244,0.013686,-0.175327,-0.164789,87.000000,87.000000,87.000000,87.000000,12.000000,12.000000,12.000000,200.000000,200.000000,0.000000,0.000000,0.000000,0.000000,0.000000,0.000000,0.000000,0.000000,0.000000
197,0.600012,0.214127,-0.297367,1.997411,-0.034627,-2.077138,2.780093,0.287012,-0.204473,-0.171996,-2.142118,-0.034959,1.945741,2.144488,0.000093,0.000074,-0.024032,0.076907,0.011591,0.342888,0.124747,0.349552,-0.272185,0.000816,-0.000506,0.444073,5.468852,0.420926,11.314256,-4.222263,-5.569070,6.273411,-0.019349,0.028140,1.144367,-20.471409,1.835182,25.956457,0.781895,3.186528,0.012253,-0.298085,-0.050791,1.144367,-20.471409,1.835182,25.956457,0.781895,3.186528,0.012253,-0.298085,-0.050791,87.000000,87.000000,87.000000,87.000000,12.000000,12.000000,12.000000,200.000000,200.000000,0.000000,0.000000,0.000000,0.000000,0.000000,0.000000,0.000000,0.000000,0.000000
198,0.513247,0.201796,-0.352149,1.807625,-0.013186,-2.176657,2.791141,0.282623,-0.202237,-0.169430,-2.137523,-0.026984,1.942117,2.140560,0.000064,0.000097,-0.135625,0.020983,0.067358,0.239102,0.274547,-0.344507,-0.080687,0.000762,-0.000587,1.436616,-2.209301,-2.544983,-5.645361,-2.125582,-0.417679,2.074021,0.017953,-0.025495,-1.624215,-21.433506,-0.876554,17.307255,0.739348,1.610984,0.016794,-0.180228,-0.173800,-1.624215,-21.433506,-0.876554,17.307255,0.739348,1.610984,0.016794,-0.180228,-0.173800,87.000000,87.000000,87.000000,87.000000,12.000000,12.000000,12.000000,200.000000,200.000000,0.000000,0.000000,0.000000,0.000000,0.000000,0.000000,0.000000,0.000000,0.000000
199,0.533370,0.255202,-0.353135,1.765534,-0.062138,-2.238799,2.806806,0.281563,-0.201612,-0.170811,-2.137292,-0.032466,1.924328,2.142413,0.000057,0.000104,-0.050767,-0.015538,-0.032698,0.076787,-0.127419,-0.609067,0.038561,0.001190,-0.000763,-0.934973,-1.389925,-0.154067,-7.585435,2.735290,8.330057,-0.970836,0.004818,-0.000005,-1.095190,-19.204214,-0.402316,15.924533,0.557040,1.765894,0.000682,-0.213346,-0.136598,-1.095190,-19.204214,-0.402316,15.924533,0.557040,1.765894,0.000682,-0.213346,-0.136598,87.000000,87.000000,87.000000,87.000000,12.000000,12.000000,12.000000,200.000000,200.000000,0.000000,0.000000,0.000000,0.000000,0.000000,0.000000,0.000000,0.000000,0.000000
200,0.676569,0.123933,-0.224174,2.008978,-0.025521,-2.112104,2.804924,0.281782,-0.201049,-0.171979,-2.139775,-0.029830,1.934894,2.142919,0.000091,0.000075,0.031090,0.036440,0.004806,0.230269,0.094989,0.205702,0.011263,0.000754,-0.000643,1.777110,2.207747,1.976747,8.720968,-2.590515,-3.127276,-0.340545,-0.025428,0.020434,4.555328,-24.431664,4.867333,26.382946,0.912930,3.178835,-0.005462,-0.299931,-0.057465,4.555328,-24.431664,4.867333,26.382946,0.912930,3.178835,-0.005462,-0.299931,-0.057465,87.000000,87.000000,87.000000,87.000000,12.000000,12.000000,12.000000,200.000000,200.000000,0.000000,0.000000,0.000000,0.000000,0.000000,0.000000,0.000000,0.000000,0.000000
201,0.583140,0.225581,-0.299590,1.837184,-0.031020,-2.181969,2.786358,0.281491,-0.199173,-0.170436,-2.137559,-0.028440,1.933100,2.138738,0.000071,0.000090,-0.014812,0.037787,0.067738,0.214130,0.083710,-0.260391,-0.093142,0.000782,-0.000573,0.795377,-0.409930,-0.139333,-2.552080,0.277491,-0.148001,2.246855,0.011809,-0.012692,0.903267,-20.668724,1.442808,18.735893,0.782546,1.917574,0.013727,-0.203815,-0.141579,0.903267,-20.668724,1.442808,18.735893,0.782546,1.917574,0.013727,-0.203815,-0.141579,87.000000,87.000000,87.000000,87.000000,12.000000,12.000000,12.000000,200.000000,200.000000,0.000000,0.000000,0.000000,0.000000,0.000000,0.000000,0.000000,0.000000,0.000000
202,0.457638,0.180177,-0.418054,1.913890,-0.054282,-2.143651,2.806407,0.281808,-0.197216,-0.171041,-2.136132,-0.032288,1.936971,2.141339,0.000075,0.000087,-0.032554,0.053981,-0.025213,0.246837,-0.087790,-0.021266,0.056651,0.000706,-0.000522,-2.333911,0.596371,-1.201574,1.672591,0.926339,-0.782271,-1.454053,-0.005959,0.006000,-4.271760,-22.626884,-3.061081,21.842989,0.644325,2.481622,-0.005260,-0.234005,-0.108643,-4.271760,-22.626884,-3.061081,21.842989,0.644325,2.481622,-0.005260,-0.234005,-0.108643,87.000000,87.000000,87.000000,87.000000,12.000000,12.000000,12.000000,200.000000,200.000000,0.000000,0.000000,0.000000,0.000000,0.000000,0.000000,0.000000,0.000000,0.000000
203,0.545279,0.208101,-0.346083,1.820475,-0.042839,-2.198647,2.831221,0.281165,-0.195753,-0.172840,-2.135351,-0.032737,1.930673,2.148595,0.000063,0.000097,-0.035043,0.003912,-0.041401,0.133064,0.065784,-0.359736,0.161621,0.000947,-0.000637,-0.346312,-1.684137,-0.196672,-4.760914,1.526997,1.663409,-3.692085,0.014358,-0.011154,-0.594221,-21.623730,0.061246,17.980469,0.776575,1.813910,-0.001109,-0.194232,-0.148876,-0.594221,-21.623730,0.061246,17.980469,0.776575,1.813910,-0.001109,-0.194232,-0.148876,87.000000,87.000000,87.000000,87.000000,12.000000,12.000000,12.000000,200.000000,200.000000,0.000000,0.000000,0.000000,0.000000,0.000000,0.000000,0.000000,0.000000,0.000000
204,0.640426,0.087316,-0.257961,1.926611,-0.035719,-2.146391,2.809381,0.280983,-0.196734,-0.173806,-2.138256,-0.031227,1.934446,2.147278,0.000074,0.000088,0.004691,-0.074549,0.009872,0.102980,0.050855,-0.025129,-0.032642,0.000767,-0.000599,1.203642,-1.868908,1.556554,1.070392,-1.782245,-1.421055,0.690981,-0.010052,0.007543,3.208899,-26.177822,3.626622,22.870289,0.779727,2.548103,0.000392,-0.244096,-0.103217,3.208899,-26.177822,3.626622,22.870289,0.779727,2.548103,0.000392,-0.244096,-0.103217,87.000000,87.000000,87.000000,87.000000,12.000000,12.000000,12.000000,200.000000,200.000000,0.000000,0.000000,0.000000,0.000000,0.000000,0.000000,0.000000,0.000000,0.000000
205,0.609507,0.141036,-0.283863,1.966541,-0.018448,-2.102763,2.785035,0.281574,-0.198041,-0.173342,-2.138690,-0.026941,1.945858,2.140700,0.000083,0.000081,0.022226,-0.031091,0.039221,0.256420,0.136446,0.141789,-0.145584,0.000773,-0.000510,0.854707,1.442560,0.691117,5.949194,-2.465941,-4.933073,3.395786,-0.002362,0.008943,1.859027,-23.850393,2.425023,24.373497,0.863369,2.731244,0.009754,-0.249808,-0.092869,1.859027,-23.850393,2.425023,24.373497,0.863369,2.731244,0.009754,-0.249808,-0.092869,87.000000,87.000000,87.000000,87.000000,12.000000,12.000000,12.000000,200.000000,200.000000,0.000000,0.000000,0.000000,0.000000,0.000000,0.000000,0.000000,0.000000,0.000000
206,0.596738,0.306268,-0.289845,1.741478,-0.036504,-2.226945,2.818251,0.281501,-0.198252,-0.170849,-2.136690,-0.027709,1.931431,2.145125,0.000059,0.000101,-0.004487,-0.027980,0.096438,0.131265,0.044000,-0.600713,0.100428,0.001094,-0.000753,1.227676,-0.608439,-0.312855,-7.735766,2.100796,5.164414,-2.250437,0.016922,-0.019533,1.443206,-17.350950,1.779535,14.763351,0.718577,1.457475,0.003639,-0.192933,-0.162688,1.443206,-17.350950,1.779535,14.763351,0.718577,1.457475,0.003639,-0.192933,-0.162688,87.000000,87.000000,87.000000,87.000000,12.000000,12.000000,12.000000,200.000000,200.000000,0.000000,0.000000,0.000000,0.000000,0.000000,0.000000,0.000000,0.000000,0.000000
207,0.534079,0.092647,-0.358056,1.870279,-0.057066,-2.176580,2.821354,0.284192,-0.200920,-0.170975,-2.141494,-0.032479,1.928739,2.148312,0.000068,0.000093,0.057029,-0.137407,0.007106,-0.005263,-0.116809,-0.166184,0.066625,0.000756,-0.000607,-1.538593,-2.625928,0.273385,-2.182020,0.923550,1.805847,-1.699112,-0.009775,0.005173,-1.597677,-25.506773,-0.668884,20.976999,0.625058,2.360834,-0.006030,-0.231188,-0.117618,-1.597677,-25.506773,-0.668884,20.976999,0.625058,2.360834,-0.006030,-0.231188,-0.117618,87.000000,87.000000,87.000000,87.000000,12.000000,12.000000,12.000000,200.000000,200.000000,0.000000,0.000000,0.000000,0.000000,0.000000,0.000000,0.000000,0.000000,0.000000
208,0.394019,0.254645,-0.445866,1.950113,-0.033438,-2.109036,2.800364,0.279426,-0.201551,-0.168184,-2.143930,-0.030545,1.940367,2.144912,0.000085,0.000079,-0.183603,0.060381,0.048758,0.254127,0.084445,0.172449,-0.075733,0.000799,-0.000585,-0.838954,5.899613,-4.190946,9.677683,-1.663991,-4.295226,1.746784,-0.009815,0.013869,-6.138925,-19.015141,-4.769279,24.354145,0.735875,2.877319,0.004877,-0.267229,-0.076369,-6.138925,-19.015141,-4.769279,24.354145,0.735875,2.877319,0.004877,-0.267229,-0.076369,87.000000,87.000000,87.000000,87.000000,12.000000,12.000000,12.000000,200.000000,200.000000,0.000000,0.000000,0.000000,0.000000,0.000000,0.000000,0.000000,0.000000,0.000000
209,0.522938,0.094267,-0.370300,1.906891,-0.057512,-2.144953,2.775378,0.279598,-0.200376,-0.172907,-2.140521,-0.034975,1.942623,2.137164,0.000071,0.000090,-0.015043,-0.017580,-0.132281,0.268102,-0.077445,-0.134155,-0.173760,0.000752,-0.000543,-1.972397,-2.508803,0.777381,-1.242912,2.734220,-1.350047,4.052445,0.008106,-0.009500,-1.506590,-25.796539,-0.605772,21.692097,0.811319,2.236866,0.019023,-0.208333,-0.137594,-1.506590,-25.796539,-0.605772,21.692097,0.811319,2.236866,0.019023,-0.208333,-0.137594,87.000000,87.000000,87.000000,87.000000,12.000000,12.000000,12.000000,200.000000,200.000000,0.000000,0.000000,0.000000,0.000000,0.000000,0.000000,0.000000,0.000000,0.000000
210,0.796426,0.115461,-0.147971,1.863267,-0.051318,-2.147850,2.835668,0.283577,-0.202531,-0.177384,-2.139832,-0.037050,1.943331,2.147413,0.000071,0.000091,0.146004,-0.126515,-0.042648,0.149691,0.006959,-0.148134,0.230607,0.000856,-0.000586,1.877098,-2.998285,5.262329,-3.133930,1.426081,-1.085094,-5.397275,0.003073,0.000207,8.904507,-24.515169,8.662092,20.097761,0.928270,2.119468,-0.010942,-0.222703,-0.120539,8.904507,-24.515169,8.662092,20.097761,0.928270,2.119468,-0.010942,-0.222703,-0.120539,87.000000,87.000000,87.000000,87.000000,12.000000,12.000000,12.000000,200.000000,200.000000,0.000000,0.000000,0.000000,0.000000,0.000000,0.000000,0.000000,0.000000,0.000000
211,0.499617,0.220451,-0.385187,1.831294,-0.052269,-2.172345,2.848786,0.283322,-0.205730,-0.175709,-2.141033,-0.036792,1.938460,2.156050,0.000067,0.000093,-0.047568,-0.097927,0.059332,0.124810,0.053833,-0.295533,0.188831,0.000965,-0.000702,-0.742086,0.683716,-1.492579,-1.418494,0.163041,1.806046,-4.412921,0.005278,-0.004600,-2.584646,-19.926329,-1.614130,19.079142,0.671992,2.084261,-0.009060,-0.218691,-0.126735,-2.584646,-19.926329,-1.614130,19.079142,0.671992,2.084261,-0.009060,-0.218691,-0.126735,87.000000,87.000000,87.000000,87.000000,12.000000,12.000000,12.000000,200.000000,200.000000,0.000000,0.000000,0.000000,0.000000,0.000000,0.000000,0.000000,0.000000,0.000000
212,0.594264,0.354269,-0.290491,1.799593,-0.055191,-2.203341,2.832088,0.281221,-0.205875,-0.173017,-2.141682,-0.037413,1.928436,2.156595,0.000072,0.000090,-0.054481,0.045089,0.091507,0.162035,0.025395,-0.405724,0.008530,0.001127,-0.000838,1.694044,3.870200,-0.805555,-0.311378,0.698455,5.055291,-0.193120,-0.004814,0.002590,1.527968,-14.761837,1.910491,17.826908,0.710325,2.126771,0.002903,-0.253350,-0.100698,1.527968,-14.761837,1.910491,17.826908,0.710325,2.126771,0.002903,-0.253350,-0.100698,87.000000,87.000000,87.000000,87.000000,12.000000,12.000000,12.000000,200.000000,200.000000,0.000000,0.000000,0.000000,0.000000,0.000000,0.000000,0.000000,0.000000,0.000000
213,0.546562,0.259490,-0.320592,1.881503,-0.038456,-2.171938,2.815175,0.278902,-0.202374,-0.170089,-2.141709,-0.034117,1.927791,2.152774,0.000081,0.000082,-0.062012,0.134523,0.082063,0.221444,0.115804,-0.133686,-0.084905,0.000786,-0.000619,1.304679,2.689764,-1.520875,2.785202,-1.978031,1.197684,1.979064,-0.009383,0.007392,-0.195773,-19.138004,0.456057,21.124054,0.720565,2.495482,0.006299,-0.256238,-0.091296,-0.195773,-19.138004,0.456057,21.124054,0.720565,2.495482,0.006299,-0.256238,-0.091296,87.000000,87.000000,87.000000,87.000000,12.000000,12.000000,12.000000,200.000000,200.000000,0.000000,0.000000,0.000000,0.000000,0.000000,0.000000,0.000000,0.000000,0.000000
214,0.458719,-0.008409,-0.406740,1.999695,-0.062461,-2.107209,2.798586,0.278700,-0.199686,-0.170806,-2.140303,-0.037584,1.940744,2.146832,0.000082,0.000081,-0.038150,0.017752,-0.027498,0.266094,-0.097578,0.208721,-0.134264,0.000523,-0.000318,-1.989361,-3.051066,-0.886578,3.157483,0.090680,-5.080281,2.977679,0.002699,0.005468,-3.944634,-30.084061,-2.604048,25.641752,0.715070,2.782433,0.006581,-0.222790,-0.111027,-3.944634,-30.084061,-2.604048,25.641752,0.715070,2.782433,0.006581,-0.222790,-0.111027,87.000000,87.000000,87.000000,87.000000,12.000000,12.000000,12.000000,200.000000,200.000000,0.000000,0.000000,0.000000,0.000000,0.000000,0.000000,0.000000,0.000000,0.000000
215,0.740804,0.197310,-0.159482,1.843158,-0.030272,-2.186266,2.828327,0.279059,-0.199069,-0.170122,-2.137199,-0.034087,1.935490,2.150690,0.000068,0.000093,0.054530,-0.017618,0.074658,0.227546,0.190339,-0.366729,0.090644,0.001017,-0.000749,3.640268,-1.500730,2.271208,-3.398416,0.600995,0.737523,-1.933425,0.011110,-0.015678,7.383671,-21.721937,7.138769,18.862484,1.007144,1.884147,0.006402,-0.214976,-0.139375,7.383671,-21.721937,7.138769,18.862484,1.007144,1.884147,0.006402,-0.214976,-0.139375,87.000000,87.000000,87.000000,87.000000,12.000000,12.000000,12.000000,200.000000,200.000000,0.000000,0.000000,0.000000,0.000000,0.000000,0.000000,0.000000,0.000000,0.000000
216,0.544730,0.162611,-0.334695,1.786258,-0.042987,-2.225497,2.839491,0.281211,-0.201297,-0.168420,-2.139313,-0.032323,1.923437,2.155524,0.000059,0.000100,0.046860,-0.133531,0.064050,0.003416,0.070221,-0.467607,0.105188,0.000927,-0.000633,-0.424494,-3.319001,-0.252581,-7.315350,-0.900845,4.812877,-2.472178,0.009166,-0.006219,-0.843828,-22.728100,-0.119763,17.126276,0.580581,1.792204,-0.004222,-0.194137,-0.147344,-0.843828,-22.728100,-0.119763,17.126276,0.580581,1.792204,-0.004222,-0.194137,-0.147344,87.000000,87.000000,87.000000,87.000000,12.000000,12.000000,12.000000,200.000000,200.000000,0.000000,0.000000,0.000000,0.000000,0.000000,0.000000,0.000000,0.000000,0.000000
217,0.338357,0.304547,-0.495923,1.928797,-0.037387,-2.106092,2.785485,0.277970,-0.201452,-0.166440,-2.142956,-0.029880,1.937384,2.145202,0.000088,0.000078,-0.156349,0.093085,0.013052,0.216733,0.044236,0.287256,-0.232619,0.000705,-0.000503,-2.717105,7.141198,-4.300044,9.935350,-3.599450,-4.288820,5.298229,-0.019644,0.022683,-8.428322,-17.043961,-6.821950,23.536669,0.512582,2.937328,0.008857,-0.280569,-0.066979,-8.428322,-17.043961,-6.821950,23.536669,0.512582,2.937328,0.008857,-0.280569,-0.066979,87.000000,87.000000,87.000000,87.000000,12.000000,12.000000,12.000000,200.000000,200.000000,0.000000,0.000000,0.000000,0.000000,0.000000,0.000000,0.000000,0.000000,0.000000
218,0.555940,0.118335,-0.315068,1.952140,-0.028519,-2.141678,2.805401,0.275825,-0.197911,-0.168744,-2.138509,-0.028884,1.940791,2.144385,0.000076,0.000086,-0.062931,0.080860,-0.057919,0.354202,0.087809,-0.120513,-0.014510,0.000827,-0.000619,0.263562,-0.835311,0.164526,2.166406,0.851551,-1.997424,0.406436,0.005836,-0.007704,0.369260,-25.197155,1.038454,23.307545,0.941766,2.436616,0.008230,-0.226039,-0.122841,0.369260,-25.197155,1.038454,23.307545,0.941766,2.436616,0.008230,-0.226039,-0.122841,87.000000,87.000000,87.000000,87.000000,12.000000,12.000000,12.000000,200.000000,200.000000,0.000000,0.000000,0.000000,0.000000,0.000000,0.000000,0.000000,0.000000,0.000000
219,0.686554,0.174398,-0.233564,1.796927,-0.035805,-2.216896,2.784090,0.279169,-0.196968,-0.173428,-2.135620,-0.029016,1.929263,2.138959,0.000060,0.000099,0.105209,-0.048287,-0.079256,0.142072,0.049080,-0.486400,-0.121042,0.000933,-0.000633,0.033292,-3.989120,3.726958,-8.324317,1.134359,4.249261,2.916709,0.010969,-0.009673,4.864813,-22.867405,4.933272,16.832191,0.779878,1.682933,0.018312,-0.193909,-0.150703,4.864813,-22.867405,4.933272,16.832191,0.779878,1.682933,0.018312,-0.193909,-0.150703,87.000000,87.000000,87.000000,87.000000,12.000000,12.000000,12.000000,200.000000,200.000000,0.000000,0.000000,0.000000,0.000000,0.000000,0.000000,0.000000,0.000000,0.000000
220,0.547486,0.285126,-0.335869,1.854435,-0.039947,-2.167948,2.805017,0.279150,-0.196670,-0.173440,-2.137622,-0.029349,1.929670,2.141095,0.000075,0.000087,-0.029553,0.038056,0.024670,0.138593,0.004132,-0.092039,0.048375,0.000839,-0.000668,-0.446253,2.789138,-0.091743,1.522737,-1.043615,0.780268,-1.223311,-0.011323,0.007561,-0.366977,-18.305180,0.349533,19.863611,0.626624,2.373060,-0.005793,-0.250478,-0.099108,-0.366977,-18.305180,0.349533,19.863611,0.626624,2.373060,-0.005793,-0.250478,-0.099108,87.000000,87.000000,87.000000,87.000000,12.000000,12.000000,12.000000,200.000000,200.000000,0.000000,0.000000,0.000000,0.000000,0.000000,0.000000,0.000000,0.000000,0.000000
221,0.606832,0.157729,-0.278454,1.977059,-0.039903,-2.105527,2.823180,0.278999,-0.194152,-0.172701,-2.136885,-0.030844,1.942176,2.146609,0.000085,0.000079,0.000303,0.085400,0.048452,0.293481,-0.017169,0.190691,0.120565,0.000697,-0.000480,0.901261,1.559031,0.712098,6.134916,-0.083823,-4.824321,-2.937440,-0.007355,0.012502,2.017491,-23.797243,2.568152,24.561865,0.859406,2.794512,-0.011509,-0.256214,-0.085179,2.017491,-23.797243,2.568152,24.561865,0.859406,2.794512,-0.011509,-0.256214,-0.085179,87.000000,87.000000,87.000000,87.000000,12.000000,12.000000,12.000000,200.000000,200.000000,0.000000,0.000000,0.000000,0.000000,0.000000,0.000000,0.000000,0.000000,0.000000
222,0.520877,0.081697,-0.353927,1.851191,-0.052246,-2.195580,2.835941,0.278973,-0.193689,-0.171703,-2.134557,-0.034070,1.934778,2.152514,0.000058,0.000101,-0.017625,-0.084747,0.037566,0.146594,-0.012341,-0.418838,0.129317,0.000845,-0.000575,-0.167735,-5.393534,-0.775605,-7.062776,3.076244,1.711655,-2.950727,0.019081,-0.019790,-1.432755,-26.819468,-0.585472,18.979088,0.802593,1.764857,0.002779,-0.172141,-0.173139,-1.432755,-26.819468,-0.585472,18.979088,0.802593,1.764857,0.002779,-0.172141,-0.173139,87.000000,87.000000,87.000000,87.000000,12.000000,12.000000,12.000000,200.000000,200.000000,0.000000,0.000000,0.000000,0.000000,0.000000,0.000000,0.000000,0.000000,0.000000
223,0.593618,0.075252,-0.307128,1.912176,-0.056954,-2.171026,2.823977,0.281640,-0.197870,-0.173031,-2.137017,-0.036811,1.931613,2.152792,0.000068,0.000093,0.071786,-0.179953,-0.011528,0.089669,-0.039737,-0.205782,0.002777,0.000912,-0.000702,-0.525888,-2.463293,1.380869,-0.800365,0.909496,1.726734,-0.117768,-0.006751,0.004102,1.007093,-26.322607,1.644756,22.122509,0.774217,2.448444,0.002212,-0.234189,-0.113433,1.007093,-26.322607,1.644756,22.122509,0.774217,2.448444,0.002212,-0.234189,-0.113433,87.000000,87.000000,87.000000,87.000000,12.000000,12.000000,12.000000,200.000000,200.000000,0.000000,0.000000,0.000000,0.000000,0.000000,0.000000,0.000000,0.000000,0.000000
224,0.516291,0.333084,-0.377278,1.745004,-0.063939,-2.209115,2.836149,0.282653,-0.202070,-0.173501,-2.141595,-0.039069,1.925495,2.155768,0.000064,0.000097,-0.006196,-0.105402,-0.004382,-0.010765,-0.006943,-0.326252,0.065858,0.000940,-0.000684,-1.405711,2.203157,-0.650085,-3.499598,1.438519,2.044362,-1.523826,0.004839,-0.003934,-2.011075,-15.607026,-1.257236,15.915216,0.622680,1.747305,0.002086,-0.210275,-0.132917,-2.011075,-15.607026,-1.257236,15.915216,0.622680,1.747305,0.002086,-0.210275,-0.132917,87.000000,87.000000,87.000000,87.000000,12.000000,12.000000,12.000000,200.000000,200.000000,0.000000,0.000000,0.000000,0.000000,0.000000,0.000000,0.000000,0.000000,0.000000
225,0.617347,0.246887,-0.291546,1.942045,-0.061975,-2.112137,2.794306,0.284255,-0.202356,-0.174867,-2.145115,-0.040817,1.937249,2.147421,0.000089,0.000076,0.041228,0.058280,-0.009020,0.207126,-0.038489,0.207072,-0.188710,0.000844,-0.000630,-0.271657,5.166772,1.448430,8.874206,-0.543705,-3.687596,4.294096,-0.016516,0.018146,1.843327,-19.297813,2.411108,24.204544,0.801516,2.951200,0.009448,-0.288051,-0.061655,1.843327,-19.297813,2.411108,24.204544,0.801516,2.951200,0.009448,-0.288051,-0.061655,87.000000,87.000000,87.000000,87.000000,12.000000,12.000000,12.000000,200.000000,200.000000,0.000000,0.000000,0.000000,0.000000,0.000000,0.000000,0.000000,0.000000,0.000000
226,0.488431,0.186453,-0.382492,1.893226,-0.024230,-2.138038,2.808870,0.281529,-0.199389,-0.173185,-2.142859,-0.033397,1.942595,2.146344,0.000077,0.000085,-0.099553,0.083470,0.040318,0.276231,0.263135,-0.072149,-0.018012,0.000701,-0.000504,0.367536,0.461622,-2.384283,1.669229,-2.465013,-3.543605,0.560897,0.009849,-0.008851,-2.684709,-22.287464,-1.710263,21.478043,0.820107,2.220649,0.009038,-0.214578,-0.128776,-2.684709,-22.287464,-1.710263,21.478043,0.820107,2.220649,0.009038,-0.214578,-0.128776,87.000000,87.000000,87.000000,87.000000,12.000000,12.000000,12.000000,200.000000,200.000000,0.000000,0.000000,0.000000,0.000000,0.000000,0.000000,0.000000,0.000000,0.000000
227,0.567744,-0.011049,-0.330010,1.924940,-0.059687,-2.169105,2.787772,0.282200,-0.199500,-0.175145,-2.140115,-0.036483,1.937564,2.140919,0.000066,0.000094,0.006986,-0.108469,-0.032341,0.209378,-0.072172,-0.297940,-0.123971,0.000859,-0.000606,-0.800375,-5.786479,1.167731,-3.666156,1.356273,2.328760,2.831164,0.004723,-0.005575,0.083260,-30.024036,0.942655,22.399065,0.748597,2.323907,0.011164,-0.209397,-0.136011,0.083260,-30.024036,0.942655,22.399065,0.748597,2.323907,0.011164,-0.209397,-0.136011,87.000000,87.000000,87.000000,87.000000,12.000000,12.000000,12.000000,200.000000,200.000000,0.000000,0.000000,0.000000,0.000000,0.000000,0.000000,0.000000,0.000000,0.000000
228,0.580448,0.234824,-0.301304,1.867738,-0.016497,-2.139175,2.804447,0.279650,-0.201765,-0.173783,-2.140091,-0.029051,1.941282,2.141924,0.000077,0.000086,-0.067695,-0.052569,0.050768,0.203091,0.244684,-0.044656,0.027091,0.000856,-0.000617,1.868770,1.913245,-0.923113,1.786865,-3.635865,-1.864867,-0.566836,-0.000434,0.003928,1.148523,-19.718100,1.639168,20.436674,0.760376,2.312181,0.000368,-0.239306,-0.103460,1.148523,-19.718100,1.639168,20.436674,0.760376,2.312181,0.000368,-0.239306,-0.103460,87.000000,87.000000,87.000000,87.000000,12.000000,12.000000,12.000000,200.000000,200.000000,0.000000,0.000000,0.000000,0.000000,0.000000,0.000000,0.000000,0.000000,0.000000
229,0.621078,0.173478,-0.277953,1.808377,-0.043218,-2.202104,2.838853,0.280615,-0.204208,-0.173913,-2.140262,-0.030253,1.931939,2.150783,0.000064,0.000097,0.031993,-0.122551,0.028726,0.096187,-0.002382,-0.429028,0.194525,0.000993,-0.000693,0.654431,-2.315990,1.195354,-5.482531,1.068186,3.566401,-4.584538,0.008331,-0.008524,2.359794,-22.032663,2.765014,17.944952,0.711345,1.869852,-0.010489,-0.208548,-0.140035,2.359794,-22.032663,2.765014,17.944952,0.711345,1.869852,-0.010489,-0.208548,-0.140035,87.000000,87.000000,87.000000,87.000000,12.000000,12.000000,12.000000,200.000000,200.000000,0.000000,0.000000,0.000000,0.000000,0.000000,0.000000,0.000000,0.000000,0.000000
230,0.652553,0.359754,-0.249949,1.835074,-0.042538,-2.167773,2.829035,0.282448,-0.204689,-0.172571,-2.142026,-0.031234,1.931095,2.153121,0.000081,0.000082,0.061690,0.056931,0.075117,0.176657,0.002015,-0.131003,0.048084,0.000948,-0.000760,1.110116,5.364380,1.171998,3.235389,-0.084871,1.541580,-1.193587,-0.015241,0.011169,3.419444,-14.583158,3.652294,19.436966,0.735957,2.411872,-0.004554,-0.275307,-0.077321,3.419444,-14.583158,3.652294,19.436966,0.735957,2.411872,-0.004554,-0.275307,-0.077321,87.000000,87.000000,87.000000,87.000000,12.000000,12.000000,12.000000,200.000000,200.000000,0.000000,0.000000,0.000000,0.000000,0.000000,0.000000,0.000000,0.000000,0.000000
231,0.392430,0.184751,-0.459460,1.895984,-0.054257,-2.148025,2.811728,0.280613,-0.201844,-0.169894,-2.141592,-0.033846,1.935557,2.150155,0.000077,0.000084,-0.104692,0.085201,0.051252,0.220499,-0.044228,-0.030582,-0.068052,0.000656,-0.000473,-1.843731,0.806372,-3.479934,1.762577,0.631662,-1.580580,1.528037,0.001952,0.000860,-6.565601,-22.145653,-5.141837,21.638464,0.638850,2.396164,0.006723,-0.222720,-0.115309,-6.565601,-22.145653,-5.141837,21.638464,0.638850,2.396164,0.006723,-0.222720,-0.115309,87.000000,87.000000,87.000000,87.000000,12.000000,12.000000,12.000000,200.000000,200.000000,0.000000,0.000000,0.000000,0.000000,0.000000,0.000000,0.000000,0.000000,0.000000
232,0.599310,0.177662,-0.284162,1.878071,-0.028662,-2.139692,2.801192,0.279531,-0.198983,-0.169906,-2.140922,-0.030641,1.940950,2.146017,0.000074,0.000087,-0.015397,0.063589,0.011633,0.200058,0.135519,-0.033810,-0.089957,0.000704,-0.000495,1.274542,-0.524840,0.200210,0.088702,-1.155373,-3.066559,2.160380,0.003443,-0.001144,1.739211,-22.675777,2.183370,20.827950,0.832728,2.217685,0.011530,-0.218934,-0.120851,1.739211,-22.675777,2.183370,20.827950,0.832728,2.217685,0.011530,-0.218934,-0.120851,87.000000,87.000000,87.000000,87.000000,12.000000,12.000000,12.000000,200.000000,200.000000,0.000000,0.000000,0.000000,0.000000,0.000000,0.000000,0.000000,0.000000,0.000000
233,0.554541,-0.003996,-0.340323,1.931335,-0.056362,-2.186490,2.802383,0.282012,-0.199262,-0.172295,-2.139639,-0.034834,1.932662,2.144177,0.000063,0.000097,0.047038,-0.104019,-0.041893,0.178311,-0.070607,-0.395523,-0.041934,0.001006,-0.000703,-1.562624,-5.234540,1.275175,-3.006778,2.714746,3.538207,0.976883,0.007941,-0.008290,-0.580371,-29.741476,0.334227,22.737198,0.827942,2.346279,0.009721,-0.208360,-0.139123,-0.580371,-29.741476,0.334227,22.737198,0.827942,2.346279,0.009721,-0.208360,-0.139123,87.000000,87.000000,87.000000,87.000000,12.000000,12.000000,12.000000,200.000000,200.000000,0.000000,0.000000,0.000000,0.000000,0.000000,0.000000,0.000000,0.000000,0.000000
234,0.555290,0.163678,-0.356795,1.843111,-0.065098,-2.179025,2.839478,0.284893,-0.203159,-0.175469,-2.141882,-0.038774,1.930173,2.152050,0.000068,0.000093,0.051154,-0.146484,-0.066875,0.076597,-0.059347,-0.193834,0.174775,0.000821,-0.000600,-1.941760,-0.914868,1.105360,-2.061358,1.590341,1.145846,-4.144801,-0.003091,0.003776,-0.812238,-22.364321,-0.015075,19.710989,0.697899,2.179030,-0.008796,-0.222906,-0.120066,-0.812238,-22.364321,-0.015075,19.710989,0.697899,2.179030,-0.008796,-0.222906,-0.120066,87.000000,87.000000,87.000000,87.000000,12.000000,12.000000,12.000000,200.000000,200.000000,0.000000,0.000000,0.000000,0.000000,0.000000,0.000000,0.000000,0.000000,0.000000
235,0.578182,0.246401,-0.315514,1.822631,-0.050864,-2.205608,2.832408,0.283433,-0.206456,-0.174962,-2.144900,-0.038047,1.923400,2.154540,0.000068,0.000093,-0.055198,-0.086459,0.036677,0.085765,0.078116,-0.343810,0.053604,0.001066,-0.000796,0.818078,1.598011,-0.456573,-0.457175,0.300300,2.668710,-1.196386,0.002855,-0.003618,0.659863,-18.808517,1.230933,19.201027,0.774122,2.136384,0.002458,-0.230702,-0.117967,0.659863,-18.808517,1.230933,19.201027,0.774122,2.136384,0.002458,-0.230702,-0.117967,87.000000,87.000000,87.000000,87.000000,12.000000,12.000000,12.000000,200.000000,200.000000,0.000000,0.000000,0.000000,0.000000,0.000000,0.000000,0.000000,0.000000,0.000000
236,0.587702,0.124435,-0.301680,2.009077,-0.053006,-2.069711,2.778268,0.282566,-0.207634,-0.174477,-2.146012,-0.037960,1.944159,2.142970,0.000098,0.000071,-0.023202,0.000746,0.032309,0.299461,-0.023042,0.459418,-0.260863,0.000711,-0.000364,0.516722,3.247229,0.380809,10.463003,-2.584115,-7.401391,5.907431,-0.009905,0.026507,1.009857,-23.730268,1.803128,26.800829,0.768592,3.217160,0.009078,-0.285547,-0.055915,1.009857,-23.730268,1.803128,26.800829,0.768592,3.217160,0.009078,-0.285547,-0.055915,87.000000,87.000000,87.000000,87.000000,12.000000,12.000000,12.000000,200.000000,200.000000,0.000000,0.000000,0.000000,0.000000,0.000000,0.000000,0.000000,0.000000,0.000000
237,0.614712,0.308484,-0.289058,1.778051,-0.036253,-2.187393,2.844230,0.283105,-0.205832,-0.174084,-2.140790,-0.034862,1.939246,2.152418,0.000070,0.000092,0.020966,0.057570,0.032781,0.284771,0.186219,-0.390160,0.216592,0.000910,-0.000702,1.088093,0.879142,0.196382,-4.179884,1.336912,0.248002,-4.873318,0.013013,-0.024737,1.960796,-16.799795,2.265281,16.347933,0.884319,1.569068,-0.000805,-0.211271,-0.156392,1.960796,-16.799795,2.265281,16.347933,0.884319,1.569068,-0.000805,-0.211271,-0.156392,87.000000,87.000000,87.000000,87.000000,12.000000,12.000000,12.000000,200.000000,200.000000,0.000000,0.000000,0.000000,0.000000,0.000000,0.000000,0.000000,0.000000,0.000000
238,0.645119,0.201217,-0.253831,1.837156,-0.028638,-2.166218,2.787314,0.284197,-0.204240,-0.172207,-2.139861,-0.029849,1.936903,2.144042,0.000072,0.000089,0.044736,0.020533,0.089114,0.165837,0.134467,-0.189787,-0.190342,0.000728,-0.000525,1.444516,-0.875450,1.023038,-2.587747,-3.240643,1.338786,4.426660,-0.007077,0.008473,3.045750,-21.220224,3.422526,19.042645,0.647291,2.152208,0.012301,-0.233481,-0.109514,3.045750,-21.220224,3.422526,19.042645,0.647291,2.152208,0.012301,-0.233481,-0.109514,87.000000,87.000000,87.000000,87.000000,12.000000,12.000000,12.000000,200.000000,200.000000,0.000000,0.000000,0.000000,0.000000,0.000000,0.000000,0.000000,0.000000,0.000000
239,0.458835,0.248867,-0.415248,1.833197,-0.055102,-2.190899,2.823520,0.284324,-0.202281,-0.170234,-2.139930,-0.032987,1.930510,2.148147,0.000067,0.000094,-0.038859,0.061191,0.048496,0.157807,-0.053219,-0.318608,0.092243,0.000934,-0.000681,-1.679412,0.922082,-2.074362,-1.616709,1.521110,3.221107,-2.211061,0.002779,-0.004195,-4.372537,-19.476112,-3.258587,18.967716,0.613895,2.122688,-0.003700,-0.219925,-0.128616,-4.372537,-19.476112,-3.258587,18.967716,0.613895,2.122688,-0.003700,-0.219925,-0.128616,87.000000,87.000000,87.000000,87.000000,12.000000,12.000000,12.000000,200.000000,200.000000,0.000000,0.000000,0.000000,0.000000,0.000000,0.000000,0.000000,0.000000,0.000000
240,0.446148,0.115231,-0.412371,1.943549,-0.026391,-2.120120,2.787539,0.281101,-0.200276,-0.169288,-2.141310,-0.028984,1.939790,2.141779,0.000078,0.000084,-0.116834,0.045227,0.002361,0.190353,0.128611,0.118322,-0.142263,0.000617,-0.000449,-0.544745,-0.013611,-2.696779,3.799433,-2.910864,-3.846016,3.310165,-0.005948,0.008879,-4.346501,-24.991747,-3.134223,23.714752,0.703802,2.651412,0.009948,-0.235287,-0.104395,-4.346501,-24.991747,-3.134223,23.714752,0.703802,2.651412,0.009948,-0.235287,-0.104395,87.000000,87.000000,87.000000,87.000000,12.000000,12.000000,12.000000,200.000000,200.000000,0.000000,0.000000,0.000000,0.000000,0.000000,0.000000,0.000000,0.000000,0.000000
241,0.615081,0.119992,-0.278095,1.898928,-0.044839,-2.161157,2.837424,0.280622,-0.199200,-0.171269,-2.139677,-0.031542,1.938484,2.150291,0.000069,0.000092,-0.011796,-0.012370,-0.026695,0.217590,-0.023570,-0.225568,0.189854,0.000925,-0.000646,0.486859,-2.016933,1.357223,-1.099878,1.917429,0.183974,-4.470857,0.004955,-0.004968,2.226414,-24.847652,2.704998,21.448742,0.855089,2.249155,-0.009328,-0.219592,-0.128859,2.226414,-24.847652,2.704998,21.448742,0.855089,2.249155,-0.009328,-0.219592,-0.128859,87.000000,87.000000,87.000000,87.000000,12.000000,12.000000,12.000000,200.000000,200.000000,0.000000,0.000000,0.000000,0.000000,0.000000,0.000000,0.000000,0.000000,0.000000
242,-1.705404,6.084845,-1.166378,-0.524907,-0.673582,-0.936754,-0.780263,0.263866,-0.172035,-0.175495,-2.180462,-0.118921,2.025749,2.063596,0.000175,0.000033,-0.495817,1.023917,-0.573580,-2.141295,-2.656050,2.616452,-2.610844,0.008460,-0.004710,0.253968,41.513096,-29.396755,-39.567558,11.395239,-1.328444,0.129747,0.985916,-0.637225,-87.000000,87.000000,-32.742897,-67.766388,-9.731758,12.000000,-12.000000,0.686506,-0.787238,-88.028809,211.733231,-32.742897,-67.766388,-9.731758,36.369171,-130.048035,0.686506,-0.787238,87.000000,87.000000,87.000000,87.000000,12.000000,12.000000,12.000000,200.000000,200.000000,0.000000,0.000000,0.000000,0.000000,0.000000,0.000000,0.000000,0.000000,0.000000
243,-0.943198,3.731991,-0.694732,1.688745,-1.010933,-0.141299,-1.051144,0.221796,-0.101194,-0.179485,-2.217318,-0.204571,2.092547,1.977447,0.000317,0.000000,-1.226797,2.217740,-0.287832,-0.657034,-2.606451,1.248487,-2.611682,0.001739,0.002087,4.605023,0.070381,-11.726556,8.144330,-0.003462,14.725420,-4.408950,-0.104897,0.197244,-51.863712,87.000000,-13.386313,22.031889,-12.000000,12.000000,-12.000000,-0.886688,0.120077,-51.863712,105.942551,-13.386313,22.031889,-17.057158,68.673233,-134.289276,-0.886688,0.120077,87.000000,87.000000,87.000000,87.000000,12.000000,12.000000,12.000000,200.000000,200.000000,0.000000,0.000000,0.000000,0.000000,0.000000,0.000000,0.000000,0.000000,0.000000
244,-0.408914,2.445927,-0.303034,2.085131,-1.202874,0.067762,-1.316576,0.154200,-0.026368,-0.160070,-2.226587,-0.289114,2.137107,1.890433,0.000340,0.000014,-1.953181,2.243441,0.595945,0.446916,-2.603909,-0.199649,-2.612957,-0.001773,-0.000053,4.665112,-0.265474,1.519303,26.584095,0.006480,3.856930,-0.007353,-0.051092,-0.129786,-23.227989,48.423355,-0.797254,36.654224,-12.000000,12.000000,-12.000000,-0.532695,-0.222138,-23.227989,48.423355,-0.797254,36.654224,-17.923643,77.537239,-137.646027,-0.532695,-0.222138,87.000000,87.000000,87.000000,87.000000,12.000000,12.000000,12.000000,200.000000,200.000000,0.000000,0.000000,0.000000,0.000000,0.000000,0.000000,0.000000,0.000000,0.000000
245,-0.209112,1.967088,0.021684,2.135833,-1.505026,0.059264,-1.922599,0.064178,0.047649,-0.105715,-2.204718,-0.372542,2.185862,1.803961,0.000354,0.000006,-2.485561,2.234449,1.666720,1.391729,-2.603572,0.188748,-2.580490,-0.005175,-0.000924,14.577726,-0.387754,5.593121,30.066488,-0.010543,25.254591,1.748972,-0.144207,-0.097314,-6.014495,23.323586,5.271211,34.673752,-12.000000,12.000000,-12.000000,-0.440533,-0.089438,-6.014495,23.323586,5.271211,34.673752,-23.307919,73.489441,-154.948502,-0.440533,-0.089438,87.000000,87.000000,87.000000,87.000000,12.000000,12.000000,12.000000,200.000000,200.000000,0.000000,0.000000,0.000000,0.000000,0.000000,0.000000,0.000000,0.000000,0.000000
246,-0.302438,1.621916,0.205538,1.833845,-1.803363,-0.131149,-2.484924,-0.025257,0.119451,-0.034309,-2.166463,-0.456744,2.255868,1.718395,0.000398,0.000000,-2.460377,2.205000,2.094206,1.498320,-2.606645,1.367331,-2.510164,-0.001846,-0.002687,17.803572,-0.140533,-4.178652,7.120642,-0.021229,5.351128,3.329744,-0.000209,-0.054850,-2.436032,3.778364,5.140339,17.921030,-12.000000,12.000000,-12.000000,-0.588781,0.177235,-2.436032,3.778364,5.140339,17.921030,-28.548759,54.953087,-170.732681,-0.588781,0.177235,87.000000,87.000000,87.000000,87.000000,12.000000,12.000000,12.000000,200.000000,200.000000,0.000000,0.000000,0.000000,0.000000,0.000000,0.000000,0.000000,0.000000,0.000000
247,-0.672217,1.070159,0.060813,1.702589,-1.993772,-0.338356,-2.964763,-0.088845,0.188342,0.017075,-2.131549,-0.542478,2.339332,1.631423,0.000509,0.000000,-1.821807,1.968485,1.425498,1.007008,-2.608347,2.351163,-2.611750,0.004440,-0.003778,5.331602,-0.454910,-7.424054,-8.435475,-0.022559,11.036753,-0.006452,0.241926,-0.025968,-14.618048,-22.917290,-3.151811,10.571376,-12.000000,12.000000,-12.000000,-0.899770,0.334475,-14.618048,-22.917290,-3.151811,10.571376,-29.374828,37.001583,-182.858124,-0.899770,0.334475,87.000000,87.000000,87.000000,87.000000,12.000000,12.000000,12.000000,200.000000,200.000000,0.000000,0.000000,0.000000,0.000000,0.000000,0.000000,0.000000,0.000000,0.000000
248,-0.482304,0.524019,0.263002,1.833843,-2.105120,-0.454078,-3.292238,-0.154867,0.247602,0.071166,-2.110213,-0.628246,2.424959,1.544409,0.000592,0.000000,-1.704968,1.396367,1.324840,0.409661,-2.604394,2.439908,-2.607830,0.000910,-0.001737,26.786154,-17.177588,-29.149288,-18.850695,0.163307,9.541410,0.309076,-0.073604,0.048555,-0.717267,-48.914268,-0.484868,15.130099,-12.000000,12.000000,-12.000000,-1.337517,0.254654,-0.717267,-48.914268,-0.484868,15.130099,-26.943941,25.130077,-188.990906,-1.337517,0.254654,87.000000,87.000000,87.000000,87.000000,12.000000,12.000000,12.000000,200.000000,200.000000,0.000000,0.000000,0.000000,0.000000,0.000000,0.000000,0.000000,0.000000,0.000000
249,-0.509792,0.358657,0.286552,1.816165,-2.153919,-0.585011,-3.489515,-0.200588,0.284700,0.102226,-2.111541,-0.713801,2.512053,1.457362,0.000643,0.000000,-1.118765,0.649825,0.624084,-0.337294,-2.551222,2.613634,-2.611626,0.002560,-0.003575,20.143553,-21.612591,-23.946781,-20.086349,0.533509,-0.022988,0.005836,0.001595,-0.020092,-0.140718,-56.752769,0.176991,16.488060,-12.000000,11.623322,-12.000000,-1.494380,0.324038,-0.140718,-56.752769,0.176991,16.488060,-22.233513,11.623322,-189.924667,-1.494380,0.324038,87.000000,87.000000,87.000000,87.000000,12.000000,12.000000,12.000000,200.000000,200.000000,0.000000,0.000000,0.000000,0.000000,0.000000,0.000000,0.000000,0.000000,0.000000
250,-0.491638,0.501974,0.260036,1.913151,-2.131261,-0.642643,-3.613245,-0.224417,0.303807,0.107557,-2.125278,-0.798998,2.594208,1.370311,0.000673,0.000000,-0.603335,0.278476,0.051775,-0.394792,-2.554171,2.009036,-2.612013,0.001799,-0.003446,6.533288,-10.732826,-5.936363,0.737922,-1.235404,-36.084263,-0.038252,-0.040779,0.014906,0.306427,-50.932148,1.270155,22.810537,-12.000000,2.364807,-12.000000,-1.571402,0.369450,0.306427,-50.932148,1.270155,22.810537,-14.613212,2.364807,-187.911438,-1.571402,0.369450,87.000000,87.000000,87.000000,87.000000,12.000000,12.000000,12.000000,200.000000,200.000000,0.000000,0.000000,0.000000,0.000000,0.000000,0.000000,0.000000,0.000000,0.000000
251,-0.254498,0.546711,0.394397,1.898670,-2.118870,-0.691769,-3.710672,-0.233105,0.311766,0.101513,-2.136933,-0.884200,2.630244,1.283565,0.000611,0.000008,-0.144791,-0.022172,-0.192649,-0.294053,-2.529204,0.579868,-2.566669,-0.001612,0.000664,6.743521,-8.537938,-0.603149,1.287675,0.741992,-22.339661,1.777511,-0.145624,0.186569,9.276116,-48.854687,8.086888,22.918837,-7.241687,2.120422,-12.000000,-1.395592,0.244556,9.276116,-48.854687,8.086888,22.918837,-7.241687,2.120422,-184.908676,-1.395592,0.244556,87.000000,87.000000,87.000000,87.000000,12.000000,12.000000,12.000000,200.000000,200.000000,0.000000,0.000000,0.000000,0.000000,0.000000,0.000000,0.000000,0.000000,0.000000
252,-0.333786,0.691296,0.155697,1.978637,-1.976188,-0.764628,-3.728082,-0.216485,0.314018,0.073447,-2.141612,-0.945663,2.632058,1.196512,0.000451,0.000098,0.487571,-0.073622,-0.782929,0.010213,-1.250845,-0.176223,-2.611245,-0.004760,0.003319,-6.221770,-0.733879,9.437520,7.067153,36.145546,-5.629249,0.014763,-0.176454,0.102999,2.353133,-42.666451,2.930106,26.008369,2.014462,2.021715,-12.000000,-0.910032,-0.252879,2.353133,-42.666451,2.930106,26.008369,2.014462,2.021715,-178.599731,-0.910032,-0.252879,87.000000,87.000000,87.000000,87.000000,12.000000,12.000000,12.000000,200.000000,200.000000,0.000000,0.000000,0.000000,0.000000,0.000000,0.000000,0.000000,0.000000,0.000000
253,-0.190941,0.674292,0.222258,1.839382,-1.898112,-0.808734,-3.834167,-0.200012,0.312157,0.050327,-2.144827,-0.955238,2.620235,1.109485,0.000259,0.000141,0.384133,-0.259834,-0.494364,-0.093505,-0.052336,-0.407421,-2.611071,-0.005878,0.001662,-7.448970,-4.719218,12.746915,-1.420771,7.884617,3.580082,-0.005393,-0.072327,-0.019422,6.930622,-42.929474,6.886503,20.486116,1.098474,2.349276,-12.000000,-0.259198,-0.444443,6.930622,-42.929474,6.886503,20.486116,1.098474,2.349276,-175.882645,-0.259198,-0.444443,87.000000,87.000000,87.000000,87.000000,12.000000,12.000000,12.000000,200.000000,200.000000,0.000000,0.000000,0.000000,0.000000,0.000000,0.000000,0.000000,0.000000,0.000000
254,-0.124268,0.773796,0.160861,1.866002,-1.812740,-0.786154,-3.828204,-0.177445,0.307634,0.025087,-2.147482,-0.937753,2.618056,1.023181,0.000129,0.000137,0.571368,-0.256243,-0.554771,0.039187,0.476624,-0.130139,-2.502304,-0.003305,0.000066,-9.137957,0.459568,15.408821,5.863051,-8.217733,-0.887046,5.589823,0.068946,-0.068058,7.197866,-38.300415,6.761032,21.827293,0.771240,2.436955,-12.000000,0.075319,-0.415183,7.197866,-38.300415,6.761032,21.827293,0.771240,2.436955,-168.747162,0.075319,-0.415183,87.000000,87.000000,87.000000,87.000000,12.000000,12.000000,12.000000,200.000000,200.000000,0.000000,0.000000,0.000000,0.000000,0.000000,0.000000,0.000000,0.000000,0.000000
255,-0.302717,0.894702,-0.071878,1.779475,-1.707038,-0.907424,-3.879355,-0.153476,0.303506,0.001781,-2.145911,-0.903085,2.595179,0.936609,0.000050,0.000153,0.598177,-0.227589,-0.579774,0.111922,0.927987,-0.734600,-2.531533,-0.002648,0.001805,-10.178407,1.646527,9.582292,2.102111,-14.472806,7.456380,4.812884,-0.060501,0.046853,-1.980240,-33.143402,-0.958325,17.833282,0.673506,1.492093,-12.000000,-0.021851,-0.379211,-1.980240,-33.143402,-0.958325,17.833282,0.673506,1.492093,-163.819550,-0.021851,-0.379211,87.000000,87.000000,87.000000,87.000000,12.000000,12.000000,12.000000,200.000000,200.000000,0.000000,0.000000,0.000000,0.000000,0.000000,0.000000,0.000000,0.000000,0.000000
256,-0.250040,0.994484,-0.056366,1.655756,-1.636050,-0.948986,-3.907712,-0.136775,0.300493,-0.014248,-2.146261,-0.864464,2.572422,0.850265,0.000022,0.000164,0.362139,-0.195515,-0.335173,-0.033020,0.931377,-0.618137,-2.508882,-0.001311,0.001292,-8.811105,1.366452,8.752211,-3.311468,-19.572914,10.572688,5.317926,0.003181,-0.001473,-0.518657,-29.015282,0.261081,12.986012,0.107114,1.546784,-12.000000,0.063296,-0.446292,-0.518657,-29.015282,0.261081,12.986012,0.107114,1.546784,-158.088959,0.063296,-0.446292,87.000000,87.000000,87.000000,87.000000,12.000000,12.000000,12.000000,200.000000,200.000000,0.000000,0.000000,0.000000,0.000000,0.000000,0.000000,0.000000,0.000000,0.000000
257,-0.214939,0.919210,-0.044407,1.791314,-1.583907,-0.926056,-3.947979,-0.126450,0.299838,-0.023913,-2.146813,-0.832481,2.562562,0.763865,0.000010,0.000177,0.217201,-0.100270,-0.179115,0.082314,0.737310,-0.276975,-2.536188,-0.000555,0.000921,-5.626035,2.702016,6.432873,4.165177,-16.851847,5.372411,2.112036,0.039690,-0.039443,0.621685,-32.151726,0.969755,18.570126,0.297803,2.060848,-12.000000,0.095982,-0.507279,0.621685,-32.151726,0.969755,18.570126,0.297803,2.060848,-152.905121,0.095982,-0.507279,87.000000,87.000000,87.000000,87.000000,12.000000,12.000000,12.000000,200.000000,200.000000,0.000000,0.000000,0.000000,0.000000,0.000000,0.000000,0.000000,0.000000,0.000000
258,-0.283449,0.771564,-0.111995,1.829111,-1.501009,-0.951900,-3.976059,-0.119935,0.299314,-0.029913,-2.145153,-0.797420,2.552623,0.676924,0.000009,0.000178,0.136188,-0.166869,-0.134175,0.106868,0.873950,-0.347640,-2.593204,-0.000773,0.000910,-3.807353,-1.692281,2.423775,1.517688,-16.954163,3.722960,1.140547,-0.018062,-0.007910,-2.316413,-38.089298,-1.605953,19.731899,0.442971,1.911948,-12.000000,0.015874,-0.456729,-2.316413,-38.089298,-1.605953,19.731899,0.442971,1.911948,-146.940903,0.015874,-0.456729,87.000000,87.000000,87.000000,87.000000,12.000000,12.000000,12.000000,200.000000,200.000000,0.000000,0.000000,0.000000,0.000000,0.000000,0.000000,0.000000,0.000000,0.000000
259,-0.325747,0.968158,-0.193057,1.782422,-1.433825,-1.006231,-3.990445,-0.112053,0.299752,-0.039705,-2.140708,-0.762685,2.537052,0.589879,0.000006,0.000179,0.175182,-0.059775,-0.272423,0.215632,0.863694,-0.497755,-2.610075,-0.000879,0.001030,-5.315612,3.220101,2.312567,2.813823,-16.214869,6.232657,0.123682,-0.028389,0.012266,-4.823874,-30.265619,-3.708631,17.293602,0.417034,1.530334,-12.000000,0.014092,-0.433801,-4.823874,-30.265619,-3.708631,17.293602,0.417034,1.530334,-140.561295,0.014092,-0.433801,87.000000,87.000000,87.000000,87.000000,12.000000,12.000000,12.000000,200.000000,200.000000,0.000000,0.000000,0.000000,0.000000,0.000000,0.000000,0.000000,0.000000,0.000000
260,-0.155216,0.790907,-0.045273,1.726329,-1.400891,-1.035337,-4.072025,-0.109947,0.298623,-0.043705,-2.139117,-0.734461,2.519579,0.502867,0.000020,0.000170,0.030847,-0.230696,-0.061852,-0.025647,0.676097,-0.511316,-2.608120,-0.000471,0.000906,-1.267352,-4.585481,2.271348,-6.892199,-14.374293,8.332060,0.191689,-0.018887,0.017897,2.435993,-37.257359,1.967293,15.007326,0.075248,1.935145,-12.000000,-0.021374,-0.400674,2.435993,-37.257359,1.967293,15.007326,0.075248,1.935145,-136.865479,-0.021374,-0.400674,87.000000,87.000000,87.000000,87.000000,12.000000,12.000000,12.000000,200.000000,200.000000,0.000000,0.000000,0.000000,0.000000,0.000000,0.000000,0.000000,0.000000,0.000000
261,0.027660,0.901653,0.101843,1.794973,-1.350015,-0.975770,-4.065031,-0.108398,0.296389,-0.043694,-2.141034,-0.707956,2.520187,0.416523,0.000042,0.000153,0.063295,-0.153947,0.083237,0.033239,0.613077,-0.025956,-2.535694,0.000489,-0.000135,1.953488,2.199229,4.038929,3.635452,-14.728134,0.508101,0.578670,0.049866,-0.068611,9.719470,-32.466316,7.569932,18.348879,0.137002,2.540443,-12.000000,-0.018647,-0.439346,9.719470,-32.466316,7.569932,18.348879,0.137002,2.540443,-129.910934,-0.018647,-0.439346,87.000000,87.000000,87.000000,87.000000,12.000000,12.000000,12.000000,200.000000,200.000000,0.000000,0.000000,0.000000,0.000000,0.000000,0.000000,0.000000,0.000000,0.000000
262,-0.403271,0.899486,-0.290704,1.767973,-1.247908,-1.064514,-4.111708,-0.100615,0.295505,-0.049942,-2.140757,-0.672900,2.508231,0.329487,0.000048,0.000145,0.186862,-0.135996,-0.219443,0.057461,0.924720,-0.478172,-2.611962,-0.001144,0.001219,-4.975754,0.877227,-0.554293,0.586515,-15.268413,2.712777,-0.006537,-0.078471,0.041062,-8.848722,-32.605949,-7.103244,17.009577,0.564841,1.256997,-12.000000,-0.138268,-0.332234,-8.848722,-32.605949,-7.103244,17.009577,0.564841,1.256997,-124.581718,-0.138268,-0.332234,87.000000,87.000000,87.000000,87.000000,12.000000,12.000000,12.000000,200.000000,200.000000,0.000000,0.000000,0.000000,0.000000,0.000000,0.000000,0.000000,0.000000,0.000000
263,-0.255422,0.789881,-0.196682,1.812557,-1.174109,-1.073299,-4.137996,-0.094674,0.293958,-0.058302,-2.140713,-0.635094,2.494932,0.242452,0.000041,0.000147,0.107073,-0.190028,-0.202342,0.045231,0.929989,-0.433339,-2.611777,-0.000854,0.000937,-4.893980,-1.336942,2.950778,0.400667,-18.646751,5.473385,-0.001574,0.003752,-0.018993,-3.203066,-36.848999,-2.508623,18.809278,0.273647,2.024091,-12.000000,-0.004063,-0.416646,-3.203066,-36.848999,-2.508623,18.809278,0.273647,2.024091,-118.670670,-0.004063,-0.416646,87.000000,87.000000,87.000000,87.000000,12.000000,12.000000,12.000000,200.000000,200.000000,0.000000,0.000000,0.000000,0.000000,0.000000,0.000000,0.000000,0.000000,0.000000
264,0.057068,0.897463,0.075544,1.756074,-1.135189,-1.066778,-4.242051,-0.094438,0.292030,-0.057888,-2.141224,-0.603972,2.487012,0.156058,0.000061,0.000130,0.024993,-0.165959,0.093236,0.024566,0.730887,-0.271699,-2.530524,0.000045,0.000325,2.590696,0.845381,3.077461,0.039753,-16.457787,4.401959,1.768255,0.014399,-0.015730,9.917185,-32.332241,7.572182,16.622355,-0.004445,2.441051,-12.000000,-0.084633,-0.335201,9.917185,-32.332241,7.572182,16.622355,-0.004445,2.441051,-116.093811,-0.084633,-0.335201,87.000000,87.000000,87.000000,87.000000,12.000000,12.000000,12.000000,200.000000,200.000000,0.000000,0.000000,0.000000,0.000000,0.000000,0.000000,0.000000,0.000000,0.000000
265,-0.264347,0.958055,-0.229929,1.728247,-1.044264,-1.149486,-4.239163,-0.087070,0.291466,-0.063231,-2.141605,-0.568746,2.469412,0.069043,0.000072,0.000124,0.197730,-0.107456,-0.176305,0.025258,0.915426,-0.601396,-2.611264,-0.000905,0.001214,-3.522341,1.982831,0.511486,-0.466580,-15.708117,6.170536,-0.008368,-0.050030,0.030033,-4.323297,-29.954695,-3.662068,15.510237,0.370742,1.506203,-12.000000,-0.152009,-0.307646,-4.323297,-29.954695,-3.662068,15.510237,0.370742,1.506203,-108.846519,-0.152009,-0.307646,87.000000,87.000000,87.000000,87.000000,12.000000,12.000000,12.000000,200.000000,200.000000,0.000000,0.000000,0.000000,0.000000,0.000000,0.000000,0.000000,0.000000,0.000000
266,-0.008398,0.773026,-0.031241,1.902950,-0.972868,-0.997437,-4.282176,-0.081817,0.292598,-0.067188,-2.142307,-0.531097,2.485421,-0.017572,0.000070,0.000119,0.109977,-0.071091,-0.001712,0.134226,0.839624,0.379750,-2.575532,0.000684,-0.000731,-1.894230,0.899741,6.159305,7.873661,-22.269003,-6.311232,-2.028694,0.094424,-0.129835,5.799098,-37.604317,4.483179,22.736546,0.022453,3.010488,-12.000000,-0.018817,-0.428254,5.799098,-37.604317,4.483179,22.736546,0.022453,3.010488,-103.903503,-0.018817,-0.428254,87.000000,87.000000,87.000000,87.000000,12.000000,12.000000,12.000000,200.000000,200.000000,0.000000,0.000000,0.000000,0.000000,0.000000,0.000000,0.000000,0.000000,0.000000
267,-0.331088,0.907400,-0.334438,1.741917,-0.898777,-1.130380,-4.285060,-0.073339,0.293858,-0.074580,-2.138476,-0.496685,2.475149,-0.104575,0.000105,0.000089,0.206219,-0.088393,-0.244188,0.127106,0.905698,-0.494956,-2.610826,-0.000869,0.001068,-5.235222,-0.292245,0.155975,-2.444515,-14.311898,1.630821,-0.011559,-0.109820,0.086292,-8.212008,-32.352932,-6.772861,15.421464,0.532970,1.268174,-12.000000,-0.319218,-0.132754,-8.212008,-32.352932,-6.772861,15.421464,0.532970,1.268174,-96.794548,-0.319218,-0.132754,87.000000,87.000000,87.000000,87.000000,12.000000,12.000000,12.000000,200.000000,200.000000,0.000000,0.000000,0.000000,0.000000,0.000000,0.000000,0.000000,0.000000,0.000000
268,-0.140513,0.800056,-0.179371,1.798753,-0.845973,-1.114730,-4.371871,-0.069856,0.293566,-0.079424,-2.137604,-0.463665,2.466550,-0.191590,0.000100,0.000092,0.048499,-0.159217,-0.085290,0.046469,0.790514,-0.307907,-2.610682,-0.000472,0.000674,-2.944886,-1.877537,2.689466,-1.303495,-17.279461,4.013699,0.002861,0.019618,-0.031710,-0.331264,-36.525700,-0.446302,17.901737,0.124600,2.244962,-12.000000,-0.124048,-0.306606,-0.331264,-36.525700,-0.446302,17.901737,0.124600,2.244962,-93.305435,-0.124048,-0.306606,87.000000,87.000000,87.000000,87.000000,12.000000,12.000000,12.000000,200.000000,200.000000,0.000000,0.000000,0.000000,0.000000,0.000000,0.000000,0.000000,0.000000,0.000000
269,-0.123661,0.870532,-0.165740,1.748459,-0.763599,-1.179967,-4.404232,-0.068702,0.291562,-0.081171,-2.138528,-0.427678,2.449108,-0.278586,0.000113,0.000082,0.025973,-0.189541,-0.037658,-0.018495,0.925012,-0.592032,-2.607617,-0.000687,0.000883,-0.537398,-0.511658,0.255224,-2.329002,-16.678045,6.751492,0.168657,-0.021575,0.005416,0.453650,-33.388340,-0.033329,16.078362,0.227776,1.936709,-12.000000,-0.202385,-0.239848,0.453650,-33.388340,-0.033329,16.078362,0.227776,1.936709,-87.640556,-0.202385,-0.239848,87.000000,87.000000,87.000000,87.000000,12.000000,12.000000,12.000000,200.000000,200.000000,0.000000,0.000000,0.000000,0.000000,0.000000,0.000000,0.000000,0.000000,0.000000
270,-0.112320,0.964119,-0.188750,1.871445,-0.716697,-1.081890,-4.382458,-0.064660,0.293353,-0.087061,-2.137679,-0.396626,2.457256,-0.365560,0.000095,0.000096,0.083483,0.033171,-0.130449,0.220854,0.688520,0.169099,-2.610498,0.000089,0.000118,-3.060971,6.142797,3.519370,9.927027,-18.211809,-2.183820,-1.017365,0.053723,-0.071419,0.280592,-30.000717,-0.041841,20.990658,0.137474,2.692706,-12.000000,-0.098974,-0.338908,0.280592,-30.000717,-0.041841,20.990658,0.137474,2.692706,-79.880089,-0.098974,-0.338908,87.000000,87.000000,87.000000,87.000000,12.000000,12.000000,12.000000,200.000000,200.000000,0.000000,0.000000,0.000000,0.000000,0.000000,0.000000,0.000000,0.000000,0.000000
271,-0.145783,0.780867,-0.216145,1.751837,-0.644660,-1.162678,-4.466888,-0.062844,0.295107,-0.090051,-2.134963,-0.364567,2.449836,-0.452560,0.000134,0.000063,0.034178,-0.144001,-0.071707,0.028834,0.836766,-0.395912,-2.610147,-0.000264,0.000369,-1.367934,-4.792630,0.600062,-6.431229,-14.485934,0.898345,-0.004578,-0.052020,0.019510,-0.970958,-37.624828,-1.225484,15.566260,0.296867,1.714301,-12.000000,-0.320697,-0.145820,-0.970958,-37.624828,-1.225484,15.566260,0.296867,1.714301,-76.230698,-0.320697,-0.145820,87.000000,87.000000,87.000000,87.000000,12.000000,12.000000,12.000000,200.000000,200.000000,0.000000,0.000000,0.000000,0.000000,0.000000,0.000000,0.000000,0.000000,0.000000
272,-0.001155,0.809645,-0.104520,1.887319,-0.547886,-1.129622,-4.499813,-0.061288,0.294870,-0.091268,-2.134139,-0.324203,2.446616,-0.539520,0.000124,0.000065,0.049689,-0.109109,0.007807,0.149988,0.992269,-0.190405,-2.594423,-0.000458,0.000332,0.427644,1.090080,2.142347,5.247918,-20.671709,1.414384,0.440011,0.018671,-0.049207,4.747406,-36.211060,3.216643,21.263361,0.163743,2.789447,-12.000000,-0.177361,-0.255172,4.747406,-36.211060,3.216643,21.263361,0.163743,2.789447,-70.621674,-0.177361,-0.255172,87.000000,87.000000,87.000000,87.000000,12.000000,12.000000,12.000000,200.000000,200.000000,0.000000,0.000000,0.000000,0.000000,0.000000,0.000000,0.000000,0.000000,0.000000
273,-0.000330,0.784513,-0.112165,1.786283,-0.480873,-1.168264,-4.497007,-0.057796,0.293060,-0.091325,-2.133144,-0.286065,2.439714,-0.626475,0.000146,0.000046,0.118244,-0.221450,0.026062,0.025027,0.928107,-0.325983,-2.593812,-0.000091,0.000276,0.610468,-2.984315,1.567966,-3.237041,-19.279406,2.075389,0.456004,-0.014707,-0.001892,4.332267,-37.006138,2.830098,16.989109,0.043970,2.194166,-12.000000,-0.297546,-0.137008,4.332267,-37.006138,2.830098,16.989109,0.043970,2.194166,-63.554245,-0.297546,-0.137008,87.000000,87.000000,87.000000,87.000000,12.000000,12.000000,12.000000,200.000000,200.000000,0.000000,0.000000,0.000000,0.000000,0.000000,0.000000,0.000000,0.000000,0.000000
274,-0.128870,0.889374,-0.255603,1.795321,-0.448065,-1.136351,-4.541980,-0.049324,0.290565,-0.096776,-2.134475,-0.258448,2.442841,-0.713481,0.000147,0.000054,0.214235,-0.169052,-0.138970,0.034113,0.622571,-0.019098,-2.610039,-0.000089,0.000645,-3.985703,1.511686,2.927826,1.939203,-15.667279,-1.299982,-0.003662,-0.002706,-0.003389,-2.004475,-32.495544,-1.953777,17.726786,0.151855,2.222124,-12.000000,-0.282989,-0.176671,-2.004475,-32.495544,-1.953777,17.726786,0.151855,2.222124,-58.361050,-0.282989,-0.176671,87.000000,87.000000,87.000000,87.000000,12.000000,12.000000,12.000000,200.000000,200.000000,0.000000,0.000000,0.000000,0.000000,0.000000,0.000000,0.000000,0.000000,0.000000
275,-0.149217,0.867934,-0.268481,1.749063,-0.374278,-1.215634,-4.572696,-0.044455,0.288124,-0.099410,-2.135401,-0.228308,2.429366,-0.800493,0.000165,0.000039,0.099117,-0.202846,-0.052959,-0.020619,0.794978,-0.535141,-2.610030,-0.000415,0.000516,-2.922504,-0.669107,1.023610,-2.954840,-13.509256,4.411736,0.007267,-0.012694,-0.023498,-2.842863,-33.193684,-2.593199,15.816550,0.378113,1.813531,-12.000000,-0.313282,-0.177941,-2.842863,-33.193684,-2.593199,15.816550,0.378113,1.813531,-52.628128,-0.313282,-0.177941,87.000000,87.000000,87.000000,87.000000,12.000000,12.000000,12.000000,200.000000,200.000000,0.000000,0.000000,0.000000,0.000000,0.000000,0.000000,0.000000,0.000000,0.000000
276,-0.178139,0.879684,-0.316909,1.784958,-0.313394,-1.223862,-4.611420,-0.039650,0.285958,-0.104624,-2.137906,-0.197271,2.417212,-0.887499,0.000161,0.000039,0.092084,-0.161457,-0.143879,-0.013757,0.758558,-0.416471,-2.609881,-0.000467,0.000573,-4.201212,1.338355,1.408730,0.807947,-15.936970,5.533778,0.004692,-0.000940,-0.019431,-4.437683,-32.546448,-3.849408,17.647287,0.277252,2.217776,-12.000000,-0.284310,-0.170961,-4.437683,-32.546448,-3.849408,17.647287,0.277252,2.217776,-47.217232,-0.284310,-0.170961,87.000000,87.000000,87.000000,87.000000,12.000000,12.000000,12.000000,200.000000,200.000000,0.000000,0.000000,0.000000,0.000000,0.000000,0.000000,0.000000,0.000000,0.000000
277,0.024286,0.864280,-0.156643,1.852530,-0.213377,-1.137863,-4.607682,-0.037632,0.286071,-0.106983,-2.140240,-0.156771,2.427456,-0.974492,0.000141,0.000051,0.044412,-0.067930,-0.015758,0.078324,0.972616,0.172267,-2.609704,-0.000183,0.000174,-0.579285,2.891651,2.790805,6.922311,-22.209272,-4.619075,-0.000944,0.013433,-0.046559,3.823804,-33.331913,2.497498,20.639832,0.104887,2.697451,-12.000000,-0.239843,-0.210991,3.823804,-33.331913,2.497498,20.639832,0.104887,2.697451,-40.109196,-0.239843,-0.210991,87.000000,87.000000,87.000000,87.000000,12.000000,12.000000,12.000000,200.000000,200.000000,0.000000,0.000000,0.000000,0.000000,0.000000,0.000000,0.000000,0.000000,0.000000
278,-0.210152,0.938650,-0.392720,1.685610,-0.212884,-1.243128,-4.625503,-0.030914,0.287462,-0.115852,-2.139597,-0.135319,2.416843,-1.061518,0.000174,0.000032,0.147576,-0.083640,-0.271025,-0.007488,0.514134,-0.466240,-2.609986,-0.000241,0.000818,-5.753157,-0.533186,1.933284,-5.542645,-10.018747,3.655329,0.011430,-0.028055,0.030954,-6.650661,-30.622805,-5.616882,13.428961,0.331872,1.496315,-12.000000,-0.365620,-0.090454,-6.650661,-30.622805,-5.616882,13.428961,0.331872,1.496315,-33.858582,-0.365620,-0.090454,87.000000,87.000000,87.000000,87.000000,12.000000,12.000000,12.000000,200.000000,200.000000,0.000000,0.000000,0.000000,0.000000,0.000000,0.000000,0.000000,0.000000,0.000000
279,0.020395,0.813608,-0.213529,1.934699,-0.136594,-1.116531,-4.631644,-0.028301,0.290472,-0.121413,-2.139762,-0.106664,2.429690,-1.148495,0.000133,0.000066,0.041748,0.021516,-0.098506,0.192510,0.683642,0.265068,-2.609364,-0.000593,0.000810,-1.983012,3.003472,3.794188,10.050663,-16.335871,-4.811081,-0.008583,0.010677,-0.036711,2.846262,-35.941807,1.657315,23.763128,0.271581,3.120389,-12.000000,-0.203949,-0.267276,2.846262,-35.941807,1.657315,23.763128,0.271581,3.120389,-27.149006,-0.203949,-0.267276,87.000000,87.000000,87.000000,87.000000,12.000000,12.000000,12.000000,200.000000,200.000000,0.000000,0.000000,0.000000,0.000000,0.000000,0.000000,0.000000,0.000000,0.000000
280,0.004268,0.937955,-0.234647,1.738991,-0.060504,-1.208548,-4.656680,-0.025608,0.294961,-0.124955,-2.135353,-0.073330,2.424802,-1.235515,0.000154,0.000045,0.071126,0.014706,-0.075961,0.141067,0.862642,-0.338307,-2.609720,-0.000014,-0.000032,-1.263522,-0.150664,2.255259,-3.023782,-15.447327,0.495080,0.014477,0.009308,-0.051134,1.954639,-31.489756,0.941076,14.974884,0.240253,1.716090,-12.000000,-0.281018,-0.198806,1.954639,-31.489756,0.941076,14.974884,0.240253,1.716090,-21.186493,-0.281018,-0.198806,87.000000,87.000000,87.000000,87.000000,12.000000,12.000000,12.000000,200.000000,200.000000,0.000000,0.000000,0.000000,0.000000,0.000000,0.000000,0.000000,0.000000,0.000000
281,0.054504,0.698928,-0.202178,1.868562,0.004067,-1.190357,-4.719713,-0.023004,0.296740,-0.126232,-2.134055,-0.039536,2.420269,-1.322514,0.000156,0.000041,0.079004,-0.127381,-0.004401,0.071184,0.813703,-0.233995,-2.609426,-0.000137,0.000364,-0.102556,-3.975238,2.070099,-0.913646,-17.730656,1.999189,0.004478,-0.003485,-0.010411,3.799110,-41.032490,2.143058,20.359089,0.109167,2.628210,-12.000000,-0.300766,-0.145199,3.799110,-41.032490,2.143058,20.359089,0.109167,2.628210,-16.749409,-0.300766,-0.145199,87.000000,87.000000,87.000000,87.000000,12.000000,12.000000,12.000000,200.000000,200.000000,0.000000,0.000000,0.000000,0.000000,0.000000,0.000000,0.000000,0.000000,0.000000
282,-0.069514,0.778528,-0.326474,1.873232,0.050358,-1.159456,-4.710615,-0.017608,0.296071,-0.130251,-2.133375,-0.011460,2.425005,-1.409511,0.000151,0.000053,0.135205,-0.146511,-0.112641,0.110564,0.653812,0.012360,-2.609482,-0.000406,0.000917,-2.913317,-0.588106,1.689946,2.892064,-15.439095,-1.935777,-0.000358,-0.025667,0.011797,-1.900766,-37.550308,-2.242438,20.604259,0.266590,2.608279,-9.425929,-0.309547,-0.169487,-1.900766,-37.550308,-2.242438,20.604259,0.266590,2.608279,-9.425929,-0.309547,-0.169487,87.000000,87.000000,87.000000,87.000000,12.000000,12.000000,12.000000,200.000000,200.000000,0.000000,0.000000,0.000000,0.000000,0.000000,0.000000,0.000000,0.000000,0.000000
283,-0.143021,0.972969,-0.410633,1.696756,0.090962,-1.254393,-4.702998,-0.011473,0.295270,-0.137763,-2.132334,0.012321,2.412368,-1.495410,0.000171,0.000036,0.117894,-0.136004,-0.204630,0.009796,0.588150,-0.506480,-2.332991,0.000121,0.000121,-5.577305,0.357428,2.599933,-4.960680,-12.496636,4.490196,16.624716,0.023791,-0.052000,-5.437211,-29.684210,-4.711505,13.281362,0.352564,1.558703,-2.156785,-0.302659,-0.192831,-5.437211,-29.684210,-4.711505,13.281362,0.352564,1.558703,-2.156785,-0.302659,-0.192831,87.000000,87.000000,87.000000,87.000000,12.000000,12.000000,12.000000,200.000000,200.000000,0.000000,0.000000,0.000000,0.000000,0.000000,0.000000,0.000000,0.000000,0.000000
284,0.118301,0.716944,-0.196543,1.917742,0.158286,-1.148038,-4.753265,-0.010390,0.293781,-0.139043,-2.134786,0.041286,2.421024,-1.562981,0.000124,0.000063,0.033769,-0.176468,0.012928,0.045300,0.684251,0.147728,-1.465938,-0.001213,0.001052,0.759734,-0.926920,2.352110,5.064542,-15.873698,-3.480153,34.394363,-0.031586,0.014407,5.506526,-39.771324,3.370704,22.793356,0.259121,2.939172,0.080261,-0.213609,-0.192588,5.506526,-39.771324,3.370704,22.793356,0.259121,2.939172,0.080261,-0.213609,-0.192588,87.000000,87.000000,87.000000,87.000000,12.000000,12.000000,12.000000,200.000000,200.000000,0.000000,0.000000,0.000000,0.000000,0.000000,0.000000,0.000000,0.000000,0.000000
285,0.098643,0.830069,-0.211523,1.815493,0.191651,-1.194258,-4.755983,-0.008041,0.291470,-0.138267,-2.134064,0.064661,2.420456,-1.598674,0.000101,0.000069,0.090750,-0.193029,0.041912,0.075782,0.580395,-0.183499,-0.770764,-0.001116,0.000711,0.926108,-0.450924,1.433066,-0.002080,-11.224358,-0.283203,18.183910,0.006506,-0.013463,4.394608,-34.990868,2.574244,18.275854,0.274423,2.185911,0.040338,-0.103909,-0.226021,4.394608,-34.990868,2.574244,18.275854,0.274423,2.185911,0.040338,-0.103909,-0.226021,87.000000,87.000000,87.000000,87.000000,12.000000,12.000000,12.000000,200.000000,200.000000,0.000000,0.000000,0.000000,0.000000,0.000000,0.000000,0.000000,0.000000,0.000000
286,-0.126902,1.126274,-0.419767,1.624770,0.183966,-1.293450,-4.761025,-0.001447,0.291284,-0.143326,-2.133660,0.075126,2.402111,-1.618423,0.000112,0.000053,0.152466,-0.064349,-0.156117,-0.018046,0.261901,-0.609517,-0.431097,-0.000714,0.000483,-4.613649,3.611643,1.579176,-5.777101,-4.530340,8.651833,10.156634,0.001323,0.002168,-5.632005,-23.240337,-4.817840,10.533470,0.360143,1.332499,0.050194,-0.155539,-0.152223,-5.632005,-23.240337,-4.817840,10.533470,0.360143,1.332499,0.050194,-0.155539,-0.152223,87.000000,87.000000,87.000000,87.000000,12.000000,12.000000,12.000000,200.000000,200.000000,0.000000,0.000000,0.000000,0.000000,0.000000,0.000000,0.000000,0.000000,0.000000
287,-0.116617,0.767988,-0.435994,1.943260,0.206947,-1.150633,-4.759125,0.002561,0.293936,-0.149177,-2.135259,0.084742,2.413719,-1.628283,0.000080,0.000079,0.067347,-0.012903,-0.170319,0.117069,0.204609,0.261066,-0.213052,-0.000842,0.000749,-4.126366,1.426562,1.072866,7.988837,-6.916286,-3.915072,4.814399,0.007617,-0.004971,-5.290807,-38.043827,-4.984781,23.826530,0.513553,3.098168,0.025476,-0.073377,-0.230893,-5.290807,-38.043827,-4.984781,23.826530,0.513553,3.098168,0.025476,-0.073377,-0.230893,87.000000,87.000000,87.000000,87.000000,12.000000,12.000000,12.000000,200.000000,200.000000,0.000000,0.000000,0.000000,0.000000,0.000000,0.000000,0.000000,0.000000,0.000000
288,0.018489,0.836236,-0.299899,1.781484,0.216977,-1.234465,-4.759569,0.000280,0.295898,-0.149434,-2.133207,0.092695,2.409158,-1.633317,0.000082,0.000077,-0.081571,-0.093642,0.019120,0.057691,0.245931,-0.310187,-0.109446,-0.000818,0.000665,-0.054111,-2.260365,0.734811,-3.925524,-2.587822,0.902097,2.669947,-0.005292,0.003539,0.919670,-35.466961,-0.038557,16.671171,0.434740,1.882324,0.011218,-0.097400,-0.210338,0.919670,-35.466961,-0.038557,16.671171,0.434740,1.882324,0.011218,-0.097400,-0.210338,87.000000,87.000000,87.000000,87.000000,12.000000,12.000000,12.000000,200.000000,200.000000,0.000000,0.000000,0.000000,0.000000,0.000000,0.000000,0.000000,0.000000,0.000000
289,0.066202,0.908852,-0.256016,1.776816,0.236038,-1.249437,-4.803166,-0.002180,0.296893,-0.147957,-2.133664,0.102404,2.401536,-1.646283,0.000074,0.000084,-0.044938,-0.079087,0.041737,0.014693,0.251725,-0.311513,-0.287025,-0.000750,0.000623,1.759707,0.485781,-0.162299,-1.495372,-4.813231,3.673331,6.742363,0.008701,-0.007494,3.035150,-32.523788,1.482121,16.773911,0.271258,2.064040,0.012144,-0.063601,-0.238014,3.035150,-32.523788,1.482121,16.773911,0.271258,2.064040,0.012144,-0.063601,-0.238014,87.000000,87.000000,87.000000,87.000000,12.000000,12.000000,12.000000,200.000000,200.000000,0.000000,0.000000,0.000000,0.000000,0.000000,0.000000,0.000000,0.000000,0.000000
290,-0.053388,0.798696,-0.373587,1.879885,0.219366,-1.165453,-4.779301,-0.001360,0.298346,-0.150088,-2.134925,0.103032,2.412802,-1.647498,0.000067,0.000091,0.030381,-0.069370,-0.093070,0.064863,-0.017799,0.217474,-0.026764,-0.000564,0.000493,-0.829768,0.187882,-0.555685,3.851628,-2.111463,-4.298072,0.384948,0.000621,-0.000762,-2.158095,-37.087929,-2.718112,21.169312,0.414295,2.668772,0.003164,-0.074105,-0.232363,-2.158095,-37.087929,-2.718112,21.169312,0.414295,2.668772,0.003164,-0.074105,-0.232363,87.000000,87.000000,87.000000,87.000000,12.000000,12.000000,12.000000,200.000000,200.000000,0.000000,0.000000,0.000000,0.000000,0.000000,0.000000,0.000000,0.000000,0.000000
291,-0.073924,0.889672,-0.390691,1.828963,0.230631,-1.212187,-4.789516,-0.001204,0.300689,-0.153379,-2.132023,0.104524,2.412074,-1.650570,0.000072,0.000086,-0.023913,-0.031712,-0.093223,0.158110,0.091121,-0.187719,-0.068210,-0.000645,0.000515,-2.271964,0.899146,0.793362,0.962951,0.455648,0.029089,1.693426,-0.002427,0.001739,-2.935160,-33.695950,-3.054980,18.489317,0.619020,2.166369,0.026991,-0.085580,-0.219824,-2.935160,-33.695950,-3.054980,18.489317,0.619020,2.166369,0.026991,-0.085580,-0.219824,87.000000,87.000000,87.000000,87.000000,12.000000,12.000000,12.000000,200.000000,200.000000,0.000000,0.000000,0.000000,0.000000,0.000000,0.000000,0.000000,0.000000,0.000000
292,0.210521,0.837859,-0.125920,1.773977,0.233802,-1.242489,-4.821916,-0.006050,0.301496,-0.148331,-2.131087,0.108873,2.405801,-1.659630,0.000065,0.000092,-0.089883,-0.138482,0.184264,-0.001008,0.135591,-0.298739,-0.202089,-0.000738,0.000621,4.926492,-2.804218,0.458897,-5.075299,-1.826862,2.231018,4.722593,0.006772,-0.005351,9.412789,-35.760685,6.377242,16.292801,0.146730,1.881599,-0.013117,-0.049885,-0.250608,9.412789,-35.760685,6.377242,16.292801,0.146730,1.881599,-0.013117,-0.049885,-0.250608,87.000000,87.000000,87.000000,87.000000,12.000000,12.000000,12.000000,200.000000,200.000000,0.000000,0.000000,0.000000,0.000000,0.000000,0.000000,0.000000,0.000000,0.000000
293,-0.000613,0.796322,-0.317898,1.846762,0.228325,-1.202318,-4.803089,-0.004537,0.300260,-0.147256,-2.133412,0.108640,2.408010,-1.660105,0.000065,0.000093,0.079971,-0.167905,-0.005238,-0.011526,-0.010315,-0.034575,-0.010322,-0.000616,0.000510,0.788779,-0.882719,-0.848891,0.860426,-0.891401,-0.536153,0.114286,-0.005527,0.003936,0.168649,-37.134480,-0.969282,19.756939,0.380098,2.458362,0.001025,-0.077079,-0.229501,0.168649,-37.134480,-0.969282,19.756939,0.380098,2.458362,0.001025,-0.077079,-0.229501,87.000000,87.000000,87.000000,87.000000,12.000000,12.000000,12.000000,200.000000,200.000000,0.000000,0.000000,0.000000,0.000000,0.000000,0.000000,0.000000,0.000000,0.000000
294,-0.061753,0.906758,-0.360426,1.766509,0.249720,-1.258471,-4.804781,-0.002786,0.298817,-0.147250,-2.135034,0.112391,2.399753,-1.660787,0.000073,0.000085,0.032626,-0.152763,0.000780,-0.021246,0.150611,-0.366859,-0.014332,-0.000596,0.000474,-1.525672,0.504169,0.233626,-1.668600,-0.801204,3.229798,0.457782,-0.004442,0.003997,-2.429090,-32.563389,-2.617950,16.558865,0.525169,1.961190,0.019231,-0.092674,-0.212894,-2.429090,-32.563389,-2.617950,16.558865,0.525169,1.961190,0.019231,-0.092674,-0.212894,87.000000,87.000000,87.000000,87.000000,12.000000,12.000000,12.000000,200.000000,200.000000,0.000000,0.000000,0.000000,0.000000,0.000000,0.000000,0.000000,0.000000,0.000000
295,-0.007401,0.774065,-0.314924,1.884105,0.227886,-1.166914,-4.785685,-0.003009,0.297559,-0.145808,-2.137555,0.110491,2.411161,-1.656473,0.000061,0.000096,0.007953,-0.154211,0.025156,0.031525,-0.074757,0.225165,0.091608,-0.000558,0.000492,0.876841,0.031957,-1.133708,4.237154,-0.830677,-4.509229,-2.427041,0.007827,-0.006719,-0.032007,-37.792747,-1.059252,21.659769,0.383780,2.708941,-0.011898,-0.051541,-0.252437,-0.032007,-37.792747,-1.059252,21.659769,0.383780,2.708941,-0.011898,-0.051541,-0.252437,87.000000,87.000000,87.000000,87.000000,12.000000,12.000000,12.000000,200.000000,200.000000,0.000000,0.000000,0.000000,0.000000,0.000000,0.000000,0.000000,0.000000,0.000000
296,0.044709,0.849158,-0.268617,1.871257,0.219103,-1.183306,-4.794455,-0.002884,0.297417,-0.144206,-2.134722,0.106428,2.416412,-1.656300,0.000059,0.000098,0.022221,-0.097995,0.047907,0.196728,-0.060700,-0.019938,-0.000147,-0.000730,0.000616,1.032003,1.418620,0.117256,3.680524,2.697699,-2.367031,-0.027163,0.001537,-0.001116,2.011880,-34.848068,0.677111,20.449152,0.533646,2.394006,0.006787,-0.046834,-0.255796,2.011880,-34.848068,0.677111,20.449152,0.533646,2.394006,0.006787,-0.046834,-0.255796,87.000000,87.000000,87.000000,87.000000,12.000000,12.000000,12.000000,200.000000,200.000000,0.000000,0.000000,0.000000,0.000000,0.000000,0.000000,0.000000,0.000000,0.000000
297,-0.125562,0.881990,-0.439339,1.776618,0.207642,-1.229098,-4.769343,0.001639,0.297666,-0.149093,-2.130534,0.101249,2.411065,-1.650372,0.000077,0.000082,0.104420,-0.123274,-0.163135,0.121301,-0.083559,-0.274949,0.129559,-0.000462,0.000339,-3.813629,-0.917626,0.951026,-3.696656,3.153572,2.543860,-3.011851,-0.007338,0.005724,-5.652399,-33.621780,-5.154738,16.106646,0.577998,1.951609,0.019642,-0.113430,-0.195871,-5.652399,-33.621780,-5.154738,16.106646,0.577998,1.951609,0.019642,-0.113430,-0.195871,87.000000,87.000000,87.000000,87.000000,12.000000,12.000000,12.000000,200.000000,200.000000,0.000000,0.000000,0.000000,0.000000,0.000000,0.000000,0.000000,0.000000,0.000000
298,-0.023500,1.012232,-0.354226,1.661840,0.239624,-1.311738,-4.798741,0.003286,0.297380,-0.152788,-2.131006,0.106717,2.392276,-1.654193,0.000084,0.000075,0.012201,-0.122163,-0.078028,-0.076015,0.207589,-0.630730,-0.084739,-0.000693,0.000577,-2.492177,0.254977,2.107080,-7.472226,-1.349559,7.860570,2.184404,-0.006812,0.008941,-1.387552,-28.326777,-1.607811,11.862673,0.395321,1.395557,0.020889,-0.113000,-0.191822,-1.387552,-28.326777,-1.607811,11.862673,0.395321,1.395557,0.020889,-0.113000,-0.191822,87.000000,87.000000,87.000000,87.000000,12.000000,12.000000,12.000000,200.000000,200.000000,0.000000,0.000000,0.000000,0.000000,0.000000,0.000000,0.000000,0.000000,0.000000
299,0.144199,0.677660,-0.212760,1.994735,0.223519,-1.114606,-4.778030,0.001263,0.297080,-0.150362,-2.135166,0.107256,2.415122,-1.651118,0.000048,0.000109,-0.011760,-0.123289,0.071885,0.059635,-0.051081,0.571849,0.065026,-0.000621,0.000637,3.622338,0.143815,-0.699103,9.698041,-3.491823,-9.102298,-1.955677,0.027248,-0.022898,5.898055,-41.686420,3.292691,26.129631,0.245307,3.308005,-0.036278,0.009687,-0.313078,5.898055,-41.686420,3.292691,26.129631,0.245307,3.308005,-0.036278,0.009687,-0.313078,87.000000,87.000000,87.000000,87.000000,12.000000,12.000000,12.000000,200.000000,200.000000,0.000000,0.000000,0.000000,0.000000,0.000000,0.000000,0.000000,0.000000,0.000000
300,0.062202,0.897855,-0.266626,1.770787,0.228965,-1.225083,-4.780859,0.001570,0.296802,-0.148013,-2.133034,0.107038,2.413291,-1.650257,0.000066,0.000093,0.028974,-0.129364,0.073849,0.084360,0.069906,-0.272234,0.017283,-0.000596,0.000420,0.982124,-0.282156,0.467185,-2.557008,2.102046,-0.604502,-0.260422,-0.010904,0.003790,2.333307,-32.865845,1.013477,16.238052,0.506486,1.735127,0.007931,-0.088690,-0.226029,2.333307,-32.865845,1.013477,16.238052,0.506486,1.735127,0.007931,-0.088690,-0.226029,87.000000,87.000000,87.000000,87.000000,12.000000,12.000000,12.000000,200.000000,200.000000,0.000000,0.000000,0.000000,0.000000,0.000000,0.000000,0.000000,0.000000,0.000000
301,-0.222500,0.869255,-0.534202,1.760240,0.198035,-1.272950,-4.759999,0.006236,0.295820,-0.153774,-2.132565,0.099307,2.398600,-1.645002,0.000087,0.000074,0.088633,-0.164237,-0.208061,-0.004713,-0.166381,-0.487758,0.111471,-0.000518,0.000428,-5.318274,-1.182821,0.076983,-4.724881,4.279132,7.481229,-2.651186,-0.007524,0.012044,-9.941000,-33.890285,-8.504859,15.889677,0.632383,2.046396,0.032343,-0.130468,-0.174445,-9.941000,-33.890285,-8.504859,15.889677,0.632383,2.046396,0.032343,-0.130468,-0.174445,87.000000,87.000000,87.000000,87.000000,12.000000,12.000000,12.000000,200.000000,200.000000,0.000000,0.000000,0.000000,0.000000,0.000000,0.000000,0.000000,0.000000,0.000000
302,0.117012,0.854478,-0.220480,1.830938,0.241695,-1.211595,-4.799925,0.002415,0.294472,-0.150788,-2.135868,0.106423,2.402318,-1.651605,0.000061,0.000096,-0.100331,-0.140663,0.122209,-0.015365,0.210438,0.005149,-0.145525,-0.000708,0.000621,2.586618,1.095868,0.039367,2.626112,-4.038867,-1.935422,3.409355,0.012413,-0.012265,4.888396,-34.306225,2.934314,19.429743,0.330769,2.356348,-0.001616,-0.035832,-0.269126,4.888396,-34.306225,2.934314,19.429743,0.330769,2.356348,-0.001616,-0.035832,-0.269126,87.000000,87.000000,87.000000,87.000000,12.000000,12.000000,12.000000,200.000000,200.000000,0.000000,0.000000,0.000000,0.000000,0.000000,0.000000,0.000000,0.000000,0.000000
303,-0.049881,0.774633,-0.370600,1.920600,0.210523,-1.165733,-4.764212,0.001643,0.294461,-0.150718,-2.134956,0.102502,2.412941,-1.646634,0.000061,0.000096,-0.003519,-0.102099,-0.042009,0.166393,-0.111244,0.167455,0.107131,-0.000574,0.000474,0.126835,0.833503,-1.561365,5.720412,1.093338,-3.955164,-2.724975,0.002617,-0.003053,-2.113046,-37.615692,-2.741870,22.636606,0.538072,2.794072,0.001499,-0.058986,-0.246303,-2.113046,-37.615692,-2.741870,22.636606,0.538072,2.794072,0.001499,-0.058986,-0.246303,87.000000,87.000000,87.000000,87.000000,12.000000,12.000000,12.000000,200.000000,200.000000,0.000000,0.000000,0.000000,0.000000,0.000000,0.000000,0.000000,0.000000,0.000000
304,-0.054688,0.941905,-0.373692,1.716986,0.196005,-1.267383,-4.781705,0.001365,0.294645,-0.152993,-2.131672,0.096790,2.402945,-1.648158,0.000081,0.000079,-0.025041,-0.120085,-0.066787,0.063498,-0.078130,-0.435510,-0.038268,-0.000568,0.000439,-1.548503,-0.588859,0.623473,-6.052037,4.428225,3.934418,0.981822,-0.009447,0.009455,-2.326624,-30.974533,-2.486277,13.831161,0.532369,1.571139,0.025447,-0.117396,-0.190059,-2.326624,-30.974533,-2.486277,13.831161,0.532369,1.571139,0.025447,-0.117396,-0.190059,87.000000,87.000000,87.000000,87.000000,12.000000,12.000000,12.000000,200.000000,200.000000,0.000000,0.000000,0.000000,0.000000,0.000000,0.000000,0.000000,0.000000,0.000000
305,0.132012,0.979756,-0.204490,1.783361,0.209280,-1.207316,-4.779093,-0.001748,0.296256,-0.150310,-2.132478,0.098213,2.407291,-1.648286,0.000062,0.000095,-0.052986,-0.018982,0.091472,0.047580,0.054073,0.029494,-0.002493,-0.000685,0.000588,3.149829,3.106867,-0.058587,1.740019,-1.512730,-1.736977,-0.026665,0.009949,-0.009041,5.732034,-29.647547,3.606517,17.037031,0.247995,2.078466,-0.013281,-0.042116,-0.260039,5.732034,-29.647547,3.606517,17.037031,0.247995,2.078466,-0.013281,-0.042116,-0.260039,87.000000,87.000000,87.000000,87.000000,12.000000,12.000000,12.000000,200.000000,200.000000,0.000000,0.000000,0.000000,0.000000,0.000000,0.000000,0.000000,0.000000,0.000000
306,-0.168912,0.797371,-0.474919,1.778504,0.206883,-1.256307,-4.755457,-0.000125,0.297535,-0.153810,-2.133847,0.096591,2.399562,-1.642873,0.000083,0.000077,0.022316,-0.129607,-0.140058,-0.064113,0.001169,-0.355476,0.118278,-0.000521,0.000424,-3.372147,-3.266876,-0.385090,-4.934695,1.501842,2.974326,-2.729262,-0.014209,0.014559,-7.002419,-37.114178,-6.336970,16.869381,0.601882,2.020810,0.021720,-0.131656,-0.177731,-7.002419,-37.114178,-6.336970,16.869381,0.601882,2.020810,0.021720,-0.131656,-0.177731,87.000000,87.000000,87.000000,87.000000,12.000000,12.000000,12.000000,200.000000,200.000000,0.000000,0.000000,0.000000,0.000000,0.000000,0.000000,0.000000,0.000000,0.000000
307,0.197548,0.673598,-0.146721,1.991069,0.233705,-1.138111,-4.807083,-0.004604,0.296715,-0.149034,-2.136220,0.103491,2.415101,-1.652092,0.000045,0.000111,-0.082572,-0.145634,0.169226,0.106357,0.165631,0.321003,-0.206399,-0.000803,0.000800,4.894361,-0.251110,-0.245891,8.773781,-4.705442,-6.656887,4.674732,0.022354,-0.016674,8.757247,-41.782650,5.600735,25.891293,0.319805,3.165879,-0.014357,0.018400,-0.318453,8.757247,-41.782650,5.600735,25.891293,0.319805,3.165879,-0.014357,0.018400,-0.318453,87.000000,87.000000,87.000000,87.000000,12.000000,12.000000,12.000000,200.000000,200.000000,0.000000,0.000000,0.000000,0.000000,0.000000,0.000000,0.000000,0.000000,0.000000
308,-0.033556,0.936761,-0.341607,1.755994,0.219544,-1.234336,-4.775372,-0.003487,0.296393,-0.148495,-2.132880,0.103160,2.410603,-1.649572,0.000069,0.000091,0.049384,-0.115878,-0.012038,0.116566,0.035053,-0.297584,0.056142,-0.000496,0.000315,-0.316146,0.628273,-0.341406,-2.709120,1.361690,1.623807,-1.256793,-0.012349,0.003326,-1.216852,-31.260695,-1.768905,15.539106,0.485376,1.780692,0.011382,-0.103078,-0.215893,-1.216852,-31.260695,-1.768905,15.539106,0.485376,1.780692,0.011382,-0.103078,-0.215893,87.000000,87.000000,87.000000,87.000000,12.000000,12.000000,12.000000,200.000000,200.000000,0.000000,0.000000,0.000000,0.000000,0.000000,0.000000,0.000000,0.000000,0.000000
309,0.077542,0.749835,-0.251489,1.845031,0.212984,-1.209159,-4.797037,-0.002667,0.294610,-0.146736,-2.132354,0.102296,2.409682,-1.653250,0.000063,0.000095,0.046910,-0.212755,0.061758,0.039111,-0.012534,-0.127569,-0.085551,-0.000665,0.000558,1.487589,-2.689223,0.441546,-1.568971,-0.076948,0.592737,1.888159,0.003260,-0.000322,3.267506,-38.526848,1.546512,19.327629,0.328657,2.361202,-0.002567,-0.056124,-0.243555,3.267506,-38.526848,1.546512,19.327629,0.328657,2.361202,-0.002567,-0.056124,-0.243555,87.000000,87.000000,87.000000,87.000000,12.000000,12.000000,12.000000,200.000000,200.000000,0.000000,0.000000,0.000000,0.000000,0.000000,0.000000,0.000000,0.000000,0.000000
310,-0.214601,0.985594,-0.519147,1.779951,0.240333,-1.239332,-4.781570,0.002901,0.293847,-0.152642,-2.131152,0.105866,2.404309,-1.651855,0.000077,0.000082,0.110104,-0.081236,-0.204963,0.109029,0.138169,-0.264274,0.033993,-0.000448,0.000337,-5.712553,3.595905,0.461951,1.219725,-1.177481,2.826928,-0.669914,-0.007762,0.005887,-9.437704,-29.027349,-7.980209,16.601864,0.679842,2.070525,0.039426,-0.115777,-0.194923,-9.437704,-29.027349,-7.980209,16.601864,0.679842,2.070525,0.039426,-0.115777,-0.194923,87.000000,87.000000,87.000000,87.000000,12.000000,12.000000,12.000000,200.000000,200.000000,0.000000,0.000000,0.000000,0.000000,0.000000,0.000000,0.000000,0.000000,0.000000
311,0.137585,0.938235,-0.214267,1.785142,0.213334,-1.183839,-4.793862,0.001612,0.295740,-0.151901,-2.130985,0.104773,2.413855,-1.653617,0.000063,0.000095,-0.021773,-0.036271,0.057634,0.055391,-0.046345,0.152298,-0.044524,-0.000652,0.000560,2.108021,1.459458,1.062376,0.310725,-0.719915,-4.240763,0.784208,0.007190,-0.006792,5.541950,-31.315418,3.498593,16.886007,0.192051,2.023093,-0.019649,-0.049962,-0.254162,5.541950,-31.315418,3.498593,16.886007,0.192051,2.023093,-0.019649,-0.049962,-0.254162,87.000000,87.000000,87.000000,87.000000,12.000000,12.000000,12.000000,200.000000,200.000000,0.000000,0.000000,0.000000,0.000000,0.000000,0.000000,0.000000,0.000000,0.000000
312,0.094038,0.781329,-0.228336,1.836466,0.223194,-1.205761,-4.759023,-0.000658,0.296835,-0.146676,-2.130871,0.104745,2.413934,-1.646364,0.000063,0.000094,-0.027981,-0.120745,0.153812,0.030970,0.056152,-0.166013,0.161020,-0.000678,0.000563,3.006146,-2.345371,-0.789670,-1.627318,0.859714,-1.031215,-3.731325,0.000424,-0.000243,4.051414,-37.670918,2.154015,18.885483,0.420214,2.157443,-0.013232,-0.059550,-0.243743,4.051414,-37.670918,2.154015,18.885483,0.420214,2.157443,-0.013232,-0.059550,-0.243743,87.000000,87.000000,87.000000,87.000000,12.000000,12.000000,12.000000,200.000000,200.000000,0.000000,0.000000,0.000000,0.000000,0.000000,0.000000,0.000000,0.000000,0.000000
313,-0.155013,0.959181,-0.449096,1.813433,0.229729,-1.211197,-4.774541,0.001806,0.298888,-0.147974,-2.129731,0.105489,2.411968,-1.646398,0.000072,0.000086,0.055611,-0.004399,-0.083796,0.120454,0.038835,-0.162121,-0.004426,-0.000486,0.000376,-2.712006,3.109761,-1.184308,2.149570,-0.354051,1.632971,0.089287,-0.003310,0.002706,-6.650597,-30.719017,-5.968302,17.851091,0.591976,2.245690,0.029511,-0.095804,-0.210797,-6.650597,-30.719017,-5.968302,17.851091,0.591976,2.245690,0.029511,-0.095804,-0.210797,87.000000,87.000000,87.000000,87.000000,12.000000,12.000000,12.000000,200.000000,200.000000,0.000000,0.000000,0.000000,0.000000,0.000000,0.000000,0.000000,0.000000,0.000000
314,-0.096441,0.747029,-0.421733,1.828458,0.214660,-1.234376,-4.771479,0.003512,0.300103,-0.152318,-2.129100,0.102744,2.405552,-1.645643,0.000079,0.000080,0.016791,-0.144194,-0.129917,0.004976,-0.041100,-0.291853,0.013756,-0.000623,0.000503,-2.972103,-4.051513,0.876829,-4.172220,1.585083,2.876814,-0.357935,-0.004013,0.004983,-4.359938,-39.338791,-4.280647,18.347561,0.534495,2.247128,0.017273,-0.102812,-0.201825,-4.359938,-39.338791,-4.280647,18.347561,0.534495,2.247128,0.017273,-0.102812,-0.201825,87.000000,87.000000,87.000000,87.000000,12.000000,12.000000,12.000000,200.000000,200.000000,0.000000,0.000000,0.000000,0.000000,0.000000,0.000000,0.000000,0.000000,0.000000
315,0.204552,0.882010,-0.149856,1.834487,0.234555,-1.192213,-4.802389,0.000496,0.299761,-0.149207,-2.131158,0.107420,2.411246,-1.652454,0.000057,0.000100,-0.046401,-0.106603,0.126817,0.021658,0.135301,0.041715,-0.151252,-0.000773,0.000693,3.882644,1.328955,0.818257,2.484640,-2.844148,-2.757633,3.481342,0.012239,-0.010010,8.476152,-33.704826,5.662027,19.089727,0.231383,2.271481,-0.013172,-0.022513,-0.277535,8.476152,-33.704826,5.662027,19.089727,0.231383,2.271481,-0.013172,-0.022513,-0.277535,87.000000,87.000000,87.000000,87.000000,12.000000,12.000000,12.000000,200.000000,200.000000,0.000000,0.000000,0.000000,0.000000,0.000000,0.000000,0.000000,0.000000,0.000000
316,-0.028471,0.751394,-0.346489,1.929142,0.210989,-1.145901,-4.772183,0.000901,0.300088,-0.147892,-2.129854,0.103107,2.422568,-1.648978,0.000058,0.000100,0.033047,-0.111898,0.002647,0.157831,-0.112227,0.177109,0.074495,-0.000550,0.000463,0.444941,-0.377976,-1.373297,4.526818,1.402154,-4.620234,-1.943448,-0.001490,0.000030,-1.276843,-39.037842,-2.111513,22.526184,0.529463,2.751705,0.002231,-0.060541,-0.247006,-1.276843,-39.037842,-2.111513,22.526184,0.529463,2.751705,0.002231,-0.060541,-0.247006,87.000000,87.000000,87.000000,87.000000,12.000000,12.000000,12.000000,200.000000,200.000000,0.000000,0.000000,0.000000,0.000000,0.000000,0.000000,0.000000,0.000000,0.000000
317,-0.155995,1.029837,-0.449794,1.628091,0.210828,-1.331825,-4.771145,0.002289,0.299784,-0.150787,-2.127537,0.099946,2.396375,-1.646965,0.000093,0.000069,-0.004530,-0.138659,-0.092160,-0.040256,0.025742,-0.880830,0.042628,-0.000497,0.000436,-3.743284,-0.750025,0.520371,-11.147870,4.585411,10.877119,-0.714950,-0.014185,0.019261,-6.632511,-27.827877,-5.644843,9.931748,0.615246,1.093594,0.039928,-0.154988,-0.154995,-6.632511,-27.827877,-5.644843,9.931748,0.615246,1.093594,0.039928,-0.154988,-0.154995,87.000000,87.000000,87.000000,87.000000,12.000000,12.000000,12.000000,200.000000,200.000000,0.000000,0.000000,0.000000,0.000000,0.000000,0.000000,0.000000,0.000000,0.000000
318,-0.030876,0.846246,-0.351954,1.934714,0.218410,-1.160937,-4.781786,0.000103,0.301131,-0.151794,-2.130217,0.101305,2.408084,-1.648387,0.000060,0.000098,-0.062474,-0.021062,-0.046792,0.095451,-0.001671,0.303232,-0.033830,-0.000642,0.000538,0.203801,3.468114,-1.157221,8.981671,-3.283188,-3.417349,0.519633,0.022130,-0.025899,-1.071882,-35.349842,-1.869989,23.197416,0.401961,3.056834,0.001535,-0.022242,-0.289388,-1.071882,-35.349842,-1.869989,23.197416,0.401961,3.056834,0.001535,-0.022242,-0.289388,87.000000,87.000000,87.000000,87.000000,12.000000,12.000000,12.000000,200.000000,200.000000,0.000000,0.000000,0.000000,0.000000,0.000000,0.000000,0.000000,0.000000,0.000000
319,0.052907,0.755617,-0.251265,1.779804,0.237329,-1.248139,-4.780243,-0.005494,0.300840,-0.148118,-2.130868,0.106216,2.403448,-1.648686,0.000071,0.000087,-0.143289,-0.208392,0.117196,-0.069116,0.191952,-0.328866,-0.005652,-0.000634,0.000505,2.499934,-5.140411,-0.706646,-6.627170,-0.873253,0.068566,0.274619,-0.013918,0.012301,3.068283,-38.945229,1.458434,16.601536,0.412402,1.791572,-0.000980,-0.101940,-0.206399,3.068283,-38.945229,1.458434,16.601536,0.412402,1.791572,-0.000980,-0.101940,-0.206399,87.000000,87.000000,87.000000,87.000000,12.000000,12.000000,12.000000,200.000000,200.000000,0.000000,0.000000,0.000000,0.000000,0.000000,0.000000,0.000000,0.000000,0.000000
320,-0.043060,0.888921,-0.348873,1.873612,0.202445,-1.198018,-4.781184,-0.006709,0.300007,-0.149033,-2.132075,0.101136,2.406675,-1.649087,0.000063,0.000094,-0.009619,-0.091159,-0.070231,0.095795,-0.151323,0.013908,-0.014942,-0.000737,0.000609,0.420640,3.133808,-1.261667,5.372563,1.368497,0.134004,0.114850,0.008139,-0.006898,-1.138183,-33.385220,-1.916077,20.696123,0.445055,2.649434,0.007553,-0.043902,-0.256495,-1.138183,-33.385220,-1.916077,20.696123,0.445055,2.649434,0.007553,-0.043902,-0.256495,87.000000,87.000000,87.000000,87.000000,12.000000,12.000000,12.000000,200.000000,200.000000,0.000000,0.000000,0.000000,0.000000,0.000000,0.000000,0.000000,0.000000,0.000000
321,-0.011876,0.869214,-0.325894,1.798611,0.194076,-1.220123,-4.768893,-0.007246,0.300493,-0.151087,-2.131043,0.095708,2.407336,-1.646409,0.000068,0.000090,-0.016628,-0.112145,-0.056236,0.055350,-0.088476,-0.125630,0.057744,-0.000560,0.000447,-0.449322,-0.617282,0.760032,-1.667221,3.133438,-0.701472,-1.365504,-0.001367,0.000935,0.115793,-34.371281,-0.748295,17.319256,0.490132,2.026437,0.006788,-0.080242,-0.224766,0.115793,-34.371281,-0.748295,17.319256,0.490132,2.026437,0.006788,-0.080242,-0.224766,87.000000,87.000000,87.000000,87.000000,12.000000,12.000000,12.000000,200.000000,200.000000,0.000000,0.000000,0.000000,0.000000,0.000000,0.000000,0.000000,0.000000,0.000000
322,-0.012588,0.862062,-0.332393,1.849028,0.198386,-1.204400,-4.762784,-0.007567,0.301180,-0.153156,-2.130025,0.093777,2.409354,-1.643543,0.000065,0.000092,-0.008245,-0.084415,-0.060948,0.107157,-0.013642,-0.066172,0.061699,-0.000616,0.000513,-0.449838,0.727966,0.601989,1.769151,0.996936,-0.713360,-1.474794,0.003338,-0.002434,0.090972,-34.709011,-0.839787,19.312899,0.493743,2.337471,0.005187,-0.063523,-0.239083,0.090972,-34.709011,-0.839787,19.312899,0.493743,2.337471,0.005187,-0.063523,-0.239083,87.000000,87.000000,87.000000,87.000000,12.000000,12.000000,12.000000,200.000000,200.000000,0.000000,0.000000,0.000000,0.000000,0.000000,0.000000,0.000000,0.000000,0.000000
323,0.119384,0.772233,-0.200297,1.794764,0.228037,-1.232594,-4.777980,-0.010589,0.299512,-0.149593,-2.131051,0.100727,2.406159,-1.645546,0.000064,0.000093,-0.055481,-0.229227,0.128562,-0.054112,0.221270,-0.239878,-0.044089,-0.000637,0.000538,3.052865,-3.842393,0.334444,-4.598445,-2.920870,0.174144,1.106055,-0.004552,0.004288,5.933129,-38.044693,3.643151,17.289658,0.280495,1.972672,-0.011222,-0.072808,-0.232343,5.933129,-38.044693,3.643151,17.289658,0.280495,1.972672,-0.011222,-0.072808,-0.232343,87.000000,87.000000,87.000000,87.000000,12.000000,12.000000,12.000000,200.000000,200.000000,0.000000,0.000000,0.000000,0.000000,0.000000,0.000000,0.000000,0.000000,0.000000
324,-0.012189,0.818341,-0.326371,1.857905,0.225758,-1.206698,-4.794897,-0.008739,0.296263,-0.149612,-2.133371,0.103667,2.407013,-1.650730,0.000063,0.000095,0.077326,-0.203143,-0.026131,0.021601,0.063509,-0.077873,-0.117343,-0.000640,0.000537,0.148408,0.667122,-0.275261,2.735871,-2.200097,0.286124,2.636061,0.001020,-0.000316,0.011126,-35.752094,-1.030179,20.217712,0.404074,2.523635,0.009266,-0.060574,-0.242569,0.011126,-35.752094,-1.030179,20.217712,0.404074,2.523635,0.009266,-0.060574,-0.242569,87.000000,87.000000,87.000000,87.000000,12.000000,12.000000,12.000000,200.000000,200.000000,0.000000,0.000000,0.000000,0.000000,0.000000,0.000000,0.000000,0.000000,0.000000
325,0.081261,0.988125,-0.238288,1.746651,0.223880,-1.221097,-4.790415,-0.007296,0.294968,-0.147820,-2.134404,0.105144,2.408247,-1.652351,0.000063,0.000095,0.061094,-0.112780,0.070641,0.017645,0.060432,-0.099897,-0.036068,-0.000582,0.000476,1.238004,2.703623,0.888494,-0.114915,-0.733599,-0.846737,0.799347,0.000544,-0.001097,3.733892,-28.982649,2.164021,15.697629,0.307894,1.839090,-0.003996,-0.064938,-0.240154,3.733892,-28.982649,2.164021,15.697629,0.307894,1.839090,-0.003996,-0.064938,-0.240154,87.000000,87.000000,87.000000,87.000000,12.000000,12.000000,12.000000,200.000000,200.000000,0.000000,0.000000,0.000000,0.000000,0.000000,0.000000,0.000000,0.000000,0.000000
326,-0.164187,0.922397,-0.464127,1.844384,0.203821,-1.209365,-4.768940,-0.002693,0.297304,-0.151204,-2.132440,0.099480,2.408345,-1.648235,0.000070,0.000088,0.103884,0.001992,-0.129859,0.166740,-0.125419,-0.103837,0.087834,-0.000555,0.000439,-3.775959,2.953657,-0.038782,3.465591,2.765277,1.064140,-2.151685,-0.001740,0.001857,-6.847652,-32.089283,-6.122362,19.257521,0.650091,2.423110,0.025131,-0.086141,-0.218832,-6.847652,-32.089283,-6.122362,19.257521,0.650091,2.423110,0.025131,-0.086141,-0.218832,87.000000,87.000000,87.000000,87.000000,12.000000,12.000000,12.000000,200.000000,200.000000,0.000000,0.000000,0.000000,0.000000,0.000000,0.000000,0.000000,0.000000,0.000000
327,-0.008313,0.805628,-0.342283,1.841675,0.230132,-1.186040,-4.781418,-0.000958,0.300067,-0.153428,-2.130381,0.103136,2.414589,-1.648959,0.000068,0.000090,0.032783,-0.061534,-0.047094,0.099768,0.129229,0.030724,-0.015669,-0.000479,0.000408,-1.381686,-1.756285,1.296421,-0.513247,-1.962653,-3.416716,0.380988,0.000785,-0.000364,-0.431141,-37.080765,-1.208767,18.935600,0.466233,2.239922,0.006498,-0.080965,-0.225601,-0.431141,-37.080765,-1.208767,18.935600,0.466233,2.239922,0.006498,-0.080965,-0.225601,87.000000,87.000000,87.000000,87.000000,12.000000,12.000000,12.000000,200.000000,200.000000,0.000000,0.000000,0.000000,0.000000,0.000000,0.000000,0.000000,0.000000,0.000000
328,-0.059666,0.740482,-0.391526,1.880865,0.230359,-1.173965,-4.781653,-0.000029,0.300384,-0.155789,-2.128797,0.105254,2.419707,-1.649394,0.000070,0.000088,0.012103,-0.146943,-0.076298,0.099344,0.065171,-0.004637,-0.011558,-0.000558,0.000455,-1.616753,-2.531044,0.282291,0.176229,-1.237657,-2.526251,0.198841,-0.002678,0.002167,-2.515908,-39.528183,-2.971752,20.417500,0.514786,2.457343,0.010058,-0.087192,-0.219830,-2.515908,-39.528183,-2.971752,20.417500,0.514786,2.457343,0.010058,-0.087192,-0.219830,87.000000,87.000000,87.000000,87.000000,12.000000,12.000000,12.000000,200.000000,200.000000,0.000000,0.000000,0.000000,0.000000,0.000000,0.000000,0.000000,0.000000,0.000000
329,0.184613,0.847174,-0.152120,1.734262,0.236862,-1.270815,-4.811410,-0.004021,0.297042,-0.150336,-2.129385,0.109546,2.405268,-1.656517,0.000072,0.000086,-0.076446,-0.268515,0.198850,-0.080065,0.162955,-0.548648,-0.159478,-0.000783,0.000633,4.179781,-3.144450,0.565333,-7.587255,-0.704984,5.351618,3.839572,0.001981,-0.001033,8.134321,-34.705841,5.458390,14.634522,0.213056,1.627636,-0.005881,-0.069164,-0.231924,8.134321,-34.705841,5.458390,14.634522,0.213056,1.627636,-0.005881,-0.069164,-0.231924,87.000000,87.000000,87.000000,87.000000,12.000000,12.000000,12.000000,200.000000,200.000000,0.000000,0.000000,0.000000,0.000000,0.000000,0.000000,0.000000,0.000000,0.000000
330,-0.154000,0.978543,-0.465212,1.816546,0.222043,-1.208698,-4.760211,-0.000354,0.295316,-0.153338,-2.132246,0.106882,2.405949,-1.648373,0.000072,0.000086,0.105166,-0.087486,-0.150941,0.034968,-0.082393,-0.026947,0.179991,-0.000566,0.000471,-2.726526,5.012839,-1.208716,4.805815,-0.181966,1.421718,-4.390396,-0.002703,0.002322,-6.566119,-29.329145,-6.010740,18.554636,0.498266,2.465391,0.010695,-0.090796,-0.215795,-6.566119,-29.329145,-6.010740,18.554636,0.498266,2.465391,0.010695,-0.090796,-0.215795,87.000000,87.000000,87.000000,87.000000,12.000000,12.000000,12.000000,200.000000,200.000000,0.000000,0.000000,0.000000,0.000000,0.000000,0.000000,0.000000,0.000000,0.000000
331,0.161298,0.746803,-0.177285,1.924561,0.209289,-1.166330,-4.795801,-0.002918,0.295793,-0.148951,-2.131127,0.103081,2.415548,-1.652240,0.000052,0.000104,-0.044348,-0.111915,0.164588,0.147036,-0.077676,0.123218,-0.092345,-0.000853,0.000789,3.688823,-0.636900,0.245628,4.090399,1.712502,-4.361739,1.999945,0.007582,-0.003835,7.001675,-38.893803,4.411973,22.447084,0.393271,2.652700,-0.009710,-0.015961,-0.282688,7.001675,-38.893803,4.411973,22.447084,0.393271,2.652700,-0.009710,-0.015961,-0.282688,87.000000,87.000000,87.000000,87.000000,12.000000,12.000000,12.000000,200.000000,200.000000,0.000000,0.000000,0.000000,0.000000,0.000000,0.000000,0.000000,0.000000,0.000000
332,-0.154798,1.025208,-0.450302,1.642473,0.206480,-1.293162,-4.767329,-0.000064,0.295989,-0.150917,-2.129898,0.099215,2.400382,-1.647821,0.000086,0.000075,0.064390,-0.110975,-0.093831,-0.042851,-0.020129,-0.571618,0.098387,-0.000364,0.000250,-3.146706,-0.030768,-0.262619,-8.888786,3.646121,6.025067,-2.135366,-0.014910,0.011411,-6.541476,-27.743000,-5.700399,10.829687,0.561345,1.225816,0.030226,-0.149667,-0.167961,-6.541476,-27.743000,-5.700399,10.829687,0.561345,1.225816,0.030226,-0.149667,-0.167961,87.000000,87.000000,87.000000,87.000000,12.000000,12.000000,12.000000,200.000000,200.000000,0.000000,0.000000,0.000000,0.000000,0.000000,0.000000,0.000000,0.000000,0.000000
333,0.194336,0.853213,-0.153205,1.843068,0.245777,-1.213127,-4.814464,-0.001132,0.296508,-0.147042,-2.134243,0.108177,2.402371,-1.656469,0.000057,0.000099,0.008794,-0.084248,0.148313,-0.040780,0.235322,-0.025861,-0.191631,-0.000796,0.000679,3.601234,1.088155,0.783228,2.990463,-5.370146,-0.735439,4.447109,0.016851,-0.016616,8.035490,-34.670506,5.294651,19.873375,0.208655,2.443656,-0.011536,-0.014809,-0.287175,8.035490,-34.670506,5.294651,19.873375,0.208655,2.443656,-0.011536,-0.014809,-0.287175,87.000000,87.000000,87.000000,87.000000,12.000000,12.000000,12.000000,200.000000,200.000000,0.000000,0.000000,0.000000,0.000000,0.000000,0.000000,0.000000,0.000000,0.000000
334,-0.183887,0.814118,-0.495054,1.865493,0.197564,-1.198944,-4.754999,0.003778,0.298129,-0.150827,-2.134995,0.099937,2.406598,-1.647075,0.000072,0.000087,0.120292,-0.062219,-0.163657,0.069410,-0.218330,0.003257,0.204435,-0.000485,0.000365,-3.946122,0.266738,-0.674418,2.627567,3.341491,-0.952232,-5.009837,-0.008208,0.006001,-8.203837,-36.468388,-7.338927,20.517630,0.638748,2.581780,0.014128,-0.103796,-0.205482,-8.203837,-36.468388,-7.338927,20.517630,0.638748,2.581780,0.014128,-0.103796,-0.205482,87.000000,87.000000,87.000000,87.000000,12.000000,12.000000,12.000000,200.000000,200.000000,0.000000,0.000000,0.000000,0.000000,0.000000,0.000000,0.000000,0.000000,0.000000
335,0.093861,0.870885,-0.230788,1.795152,0.250569,-1.241313,-4.804935,0.001675,0.299415,-0.147547,-2.134739,0.108118,2.402803,-1.653884,0.000066,0.000092,-0.062522,-0.086293,0.138467,0.041107,0.284785,-0.268228,-0.150109,-0.000664,0.000554,1.550329,-0.439051,0.690043,-1.199037,-2.657395,0.513679,3.717906,0.002314,-0.001309,3.861405,-34.277115,2.257025,17.541664,0.441104,1.983832,0.010903,-0.063236,-0.238819,3.861405,-34.277115,2.257025,17.541664,0.441104,1.983832,0.010903,-0.063236,-0.238819,87.000000,87.000000,87.000000,87.000000,12.000000,12.000000,12.000000,200.000000,200.000000,0.000000,0.000000,0.000000,0.000000,0.000000,0.000000,0.000000,0.000000,0.000000
336,-0.004176,0.654009,-0.328440,1.931722,0.184458,-1.170375,-4.763407,0.001938,0.298609,-0.146163,-2.134716,0.098353,2.411031,-1.647525,0.000061,0.000096,0.042218,-0.190924,-0.000721,0.080695,-0.289443,0.142633,0.133898,-0.000696,0.000591,1.230337,-3.188447,-1.577155,2.274840,3.047921,-2.516697,-3.528661,-0.000495,0.000854,-0.366286,-42.764645,-1.532221,23.094276,0.407547,2.915024,-0.013400,-0.056950,-0.245737,-0.366286,-42.764645,-1.532221,23.094276,0.407547,2.915024,-0.013400,-0.056950,-0.245737,87.000000,87.000000,87.000000,87.000000,12.000000,12.000000,12.000000,200.000000,200.000000,0.000000,0.000000,0.000000,0.000000,0.000000,0.000000,0.000000,0.000000,0.000000
337,-0.187036,0.944720,-0.490901,1.753457,0.205001,-1.226897,-4.737765,0.005094,0.297025,-0.151106,-2.133539,0.095089,2.409523,-1.638337,0.000080,0.000080,0.042880,-0.143853,-0.167548,0.062845,0.000756,-0.205089,0.203883,-0.000345,0.000263,-4.725733,1.297927,0.265310,-1.604649,2.800165,-0.045277,-4.626696,-0.004868,0.004015,-8.277347,-30.879911,-7.081515,15.696454,0.725751,1.825619,0.029578,-0.122279,-0.189666,-8.277347,-30.879911,-7.081515,15.696454,0.725751,1.825619,0.029578,-0.122279,-0.189666,87.000000,87.000000,87.000000,87.000000,12.000000,12.000000,12.000000,200.000000,200.000000,0.000000,0.000000,0.000000,0.000000,0.000000,0.000000,0.000000,0.000000,0.000000
338,0.029090,0.907201,-0.319422,1.835436,0.223307,-1.189902,-4.789747,0.004631,0.297519,-0.154149,-2.132386,0.099718,2.413917,-1.645688,0.000067,0.000091,-0.025707,-0.066299,-0.069836,0.130770,0.131144,0.002951,-0.166326,-0.000695,0.000585,-0.738639,2.226068,1.269299,3.057539,-2.598023,-1.695236,3.855853,0.005438,-0.005746,0.810101,-32.573734,-0.177340,18.968170,0.422136,2.313457,0.013109,-0.059542,-0.246021,0.810101,-32.573734,-0.177340,18.968170,0.422136,2.313457,0.013109,-0.059542,-0.246021,87.000000,87.000000,87.000000,87.000000,12.000000,12.000000,12.000000,200.000000,200.000000,0.000000,0.000000,0.000000,0.000000,0.000000,0.000000,0.000000,0.000000,0.000000
339,-0.091149,0.759474,-0.409810,1.870821,0.219007,-1.200583,-4.778020,0.001922,0.297918,-0.155859,-2.129154,0.100523,2.413570,-1.646887,0.000073,0.000086,-0.097553,-0.138489,-0.065758,0.141768,0.044157,-0.145384,-0.026901,-0.000574,0.000459,-1.189441,-2.161371,-0.793923,-0.486597,-0.054738,0.210686,0.600687,-0.002413,0.001852,-3.616318,-38.572926,-3.785058,19.893166,0.565169,2.413686,0.018855,-0.089912,-0.216555,-3.616318,-38.572926,-3.785058,19.893166,0.565169,2.413686,0.018855,-0.089912,-0.216555,87.000000,87.000000,87.000000,87.000000,12.000000,12.000000,12.000000,200.000000,200.000000,0.000000,0.000000,0.000000,0.000000,0.000000,0.000000,0.000000,0.000000,0.000000
340,0.106736,0.851436,-0.224972,1.795025,0.220946,-1.221524,-4.792064,-0.003866,0.296210,-0.153243,-2.127739,0.102922,2.410834,-1.650672,0.000067,0.000090,-0.132424,-0.188087,0.084773,0.046997,0.089054,-0.202845,-0.085245,-0.000717,0.000597,3.331419,-1.246418,-0.466140,-2.945528,-0.960821,0.854327,1.980461,0.000866,-0.000846,5.110706,-34.574493,3.018692,16.859152,0.280798,1.984822,-0.005036,-0.065583,-0.237865,5.110706,-34.574493,3.018692,16.859152,0.280798,1.984822,-0.005036,-0.065583,-0.237865,87.000000,87.000000,87.000000,87.000000,12.000000,12.000000,12.000000,200.000000,200.000000,0.000000,0.000000,0.000000,0.000000,0.000000,0.000000,0.000000,0.000000,0.000000
341,0.044560,0.942613,-0.273455,1.720047,0.231728,-1.271552,-4.799865,-0.006393,0.293732,-0.151633,-2.129672,0.106604,2.399613,-1.654584,0.000073,0.000085,-0.039684,-0.188834,0.034270,-0.079301,0.128408,-0.425581,-0.086433,-0.000679,0.000549,1.776079,0.128089,-0.385271,-4.794608,-1.299521,4.710785,2.088480,-0.004392,0.004284,2.494233,-30.650030,1.085122,14.244390,0.295984,1.693158,0.005563,-0.087654,-0.216572,2.494233,-30.650030,1.085122,14.244390,0.295984,1.693158,0.005563,-0.087654,-0.216572,87.000000,87.000000,87.000000,87.000000,12.000000,12.000000,12.000000,200.000000,200.000000,0.000000,0.000000,0.000000,0.000000,0.000000,0.000000,0.000000,0.000000,0.000000
342,0.078438,0.987278,-0.252161,1.774865,0.231601,-1.204841,-4.793433,-0.006230,0.293632,-0.150781,-2.134658,0.108962,2.405686,-1.655077,0.000061,0.000096,0.040610,-0.056330,0.018959,-0.059184,0.045465,0.080790,-0.011590,-0.000630,0.000540,1.715174,3.948194,0.132698,2.953162,-2.618175,-2.317224,0.105968,0.005411,-0.005303,3.620430,-28.989807,1.937170,17.224319,0.236106,2.138077,-0.012158,-0.050932,-0.252597,3.620430,-28.989807,1.937170,17.224319,0.236106,2.138077,-0.012158,-0.050932,-0.252597,87.000000,87.000000,87.000000,87.000000,12.000000,12.000000,12.000000,200.000000,200.000000,0.000000,0.000000,0.000000,0.000000,0.000000,0.000000,0.000000,0.000000,0.000000
343,0.104456,0.904402,-0.221710,1.807009,0.214912,-1.202990,-4.783059,-0.005681,0.296568,-0.147687,-2.136827,0.105667,2.410090,-1.652799,0.000059,0.000098,0.049230,-0.005058,0.101743,0.013275,-0.060896,-0.029617,0.046921,-0.000687,0.000574,2.200281,1.438388,0.407796,1.666104,1.722387,-2.290309,-1.204482,0.002454,-0.001819,4.619341,-32.818558,2.705692,18.419296,0.369384,2.145840,-0.010883,-0.047345,-0.253780,4.619341,-32.818558,2.705692,18.419296,0.369384,2.145840,-0.010883,-0.047345,-0.253780,87.000000,87.000000,87.000000,87.000000,12.000000,12.000000,12.000000,200.000000,200.000000,0.000000,0.000000,0.000000,0.000000,0.000000,0.000000,0.000000,0.000000,0.000000
344,0.014124,0.758144,-0.305449,1.923894,0.223299,-1.181297,-4.781310,-0.002500,0.300266,-0.145832,-2.135336,0.104557,2.413863,-1.651307,0.000055,0.000101,0.108972,-0.011542,0.045355,0.164006,0.006014,-0.026859,0.031467,-0.000642,0.000539,0.149754,-0.418282,0.055856,4.399255,0.684393,-1.311646,-0.760457,0.002994,-0.002741,0.477715,-39.051548,-0.664666,22.731722,0.557448,2.760813,0.006883,-0.043253,-0.258866,0.477715,-39.051548,-0.664666,22.731722,0.557448,2.760813,0.006883,-0.043253,-0.258866,87.000000,87.000000,87.000000,87.000000,12.000000,12.000000,12.000000,200.000000,200.000000,0.000000,0.000000,0.000000,0.000000,0.000000,0.000000,0.000000,0.000000,0.000000
345,-0.184492,0.703961,-0.483456,1.826322,0.210036,-1.242649,-4.742305,0.002181,0.300511,-0.148636,-2.132963,0.100372,2.404918,-1.641315,0.000079,0.000081,0.093194,-0.195039,-0.105222,0.038478,-0.056993,-0.375678,0.218886,-0.000427,0.000324,-4.250148,-5.377911,0.006646,-5.458506,2.841501,3.851328,-5.105451,-0.012243,0.011461,-8.049999,-41.033302,-7.161696,18.409859,0.657391,2.242770,0.018015,-0.126766,-0.183462,-8.049999,-41.033302,-7.161696,18.409859,0.657391,2.242770,0.018015,-0.126766,-0.183462,87.000000,87.000000,87.000000,87.000000,12.000000,12.000000,12.000000,200.000000,200.000000,0.000000,0.000000,0.000000,0.000000,0.000000,0.000000,0.000000,0.000000,0.000000
346,-0.042915,0.903315,-0.357185,1.834686,0.199738,-1.208095,-4.781001,0.002173,0.299347,-0.149397,-2.132617,0.096837,2.406590,-1.645173,0.000068,0.000090,-0.017992,-0.115463,-0.020598,0.101979,-0.080742,-0.039507,-0.092201,-0.000668,0.000564,-0.873724,2.303642,-0.185990,2.851744,1.172057,0.112440,2.016080,0.006474,-0.005224,-1.900929,-32.739437,-2.283075,19.022064,0.486639,2.391840,0.017656,-0.061408,-0.241924,-1.900929,-32.739437,-2.283075,19.022064,0.486639,2.391840,0.017656,-0.061408,-0.241924,87.000000,87.000000,87.000000,87.000000,12.000000,12.000000,12.000000,200.000000,200.000000,0.000000,0.000000,0.000000,0.000000,0.000000,0.000000,0.000000,0.000000,0.000000
347,0.043575,0.974214,-0.275559,1.708351,0.220587,-1.259061,-4.797854,0.000515,0.299472,-0.148046,-2.132823,0.100153,2.400975,-1.651282,0.000074,0.000084,-0.036624,-0.107587,0.046848,-0.024067,0.139562,-0.302789,-0.133478,-0.000557,0.000436,0.944641,0.403263,0.172003,-4.457851,-0.774195,1.593400,3.239708,-0.002187,0.001369,1.844287,-30.044218,0.714998,13.903311,0.369090,1.577067,0.013713,-0.093324,-0.213164,1.844287,-30.044218,0.714998,13.903311,0.369090,1.577067,0.013713,-0.093324,-0.213164,87.000000,87.000000,87.000000,87.000000,12.000000,12.000000,12.000000,200.000000,200.000000,0.000000,0.000000,0.000000,0.000000,0.000000,0.000000,0.000000,0.000000,0.000000
348,0.093392,0.783466,-0.246545,1.909629,0.195873,-1.144637,-4.760760,0.000493,0.300171,-0.146530,-2.134781,0.096842,2.416521,-1.645542,0.000056,0.000100,0.042951,-0.086301,0.030977,0.071130,-0.112270,0.332881,0.124677,-0.000645,0.000580,2.280238,0.587084,-0.412870,5.740989,-0.313301,-6.287804,-3.230779,0.010497,-0.008298,3.707867,-37.774483,1.756944,22.439600,0.323172,2.784182,-0.023728,-0.032897,-0.268256,3.707867,-37.774483,1.756944,22.439600,0.323172,2.784182,-0.023728,-0.032897,-0.268256,87.000000,87.000000,87.000000,87.000000,12.000000,12.000000,12.000000,200.000000,200.000000,0.000000,0.000000,0.000000,0.000000,0.000000,0.000000,0.000000,0.000000,0.000000
349,-0.103356,0.848670,-0.402664,1.853749,0.203744,-1.190156,-4.746640,0.001778,0.301607,-0.147063,-2.131275,0.094404,2.418707,-1.639309,0.000069,0.000089,0.015877,-0.068974,-0.031888,0.182650,0.003349,-0.121710,0.135816,-0.000492,0.000375,-2.027468,0.279052,-0.432918,1.411690,2.478343,-1.443857,-3.106160,-0.004224,0.001989,-4.441040,-35.344994,-4.274934,19.381763,0.702622,2.256677,0.020935,-0.091405,-0.217850,-4.441040,-35.344994,-4.274934,19.381763,0.702622,2.256677,0.020935,-0.091405,-0.217850,87.000000,87.000000,87.000000,87.000000,12.000000,12.000000,12.000000,200.000000,200.000000,0.000000,0.000000,0.000000,0.000000,0.000000,0.000000,0.000000,0.000000,0.000000
350,-0.095665,0.791057,-0.400750,1.754884,0.208906,-1.276410,-4.775667,0.001719,0.300152,-0.148975,-2.129699,0.095555,2.402180,-1.642897,0.000086,0.000074,-0.027888,-0.236071,-0.061621,-0.030409,0.083221,-0.581848,-0.082945,-0.000589,0.000458,-2.068893,-4.698487,0.117103,-8.474336,0.680425,6.945101,2.055683,-0.009856,0.010385,-4.015740,-37.373444,-3.933171,15.302320,0.503830,1.833864,0.027550,-0.127578,-0.179357,-4.015740,-37.373444,-3.933171,15.302320,0.503830,1.833864,0.027550,-0.127578,-0.179357,87.000000,87.000000,87.000000,87.000000,12.000000,12.000000,12.000000,200.000000,200.000000,0.000000,0.000000,0.000000,0.000000,0.000000,0.000000,0.000000,0.000000,0.000000
351,0.052791,0.809002,-0.292165,1.868767,0.230517,-1.186402,-4.787677,0.001428,0.296512,-0.150763,-2.133454,0.102164,2.408270,-1.647652,0.000064,0.000093,0.006647,-0.212814,-0.052395,-0.010519,0.154107,0.098291,-0.103983,-0.000688,0.000625,0.490214,0.850563,0.519188,4.012601,-4.898656,-2.126542,2.315285,0.011960,-0.009632,2.001604,-36.109344,0.548983,20.816738,0.317599,2.634108,-0.001901,-0.042737,-0.260315,2.001604,-36.109344,0.548983,20.816738,0.317599,2.634108,-0.001901,-0.042737,-0.260315,87.000000,87.000000,87.000000,87.000000,12.000000,12.000000,12.000000,200.000000,200.000000,0.000000,0.000000,0.000000,0.000000,0.000000,0.000000,0.000000,0.000000,0.000000
352,0.051473,1.063041,-0.272213,1.690093,0.239549,-1.269611,-4.813543,0.000092,0.295416,-0.150085,-2.134551,0.107799,2.400095,-1.656274,0.000073,0.000086,-0.033461,-0.095056,0.035157,-0.011009,0.182591,-0.381950,-0.191163,-0.000635,0.000492,0.628005,3.455260,0.649422,-2.307364,-1.588822,3.081313,4.571485,-0.003438,0.001523,2.166808,-26.026451,1.071082,13.398873,0.354148,1.518452,0.015751,-0.088489,-0.218718,2.166808,-26.026451,1.071082,13.398873,0.354148,1.518452,0.015751,-0.088489,-0.218718,87.000000,87.000000,87.000000,87.000000,12.000000,12.000000,12.000000,200.000000,200.000000,0.000000,0.000000,0.000000,0.000000,0.000000,0.000000,0.000000,0.000000,0.000000
353,-0.031331,0.744523,-0.360696,1.908477,0.220532,-1.157313,-4.780025,0.000578,0.295909,-0.151293,-2.136668,0.106108,2.412721,-1.652854,0.000062,0.000095,0.026714,-0.107356,-0.064820,0.052287,-0.075077,0.264251,0.074562,-0.000549,0.000478,-0.200260,-0.399593,-0.778683,4.786427,-1.175054,-4.824580,-2.025658,0.005080,-0.004247,-1.385530,-38.992439,-2.193786,22.538477,0.420070,2.847909,-0.006359,-0.059437,-0.244909,-1.385530,-38.992439,-2.193786,22.538477,0.420070,2.847909,-0.006359,-0.059437,-0.244909,87.000000,87.000000,87.000000,87.000000,12.000000,12.000000,12.000000,200.000000,200.000000,0.000000,0.000000,0.000000,0.000000,0.000000,0.000000,0.000000,0.000000,0.000000
354,0.171484,0.948817,-0.160645,1.746204,0.241848,-1.234807,-4.805272,-0.001937,0.296622,-0.146804,-2.135989,0.110309,2.409655,-1.656913,0.000063,0.000094,-0.039416,-0.082390,0.168046,0.044015,0.175140,-0.274149,-0.090521,-0.000717,0.000585,3.369415,0.853481,0.822925,-2.117196,-0.496386,0.067397,2.260686,-0.000722,0.000187,7.299419,-30.873581,4.929679,15.623249,0.331005,1.683821,-0.003398,-0.059714,-0.243433,7.299419,-30.873581,4.929679,15.623249,0.331005,1.683821,-0.003398,-0.059714,-0.243433,87.000000,87.000000,87.000000,87.000000,12.000000,12.000000,12.000000,200.000000,200.000000,0.000000,0.000000,0.000000,0.000000,0.000000,0.000000,0.000000,0.000000,0.000000
355,0.027165,0.680275,-0.300066,1.914089,0.224750,-1.172621,-4.793589,0.000259,0.296198,-0.144951,-2.136166,0.108613,2.414891,-1.656343,0.000059,0.000098,0.100452,-0.171146,0.024755,0.073910,-0.059321,0.049266,0.009690,-0.000658,0.000565,1.080676,-2.673266,-0.741226,2.160820,-0.390286,-1.610258,-0.432076,-0.001093,0.001762,0.857733,-41.544987,-0.514021,22.516052,0.395405,2.812707,-0.005082,-0.055107,-0.247720,0.857733,-41.544987,-0.514021,22.516052,0.395405,2.812707,-0.005082,-0.055107,-0.247720,87.000000,87.000000,87.000000,87.000000,12.000000,12.000000,12.000000,200.000000,200.000000,0.000000,0.000000,0.000000,0.000000,0.000000,0.000000,0.000000,0.000000,0.000000
356,-0.270667,0.950690,-0.583238,1.798665,0.208545,-1.202666,-4.753429,0.007855,0.296489,-0.153714,-2.133189,0.101438,2.415121,-1.646732,0.000080,0.000080,0.148520,-0.063011,-0.292279,0.164375,-0.140117,-0.122140,0.210793,-0.000344,0.000235,-7.573961,2.756325,0.921121,1.363630,3.932645,0.548590,-4.952981,-0.005094,0.002884,-12.284064,-30.730104,-10.200337,17.375301,0.791300,2.165547,0.036538,-0.122828,-0.189220,-12.284064,-30.730104,-10.200337,17.375301,0.791300,2.165547,0.036538,-0.122828,-0.189220,87.000000,87.000000,87.000000,87.000000,12.000000,12.000000,12.000000,200.000000,200.000000,0.000000,0.000000,0.000000,0.000000,0.000000,0.000000,0.000000,0.000000,0.000000
357,-0.010154,0.786712,-0.342301,1.786825,0.250840,-1.264919,-4.802108,0.005437,0.295704,-0.155072,-2.131505,0.108765,2.402158,-1.653065,0.000079,0.000080,-0.113157,-0.198534,0.004489,0.017799,0.261888,-0.498447,-0.140931,-0.000758,0.000621,-1.201730,-3.609651,1.182704,-5.580879,-2.014037,4.851978,3.511703,-0.006508,0.006628,-0.623495,-37.230057,-1.214801,16.760170,0.498690,1.951253,0.022177,-0.098043,-0.206826,-0.623495,-37.230057,-1.214801,16.760170,0.498690,1.951253,0.022177,-0.098043,-0.206826,87.000000,87.000000,87.000000,87.000000,12.000000,12.000000,12.000000,200.000000,200.000000,0.000000,0.000000,0.000000,0.000000,0.000000,0.000000,0.000000,0.000000,0.000000
358,0.238994,0.944460,-0.120547,1.766457,0.230569,-1.200533,-4.812901,0.000658,0.293958,-0.150121,-2.134887,0.111410,2.408404,-1.658767,0.000058,0.000099,-0.060229,-0.136797,0.151316,-0.049205,0.028712,0.093760,-0.129047,-0.000746,0.000668,5.896357,2.057592,-0.541691,0.622880,-3.133734,-2.415472,2.756682,0.012834,-0.011226,9.995677,-30.621706,6.760819,16.746925,0.011329,2.054107,-0.030347,-0.024726,-0.276790,9.995677,-30.621706,6.760819,16.746925,0.011329,2.054107,-0.030347,-0.024726,-0.276790,87.000000,87.000000,87.000000,87.000000,12.000000,12.000000,12.000000,200.000000,200.000000,0.000000,0.000000,0.000000,0.000000,0.000000,0.000000,0.000000,0.000000,0.000000
359,-0.033238,0.881241,-0.347811,1.822378,0.195440,-1.199455,-4.772063,0.000000,-0.697268,0.000000,-1.674071,0.000000,3.613857,0.862628,0.039663,0.040000,0.000000,0.000000,0.000000,0.000000,0.000000,0.000000,0.000000,0.000000,0.000000,0.000000,0.000000,0.000000,0.000000,0.000000,0.000000,0.000000,0.000000,0.000000,-1.329529,45.511055,-13.912457,-17.979202,7.817600,-12.000000,-12.000000,-79.326645,-80.000000,-1.329529,45.511055,-13.912457,-17.979202,7.817600,-94.126755,-200.612793,-79.326645,-80.000000,87.000000,87.000000,87.000000,87.000000,12.000000,12.000000,12.000000,200.000000,200.000000,0.000000,0.000000,0.000000,0.000000,0.000000,0.000000,0.000000,0.000000,0.000000
