Timestep,agent_joint_pos_J1,agent_joint_pos_J2,agent_joint_pos_J3,agent_joint_pos_J4,agent_joint_pos_J5,agent_joint_pos_J6,agent_joint_pos_J7,joint_pos_J1,joint_pos_J2,joint_pos_J3,joint_pos_J4,joint_pos_J5,joint_pos_J6,joint_pos_J7,joint_pos_J8,joint_pos_J9,joint_vel_J1,joint_vel_J2,joint_vel_J3,joint_vel_J4,joint_vel_J5,joint_vel_J6,joint_vel_J7,joint_vel_J8,joint_vel_J9,joint_acc_J1,joint_acc_J2,joint_acc_J3,joint_acc_J4,joint_acc_J5,joint_acc_J6,joint_acc_J7,joint_acc_J8,joint_acc_J9,joint_applied_torque_J1,joint_applied_torque_J2,joint_applied_torque_J3,joint_applied_torque_J4,joint_applied_torque_J5,joint_applied_torque_J6,joint_applied_torque_J7,joint_applied_torque_J8,joint_applied_torque_J9,joint_computed_torque_J1,joint_computed_torque_J2,joint_computed_torque_J3,joint_computed_torque_J4,joint_computed_torque_J5,joint_computed_torque_J6,joint_computed_torque_J7,joint_computed_torque_J8,joint_computed_torque_J9,joint_effort_limits_J1,joint_effort_limits_J2,joint_effort_limits_J3,joint_effort_limits_J4,joint_effort_limits_J5,joint_effort_limits_J6,joint_effort_limits_J7,joint_effort_limits_J8,joint_effort_limits_J9,joint_effort_target_J1,joint_effort_target_J2,joint_effort_target_J3,joint_effort_target_J4,joint_effort_target_J5,joint_effort_target_J6,joint_effort_target_J7,joint_effort_target_J8,joint_effort_target_J9
0,1.703477,2.881047,0.661861,0.878795,0.504090,0.512098,1.072036,0.056849,-0.476456,-0.015508,-2.629321,0.083231,1.989120,0.502310,0.032289,0.033194,1.825114,2.195017,0.085808,0.979260,2.605691,1.190974,2.612445,-0.200408,-0.199610,-0.235441,20.052845,36.801598,6.615386,-0.017867,44.641842,0.020356,0.537254,0.568372,58.701900,87.000000,29.536255,18.172642,6.644812,12.000000,12.000000,-50.342171,-52.159744,58.701900,103.290428,29.536255,18.172642,6.644812,105.144081,55.010422,-50.342171,-52.159744,87.000000,87.000000,87.000000,87.000000,12.000000,12.000000,12.000000,200.000000,200.000000,0.000000,0.000000,0.000000,0.000000,0.000000,0.000000,0.000000,0.000000,0.000000
1,0.681801,1.844599,0.218508,0.892278,0.016083,0.880992,0.428330,0.124543,-0.403130,-0.016205,-2.599056,0.056429,2.051610,0.589259,0.025489,0.026388,2.006678,2.194014,0.142698,1.110849,-1.291670,1.391259,2.611743,-0.204306,-0.204478,-1.427150,-0.211358,6.590198,-5.833575,5.850970,38.225780,0.076847,-0.112611,-0.182307,11.861254,54.650284,9.963580,15.183586,0.003551,12.000000,12.000000,-37.564796,-39.473175,11.861254,54.650284,9.963580,15.183586,0.003551,113.785019,22.311790,-37.564796,-39.473175,87.000000,87.000000,87.000000,87.000000,12.000000,12.000000,12.000000,200.000000,200.000000,0.000000,0.000000,0.000000,0.000000,0.000000,0.000000,0.000000,0.000000,0.000000
2,0.147645,1.386316,-0.004344,0.830123,-0.478629,0.928382,-0.374502,0.149157,-0.329993,0.013575,-2.570875,-0.028861,2.123127,0.573114,0.018870,0.019759,0.137566,2.192239,1.248990,0.951059,-2.612334,1.680007,-0.403275,-0.192757,-0.192280,-30.067493,-0.029798,12.538669,-6.930234,0.020328,9.831990,10.023135,0.625060,0.688924,-8.202450,30.485149,-3.851976,10.871480,-9.834395,12.000000,0.108780,-23.866379,-25.570278,-8.202450,30.485149,-3.851976,10.871480,-9.834395,107.096069,0.108780,-23.866379,-25.570278,87.000000,87.000000,87.000000,87.000000,12.000000,12.000000,12.000000,200.000000,200.000000,0.000000,0.000000,0.000000,0.000000,0.000000,0.000000,0.000000,0.000000,0.000000
3,-0.027551,0.830891,0.456999,0.769335,-1.154534,1.064886,-1.806386,0.112049,-0.256995,0.085454,-2.551093,-0.115097,2.200125,0.486091,0.012537,0.013431,-1.275023,2.188879,2.177596,0.633610,-2.610855,1.959725,-2.610548,-0.185634,-0.185215,-9.508866,-0.016623,0.034947,-8.668398,-0.010285,1.503482,0.016837,0.462512,0.495432,-7.238508,2.439791,5.639739,7.646983,-12.000000,12.000000,-12.000000,-11.942842,-13.701380,-7.238508,2.439791,5.639739,7.646983,-30.003372,104.895874,-44.899345,-11.942842,-13.701380,87.000000,87.000000,87.000000,87.000000,12.000000,12.000000,12.000000,200.000000,200.000000,0.000000,0.000000,0.000000,0.000000,0.000000,0.000000,0.000000,0.000000,0.000000
4,-0.474775,0.360625,1.043891,0.719670,-2.194297,1.130166,-3.981873,0.057128,-0.191063,0.158027,-2.546645,-0.202285,2.280846,0.399072,0.006979,0.007630,-1.854272,1.744952,2.176710,0.007255,-2.614056,2.091076,-2.610678,-0.127085,-0.138199,-10.727333,-11.050164,0.069852,-15.475213,-0.085487,-10.001720,0.073614,2.853557,2.867443,-19.224827,-21.007454,23.315294,6.653151,-12.000000,12.000000,-12.000000,-1.419518,-2.056618,-19.224827,-21.007454,23.315294,6.653151,-64.632477,99.847702,-124.952805,-1.419518,-2.056618,87.000000,87.000000,87.000000,87.000000,12.000000,12.000000,12.000000,200.000000,200.000000,0.000000,0.000000,0.000000,0.000000,0.000000,0.000000,0.000000,0.000000,0.000000
5,-0.539707,0.250563,1.460679,0.860945,-2.847388,1.161308,-5.340481,-0.007479,-0.137372,0.230785,-2.555254,-0.288679,2.349955,0.312085,0.003795,0.004263,-1.996836,1.347224,2.182195,-0.222028,-2.615558,1.331877,-2.610049,-0.070681,-0.070753,-3.419502,-12.023313,0.090766,-8.378134,-0.024762,-7.982583,0.010571,1.390009,1.754420,-15.866131,-28.679207,34.153103,13.940660,-12.000000,12.000000,-12.000000,-0.941110,-1.324980,-15.866131,-28.679207,34.153103,13.940660,-83.777969,98.279709,-172.344864,-0.941110,-1.324980,87.000000,87.000000,87.000000,87.000000,12.000000,12.000000,12.000000,200.000000,200.000000,0.000000,0.000000,0.000000,0.000000,0.000000,0.000000,0.000000,0.000000,0.000000
6,-0.783215,0.110972,1.298789,0.983551,-2.982948,0.994368,-5.922451,-0.075857,-0.098395,0.303784,-2.570109,-0.373795,2.409464,0.225075,0.002036,0.002532,-2.061712,0.844883,2.188425,-0.284992,-2.617250,0.716777,-2.609889,-0.038672,-0.035986,-2.007594,-15.168571,0.113554,-3.068238,-0.022416,-5.358753,0.001588,0.771828,0.910109,-19.912540,-36.206455,21.824438,20.449827,-12.000000,12.000000,-12.000000,-0.433789,-1.380260,-19.912540,-36.206455,21.824438,20.449827,-82.335793,89.105415,-188.665161,-0.433789,-1.380260,87.000000,87.000000,87.000000,87.000000,12.000000,12.000000,12.000000,200.000000,200.000000,0.000000,0.000000,0.000000,0.000000,0.000000,0.000000,0.000000,0.000000,0.000000
7,-0.947907,0.279097,1.278409,1.010574,-2.965691,0.814821,-6.308609,-0.146287,-0.071463,0.376949,-2.584698,-0.458141,2.466488,0.138044,0.001091,0.001620,-2.087407,0.588334,2.192846,-0.165982,-2.616700,0.600515,-2.609992,-0.019629,-0.019348,-0.853429,-8.087972,0.096731,3.325542,-0.026994,-0.462567,-0.002031,0.482184,0.421574,-20.750862,-30.538458,15.142973,22.738409,-12.000000,12.000000,-12.000000,-0.209134,-1.374736,-20.750862,-30.538458,15.142973,22.738409,-74.880997,78.078789,-197.149445,-0.209134,-1.374736,87.000000,87.000000,87.000000,87.000000,12.000000,12.000000,12.000000,200.000000,200.000000,0.000000,0.000000,0.000000,0.000000,0.000000,0.000000,0.000000,0.000000,0.000000
8,-1.132833,0.341478,1.159080,1.081374,-2.870198,0.545823,-6.580573,-0.218028,-0.051160,0.450241,-2.593010,-0.541786,2.530538,0.051198,0.000619,0.001108,-2.110396,0.425414,2.197784,0.094437,-2.616958,0.846324,-2.610102,-0.008046,-0.011839,-0.519504,-5.575481,0.068307,7.926912,-0.029569,3.417434,-0.001945,0.320743,0.164948,-22.339565,-29.083710,4.488730,25.810600,-12.000000,12.000000,-12.000000,-0.269486,-1.214141,-22.339565,-29.083710,4.488730,25.810600,-64.349312,61.768772,-201.072708,-0.269486,-1.214141,87.000000,87.000000,87.000000,87.000000,12.000000,12.000000,12.000000,200.000000,200.000000,0.000000,0.000000,0.000000,0.000000,0.000000,0.000000,0.000000,0.000000,0.000000
9,-1.214735,0.481373,1.179770,1.047724,-2.778576,0.325637,-6.837536,-0.288599,-0.034221,0.521405,-2.592679,-0.625538,2.604449,-0.035702,0.000440,0.000776,-1.957352,0.370962,1.994977,0.307021,-2.617451,1.440268,-2.610232,-0.001010,-0.008391,10.539858,-2.471525,-12.153954,6.985243,-0.091825,6.384100,-0.005035,0.223031,0.053635,-19.717438,-24.516848,-0.547050,23.866810,-12.000000,12.000000,-12.000000,-0.510454,-0.941296,-19.717438,-24.516848,-0.547050,23.866810,-54.000320,45.272942,-204.401459,-0.510454,-0.941296,87.000000,87.000000,87.000000,87.000000,12.000000,12.000000,12.000000,200.000000,200.000000,0.000000,0.000000,0.000000,0.000000,0.000000,0.000000,0.000000,0.000000,0.000000
10,-1.414717,0.692889,1.182606,0.989589,-2.763934,0.059354,-7.082623,-0.348463,-0.015614,0.578867,-2.584567,-0.709896,2.689455,-0.122710,0.000436,0.000532,-1.652372,0.501109,1.509002,0.447254,-2.610347,2.399858,-2.610401,0.003018,-0.006557,8.476452,2.679543,-14.128531,4.810315,0.246735,15.144180,-0.003934,0.164645,-0.006858,-23.822767,-17.595114,-3.837451,20.483824,-12.000000,12.000000,-12.000000,-0.842098,-0.672984,-23.822767,-17.595114,-3.837451,20.483824,-46.700256,25.029774,-207.247787,-0.842098,-0.672984,87.000000,87.000000,87.000000,87.000000,12.000000,12.000000,12.000000,200.000000,200.000000,0.000000,0.000000,0.000000,0.000000,0.000000,0.000000,0.000000,0.000000,0.000000
11,-1.428506,0.744545,1.264551,0.875130,-2.679918,-0.237136,-7.335965,-0.406439,0.004876,0.629547,-2.573157,-0.795558,2.776370,-0.209720,0.000525,0.000328,-1.626199,0.495715,1.309024,0.402903,-2.585788,2.583569,-2.610348,0.002387,-0.003712,7.509140,-1.052057,-13.141421,-1.178743,-0.803261,-1.309333,0.015049,0.000290,0.052737,-19.846100,-17.363031,-4.013988,14.815828,-12.000000,4.418487,-12.000000,-1.200186,-0.382374,-19.846100,-17.363031,-4.013988,14.815828,-36.697632,4.418487,-210.418961,-1.200186,-0.382374,87.000000,87.000000,87.000000,87.000000,12.000000,12.000000,12.000000,200.000000,200.000000,0.000000,0.000000,0.000000,0.000000,0.000000,0.000000,0.000000,0.000000,0.000000
12,-1.485832,0.718350,1.313592,0.858709,-2.582776,-0.494364,-7.597334,-0.459591,0.021246,0.674612,-2.558061,-0.883569,2.785630,-0.296718,0.000471,0.000278,-1.494217,0.284095,1.146665,0.463278,-2.595219,-0.131624,-2.610125,-0.007541,0.004689,6.093971,-6.392052,-13.237688,-6.306933,1.380544,-9.377000,-0.004992,-0.540594,0.421967,-18.317392,-19.462975,-5.222175,12.493081,-12.000000,0.095491,-12.000000,-1.337085,-0.215892,-18.317392,-19.462975,-5.222175,12.493081,-25.615299,0.095491,-213.916000,-1.337085,-0.215892,87.000000,87.000000,87.000000,87.000000,12.000000,12.000000,12.000000,200.000000,200.000000,0.000000,0.000000,0.000000,0.000000,0.000000,0.000000,0.000000,0.000000,0.000000
13,-1.383256,0.908448,1.479077,0.854618,-2.543603,-0.429485,-7.773973,-0.521205,0.036794,0.722844,-2.548178,-0.969405,2.795649,-0.383728,0.000289,0.000351,-1.742107,0.398932,1.265481,0.330248,-2.597641,0.351132,-2.610080,-0.003515,0.002049,7.275760,2.383843,-10.908672,-2.913880,-0.752091,-1.498518,0.004220,0.197838,-0.145545,-8.559706,-12.903232,-2.647918,12.084927,-12.000000,1.091320,-12.000000,-0.010969,-1.125711,-8.559706,-12.903232,-2.647918,12.084927,-17.301542,1.091320,-214.020447,-0.010969,-1.125711,87.000000,87.000000,87.000000,87.000000,12.000000,12.000000,12.000000,200.000000,200.000000,0.000000,0.000000,0.000000,0.000000,0.000000,0.000000,0.000000,0.000000,0.000000
14,-1.248202,0.827279,1.595821,0.857631,-2.380932,-0.518713,-7.906034,-0.569501,0.052084,0.757587,-2.540872,-1.055876,2.782191,-0.470735,0.000201,0.000379,-1.141206,0.292049,0.703183,0.217609,-2.583874,-0.394518,-2.610063,-0.004081,0.003486,21.708353,-3.631763,-23.013224,-5.836759,0.502868,4.686672,-0.000615,-0.068723,0.096770,-0.006216,-17.431259,-0.014497,11.754897,-3.836215,0.888073,-12.000000,-0.232676,-0.875128,-0.006216,-17.431259,-0.014497,11.754897,-3.836215,0.888073,-212.342682,-0.232676,-0.875128,87.000000,87.000000,87.000000,87.000000,12.000000,12.000000,12.000000,200.000000,200.000000,0.000000,0.000000,0.000000,0.000000,0.000000,0.000000,0.000000,0.000000,0.000000
15,-1.119031,0.674444,1.734465,0.990273,-2.267643,-0.455252,-8.058488,-0.602481,0.060656,0.777951,-2.540566,-1.102812,2.782306,-0.557745,0.000119,0.000366,-0.796695,0.019869,0.460521,0.056953,-0.975870,0.109700,-2.610051,-0.001741,-0.001573,16.467789,-8.040360,-12.571160,-1.415378,25.250357,0.673827,0.001988,0.097475,-0.280906,6.579895,-23.758343,5.136286,17.712097,1.638064,1.856889,-12.000000,0.052848,-1.140066,6.579895,-23.758343,5.136286,17.712097,1.638064,1.856889,-211.479980,0.052848,-1.140066,87.000000,87.000000,87.000000,87.000000,12.000000,12.000000,12.000000,200.000000,200.000000,0.000000,0.000000,0.000000,0.000000,0.000000,0.000000,0.000000,0.000000,0.000000
16,-1.114478,0.775817,1.673580,1.074854,-2.163784,-0.464135,-8.079824,-0.611083,0.064575,0.778718,-2.538959,-1.102686,2.781276,-0.644753,0.000073,0.000261,-0.201123,0.000608,0.029194,0.230751,0.114866,-0.023730,-2.610001,-0.001775,-0.002482,5.241633,-0.396008,-0.483829,6.760437,3.050658,-1.584910,0.001917,0.008856,-0.072152,5.220058,-19.528784,4.482255,20.973024,1.609949,1.780583,-12.000000,-0.001108,-0.513608,5.220058,-19.528784,4.482255,20.973024,1.609949,1.780583,-205.372940,-0.001108,-0.513608,87.000000,87.000000,87.000000,87.000000,12.000000,12.000000,12.000000,200.000000,200.000000,0.000000,0.000000,0.000000,0.000000,0.000000,0.000000,0.000000,0.000000,0.000000
17,-1.043628,0.775303,1.680906,1.030191,-2.048351,-0.503464,-8.111171,-0.607484,0.067239,0.773831,-2.533051,-1.072111,2.771477,-0.731440,0.000051,0.000172,0.094201,-0.053579,-0.059905,0.318390,0.791757,-0.249949,-2.567722,-0.000766,-0.000907,1.370294,-1.378884,3.820017,4.097220,-12.876842,2.237927,2.535167,0.042164,0.039680,6.758390,-19.673691,5.648846,18.329422,1.064828,1.810042,-12.000000,0.018298,-0.265255,6.758390,-19.673691,5.648846,18.329422,1.064828,1.810042,-199.666336,0.018298,-0.265255,87.000000,87.000000,87.000000,87.000000,12.000000,12.000000,12.000000,200.000000,200.000000,0.000000,0.000000,0.000000,0.000000,0.000000,0.000000,0.000000,0.000000,0.000000
18,-1.118822,0.808294,1.604880,0.929265,-1.974789,-0.611912,-8.081100,-0.599822,0.067464,0.770172,-2.526096,-1.035163,2.744172,-0.817986,0.000073,0.000124,0.167155,-0.145022,-0.047238,0.253616,0.884207,-0.702624,-2.546288,-0.000279,0.000147,-1.827652,-2.501832,1.978347,-2.411531,-16.507380,10.445937,3.820510,-0.006139,0.026668,2.761865,-18.193172,2.758983,13.538588,0.589517,1.335432,-12.000000,-0.126174,-0.241712,2.761865,-18.193172,2.758983,13.538588,0.589517,1.335432,-191.528503,-0.126174,-0.241712,87.000000,87.000000,87.000000,87.000000,12.000000,12.000000,12.000000,200.000000,200.000000,0.000000,0.000000,0.000000,0.000000,0.000000,0.000000,0.000000,0.000000,0.000000
19,-1.194487,0.825304,1.478069,1.011935,-1.868326,-0.634382,-8.042397,-0.584662,0.065863,0.757663,-2.520585,-0.991300,2.722786,-0.904922,0.000083,0.000104,0.286166,-0.158264,-0.261845,0.271302,1.031823,-0.474354,-2.609132,-0.000130,-0.000056,-9.090494,0.163000,6.189590,1.817152,-21.330713,9.575736,0.047722,-0.005993,-0.025457,-2.219141,-17.197308,-0.491551,16.597372,0.659415,1.515194,-12.000000,-0.160122,-0.267205,-2.219141,-17.197308,-0.491551,16.597372,0.659415,1.515194,-183.056870,-0.160122,-0.267205,87.000000,87.000000,87.000000,87.000000,12.000000,12.000000,12.000000,200.000000,200.000000,0.000000,0.000000,0.000000,0.000000,0.000000,0.000000,0.000000,0.000000,0.000000
20,-1.029150,0.817196,1.540513,0.922157,-1.739247,-0.689988,-8.045057,-0.568942,0.063308,0.744900,-2.517073,-0.936217,2.699312,-0.990838,0.000095,0.000084,0.342374,-0.198904,-0.242986,0.149349,1.319770,-0.594307,-2.450045,-0.000323,0.000028,-6.461160,-0.601711,7.487135,-2.086826,-27.136200,8.896958,9.285177,-0.011416,-0.021894,3.134589,-17.253969,3.052993,12.827590,0.321351,1.455351,-12.000000,-0.180743,-0.223785,3.134589,-17.253969,3.052993,12.827590,0.321351,1.455351,-176.229675,-0.180743,-0.223785,87.000000,87.000000,87.000000,87.000000,12.000000,12.000000,12.000000,200.000000,200.000000,0.000000,0.000000,0.000000,0.000000,0.000000,0.000000,0.000000,0.000000,0.000000
21,-1.009619,0.750790,1.478993,1.089181,-1.684763,-0.593901,-7.980161,-0.548849,0.059997,0.726993,-2.514032,-0.894023,2.703851,-1.077676,0.000084,0.000096,0.407558,-0.204504,-0.332953,0.254593,0.880021,0.235541,-2.605868,0.000109,0.000312,-10.187464,0.415118,11.946456,5.608288,-23.897093,0.078769,-0.311723,0.006170,0.003364,1.905844,-19.571407,2.532871,19.420519,0.448086,2.266173,-12.000000,-0.161178,-0.216822,1.905844,-19.571407,2.532871,19.420519,0.448086,2.266173,-166.779312,-0.161178,-0.216822,87.000000,87.000000,87.000000,87.000000,12.000000,12.000000,12.000000,200.000000,200.000000,0.000000,0.000000,0.000000,0.000000,0.000000,0.000000,0.000000,0.000000,0.000000
22,-1.010796,0.808291,1.398953,1.027568,-1.616396,-0.698602,-7.893950,-0.526572,0.057350,0.709336,-2.506082,-0.857469,2.688876,-1.164693,0.000106,0.000084,0.497351,-0.168766,-0.369435,0.342221,0.880451,-0.473074,-2.609891,-0.000110,0.000296,-10.425635,1.392965,9.760613,0.897918,-16.017357,4.498202,0.008740,-0.000845,-0.030502,-0.169656,-17.100122,0.711157,15.819998,0.730912,1.388401,-12.000000,-0.201833,-0.254876,-0.169656,-17.100122,0.711157,15.819998,0.730912,1.388401,-156.342789,-0.201833,-0.254876,87.000000,87.000000,87.000000,87.000000,12.000000,12.000000,12.000000,200.000000,200.000000,0.000000,0.000000,0.000000,0.000000,0.000000,0.000000,0.000000,0.000000,0.000000
23,-1.062103,0.850032,1.323056,0.941254,-1.523672,-0.797839,-7.906548,-0.508566,0.055564,0.695355,-2.499573,-0.814973,2.659082,-1.251573,0.000130,0.000060,0.358759,-0.148332,-0.305011,0.214584,1.030025,-0.786212,-2.595181,0.000295,-0.000275,-10.319302,1.011756,6.108901,-4.179538,-19.826065,12.460835,0.898604,0.008918,-0.039045,-3.290802,-15.366037,-1.584108,11.896188,0.419305,1.112220,-12.000000,-0.265955,-0.180381,-3.290802,-15.366037,-1.584108,11.896188,0.419305,1.112220,-149.884613,-0.265955,-0.180381,87.000000,87.000000,87.000000,87.000000,12.000000,12.000000,12.000000,200.000000,200.000000,0.000000,0.000000,0.000000,0.000000,0.000000,0.000000,0.000000,0.000000,0.000000
24,-0.896805,0.706435,1.349669,1.128776,-1.435420,-0.665952,-7.805767,-0.487015,0.053493,0.673790,-2.496570,-0.771848,2.665251,-1.338568,0.000111,0.000073,0.436291,-0.173267,-0.436180,0.241968,0.947664,0.261328,-2.610107,-0.000011,0.000146,-11.823446,-0.061373,13.040608,5.151896,-24.442240,-1.114608,-0.013604,-0.034385,0.009627,1.289368,-20.938314,1.964756,19.611679,0.428414,2.376626,-12.000000,-0.284041,-0.147468,1.289368,-20.938314,1.964756,19.611679,0.428414,2.376626,-138.905991,-0.284041,-0.147468,87.000000,87.000000,87.000000,87.000000,12.000000,12.000000,12.000000,200.000000,200.000000,0.000000,0.000000,0.000000,0.000000,0.000000,0.000000,0.000000,0.000000,0.000000
25,-0.867361,0.691556,1.304412,1.003407,-1.334962,-0.821353,-7.814879,-0.466166,0.048503,0.655656,-2.491588,-0.725889,2.640950,-1.425438,0.000136,0.000050,0.462326,-0.312765,-0.396456,0.180789,1.144808,-0.774632,-2.581773,0.000196,-0.000311,-10.492093,-3.260141,9.229787,-3.855809,-20.380747,7.942403,1.720476,0.021963,-0.058676,0.814004,-20.947166,1.274626,13.850875,0.502170,1.342656,-12.000000,-0.252686,-0.185495,0.814004,-20.947166,1.274626,13.850875,0.502170,1.342656,-132.305832,-0.252686,-0.185495,87.000000,87.000000,87.000000,87.000000,12.000000,12.000000,12.000000,200.000000,200.000000,0.000000,0.000000,0.000000,0.000000,0.000000,0.000000,0.000000,0.000000,0.000000
26,-0.799391,0.808502,1.297410,1.008674,-1.301879,-0.795132,-7.753771,-0.447018,0.043757,0.639128,-2.489675,-0.691341,2.629080,-1.512403,0.000127,0.000061,0.412035,-0.188963,-0.321037,0.138789,0.741328,-0.248760,-2.610050,0.000169,0.000330,-9.058985,3.850524,10.502438,-0.071614,-18.979990,7.084212,-0.272012,-0.001025,0.007051,2.201436,-15.815031,2.200852,14.231749,0.183704,1.946581,-12.000000,-0.276723,-0.134380,2.201436,-15.815031,2.200852,14.231749,0.183704,1.946581,-122.934883,-0.276723,-0.134380,87.000000,87.000000,87.000000,87.000000,12.000000,12.000000,12.000000,200.000000,200.000000,0.000000,0.000000,0.000000,0.000000,0.000000,0.000000,0.000000,0.000000,0.000000
27,-0.804105,0.705959,1.237435,1.044505,-1.160810,-0.856537,-7.769514,-0.427573,0.040036,0.624085,-2.489022,-0.642893,2.610702,-1.599313,0.000140,0.000046,0.433591,-0.224403,-0.315053,0.099587,1.210948,-0.551410,-2.591613,0.000473,-0.000711,-9.371116,-0.280944,8.580302,-0.284108,-23.161009,6.879219,1.131964,-0.003643,-0.064667,0.384145,-19.762274,0.878893,15.705758,0.479193,1.741670,-12.000000,-0.329832,-0.157693,0.384145,-19.762274,0.878893,15.705758,0.479193,1.741670,-116.585136,-0.329832,-0.157693,87.000000,87.000000,87.000000,87.000000,12.000000,12.000000,12.000000,200.000000,200.000000,0.000000,0.000000,0.000000,0.000000,0.000000,0.000000,0.000000,0.000000,0.000000
28,-0.802251,0.684654,1.151335,1.144560,-1.064273,-0.875845,-7.738423,-0.404227,0.036374,0.604322,-2.486676,-0.594091,2.593256,-1.686336,0.000149,0.000034,0.503274,-0.195087,-0.430777,0.222244,1.151155,-0.470907,-2.610571,0.000446,-0.000405,-12.838200,1.370894,10.902229,4.167719,-24.414738,8.362415,-0.001001,-0.016097,-0.006114,-1.800065,-20.305096,-0.536921,19.446341,0.506265,2.258533,-12.000000,-0.367279,-0.050019,-1.800065,-20.305096,-0.536921,19.446341,0.506265,2.258533,-108.388702,-0.367279,-0.050019,87.000000,87.000000,87.000000,87.000000,12.000000,12.000000,12.000000,200.000000,200.000000,0.000000,0.000000,0.000000,0.000000,0.000000,0.000000,0.000000,0.000000,0.000000
29,-0.835308,0.710333,1.050614,1.093732,-0.999454,-0.932249,-7.632046,-0.381912,0.033451,0.582779,-2.481521,-0.552536,2.573579,-1.773372,0.000161,0.000024,0.445173,-0.179683,-0.494774,0.249840,0.977309,-0.550126,-2.610937,0.000617,-0.000421,-14.471331,0.910306,10.061276,0.292143,-20.595406,9.335778,0.000687,0.001876,-0.021405,-4.848833,-19.112499,-2.717503,16.704727,0.448827,1.856530,-12.000000,-0.373903,-0.053102,-4.848833,-19.112499,-2.717503,16.704727,0.448827,1.856530,-97.169548,-0.373903,-0.053102,87.000000,87.000000,87.000000,87.000000,12.000000,12.000000,12.000000,200.000000,200.000000,0.000000,0.000000,0.000000,0.000000,0.000000,0.000000,0.000000,0.000000,0.000000
30,-0.564875,0.706272,1.178065,1.044313,-0.904990,-0.897902,-7.587869,-0.362524,0.031290,0.563626,-2.479289,-0.506762,2.569541,-1.860187,0.000138,0.000044,0.438778,-0.147909,-0.389442,0.144869,1.077895,-0.135830,-2.571025,-0.000016,0.000163,-8.573444,1.394300,11.755129,-0.210559,-24.339314,1.786086,1.981301,-0.020347,-0.003340,4.767205,-19.160656,3.732164,14.797590,0.078557,2.041709,-12.000000,-0.325448,-0.101068,4.767205,-19.160656,3.732164,14.797590,0.078557,2.041709,-88.470314,-0.325448,-0.101068,87.000000,87.000000,87.000000,87.000000,12.000000,12.000000,12.000000,200.000000,200.000000,0.000000,0.000000,0.000000,0.000000,0.000000,0.000000,0.000000,0.000000,0.000000
31,-0.601803,0.654172,1.101066,1.029039,-0.815208,-1.002449,-7.588415,-0.343278,0.028232,0.547973,-2.477998,-0.461986,2.546030,-1.947177,0.000152,0.000033,0.436776,-0.219121,-0.331907,0.076508,1.098143,-0.728423,-2.598177,0.001081,-0.000896,-9.218803,-1.378125,8.968883,-3.682353,-21.420248,10.048424,0.761533,0.046195,-0.071040,1.720063,-20.970026,1.590075,14.068325,0.203862,1.783375,-12.000000,-0.318379,-0.118368,1.720063,-20.970026,1.590075,14.068325,0.203862,1.783375,-81.516510,-0.318379,-0.118368,87.000000,87.000000,87.000000,87.000000,12.000000,12.000000,12.000000,200.000000,200.000000,0.000000,0.000000,0.000000,0.000000,0.000000,0.000000,0.000000,0.000000,0.000000
32,-0.555206,0.641093,1.043594,1.230897,-0.759076,-0.902540,-7.484056,-0.319436,0.026401,0.527565,-2.476463,-0.425617,2.548762,-2.034186,0.000143,0.000050,0.540871,-0.103142,-0.425431,0.262740,0.807132,0.074224,-2.611002,-0.000036,0.000631,-11.306071,3.413040,12.759041,8.532077,-20.270107,0.238779,-0.008769,-0.080119,0.074601,1.272495,-21.380911,1.397184,22.217829,0.355138,2.900977,-12.000000,-0.434429,-0.011674,1.272495,-21.380911,1.397184,22.217829,0.355138,2.900977,-70.384949,-0.434429,-0.011674,87.000000,87.000000,87.000000,87.000000,12.000000,12.000000,12.000000,200.000000,200.000000,0.000000,0.000000,0.000000,0.000000,0.000000,0.000000,0.000000,0.000000,0.000000
33,-0.556077,0.660027,1.003321,1.078973,-0.690349,-1.006193,-7.502597,-0.299754,0.025678,0.512927,-2.470325,-0.390536,2.534195,-2.121215,0.000140,0.000056,0.443476,-0.131327,-0.306629,0.245705,0.882185,-0.520427,-2.611103,0.001045,-0.000720,-9.306201,-0.368775,8.368899,-2.306325,-16.278547,6.174820,-0.000787,0.067149,-0.099718,0.040929,-20.708580,0.385215,15.077623,0.342094,1.827012,-12.000000,-0.261168,-0.224718,0.040929,-20.708580,0.385215,15.077623,0.342094,1.827012,-64.163277,-0.261168,-0.224718,87.000000,87.000000,87.000000,87.000000,12.000000,12.000000,12.000000,200.000000,200.000000,0.000000,0.000000,0.000000,0.000000,0.000000,0.000000,0.000000,0.000000,0.000000
34,-0.634253,0.605087,0.888272,1.147645,-0.648941,-0.978860,-7.454485,-0.280917,0.023691,0.496154,-2.466478,-0.361899,2.529566,-2.208254,0.000149,0.000051,0.377429,-0.180546,-0.384054,0.207875,0.655178,-0.174644,-2.611872,0.000608,-0.000099,-11.971365,-1.187794,8.050862,0.239335,-15.481295,2.623027,-0.004292,-0.047513,0.033211,-4.572689,-22.663273,-2.683103,17.759802,0.338867,2.192072,-12.000000,-0.438400,-0.036180,-4.572689,-22.663273,-2.683103,17.759802,0.338867,2.192072,-55.273659,-0.438400,-0.036180,87.000000,87.000000,87.000000,87.000000,12.000000,12.000000,12.000000,200.000000,200.000000,0.000000,0.000000,0.000000,0.000000,0.000000,0.000000,0.000000,0.000000,0.000000
35,-0.490554,0.574333,0.921576,1.087090,-0.515615,-1.050666,-7.450756,-0.262583,0.018590,0.478406,-2.464839,-0.316199,2.513071,-2.295272,0.000138,0.000052,0.393239,-0.295066,-0.398904,0.093138,1.185240,-0.574087,-2.611591,0.000952,-0.001072,-10.599478,-2.382772,9.127369,-3.108492,-21.591345,6.280321,-0.006809,0.028729,-0.079246,-0.255944,-23.250246,0.170991,15.321020,0.271978,1.900714,-12.000000,-0.318285,-0.157267,-0.255944,-23.250246,0.170991,15.321020,0.271978,1.900714,-48.163673,-0.318285,-0.157267,87.000000,87.000000,87.000000,87.000000,12.000000,12.000000,12.000000,200.000000,200.000000,0.000000,0.000000,0.000000,0.000000,0.000000,0.000000,0.000000,0.000000,0.000000
36,-0.457894,0.586792,0.880900,1.111867,-0.458421,-1.063001,-7.378254,-0.244620,0.011592,0.460105,-2.465764,-0.276549,2.498957,-2.382293,0.000141,0.000047,0.378030,-0.311287,-0.409038,0.056994,0.930514,-0.440421,-2.611504,0.000883,-0.000530,-10.644333,-0.001500,9.655714,-0.534105,-20.653416,6.892866,0.000272,-0.009576,0.006575,-0.354008,-22.014183,0.070395,16.626541,0.097820,2.238336,-12.000000,-0.381420,-0.037186,-0.354008,-22.014183,0.070395,16.626541,0.097820,2.238336,-38.301716,-0.381420,-0.037186,87.000000,87.000000,87.000000,87.000000,12.000000,12.000000,12.000000,200.000000,200.000000,0.000000,0.000000,0.000000,0.000000,0.000000,0.000000,0.000000,0.000000,0.000000
37,-0.416867,0.639962,0.863054,1.195051,-0.407341,-1.021614,-7.390337,-0.229162,0.007260,0.444176,-2.465065,-0.244570,2.498981,-2.469310,0.000128,0.000064,0.334977,-0.156408,-0.345884,0.208992,0.744581,-0.076671,-2.611375,0.000178,0.000326,-8.273863,4.531714,8.934738,6.082627,-17.127634,0.694140,0.002732,-0.043809,0.033039,0.298768,-19.695717,0.424001,19.869146,0.273973,2.580363,-12.000000,-0.366866,-0.085359,0.298768,-19.695717,0.424001,19.869146,0.273973,2.580363,-31.823929,-0.366866,-0.085359,87.000000,87.000000,87.000000,87.000000,12.000000,12.000000,12.000000,200.000000,200.000000,0.000000,0.000000,0.000000,0.000000,0.000000,0.000000,0.000000,0.000000,0.000000
38,-0.354875,0.638892,0.847985,1.077384,-0.331066,-1.100334,-7.287551,-0.212466,0.005467,0.428605,-2.461729,-0.209773,2.485871,-2.556310,0.000115,0.000080,0.378881,-0.135902,-0.341572,0.163480,0.892270,-0.495880,-2.611154,0.001153,-0.000764,-8.385465,1.071560,8.764513,-2.396276,-16.335253,5.469610,-0.009270,0.053259,-0.078062,1.320286,-19.849487,1.044287,14.532207,0.204942,1.862301,-12.000000,-0.247840,-0.226890,1.320286,-19.849487,1.044287,14.532207,0.204942,1.862301,-20.753645,-0.247840,-0.226890,87.000000,87.000000,87.000000,87.000000,12.000000,12.000000,12.000000,200.000000,200.000000,0.000000,0.000000,0.000000,0.000000,0.000000,0.000000,0.000000,0.000000,0.000000
39,-0.297995,0.628351,0.883787,1.172275,-0.326590,-0.994869,-7.291252,-0.202078,0.006344,0.420686,-2.460241,-0.188467,2.498367,-2.643323,0.000103,0.000101,0.249435,-0.020366,-0.142883,0.200007,0.433079,0.261380,-2.610911,-0.000382,0.001289,-3.132496,3.036408,5.817748,4.193781,-13.505172,-4.912845,0.014777,-0.094582,0.105691,3.409904,-20.536770,2.411331,18.486040,0.036492,2.497768,-12.000000,-0.365843,-0.103585,3.409904,-20.536770,2.411331,18.486040,0.036492,2.497768,-13.939925,-0.365843,-0.103585,87.000000,87.000000,87.000000,87.000000,12.000000,12.000000,12.000000,200.000000,200.000000,0.000000,0.000000,0.000000,0.000000,0.000000,0.000000,0.000000,0.000000,0.000000
40,-0.394636,0.484388,0.751998,1.155845,-0.201550,-1.107242,-7.309807,-0.186143,0.005483,0.408320,-2.456678,-0.151658,2.483402,-2.730322,0.000097,0.000107,0.350106,-0.190424,-0.290129,0.165890,1.018614,-0.610799,-2.611492,0.001914,-0.001753,-9.164165,-4.111428,6.152536,-2.873491,-15.535211,5.129875,-0.019341,0.075051,-0.139149,-2.341349,-26.182600,-1.460674,17.232395,0.454288,2.067662,-7.722609,-0.229500,-0.319004,-2.341349,-26.182600,-1.460674,17.232395,0.454288,2.067662,-7.722609,-0.229500,-0.319004,87.000000,87.000000,87.000000,87.000000,12.000000,12.000000,12.000000,200.000000,200.000000,0.000000,0.000000,0.000000,0.000000,0.000000,0.000000,0.000000,0.000000,0.000000
41,-0.474978,0.596938,0.652171,1.091843,-0.155582,-1.181509,-7.271964,-0.172686,0.001591,0.394261,-2.455554,-0.119460,2.457619,-2.807589,0.000121,0.000076,0.240418,-0.221532,-0.347857,0.068701,0.781709,-0.769648,-1.775716,0.001983,-0.001640,-10.749045,-0.450599,5.343545,-4.339922,-16.261456,12.434842,41.326366,0.009001,-0.020882,-6.433205,-21.078285,-4.218438,14.755749,0.276827,2.020680,0.131811,-0.390587,-0.065841,-6.433205,-21.078285,-4.218438,14.755749,0.276827,2.020680,0.131811,-0.390587,-0.065841,87.000000,87.000000,87.000000,87.000000,12.000000,12.000000,12.000000,200.000000,200.000000,0.000000,0.000000,0.000000,0.000000,0.000000,0.000000,0.000000,0.000000,0.000000
42,-0.303294,0.534046,0.765534,1.247944,-0.150734,-0.990086,-7.230465,-0.167193,-0.000943,0.385256,-2.458357,-0.099882,2.481251,-2.839979,0.000115,0.000055,0.096074,-0.134213,-0.198869,0.118258,0.373527,0.583468,-0.700297,-0.000365,-0.000145,-3.663238,2.212016,4.538969,7.733885,-14.166333,-9.872610,15.888600,-0.071855,0.058923,0.783867,-23.471210,0.594722,21.779200,0.090019,2.937119,0.051985,-0.350280,0.009806,0.783867,-23.471210,0.594722,21.779200,0.090019,2.937119,0.051985,-0.350280,0.009806,87.000000,87.000000,87.000000,87.000000,12.000000,12.000000,12.000000,200.000000,200.000000,0.000000,0.000000,0.000000,0.000000,0.000000,0.000000,0.000000,0.000000,0.000000
43,-0.247741,0.583508,0.785646,1.040607,-0.118069,-1.120887,-7.263256,-0.162086,-0.003528,0.378408,-2.457897,-0.083556,2.474601,-2.864310,0.000078,0.000081,0.114302,-0.192678,-0.150154,0.034517,0.477094,-0.423198,-0.535761,0.000613,-0.000587,-2.453027,-1.178772,3.791732,-5.692408,-5.626886,1.254893,12.700946,0.046576,-0.036242,2.619389,-21.326784,1.773001,12.906379,0.340555,1.518560,0.065732,-0.149214,-0.159499,2.619389,-21.326784,1.773001,12.906379,0.340555,1.518560,0.065732,-0.149214,-0.159499,87.000000,87.000000,87.000000,87.000000,12.000000,12.000000,12.000000,200.000000,200.000000,0.000000,0.000000,0.000000,0.000000,0.000000,0.000000,0.000000,0.000000,0.000000
44,-0.320168,0.564136,0.719855,1.183694,-0.149637,-1.057484,-7.209118,-0.157483,-0.005471,0.372209,-2.459443,-0.081407,2.478108,-2.864075,0.000090,0.000068,0.083997,-0.122527,-0.144144,0.094571,0.016287,0.012952,0.001119,0.000669,-0.000636,-3.220128,1.782749,3.030900,2.838111,-2.831079,-0.536499,-0.449110,-0.013372,0.012307,-0.610963,-21.963730,-0.420541,19.078388,0.266906,2.537510,0.022192,-0.269911,-0.054668,-0.610963,-21.963730,-0.420541,19.078388,0.266906,2.537510,0.022192,-0.269911,-0.054668,87.000000,87.000000,87.000000,87.000000,12.000000,12.000000,12.000000,200.000000,200.000000,0.000000,0.000000,0.000000,0.000000,0.000000,0.000000,0.000000,0.000000,0.000000
45,-0.229623,0.629237,0.731741,1.073337,-0.063131,-1.171744,-7.239525,-0.147738,-0.005970,0.362417,-2.459273,-0.062037,2.459345,-2.871181,0.000070,0.000090,0.231926,-0.083336,-0.219403,0.065967,0.603533,-0.687504,-0.156209,0.000970,-0.000636,-4.627533,1.740775,5.683874,-3.015059,-6.701045,7.397632,4.001006,0.020586,-0.006870,1.757066,-19.427767,1.190194,14.393888,0.424516,1.762899,0.052643,-0.198518,-0.123862,1.757066,-19.427767,1.190194,14.393888,0.424516,1.762899,0.052643,-0.198518,-0.123862,87.000000,87.000000,87.000000,87.000000,12.000000,12.000000,12.000000,200.000000,200.000000,0.000000,0.000000,0.000000,0.000000,0.000000,0.000000,0.000000,0.000000,0.000000
46,-0.192225,0.494328,0.766979,1.133278,-0.049768,-1.098479,-7.223871,-0.142839,-0.006651,0.359213,-2.463662,-0.045095,2.460810,-2.871033,0.000079,0.000081,0.121394,-0.137946,-0.050511,-0.045766,0.371497,-0.035779,-0.000925,0.000756,-0.000702,-0.939563,-1.549268,2.733447,-0.366661,-10.850432,-0.301637,-0.344233,-0.004637,-0.002550,3.366583,-24.811438,2.236515,17.589670,-0.047584,2.428001,0.000816,-0.238341,-0.102167,3.366583,-24.811438,2.236515,17.589670,-0.047584,2.428001,0.000816,-0.238341,-0.102167,87.000000,87.000000,87.000000,87.000000,12.000000,12.000000,12.000000,200.000000,200.000000,0.000000,0.000000,0.000000,0.000000,0.000000,0.000000,0.000000,0.000000,0.000000
47,-0.293418,0.454582,0.665232,1.279553,-0.104861,-1.044671,-7.116062,-0.135474,-0.007716,0.353273,-2.464701,-0.051302,2.471439,-2.845237,0.000098,0.000064,0.157094,-0.123841,-0.137534,0.169027,-0.173937,0.164982,0.559177,0.000896,-0.000688,-4.169673,-0.008623,3.286986,6.501844,1.651625,-3.901367,-13.587741,-0.000100,0.011568,-1.551066,-26.264450,-1.093102,23.344919,0.411679,2.987202,-0.007315,-0.278189,-0.043963,-1.551066,-26.264450,-1.093102,23.344919,0.411679,2.987202,-0.007315,-0.278189,-0.043963,87.000000,87.000000,87.000000,87.000000,12.000000,12.000000,12.000000,200.000000,200.000000,0.000000,0.000000,0.000000,0.000000,0.000000,0.000000,0.000000,0.000000,0.000000
48,-0.254183,0.535964,0.697482,1.107127,-0.104853,-1.117864,-7.139986,-0.132189,-0.009623,0.351002,-2.462404,-0.055314,2.467001,-2.837313,0.000084,0.000074,0.069713,-0.168491,-0.046053,0.127596,-0.023694,-0.299526,0.160131,0.000495,-0.000488,-1.373879,-1.083018,1.360628,-3.014762,3.367051,1.459672,-3.817382,-0.000626,-0.004136,0.149072,-22.800535,0.024012,15.831277,0.450425,1.943341,0.029380,-0.227323,-0.101790,0.149072,-22.800535,0.024012,15.831277,0.450425,1.943341,0.029380,-0.227323,-0.101790,87.000000,87.000000,87.000000,87.000000,12.000000,12.000000,12.000000,200.000000,200.000000,0.000000,0.000000,0.000000,0.000000,0.000000,0.000000,0.000000,0.000000,0.000000
49,-0.301812,0.658001,0.659318,1.094372,-0.115948,-1.091025,-7.207355,-0.129819,-0.009844,0.348956,-2.462358,-0.059349,2.469757,-2.849362,0.000085,0.000074,0.039854,-0.043719,-0.052040,0.099917,-0.098270,-0.042348,-0.280018,0.000544,-0.000395,-1.753791,3.463729,0.895624,-0.093280,1.225739,-0.803251,6.254641,-0.002706,0.009429,-1.888669,-17.974808,-1.348957,15.556866,0.390988,1.994313,0.051089,-0.232569,-0.087075,-1.888669,-17.974808,-1.348957,15.556866,0.390988,1.994313,0.051089,-0.232569,-0.087075,87.000000,87.000000,87.000000,87.000000,12.000000,12.000000,12.000000,200.000000,200.000000,0.000000,0.000000,0.000000,0.000000,0.000000,0.000000,0.000000,0.000000,0.000000
50,-0.217698,0.559889,0.749175,1.137983,-0.104933,-1.060357,-7.231353,-0.132751,-0.007833,0.352869,-2.463064,-0.059126,2.477407,-2.861577,0.000078,0.000080,-0.055171,-0.022578,0.103404,0.087817,0.039345,0.047267,-0.273399,0.000497,-0.000410,3.018895,0.587413,-1.376411,0.653371,-0.322037,-4.007931,6.241168,0.000227,0.000938,2.238806,-22.280365,1.385393,17.433132,0.364525,2.181925,0.050534,-0.212492,-0.111139,2.238806,-22.280365,1.385393,17.433132,0.364525,2.181925,0.050534,-0.212492,-0.111139,87.000000,87.000000,87.000000,87.000000,12.000000,12.000000,12.000000,200.000000,200.000000,0.000000,0.000000,0.000000,0.000000,0.000000,0.000000,0.000000,0.000000,0.000000
51,-0.409078,0.486251,0.579637,1.230764,-0.106501,-1.058245,-7.224551,-0.129719,-0.006098,0.348852,-2.461308,-0.060895,2.479868,-2.866387,0.000091,0.000067,0.024146,-0.059144,-0.131618,0.194441,-0.004294,-0.086607,-0.111425,0.000982,-0.000907,-4.677114,-1.176608,0.182605,2.503867,1.350180,-0.947003,2.461635,-0.006216,0.003875,-6.309798,-25.367064,-4.358492,20.826233,0.656992,2.598567,0.057804,-0.280124,-0.048876,-6.309798,-25.367064,-4.358492,20.826233,0.656992,2.598567,0.057804,-0.280124,-0.048876,87.000000,87.000000,87.000000,87.000000,12.000000,12.000000,12.000000,200.000000,200.000000,0.000000,0.000000,0.000000,0.000000,0.000000,0.000000,0.000000,0.000000,0.000000
52,-0.235262,0.524503,0.700773,1.063296,-0.051857,-1.173090,-7.199220,-0.129607,-0.007306,0.346133,-2.460020,-0.048030,2.459756,-2.862775,0.000071,0.000089,-0.013102,-0.175157,-0.069652,0.041113,0.438021,-0.705056,0.081344,0.000784,-0.000431,-0.799695,-2.708790,0.717532,-6.582772,-3.910339,8.121553,-1.648760,0.015086,0.001062,0.954471,-23.519798,0.569170,13.914253,0.353113,1.768492,0.033322,-0.195866,-0.124715,0.954471,-23.519798,0.569170,13.914253,0.353113,1.768492,0.033322,-0.195866,-0.124715,87.000000,87.000000,87.000000,87.000000,12.000000,12.000000,12.000000,200.000000,200.000000,0.000000,0.000000,0.000000,0.000000,0.000000,0.000000,0.000000,0.000000,0.000000
53,-0.258655,0.562259,0.678216,1.147818,-0.075989,-1.096246,-7.174765,-0.129539,-0.008840,0.343153,-2.463212,-0.044546,2.461303,-2.854858,0.000084,0.000077,-0.018745,-0.112681,-0.076106,0.023339,0.036100,-0.013877,0.163867,0.000663,-0.000650,-1.035959,1.592089,1.137021,1.625188,-4.199695,0.489267,-4.320492,-0.006379,-0.002172,0.012651,-21.807350,-0.051676,18.064936,0.129198,2.468610,0.001934,-0.243406,-0.097341,0.012651,-21.807350,-0.051676,18.064936,0.129198,2.468610,0.001934,-0.243406,-0.097341,87.000000,87.000000,87.000000,87.000000,12.000000,12.000000,12.000000,200.000000,200.000000,0.000000,0.000000,0.000000,0.000000,0.000000,0.000000,0.000000,0.000000,0.000000
54,-0.101135,0.576397,0.770800,1.177666,-0.088374,-1.079581,-7.146268,-0.126745,-0.007516,0.340168,-2.463592,-0.046819,2.467251,-2.843949,0.000076,0.000082,0.101191,-0.007011,-0.040971,0.147459,-0.027200,0.012469,0.231526,0.000466,-0.000407,1.193915,2.864350,3.476609,3.720977,0.907768,-2.609388,-5.664607,0.005521,-0.002026,5.898111,-21.556280,3.929919,19.079712,0.288484,2.400259,0.011851,-0.198285,-0.119227,5.898111,-21.556280,3.929919,19.079712,0.288484,2.400259,0.011851,-0.198285,-0.119227,87.000000,87.000000,87.000000,87.000000,12.000000,12.000000,12.000000,200.000000,200.000000,0.000000,0.000000,0.000000,0.000000,0.000000,0.000000,0.000000,0.000000,0.000000
55,-0.226154,0.418140,0.692177,1.207621,-0.082202,-1.040656,-7.198889,-0.124697,-0.006783,0.340432,-2.462716,-0.046873,2.478574,-2.850810,0.000080,0.000078,0.049987,-0.126664,0.013560,0.139676,0.009976,0.141120,-0.163445,0.000587,-0.000488,-0.209420,-3.543139,0.313357,1.018010,-0.670614,-5.517790,3.560276,-0.010121,0.012548,0.791443,-27.991684,0.436242,20.074369,0.347741,2.541959,0.039747,-0.236903,-0.084597,0.791443,-27.991684,0.436242,20.074369,0.347741,2.541959,0.039747,-0.236903,-0.084597,87.000000,87.000000,87.000000,87.000000,12.000000,12.000000,12.000000,200.000000,200.000000,0.000000,0.000000,0.000000,0.000000,0.000000,0.000000,0.000000,0.000000,0.000000
56,-0.270613,0.549285,0.640136,1.123774,-0.050749,-1.163324,-7.193802,-0.120110,-0.008492,0.337818,-2.459478,-0.041145,2.460330,-2.853359,0.000072,0.000086,0.099359,-0.151070,-0.065798,0.162096,0.254444,-0.667059,-0.058926,0.001033,-0.000898,-2.656502,-0.294174,1.293236,-2.918189,0.077060,7.949570,1.583986,0.016546,-0.016413,-1.625979,-22.359545,-1.167193,16.177505,0.561784,2.002167,0.056080,-0.209259,-0.117725,-1.625979,-22.359545,-1.167193,16.177505,0.561784,2.002167,0.056080,-0.209259,-0.117725,87.000000,87.000000,87.000000,87.000000,12.000000,12.000000,12.000000,200.000000,200.000000,0.000000,0.000000,0.000000,0.000000,0.000000,0.000000,0.000000,0.000000,0.000000
57,-0.160637,0.608046,0.711291,1.143914,-0.044141,-1.096623,-7.180547,-0.116192,-0.008380,0.336478,-2.458914,-0.033789,2.462458,-2.851422,0.000078,0.000080,0.111027,-0.040447,-0.009902,0.137751,0.164874,-0.013192,0.037610,0.000592,-0.000544,-0.139551,3.026014,2.124628,1.718920,-5.528700,-0.108779,-1.197322,-0.005487,0.004026,2.571127,-20.123550,1.684929,17.265692,0.128827,2.322376,0.012734,-0.224694,-0.098864,2.571127,-20.123550,1.684929,17.265692,0.128827,2.322376,0.012734,-0.224694,-0.098864,87.000000,87.000000,87.000000,87.000000,12.000000,12.000000,12.000000,200.000000,200.000000,0.000000,0.000000,0.000000,0.000000,0.000000,0.000000,0.000000,0.000000,0.000000
58,-0.296412,0.566865,0.655907,1.147386,-0.119504,-1.067113,-7.169923,-0.118871,-0.006110,0.341226,-2.457550,-0.048166,2.471809,-2.847748,0.000086,0.000073,-0.076977,-0.019211,0.109178,0.136904,-0.382879,0.120634,0.064244,0.000467,-0.000307,1.466542,0.220906,-2.749714,-0.315865,5.830884,-3.569418,-2.031426,-0.008494,0.016492,-2.050362,-22.169029,-1.508386,17.181988,0.367944,2.197917,0.023247,-0.238612,-0.080294,-2.050362,-22.169029,-1.508386,17.181988,0.367944,2.197917,0.023247,-0.238612,-0.080294,87.000000,87.000000,87.000000,87.000000,12.000000,12.000000,12.000000,200.000000,200.000000,0.000000,0.000000,0.000000,0.000000,0.000000,0.000000,0.000000,0.000000,0.000000
59,-0.437630,0.566652,0.561674,1.101856,-0.112377,-1.148593,-7.188169,-0.122348,-0.004857,0.342924,-2.456531,-0.057228,2.460830,-2.850386,0.000086,0.000073,-0.137149,-0.079817,-0.005886,0.065991,-0.113207,-0.471062,-0.066786,0.001018,-0.000944,-1.784671,-1.479714,-3.532307,-4.610073,6.858318,4.406290,1.630895,0.012862,-0.016395,-7.444200,-22.213854,-5.151779,15.223641,0.744907,1.832199,0.066462,-0.240769,-0.090090,-7.444200,-22.213854,-5.151779,15.223641,0.744907,1.832199,0.066462,-0.240769,-0.090090,87.000000,87.000000,87.000000,87.000000,12.000000,12.000000,12.000000,200.000000,200.000000,0.000000,0.000000,0.000000,0.000000,0.000000,0.000000,0.000000,0.000000,0.000000
60,-0.146206,0.515003,0.749941,1.168409,-0.043409,-1.105862,-7.183473,-0.123600,-0.004682,0.341939,-2.459480,-0.043596,2.460453,-2.850708,0.000079,0.000080,-0.013137,-0.088972,-0.016358,0.027240,0.399698,-0.131858,-0.004444,0.000748,-0.000560,1.553702,-0.033246,1.159919,1.427891,-6.966195,-0.461016,0.123497,0.011544,-0.003529,4.171309,-24.186037,2.753685,18.569532,0.249139,2.398611,0.028106,-0.210950,-0.108430,4.171309,-24.186037,2.753685,18.569532,0.249139,2.398611,0.028106,-0.210950,-0.108430,87.000000,87.000000,87.000000,87.000000,12.000000,12.000000,12.000000,200.000000,200.000000,0.000000,0.000000,0.000000,0.000000,0.000000,0.000000,0.000000,0.000000,0.000000
61,-0.274854,0.429710,0.654905,1.267385,-0.099811,-1.031897,-7.186243,-0.123543,-0.005095,0.339893,-2.460172,-0.048459,2.474458,-2.851308,0.000094,0.000066,-0.024251,-0.129137,-0.058482,0.149698,-0.179610,0.260143,-0.028387,0.000506,-0.000439,-1.262495,-1.602803,0.424547,4.712367,0.265409,-5.344870,0.094211,-0.021087,0.020826,-1.111626,-27.545954,-0.812931,22.445620,0.315602,2.923648,0.024711,-0.277533,-0.050123,-1.111626,-27.545954,-0.812931,22.445620,0.315602,2.923648,0.024711,-0.277533,-0.050123,87.000000,87.000000,87.000000,87.000000,12.000000,12.000000,12.000000,200.000000,200.000000,0.000000,0.000000,0.000000,0.000000,0.000000,0.000000,0.000000,0.000000,0.000000
62,-0.100012,0.490563,0.819868,1.105178,-0.084000,-1.098958,-7.200098,-0.129142,-0.008059,0.346039,-2.459385,-0.048132,2.473136,-2.855007,0.000069,0.000088,-0.091641,-0.219633,0.172895,0.072313,0.093226,-0.237362,-0.086939,0.000426,-0.000388,5.988942,-2.299536,-1.522147,-3.519809,1.293712,-0.635396,2.056617,0.020181,-0.022024,6.925025,-24.675198,4.564674,15.630651,0.281930,1.921244,0.037513,-0.158145,-0.163950,6.925025,-24.675198,4.564674,15.630651,0.281930,1.921244,0.037513,-0.158145,-0.163950,87.000000,87.000000,87.000000,87.000000,12.000000,12.000000,12.000000,200.000000,200.000000,0.000000,0.000000,0.000000,0.000000,0.000000,0.000000,0.000000,0.000000,0.000000
63,-0.180009,0.577548,0.733814,1.105133,-0.080549,-1.127724,-7.195992,-0.125582,-0.011558,0.346555,-2.460302,-0.046958,2.464448,-2.855966,0.000068,0.000088,0.117915,-0.176061,0.026749,0.051868,0.070939,-0.357259,-0.028032,0.000774,-0.000685,0.270050,1.386512,1.591502,-1.526048,-0.167505,4.161399,0.537117,0.003588,-0.003426,2.552186,-20.822277,1.652365,15.869038,0.295155,2.067142,0.033590,-0.204800,-0.116205,2.552186,-20.822277,1.652365,15.869038,0.295155,2.067142,0.033590,-0.204800,-0.116205,87.000000,87.000000,87.000000,87.000000,12.000000,12.000000,12.000000,200.000000,200.000000,0.000000,0.000000,0.000000,0.000000,0.000000,0.000000,0.000000,0.000000,0.000000
64,-0.355755,0.610014,0.574927,1.191919,-0.089905,-1.085728,-7.184332,-0.117642,-0.011731,0.341457,-2.460263,-0.049821,2.466730,-2.853759,0.000088,0.000070,0.158102,-0.036346,-0.133739,0.163566,-0.062478,-0.037124,0.040190,0.000875,-0.000792,-5.542321,3.778507,2.173887,4.001018,0.617582,-0.101266,-1.233355,-0.016079,0.014773,-5.553385,-19.745281,-3.832174,19.354692,0.540625,2.476206,0.039114,-0.280210,-0.046068,-5.553385,-19.745281,-3.832174,19.354692,0.540625,2.476206,0.039114,-0.280210,-0.046068,87.000000,87.000000,87.000000,87.000000,12.000000,12.000000,12.000000,200.000000,200.000000,0.000000,0.000000,0.000000,0.000000,0.000000,0.000000,0.000000,0.000000,0.000000
65,-0.400436,0.595637,0.518121,1.127180,-0.066885,-1.117923,-7.187139,-0.111672,-0.009571,0.333534,-2.458436,-0.046827,2.463839,-2.853291,0.000091,0.000068,0.072814,-0.016861,-0.221857,0.138098,0.141578,-0.237012,0.004912,0.000893,-0.000790,-6.938529,0.690256,1.570911,-1.277167,-0.509856,0.839097,-0.140529,0.001012,-0.000451,-7.668613,-20.721918,-5.271711,16.386162,0.626227,1.995429,0.047259,-0.260835,-0.063935,-7.668613,-20.721918,-5.271711,16.386162,0.626227,1.995429,0.047259,-0.260835,-0.063935,87.000000,87.000000,87.000000,87.000000,12.000000,12.000000,12.000000,200.000000,200.000000,0.000000,0.000000,0.000000,0.000000,0.000000,0.000000,0.000000,0.000000,0.000000
66,-0.293076,0.517060,0.659669,1.089716,-0.072943,-1.124982,-7.233301,-0.120775,-0.008791,0.337072,-2.459952,-0.044239,2.460418,-2.863917,0.000085,0.000072,-0.258938,-0.108617,0.063585,-0.012659,0.077490,-0.225660,-0.244884,0.000557,-0.000498,2.620518,-2.484261,-3.952940,-4.327756,-1.536686,1.351226,5.522825,0.002076,-0.003517,-1.213406,-23.864014,-0.972763,15.236247,0.280406,1.991560,0.042105,-0.226999,-0.097143,-1.213406,-23.864014,-0.972763,15.236247,0.280406,1.991560,0.042105,-0.226999,-0.097143,87.000000,87.000000,87.000000,87.000000,12.000000,12.000000,12.000000,200.000000,200.000000,0.000000,0.000000,0.000000,0.000000,0.000000,0.000000,0.000000,0.000000,0.000000
67,-0.236721,0.474676,0.697342,1.240529,-0.070599,-1.069996,-7.200717,-0.127501,-0.009011,0.338071,-2.462072,-0.043122,2.466532,-2.861883,0.000089,0.000069,-0.168702,-0.094079,0.005951,0.108790,0.046436,0.041249,0.041821,0.000653,-0.000552,2.316943,0.272256,-1.263190,4.815771,-1.256586,-2.484932,-1.213662,-0.000245,0.002407,1.320100,-25.421753,0.762357,21.637562,0.381608,2.774619,0.030698,-0.243442,-0.078487,1.320100,-25.421753,0.762357,21.637562,0.381608,2.774619,0.030698,-0.243442,-0.078487,87.000000,87.000000,87.000000,87.000000,12.000000,12.000000,12.000000,200.000000,200.000000,0.000000,0.000000,0.000000,0.000000,0.000000,0.000000,0.000000,0.000000,0.000000
68,-0.190375,0.499909,0.780066,1.115468,-0.132366,-1.075755,-7.156690,-0.138665,-0.010050,0.345361,-2.462688,-0.055572,2.472581,-2.850048,0.000080,0.000078,-0.250908,-0.151394,0.174571,0.047058,-0.299650,0.014918,0.248387,0.000282,-0.000184,6.682251,-1.785881,-3.576834,-2.216523,5.500640,-2.842579,-6.220905,0.003289,0.000603,4.535876,-24.294878,2.905523,16.446970,0.212840,2.109032,0.005089,-0.197891,-0.121110,4.535876,-24.294878,2.905523,16.446970,0.212840,2.109032,0.005089,-0.197891,-0.121110,87.000000,87.000000,87.000000,87.000000,12.000000,12.000000,12.000000,200.000000,200.000000,0.000000,0.000000,0.000000,0.000000,0.000000,0.000000,0.000000,0.000000,0.000000
69,-0.112339,0.502814,0.802472,1.190400,-0.096361,-1.077670,-7.172727,-0.138682,-0.011660,0.346388,-2.462936,-0.055510,2.473743,-2.847821,0.000069,0.000087,0.055797,-0.129496,0.045167,0.135211,0.083742,-0.135722,0.042522,0.000628,-0.000565,3.040967,0.723791,1.822054,2.597351,0.909924,-1.044251,-1.000586,0.008520,-0.010262,6.631354,-23.964880,4.375344,19.504293,0.378891,2.433931,0.036454,-0.190437,-0.132831,6.631354,-23.964880,4.375344,19.504293,0.378891,2.433931,0.036454,-0.190437,-0.132831,87.000000,87.000000,87.000000,87.000000,12.000000,12.000000,12.000000,200.000000,200.000000,0.000000,0.000000,0.000000,0.000000,0.000000,0.000000,0.000000,0.000000,0.000000
70,-0.195231,0.625510,0.744975,1.083074,-0.110097,-1.108757,-7.207950,-0.135663,-0.011452,0.348228,-2.461944,-0.057489,2.470003,-2.854979,0.000069,0.000089,0.106137,-0.050051,0.067059,0.106327,-0.026377,-0.234628,-0.169844,0.000716,-0.000579,1.224709,2.262866,0.996331,-1.776986,1.109296,1.970137,3.769050,0.005329,-0.001157,2.835595,-19.198011,1.823436,14.958623,0.284353,1.930468,0.039989,-0.199225,-0.120122,2.835595,-19.198011,1.823436,14.958623,0.284353,1.930468,0.039989,-0.199225,-0.120122,87.000000,87.000000,87.000000,87.000000,12.000000,12.000000,12.000000,200.000000,200.000000,0.000000,0.000000,0.000000,0.000000,0.000000,0.000000,0.000000,0.000000,0.000000
71,-0.461666,0.485445,0.515661,1.229327,-0.077256,-1.097184,-7.192780,-0.127563,-0.010695,0.342391,-2.460554,-0.053755,2.466583,-2.855401,0.000091,0.000068,0.134126,-0.085705,-0.175750,0.177401,0.150208,-0.218467,-0.011508,0.001212,-0.001129,-7.607329,-1.017281,1.022293,2.202406,-1.309880,1.775389,0.221913,-0.015850,0.010392,-9.048379,-24.952969,-6.232651,20.735134,0.695335,2.611911,0.055141,-0.309392,-0.025546,-9.048379,-24.952969,-6.232651,20.735134,0.695335,2.611911,0.055141,-0.309392,-0.025546,87.000000,87.000000,87.000000,87.000000,12.000000,12.000000,12.000000,200.000000,200.000000,0.000000,0.000000,0.000000,0.000000,0.000000,0.000000,0.000000,0.000000,0.000000
72,-0.143297,0.533404,0.757790,1.092018,-0.059271,-1.103770,-7.205551,-0.126916,-0.011297,0.342539,-2.460740,-0.044218,2.466732,-2.858418,0.000077,0.000080,0.033447,-0.126520,0.026951,0.048846,0.261827,-0.138350,-0.071543,0.000469,-0.000400,1.677041,-0.992681,1.058165,-2.829484,-5.093005,-0.632864,1.537191,0.009183,-0.006903,4.433282,-22.877050,2.900979,15.312625,0.134733,1.986982,0.021333,-0.194486,-0.122985,4.433282,-22.877050,2.900979,15.312625,0.134733,1.986982,0.021333,-0.194486,-0.122985,87.000000,87.000000,87.000000,87.000000,12.000000,12.000000,12.000000,200.000000,200.000000,0.000000,0.000000,0.000000,0.000000,0.000000,0.000000,0.000000,0.000000,0.000000
73,-0.190751,0.579956,0.705164,1.174338,-0.079855,-1.066459,-7.199108,-0.122345,-0.010518,0.340923,-2.461008,-0.044414,2.473029,-2.858465,0.000081,0.000077,0.127801,-0.025646,-0.022127,0.140882,-0.015520,0.042664,-0.010739,0.000533,-0.000466,-0.653970,2.646519,2.261777,3.088361,-0.869471,-2.320904,-0.094179,-0.006845,0.007092,1.784007,-21.137632,1.125661,18.719969,0.298428,2.401971,0.025672,-0.229989,-0.091108,1.784007,-21.137632,1.125661,18.719969,0.298428,2.401971,0.025672,-0.229989,-0.091108,87.000000,87.000000,87.000000,87.000000,12.000000,12.000000,12.000000,200.000000,200.000000,0.000000,0.000000,0.000000,0.000000,0.000000,0.000000,0.000000,0.000000,0.000000
74,-0.405192,0.531649,0.557276,1.194684,-0.108078,-1.057839,-7.210539,-0.120120,-0.008276,0.339279,-2.458492,-0.053020,2.478805,-2.861283,0.000093,0.000066,0.002166,-0.029331,-0.066633,0.195810,-0.193589,0.007038,-0.074018,0.000793,-0.000656,-3.710030,-0.333972,-0.976324,1.121862,4.169808,-2.274216,1.447684,-0.007411,0.010015,-6.809264,-23.409344,-4.725980,19.074284,0.623661,2.378924,0.051091,-0.271624,-0.054109,-6.809264,-23.409344,-4.725980,19.074284,0.623661,2.378924,0.051091,-0.271624,-0.054109,87.000000,87.000000,87.000000,87.000000,12.000000,12.000000,12.000000,200.000000,200.000000,0.000000,0.000000,0.000000,0.000000,0.000000,0.000000,0.000000,0.000000,0.000000
75,-0.165393,0.521844,0.737180,1.097992,-0.087756,-1.125751,-7.159883,-0.121711,-0.007839,0.340555,-2.456732,-0.052082,2.469274,-2.850697,0.000072,0.000086,-0.023979,-0.113859,0.040154,0.083481,0.129609,-0.422687,0.232716,0.000559,-0.000411,2.073340,-2.088954,-0.136246,-4.674032,1.215298,3.417197,-5.359175,0.016235,-0.011045,3.310979,-23.712215,2.129897,15.034158,0.349839,1.884380,0.022532,-0.180302,-0.140021,3.310979,-23.712215,2.129897,15.034158,0.349839,1.884380,0.022532,-0.180302,-0.140021,87.000000,87.000000,87.000000,87.000000,12.000000,12.000000,12.000000,200.000000,200.000000,0.000000,0.000000,0.000000,0.000000,0.000000,0.000000,0.000000,0.000000,0.000000
76,-0.184290,0.506325,0.735187,1.201494,-0.087296,-1.053673,-7.225067,-0.122971,-0.008171,0.343573,-2.457809,-0.049956,2.475901,-2.860549,0.000078,0.000080,-0.010333,-0.096230,0.083408,0.105799,0.028689,0.076735,-0.230918,0.000550,-0.000482,2.268152,0.306141,-0.452981,2.666340,-2.705073,-2.340851,5.042589,-0.010396,0.009356,2.629458,-24.215874,1.675889,19.619576,0.218904,2.594313,0.036757,-0.231469,-0.094461,2.629458,-24.215874,1.675889,19.619576,0.218904,2.594313,0.036757,-0.231469,-0.094461,87.000000,87.000000,87.000000,87.000000,12.000000,12.000000,12.000000,200.000000,200.000000,0.000000,0.000000,0.000000,0.000000,0.000000,0.000000,0.000000,0.000000,0.000000
77,-0.390154,0.641207,0.574525,1.062363,-0.079284,-1.175705,-7.223695,-0.121092,-0.007925,0.341928,-2.456900,-0.049624,2.457802,-2.865578,0.000078,0.000080,0.004113,-0.068996,-0.069916,0.062094,0.102322,-0.652274,-0.116175,0.001122,-0.000996,-3.499366,1.114853,-0.777375,-4.867652,2.378255,7.926156,2.817699,0.015866,-0.015898,-6.122618,-18.867661,-4.227743,13.668656,0.631096,1.671825,0.060980,-0.227370,-0.100292,-6.122618,-18.867661,-4.227743,13.668656,0.631096,1.671825,0.060980,-0.227370,-0.100292,87.000000,87.000000,87.000000,87.000000,12.000000,12.000000,12.000000,200.000000,200.000000,0.000000,0.000000,0.000000,0.000000,0.000000,0.000000,0.000000,0.000000,0.000000
78,-0.313759,0.507245,0.623238,1.190715,-0.033282,-1.115903,-7.213795,-0.121442,-0.007433,0.339316,-2.459668,-0.037423,2.455380,-2.865890,0.000089,0.000071,-0.046330,-0.082416,-0.083923,0.039566,0.327620,-0.152149,-0.007025,0.000932,-0.000770,-2.067004,-0.287625,-0.175285,1.837381,-6.946576,1.278490,0.046107,-0.005017,0.007689,-2.822788,-24.308889,-1.999198,19.466219,0.347032,2.561579,0.031671,-0.268408,-0.060566,-2.822788,-24.308889,-1.999198,19.466219,0.347032,2.561579,0.031671,-0.268408,-0.060566,87.000000,87.000000,87.000000,87.000000,12.000000,12.000000,12.000000,200.000000,200.000000,0.000000,0.000000,0.000000,0.000000,0.000000,0.000000,0.000000,0.000000,0.000000
79,-0.174848,0.443742,0.755395,1.235749,-0.094917,-1.015097,-7.189166,-0.127877,-0.007374,0.342614,-2.461506,-0.043157,2.476172,-2.859917,0.000093,0.000067,-0.147916,-0.107620,0.086018,0.106819,-0.206963,0.439516,0.118749,0.000278,-0.000199,4.096066,-1.180633,-1.409498,4.410044,-0.004381,-8.868597,-3.413757,-0.007604,0.010931,3.871192,-26.836212,2.498369,21.383087,0.141777,2.782780,0.002263,-0.240355,-0.083194,3.871192,-26.836212,2.498369,21.383087,0.141777,2.782780,0.002263,-0.240355,-0.083194,87.000000,87.000000,87.000000,87.000000,12.000000,12.000000,12.000000,200.000000,200.000000,0.000000,0.000000,0.000000,0.000000,0.000000,0.000000,0.000000,0.000000,0.000000
80,-0.276874,0.566439,0.717064,1.068181,-0.152202,-1.123866,-7.143499,-0.135948,-0.008623,0.348699,-2.460325,-0.062108,2.469881,-2.845896,0.000077,0.000081,-0.192526,-0.147174,0.133413,0.064305,-0.382892,-0.365488,0.295588,0.000464,-0.000412,4.080925,-1.022152,-3.542559,-5.196535,11.407537,2.304398,-7.061653,0.012803,-0.014666,0.555352,-21.715668,0.230505,14.151192,0.516524,1.695707,0.026692,-0.189070,-0.136814,0.555352,-21.715668,0.230505,14.151192,0.516524,1.695707,0.026692,-0.189070,-0.136814,87.000000,87.000000,87.000000,87.000000,12.000000,12.000000,12.000000,200.000000,200.000000,0.000000,0.000000,0.000000,0.000000,0.000000,0.000000,0.000000,0.000000,0.000000
81,-0.194701,0.514219,0.774201,1.218433,-0.108243,-1.027982,-7.243788,-0.139712,-0.009446,0.352816,-2.461976,-0.061595,2.481833,-2.862636,0.000076,0.000083,-0.056589,-0.093398,0.105756,0.122081,0.039555,0.195546,-0.378956,0.000494,-0.000331,3.728642,1.444591,-0.817941,4.964823,-1.283977,-5.493399,8.687881,-0.010071,0.016323,3.759026,-23.740248,2.416879,20.718636,0.370728,2.647136,0.060144,-0.224232,-0.096836,3.759026,-23.740248,2.416879,20.718636,0.370728,2.647136,0.060144,-0.224232,-0.096836,87.000000,87.000000,87.000000,87.000000,12.000000,12.000000,12.000000,200.000000,200.000000,0.000000,0.000000,0.000000,0.000000,0.000000,0.000000,0.000000,0.000000,0.000000
82,-0.331395,0.537312,0.632433,1.163717,-0.080569,-1.097242,-7.230025,-0.134359,-0.009741,0.348323,-2.459412,-0.056109,2.476038,-2.868279,0.000077,0.000081,0.109230,-0.104319,-0.123795,0.179615,0.220203,-0.338401,-0.124715,0.001066,-0.000998,-4.051494,-0.123521,1.821239,-0.275959,-0.837054,2.100134,3.008510,0.011654,-0.016654,-3.024024,-22.853952,-2.129772,17.872971,0.599132,2.181612,0.057965,-0.228323,-0.103927,-3.024024,-22.853952,-2.129772,17.872971,0.599132,2.181612,0.057965,-0.228323,-0.103927,87.000000,87.000000,87.000000,87.000000,12.000000,12.000000,12.000000,200.000000,200.000000,0.000000,0.000000,0.000000,0.000000,0.000000,0.000000,0.000000,0.000000,0.000000
83,-0.211844,0.560293,0.699851,1.149408,-0.058882,-1.098647,-7.184166,-0.129300,-0.009656,0.343819,-2.457289,-0.046188,2.471450,-2.860142,0.000078,0.000081,0.120213,-0.076010,-0.095375,0.161508,0.282130,-0.237314,0.178248,0.000859,-0.000664,-1.976507,0.886948,2.881604,-0.127476,-5.016142,2.251072,-4.274664,0.005972,0.001755,1.441850,-21.959520,0.911938,17.186483,0.260084,2.242346,0.014242,-0.226586,-0.094650,1.441850,-21.959520,0.911938,17.186483,0.260084,2.242346,0.014242,-0.226586,-0.094650,87.000000,87.000000,87.000000,87.000000,12.000000,12.000000,12.000000,200.000000,200.000000,0.000000,0.000000,0.000000,0.000000,0.000000,0.000000,0.000000,0.000000,0.000000
84,-0.263444,0.616264,0.687086,1.067465,-0.079049,-1.156272,-7.218194,-0.129407,-0.008776,0.344718,-2.456082,-0.045058,2.458467,-2.863779,0.000076,0.000082,-0.010951,-0.055033,0.024153,0.070893,0.046033,-0.468338,-0.094772,0.000706,-0.000652,0.327386,0.695082,-0.514144,-4.623395,-0.125356,6.441775,2.024082,0.001001,-0.003062,-0.130958,-19.858694,-0.184428,13.796762,0.268880,1.830812,0.033547,-0.220776,-0.105122,-0.130958,-19.858694,-0.184428,13.796762,0.268880,1.830812,0.033547,-0.220776,-0.105122,87.000000,87.000000,87.000000,87.000000,12.000000,12.000000,12.000000,200.000000,200.000000,0.000000,0.000000,0.000000,0.000000,0.000000,0.000000,0.000000,0.000000,0.000000
85,-0.275239,0.547212,0.672164,1.165457,-0.077757,-1.099649,-7.205950,-0.128706,-0.007132,0.344315,-2.458229,-0.044872,2.460593,-2.862987,0.000084,0.000074,0.008348,-0.034571,-0.015337,0.048015,0.013288,-0.040046,0.011650,0.000647,-0.000594,-0.602594,0.482972,0.080180,1.041435,-1.255163,-0.592833,-0.548754,-0.009617,0.008702,-0.763002,-22.818119,-0.610442,18.272337,0.321550,2.391362,0.028301,-0.247587,-0.075483,-0.763002,-22.818119,-0.610442,18.272337,0.321550,2.391362,0.028301,-0.247587,-0.075483,87.000000,87.000000,87.000000,87.000000,12.000000,12.000000,12.000000,200.000000,200.000000,0.000000,0.000000,0.000000,0.000000,0.000000,0.000000,0.000000,0.000000,0.000000
86,-0.186132,0.397123,0.740931,1.230309,-0.053602,-1.048530,-7.217422,-0.128902,-0.007324,0.345685,-2.460543,-0.039127,2.472345,-2.865290,0.000082,0.000075,0.009840,-0.151301,0.043118,0.065042,0.164735,0.151979,-0.055827,0.000630,-0.000557,1.469727,-3.359120,0.103680,2.486503,-3.583087,-6.080520,1.109301,0.001304,-0.000567,2.931923,-28.713697,1.875454,21.089777,0.295344,2.664371,0.029315,-0.227217,-0.093406,2.931923,-28.713697,1.875454,21.089777,0.295344,2.664371,0.029315,-0.227217,-0.093406,87.000000,87.000000,87.000000,87.000000,12.000000,12.000000,12.000000,200.000000,200.000000,0.000000,0.000000,0.000000,0.000000,0.000000,0.000000,0.000000,0.000000,0.000000
87,-0.374831,0.529107,0.569346,1.121914,-0.065344,-1.157939,-7.184379,-0.123636,-0.010291,0.339779,-2.459996,-0.040224,2.457880,-2.858584,0.000083,0.000075,0.077626,-0.202364,-0.168318,0.075500,0.047731,-0.555485,0.139787,0.000904,-0.000772,-5.647703,-1.205681,1.528394,-3.250106,2.594076,6.485316,-3.291392,0.001012,-0.000249,-5.626629,-22.938801,-3.867044,16.355066,0.591155,2.038146,0.039660,-0.246353,-0.079189,-5.626629,-22.938801,-3.867044,16.355066,0.591155,2.038146,0.039660,-0.246353,-0.079189,87.000000,87.000000,87.000000,87.000000,12.000000,12.000000,12.000000,200.000000,200.000000,0.000000,0.000000,0.000000,0.000000,0.000000,0.000000,0.000000,0.000000,0.000000
88,-0.315407,0.601136,0.634930,1.120040,-0.090429,-1.093310,-7.177012,-0.126377,-0.012307,0.338661,-2.462570,-0.044963,2.462536,-2.853256,0.000089,0.000069,-0.104143,-0.113681,-0.040155,0.029641,-0.133078,0.044585,0.106390,0.000521,-0.000458,-0.524530,2.413000,-0.735106,0.785134,0.460339,-1.426704,-2.910171,-0.003970,0.003518,-2.254227,-19.926537,-1.625650,16.836952,0.304614,2.220880,0.018286,-0.240216,-0.084504,-2.254227,-19.926537,-1.625650,16.836952,0.304614,2.220880,0.018286,-0.240216,-0.084504,87.000000,87.000000,87.000000,87.000000,12.000000,12.000000,12.000000,200.000000,200.000000,0.000000,0.000000,0.000000,0.000000,0.000000,0.000000,0.000000,0.000000,0.000000
89,-0.104605,0.521951,0.786763,1.128762,-0.067790,-1.115023,-7.168087,-0.128997,-0.013154,0.339785,-2.464671,-0.042654,2.461425,-2.848377,0.000071,0.000086,-0.025900,-0.116012,0.046625,0.037248,0.132713,-0.203731,0.102540,0.000493,-0.000394,3.676470,0.132399,0.879097,-0.154192,-0.216579,-0.352196,-2.423379,0.013409,-0.010920,6.419890,-23.150507,4.217615,17.280779,0.298078,2.147110,0.024615,-0.177303,-0.141943,6.419890,-23.150507,4.217615,17.280779,0.298078,2.147110,0.024615,-0.177303,-0.141943,87.000000,87.000000,87.000000,87.000000,12.000000,12.000000,12.000000,200.000000,200.000000,0.000000,0.000000,0.000000,0.000000,0.000000,0.000000,0.000000,0.000000,0.000000
90,-0.128359,0.551948,0.754760,1.172002,-0.084459,-1.072996,-7.139076,-0.125926,-0.012392,0.339663,-2.465765,-0.044451,2.468207,-2.838846,0.000074,0.000083,0.114395,-0.034878,0.023582,0.116876,-0.042859,0.060698,0.200781,0.000554,-0.000484,1.376832,2.101142,2.284040,3.262040,-0.185029,-2.688305,-5.042137,-0.001823,0.002369,4.717612,-22.114506,3.089836,19.080791,0.230357,2.458447,0.008843,-0.209351,-0.111252,4.717612,-22.114506,3.089836,19.080791,0.230357,2.458447,0.008843,-0.209351,-0.111252,87.000000,87.000000,87.000000,87.000000,12.000000,12.000000,12.000000,200.000000,200.000000,0.000000,0.000000,0.000000,0.000000,0.000000,0.000000,0.000000,0.000000,0.000000
91,-0.363338,0.491000,0.617426,1.199199,-0.112629,-1.070655,-7.200500,-0.126722,-0.010987,0.343128,-2.463663,-0.053685,2.472797,-2.848532,0.000087,0.000074,-0.043129,-0.067491,0.066738,0.187191,-0.214517,-0.028585,-0.230592,0.000851,-0.000600,-0.425770,-1.157448,-2.636191,1.264264,4.579880,-1.608796,5.103856,-0.005814,0.015830,-4.298873,-24.763569,-3.078259,19.699730,0.573874,2.479526,0.060520,-0.261227,-0.062724,-4.298873,-24.763569,-3.078259,19.699730,0.573874,2.479526,0.060520,-0.261227,-0.062724,87.000000,87.000000,87.000000,87.000000,12.000000,12.000000,12.000000,200.000000,200.000000,0.000000,0.000000,0.000000,0.000000,0.000000,0.000000,0.000000,0.000000,0.000000
92,-0.286413,0.578072,0.637407,1.154822,-0.065661,-1.124555,-7.195256,-0.122993,-0.009570,0.340218,-2.459671,-0.048725,2.464901,-2.852627,0.000080,0.000078,0.079948,-0.031052,-0.080586,0.224330,0.230446,-0.373995,-0.089239,0.000873,-0.000824,-2.549495,1.248827,1.229107,-0.029507,-0.518291,3.183473,2.253573,0.009628,-0.013851,-1.969715,-21.354115,-1.432195,17.432869,0.597484,2.139502,0.058988,-0.225807,-0.104801,-1.969715,-21.354115,-1.432195,17.432869,0.597484,2.139502,0.058988,-0.225807,-0.104801,87.000000,87.000000,87.000000,87.000000,12.000000,12.000000,12.000000,200.000000,200.000000,0.000000,0.000000,0.000000,0.000000,0.000000,0.000000,0.000000,0.000000,0.000000
93,-0.177150,0.583483,0.735806,1.059685,-0.061905,-1.152698,-7.183974,-0.123635,-0.008029,0.342213,-2.458364,-0.042034,2.455429,-2.851810,0.000071,0.000086,-0.001301,-0.055393,0.061642,0.061304,0.193503,-0.367792,0.012490,0.000568,-0.000472,1.923773,-0.547648,-0.255997,-5.051042,-3.387391,4.357917,-0.433034,0.004958,-0.002196,2.924952,-21.299210,1.878536,13.669509,0.134627,1.831865,0.018084,-0.195557,-0.123551,2.924952,-21.299210,1.878536,13.669509,0.134627,1.831865,0.018084,-0.195557,-0.123551,87.000000,87.000000,87.000000,87.000000,12.000000,12.000000,12.000000,200.000000,200.000000,0.000000,0.000000,0.000000,0.000000,0.000000,0.000000,0.000000,0.000000,0.000000
94,-0.360466,0.491113,0.601793,1.158155,-0.094343,-1.084391,-7.204158,-0.123378,-0.007843,0.341587,-2.461551,-0.046764,2.462424,-2.856194,0.000089,0.000070,-0.033955,-0.117545,-0.041306,-0.004797,-0.152428,0.084746,-0.110114,0.000678,-0.000592,-2.410263,-1.996402,-1.080586,-0.311551,0.415242,-2.683764,2.107106,-0.015985,0.016263,-4.589137,-24.925184,-3.203906,18.309669,0.338638,2.406634,0.033254,-0.268859,-0.056822,-4.589137,-24.925184,-3.203906,18.309669,0.338638,2.406634,0.033254,-0.268859,-0.056822,87.000000,87.000000,87.000000,87.000000,12.000000,12.000000,12.000000,200.000000,200.000000,0.000000,0.000000,0.000000,0.000000,0.000000,0.000000,0.000000,0.000000,0.000000
95,-0.261202,0.549875,0.664487,1.186751,-0.073937,-1.088596,-7.222429,-0.123685,-0.007705,0.339802,-2.463024,-0.046393,2.466123,-2.863026,0.000084,0.000074,-0.020561,-0.063454,-0.049503,0.107490,0.072705,-0.073950,-0.155361,0.000681,-0.000617,-0.545990,1.595854,0.482279,3.181332,0.605759,-2.159362,3.586001,0.004453,-0.005030,-0.523145,-22.524330,-0.442027,19.473461,0.554478,2.380809,0.056068,-0.228596,-0.094735,-0.523145,-22.524330,-0.442027,19.473461,0.554478,2.380809,0.056068,-0.228596,-0.094735,87.000000,87.000000,87.000000,87.000000,12.000000,12.000000,12.000000,200.000000,200.000000,0.000000,0.000000,0.000000,0.000000,0.000000,0.000000,0.000000,0.000000,0.000000
96,-0.236215,0.540595,0.676205,1.203986,-0.078959,-1.070067,-7.156549,-0.123495,-0.005823,0.337790,-2.461163,-0.046441,2.471423,-2.850840,0.000087,0.000072,-0.003733,-0.017471,-0.049702,0.205016,0.034273,0.004087,0.265909,0.000754,-0.000596,-0.335946,1.167301,0.857872,3.215451,-0.180195,-2.272961,-6.427171,0.007101,-0.001217,0.428845,-23.192408,0.208820,19.756315,0.409956,2.488467,0.016504,-0.234316,-0.086586,0.428845,-23.192408,0.208820,19.756315,0.409956,2.488467,0.016504,-0.234316,-0.086586,87.000000,87.000000,87.000000,87.000000,12.000000,12.000000,12.000000,200.000000,200.000000,0.000000,0.000000,0.000000,0.000000,0.000000,0.000000,0.000000,0.000000,0.000000
97,-0.232100,0.554873,0.712805,1.046812,-0.105189,-1.141376,-7.161936,-0.128282,-0.004937,0.341264,-2.459731,-0.051508,2.462793,-2.845471,0.000075,0.000082,-0.117594,-0.104437,0.081134,0.040928,-0.078083,-0.386976,0.104456,0.000466,-0.000423,2.710469,-2.337919,-2.065176,-6.835174,3.340139,3.610130,-2.613520,0.002102,-0.003974,1.455457,-22.661520,0.877407,13.217890,0.271545,1.699238,0.021230,-0.201190,-0.121817,1.455457,-22.661520,0.877407,13.217890,0.271545,1.699238,0.021230,-0.201190,-0.121817,87.000000,87.000000,87.000000,87.000000,12.000000,12.000000,12.000000,200.000000,200.000000,0.000000,0.000000,0.000000,0.000000,0.000000,0.000000,0.000000,0.000000,0.000000
98,-0.242973,0.518791,0.686056,1.187690,-0.091684,-1.095970,-7.196481,-0.128218,-0.005065,0.340499,-2.461644,-0.051879,2.463209,-2.851113,0.000080,0.000077,0.001290,-0.091846,-0.022602,0.073085,0.015144,-0.098377,-0.133550,0.000717,-0.000639,-0.117566,0.302938,0.557411,2.120294,-0.356751,0.204219,2.923922,-0.003681,0.003557,0.535514,-23.976522,0.296244,19.431589,0.374806,2.526471,0.044352,-0.235160,-0.087219,0.535514,-23.976522,0.296244,19.431589,0.374806,2.526471,0.044352,-0.235160,-0.087219,87.000000,87.000000,87.000000,87.000000,12.000000,12.000000,12.000000,200.000000,200.000000,0.000000,0.000000,0.000000,0.000000,0.000000,0.000000,0.000000,0.000000,0.000000
99,-0.242244,0.533009,0.673087,1.200660,-0.098422,-1.063489,-7.192593,-0.126165,-0.004277,0.338077,-2.461448,-0.053771,2.471256,-2.853194,0.000084,0.000074,0.043059,-0.055035,-0.055628,0.154377,-0.029000,0.077447,-0.052470,0.000607,-0.000528,-1.036061,0.883556,1.412752,3.244090,0.360603,-3.498893,0.975220,-0.004689,0.005488,0.236392,-23.535120,0.108345,19.783014,0.413638,2.500967,0.037772,-0.237216,-0.084345,0.236392,-23.535120,0.108345,19.783014,0.413638,2.500967,0.037772,-0.237216,-0.084345,87.000000,87.000000,87.000000,87.000000,12.000000,12.000000,12.000000,200.000000,200.000000,0.000000,0.000000,0.000000,0.000000,0.000000,0.000000,0.000000,0.000000,0.000000
100,-0.197229,0.468615,0.675634,1.173866,-0.070050,-1.097027,-7.143715,-0.120739,-0.004682,0.333124,-2.459463,-0.048551,2.469504,-2.842622,0.000078,0.000080,0.127806,-0.144098,-0.110173,0.148607,0.209853,-0.219888,0.232100,0.000856,-0.000670,-2.436533,-2.363357,2.974760,-0.749964,-1.513839,0.031111,-5.421388,0.014332,-0.008676,1.297066,-26.026918,0.841235,18.340084,0.401496,2.283300,0.021287,-0.213412,-0.109235,1.297066,-26.026918,0.841235,18.340084,0.401496,2.283300,0.021287,-0.213412,-0.109235,87.000000,87.000000,87.000000,87.000000,12.000000,12.000000,12.000000,200.000000,200.000000,0.000000,0.000000,0.000000,0.000000,0.000000,0.000000,0.000000,0.000000,0.000000
101,-0.139928,0.575805,0.728525,1.129244,-0.074312,-1.095644,-7.166000,-0.118454,-0.005543,0.333232,-2.458207,-0.044931,2.469265,-2.842188,0.000075,0.000082,0.075968,-0.098831,0.030357,0.131953,0.095646,-0.132095,-0.002369,0.000503,-0.000477,1.155597,1.265230,1.482315,-0.361811,-2.329020,0.428382,-0.197403,-0.003865,0.000650,3.749032,-21.584381,2.488217,16.520687,0.186427,2.155372,0.019908,-0.211669,-0.112811,3.749032,-21.584381,2.488217,16.520687,0.186427,2.155372,0.019908,-0.211669,-0.112811,87.000000,87.000000,87.000000,87.000000,12.000000,12.000000,12.000000,200.000000,200.000000,0.000000,0.000000,0.000000,0.000000,0.000000,0.000000,0.000000,0.000000,0.000000
102,-0.254974,0.589993,0.680469,1.125293,-0.140856,-1.072814,-7.139607,-0.120454,-0.004822,0.338336,-2.457401,-0.059010,2.474532,-2.835712,0.000081,0.000078,-0.043615,-0.054877,0.127736,0.109677,-0.360839,0.024527,0.128362,0.000495,-0.000365,2.119484,0.957456,-2.118238,-0.912445,5.863688,-1.707568,-3.478162,-0.004251,0.010216,-0.317819,-21.209476,-0.308511,16.325565,0.327798,2.112862,0.019082,-0.223251,-0.095011,-0.317819,-21.209476,-0.308511,16.325565,0.327798,2.112862,0.019082,-0.223251,-0.095011,87.000000,87.000000,87.000000,87.000000,12.000000,12.000000,12.000000,200.000000,200.000000,0.000000,0.000000,0.000000,0.000000,0.000000,0.000000,0.000000,0.000000,0.000000
103,-0.290500,0.572948,0.650128,1.101908,-0.090834,-1.155759,-7.177465,-0.120157,-0.004257,0.340742,-2.457212,-0.057450,2.460387,-2.841537,0.000074,0.000084,0.005013,-0.084872,0.046688,0.055974,0.164625,-0.556690,-0.133650,0.001037,-0.000920,-0.216317,-0.445446,-1.407147,-3.590856,1.814739,5.557057,3.338067,0.016681,-0.017851,-2.024252,-21.937181,-1.458246,15.365875,0.600763,1.871027,0.064160,-0.213456,-0.114819,-2.024252,-21.937181,-1.458246,15.365875,0.600763,1.871027,0.064160,-0.213456,-0.114819,87.000000,87.000000,87.000000,87.000000,12.000000,12.000000,12.000000,200.000000,200.000000,0.000000,0.000000,0.000000,0.000000,0.000000,0.000000,0.000000,0.000000,0.000000
104,-0.306468,0.416643,0.613729,1.291173,-0.043522,-1.057459,-7.205334,-0.116812,-0.004888,0.338021,-2.458702,-0.044077,2.467409,-2.851327,0.000093,0.000065,0.051999,-0.136129,-0.080913,0.136438,0.327405,0.093668,-0.218003,0.000927,-0.000868,-3.269920,-1.560508,0.665656,5.724252,-8.191121,-2.772431,4.901670,-0.018171,0.014744,-3.232065,-28.064522,-2.236386,23.372358,0.394242,3.051548,0.046808,-0.297590,-0.031774,-3.232065,-28.064522,-2.236386,23.372358,0.394242,3.051548,0.046808,-0.297590,-0.031774,87.000000,87.000000,87.000000,87.000000,12.000000,12.000000,12.000000,200.000000,200.000000,0.000000,0.000000,0.000000,0.000000,0.000000,0.000000,0.000000,0.000000,0.000000
105,-0.323563,0.493501,0.596055,1.159940,-0.069678,-1.104716,-7.172480,-0.115942,-0.007529,0.334387,-2.456882,-0.042798,2.466065,-2.848458,0.000093,0.000065,-0.028056,-0.202297,-0.108216,0.134232,0.053246,-0.193702,0.056115,0.000664,-0.000578,-3.139870,-1.863681,0.217918,-1.524523,-0.302577,0.617773,-1.524573,0.001076,0.001035,-3.765609,-24.620832,-2.604395,17.569614,0.432957,2.219648,0.029927,-0.250594,-0.070401,-3.765609,-24.620832,-2.604395,17.569614,0.432957,2.219648,0.029927,-0.250594,-0.070401,87.000000,87.000000,87.000000,87.000000,12.000000,12.000000,12.000000,200.000000,200.000000,0.000000,0.000000,0.000000,0.000000,0.000000,0.000000,0.000000,0.000000,0.000000
106,-0.164439,0.624610,0.769040,1.040933,-0.104601,-1.116706,-7.158623,-0.125363,-0.010286,0.341177,-2.458005,-0.048774,2.465097,-2.843497,0.000077,0.000080,-0.209534,-0.150868,0.172961,0.004227,-0.131839,-0.154221,0.098323,0.000202,-0.000150,6.251593,1.529509,-3.054181,-3.987963,2.444489,0.364087,-2.605658,0.006286,-0.005285,4.373775,-19.101124,2.833736,13.103400,0.160555,1.703132,0.012299,-0.180599,-0.137467,4.373775,-19.101124,2.833736,13.103400,0.160555,1.703132,0.012299,-0.180599,-0.137467,87.000000,87.000000,87.000000,87.000000,12.000000,12.000000,12.000000,200.000000,200.000000,0.000000,0.000000,0.000000,0.000000,0.000000,0.000000,0.000000,0.000000,0.000000
107,-0.160137,0.548543,0.786509,1.121942,-0.107659,-1.069532,-7.206829,-0.131333,-0.011716,0.348155,-2.462409,-0.053354,2.472697,-2.852479,0.000072,0.000086,-0.100189,-0.121277,0.176455,-0.028123,-0.098999,0.060651,-0.209540,0.000443,-0.000302,5.462887,0.818469,-2.023761,0.372125,1.466120,-3.815304,4.621263,0.000992,0.004163,4.686351,-22.148804,3.024732,17.030708,0.259926,2.170907,0.039599,-0.194787,-0.123948,4.686351,-22.148804,3.024732,17.030708,0.259926,2.170907,0.039599,-0.194787,-0.123948,87.000000,87.000000,87.000000,87.000000,12.000000,12.000000,12.000000,200.000000,200.000000,0.000000,0.000000,0.000000,0.000000,0.000000,0.000000,0.000000,0.000000,0.000000
108,-0.269249,0.496778,0.665894,1.221666,-0.080492,-1.109568,-7.188033,-0.126734,-0.012456,0.346272,-2.463052,-0.051938,2.465840,-2.852933,0.000077,0.000081,0.116860,-0.106260,-0.050812,0.137331,0.125466,-0.346613,-0.012004,0.001047,-0.000967,-2.145150,0.537709,1.517208,3.189021,1.055939,3.020856,0.346652,0.002380,-0.007068,-1.060284,-24.215515,-0.838531,20.791969,0.628258,2.582104,0.056171,-0.241918,-0.089639,-1.060284,-24.215515,-0.838531,20.791969,0.628258,2.582104,0.056171,-0.241918,-0.089639,87.000000,87.000000,87.000000,87.000000,12.000000,12.000000,12.000000,200.000000,200.000000,0.000000,0.000000,0.000000,0.000000,0.000000,0.000000,0.000000,0.000000,0.000000
109,-0.306785,0.515641,0.615208,1.182976,-0.063683,-1.126558,-7.181738,-0.120681,-0.013011,0.341390,-2.461250,-0.046058,2.458469,-2.851544,0.000085,0.000073,0.117262,-0.109827,-0.126032,0.167571,0.186024,-0.308744,0.025184,0.000918,-0.000813,-4.335000,-0.053503,1.949791,0.721368,-2.650823,3.878597,-0.687086,-0.004304,0.005300,-3.173195,-23.440920,-2.249469,18.878006,0.448769,2.448694,0.037976,-0.259176,-0.064841,-3.173195,-23.440920,-2.249469,18.878006,0.448769,2.448694,0.037976,-0.259176,-0.064841,87.000000,87.000000,87.000000,87.000000,12.000000,12.000000,12.000000,200.000000,200.000000,0.000000,0.000000,0.000000,0.000000,0.000000,0.000000,0.000000,0.000000,0.000000
110,-0.232545,0.589698,0.666716,1.165390,-0.088179,-1.052409,-7.157453,-0.117989,-0.011727,0.338513,-2.459751,-0.047266,2.471786,-2.844926,0.000091,0.000068,0.053333,-0.012700,-0.063223,0.182220,-0.056963,0.249715,0.136920,0.000490,-0.000412,-1.334505,2.475541,1.614861,2.690475,-1.462223,-5.533849,-3.651462,-0.003490,0.005993,-0.077106,-20.695650,-0.146363,18.127853,0.264722,2.334341,0.010262,-0.241032,-0.079762,-0.077106,-20.695650,-0.146363,18.127853,0.264722,2.334341,0.010262,-0.241032,-0.079762,87.000000,87.000000,87.000000,87.000000,12.000000,12.000000,12.000000,200.000000,200.000000,0.000000,0.000000,0.000000,0.000000,0.000000,0.000000,0.000000,0.000000,0.000000
111,-0.152806,0.552888,0.715469,1.124299,-0.054221,-1.115051,-7.184748,-0.114931,-0.009530,0.336947,-2.456672,-0.041222,2.468003,-2.847989,0.000074,0.000083,0.090717,-0.032331,-0.022325,0.165625,0.235708,-0.301972,-0.074050,0.000629,-0.000545,0.046335,-0.342125,1.780573,-2.176994,-1.198925,0.750298,1.809127,0.012254,-0.012286,2.849164,-22.453016,1.827644,16.005453,0.399592,1.938604,0.041730,-0.193409,-0.128527,2.849164,-22.453016,1.827644,16.005453,0.399592,1.938604,0.041730,-0.193409,-0.128527,87.000000,87.000000,87.000000,87.000000,12.000000,12.000000,12.000000,200.000000,200.000000,0.000000,0.000000,0.000000,0.000000,0.000000,0.000000,0.000000,0.000000,0.000000
112,-0.225755,0.483716,0.663943,1.131285,-0.055000,-1.130921,-7.156519,-0.112254,-0.009454,0.336298,-2.456295,-0.037069,2.460157,-2.842862,0.000077,0.000081,0.056945,-0.135306,-0.015023,0.056445,0.129603,-0.327859,0.106941,0.000745,-0.000638,-1.184226,-2.851314,0.418192,-3.597198,-2.130086,3.702990,-2.677461,-0.002336,0.002935,-0.263086,-25.094883,-0.278929,16.463346,0.255002,2.180728,0.019158,-0.227984,-0.095490,-0.263086,-25.094883,-0.278929,16.463346,0.255002,2.180728,0.019158,-0.227984,-0.095490,87.000000,87.000000,87.000000,87.000000,12.000000,12.000000,12.000000,200.000000,200.000000,0.000000,0.000000,0.000000,0.000000,0.000000,0.000000,0.000000,0.000000,0.000000
113,-0.272569,0.550127,0.650372,1.101293,-0.059171,-1.125285,-7.203069,-0.113600,-0.011196,0.338365,-2.459699,-0.035946,2.457757,-2.851233,0.000081,0.000077,-0.048411,-0.149432,0.040903,-0.037511,0.032065,-0.184322,-0.196736,0.000694,-0.000612,0.139557,-0.327828,-1.498260,-2.272223,-1.200717,1.166936,4.344828,-0.001387,0.001822,-1.672064,-22.117752,-1.245164,15.861676,0.305662,2.074333,0.040300,-0.230772,-0.091880,-1.672064,-22.117752,-1.245164,15.861676,0.305662,2.074333,0.040300,-0.230772,-0.091880,87.000000,87.000000,87.000000,87.000000,12.000000,12.000000,12.000000,200.000000,200.000000,0.000000,0.000000,0.000000,0.000000,0.000000,0.000000,0.000000,0.000000,0.000000
114,-0.325334,0.565960,0.615797,1.241786,-0.080918,-1.068364,-7.224401,-0.115708,-0.010604,0.339033,-2.461120,-0.041858,2.465820,-2.860894,0.000093,0.000067,-0.076846,-0.017836,-0.004545,0.159377,-0.147204,0.097906,-0.222465,0.000647,-0.000505,-0.536864,3.457304,-1.351347,6.485918,2.104399,-2.739905,4.883348,-0.013645,0.018010,-3.577099,-21.664989,-2.551606,21.571411,0.570557,2.734147,0.059161,-0.271918,-0.052028,-3.577099,-21.664989,-2.551606,21.571411,0.570557,2.734147,0.059161,-0.271918,-0.052028,87.000000,87.000000,87.000000,87.000000,12.000000,12.000000,12.000000,200.000000,200.000000,0.000000,0.000000,0.000000,0.000000,0.000000,0.000000,0.000000,0.000000,0.000000
115,-0.139544,0.570251,0.744362,1.078288,-0.049871,-1.142660,-7.148867,-0.116915,-0.008733,0.339833,-2.460208,-0.037400,2.459090,-2.847924,0.000070,0.000089,-0.005436,-0.044328,0.028812,0.072428,0.223643,-0.364395,0.289403,0.000581,-0.000356,2.155589,-0.428016,0.402500,-3.738076,-0.424788,1.737018,-6.650036,0.023028,-0.013595,3.916284,-21.795076,2.536430,14.606994,0.347334,1.771955,0.016215,-0.166161,-0.154978,3.916284,-21.795076,2.536430,14.606994,0.347334,1.771955,0.016215,-0.166161,-0.154978,87.000000,87.000000,87.000000,87.000000,12.000000,12.000000,12.000000,200.000000,200.000000,0.000000,0.000000,0.000000,0.000000,0.000000,0.000000,0.000000,0.000000,0.000000
116,-0.239056,0.492101,0.700362,1.161656,-0.107058,-1.064992,-7.193429,-0.120402,-0.007720,0.343740,-2.462587,-0.046138,2.468493,-2.851431,0.000082,0.000078,-0.085941,-0.084386,0.090708,0.029143,-0.275931,0.156562,-0.097559,0.000463,-0.000390,2.115063,-1.512932,-1.963011,0.274230,1.919902,-3.374137,1.686499,-0.013699,0.013136,0.426609,-24.956001,0.163249,18.475815,0.190547,2.468475,0.023084,-0.238103,-0.091578,0.426609,-24.956001,0.163249,18.475815,0.190547,2.468475,0.023084,-0.238103,-0.091578,87.000000,87.000000,87.000000,87.000000,12.000000,12.000000,12.000000,200.000000,200.000000,0.000000,0.000000,0.000000,0.000000,0.000000,0.000000,0.000000,0.000000,0.000000
117,-0.395541,0.532741,0.577009,1.205269,-0.113172,-1.103336,-7.165706,-0.121275,-0.007131,0.342541,-2.461736,-0.056472,2.465953,-2.847028,0.000088,0.000071,-0.066148,-0.068098,-0.065029,0.163975,-0.167307,-0.234521,0.090758,0.000931,-0.000886,-2.590181,0.453574,-1.371248,2.089112,6.737969,1.166016,-2.171957,0.001349,-0.005349,-6.083792,-23.308327,-4.224876,19.898319,0.784542,2.421002,0.057262,-0.257704,-0.072902,-6.083792,-23.308327,-4.224876,19.898319,0.784542,2.421002,0.057262,-0.257704,-0.072902,87.000000,87.000000,87.000000,87.000000,12.000000,12.000000,12.000000,200.000000,200.000000,0.000000,0.000000,0.000000,0.000000,0.000000,0.000000,0.000000,0.000000,0.000000
118,-0.172383,0.503475,0.754678,1.137503,-0.084951,-1.115108,-7.176178,-0.126075,-0.007402,0.344988,-2.461110,-0.052834,2.462628,-2.847087,0.000076,0.000081,-0.103720,-0.124434,0.063335,0.094013,0.156223,-0.228775,-0.005927,0.000587,-0.000504,3.301249,-1.430538,-1.012412,-1.520843,-1.358293,1.089003,0.105985,0.009797,-0.007279,3.663271,-24.415051,2.362973,17.117317,0.296309,2.199077,0.032679,-0.198652,-0.119672,3.663271,-24.415051,2.362973,17.117317,0.296309,2.199077,0.032679,-0.198652,-0.119672,87.000000,87.000000,87.000000,87.000000,12.000000,12.000000,12.000000,200.000000,200.000000,0.000000,0.000000,0.000000,0.000000,0.000000,0.000000,0.000000,0.000000,0.000000
119,-0.156581,0.583083,0.749249,1.111260,-0.076208,-1.095496,-7.199226,-0.125337,-0.007575,0.344774,-2.462426,-0.047832,2.465736,-2.852555,0.000073,0.000084,0.042642,-0.076079,0.007850,0.056818,0.131830,-0.049216,-0.128571,0.000537,-0.000478,1.253942,1.378993,1.425025,-0.121378,-3.192633,-1.518746,2.778821,-0.000756,0.000358,3.727825,-21.185326,2.451350,16.351797,0.196719,2.112542,0.028341,-0.204928,-0.115482,3.727825,-21.185326,2.451350,16.351797,0.196719,2.112542,0.028341,-0.204928,-0.115482,87.000000,87.000000,87.000000,87.000000,12.000000,12.000000,12.000000,200.000000,200.000000,0.000000,0.000000,0.000000,0.000000,0.000000,0.000000,0.000000,0.000000,0.000000
120,-0.261343,0.516180,0.687529,1.192318,-0.110211,-1.055361,-7.168754,-0.125487,-0.006726,0.346367,-2.462782,-0.053971,2.474535,-2.848200,0.000082,0.000075,-0.006662,-0.065832,0.039060,0.126191,-0.153506,0.101053,0.086862,0.000651,-0.000557,0.471112,0.031705,-0.628506,2.429300,2.113825,-3.665988,-2.407691,-0.007303,0.008754,-0.363259,-24.032907,-0.345856,19.583681,0.386697,2.492906,0.025145,-0.241496,-0.080401,-0.363259,-24.032907,-0.345856,19.583681,0.386697,2.492906,0.025145,-0.241496,-0.080401,87.000000,87.000000,87.000000,87.000000,12.000000,12.000000,12.000000,200.000000,200.000000,0.000000,0.000000,0.000000,0.000000,0.000000,0.000000,0.000000,0.000000,0.000000
121,-1.047111,-1.187837,0.702945,2.778877,-0.803980,-0.608452,-6.719085,-0.174825,-0.020951,0.388811,-2.434375,-0.127801,2.532735,-2.761357,0.000254,0.000000,-1.417923,-0.932848,1.048647,1.713791,-2.266884,1.671945,2.606023,0.005084,-0.000120,2.877481,-28.470127,-13.349926,45.039814,7.151098,14.278314,-0.107417,0.285689,0.011286,-23.968166,-87.000000,-6.526074,78.943634,-12.000000,12.000000,4.469395,-0.377726,0.028001,-23.968166,-90.376862,-6.526074,78.943634,-15.400527,12.741795,4.469395,-0.377726,0.028001,87.000000,87.000000,87.000000,87.000000,12.000000,12.000000,12.000000,200.000000,200.000000,0.000000,0.000000,0.000000,0.000000,0.000000,0.000000,0.000000,0.000000,0.000000
122,-1.024316,-0.717020,0.953515,1.976236,-0.869508,-1.118084,-6.488311,-0.244267,-0.067926,0.442166,-2.366532,-0.211747,2.488960,-2.674378,0.000297,0.000022,-1.996095,-1.995850,1.377017,2.081865,-2.433548,-1.423740,2.607526,0.000930,0.001313,3.858168,-28.232101,-13.365232,-0.877247,1.738443,18.273609,-0.051413,-0.304228,0.214417,-15.913385,-64.893440,-1.643419,37.918640,-11.258506,3.988680,6.741628,-1.192457,0.226066,-15.913385,-64.893440,-1.643419,37.918640,-11.258506,3.988680,6.741628,-1.192457,0.226066,87.000000,87.000000,87.000000,87.000000,12.000000,12.000000,12.000000,200.000000,200.000000,0.000000,0.000000,0.000000,0.000000,0.000000,0.000000,0.000000,0.000000,0.000000
123,-0.995840,0.767374,1.104533,0.945329,-1.119556,-1.460364,-6.745734,-0.317640,-0.125498,0.493394,-2.306559,-0.300305,2.412791,-2.652902,0.000244,0.000077,-2.082383,-1.693131,1.387244,1.475170,-2.622475,-2.008433,0.429473,-0.001355,0.001068,7.267298,8.898131,-10.223643,-27.794836,0.978842,35.632393,-10.364500,-0.138738,-0.012470,-8.452199,0.370298,0.415624,-8.098154,-12.000000,-0.944021,-0.056563,-0.661734,-0.236807,-8.452199,0.370298,0.415624,-8.098154,-13.728687,-0.944021,-0.056563,-0.661734,-0.236807,87.000000,87.000000,87.000000,87.000000,12.000000,12.000000,12.000000,200.000000,200.000000,0.000000,0.000000,0.000000,0.000000,0.000000,0.000000,0.000000,0.000000,0.000000
124,-1.083205,1.004356,1.358031,0.901860,-1.351938,-1.338816,-7.305756,-0.399712,-0.168226,0.554338,-2.279273,-0.387187,2.396505,-2.739865,0.000215,0.000138,-2.294719,-1.020178,1.779202,0.554162,-2.641981,-0.355244,-2.608935,0.001295,0.002694,11.891941,24.327635,-2.852411,-26.846918,-0.550747,9.071093,-0.004134,0.155637,0.064460,-4.518971,12.374059,5.063838,-9.624901,-12.000000,-0.646135,-6.803761,-0.295359,-0.354870,-4.518971,12.374059,5.063838,-9.624901,-16.103025,-0.646135,-6.803761,-0.295359,-0.354870,87.000000,87.000000,87.000000,87.000000,12.000000,12.000000,12.000000,200.000000,200.000000,0.000000,0.000000,0.000000,0.000000,0.000000,0.000000,0.000000,0.000000,0.000000
125,-1.248901,0.736845,1.452103,1.179906,-1.467667,-1.263510,-7.805500,-0.478145,-0.193344,0.619658,-2.273818,-0.473837,2.399979,-2.826850,0.000309,0.000116,-2.222559,-0.599100,1.923960,0.139785,-2.595543,-0.003592,-2.610173,0.003544,-0.001163,8.777789,13.016162,-1.976008,-11.081444,-0.177326,-1.266813,-0.013890,-0.036181,-0.032642,-5.261812,1.825134,3.276446,3.090581,-12.000000,0.521802,-12.000000,-0.953394,-0.198308,-5.261812,1.825134,3.276446,3.090581,-13.901230,0.521802,-19.831669,-0.953394,-0.198308,87.000000,87.000000,87.000000,87.000000,12.000000,12.000000,12.000000,200.000000,200.000000,0.000000,0.000000,0.000000,0.000000,0.000000,0.000000,0.000000,0.000000,0.000000
126,-1.433838,0.403396,1.472138,1.455856,-1.501001,-1.214319,-8.432089,-0.551625,-0.211428,0.684977,-2.276495,-0.560037,2.406898,-2.897304,0.000460,0.000031,-2.111610,-0.533755,1.879802,0.023775,-2.557454,0.066307,-0.000468,0.005493,-0.002759,5.922646,1.805416,-4.363045,-3.093632,-0.278335,-2.885176,156.659851,-0.046987,0.019198,-7.249062,-10.915407,-1.154878,15.112952,-8.507007,1.631623,-12.000000,-1.411021,0.166933,-7.249062,-10.915407,-1.154878,15.112952,-8.507007,1.631623,-37.928810,-1.411021,0.166933,87.000000,87.000000,87.000000,87.000000,12.000000,12.000000,12.000000,200.000000,200.000000,0.000000,0.000000,0.000000,0.000000,0.000000,0.000000,0.000000,0.000000,0.000000
127,-1.389026,0.407087,1.562148,1.519270,-1.494670,-1.174620,-8.603462,-0.619972,-0.226515,0.747549,-2.280777,-0.644593,2.418479,-2.897304,0.000374,0.000000,-1.656234,-0.383351,1.534431,0.025280,-2.387592,0.196666,0.000109,-0.001122,-0.000790,29.424982,5.551863,-24.560184,-0.425032,9.494461,-4.792305,0.006174,0.000843,0.119847,0.088429,-9.762084,-2.745058,18.139206,-1.402256,1.829679,-12.000000,-0.719802,0.278747,0.088429,-9.762084,-2.745058,18.139206,-1.402256,1.829679,-53.074059,-0.719802,0.278747,87.000000,87.000000,87.000000,87.000000,12.000000,12.000000,12.000000,200.000000,200.000000,0.000000,0.000000,0.000000,0.000000,0.000000,0.000000,0.000000,0.000000,0.000000
128,-1.495952,0.459777,1.644525,1.451247,-1.570512,-1.174941,-9.168509,-0.681722,-0.237135,0.806597,-2.285739,-0.718935,2.427619,-2.897303,0.000301,0.000000,-1.368473,-0.236624,1.344069,-0.067865,-1.672915,0.102745,-0.000025,-0.000354,-0.001403,30.690306,5.920314,-25.729399,-5.209129,38.896156,-5.051915,-0.012190,0.058064,-0.038947,-0.026373,-7.185760,-3.655126,15.788615,1.361822,1.322290,-12.000000,-0.544025,0.075409,-0.026373,-7.185760,-3.655126,15.788615,1.361822,1.322290,-75.676918,-0.544025,0.075409,87.000000,87.000000,87.000000,87.000000,12.000000,12.000000,12.000000,200.000000,200.000000,0.000000,0.000000,0.000000,0.000000,0.000000,0.000000,0.000000,0.000000,0.000000
129,-1.578005,0.405573,1.608331,1.525893,-1.580150,-1.147548,-9.309048,-0.723155,-0.243115,0.847626,-2.293991,-0.760451,2.437657,-2.897305,0.000230,0.000000,-0.826889,-0.126246,0.818897,-0.108176,-0.885773,0.144215,-0.000019,-0.000387,-0.000231,21.051964,3.835896,-19.656672,-0.767265,22.202692,-5.387676,-0.002671,0.008475,0.020381,-1.998784,-9.285147,-6.624108,19.795654,1.256741,1.474544,-12.000000,-0.480155,0.057031,-1.998784,-9.285147,-6.624108,19.795654,1.256741,1.474544,-81.297630,-0.480155,0.057031,87.000000,87.000000,87.000000,87.000000,12.000000,12.000000,12.000000,200.000000,200.000000,0.000000,0.000000,0.000000,0.000000,0.000000,0.000000,0.000000,0.000000,0.000000
130,-1.484991,0.323053,1.694998,1.564108,-1.536343,-1.134644,-9.362826,-0.745898,-0.246713,0.872289,-2.302735,-0.771228,2.444038,-2.897306,0.000180,0.000001,-0.352223,-0.098444,0.440419,-0.087830,-0.160582,0.037266,-0.000063,0.000146,-0.000031,13.714513,0.982456,-10.771724,1.689803,6.718008,-4.119600,0.002287,0.012875,0.038040,1.848479,-12.533764,-3.604081,22.111200,1.060857,1.825519,-12.000000,-0.391582,0.066514,1.848479,-12.533764,-3.604081,22.111200,1.060857,1.825519,-83.448219,-0.391582,0.066514,87.000000,87.000000,87.000000,87.000000,12.000000,12.000000,12.000000,200.000000,200.000000,0.000000,0.000000,0.000000,0.000000,0.000000,0.000000,0.000000,0.000000,0.000000
131,-1.552273,0.321275,1.686867,1.590175,-1.558498,-1.118493,-9.592515,-0.763110,-0.250289,0.892573,-2.308128,-0.780096,2.450747,-2.897306,0.000169,0.000001,-0.287089,-0.111804,0.371706,0.042149,-0.219301,0.081386,-0.000041,0.000658,-0.000378,8.890145,0.143318,-8.143469,3.255276,4.228236,-3.211769,-0.005097,0.014203,-0.021533,0.069580,-12.333452,-5.204273,23.330988,0.885687,1.873171,-12.000000,-0.393795,-0.000068,0.069580,-12.333452,-5.204273,23.330988,0.885687,1.873171,-92.636208,-0.393795,-0.000068,87.000000,87.000000,87.000000,87.000000,12.000000,12.000000,12.000000,200.000000,200.000000,0.000000,0.000000,0.000000,0.000000,0.000000,0.000000,0.000000,0.000000,0.000000
132,-1.523984,0.385158,1.734147,1.537819,-1.565567,-1.155974,-9.568771,-0.771627,-0.252079,0.906909,-2.309618,-0.786684,2.446547,-2.897306,0.000155,0.000009,-0.028547,-0.025333,0.222161,0.128329,-0.122712,-0.207564,-0.000032,0.000835,-0.000773,6.614405,1.922886,-4.587368,1.233675,4.531699,2.316365,0.002116,0.014177,-0.009646,1.063699,-9.764206,-3.857178,21.011246,0.901216,1.789046,-12.000000,-0.376473,0.045848,1.063699,-9.764206,-3.857178,21.011246,0.901216,1.789046,-91.686096,-0.376473,0.045848,87.000000,87.000000,87.000000,87.000000,12.000000,12.000000,12.000000,200.000000,200.000000,0.000000,0.000000,0.000000,0.000000,0.000000,0.000000,0.000000,0.000000,0.000000
133,-1.680010,0.408590,1.677432,1.456891,-1.599514,-1.203689,-9.732378,-0.783439,-0.254178,0.923798,-2.310189,-0.796869,2.436764,-2.897305,0.000149,0.000014,-0.220185,-0.089703,0.302270,0.083160,-0.238821,-0.330456,-0.000041,0.000865,-0.000723,3.111539,-1.338024,-6.466085,-3.618959,5.833478,4.476626,-0.002056,0.014648,-0.010026,-3.935779,-8.677531,-7.784565,17.664219,0.738240,1.117127,-12.000000,-0.364433,0.032105,-3.935779,-8.677531,-7.784565,17.664219,0.738240,1.117127,-98.230637,-0.364433,0.032105,87.000000,87.000000,87.000000,87.000000,12.000000,12.000000,12.000000,200.000000,200.000000,0.000000,0.000000,0.000000,0.000000,0.000000,0.000000,0.000000,0.000000,0.000000
134,-1.655160,0.497755,1.596131,1.509833,-1.576543,-1.151940,-9.495911,-0.780691,-0.253235,0.923132,-2.313843,-0.797607,2.441054,-2.897306,0.000150,0.000013,0.297236,0.104912,-0.281548,0.075336,-0.012224,0.076399,-0.000028,0.000974,-0.000859,2.091027,4.646787,-4.074625,3.069858,-0.594628,-0.797840,0.000489,-0.007267,0.005511,-4.570452,-5.360417,-9.316291,20.474051,0.741761,1.465344,-12.000000,-0.408456,0.068611,-4.570452,-5.360417,-9.316291,20.474051,0.741761,1.465344,-88.771751,-0.408456,0.068611,87.000000,87.000000,87.000000,87.000000,12.000000,12.000000,12.000000,200.000000,200.000000,0.000000,0.000000,0.000000,0.000000,0.000000,0.000000,0.000000,0.000000,0.000000
135,-1.616025,0.306699,1.698773,1.571701,-1.577352,-1.097387,-9.738286,-0.788015,-0.253902,0.928034,-2.314652,-0.797939,2.455888,-2.897307,0.000159,0.000004,-0.146145,-0.090155,0.021967,0.170525,-0.028957,0.276327,-0.000023,0.000937,-0.000794,0.080936,-3.850167,-1.710364,2.836083,-0.726473,-8.321619,-0.005396,-0.006452,0.008833,-1.386051,-12.917030,-6.245644,22.751352,0.769291,1.490171,-12.000000,-0.423397,0.086449,-1.386051,-12.917030,-6.245644,22.751352,0.769291,1.490171,-98.467102,-0.423397,0.086449,87.000000,87.000000,87.000000,87.000000,12.000000,12.000000,12.000000,200.000000,200.000000,0.000000,0.000000,0.000000,0.000000,0.000000,0.000000,0.000000,0.000000,0.000000
136,-1.556928,0.455691,1.773421,1.505557,-1.624905,-1.121212,-9.690156,-0.792640,-0.253379,0.932348,-2.311464,-0.809091,2.458109,-2.897305,0.000149,0.000014,0.057777,0.079679,-0.029618,0.264017,-0.279065,-0.041505,-0.000031,0.000692,-0.000553,4.086628,3.975911,-0.832403,0.916709,6.143083,-0.152628,-0.001372,0.005902,-0.004106,1.046888,-7.003734,-3.429314,19.490810,0.824564,1.670470,-12.000000,-0.368053,0.031052,1.046888,-7.003734,-3.429314,19.490810,0.824564,1.670470,-96.541756,-0.368053,0.031052,87.000000,87.000000,87.000000,87.000000,12.000000,12.000000,12.000000,200.000000,200.000000,0.000000,0.000000,0.000000,0.000000,0.000000,0.000000,0.000000,0.000000,0.000000
137,-1.565129,0.427750,1.756799,1.431082,-1.593378,-1.176684,-9.604961,-0.791152,-0.250754,0.934023,-2.309717,-0.808039,2.448803,-2.897305,0.000130,0.000031,0.187001,0.061005,-0.099024,0.137342,0.090106,-0.342012,-0.000041,0.000899,-0.000770,0.312537,-1.107225,0.041245,-4.071827,1.032651,3.869242,0.005797,0.014440,-0.014910,0.042047,-8.572423,-3.995527,16.423918,0.739185,1.219886,-12.000000,-0.331724,-0.004103,0.042047,-8.572423,-3.995527,16.423918,0.739185,1.219886,-93.133530,-0.331724,-0.004103,87.000000,87.000000,87.000000,87.000000,12.000000,12.000000,12.000000,200.000000,200.000000,0.000000,0.000000,0.000000,0.000000,0.000000,0.000000,0.000000,0.000000,0.000000
138,-1.634236,0.322871,1.746927,1.541250,-1.600518,-1.157458,-9.798760,-0.799473,-0.252708,0.943070,-2.309487,-0.808180,2.446040,-2.897306,0.000144,0.000018,-0.150373,-0.134515,0.115781,0.154145,-0.022950,-0.131485,-0.000032,0.001080,-0.000961,1.186226,-4.349607,-3.337354,-0.313453,-0.311583,0.935280,-0.003648,-0.010900,0.009244,-1.123797,-12.277497,-5.865569,20.983236,0.673351,1.490889,-12.000000,-0.409371,0.069952,-1.123797,-12.277497,-5.865569,20.983236,0.673351,1.490889,-100.885963,-0.409371,0.069952,87.000000,87.000000,87.000000,87.000000,12.000000,12.000000,12.000000,200.000000,200.000000,0.000000,0.000000,0.000000,0.000000,0.000000,0.000000,0.000000,0.000000,0.000000
139,-1.639311,0.453860,1.688449,1.523346,-1.587748,-1.188735,-9.658949,-0.798176,-0.254307,0.942185,-2.308702,-0.806158,2.437824,-2.897306,0.000142,0.000020,0.221315,-0.005161,-0.238276,0.191283,0.073838,-0.280981,-0.000031,0.001106,-0.000954,0.900306,2.456793,-2.059960,1.388659,-0.246051,4.760867,0.004597,0.001956,-0.002031,-2.416549,-6.864558,-7.135476,20.200342,0.776925,1.511523,-12.000000,-0.386474,0.047840,-2.416549,-6.864558,-7.135476,20.200342,0.776925,1.511523,-95.293007,-0.386474,0.047840,87.000000,87.000000,87.000000,87.000000,12.000000,12.000000,12.000000,200.000000,200.000000,0.000000,0.000000,0.000000,0.000000,0.000000,0.000000,0.000000,0.000000,0.000000
140,-1.670112,0.442426,1.715905,1.504269,-1.622984,-1.169534,-9.802490,-0.802658,-0.254635,0.944801,-2.306476,-0.812057,2.438180,-2.897306,0.000146,0.000017,-0.042853,0.001285,-0.053591,0.218872,-0.178989,-0.040952,-0.000027,0.000786,-0.000673,-0.342738,0.944083,-0.852807,0.010847,2.231075,0.290501,-0.005289,-0.005245,0.005971,-2.675091,-7.401533,-6.653666,19.109058,0.641429,1.363231,-12.000000,-0.384574,0.048770,-2.675091,-7.401533,-6.653666,19.109058,0.641429,1.363231,-101.035324,-0.384574,0.048770,87.000000,87.000000,87.000000,87.000000,12.000000,12.000000,12.000000,200.000000,200.000000,0.000000,0.000000,0.000000,0.000000,0.000000,0.000000,0.000000,0.000000,0.000000
141,-1.514736,0.445292,1.784808,1.466138,-1.562582,-1.155213,-9.588934,-0.796746,-0.252507,0.938980,-2.307023,-0.802221,2.440960,-2.897306,0.000134,0.000028,0.373476,0.099294,-0.328196,0.114926,0.284572,-0.018839,-0.000039,0.001114,-0.000912,1.554758,2.021505,2.052097,-0.501813,-4.676921,-1.515783,0.006031,0.020201,-0.016498,2.090480,-7.654540,-2.556514,17.872513,0.655333,1.543326,-12.000000,-0.342778,0.006930,2.090480,-7.654540,-2.556514,17.872513,0.655333,1.543326,-92.492409,-0.342778,0.006930,87.000000,87.000000,87.000000,87.000000,12.000000,12.000000,12.000000,200.000000,200.000000,0.000000,0.000000,0.000000,0.000000,0.000000,0.000000,0.000000,0.000000,0.000000
142,-1.602089,0.321778,1.730231,1.528568,-1.570509,-1.139008,-9.675769,-0.796961,-0.253273,0.939014,-2.307943,-0.797619,2.446882,-2.897307,0.000146,0.000017,0.055895,-0.105597,-0.109324,0.122078,0.074430,0.058052,-0.000030,0.001034,-0.000921,-2.135287,-4.865430,0.474286,-0.039627,-3.152991,-3.669422,-0.003345,-0.012668,0.010593,-0.773920,-12.382539,-5.395037,20.452860,0.603497,1.393204,-12.000000,-0.413215,0.072082,-0.773920,-12.382539,-5.395037,20.452860,0.603497,1.393204,-95.966301,-0.413215,0.072082,87.000000,87.000000,87.000000,87.000000,12.000000,12.000000,12.000000,200.000000,200.000000,0.000000,0.000000,0.000000,0.000000,0.000000,0.000000,0.000000,0.000000,0.000000
143,-1.606870,0.417146,1.762862,1.515512,-1.614005,-1.120591,-9.769847,-0.801564,-0.255921,0.942761,-2.307439,-0.805726,2.453541,-2.897306,0.000147,0.000016,0.008496,-0.054632,-0.031319,0.181661,-0.235323,0.091555,-0.000028,0.000771,-0.000616,2.128095,1.673709,-0.739224,0.951507,3.397841,-2.712303,-0.004783,-0.002227,0.006295,-0.224181,-8.118718,-4.669732,19.788033,0.711267,1.565920,-12.000000,-0.382043,0.047219,-0.224181,-8.118718,-4.669732,19.788033,0.711267,1.565920,-99.729576,-0.382043,0.047219,87.000000,87.000000,87.000000,87.000000,12.000000,12.000000,12.000000,200.000000,200.000000,0.000000,0.000000,0.000000,0.000000,0.000000,0.000000,0.000000,0.000000,0.000000
144,-1.567237,0.462432,1.744531,1.484519,-1.600747,-1.173543,-9.627238,-0.795736,-0.254686,0.939829,-2.306233,-0.808311,2.445911,-2.897306,0.000135,0.000027,0.340040,0.080270,-0.243022,0.176475,-0.009560,-0.295363,-0.000036,0.000998,-0.000884,0.036628,2.393082,1.192705,-0.519305,2.837074,4.088305,0.006246,0.010066,-0.012819,-0.093656,-6.723613,-4.506112,18.380175,0.832751,1.468043,-12.000000,-0.353213,0.013449,-0.093656,-6.723613,-4.506112,18.380175,0.832751,1.468043,-94.024544,-0.353213,0.013449,87.000000,87.000000,87.000000,87.000000,12.000000,12.000000,12.000000,200.000000,200.000000,0.000000,0.000000,0.000000,0.000000,0.000000,0.000000,0.000000,0.000000,0.000000
145,-1.620582,0.450598,1.717187,1.446243,-1.588453,-1.189979,-9.705241,-0.792463,-0.252530,0.939470,-2.306664,-0.805488,2.438989,-2.897305,0.000132,0.000029,0.172658,0.056293,-0.124030,0.097024,0.081417,-0.247385,-0.000034,0.000971,-0.000833,-2.561505,-0.390315,1.212902,-2.519427,-1.152036,3.000204,0.001438,0.002600,-0.001480,-2.203651,-7.465273,-5.876558,16.982298,0.620185,1.179083,-12.000000,-0.357003,0.023139,-2.203651,-7.465273,-5.876558,16.982298,0.620185,1.179083,-97.144981,-0.357003,0.023139,87.000000,87.000000,87.000000,87.000000,12.000000,12.000000,12.000000,200.000000,200.000000,0.000000,0.000000,0.000000,0.000000,0.000000,0.000000,0.000000,0.000000,0.000000
146,-1.545783,0.295735,1.734018,1.604522,-1.533427,-1.115580,-9.670235,-0.790707,-0.253718,0.937891,-2.308806,-0.791797,2.448401,-2.897307,0.000153,0.000011,0.187288,-0.094881,-0.207388,0.140347,0.326364,0.174045,-0.000024,0.001522,-0.001310,0.305052,-3.522613,-0.484934,4.106219,-8.061875,-5.051942,0.000080,0.000465,0.001101,0.778420,-13.339099,-4.957245,23.746344,0.672927,1.822019,-12.000000,-0.435953,0.092322,0.778420,-13.339099,-4.957245,23.746344,0.672927,1.822019,-95.744682,-0.435953,0.092322,87.000000,87.000000,87.000000,87.000000,12.000000,12.000000,12.000000,200.000000,200.000000,0.000000,0.000000,0.000000,0.000000,0.000000,0.000000,0.000000,0.000000,0.000000
147,-1.619053,0.485690,1.695672,1.472610,-1.607912,-1.160870,-9.643365,-0.787600,-0.254052,0.935879,-2.307052,-0.800579,2.446850,-2.897305,0.000148,0.000015,0.199845,0.036654,-0.187404,0.199804,-0.263628,-0.126209,-0.000028,0.000661,-0.000559,-1.639252,2.847269,1.196144,-0.521954,4.317421,1.822855,-0.002945,-0.005121,0.005580,-2.548277,-5.701564,-6.284437,17.908148,0.671287,1.328053,-12.000000,-0.381463,0.044546,-2.548277,-5.701564,-6.284437,17.908148,0.671287,1.328053,-94.670189,-0.381463,0.044546,87.000000,87.000000,87.000000,87.000000,12.000000,12.000000,12.000000,200.000000,200.000000,0.000000,0.000000,0.000000,0.000000,0.000000,0.000000,0.000000,0.000000,0.000000
148,-1.583733,0.398697,1.686724,1.542422,-1.566408,-1.152039,-9.607955,-0.783595,-0.253163,0.932130,-2.305582,-0.797727,2.446714,-2.897306,0.000146,0.000016,0.228967,0.015599,-0.256200,0.212117,0.113564,-0.087673,-0.000028,0.001096,-0.000951,-1.743687,-0.649455,0.591693,1.440783,-0.872087,-0.202430,0.003225,0.003058,-0.003278,-1.534937,-9.395482,-6.197840,20.661274,0.814709,1.469380,-12.000000,-0.392599,0.053260,-1.534937,-9.395482,-6.197840,20.661274,0.814709,1.469380,-93.253342,-0.392599,0.053260,87.000000,87.000000,87.000000,87.000000,12.000000,12.000000,12.000000,200.000000,200.000000,0.000000,0.000000,0.000000,0.000000,0.000000,0.000000,0.000000,0.000000,0.000000
149,-1.657427,0.384993,1.684884,1.479452,-1.599730,-1.196347,-9.742671,-0.788411,-0.255140,0.934751,-2.303182,-0.802278,2.438811,-2.897306,0.000142,0.000019,-0.084625,-0.116156,-0.053451,0.176027,-0.118610,-0.295195,-0.000039,0.000790,-0.000688,-2.142649,-3.319455,-1.335607,-3.370311,2.831221,3.305272,-0.001882,-0.001320,0.000798,-3.298776,-9.588958,-7.118794,17.772968,0.669460,1.083824,-12.000000,-0.372312,0.036431,-3.298776,-9.588958,-7.118794,17.772968,0.669460,1.083824,-98.642303,-0.372312,0.036431,87.000000,87.000000,87.000000,87.000000,12.000000,12.000000,12.000000,200.000000,200.000000,0.000000,0.000000,0.000000,0.000000,0.000000,0.000000,0.000000,0.000000,0.000000
150,-1.527628,0.522786,1.864910,1.404684,-1.658356,-1.127228,-9.706475,-0.796525,-0.255245,0.941405,-2.304140,-0.817512,2.446874,-2.897304,0.000132,0.000030,-0.033712,0.104649,0.077707,0.080301,-0.425370,0.177155,-0.000028,0.000411,-0.000221,6.487904,6.942723,0.541598,-2.525493,5.891742,-2.735946,-0.009162,0.009062,0.000615,2.906451,-4.071401,-0.700009,15.161942,0.522717,1.611445,-12.000000,-0.310481,-0.015846,2.906451,-4.071401,-0.700009,15.161942,0.522717,1.611445,-97.195129,-0.310481,-0.015846,87.000000,87.000000,87.000000,87.000000,12.000000,12.000000,12.000000,200.000000,200.000000,0.000000,0.000000,0.000000,0.000000,0.000000,0.000000,0.000000,0.000000,0.000000
151,-1.685146,0.390583,1.760413,1.500073,-1.658172,-1.124570,-9.830715,-0.809029,-0.254040,0.954089,-2.306429,-0.828055,2.455087,-2.897305,0.000135,0.000028,-0.229930,0.000519,0.193967,0.064220,-0.227404,0.090975,-0.000046,0.000987,-0.000855,3.612369,-2.019443,-4.920212,-1.235942,5.730519,-5.229513,-0.002563,0.001413,-0.003609,-2.044224,-9.691428,-6.506420,19.278549,0.853660,1.131645,-12.000000,-0.366154,0.022749,-2.044224,-9.691428,-6.506420,19.278549,0.853660,1.131645,-102.164101,-0.366154,0.022749,87.000000,87.000000,87.000000,87.000000,12.000000,12.000000,12.000000,200.000000,200.000000,0.000000,0.000000,0.000000,0.000000,0.000000,0.000000,0.000000,0.000000,0.000000
152,-1.584599,0.385058,1.789686,1.526100,-1.613860,-1.121802,-9.762691,-0.810264,-0.253565,0.956245,-2.310146,-0.823440,2.457636,-2.897306,0.000136,0.000026,0.186020,0.010890,-0.152315,0.049027,0.155841,-0.036844,-0.000042,0.001288,-0.001143,3.752340,-0.440227,-2.500294,1.202100,-1.770100,-1.591114,0.005046,0.005382,-0.005603,0.995686,-9.885464,-4.464831,20.794640,0.814135,1.583814,-12.000000,-0.381519,0.042989,0.995686,-9.885464,-4.464831,20.794640,0.814135,1.583814,-99.442627,-0.381519,0.042989,87.000000,87.000000,87.000000,87.000000,12.000000,12.000000,12.000000,200.000000,200.000000,0.000000,0.000000,0.000000,0.000000,0.000000,0.000000,0.000000,0.000000,0.000000
153,-1.650008,0.410466,1.741350,1.533967,-1.618517,-1.162985,-9.819352,-0.809523,-0.253172,0.957231,-2.311111,-0.821178,2.450195,-2.897307,0.000143,0.000019,0.125918,0.003449,-0.115022,0.146563,0.058810,-0.278483,-0.000034,0.001189,-0.001050,-1.347797,-0.563934,-0.335251,1.497040,-0.324975,3.610348,0.001625,-0.005432,0.004964,-1.825724,-8.888745,-6.438861,20.945969,0.783435,1.473680,-12.000000,-0.406365,0.067568,-1.825724,-8.888745,-6.438861,20.945969,0.783435,1.473680,-101.709259,-0.406365,0.067568,87.000000,87.000000,87.000000,87.000000,12.000000,12.000000,12.000000,200.000000,200.000000,0.000000,0.000000,0.000000,0.000000,0.000000,0.000000,0.000000,0.000000,0.000000
154,-1.658888,0.457805,1.745359,1.496737,-1.620972,-1.164251,-9.841123,-0.809960,-0.252178,0.958080,-2.310841,-0.820067,2.445795,-2.897306,0.000143,0.000018,0.113450,0.050721,-0.131327,0.162469,0.019921,-0.167356,-0.000030,0.000953,-0.000833,-0.091913,1.335243,-0.713764,0.421887,-0.644944,2.546088,-0.000013,-0.000916,0.001069,-2.038677,-7.091847,-6.327039,19.331003,0.677280,1.424298,-12.000000,-0.384219,0.048292,-2.038677,-7.091847,-6.327039,19.331003,0.677280,1.424298,-102.580299,-0.384219,0.048292,87.000000,87.000000,87.000000,87.000000,12.000000,12.000000,12.000000,200.000000,200.000000,0.000000,0.000000,0.000000,0.000000,0.000000,0.000000,0.000000,0.000000,0.000000
155,-1.652851,0.430669,1.761834,1.523471,-1.624567,-1.141393,-9.839046,-0.812701,-0.250606,0.959834,-2.309807,-0.820426,2.448366,-2.897306,0.000147,0.000015,0.049018,0.051042,-0.104144,0.197130,-0.022978,0.002159,-0.000034,0.000940,-0.000818,0.801203,0.354894,-1.154477,1.184047,-0.264599,-1.024303,-0.002117,-0.003202,0.003388,-1.356837,-8.359496,-5.904456,20.269136,0.695376,1.477930,-12.000000,-0.393637,0.057170,-1.356837,-8.359496,-5.904456,20.269136,0.695376,1.477930,-102.497276,-0.393637,0.057170,87.000000,87.000000,87.000000,87.000000,12.000000,12.000000,12.000000,200.000000,200.000000,0.000000,0.000000,0.000000,0.000000,0.000000,0.000000,0.000000,0.000000,0.000000
156,-1.646616,0.358191,1.788633,1.451743,-1.605725,-1.165872,-9.828564,-0.817000,-0.252352,0.962045,-2.310400,-0.816119,2.446470,-2.897305,0.000137,0.000025,-0.004084,-0.132205,-0.098457,0.069966,0.125242,-0.159341,-0.000042,0.000892,-0.000743,0.218429,-4.886071,-1.648896,-3.814855,-1.704704,-0.437535,0.002692,0.007420,-0.005778,-0.656931,-10.931139,-5.051554,17.500309,0.635275,1.107708,-12.000000,-0.354605,0.019970,-0.656931,-10.931139,-5.051554,17.500309,0.635275,1.107708,-102.077759,-0.354605,0.019970,87.000000,87.000000,87.000000,87.000000,12.000000,12.000000,12.000000,200.000000,200.000000,0.000000,0.000000,0.000000,0.000000,0.000000,0.000000,0.000000,0.000000,0.000000
157,-1.581028,0.530623,1.799536,1.472046,-1.627320,-1.110121,-9.766111,-0.812599,-0.251515,0.957238,-2.313211,-0.818247,2.454319,-2.897305,0.000138,0.000024,0.330874,0.142530,-0.290649,0.095652,-0.101458,0.164998,-0.000027,0.000856,-0.000742,2.254781,7.204908,2.195295,2.484985,-0.493149,-2.155360,-0.003328,-0.000628,0.000221,0.852755,-4.140320,-3.512770,18.827801,0.600930,1.760098,-12.000000,-0.366024,0.029874,0.852755,-4.140320,-3.512770,18.827801,0.600930,1.760098,-99.580101,-0.366024,0.029874,87.000000,87.000000,87.000000,87.000000,12.000000,12.000000,12.000000,200.000000,200.000000,0.000000,0.000000,0.000000,0.000000,0.000000,0.000000,0.000000,0.000000,0.000000
158,-1.626946,0.344543,1.757214,1.515487,-1.587138,-1.165556,-9.761306,-0.810256,-0.250124,0.956261,-2.314051,-0.811950,2.449148,-2.897306,0.000138,0.000024,0.133189,-0.042798,-0.144529,0.120487,0.210780,-0.269304,-0.000040,0.001286,-0.001094,-3.307521,-5.188299,0.926728,-0.342490,-1.424471,0.870153,0.005532,0.005064,-0.003793,-0.978795,-11.909513,-5.573127,20.407141,0.840429,1.267254,-12.000000,-0.386902,0.047528,-0.978795,-11.909513,-5.573127,20.407141,0.840429,1.267254,-99.387215,-0.386902,0.047528,87.000000,87.000000,87.000000,87.000000,12.000000,12.000000,12.000000,200.000000,200.000000,0.000000,0.000000,0.000000,0.000000,0.000000,0.000000,0.000000,0.000000,0.000000
159,-1.596814,0.368603,1.752033,1.558833,-1.582331,-1.159276,-9.747309,-0.807054,-0.252039,0.953131,-2.313855,-0.806194,2.444486,-2.897307,0.000148,0.000015,0.227959,-0.078683,-0.251934,0.191153,0.124618,-0.172836,-0.000028,0.001191,-0.001046,-0.812415,-1.324980,0.207410,2.548568,-3.137561,2.868104,0.000871,-0.006852,0.005339,-0.131594,-10.476495,-5.293111,22.100433,0.690420,1.761895,-12.000000,-0.417899,0.074992,-0.131594,-10.476495,-5.293111,22.100433,0.690420,1.761895,-98.827614,-0.417899,0.074992,87.000000,87.000000,87.000000,87.000000,12.000000,12.000000,12.000000,200.000000,200.000000,0.000000,0.000000,0.000000,0.000000,0.000000,0.000000,0.000000,0.000000,0.000000
160,-1.514624,0.387333,1.798124,1.517370,-1.556600,-1.143441,-9.639416,-0.799620,-0.254196,0.947004,-2.312830,-0.797067,2.445528,-2.897306,0.000146,0.000017,0.360879,-0.058580,-0.296855,0.199260,0.220012,-0.040166,-0.000028,0.001059,-0.000899,-0.787944,0.382378,3.462859,1.644433,-4.941333,-0.191703,0.001855,0.005926,-0.004213,2.210192,-9.511034,-2.655376,20.286272,0.633133,1.784102,-12.000000,-0.385611,0.047435,2.210192,-9.511034,-2.655376,20.286272,0.633133,1.784102,-94.511864,-0.385611,0.047435,87.000000,87.000000,87.000000,87.000000,12.000000,12.000000,12.000000,200.000000,200.000000,0.000000,0.000000,0.000000,0.000000,0.000000,0.000000,0.000000,0.000000,0.000000
161,-1.696061,0.513588,1.664478,1.477538,-1.621228,-1.233780,-9.722029,-0.795402,-0.253456,0.945726,-2.307766,-0.807019,2.429408,-2.897306,0.000145,0.000017,0.174692,0.063394,-0.151859,0.295300,-0.255007,-0.489622,-0.000032,0.000913,-0.000800,-4.570838,2.516301,1.144969,-1.082593,6.314840,8.919226,-0.000302,0.000990,-0.001326,-5.113292,-4.724245,-8.408618,17.877411,0.752384,1.177639,-12.000000,-0.381104,0.043872,-5.113292,-4.724245,-8.408618,17.877411,0.752384,1.177639,-97.816551,-0.381104,0.043872,87.000000,87.000000,87.000000,87.000000,12.000000,12.000000,12.000000,200.000000,200.000000,0.000000,0.000000,0.000000,0.000000,0.000000,0.000000,0.000000,0.000000,0.000000
162,-1.604336,0.377527,1.748556,1.507855,-1.584339,-1.099297,-9.761380,-0.798351,-0.254344,0.946067,-2.307080,-0.803777,2.448682,-2.897306,0.000150,0.000013,0.049980,-0.056433,-0.149976,0.161900,0.053925,0.462731,-0.000029,0.000899,-0.000723,1.673698,-1.447563,-1.140436,0.340983,-4.255007,-9.689791,-0.006367,0.003435,0.002155,-0.513229,-10.002633,-5.215962,19.469736,0.530810,1.425725,-12.000000,-0.386652,0.052893,-0.513229,-10.002633,-5.215962,19.469736,0.530810,1.425725,-99.391006,-0.386652,0.052893,87.000000,87.000000,87.000000,87.000000,12.000000,12.000000,12.000000,200.000000,200.000000,0.000000,0.000000,0.000000,0.000000,0.000000,0.000000,0.000000,0.000000,0.000000
163,-1.514874,0.451619,1.799685,1.472550,-1.604580,-1.137072,-9.624912,-0.793183,-0.253272,0.942402,-2.305886,-0.807211,2.451775,-2.897305,0.000137,0.000025,0.320105,0.074088,-0.229280,0.176472,-0.076648,-0.049829,-0.000034,0.000773,-0.000671,0.647203,2.367335,2.929744,-0.654464,2.527031,-1.242740,0.002514,0.003473,-0.006153,1.881552,-7.253971,-2.440479,17.866816,0.744621,1.499199,-12.000000,-0.354107,0.014389,1.881552,-7.253971,-2.440479,17.866816,0.744621,1.499199,-93.931770,-0.354107,0.014389,87.000000,87.000000,87.000000,87.000000,12.000000,12.000000,12.000000,200.000000,200.000000,0.000000,0.000000,0.000000,0.000000,0.000000,0.000000,0.000000,0.000000,0.000000
164,-1.641060,0.420444,1.690526,1.496739,-1.597079,-1.170522,-9.688728,-0.790469,-0.251927,0.941984,-2.304787,-0.807659,2.447010,-2.897306,0.000137,0.000024,0.148413,0.011054,-0.140896,0.166346,0.012792,-0.217482,-0.000034,0.001062,-0.000930,-3.117629,-1.744816,0.236692,-1.162401,1.032549,1.806922,0.001946,0.000726,-0.001219,-3.150155,-8.676250,-7.153908,18.744923,0.758908,1.164417,-12.000000,-0.376404,0.039532,-3.150155,-8.676250,-7.153908,18.744923,0.758908,1.164417,-96.484352,-0.376404,0.039532,87.000000,87.000000,87.000000,87.000000,12.000000,12.000000,12.000000,200.000000,200.000000,0.000000,0.000000,0.000000,0.000000,0.000000,0.000000,0.000000,0.000000,0.000000
165,-1.713672,0.389359,1.696406,1.472664,-1.625130,-1.170589,-9.814809,-0.799801,-0.254853,0.948538,-2.304980,-0.813432,2.445012,-2.897306,0.000140,0.000021,-0.200659,-0.147611,0.031437,0.097715,-0.160759,-0.127175,-0.000033,0.000856,-0.000739,-0.411974,-3.423813,-3.680477,-3.162698,2.566140,0.273573,-0.003878,-0.001946,0.002908,-4.231951,-9.360809,-8.118859,17.866236,0.640432,0.999426,-12.000000,-0.372943,0.038913,-4.231951,-9.360809,-8.118859,17.866236,0.640432,0.999426,-101.527985,-0.372943,0.038913,87.000000,87.000000,87.000000,87.000000,12.000000,12.000000,12.000000,200.000000,200.000000,0.000000,0.000000,0.000000,0.000000,0.000000,0.000000,0.000000,0.000000,0.000000
166,-1.590895,0.524631,1.781444,1.444011,-1.633893,-1.130528,-9.705893,-0.802250,-0.255118,0.948182,-2.308088,-0.818966,2.450252,-2.897305,0.000133,0.000028,0.146228,0.099438,-0.185624,0.050862,-0.144377,0.078013,-0.000032,0.000773,-0.000654,4.141681,6.607647,-0.226605,0.068109,2.022708,-1.672658,-0.001238,0.005748,-0.004402,0.230130,-4.012206,-3.930665,17.276621,0.658872,1.526625,-12.000000,-0.340996,0.008814,0.230130,-4.012206,-3.930665,17.276621,0.658872,1.526625,-97.171242,-0.340996,0.008814,87.000000,87.000000,87.000000,87.000000,12.000000,12.000000,12.000000,200.000000,200.000000,0.000000,0.000000,0.000000,0.000000,0.000000,0.000000,0.000000,0.000000,0.000000
167,-1.625437,0.407618,1.786590,1.484249,-1.631271,-1.159160,-9.812012,-0.807598,-0.252881,0.953020,-2.310373,-0.822055,2.447975,-2.897306,0.000134,0.000027,-0.053143,0.047605,0.022025,0.070116,-0.047300,-0.171333,-0.000044,0.001058,-0.000924,0.532380,-1.079789,-0.433995,-0.966719,2.559942,0.132532,0.000390,0.002554,-0.002705,-0.417058,-9.173655,-4.659181,18.961443,0.791840,1.319493,-12.000000,-0.366332,0.030610,-0.417058,-9.173655,-4.659181,18.961443,0.791840,1.319493,-101.415810,-0.366332,0.030610,87.000000,87.000000,87.000000,87.000000,12.000000,12.000000,12.000000,200.000000,200.000000,0.000000,0.000000,0.000000,0.000000,0.000000,0.000000,0.000000,0.000000,0.000000
168,-1.596834,0.442033,1.719087,1.556733,-1.610016,-1.120168,-9.697553,-0.802590,-0.249066,0.947904,-2.312883,-0.818702,2.452861,-2.897307,0.000145,0.000017,0.340867,0.151406,-0.352902,0.129566,0.077266,0.075896,-0.000027,0.001292,-0.001140,1.193012,2.119262,-0.725836,4.230157,-2.441599,-1.333292,0.001143,-0.003489,0.002575,-0.659431,-8.192280,-5.992067,22.197430,0.749368,1.754062,-12.000000,-0.413411,0.073019,-0.659431,-8.192280,-5.992067,22.197430,0.749368,1.754062,-96.837357,-0.413411,0.073019,87.000000,87.000000,87.000000,87.000000,12.000000,12.000000,12.000000,200.000000,200.000000,0.000000,0.000000,0.000000,0.000000,0.000000,0.000000,0.000000,0.000000,0.000000
169,-1.632454,0.314092,1.756152,1.546881,-1.615872,-1.137994,-9.829320,-0.806856,-0.248710,0.950294,-2.311755,-0.818004,2.453859,-2.897306,0.000151,0.000012,-0.073631,-0.089758,-0.039411,0.190077,0.016801,-0.086206,-0.000036,0.001003,-0.000879,-1.783082,-5.898205,-0.508619,0.145074,0.099788,-1.693102,-0.001484,-0.007200,0.007220,-0.838689,-13.155157,-5.495397,21.322191,0.767997,1.363733,-12.000000,-0.412818,0.075162,-0.838689,-13.155157,-5.495397,21.322191,0.767997,1.363733,-102.108185,-0.412818,0.075162,87.000000,87.000000,87.000000,87.000000,12.000000,12.000000,12.000000,200.000000,200.000000,0.000000,0.000000,0.000000,0.000000,0.000000,0.000000,0.000000,0.000000,0.000000
170,-1.586679,0.457954,1.807369,1.436898,-1.627289,-1.163544,-9.774609,-0.808557,-0.249867,0.951182,-2.311346,-0.819607,2.448166,-2.897305,0.000136,0.000025,0.125084,-0.006280,-0.128431,0.122021,-0.035504,-0.221806,-0.000042,0.000746,-0.000634,2.138567,1.793189,0.110672,-2.448400,1.150101,3.065229,0.001245,0.009834,-0.009487,0.838302,-7.090625,-3.259868,16.921265,0.640185,1.434572,-12.000000,-0.339804,0.006398,0.838302,-7.090625,-3.259868,16.921265,0.640185,1.434572,-99.919701,-0.339804,0.006398,87.000000,87.000000,87.000000,87.000000,12.000000,12.000000,12.000000,200.000000,200.000000,0.000000,0.000000,0.000000,0.000000,0.000000,0.000000,0.000000,0.000000,0.000000
171,-1.618556,0.373174,1.808296,1.509601,-1.624950,-1.092598,-9.851214,-0.815184,-0.252212,0.956478,-2.313066,-0.819987,2.460099,-2.897306,0.000144,0.000018,-0.056286,-0.092824,0.012112,0.105950,-0.042343,0.247029,-0.000033,0.000914,-0.000769,2.782088,-1.022540,-1.416842,0.834711,-1.354033,-6.109281,-0.005979,-0.005451,0.007382,0.603173,-10.226186,-4.099462,20.198290,0.629688,1.550688,-12.000000,-0.390339,0.054855,0.603173,-10.226186,-4.099462,20.198290,0.629688,1.550688,-102.984314,-0.390339,0.054855,87.000000,87.000000,87.000000,87.000000,12.000000,12.000000,12.000000,200.000000,200.000000,0.000000,0.000000,0.000000,0.000000,0.000000,0.000000,0.000000,0.000000,0.000000
172,-1.639384,0.509194,1.700381,1.519379,-1.609338,-1.184345,-9.680711,-0.806796,-0.249995,0.950761,-2.311792,-0.818332,2.447193,-2.897307,0.000138,0.000024,0.416550,0.141399,-0.351898,0.223916,0.098408,-0.441770,-0.000036,0.001262,-0.001090,-1.448260,4.199112,0.723397,2.347546,1.505526,7.063962,0.009415,0.005944,-0.007567,-2.380971,-5.286430,-6.884154,20.258404,0.931853,1.486575,-12.000000,-0.383576,0.040922,-2.380971,-5.286430,-6.884154,20.258404,0.931853,1.486575,-96.163170,-0.383576,0.040922,87.000000,87.000000,87.000000,87.000000,12.000000,12.000000,12.000000,200.000000,200.000000,0.000000,0.000000,0.000000,0.000000,0.000000,0.000000,0.000000,0.000000,0.000000
173,-1.598746,0.300844,1.755234,1.579227,-1.586037,-1.080205,-9.752878,-0.806762,-0.250541,0.949119,-2.310454,-0.810090,2.461475,-2.897307,0.000158,0.000006,0.079256,-0.104612,-0.170661,0.220979,0.153621,0.329648,-0.000016,0.001216,-0.001051,-1.114911,-5.009092,0.267683,2.561596,-6.463908,-7.339310,-0.006351,-0.003350,0.005076,0.139702,-13.447850,-5.051022,22.565838,0.577298,1.647834,-12.000000,-0.433393,0.092066,0.139702,-13.447850,-5.051022,22.565838,0.577298,1.647834,-99.050865,-0.433393,0.092066,87.000000,87.000000,87.000000,87.000000,12.000000,12.000000,12.000000,200.000000,200.000000,0.000000,0.000000,0.000000,0.000000,0.000000,0.000000,0.000000,0.000000,0.000000
174,-1.534694,0.447389,1.777817,1.486018,-1.585244,-1.214691,-9.661627,-0.797715,-0.250640,0.943190,-2.305742,-0.806615,2.441091,-2.897306,0.000137,0.000025,0.405198,0.022472,-0.292907,0.273615,0.143491,-0.656243,-0.000038,0.000916,-0.000769,-2.338203,1.213108,3.680266,-1.489810,1.302738,10.166734,0.010372,0.003391,-0.005810,1.052019,-7.560686,-3.163050,18.088619,0.827331,1.506681,-12.000000,-0.365330,0.021965,1.052019,-7.560686,-3.163050,18.088619,0.827331,1.506681,-95.399834,-0.365330,0.021965,87.000000,87.000000,87.000000,87.000000,12.000000,12.000000,12.000000,200.000000,200.000000,0.000000,0.000000,0.000000,0.000000,0.000000,0.000000,0.000000,0.000000,0.000000
175,-1.659764,0.420139,1.734404,1.431957,-1.602891,-1.197450,-9.786558,-0.799850,-0.252792,0.946368,-2.304205,-0.806616,2.434501,-2.897305,0.000136,0.000026,-0.010092,-0.108024,-0.018292,0.124834,-0.038151,-0.194247,-0.000029,0.000714,-0.000629,-2.036432,-2.289605,-0.239915,-4.532299,-1.135765,3.098854,-0.004867,-0.001479,0.000959,-2.672503,-8.334197,-6.096734,16.025446,0.442398,1.111239,-12.000000,-0.354192,0.019765,-2.672503,-8.334197,-6.096734,16.025446,0.442398,1.111239,-100.398041,-0.354192,0.019765,87.000000,87.000000,87.000000,87.000000,12.000000,12.000000,12.000000,200.000000,200.000000,0.000000,0.000000,0.000000,0.000000,0.000000,0.000000,0.000000,0.000000,0.000000
176,-1.687779,0.498927,1.722067,1.465560,-1.626384,-1.165329,-9.799737,-0.805291,-0.254332,0.950486,-2.305480,-0.813237,2.437997,-2.897305,0.000137,0.000025,-0.012170,0.011999,-0.051057,0.103231,-0.187268,0.032743,-0.000032,0.000814,-0.000684,1.930020,3.747972,-2.183568,-0.425612,2.478468,-1.200647,-0.003938,-0.000749,0.002901,-3.116209,-5.034372,-6.951317,17.763086,0.636756,1.265102,-12.000000,-0.361701,0.028543,-3.116209,-5.034372,-6.951317,17.763086,0.636756,1.265102,-100.925140,-0.361701,0.028543,87.000000,87.000000,87.000000,87.000000,12.000000,12.000000,12.000000,200.000000,200.000000,0.000000,0.000000,0.000000,0.000000,0.000000,0.000000,0.000000,0.000000,0.000000
177,-1.639890,0.459264,1.749473,1.479458,-1.610811,-1.124030,-9.747290,-0.807969,-0.252947,0.951257,-2.308302,-0.813927,2.449156,-2.897306,0.000136,0.000025,0.084572,0.073613,-0.146030,0.066329,-0.012651,0.196408,-0.000039,0.000944,-0.000819,2.027803,2.053703,-1.046269,0.479298,-0.284174,-5.750387,-0.001108,0.002934,-0.002421,-1.234145,-6.991834,-5.602251,18.694765,0.697261,1.322637,-12.000000,-0.363305,0.028290,-1.234145,-6.991834,-5.602251,18.694765,0.697261,1.322637,-98.827011,-0.363305,0.028290,87.000000,87.000000,87.000000,87.000000,12.000000,12.000000,12.000000,200.000000,200.000000,0.000000,0.000000,0.000000,0.000000,0.000000,0.000000,0.000000,0.000000,0.000000
178,-1.625129,0.354798,1.790702,1.483154,-1.611212,-1.158955,-9.809518,-0.813065,-0.253136,0.955028,-2.310802,-0.814347,2.447835,-2.897306,0.000135,0.000026,-0.036518,-0.069186,-0.029006,0.046787,0.008702,-0.162701,-0.000045,0.001038,-0.000904,0.453702,-3.880575,-1.060952,-1.970428,1.098470,-0.620711,0.001321,0.002496,-0.002326,-0.014121,-11.114665,-4.557245,18.956219,0.744117,1.272684,-12.000000,-0.368147,0.032653,-0.014121,-11.114665,-4.557245,18.956219,0.744117,1.272684,-101.315956,-0.368147,0.032653,87.000000,87.000000,87.000000,87.000000,12.000000,12.000000,12.000000,200.000000,200.000000,0.000000,0.000000,0.000000,0.000000,0.000000,0.000000,0.000000,0.000000,0.000000
179,-1.540678,0.357307,1.755219,1.588305,-1.564859,-1.110778,-9.589560,-0.806214,-0.254646,0.947510,-2.314246,-0.804233,2.453558,-2.897307,0.000149,0.000014,0.402081,-0.039000,-0.411558,0.115453,0.249424,0.087217,-0.000023,0.001483,-0.001275,1.005183,0.190574,0.715436,5.270403,-5.847098,-2.182718,0.003069,0.001650,-0.000332,1.700014,-10.738787,-4.273952,23.665506,0.746802,1.995051,-12.000000,-0.424931,0.082503,1.700014,-10.738787,-4.273952,23.665506,0.746802,1.995051,-92.517494,-0.424931,0.082503,87.000000,87.000000,87.000000,87.000000,12.000000,12.000000,12.000000,200.000000,200.000000,0.000000,0.000000,0.000000,0.000000,0.000000,0.000000,0.000000,0.000000,0.000000
180,-1.599803,0.379110,1.752072,1.534315,-1.607272,-1.150911,-9.749408,-0.803536,-0.256546,0.945512,-2.312038,-0.807805,2.450353,-2.897306,0.000152,0.000011,0.139844,-0.074736,-0.141498,0.243212,-0.112015,-0.175607,-0.000030,0.000872,-0.000770,-3.027698,-1.006765,2.674451,1.331156,2.215125,1.781513,-0.002032,-0.010397,0.009153,-0.435561,-9.689973,-4.824946,20.767525,0.756953,1.570097,-12.000000,-0.412005,0.072535,-0.435561,-9.689973,-4.824946,20.767525,0.756953,1.570097,-98.911797,-0.412005,0.072535,87.000000,87.000000,87.000000,87.000000,12.000000,12.000000,12.000000,200.000000,200.000000,0.000000,0.000000,0.000000,0.000000,0.000000,0.000000,0.000000,0.000000,0.000000
181,-1.669415,0.492715,1.739676,1.436418,-1.644330,-1.150130,-9.810448,-0.806636,-0.257447,0.948709,-2.309419,-0.818115,2.450504,-2.897305,0.000142,0.000020,0.028927,0.018496,-0.044161,0.195585,-0.268211,-0.055572,-0.000030,0.000598,-0.000464,0.548795,2.952177,-0.483235,-2.160086,4.845029,0.431715,-0.003507,0.006474,-0.002588,-2.467351,-5.097053,-6.021204,16.568542,0.664314,1.198124,-12.000000,-0.346995,0.015123,-2.467351,-5.097053,-6.021204,16.568542,0.664314,1.198124,-101.353584,-0.346995,0.015123,87.000000,87.000000,87.000000,87.000000,12.000000,12.000000,12.000000,200.000000,200.000000,0.000000,0.000000,0.000000,0.000000,0.000000,0.000000,0.000000,0.000000,0.000000
182,-1.615247,0.417913,1.708537,1.546679,-1.588941,-1.167529,-9.691833,-0.802370,-0.255681,0.945232,-2.307587,-0.812714,2.445153,-2.897307,0.000141,0.000022,0.279454,0.063236,-0.282551,0.228870,0.197501,-0.229096,-0.000034,0.001283,-0.001097,-0.518297,0.393233,-0.400293,1.873990,-1.348429,2.531523,0.007296,0.004202,-0.004517,-1.355522,-8.494132,-6.361522,20.972586,0.868605,1.502327,-12.000000,-0.392934,0.050590,-1.355522,-8.494132,-6.361522,20.972586,0.868605,1.502327,-96.608192,-0.392934,0.050590,87.000000,87.000000,87.000000,87.000000,12.000000,12.000000,12.000000,200.000000,200.000000,0.000000,0.000000,0.000000,0.000000,0.000000,0.000000,0.000000,0.000000,0.000000
183,-1.628708,0.413252,1.709117,1.453239,-1.585298,-1.185549,-9.675731,-0.798963,-0.255059,0.941235,-2.306684,-0.806516,2.439772,-2.897306,0.000137,0.000025,0.181132,-0.017273,-0.245756,0.130031,0.141436,-0.211654,-0.000033,0.000914,-0.000774,-3.026594,-2.202733,1.142902,-2.871745,-3.239807,2.260658,0.000969,0.001001,-0.000616,-2.056459,-8.664907,-6.021328,17.155439,0.547313,1.156247,-12.000000,-0.365907,0.028064,-2.056459,-8.664907,-6.021328,17.155439,0.547313,1.156247,-95.964577,-0.365907,0.028064,87.000000,87.000000,87.000000,87.000000,12.000000,12.000000,12.000000,200.000000,200.000000,0.000000,0.000000,0.000000,0.000000,0.000000,0.000000,0.000000,0.000000,0.000000
184,-1.501768,0.350816,1.824887,1.527818,-1.563352,-1.106905,-9.725565,-0.799323,-0.256831,0.940400,-2.308269,-0.798373,2.450741,-2.897306,0.000145,0.000018,0.136941,-0.060367,-0.131974,0.122977,0.166532,0.218776,-0.000028,0.001058,-0.000918,1.994821,-0.231965,2.106215,1.736153,-5.606293,-5.460618,-0.003322,0.001774,-0.001019,3.453430,-10.792577,-1.571591,20.547049,0.564635,1.841872,-12.000000,-0.387799,0.049455,3.453430,-10.792577,-1.571591,20.547049,0.564635,1.841872,-97.958214,-0.387799,0.049455,87.000000,87.000000,87.000000,87.000000,12.000000,12.000000,12.000000,200.000000,200.000000,0.000000,0.000000,0.000000,0.000000,0.000000,0.000000,0.000000,0.000000,0.000000
185,-1.615700,0.406025,1.784288,1.459616,-1.621646,-1.194806,-9.766923,-0.803393,-0.258908,0.947041,-2.307046,-0.807789,2.440730,-2.897305,0.000139,0.000023,-0.015497,-0.075567,0.079295,0.146835,-0.235144,-0.375217,-0.000037,0.000883,-0.000757,0.186655,-0.855802,-0.231617,-3.279289,6.059146,4.716723,-0.000136,0.007868,-0.006363,-0.484749,-8.415504,-4.413886,17.372503,0.731903,1.282214,-12.000000,-0.357067,0.022709,-0.484749,-8.415504,-4.413886,17.372503,0.731903,1.282214,-99.612328,-0.357067,0.022709,87.000000,87.000000,87.000000,87.000000,12.000000,12.000000,12.000000,200.000000,200.000000,0.000000,0.000000,0.000000,0.000000,0.000000,0.000000,0.000000,0.000000,0.000000
186,-1.762930,0.585801,1.678135,1.386720,-1.658751,-1.209870,-9.822828,-0.807864,-0.257681,0.953105,-2.308527,-0.821507,2.433092,-2.897305,0.000133,0.000028,0.008190,0.127912,-0.012152,0.052134,-0.337080,-0.236461,-0.000046,0.000799,-0.000652,0.993860,5.645918,-3.225063,-3.434109,6.837365,4.521896,-0.003098,0.008282,-0.004726,-6.023999,-1.493764,-9.080576,14.817249,0.657661,0.919928,-12.000000,-0.340004,0.008421,-6.023999,-1.493764,-9.080576,14.817249,0.657661,0.919928,-101.848740,-0.340004,0.008421,87.000000,87.000000,87.000000,87.000000,12.000000,12.000000,12.000000,200.000000,200.000000,0.000000,0.000000,0.000000,0.000000,0.000000,0.000000,0.000000,0.000000,0.000000
187,-1.669960,0.420068,1.688283,1.547354,-1.578896,-1.158012,-9.693633,-0.807961,-0.253674,0.951470,-2.312672,-0.812064,2.437811,-2.897307,0.000145,0.000019,0.150993,0.122808,-0.251633,0.067986,0.282197,0.043574,-0.000032,0.001462,-0.001239,0.553433,0.129733,-2.421749,3.428241,-4.714629,-3.006470,0.004713,0.000981,0.000502,-2.694334,-8.742407,-7.867419,21.924017,0.794492,1.432086,-12.000000,-0.416373,0.072744,-2.694334,-8.742407,-7.867419,21.924017,0.794492,1.432086,-96.680298,-0.416373,0.072744,87.000000,87.000000,87.000000,87.000000,12.000000,12.000000,12.000000,200.000000,200.000000,0.000000,0.000000,0.000000,0.000000,0.000000,0.000000,0.000000,0.000000,0.000000
188,-1.543956,0.268846,1.814494,1.595128,-1.578837,-1.099385,-9.798852,-0.811113,-0.253585,0.951010,-2.314155,-0.805149,2.451397,-2.897307,0.000160,0.000004,0.039442,-0.077847,-0.146454,0.156431,0.122176,0.259298,-0.000024,0.001122,-0.001005,1.511718,-4.819628,0.073610,3.529618,-4.866655,-7.066125,-0.003598,-0.010277,0.008185,2.937064,-14.545693,-2.908719,23.725319,0.646623,1.886411,-12.000000,-0.442995,0.098085,2.937064,-14.545693,-2.908719,23.725319,0.646623,1.886411,-100.889618,-0.442995,0.098085,87.000000,87.000000,87.000000,87.000000,12.000000,12.000000,12.000000,200.000000,200.000000,0.000000,0.000000,0.000000,0.000000,0.000000,0.000000,0.000000,0.000000,0.000000
189,-1.530703,0.472261,1.771658,1.496740,-1.582792,-1.173275,-9.644707,-0.800989,-0.251600,0.942891,-2.312077,-0.803196,2.443774,-2.897306,0.000144,0.000018,0.471445,0.122827,-0.373690,0.230532,0.072057,-0.302014,-0.000037,0.000894,-0.000773,-0.817548,3.539231,3.634540,1.236138,0.457114,4.651474,0.006411,0.006311,-0.007322,1.391055,-6.623618,-3.179539,19.294157,0.785566,1.698534,-12.000000,-0.371923,0.033243,1.391055,-6.623618,-3.179539,19.294157,0.785566,1.698534,-94.723259,-0.371923,0.033243,87.000000,87.000000,87.000000,87.000000,12.000000,12.000000,12.000000,200.000000,200.000000,0.000000,0.000000,0.000000,0.000000,0.000000,0.000000,0.000000,0.000000,0.000000
190,-1.587111,0.257701,1.771390,1.563679,-1.570318,-1.108332,-9.770025,-0.803433,-0.254214,0.945167,-2.310056,-0.798418,2.453967,-2.897306,0.000156,0.000007,-0.018584,-0.200572,-0.034315,0.216837,0.083614,0.196304,-0.000027,0.000997,-0.000840,-1.361475,-7.098741,0.101389,0.610729,-3.892854,-5.898342,-0.005794,-0.006000,0.008621,0.578141,-14.745028,-4.455598,21.812014,0.607656,1.560571,-12.000000,-0.420158,0.082296,0.578141,-14.745028,-4.455598,21.812014,0.607656,1.560571,-99.736694,-0.420158,0.082296,87.000000,87.000000,87.000000,87.000000,12.000000,12.000000,12.000000,200.000000,200.000000,0.000000,0.000000,0.000000,0.000000,0.000000,0.000000,0.000000,0.000000,0.000000
191,-1.630350,0.525312,1.757778,1.420087,-1.644168,-1.196018,-9.752576,-0.802911,-0.256238,0.947067,-2.306300,-0.812992,2.442500,-2.897305,0.000139,0.000023,0.170625,0.017423,-0.089287,0.217441,-0.362319,-0.389045,-0.000041,0.000725,-0.000585,0.662031,4.654614,0.448368,-3.401634,8.568090,6.699852,0.000442,0.018684,-0.017399,-1.567529,-3.788467,-4.997445,15.535732,0.728953,1.244209,-12.000000,-0.331321,-0.005984,-1.567529,-3.788467,-4.997445,15.535732,0.728953,1.244209,-99.038490,-0.331321,-0.005984,87.000000,87.000000,87.000000,87.000000,12.000000,12.000000,12.000000,200.000000,200.000000,0.000000,0.000000,0.000000,0.000000,0.000000,0.000000,0.000000,0.000000,0.000000
192,-1.719102,0.470548,1.708731,1.435530,-1.620111,-1.185152,-9.808459,-0.807692,-0.256441,0.952400,-2.306355,-0.815999,2.439249,-2.897305,0.000134,0.000027,-0.044687,-0.003076,0.000560,0.098589,-0.039925,-0.147335,-0.000038,0.000820,-0.000720,-0.326170,0.393862,-2.204566,-3.041506,1.692362,0.876431,-0.000305,-0.001996,0.000767,-4.225268,-6.153922,-7.770822,16.495277,0.682302,0.965268,-12.000000,-0.359682,0.023823,-4.225268,-6.153922,-7.770822,16.495277,0.682302,0.965268,-101.273827,-0.359682,0.023823,87.000000,87.000000,87.000000,87.000000,12.000000,12.000000,12.000000,200.000000,200.000000,0.000000,0.000000,0.000000,0.000000,0.000000,0.000000,0.000000,0.000000,0.000000
193,-1.589324,0.400907,1.771812,1.496672,-1.592157,-1.136848,-9.675217,-0.807478,-0.256518,0.951425,-2.309981,-0.810693,2.445527,-2.897306,0.000138,0.000024,0.191069,0.001233,-0.211075,0.040688,0.126808,0.089785,-0.000032,0.001114,-0.000963,2.186836,0.132460,-0.826529,0.575292,-3.494533,-3.127339,0.000838,0.003225,-0.002450,0.478116,-8.958075,-4.539931,19.590412,0.630612,1.535377,-12.000000,-0.375728,0.039422,0.478116,-8.958075,-4.539931,19.590412,0.630612,1.535377,-95.943993,-0.375728,0.039422,87.000000,87.000000,87.000000,87.000000,12.000000,12.000000,12.000000,200.000000,200.000000,0.000000,0.000000,0.000000,0.000000,0.000000,0.000000,0.000000,0.000000,0.000000
194,-1.534295,0.357691,1.776067,1.546196,-1.557985,-1.162973,-9.650600,-0.800823,-0.256571,0.946626,-2.312198,-0.800556,2.442318,-2.897307,0.000142,0.000021,0.327683,-0.018541,-0.266903,0.118861,0.272609,-0.191074,-0.000031,0.001331,-0.001124,-1.333821,-1.248852,2.479650,2.443423,-4.223100,1.209521,0.005788,0.001274,0.000424,1.577961,-10.708263,-3.644129,21.648415,0.764355,1.735187,-12.000000,-0.402668,0.061854,1.577961,-10.708263,-3.644129,21.648415,0.764355,1.735187,-94.958977,-0.402668,0.061854,87.000000,87.000000,87.000000,87.000000,12.000000,12.000000,12.000000,200.000000,200.000000,0.000000,0.000000,0.000000,0.000000,0.000000,0.000000,0.000000,0.000000,0.000000
195,-1.578009,0.402404,1.767141,1.550052,-1.590330,-1.129273,-9.752001,-0.798983,-0.256928,0.946997,-2.311124,-0.801372,2.447538,-2.897306,0.000153,0.000011,0.160607,0.006761,-0.096451,0.230089,-0.076742,0.084705,-0.000023,0.000879,-0.000771,-0.337471,1.215324,1.547891,3.074481,-0.822132,-1.609985,-0.005531,-0.012473,0.012293,0.174675,-8.818103,-4.530160,21.457367,0.643722,1.782793,-12.000000,-0.415152,0.076283,0.174675,-8.818103,-4.530160,21.457367,0.643722,1.782793,-99.015717,-0.415152,0.076283,87.000000,87.000000,87.000000,87.000000,12.000000,12.000000,12.000000,200.000000,200.000000,0.000000,0.000000,0.000000,0.000000,0.000000,0.000000,0.000000,0.000000,0.000000
196,-1.661492,0.435237,1.684914,1.491259,-1.588825,-1.199718,-9.693198,-0.796079,-0.256344,0.946754,-2.307688,-0.802845,2.438476,-2.897306,0.000142,0.000020,0.188566,0.007049,-0.169688,0.233795,0.003234,-0.341187,-0.000037,0.000945,-0.000828,-2.373531,-0.825332,-0.779679,-1.389562,2.312048,4.237153,0.004402,0.006640,-0.008091,-3.581452,-7.668867,-7.742321,18.565098,0.806192,1.147289,-12.000000,-0.369837,0.031339,-3.581452,-7.668867,-7.742321,18.565098,0.806192,1.147289,-96.663033,-0.369837,0.031339,87.000000,87.000000,87.000000,87.000000,12.000000,12.000000,12.000000,200.000000,200.000000,0.000000,0.000000,0.000000,0.000000,0.000000,0.000000,0.000000,0.000000,0.000000
197,-1.619421,0.384770,1.759252,1.520939,-1.605153,-1.125810,-9.762563,-0.800615,-0.257997,0.950038,-2.305799,-0.806074,2.447552,-2.897306,0.000148,0.000015,-0.015626,-0.066915,-0.046553,0.207114,-0.123115,0.191105,-0.000025,0.000782,-0.000632,1.209200,-0.841461,-1.175089,0.267746,-0.090095,-4.117950,-0.007074,-0.005289,0.008796,-0.793989,-9.360473,-5.377456,19.766884,0.592034,1.496050,-12.000000,-0.388865,0.054017,-0.793989,-9.360473,-5.377456,19.766884,0.592034,1.496050,-99.438354,-0.388865,0.054017,87.000000,87.000000,87.000000,87.000000,12.000000,12.000000,12.000000,200.000000,200.000000,0.000000,0.000000,0.000000,0.000000,0.000000,0.000000,0.000000,0.000000,0.000000
198,-1.605422,0.486093,1.784106,1.426895,-1.636169,-1.130328,-9.702513,-0.802051,-0.257915,0.951737,-2.305116,-0.815423,2.453842,-2.897305,0.000134,0.000028,0.128229,0.053155,-0.100988,0.128129,-0.235871,0.062867,-0.000038,0.000609,-0.000476,2.197283,3.026633,0.033880,-2.650208,4.552032,-2.838928,-0.001906,0.008901,-0.006947,-0.437123,-5.413189,-4.312545,15.993789,0.673998,1.218264,-12.000000,-0.328022,-0.006823,-0.437123,-5.413189,-4.312545,15.993789,0.673998,1.218264,-97.036095,-0.328022,-0.006823,87.000000,87.000000,87.000000,87.000000,12.000000,12.000000,12.000000,200.000000,200.000000,0.000000,0.000000,0.000000,0.000000,0.000000,0.000000,0.000000,0.000000,0.000000
199,-1.730725,0.496055,1.703917,1.439985,-1.647044,-1.219212,-9.806108,-0.805963,-0.255304,0.956989,-2.304767,-0.824067,2.438962,-2.897305,0.000128,0.000033,-0.034230,0.088588,0.006773,0.113460,-0.155262,-0.497908,-0.000045,0.001120,-0.000985,-1.744694,0.553165,-1.814384,-3.552593,6.652499,6.542086,0.003709,0.013437,-0.013745,-4.938622,-5.460076,-8.322228,16.478359,0.849714,0.873280,-12.000000,-0.342642,0.006364,-4.938622,-5.460076,-8.322228,16.478359,0.849714,0.873280,-101.179497,-0.342642,0.006364,87.000000,87.000000,87.000000,87.000000,12.000000,12.000000,12.000000,200.000000,200.000000,0.000000,0.000000,0.000000,0.000000,0.000000,0.000000,0.000000,0.000000,0.000000
200,-1.582868,0.335404,1.770344,1.563290,-1.572315,-1.119570,-9.699250,-0.807285,-0.254993,0.955715,-2.308842,-0.810831,2.447668,-2.897307,0.000147,0.000017,0.145038,-0.032105,-0.239866,0.053476,0.330807,0.182204,-0.000027,0.001501,-0.001269,2.554350,-2.524523,-2.098119,2.648749,-8.149364,-4.681578,0.000766,0.001874,0.001007,0.864878,-11.762853,-4.937914,22.247835,0.626592,1.721264,-12.000000,-0.420012,0.077410,0.864878,-11.762853,-4.937914,22.247835,0.626592,1.721264,-96.905281,-0.420012,0.077410,87.000000,87.000000,87.000000,87.000000,12.000000,12.000000,12.000000,200.000000,200.000000,0.000000,0.000000,0.000000,0.000000,0.000000,0.000000,0.000000,0.000000,0.000000
201,-1.553306,0.388522,1.821575,1.502936,-1.610168,-1.140508,-9.729196,-0.806717,-0.255827,0.954724,-2.310362,-0.811436,2.449206,-2.897306,0.000146,0.000017,0.149781,-0.027237,-0.141115,0.112596,-0.052524,-0.060462,-0.000029,0.000813,-0.000738,0.407459,-0.210233,1.943596,0.383169,0.148053,-0.559677,-0.001442,-0.008604,0.006195,1.855327,-9.452903,-2.831147,19.671080,0.653031,1.638022,-12.000000,-0.392790,0.053799,1.855327,-9.452903,-2.831147,19.671080,0.653031,1.638022,-98.103294,-0.392790,0.053799,87.000000,87.000000,87.000000,87.000000,12.000000,12.000000,12.000000,200.000000,200.000000,0.000000,0.000000,0.000000,0.000000,0.000000,0.000000,0.000000,0.000000,0.000000
202,-1.648380,0.441806,1.716143,1.550812,-1.620717,-1.150076,-9.719447,-0.804781,-0.255214,0.953483,-2.309392,-0.815620,2.448108,-2.897306,0.000150,0.000013,0.180655,0.047593,-0.192502,0.222665,-0.100584,-0.099382,-0.000030,0.001024,-0.000897,-0.834630,1.723754,-0.239971,2.829006,2.361627,1.238495,-0.000361,-0.003313,0.003423,-2.251952,-7.458814,-6.939797,21.354500,0.824784,1.551224,-12.000000,-0.404657,0.067124,-2.251952,-7.458814,-6.939797,21.354500,0.824784,1.551224,-97.713242,-0.404657,0.067124,87.000000,87.000000,87.000000,87.000000,12.000000,12.000000,12.000000,200.000000,200.000000,0.000000,0.000000,0.000000,0.000000,0.000000,0.000000,0.000000,0.000000,0.000000
203,-1.646036,0.455712,1.718341,1.484654,-1.603671,-1.170857,-9.739905,-0.802282,-0.253124,0.950852,-2.307364,-0.813626,2.444449,-2.897306,0.000142,0.000020,0.182194,0.069586,-0.222687,0.197701,0.075374,-0.178430,-0.000036,0.000926,-0.000786,-1.738256,0.382344,0.413791,-0.690139,-0.368298,1.600874,0.002675,0.005940,-0.004905,-2.412430,-7.204735,-6.524797,18.411423,0.726876,1.240424,-12.000000,-0.368278,0.032774,-2.412430,-7.204735,-6.524797,18.411423,0.726876,1.240424,-98.531403,-0.368278,0.032774,87.000000,87.000000,87.000000,87.000000,12.000000,12.000000,12.000000,200.000000,200.000000,0.000000,0.000000,0.000000,0.000000,0.000000,0.000000,0.000000,0.000000,0.000000
204,-1.584847,0.336772,1.784676,1.499689,-1.576434,-1.151082,-9.704644,-0.804122,-0.254312,0.950785,-2.307433,-0.805465,2.445801,-2.897306,0.000142,0.000021,0.055347,-0.106036,-0.135760,0.120492,0.199431,-0.050610,-0.000036,0.001025,-0.000856,-0.221742,-4.220539,0.059518,-1.504820,-4.423916,-1.621771,0.000200,0.003078,-0.001428,0.601388,-11.662699,-4.113756,19.177288,0.596441,1.400492,-12.000000,-0.378978,0.041106,0.601388,-11.662699,-4.113756,19.177288,0.596441,1.400492,-97.121117,-0.378978,0.041106,87.000000,87.000000,87.000000,87.000000,12.000000,12.000000,12.000000,200.000000,200.000000,0.000000,0.000000,0.000000,0.000000,0.000000,0.000000,0.000000,0.000000,0.000000
205,-1.559120,0.414308,1.812749,1.516358,-1.622140,-1.120953,-9.747518,-0.805354,-0.256480,0.951409,-2.307425,-0.811264,2.451638,-2.897306,0.000145,0.000018,0.128959,-0.032027,-0.116682,0.167937,-0.197171,0.090855,-0.000030,0.000792,-0.000663,2.361074,2.055168,0.769679,1.203936,1.754791,-1.784831,-0.005325,-0.004814,0.006234,1.683566,-8.226637,-3.054438,19.871523,0.631543,1.760082,-12.000000,-0.382895,0.046022,1.683566,-8.226637,-3.054438,19.871523,0.631543,1.760082,-98.836433,-0.382895,0.046022,87.000000,87.000000,87.000000,87.000000,12.000000,12.000000,12.000000,200.000000,200.000000,0.000000,0.000000,0.000000,0.000000,0.000000,0.000000,0.000000,0.000000,0.000000
206,-1.569755,0.472856,1.737382,1.456092,-1.587448,-1.191060,-9.547709,-0.794904,-0.254771,0.944910,-2.307557,-0.808095,2.441739,-2.897306,0.000130,0.000031,0.452643,0.085647,-0.334586,0.122138,0.143881,-0.363112,-0.000035,0.001080,-0.000929,-2.184246,1.756328,2.649595,-1.294968,0.206542,4.757046,0.008837,0.013680,-0.014786,-0.687015,-6.351506,-4.871891,17.449753,0.791876,1.317409,-12.000000,-0.343624,0.004295,-0.687015,-6.351506,-4.871891,17.449753,0.791876,1.317409,-90.843231,-0.343624,0.004295,87.000000,87.000000,87.000000,87.000000,12.000000,12.000000,12.000000,200.000000,200.000000,0.000000,0.000000,0.000000,0.000000,0.000000,0.000000,0.000000,0.000000,0.000000
207,-1.640627,0.340907,1.728897,1.489473,-1.581711,-1.150832,-9.768806,-0.797015,-0.256838,0.947419,-2.309789,-0.803234,2.445094,-2.897306,0.000141,0.000021,-0.022223,-0.144704,-0.033885,0.060036,0.086219,0.021312,-0.000031,0.001001,-0.000887,-2.566281,-4.756836,-0.134407,-1.359220,-3.643909,-2.673511,-0.004708,-0.008676,0.007583,-2.134079,-11.224274,-6.350929,19.127155,0.546035,1.220855,-12.000000,-0.394576,0.056292,-2.134079,-11.224274,-6.350929,19.127155,0.546035,1.220855,-99.687859,-0.394576,0.056292,87.000000,87.000000,87.000000,87.000000,12.000000,12.000000,12.000000,200.000000,200.000000,0.000000,0.000000,0.000000,0.000000,0.000000,0.000000,0.000000,0.000000,0.000000
208,-1.643902,0.529311,1.689604,1.494247,-1.630338,-1.132888,-9.668212,-0.794776,-0.256567,0.944856,-2.311220,-0.812570,2.450180,-2.897306,0.000144,0.000019,0.238114,0.114458,-0.254409,0.145036,-0.271133,0.072941,-0.000028,0.000858,-0.000712,0.903020,6.429416,-0.372538,2.612778,3.839246,-0.813855,-0.003731,-0.002242,0.005002,-2.918608,-3.759145,-7.162058,19.431496,0.725928,1.503133,-12.000000,-0.380683,0.045653,-2.918608,-3.759145,-7.162058,19.431496,0.725928,1.503133,-95.664085,-0.380683,0.045653,87.000000,87.000000,87.000000,87.000000,12.000000,12.000000,12.000000,200.000000,200.000000,0.000000,0.000000,0.000000,0.000000,0.000000,0.000000,0.000000,0.000000,0.000000
209,-1.708552,0.379285,1.696828,1.524865,-1.631050,-1.131234,-9.812889,-0.803190,-0.255956,0.949878,-2.310119,-0.819014,2.455440,-2.897306,0.000147,0.000016,-0.190619,-0.034654,0.011034,0.188395,-0.136143,0.022963,-0.000036,0.000937,-0.000819,-1.132623,-3.004155,-2.401558,0.120346,3.715881,-3.820139,-0.002460,-0.001852,0.001939,-3.828261,-9.952536,-8.076411,20.313078,0.857009,1.099241,-12.000000,-0.391856,0.054336,-3.828261,-9.952536,-8.076411,20.313078,0.857009,1.099241,-101.451050,-0.391856,0.054336,87.000000,87.000000,87.000000,87.000000,12.000000,12.000000,12.000000,200.000000,200.000000,0.000000,0.000000,0.000000,0.000000,0.000000,0.000000,0.000000,0.000000,0.000000
210,-1.552707,0.441529,1.848121,1.469898,-1.646030,-1.116916,-9.816901,-0.809011,-0.255098,0.953199,-2.309388,-0.824921,2.458635,-2.897305,0.000137,0.000024,0.041900,0.069235,-0.063229,0.153656,-0.144013,0.002439,-0.000034,0.000747,-0.000634,5.115453,2.648378,-0.639544,-1.013938,2.916613,-1.141511,-0.000697,0.007379,-0.005988,2.624722,-7.483799,-2.007453,18.081970,0.704297,1.626295,-12.000000,-0.345301,0.012885,2.624722,-7.483799,-2.007453,18.081970,0.704297,1.626295,-101.611542,-0.345301,0.012885,87.000000,87.000000,87.000000,87.000000,12.000000,12.000000,12.000000,200.000000,200.000000,0.000000,0.000000,0.000000,0.000000,0.000000,0.000000,0.000000,0.000000,0.000000
211,-1.604747,0.418643,1.747973,1.502457,-1.607201,-1.145753,-9.718897,-0.805740,-0.252408,0.950753,-2.309789,-0.819914,2.455057,-2.897306,0.000135,0.000026,0.247378,0.074355,-0.239930,0.133875,0.165396,-0.188379,-0.000036,0.001227,-0.001044,-0.203839,-0.575500,-0.052679,0.061440,-1.572859,1.423940,0.005499,0.006162,-0.005373,-0.564303,-8.811437,-5.317861,19.530128,0.785112,1.407488,-12.000000,-0.375078,0.036641,-0.564303,-8.811437,-5.317861,19.530128,0.785112,1.407488,-97.690872,-0.375078,0.036641,87.000000,87.000000,87.000000,87.000000,12.000000,12.000000,12.000000,200.000000,200.000000,0.000000,0.000000,0.000000,0.000000,0.000000,0.000000,0.000000,0.000000,0.000000
212,-1.625058,0.394139,1.754716,1.493635,-1.596286,-1.178780,-9.797647,-0.805598,-0.251510,0.951043,-2.309885,-0.813626,2.445598,-2.897306,0.000138,0.000025,0.089552,-0.012135,-0.115260,0.131100,0.161900,-0.325708,-0.000036,0.001103,-0.000934,-1.815914,-2.333475,0.394348,-1.101782,-2.469299,4.063124,0.002125,-0.002952,0.003551,-1.072585,-9.733832,-5.366419,19.127337,0.671214,1.361877,-12.000000,-0.385974,0.046531,-1.072585,-9.733832,-5.366419,19.127337,0.671214,1.361877,-100.841095,-0.385974,0.046531,87.000000,87.000000,87.000000,87.000000,12.000000,12.000000,12.000000,200.000000,200.000000,0.000000,0.000000,0.000000,0.000000,0.000000,0.000000,0.000000,0.000000,0.000000
213,-1.584351,0.423025,1.759291,1.502650,-1.580473,-1.166978,-9.667661,-0.802587,-0.251206,0.948230,-2.311061,-0.806339,2.441491,-2.897306,0.000140,0.000022,0.237492,0.019039,-0.237751,0.120109,0.167511,-0.155628,-0.000031,0.001101,-0.000951,0.066397,0.612355,0.606049,0.734612,-4.064932,2.461608,0.001170,0.000627,-0.000582,0.038905,-8.516169,-4.630223,19.714544,0.609024,1.625244,-12.000000,-0.384681,0.044940,0.038905,-8.516169,-4.630223,19.714544,0.609024,1.625244,-95.641724,-0.384681,0.044940,87.000000,87.000000,87.000000,87.000000,12.000000,12.000000,12.000000,200.000000,200.000000,0.000000,0.000000,0.000000,0.000000,0.000000,0.000000,0.000000,0.000000,0.000000
214,-1.652431,0.379760,1.747297,1.532733,-1.625885,-1.100775,-9.820979,-0.808123,-0.252755,0.951401,-2.311336,-0.812526,2.455031,-2.897306,0.000153,0.000011,-0.063442,-0.072884,-0.043650,0.165014,-0.225999,0.294390,-0.000021,0.000781,-0.000629,0.707724,-1.275569,-1.352820,1.605495,1.008628,-6.262591,-0.009530,-0.012710,0.017019,-1.417661,-9.987012,-5.979736,20.871746,0.611107,1.499704,-12.000000,-0.409974,0.073846,-1.417661,-9.987012,-5.979736,20.871746,0.611107,1.499704,-101.775108,-0.409974,0.073846,87.000000,87.000000,87.000000,87.000000,12.000000,12.000000,12.000000,200.000000,200.000000,0.000000,0.000000,0.000000,0.000000,0.000000,0.000000,0.000000,0.000000,0.000000
215,-1.526299,0.437411,1.835864,1.472868,-1.610186,-1.135490,-9.710856,-0.805957,-0.252639,0.950510,-2.310777,-0.814045,2.454882,-2.897305,0.000135,0.000026,0.258006,0.041390,-0.166464,0.156241,0.011254,-0.125780,-0.000039,0.000873,-0.000777,2.328198,2.181070,1.771764,-0.530371,2.082448,-0.049495,0.005123,0.012579,-0.015676,2.705461,-7.796187,-1.872902,18.332541,0.815187,1.580983,-12.000000,-0.343284,0.003414,2.705461,-7.796187,-1.872902,18.332541,0.815187,1.580983,-97.369347,-0.343284,0.003414,87.000000,87.000000,87.000000,87.000000,12.000000,12.000000,12.000000,200.000000,200.000000,0.000000,0.000000,0.000000,0.000000,0.000000,0.000000,0.000000,0.000000,0.000000
216,-1.625426,0.383038,1.770750,1.458237,-1.601312,-1.174987,-9.792992,-0.805977,-0.253588,0.953603,-2.311297,-0.811752,2.447264,-2.897306,0.000133,0.000028,0.089225,-0.082480,-0.037027,0.089441,0.073939,-0.288886,-0.000042,0.001027,-0.000892,-1.412500,-3.250581,-0.075961,-2.932237,-0.419130,2.874369,0.001688,0.002723,-0.002156,-1.035203,-9.877348,-5.163495,17.830620,0.672736,1.215159,-12.000000,-0.363066,0.028450,-1.035203,-9.877348,-5.163495,17.830620,0.672736,1.215159,-100.654915,-0.363066,0.028450,87.000000,87.000000,87.000000,87.000000,12.000000,12.000000,12.000000,200.000000,200.000000,0.000000,0.000000,0.000000,0.000000,0.000000,0.000000,0.000000,0.000000,0.000000
217,-1.709399,0.506503,1.685707,1.497391,-1.635766,-1.123370,-9.767745,-0.806717,-0.253812,0.954645,-2.312847,-0.818097,2.453622,-2.897306,0.000144,0.000018,0.119052,0.060024,-0.153865,0.132972,-0.210120,0.133826,-0.000026,0.000916,-0.000771,0.503151,4.228837,-1.975736,2.219099,1.548677,-1.798830,-0.006230,-0.009539,0.011592,-4.296444,-4.872592,-8.453591,19.698202,0.655258,1.391548,-12.000000,-0.396398,0.060505,-4.296444,-4.872592,-8.453591,19.698202,0.655258,1.391548,-99.645584,-0.396398,0.060505,87.000000,87.000000,87.000000,87.000000,12.000000,12.000000,12.000000,200.000000,200.000000,0.000000,0.000000,0.000000,0.000000,0.000000,0.000000,0.000000,0.000000,0.000000
218,-1.621025,0.385820,1.672854,1.576762,-1.567368,-1.128913,-9.613716,-0.799243,-0.251936,0.946123,-2.312712,-0.808021,2.455886,-2.897307,0.000150,0.000014,0.348974,0.035575,-0.429836,0.207236,0.306866,-0.055341,-0.000030,0.001526,-0.001289,-2.658643,-1.478854,0.385537,3.966585,-4.043033,-1.705375,0.007172,0.010481,-0.007893,-2.141860,-10.108950,-7.424163,22.763666,0.910388,1.480354,-12.000000,-0.415236,0.071662,-2.141860,-10.108950,-7.424163,22.763666,0.910388,1.480354,-93.483505,-0.415236,0.071662,87.000000,87.000000,87.000000,87.000000,12.000000,12.000000,12.000000,200.000000,200.000000,0.000000,0.000000,0.000000,0.000000,0.000000,0.000000,0.000000,0.000000,0.000000
219,-1.594605,0.380794,1.777147,1.473251,-1.611492,-1.194128,-9.785456,-0.800384,-0.252680,0.945788,-2.309118,-0.810142,2.442897,-2.897306,0.000143,0.000019,0.016605,-0.073694,-0.087985,0.218738,-0.067029,-0.425677,-0.000033,0.000722,-0.000653,-2.786858,-3.011225,2.064610,-3.073732,2.027331,6.049314,-0.000303,-0.008108,0.004006,-0.139916,-10.048629,-4.019294,17.905251,0.647301,1.345116,-12.000000,-0.381544,0.040281,-0.139916,-10.048629,-4.019294,17.905251,0.647301,1.345116,-100.353645,-0.381544,0.040281,87.000000,87.000000,87.000000,87.000000,12.000000,12.000000,12.000000,200.000000,200.000000,0.000000,0.000000,0.000000,0.000000,0.000000,0.000000,0.000000,0.000000,0.000000
220,-1.612754,0.493643,1.778692,1.456664,-1.617658,-1.167386,-9.733038,-0.803911,-0.252794,0.948050,-2.307896,-0.813048,2.440498,-2.897305,0.000137,0.000024,0.056385,0.059313,-0.080358,0.168028,-0.082784,-0.095178,-0.000028,0.000742,-0.000636,2.430903,4.062240,-0.292026,-0.977123,0.845350,1.931719,-0.002333,0.003713,-0.002467,-0.379030,-5.475569,-4.305737,17.396864,0.602813,1.501143,-12.000000,-0.350100,0.018014,-0.379030,-5.475569,-4.305737,17.396864,0.602813,1.501143,-98.257111,-0.350100,0.018014,87.000000,87.000000,87.000000,87.000000,12.000000,12.000000,12.000000,200.000000,200.000000,0.000000,0.000000,0.000000,0.000000,0.000000,0.000000,0.000000,0.000000,0.000000
221,-1.569663,0.431057,1.746363,1.553516,-1.582481,-1.112210,-9.653108,-0.799972,-0.249441,0.944144,-2.307690,-0.807421,2.450872,-2.897306,0.000145,0.000017,0.290344,0.131069,-0.280464,0.201109,0.138508,0.200410,-0.000024,0.001237,-0.001071,1.282028,1.876851,0.493205,3.506722,-3.660746,-4.575581,0.000614,0.003340,-0.002587,0.352931,-8.561131,-4.719280,21.421398,0.713949,1.715358,-12.000000,-0.398773,0.059978,0.352931,-8.561131,-4.719280,21.421398,0.713949,1.715358,-95.059616,-0.398773,0.059978,87.000000,87.000000,87.000000,87.000000,12.000000,12.000000,12.000000,200.000000,200.000000,0.000000,0.000000,0.000000,0.000000,0.000000,0.000000,0.000000,0.000000,0.000000
222,-1.582495,0.319542,1.747021,1.515226,-1.578761,-1.154141,-9.672124,-0.797714,-0.249019,0.942311,-2.305999,-0.803055,2.449839,-2.897306,0.000144,0.000019,0.141982,-0.090088,-0.174519,0.171976,0.116824,-0.153355,-0.000036,0.001012,-0.000872,-2.669127,-6.287878,0.799981,-1.942685,-1.469738,-0.622794,0.002111,-0.002629,0.002492,-0.185448,-12.933400,-4.798211,19.522186,0.702007,1.279964,-12.000000,-0.392183,0.053882,-0.185448,-12.933400,-4.798211,19.522186,0.702007,1.279964,-95.820183,-0.392183,0.053882,87.000000,87.000000,87.000000,87.000000,12.000000,12.000000,12.000000,200.000000,200.000000,0.000000,0.000000,0.000000,0.000000,0.000000,0.000000,0.000000,0.000000,0.000000
223,-1.603481,0.401191,1.761175,1.484112,-1.608292,-1.184210,-9.776414,-0.799463,-0.252493,0.944000,-2.304864,-0.807086,2.441351,-2.897306,0.000140,0.000022,0.058972,-0.121923,-0.081336,0.154296,-0.109128,-0.291367,-0.000038,0.000859,-0.000748,-0.316725,-0.968378,0.015011,-2.115045,2.361294,4.306093,-0.000995,0.002091,-0.002583,-0.531326,-9.001935,-4.659329,18.223518,0.659654,1.413154,-12.000000,-0.366321,0.030325,-0.531326,-9.001935,-4.659329,18.223518,0.659654,1.413154,-99.991997,-0.366321,0.030325,87.000000,87.000000,87.000000,87.000000,12.000000,12.000000,12.000000,200.000000,200.000000,0.000000,0.000000,0.000000,0.000000,0.000000,0.000000,0.000000,0.000000,0.000000
224,-1.673689,0.546837,1.745080,1.395327,-1.647283,-1.207065,-9.802105,-0.803432,-0.253407,0.948393,-2.305572,-0.818192,2.432993,-2.897305,0.000131,0.000030,0.013111,0.047996,-0.010813,0.073930,-0.276609,-0.267645,-0.000041,0.000750,-0.000621,1.010020,4.821138,-0.616612,-3.672333,5.696260,4.612578,-0.002528,0.012254,-0.009219,-2.823158,-3.226487,-5.879099,14.853953,0.624064,1.125513,-12.000000,-0.325072,-0.004871,-2.823158,-3.226487,-5.879099,14.853953,0.624064,1.125513,-101.019791,-0.325072,-0.004871,87.000000,87.000000,87.000000,87.000000,12.000000,12.000000,12.000000,200.000000,200.000000,0.000000,0.000000,0.000000,0.000000,0.000000,0.000000,0.000000,0.000000,0.000000
225,-1.674570,0.458680,1.749710,1.500131,-1.634417,-1.145112,-9.830297,-0.810664,-0.251525,0.954387,-2.308787,-0.822114,2.440862,-2.897306,0.000139,0.000023,-0.061915,0.085758,0.003499,0.065607,-0.094707,0.144391,-0.000035,0.000950,-0.000829,2.926478,2.065853,-2.806505,1.093049,1.109464,-3.939242,-0.003484,-0.009496,0.008684,-1.970740,-7.160842,-6.336213,19.598343,0.704062,1.387697,-12.000000,-0.388024,0.050764,-1.970740,-7.160842,-6.336213,19.598343,0.704062,1.387697,-102.147476,-0.388024,0.050764,87.000000,87.000000,87.000000,87.000000,12.000000,12.000000,12.000000,200.000000,200.000000,0.000000,0.000000,0.000000,0.000000,0.000000,0.000000,0.000000,0.000000,0.000000
226,-1.596526,0.373417,1.755946,1.551235,-1.595187,-1.107841,-9.696244,-0.809907,-0.249330,0.952142,-2.312137,-0.815503,2.453044,-2.897307,0.000146,0.000017,0.206104,0.044475,-0.259985,0.084934,0.173661,0.210166,-0.000034,0.001315,-0.001144,1.834625,-1.381837,-1.277588,2.914546,-3.799841,-6.386190,0.001962,0.006433,-0.005526,0.327232,-10.831245,-5.129274,21.962093,0.754191,1.581165,-12.000000,-0.400338,0.061205,0.327232,-10.831245,-5.129274,21.962093,0.754191,1.581165,-96.784950,-0.400338,0.061205,87.000000,87.000000,87.000000,87.000000,12.000000,12.000000,12.000000,200.000000,200.000000,0.000000,0.000000,0.000000,0.000000,0.000000,0.000000,0.000000,0.000000,0.000000
227,-1.610476,0.308878,1.773609,1.523389,-1.614297,-1.140647,-9.790282,-0.811605,-0.251536,0.952217,-2.313037,-0.815585,2.453368,-2.897306,0.000148,0.000015,0.039732,-0.158724,-0.126939,0.116779,-0.011991,-0.111630,-0.000038,0.000972,-0.000854,-1.327937,-5.625863,-0.041239,-0.543586,0.436086,-1.040050,-0.000199,-0.006476,0.005647,0.150004,-12.938838,-4.696667,20.639889,0.733021,1.402783,-12.000000,-0.403983,0.065576,0.150004,-12.938838,-4.696667,20.639889,0.733021,1.402783,-100.546646,-0.403983,0.065576,87.000000,87.000000,87.000000,87.000000,12.000000,12.000000,12.000000,200.000000,200.000000,0.000000,0.000000,0.000000,0.000000,0.000000,0.000000,0.000000,0.000000,0.000000
228,-1.554523,0.440764,1.807987,1.505865,-1.617747,-1.089797,-9.736766,-0.809781,-0.254260,0.949772,-2.314119,-0.816401,2.462415,-2.897306,0.000146,0.000016,0.238366,-0.019214,-0.211241,0.150510,-0.045802,0.178137,-0.000027,0.000854,-0.000713,2.358594,3.955902,1.789038,2.606631,-0.724326,-3.518599,-0.002365,0.002042,-0.000042,1.933969,-7.269389,-2.806878,20.114319,0.678838,1.808920,-12.000000,-0.379000,0.043480,1.933969,-7.269389,-2.806878,20.114319,0.678838,1.808920,-98.406189,-0.379000,0.043480,87.000000,87.000000,87.000000,87.000000,12.000000,12.000000,12.000000,200.000000,200.000000,0.000000,0.000000,0.000000,0.000000,0.000000,0.000000,0.000000,0.000000,0.000000
229,-1.605603,0.411947,1.761308,1.487139,-1.607361,-1.156535,-9.768878,-0.806094,-0.254631,0.949136,-2.312717,-0.815302,2.455271,-2.897306,0.000139,0.000023,0.209959,-0.019989,-0.134673,0.185151,0.067234,-0.303284,-0.000035,0.001026,-0.000898,-1.985568,-0.607035,1.721541,-0.601918,1.116449,2.940822,0.004589,0.005156,-0.006938,-0.583850,-8.652165,-4.823466,18.978828,0.825744,1.349416,-12.000000,-0.370593,0.031485,-0.583850,-8.652165,-4.823466,18.978828,0.825744,1.349416,-99.690224,-0.370593,0.031485,87.000000,87.000000,87.000000,87.000000,12.000000,12.000000,12.000000,200.000000,200.000000,0.000000,0.000000,0.000000,0.000000,0.000000,0.000000,0.000000,0.000000,0.000000
230,-1.587941,0.457756,1.734332,1.494310,-1.588680,-1.186164,-9.660026,-0.797933,-0.253215,0.945402,-2.311238,-0.809707,2.442963,-2.897306,0.000137,0.000025,0.368841,0.072490,-0.250685,0.197180,0.156200,-0.370557,-0.000028,0.001138,-0.000967,-1.903546,1.711645,1.763413,0.391728,-2.071283,6.719307,0.004632,0.001724,-0.000862,-0.939163,-7.046210,-5.301724,19.170658,0.701415,1.552010,-12.000000,-0.379953,0.042117,-0.939163,-7.046210,-5.301724,19.170658,0.701415,1.552010,-95.336113,-0.379953,0.042117,87.000000,87.000000,87.000000,87.000000,12.000000,12.000000,12.000000,200.000000,200.000000,0.000000,0.000000,0.000000,0.000000,0.000000,0.000000,0.000000,0.000000,0.000000
231,-1.667751,0.412326,1.691233,1.498443,-1.601461,-1.121289,-9.738165,-0.797858,-0.253019,0.945767,-2.310821,-0.808535,2.452206,-2.897306,0.000148,0.000015,0.076835,-0.021453,-0.128099,0.161541,-0.029477,0.198383,-0.000025,0.000879,-0.000761,-1.759306,-1.364232,-0.701698,0.275759,-2.611370,-4.368869,-0.006897,-0.008800,0.009614,-3.361793,-8.805130,-7.513219,19.391445,0.541958,1.268498,-12.000000,-0.400007,0.063271,-3.361793,-8.805130,-7.513219,19.391445,0.541958,1.268498,-98.462410,-0.400007,0.063271,87.000000,87.000000,87.000000,87.000000,12.000000,12.000000,12.000000,200.000000,200.000000,0.000000,0.000000,0.000000,0.000000,0.000000,0.000000,0.000000,0.000000,0.000000
232,-1.606170,0.456952,1.768828,1.458395,-1.639724,-1.127128,-9.723540,-0.799602,-0.252444,0.947535,-2.310036,-0.817676,2.456578,-2.897305,0.000140,0.000022,0.088269,0.041126,-0.085374,0.153804,-0.237214,0.013058,-0.000032,0.000712,-0.000578,1.073747,1.530001,0.108299,-1.357269,4.613775,-1.940647,-0.002160,0.004217,-0.001719,-0.623880,-7.067219,-4.621498,17.654226,0.718827,1.308602,-12.000000,-0.353844,0.019933,-0.623880,-7.067219,-4.621498,17.654226,0.718827,1.308602,-97.877197,-0.353844,0.019933,87.000000,87.000000,87.000000,87.000000,12.000000,12.000000,12.000000,200.000000,200.000000,0.000000,0.000000,0.000000,0.000000,0.000000,0.000000,0.000000,0.000000,0.000000
233,-1.666496,0.378168,1.734341,1.484931,-1.627007,-1.180694,-9.807201,-0.804494,-0.253400,0.952210,-2.309777,-0.820727,2.447627,-2.897306,0.000136,0.000026,-0.044672,-0.087874,-0.023288,0.121427,-0.022706,-0.343119,-0.000040,0.001078,-0.000950,-0.605986,-3.602023,-2.354068,-2.512059,3.174070,3.244207,0.003735,0.005030,-0.006368,-2.393040,-10.092663,-6.675349,18.715410,0.830817,1.119682,-12.000000,-0.368330,0.030219,-2.393040,-10.092663,-6.675349,18.715410,0.830817,1.119682,-101.223175,-0.368330,0.030219,87.000000,87.000000,87.000000,87.000000,12.000000,12.000000,12.000000,200.000000,200.000000,0.000000,0.000000,0.000000,0.000000,0.000000,0.000000,0.000000,0.000000,0.000000
234,-1.622803,0.456060,1.737310,1.511325,-1.606329,-1.163247,-9.746190,-0.804273,-0.254137,0.950667,-2.310881,-0.816773,2.443573,-2.897306,0.000139,0.000023,0.177556,0.024362,-0.227044,0.137034,0.102560,-0.149531,-0.000030,0.001125,-0.000966,1.221249,2.837383,-0.802951,1.722910,-2.150407,2.623865,0.001646,-0.000782,0.001346,-1.138247,-6.848240,-5.813398,20.058441,0.694654,1.600264,-12.000000,-0.386565,0.048545,-1.138247,-6.848240,-5.813398,20.058441,0.694654,1.600264,-98.782867,-0.386565,0.048545,87.000000,87.000000,87.000000,87.000000,12.000000,12.000000,12.000000,200.000000,200.000000,0.000000,0.000000,0.000000,0.000000,0.000000,0.000000,0.000000,0.000000,0.000000
235,-1.628038,0.389551,1.763826,1.477693,-1.597556,-1.193524,-9.801584,-0.806770,-0.254933,0.951755,-2.311276,-0.812190,2.436287,-2.897306,0.000137,0.000025,0.022443,-0.058981,-0.096311,0.114133,0.122462,-0.276587,-0.000036,0.000988,-0.000835,-0.933926,-2.075585,0.010858,-1.598389,-1.702547,2.833239,0.001909,-0.000122,0.001050,-0.870784,-9.504980,-5.129592,18.617701,0.653126,1.318025,-12.000000,-0.373127,0.035786,-0.870784,-9.504980,-5.129592,18.617701,0.653126,1.318025,-100.998604,-0.373127,0.035786,87.000000,87.000000,87.000000,87.000000,12.000000,12.000000,12.000000,200.000000,200.000000,0.000000,0.000000,0.000000,0.000000,0.000000,0.000000,0.000000,0.000000,0.000000
236,-1.615910,0.434091,1.794863,1.500087,-1.636328,-1.103469,-9.835586,-0.812451,-0.256158,0.954662,-2.312873,-0.817825,2.450487,-2.897306,0.000146,0.000018,0.003204,0.003780,-0.070272,0.122704,-0.214950,0.334345,-0.000027,0.000734,-0.000595,3.671865,2.732789,-1.042251,1.722093,0.327906,-5.903935,-0.009205,-0.007351,0.010570,0.387032,-7.517720,-4.254829,19.807573,0.548472,1.672612,-12.000000,-0.383907,0.048438,0.387032,-7.517720,-4.254829,19.807573,0.548472,1.672612,-102.359375,-0.383907,0.048438,87.000000,87.000000,87.000000,87.000000,12.000000,12.000000,12.000000,200.000000,200.000000,0.000000,0.000000,0.000000,0.000000,0.000000,0.000000,0.000000,0.000000,0.000000
237,-1.563870,0.461257,1.762021,1.532470,-1.594494,-1.136070,-9.682923,-0.805089,-0.252328,0.949122,-2.312265,-0.813955,2.452006,-2.897306,0.000140,0.000022,0.400704,0.173293,-0.320162,0.213460,0.154864,-0.083819,-0.000032,0.001238,-0.001096,0.406802,3.276924,1.855427,3.219051,-0.456637,-0.581834,0.007702,0.010753,-0.013446,0.650877,-7.155796,-4.307436,20.897324,0.910003,1.644582,-12.000000,-0.377509,0.034292,0.650877,-7.155796,-4.307436,20.897324,0.910003,1.644582,-96.251816,-0.377509,0.034292,87.000000,87.000000,87.000000,87.000000,12.000000,12.000000,12.000000,200.000000,200.000000,0.000000,0.000000,0.000000,0.000000,0.000000,0.000000,0.000000,0.000000,0.000000
238,-1.568073,0.258098,1.816512,1.523492,-1.597196,-1.124653,-9.740326,-0.807286,-0.253253,0.952505,-2.310711,-0.810257,2.455745,-2.897306,0.000146,0.000016,0.000121,-0.166452,-0.000728,0.167861,0.068556,0.002069,-0.000031,0.000965,-0.000844,-1.110242,-8.312056,0.284885,-1.876843,-2.340952,-3.017201,-0.003143,-0.007129,0.007670,1.612151,-14.966870,-3.316186,20.245876,0.614216,1.440683,-12.000000,-0.400951,0.064324,1.612151,-14.966870,-3.316186,20.245876,0.614216,1.440683,-98.548607,-0.400951,0.064324,87.000000,87.000000,87.000000,87.000000,12.000000,12.000000,12.000000,200.000000,200.000000,0.000000,0.000000,0.000000,0.000000,0.000000,0.000000,0.000000,0.000000,0.000000
239,-1.663239,0.553677,1.749052,1.425357,-1.647272,-1.214262,-9.799609,-0.806266,-0.253644,0.955126,-2.308401,-0.820285,2.439039,-2.897305,0.000135,0.000026,0.179535,0.079396,-0.076771,0.186273,-0.236664,-0.507594,-0.000040,0.000920,-0.000791,0.191211,5.464260,-0.065059,-2.528857,6.556051,9.250127,0.002407,0.016625,-0.015899,-2.666157,-2.980087,-6.052636,16.048195,0.742383,1.250567,-12.000000,-0.337459,0.003026,-2.666157,-2.980087,-6.052636,16.048195,0.742383,1.250567,-100.919632,-0.337459,0.003026,87.000000,87.000000,87.000000,87.000000,12.000000,12.000000,12.000000,200.000000,200.000000,0.000000,0.000000,0.000000,0.000000,0.000000,0.000000,0.000000,0.000000,0.000000
240,-1.714621,0.436802,1.715651,1.493868,-1.631074,-1.106017,-9.828555,-0.811565,-0.253061,0.959402,-2.309914,-0.821833,2.453572,-2.897306,0.000145,0.000017,-0.037533,0.009404,-0.053288,0.102194,-0.068658,0.346355,-0.000028,0.000853,-0.000718,1.173433,-0.129559,-3.147330,0.508926,-1.531483,-7.202643,-0.007255,-0.012289,0.013890,-3.668008,-7.835776,-7.966026,19.307158,0.589585,1.215056,-12.000000,-0.399741,0.063781,-3.668008,-7.835776,-7.966026,19.307158,0.589585,1.215056,-102.078049,-0.399741,0.063781,87.000000,87.000000,87.000000,87.000000,12.000000,12.000000,12.000000,200.000000,200.000000,0.000000,0.000000,0.000000,0.000000,0.000000,0.000000,0.000000,0.000000,0.000000
241,-1.605412,0.455219,1.743421,1.515553,-1.606232,-1.136295,-9.732824,-0.806440,-0.250153,0.954223,-2.310548,-0.818240,2.454706,-2.897306,0.000140,0.000022,0.322945,0.118863,-0.326596,0.154974,0.126146,-0.095128,-0.000040,0.001176,-0.001021,-0.105067,1.650186,0.613117,1.823738,-0.659462,-0.601594,0.005889,0.008144,-0.008798,-0.726271,-7.519281,-5.512106,20.159304,0.845688,1.448135,-12.000000,-0.378486,0.038656,-0.726271,-7.519281,-5.512106,20.159304,0.845688,1.448135,-98.247955,-0.378486,0.038656,87.000000,87.000000,87.000000,87.000000,12.000000,12.000000,12.000000,200.000000,200.000000,0.000000,0.000000,0.000000,0.000000,0.000000,0.000000,0.000000,0.000000,0.000000
242,-2.092700,4.625527,-1.018407,0.836207,0.802925,-1.996291,-4.020603,-0.716697,-0.181703,0.882160,-2.308059,-0.739999,2.369517,-2.811402,0.000188,0.000168,2.289184,2.108455,-2.204778,-0.098706,2.493948,-2.610020,2.609396,0.010365,0.002067,22.814510,7.496380,-46.072323,-19.732382,-6.788806,-41.579601,19.171213,0.320863,0.367088,-30.588667,87.000000,-87.000000,-7.658548,12.000000,-12.000000,12.000000,-0.604383,0.201850,-30.588667,149.077133,-108.504356,-7.658548,84.185715,-22.260979,117.690964,-0.604383,0.201850,87.000000,87.000000,87.000000,87.000000,12.000000,12.000000,12.000000,200.000000,200.000000,0.000000,0.000000,0.000000,0.000000,0.000000,0.000000,0.000000,0.000000,0.000000
243,-1.710810,2.083831,-1.290644,2.315040,1.043220,-1.136027,-4.131796,-0.665159,-0.104989,0.817014,-2.291902,-0.663934,2.388707,-2.724631,0.000561,0.000000,1.322386,2.316906,-2.001845,1.273542,1.299474,0.755314,2.601851,0.014304,-0.011233,12.398385,1.560073,-25.168232,40.899342,-34.551498,-6.995680,0.094385,0.225941,-0.661470,-17.763042,40.162285,-87.000000,49.884232,12.000000,4.187345,12.000000,-1.759653,-0.308384,-17.763042,40.162285,-113.315048,49.884232,90.083473,4.187345,105.049850,-1.759653,-0.308384,87.000000,87.000000,87.000000,87.000000,12.000000,12.000000,12.000000,200.000000,200.000000,0.000000,0.000000,0.000000,0.000000,0.000000,0.000000,0.000000,0.000000,0.000000
244,-1.332361,1.669829,-1.070500,1.924008,1.199352,-1.282143,-4.085804,-0.615319,-0.030223,0.747288,-2.242986,-0.592497,2.383522,-2.637699,0.000646,0.000021,1.456688,2.236585,-2.111354,1.843673,1.807702,-0.350751,2.605522,0.003359,0.001183,-1.298189,-0.496774,-1.706715,12.994415,16.847855,5.447659,0.015950,-0.249281,0.268827,-7.990420,17.694588,-87.000000,27.229469,12.000000,2.427765,12.000000,-2.020954,0.329741,-7.990420,17.694588,-97.078537,27.229469,92.249405,2.427765,99.919777,-2.020954,0.329741,87.000000,87.000000,87.000000,87.000000,12.000000,12.000000,12.000000,200.000000,200.000000,0.000000,0.000000,0.000000,0.000000,0.000000,0.000000,0.000000,0.000000,0.000000
245,-1.179967,1.391010,-0.961977,1.660839,1.176537,-1.395583,-4.092253,-0.564498,0.043029,0.675294,-2.185703,-0.513583,2.360311,-2.550710,0.000603,0.000109,1.481279,2.188578,-2.172728,1.791323,2.274683,-0.681887,2.608037,-0.000263,0.003726,-3.146546,-0.692296,-0.879693,-4.550156,12.359833,15.364661,0.013232,-0.167927,0.242721,-6.162579,0.799479,-86.762390,11.288593,12.000000,1.186779,12.000000,-1.541218,-0.037669,-6.162579,0.799479,-86.762390,11.288593,83.123260,1.186779,92.694763,-1.541218,-0.037669,87.000000,87.000000,87.000000,87.000000,12.000000,12.000000,12.000000,200.000000,200.000000,0.000000,0.000000,0.000000,0.000000,0.000000,0.000000,0.000000,0.000000,0.000000
246,-1.084829,0.939124,-0.894195,1.539784,1.099002,-1.449956,-4.119727,-0.520170,0.105779,0.602978,-2.142595,-0.427591,2.339512,-2.463771,0.000514,0.000283,1.187195,1.568009,-2.175523,1.007004,2.617912,-0.586635,2.608623,-0.001533,0.005995,-9.267882,-16.083490,-0.071897,-23.618294,1.156611,10.736267,1.030726,-0.084014,0.125334,-5.469688,-21.425789,-78.204185,4.071312,12.000000,0.109371,12.000000,-1.124241,-0.751969,-5.469688,-21.425789,-78.204185,4.071312,71.245338,0.109371,84.706360,-1.124241,-0.751969,87.000000,87.000000,87.000000,87.000000,12.000000,12.000000,12.000000,200.000000,200.000000,0.000000,0.000000,0.000000,0.000000,0.000000,0.000000,0.000000,0.000000,0.000000
247,-0.855208,0.765933,-0.657555,1.614908,1.054115,-1.385529,-4.197471,-0.483122,0.150078,0.530130,-2.126216,-0.340413,2.338790,-2.376775,0.000402,0.000439,1.044055,0.993078,-2.187861,0.238319,2.575384,-0.083683,2.608763,-0.001172,0.003614,-3.537068,-16.191711,-0.088220,-20.645473,-3.767366,-0.867422,-0.006466,0.080847,-0.146089,1.464943,-30.354380,-62.878502,7.973398,12.000000,0.757958,12.000000,-0.638868,-1.371944,1.464943,-30.354380,-62.878502,7.973398,62.302437,0.757958,74.567398,-0.638868,-1.371944,87.000000,87.000000,87.000000,87.000000,12.000000,12.000000,12.000000,200.000000,200.000000,0.000000,0.000000,0.000000,0.000000,0.000000,0.000000,0.000000,0.000000,0.000000
248,-0.430528,0.666621,-0.237524,1.771184,0.976479,-1.282333,-4.330416,-0.443762,0.180707,0.456561,-2.127446,-0.254666,2.355280,-2.289750,0.000301,0.000514,1.276864,0.692286,-2.204712,-0.054917,2.386956,0.299637,2.609372,-0.000273,0.000655,6.928517,-8.684402,0.127015,-6.037069,-5.185489,-8.799226,-0.003633,0.144732,-0.224603,15.283627,-35.532688,-40.136543,15.928342,12.000000,2.122079,12.000000,-0.390838,-1.458255,15.283627,-35.532688,-40.136543,15.928342,52.925880,2.122079,62.286514,-0.390838,-1.458255,87.000000,87.000000,87.000000,87.000000,12.000000,12.000000,12.000000,200.000000,200.000000,0.000000,0.000000,0.000000,0.000000,0.000000,0.000000,0.000000,0.000000,0.000000
249,-0.346996,0.660093,-0.187964,1.845116,0.855130,-1.262067,-4.391462,-0.395976,0.203824,0.382927,-2.132787,-0.168833,2.367646,-2.202719,0.000215,0.000530,1.534983,0.516800,-2.206836,-0.080479,2.398432,0.129169,2.609667,-0.001036,0.000674,6.905164,-5.235371,0.141177,-0.681765,-0.264144,-6.413488,0.002961,0.009778,-0.016962,14.113108,-36.970520,-32.259644,19.684328,12.000000,2.547884,12.000000,-0.390387,-1.146263,14.113108,-36.970520,-32.259644,19.684328,41.531055,2.547884,52.881729,-0.390387,-1.146263,87.000000,87.000000,87.000000,87.000000,12.000000,12.000000,12.000000,200.000000,200.000000,0.000000,0.000000,0.000000,0.000000,0.000000,0.000000,0.000000,0.000000,0.000000
250,-0.480965,0.705051,-0.364502,1.879970,0.670354,-1.192944,-4.418925,-0.343015,0.222776,0.309305,-2.139028,-0.080652,2.389153,-2.115705,0.000191,0.000502,1.607485,0.428181,-2.203382,-0.058925,2.501403,0.385786,2.608984,0.001891,-0.001373,1.849966,-2.462041,0.153465,3.321333,-1.091366,-11.007817,-0.001888,0.146841,-0.097693,4.038761,-36.284470,-33.442329,21.758118,12.000000,2.651076,12.000000,-0.301580,-1.090953,4.038761,-36.284470,-33.442329,21.758118,26.700676,2.651076,44.823528,-0.301580,-1.090953,87.000000,87.000000,87.000000,87.000000,12.000000,12.000000,12.000000,200.000000,200.000000,0.000000,0.000000,0.000000,0.000000,0.000000,0.000000,0.000000,0.000000,0.000000
251,-0.391674,0.659200,-0.325530,1.883886,0.536163,-1.167078,-4.492468,-0.287672,0.238283,0.235825,-2.143295,0.008556,2.407268,-2.028692,0.000192,0.000475,1.676162,0.297143,-2.201974,-0.031350,2.693546,0.283114,2.610224,0.000740,0.000079,1.511350,-4.010981,0.151434,1.904769,-0.019197,-9.599393,0.000901,0.026326,-0.003680,2.979491,-39.094212,-26.006763,22.121851,12.000000,2.559364,12.000000,-0.400583,-0.996467,2.979491,-39.094212,-26.006763,22.121851,13.551394,2.559364,34.916065,-0.400583,-0.996467,87.000000,87.000000,87.000000,87.000000,12.000000,12.000000,12.000000,200.000000,200.000000,0.000000,0.000000,0.000000,0.000000,0.000000,0.000000,0.000000,0.000000,0.000000
252,-0.332478,0.746735,-0.325247,1.853743,0.387409,-1.149238,-4.585889,-0.230845,0.251131,0.162549,-2.145395,0.092217,2.421318,-1.941690,0.000200,0.000452,1.689557,0.259257,-2.193819,0.057022,2.104145,0.179060,2.609818,0.000889,0.000022,-0.765073,-0.974370,0.257750,4.082243,-35.119827,-8.972391,-0.038309,0.044217,-0.036561,0.635521,-36.339855,-20.150555,20.979387,0.486788,2.454294,12.000000,-0.390985,-1.002919,0.635521,-36.339855,-20.150555,20.979387,0.486788,2.454294,24.217339,-0.390985,-1.002919,87.000000,87.000000,87.000000,87.000000,12.000000,12.000000,12.000000,200.000000,200.000000,0.000000,0.000000,0.000000,0.000000,0.000000,0.000000,0.000000,0.000000,0.000000
253,-0.157906,0.703794,-0.225554,1.835849,0.263923,-1.148780,-4.641280,-0.174632,0.262366,0.089481,-2.143950,0.113712,2.429064,-1.854704,0.000200,0.000331,1.686448,0.175666,-2.188680,0.088303,0.319581,0.079638,2.610630,-0.000493,-0.003761,0.283041,-2.986843,0.107818,-1.370344,-14.447550,-2.383397,0.009027,-0.014811,-0.200526,3.180216,-38.839985,-10.341356,19.758039,-0.292033,2.510397,12.000000,-0.391588,-0.785768,3.180216,-38.839985,-10.341356,19.758039,-0.292033,2.510397,15.043301,-0.391588,-0.785768,87.000000,87.000000,87.000000,87.000000,12.000000,12.000000,12.000000,200.000000,200.000000,0.000000,0.000000,0.000000,0.000000,0.000000,0.000000,0.000000,0.000000,0.000000
254,-0.009124,0.653741,-0.136872,1.889831,0.200383,-1.098228,-4.707385,-0.117247,0.270723,0.016559,-2.142909,0.106140,2.443727,-1.767689,0.000192,0.000190,1.743930,0.088980,-2.184364,0.100437,-0.239575,0.255395,2.610999,0.000177,-0.003721,1.448328,-2.806751,0.161819,0.851978,1.466398,-6.703811,-0.008240,0.052216,-0.054474,4.452352,-41.266171,-0.968256,21.931051,0.188279,2.642160,5.435734,-0.307547,-0.252135,4.452352,-41.266171,-0.968256,21.931051,0.188279,2.642160,5.435734,-0.307547,-0.252135,87.000000,87.000000,87.000000,87.000000,12.000000,12.000000,12.000000,200.000000,200.000000,0.000000,0.000000,0.000000,0.000000,0.000000,0.000000,0.000000,0.000000,0.000000
255,-0.017936,0.808907,-0.198699,1.789439,0.120296,-1.151536,-4.736875,-0.067924,0.277336,-0.046885,-2.140688,0.081981,2.443575,-1.699918,0.000170,0.000093,1.065147,0.062812,-1.432377,0.074863,-0.564384,-0.160151,1.466165,-0.001935,-0.001231,-29.599184,-1.099367,33.745987,-3.454308,12.102909,0.107033,-34.704205,-0.094041,0.060528,0.181846,-35.421494,1.553104,17.562599,0.403629,2.012525,-0.106583,-0.369763,-0.027518,0.181846,-35.421494,1.553104,17.562599,0.403629,2.012525,-0.106583,-0.369763,-0.027518,87.000000,87.000000,87.000000,87.000000,12.000000,12.000000,12.000000,200.000000,200.000000,0.000000,0.000000,0.000000,0.000000,0.000000,0.000000,0.000000,0.000000,0.000000
256,0.070893,0.789355,-0.177809,1.742028,0.169483,-1.181133,-4.730175,-0.038793,0.281094,-0.085683,-2.143811,0.079629,2.437028,-1.663259,0.000115,0.000080,0.609606,-0.055510,-0.829455,-0.128036,0.049901,-0.325128,0.797860,-0.001695,0.000994,-17.690655,-3.228975,22.154263,-5.485171,1.971617,1.433680,-18.567091,-0.009427,0.049073,3.294540,-36.315098,3.228176,16.341450,0.361386,1.863316,-0.057992,-0.129649,-0.170066,3.294540,-36.315098,3.228176,16.341450,0.361386,1.863316,-0.057992,-0.129649,-0.170066,87.000000,87.000000,87.000000,87.000000,12.000000,12.000000,12.000000,200.000000,200.000000,0.000000,0.000000,0.000000,0.000000,0.000000,0.000000,0.000000,0.000000,0.000000
257,0.131432,0.796839,-0.196981,1.884355,0.135445,-1.127594,-4.759644,-0.017629,0.284460,-0.112715,-2.146818,0.071869,2.439947,-1.651173,0.000069,0.000097,0.492284,0.011632,-0.602176,0.052632,-0.208169,-0.000642,0.250189,-0.001366,0.000773,-10.950214,1.578622,15.430830,5.805167,2.705165,0.082634,-6.171947,0.033174,-0.033766,4.725544,-36.188316,3.627346,22.440603,0.330636,2.842475,-0.031996,0.018148,-0.317933,4.725544,-36.188316,3.627346,22.440603,0.330636,2.842475,-0.031996,0.018148,-0.317933,87.000000,87.000000,87.000000,87.000000,12.000000,12.000000,12.000000,200.000000,200.000000,0.000000,0.000000,0.000000,0.000000,0.000000,0.000000,0.000000,0.000000,0.000000
258,0.028948,0.712230,-0.328512,1.852560,0.161233,-1.141471,-4.718928,-0.000717,0.287014,-0.133170,-2.146755,0.071677,2.440664,-1.635553,0.000066,0.000095,0.377105,-0.084727,-0.466750,0.056894,0.063485,-0.126802,0.345292,-0.000610,0.000549,-10.096277,-2.873081,11.233225,0.244879,0.566353,-0.851094,-8.016080,0.008852,0.005465,-0.372888,-39.774467,-0.595555,20.835962,0.548436,2.501307,-0.011114,-0.058710,-0.233283,-0.372888,-39.774467,-0.595555,20.835962,0.548436,2.501307,-0.011114,-0.058710,-0.233283,87.000000,87.000000,87.000000,87.000000,12.000000,12.000000,12.000000,200.000000,200.000000,0.000000,0.000000,0.000000,0.000000,0.000000,0.000000,0.000000,0.000000,0.000000
259,-0.021085,0.868716,-0.407658,1.789160,0.132628,-1.124512,-4.699156,0.011770,0.288644,-0.149955,-2.146508,0.066023,2.446019,-1.622566,0.000070,0.000089,0.266089,-0.057350,-0.408587,0.070530,-0.139338,0.031111,0.278271,-0.000448,0.000332,-8.478027,0.595410,7.767516,0.866367,2.032104,-2.020430,-6.740800,0.003572,-0.004350,-2.984374,-33.520214,-2.772525,18.279829,0.469511,2.271453,-0.008316,-0.085503,-0.224679,-2.984374,-33.520214,-2.772525,18.279829,0.469511,2.271453,-0.008316,-0.085503,-0.224679,87.000000,87.000000,87.000000,87.000000,12.000000,12.000000,12.000000,200.000000,200.000000,0.000000,0.000000,0.000000,0.000000,0.000000,0.000000,0.000000,0.000000,0.000000
260,0.054729,0.808380,-0.341059,1.757086,0.163409,-1.178809,-4.742483,0.016204,0.288875,-0.158174,-2.146960,0.069686,2.438469,-1.626162,0.000073,0.000085,0.068022,-0.150168,-0.163340,-0.017947,0.159292,-0.367261,-0.082853,-0.000750,0.000598,-3.895062,-2.517634,4.879498,-3.819978,-0.550851,2.402758,2.080503,-0.010132,0.009726,0.476645,-35.883396,-0.262440,17.001703,0.480551,2.003716,0.018127,-0.093776,-0.210826,0.476645,-35.883396,-0.262440,17.001703,0.480551,2.003716,0.018127,-0.093776,-0.210826,87.000000,87.000000,87.000000,87.000000,12.000000,12.000000,12.000000,200.000000,200.000000,0.000000,0.000000,0.000000,0.000000,0.000000,0.000000,0.000000,0.000000,0.000000
261,0.264797,0.807221,-0.158745,1.820497,0.143570,-1.115863,-4.760411,0.016211,0.287652,-0.157703,-2.149812,0.069515,2.445016,-1.632193,0.000051,0.000104,0.041701,-0.152917,0.060331,-0.003236,-0.026798,0.087279,-0.138023,-0.000821,0.000734,3.193633,0.026097,2.271636,2.365407,-1.293728,-2.490784,2.965645,0.012376,-0.009782,9.355934,-35.678856,6.243674,20.079359,0.136804,2.523923,-0.019919,-0.008655,-0.289517,9.355934,-35.678856,6.243674,20.079359,0.136804,2.523923,-0.019919,-0.008655,-0.289517,87.000000,87.000000,87.000000,87.000000,12.000000,12.000000,12.000000,200.000000,200.000000,0.000000,0.000000,0.000000,0.000000,0.000000,0.000000,0.000000,0.000000,0.000000
262,-0.100385,0.919615,-0.512689,1.788172,0.139015,-1.166850,-4.709885,0.025176,0.288483,-0.166994,-2.148115,0.064646,2.439316,-1.623701,0.000070,0.000089,0.218159,-0.049995,-0.288063,0.138048,-0.065846,-0.289822,0.188676,-0.000533,0.000417,-6.396466,2.535609,2.843215,1.853852,3.439174,3.141662,-4.345422,-0.005041,0.003577,-6.977713,-31.379887,-6.217654,18.246466,0.731794,2.254409,0.030803,-0.092322,-0.216744,-6.977713,-31.379887,-6.217654,18.246466,0.731794,2.254409,0.030803,-0.092322,-0.216744,87.000000,87.000000,87.000000,87.000000,12.000000,12.000000,12.000000,200.000000,200.000000,0.000000,0.000000,0.000000,0.000000,0.000000,0.000000,0.000000,0.000000,0.000000
263,-0.025039,0.773027,-0.444305,1.744906,0.184996,-1.170849,-4.680227,0.027781,0.288012,-0.172175,-2.149488,0.073833,2.435798,-1.612025,0.000075,0.000087,0.017214,-0.190464,-0.116906,-0.067902,0.284376,-0.221435,0.260503,-0.000447,0.000540,-3.757266,-3.690344,2.085369,-4.649436,-4.465452,0.470967,-6.002645,-0.009388,0.018477,-3.497004,-37.188190,-3.555276,16.801243,0.454146,2.043635,-0.003094,-0.113032,-0.198446,-3.497004,-37.188190,-3.555276,16.801243,0.454146,2.043635,-0.003094,-0.113032,-0.198446,87.000000,87.000000,87.000000,87.000000,12.000000,12.000000,12.000000,200.000000,200.000000,0.000000,0.000000,0.000000,0.000000,0.000000,0.000000,0.000000,0.000000,0.000000
264,0.214636,0.833885,-0.231272,1.846688,0.135939,-1.104770,-4.774329,0.025012,0.286804,-0.170306,-2.151300,0.069969,2.445486,-1.627983,0.000051,0.000108,-0.041308,-0.122039,0.075993,0.077337,-0.154461,0.164560,-0.368326,-0.000940,0.000891,3.463814,1.907219,0.406865,5.221577,0.438640,-3.261815,8.214586,0.010512,-0.007264,6.880518,-34.518852,4.204164,21.194965,0.228966,2.680711,0.001765,-0.004298,-0.304456,6.880518,-34.518852,4.204164,21.194965,0.228966,2.680711,0.001765,-0.004298,-0.304456,87.000000,87.000000,87.000000,87.000000,12.000000,12.000000,12.000000,200.000000,200.000000,0.000000,0.000000,0.000000,0.000000,0.000000,0.000000,0.000000,0.000000,0.000000
265,0.066961,0.959265,-0.372290,1.673029,0.169583,-1.214681,-4.737720,0.028251,0.286861,-0.172670,-2.150694,0.072883,2.432626,-1.628138,0.000070,0.000090,0.101499,-0.109201,-0.070007,0.000226,0.173178,-0.522314,0.004970,-0.000582,0.000379,-1.427706,0.376552,1.749625,-4.928102,0.613180,4.729925,0.194946,-0.005847,-0.000791,0.059544,-29.630905,-0.786007,13.826345,0.508536,1.578113,0.024550,-0.088385,-0.227037,0.059544,-29.630905,-0.786007,13.826345,0.508536,1.578113,0.024550,-0.088385,-0.227037,87.000000,87.000000,87.000000,87.000000,12.000000,12.000000,12.000000,200.000000,200.000000,0.000000,0.000000,0.000000,0.000000,0.000000,0.000000,0.000000,0.000000,0.000000
266,0.135373,0.815144,-0.320679,1.889492,0.163657,-1.069563,-4.750183,0.030392,0.288658,-0.172645,-2.151667,0.074868,2.449616,-1.630910,0.000047,0.000110,0.078695,-0.024411,0.009131,0.137266,0.002118,0.399160,-0.065649,-0.000544,0.000520,0.734726,2.363208,0.656486,8.085587,-3.442801,-6.369733,1.189140,0.013994,-0.009575,2.806817,-35.650185,1.004593,22.940165,0.306812,2.962824,-0.008726,-0.014913,-0.286270,2.806817,-35.650185,1.004593,22.940165,0.306812,2.962824,-0.008726,-0.014913,-0.286270,87.000000,87.000000,87.000000,87.000000,12.000000,12.000000,12.000000,200.000000,200.000000,0.000000,0.000000,0.000000,0.000000,0.000000,0.000000,0.000000,0.000000,0.000000
267,-0.108681,0.857186,-0.544919,1.756518,0.143074,-1.180753,-4.699879,0.035627,0.291187,-0.178490,-2.146850,0.068403,2.440827,-1.620581,0.000078,0.000082,0.103449,-0.062667,-0.185981,0.147829,-0.089116,-0.420966,0.226704,-0.000465,0.000327,-5.307062,-1.423983,1.359332,-3.795091,5.195961,3.588998,-5.200131,-0.011539,0.009158,-7.783788,-34.285694,-6.937161,16.531282,0.761170,1.945104,0.030715,-0.122051,-0.190969,-7.783788,-34.285694,-6.937161,16.531282,0.761170,1.945104,0.030715,-0.122051,-0.190969,87.000000,87.000000,87.000000,87.000000,12.000000,12.000000,12.000000,200.000000,200.000000,0.000000,0.000000,0.000000,0.000000,0.000000,0.000000,0.000000,0.000000,0.000000
268,0.034440,0.807923,-0.417879,1.800041,0.172222,-1.128404,-4.709633,0.035032,0.291942,-0.180344,-2.146387,0.073306,2.444396,-1.617351,0.000070,0.000089,-0.040006,-0.115739,-0.041776,0.051328,0.145755,-0.000285,0.069735,-0.000470,0.000410,-1.148122,-1.320047,0.413901,-0.383557,-3.182110,-1.741225,-1.685151,0.005446,-0.004241,-1.396819,-36.169426,-2.140370,18.685417,0.420827,2.344106,0.003196,-0.078068,-0.230338,-1.396819,-36.169426,-2.140370,18.685417,0.420827,2.344106,0.003196,-0.078068,-0.230338,87.000000,87.000000,87.000000,87.000000,12.000000,12.000000,12.000000,200.000000,200.000000,0.000000,0.000000,0.000000,0.000000,0.000000,0.000000,0.000000,0.000000,0.000000
269,0.131678,0.849365,-0.332147,1.712783,0.179090,-1.191305,-4.746941,0.033060,0.290347,-0.179982,-2.148140,0.078567,2.435655,-1.624457,0.000076,0.000083,-0.038553,-0.201853,0.019357,-0.082037,0.162682,-0.390219,-0.160688,-0.000742,0.000573,1.190582,-2.282432,0.556701,-5.401612,-1.861386,3.100523,3.808248,-0.007018,0.005174,2.781164,-34.210384,1.103695,15.404593,0.310894,1.830748,0.009851,-0.092601,-0.213307,2.781164,-34.210384,1.103695,15.404593,0.310894,1.830748,0.009851,-0.092601,-0.213307,87.000000,87.000000,87.000000,87.000000,12.000000,12.000000,12.000000,200.000000,200.000000,0.000000,0.000000,0.000000,0.000000,0.000000,0.000000,0.000000,0.000000,0.000000
270,0.116685,0.927014,-0.344031,1.819432,0.119638,-1.085859,-4.728220,0.031952,0.290326,-0.179260,-2.150991,0.067878,2.449702,-1.623752,0.000057,0.000100,0.002252,-0.049314,0.001699,0.059383,-0.317130,0.315228,0.008180,-0.000792,0.000727,1.754236,4.247509,-0.706711,6.473299,3.111570,-4.881126,-0.648504,0.005611,-0.002329,2.197875,-31.134970,0.539772,20.199514,0.327988,2.612060,-0.006241,-0.031722,-0.268149,2.197875,-31.134970,0.539772,20.199514,0.327988,2.612060,-0.006241,-0.031722,-0.268149,87.000000,87.000000,87.000000,87.000000,12.000000,12.000000,12.000000,200.000000,200.000000,0.000000,0.000000,0.000000,0.000000,0.000000,0.000000,0.000000,0.000000,0.000000
271,0.003639,0.808879,-0.433717,1.826887,0.151213,-1.127154,-4.707350,0.031583,0.292299,-0.179377,-2.148558,0.066221,2.450813,-1.618631,0.000065,0.000093,-0.018283,-0.066945,-0.014283,0.145966,0.054005,-0.158650,0.115744,-0.000522,0.000407,-0.991340,-0.593084,-0.284581,1.103125,2.511898,-1.435803,-2.515071,0.002627,-0.004506,-2.399717,-36.247585,-2.966690,19.767733,0.728627,2.305695,0.026957,-0.068830,-0.239113,-2.399717,-36.247585,-2.966690,19.767733,0.728627,2.305695,0.026957,-0.068830,-0.239113,87.000000,87.000000,87.000000,87.000000,12.000000,12.000000,12.000000,200.000000,200.000000,0.000000,0.000000,0.000000,0.000000,0.000000,0.000000,0.000000,0.000000,0.000000
272,0.142357,0.820308,-0.328978,1.807817,0.174832,-1.136469,-4.741876,0.031822,0.293302,-0.179476,-2.145820,0.073370,2.448673,-1.623962,0.000062,0.000095,0.029155,-0.104241,0.005000,0.124692,0.206715,-0.183090,-0.119559,-0.000656,0.000540,0.853109,-1.087137,0.958887,-0.536887,-3.385857,0.972834,2.836794,0.000235,-0.000070,3.109223,-35.799484,1.249192,18.748354,0.349555,2.314360,0.007527,-0.059884,-0.243098,3.109223,-35.799484,1.249192,18.748354,0.349555,2.314360,0.007527,-0.059884,-0.243098,87.000000,87.000000,87.000000,87.000000,12.000000,12.000000,12.000000,200.000000,200.000000,0.000000,0.000000,0.000000,0.000000,0.000000,0.000000,0.000000,0.000000,0.000000
273,0.159111,0.788616,-0.309885,1.728821,0.181578,-1.178444,-4.731027,0.032706,0.290935,-0.177744,-2.146763,0.079574,2.439994,-1.624156,0.000069,0.000089,0.053004,-0.253090,0.062601,-0.079496,0.177992,-0.362494,-0.004182,-0.000646,0.000520,1.430055,-4.030660,0.819512,-6.512936,-2.937890,3.257587,0.100528,-0.007887,0.006997,3.677669,-36.650505,1.713360,15.865347,0.226283,1.936714,-0.008233,-0.086239,-0.218863,3.677669,-36.650505,1.713360,15.865347,0.226283,1.936714,-0.008233,-0.086239,-0.218863,87.000000,87.000000,87.000000,87.000000,12.000000,12.000000,12.000000,200.000000,200.000000,0.000000,0.000000,0.000000,0.000000,0.000000,0.000000,0.000000,0.000000,0.000000
274,0.045359,0.853486,-0.411642,1.864995,0.150078,-1.087854,-4.737655,0.035554,0.288683,-0.177760,-2.148662,0.074654,2.450551,-1.625888,0.000056,0.000101,0.092523,-0.130600,-0.023755,0.101127,-0.162112,0.214313,-0.045517,-0.000692,0.000645,-0.470057,3.322928,-0.482171,7.192513,0.675338,-3.270325,0.719783,0.004109,-0.000470,-1.309586,-33.780861,-2.204876,21.765760,0.454823,2.821383,0.009604,-0.039880,-0.261344,-1.309586,-33.780861,-2.204876,21.765760,0.454823,2.821383,0.009604,-0.039880,-0.261344,87.000000,87.000000,87.000000,87.000000,12.000000,12.000000,12.000000,200.000000,200.000000,0.000000,0.000000,0.000000,0.000000,0.000000,0.000000,0.000000,0.000000,0.000000
275,-0.028108,0.895676,-0.445449,1.740292,0.165333,-1.174464,-4.697456,0.035052,0.288132,-0.175905,-2.146139,0.073671,2.442924,-1.617373,0.000072,0.000087,-0.036451,-0.133325,0.046434,0.090023,0.067359,-0.381981,0.190231,-0.000508,0.000388,-1.130438,0.021050,-1.024369,-2.843161,2.423753,2.523433,-4.267576,-0.004709,0.002366,-3.908266,-32.231892,-3.915831,16.032728,0.658171,1.864171,0.022459,-0.096598,-0.214457,-3.908266,-32.231892,-3.915831,16.032728,0.658171,1.864171,0.022459,-0.096598,-0.214457,87.000000,87.000000,87.000000,87.000000,12.000000,12.000000,12.000000,200.000000,200.000000,0.000000,0.000000,0.000000,0.000000,0.000000,0.000000,0.000000,0.000000,0.000000
276,-0.053011,0.870740,-0.456815,1.760428,0.150421,-1.172699,-4.709386,0.032069,0.287545,-0.174245,-2.145814,0.071135,2.436515,-1.615604,0.000076,0.000083,-0.091599,-0.133084,0.010941,0.033098,-0.052198,-0.259519,0.032162,-0.000558,0.000429,-0.268812,0.055697,-2.399836,-1.830034,1.039598,3.522171,-0.870877,0.000887,-0.001508,-4.466719,-33.181446,-4.490498,17.019794,0.489526,2.192590,0.019544,-0.091531,-0.214781,-4.466719,-33.181446,-4.490498,17.019794,0.489526,2.192590,0.019544,-0.091531,-0.214781,87.000000,87.000000,87.000000,87.000000,12.000000,12.000000,12.000000,200.000000,200.000000,0.000000,0.000000,0.000000,0.000000,0.000000,0.000000,0.000000,0.000000,0.000000
277,0.122379,0.893295,-0.328109,1.775972,0.157270,-1.146087,-4.701335,0.030600,0.287747,-0.174617,-2.147081,0.071811,2.438995,-1.612754,0.000066,0.000091,-0.013742,-0.089690,-0.018536,0.025338,0.041694,-0.042119,0.062215,-0.000689,0.000590,1.188715,1.281885,0.224992,0.962319,-0.779406,-1.071124,-1.510877,0.005602,-0.003944,2.543263,-32.340900,0.914043,17.923122,0.356429,2.217391,-0.002867,-0.057335,-0.244237,2.543263,-32.340900,0.914043,17.923122,0.356429,2.217391,-0.002867,-0.057335,-0.244237,87.000000,87.000000,87.000000,87.000000,12.000000,12.000000,12.000000,200.000000,200.000000,0.000000,0.000000,0.000000,0.000000,0.000000,0.000000,0.000000,0.000000,0.000000
278,0.015862,0.873017,-0.401454,1.751571,0.148385,-1.167232,-4.694510,0.028571,0.288459,-0.174185,-2.148185,0.069659,2.436739,-1.609641,0.000073,0.000085,-0.059023,-0.098190,-0.000637,-0.005999,-0.025006,-0.197583,0.064675,-0.000603,0.000486,-0.029049,-0.195987,-0.793260,-1.703734,1.379412,0.737847,-1.572701,-0.004174,0.003618,-1.505897,-33.270733,-2.157617,16.967260,0.476218,2.064708,0.010732,-0.090672,-0.215031,-1.505897,-33.270733,-2.157617,16.967260,0.476218,2.064708,0.010732,-0.090672,-0.215031,87.000000,87.000000,87.000000,87.000000,12.000000,12.000000,12.000000,200.000000,200.000000,0.000000,0.000000,0.000000,0.000000,0.000000,0.000000,0.000000,0.000000,0.000000
279,0.112844,0.788826,-0.336881,1.841789,0.129783,-1.108190,-4.692418,0.027809,0.289032,-0.174809,-2.149853,0.064594,2.445600,-1.607461,0.000061,0.000096,0.005491,-0.101500,-0.025982,0.043589,-0.125813,0.130941,0.043186,-0.000704,0.000597,1.095302,-0.170984,0.255373,3.005822,1.530436,-3.666360,-1.222757,0.006496,-0.005958,2.328952,-36.672806,0.599406,20.846308,0.406693,2.599064,-0.002931,-0.044308,-0.257130,2.328952,-36.672806,0.599406,20.846308,0.406693,2.599064,-0.002931,-0.044308,-0.257130,87.000000,87.000000,87.000000,87.000000,12.000000,12.000000,12.000000,200.000000,200.000000,0.000000,0.000000,0.000000,0.000000,0.000000,0.000000,0.000000,0.000000,0.000000
280,0.099614,0.902834,-0.346785,1.741922,0.141890,-1.166070,-4.697690,0.028550,0.289749,-0.175628,-2.149532,0.064026,2.441561,-1.607648,0.000068,0.000090,0.030937,-0.090133,-0.014321,0.039695,0.049970,-0.274369,-0.005202,-0.000665,0.000536,-0.036438,0.326921,1.168551,-1.670523,1.458252,1.127062,0.225384,-0.003325,0.002972,1.605944,-32.172138,0.292584,16.570511,0.478161,1.946615,0.014586,-0.076191,-0.227415,1.605944,-32.172138,0.292584,16.570511,0.478161,1.946615,0.014586,-0.076191,-0.227415,87.000000,87.000000,87.000000,87.000000,12.000000,12.000000,12.000000,200.000000,200.000000,0.000000,0.000000,0.000000,0.000000,0.000000,0.000000,0.000000,0.000000,0.000000
281,0.118529,0.810658,-0.333234,1.820719,0.153652,-1.129525,-4.740591,0.029392,0.290472,-0.174997,-2.150043,0.067257,2.443956,-1.617949,0.000061,0.000096,0.042592,-0.099028,0.023404,0.059774,0.086041,-0.041765,-0.230540,-0.000623,0.000554,0.790651,-0.253276,0.515963,1.710919,-2.161207,-0.759691,5.309749,0.004905,-0.002662,2.311573,-35.925800,0.645806,19.902449,0.377095,2.499893,0.015557,-0.051279,-0.250992,2.311573,-35.925800,0.645806,19.902449,0.377095,2.499893,0.015557,-0.051279,-0.250992,87.000000,87.000000,87.000000,87.000000,12.000000,12.000000,12.000000,200.000000,200.000000,0.000000,0.000000,0.000000,0.000000,0.000000,0.000000,0.000000,0.000000,0.000000
282,0.020850,0.759538,-0.413052,1.846740,0.153435,-1.106189,-4.725496,0.030613,0.290401,-0.174704,-2.149174,0.068058,2.450417,-1.619878,0.000063,0.000095,0.036126,-0.137408,-0.006466,0.105743,0.033221,0.043069,-0.042077,-0.000509,0.000419,-0.612325,-1.177841,-0.440535,1.973438,-0.741192,-2.900054,0.891074,-0.002361,0.000709,-1.754955,-37.914974,-2.546345,20.766848,0.526615,2.566249,0.016865,-0.074362,-0.234263,-1.754955,-37.914974,-2.546345,20.766848,0.526615,2.566249,0.016865,-0.074362,-0.234263,87.000000,87.000000,87.000000,87.000000,12.000000,12.000000,12.000000,200.000000,200.000000,0.000000,0.000000,0.000000,0.000000,0.000000,0.000000,0.000000,0.000000,0.000000
283,-0.090027,0.943038,-0.503203,1.672032,0.133261,-1.201312,-4.679945,0.031580,0.289522,-0.177222,-2.148067,0.063469,2.437861,-1.610007,0.000085,0.000075,-0.004586,-0.148495,-0.094087,-0.003334,-0.056809,-0.484539,0.216161,-0.000551,0.000452,-3.031716,-0.302736,-0.278127,-6.050138,3.615988,5.279476,-5.008226,-0.012589,0.014283,-6.297426,-30.426567,-5.706871,13.522099,0.585298,1.630198,0.021264,-0.132770,-0.175852,-6.297426,-30.426567,-5.706871,13.522099,0.585298,1.630198,0.021264,-0.132770,-0.175852,87.000000,87.000000,87.000000,87.000000,12.000000,12.000000,12.000000,200.000000,200.000000,0.000000,0.000000,0.000000,0.000000,0.000000,0.000000,0.000000,0.000000,0.000000
284,0.150401,0.800355,-0.304730,1.886184,0.169581,-1.087196,-4.705058,0.029231,0.289448,-0.176161,-2.149439,0.070480,2.449063,-1.610671,0.000056,0.000101,-0.043731,-0.091214,0.038980,0.109584,0.178810,0.222254,-0.016305,-0.000659,0.000625,1.987862,1.746556,-0.029674,6.995321,-4.846461,-4.460665,0.267006,0.022006,-0.019151,3.895905,-36.162342,1.808445,22.641497,0.353975,2.875399,-0.006567,-0.013047,-0.291670,3.895905,-36.162342,1.808445,22.641497,0.353975,2.875399,-0.006567,-0.013047,-0.291670,87.000000,87.000000,87.000000,87.000000,12.000000,12.000000,12.000000,200.000000,200.000000,0.000000,0.000000,0.000000,0.000000,0.000000,0.000000,0.000000,0.000000,0.000000
285,0.203880,0.814380,-0.256197,1.790264,0.139784,-1.128994,-4.728852,0.028428,0.289386,-0.173664,-2.146832,0.068264,2.450814,-1.616586,0.000061,0.000097,0.025256,-0.143757,0.081331,0.107988,-0.045353,-0.118439,-0.137321,-0.000741,0.000612,2.916880,-1.600759,0.615030,-1.692762,1.447015,-1.103893,3.093391,-0.006747,0.005252,5.970229,-35.648067,3.471720,18.104982,0.299509,2.149467,-0.000459,-0.063302,-0.243838,5.970229,-35.648067,3.471720,18.104982,0.299509,2.149467,-0.000459,-0.063302,-0.243838,87.000000,87.000000,87.000000,87.000000,12.000000,12.000000,12.000000,200.000000,200.000000,0.000000,0.000000,0.000000,0.000000,0.000000,0.000000,0.000000,0.000000,0.000000
286,0.000905,0.974321,-0.405075,1.639872,0.147857,-1.203606,-4.733934,0.028972,0.288208,-0.171476,-2.147518,0.067693,2.438168,-1.621156,0.000081,0.000079,0.016726,-0.154764,0.047109,-0.075698,0.040792,-0.478201,-0.101108,-0.000404,0.000289,-0.377842,-0.112289,-0.869582,-7.075879,1.306064,5.039842,2.459903,-0.005829,0.004834,-2.356967,-29.043379,-2.651824,12.324982,0.439101,1.484250,0.029704,-0.122451,-0.188288,-2.356967,-29.043379,-2.651824,12.324982,0.439101,1.484250,0.029704,-0.122451,-0.188288,87.000000,87.000000,87.000000,87.000000,12.000000,12.000000,12.000000,200.000000,200.000000,0.000000,0.000000,0.000000,0.000000,0.000000,0.000000,0.000000,0.000000,0.000000
287,-0.077331,0.835737,-0.494827,1.886656,0.149155,-1.104223,-4.708107,0.031004,0.289166,-0.173863,-2.149207,0.066673,2.444927,-1.617473,0.000067,0.000090,0.039987,-0.035833,-0.107237,0.118068,-0.029867,0.121276,0.080897,-0.000636,0.000532,-2.653708,3.191568,-0.906578,7.891007,-0.790522,-1.586404,-2.068137,0.006901,-0.006327,-5.837435,-34.789772,-5.645648,22.670040,0.625944,2.959875,0.021640,-0.061856,-0.241670,-5.837435,-34.789772,-5.645648,22.670040,0.625944,2.959875,0.021640,-0.061856,-0.241670,87.000000,87.000000,87.000000,87.000000,12.000000,12.000000,12.000000,200.000000,200.000000,0.000000,0.000000,0.000000,0.000000,0.000000,0.000000,0.000000,0.000000,0.000000
288,0.042843,0.795621,-0.380991,1.743874,0.162311,-1.166982,-4.670893,0.029089,0.289530,-0.173773,-2.148861,0.069840,2.440991,-1.606490,0.000076,0.000084,-0.063963,-0.159893,0.010930,-0.012946,0.144391,-0.278416,0.243221,-0.000626,0.000601,-0.154848,-3.352723,0.056037,-4.908854,-0.528406,0.429842,-5.596561,-0.010810,0.015151,-0.464245,-36.467613,-1.351829,16.549667,0.466230,1.926164,-0.003397,-0.106657,-0.201047,-0.464245,-36.467613,-1.351829,16.549667,0.466230,1.926164,-0.003397,-0.106657,-0.201047,87.000000,87.000000,87.000000,87.000000,12.000000,12.000000,12.000000,200.000000,200.000000,0.000000,0.000000,0.000000,0.000000,0.000000,0.000000,0.000000,0.000000,0.000000
289,0.131823,0.916681,-0.308504,1.751992,0.154577,-1.180457,-4.748444,0.027480,0.289071,-0.173038,-2.150357,0.071259,2.434022,-1.619064,0.000070,0.000089,-0.017988,-0.106146,0.020930,0.007370,0.035808,-0.290975,-0.287176,-0.000753,0.000620,1.617528,1.534219,0.216600,-0.131257,-0.760692,3.761329,6.631905,0.013197,-0.012476,3.205062,-31.452448,1.467638,17.212898,0.308422,2.176452,0.017479,-0.047950,-0.256629,3.205062,-31.452448,1.467638,17.212898,0.308422,2.176452,0.017479,-0.047950,-0.256629,87.000000,87.000000,87.000000,87.000000,12.000000,12.000000,12.000000,200.000000,200.000000,0.000000,0.000000,0.000000,0.000000,0.000000,0.000000,0.000000,0.000000,0.000000
290,0.033294,0.809708,-0.409548,1.828292,0.143761,-1.114831,-4.728756,0.029137,0.289733,-0.175409,-2.151905,0.068321,2.442521,-1.621246,0.000064,0.000094,0.054606,-0.091356,-0.087614,0.047187,-0.078141,0.135400,-0.047779,-0.000608,0.000503,-0.967331,0.312776,0.288724,3.125465,0.245739,-3.283124,0.932382,-0.002693,0.001271,-1.206492,-35.892540,-2.094418,20.468246,0.466698,2.591423,0.013083,-0.070877,-0.235921,-1.206492,-35.892540,-2.094418,20.468246,0.466698,2.591423,0.013083,-0.070877,-0.235921,87.000000,87.000000,87.000000,87.000000,12.000000,12.000000,12.000000,200.000000,200.000000,0.000000,0.000000,0.000000,0.000000,0.000000,0.000000,0.000000,0.000000,0.000000
291,-0.025577,0.883766,-0.461865,1.813476,0.149339,-1.142087,-4.727916,0.030407,0.291869,-0.179156,-2.149084,0.066747,2.443185,-1.622194,0.000069,0.000089,0.007633,-0.025547,-0.111561,0.180805,0.012284,-0.135165,-0.021714,-0.000606,0.000481,-2.709664,1.680510,0.797820,2.583267,1.730950,-0.237184,0.560121,0.000506,-0.000547,-3.641002,-33.197964,-3.789792,19.265129,0.671202,2.329885,0.032264,-0.075586,-0.228150,-3.641002,-33.197964,-3.789792,19.265129,0.671202,2.329885,0.032264,-0.075586,-0.228150,87.000000,87.000000,87.000000,87.000000,12.000000,12.000000,12.000000,200.000000,200.000000,0.000000,0.000000,0.000000,0.000000,0.000000,0.000000,0.000000,0.000000,0.000000
292,0.233449,0.874090,-0.228099,1.697874,0.176016,-1.169498,-4.739787,0.027616,0.292961,-0.176313,-2.148841,0.074913,2.440285,-1.625278,0.000066,0.000091,-0.042751,-0.125894,0.116934,-0.037077,0.245124,-0.223797,-0.066862,-0.000647,0.000549,3.351328,-2.519317,0.995413,-5.947561,-3.804314,0.103590,1.626405,-0.003717,0.003903,7.419783,-33.645935,4.739224,14.713620,0.150313,1.721586,-0.013653,-0.074338,-0.230078,7.419783,-33.645935,4.739224,14.713620,0.150313,1.721586,-0.013653,-0.074338,-0.230078,87.000000,87.000000,87.000000,87.000000,12.000000,12.000000,12.000000,200.000000,200.000000,0.000000,0.000000,0.000000,0.000000,0.000000,0.000000,0.000000,0.000000,0.000000
293,0.105654,0.795132,-0.352380,1.795451,0.140595,-1.131396,-4.757252,0.029599,0.292044,-0.176007,-2.152168,0.070796,2.443158,-1.631073,0.000065,0.000093,0.092480,-0.162927,-0.010450,-0.049087,-0.133586,-0.023366,-0.135382,-0.000689,0.000618,0.844629,-1.172342,0.144796,0.182579,0.875468,-0.763470,2.893313,0.000445,0.002897,1.654004,-36.554367,0.025553,19.264957,0.324028,2.442010,0.005330,-0.062089,-0.239941,1.654004,-36.554367,0.025553,19.264957,0.324028,2.442010,0.005330,-0.062089,-0.239941,87.000000,87.000000,87.000000,87.000000,12.000000,12.000000,12.000000,200.000000,200.000000,0.000000,0.000000,0.000000,0.000000,0.000000,0.000000,0.000000,0.000000,0.000000
294,-0.034085,0.871809,-0.468128,1.780046,0.180318,-1.177275,-4.719497,0.032689,0.291263,-0.177746,-2.153486,0.074861,2.435705,-1.625423,0.000070,0.000089,0.061837,-0.122524,-0.057573,0.033909,0.183460,-0.344837,0.130498,-0.000669,0.000558,-2.843560,1.166806,0.427003,1.250162,-0.649933,2.994148,-2.842125,-0.005216,0.004689,-4.315139,-33.398773,-4.318792,18.595388,0.676439,2.260798,0.026524,-0.083214,-0.224596,-4.315139,-33.398773,-4.318792,18.595388,0.676439,2.260798,0.026524,-0.083214,-0.224596,87.000000,87.000000,87.000000,87.000000,12.000000,12.000000,12.000000,200.000000,200.000000,0.000000,0.000000,0.000000,0.000000,0.000000,0.000000,0.000000,0.000000,0.000000
295,0.042794,0.764561,-0.393953,1.822518,0.172287,-1.113130,-4.725752,0.031608,0.290273,-0.176481,-2.155136,0.077500,2.443716,-1.623660,0.000063,0.000095,-0.029748,-0.164871,0.027932,0.024910,0.044464,0.122060,0.033582,-0.000462,0.000392,0.401534,-1.101288,-0.988956,1.996879,-2.729761,-3.319576,-1.023993,0.007392,-0.007754,-0.725819,-37.625900,-1.760485,20.491533,0.376628,2.596348,-0.003265,-0.061397,-0.246542,-0.725819,-37.625900,-1.760485,20.491533,0.376628,2.596348,-0.003265,-0.061397,-0.246542,87.000000,87.000000,87.000000,87.000000,12.000000,12.000000,12.000000,200.000000,200.000000,0.000000,0.000000,0.000000,0.000000,0.000000,0.000000,0.000000,0.000000,0.000000
296,0.125266,0.821587,-0.321155,1.860777,0.140184,-1.099364,-4.757162,0.030104,0.289859,-0.174332,-2.152304,0.071038,2.451805,-1.630215,0.000055,0.000102,-0.011870,-0.105545,0.055088,0.215374,-0.156758,0.077857,-0.152675,-0.000838,0.000776,1.993844,1.473353,-0.482531,4.914266,3.163623,-3.051359,3.386398,-0.000852,0.005318,2.737958,-35.322224,0.934270,21.456022,0.484814,2.625921,0.014918,-0.036930,-0.263783,2.737958,-35.322224,0.934270,21.456022,0.484814,2.625921,0.014918,-0.036930,-0.263783,87.000000,87.000000,87.000000,87.000000,12.000000,12.000000,12.000000,200.000000,200.000000,0.000000,0.000000,0.000000,0.000000,0.000000,0.000000,0.000000,0.000000,0.000000
297,-0.011078,0.915263,-0.430022,1.748725,0.159760,-1.149052,-4.724962,0.030405,0.290656,-0.174240,-2.146733,0.070862,2.448807,-1.626228,0.000069,0.000090,0.005020,-0.084846,-0.017876,0.190446,0.069068,-0.233817,0.091757,-0.000412,0.000282,-1.065013,0.524669,-0.585508,-1.987842,1.250946,0.963732,-2.005966,-0.001281,-0.002903,-2.958380,-31.749409,-3.239750,16.199850,0.584094,1.930991,0.023351,-0.090793,-0.222175,-2.958380,-31.749409,-3.239750,16.199850,0.584094,1.930991,0.023351,-0.090793,-0.222175,87.000000,87.000000,87.000000,87.000000,12.000000,12.000000,12.000000,200.000000,200.000000,0.000000,0.000000,0.000000,0.000000,0.000000,0.000000,0.000000,0.000000,0.000000
298,0.016415,1.029316,-0.407766,1.600800,0.183352,-1.250314,-4.731368,0.030538,0.291428,-0.175357,-2.145478,0.077802,2.427666,-1.625493,0.000085,0.000076,-0.007970,-0.096917,-0.033334,-0.053426,0.236235,-0.697079,0.015878,-0.000694,0.000600,-1.334017,-0.125594,0.465315,-9.478193,-2.057373,8.949064,-0.180800,-0.017028,0.020492,-1.851499,-27.255802,-2.157514,10.403242,0.341613,1.259602,0.016094,-0.129564,-0.176484,-1.851499,-27.255802,-2.157514,10.403242,0.341613,1.259602,0.016094,-0.129564,-0.176484,87.000000,87.000000,87.000000,87.000000,12.000000,12.000000,12.000000,200.000000,200.000000,0.000000,0.000000,0.000000,0.000000,0.000000,0.000000,0.000000,0.000000,0.000000
299,0.162072,0.742779,-0.305633,1.931323,0.160040,-1.048985,-4.717968,0.030257,0.292799,-0.175070,-2.149230,0.077224,2.449736,-1.621781,0.000050,0.000107,0.031209,-0.057720,0.000610,0.062345,-0.090843,0.564046,0.076311,-0.000577,0.000552,2.132241,1.098313,-0.132855,9.047380,-3.261548,-8.412348,-2.287025,0.030161,-0.028787,4.093346,-38.858826,1.776305,24.673220,0.225623,3.226465,-0.029474,0.007421,-0.313945,4.093346,-38.858826,1.776305,24.673220,0.225623,3.226465,-0.029474,0.007421,-0.313945,87.000000,87.000000,87.000000,87.000000,12.000000,12.000000,12.000000,200.000000,200.000000,0.000000,0.000000,0.000000,0.000000,0.000000,0.000000,0.000000,0.000000,0.000000
300,0.159404,0.785038,-0.293854,1.785717,0.156117,-1.165321,-4.736415,0.030663,0.292976,-0.172982,-2.146957,0.074067,2.444276,-1.624280,0.000066,0.000093,0.035049,-0.158960,0.081560,0.076772,-0.000198,-0.369071,-0.059255,-0.000713,0.000546,1.428090,-2.952742,1.140443,-3.427405,3.812223,1.121628,1.525920,-0.006508,0.003783,3.899259,-37.145126,1.943287,17.919220,0.515948,2.002451,0.014882,-0.073352,-0.234136,3.899259,-37.145126,1.943287,17.919220,0.515948,2.002451,0.014882,-0.073352,-0.234136,87.000000,87.000000,87.000000,87.000000,12.000000,12.000000,12.000000,200.000000,200.000000,0.000000,0.000000,0.000000,0.000000,0.000000,0.000000,0.000000,0.000000,0.000000
301,-0.150467,0.873075,-0.570598,1.747719,0.155527,-1.196543,-4.685661,0.034937,0.291553,-0.177311,-2.146777,0.071350,2.432089,-1.613775,0.000081,0.000079,0.083762,-0.163163,-0.168021,0.014857,-0.025386,-0.414190,0.232495,-0.000520,0.000435,-4.799934,-0.222289,-0.343018,-2.691620,1.708535,6.140763,-5.418748,-0.011214,0.013395,-9.315871,-33.343044,-8.206556,16.589725,0.649159,2.151746,0.026950,-0.124719,-0.182776,-9.315871,-33.343044,-8.206556,16.589725,0.649159,2.151746,0.026950,-0.124719,-0.182776,87.000000,87.000000,87.000000,87.000000,12.000000,12.000000,12.000000,200.000000,200.000000,0.000000,0.000000,0.000000,0.000000,0.000000,0.000000,0.000000,0.000000,0.000000
302,0.084826,0.899272,-0.352321,1.785800,0.187962,-1.130015,-4.712841,0.032228,0.291008,-0.176059,-2.149199,0.079000,2.439387,-1.614512,0.000065,0.000094,-0.082744,-0.101198,0.049594,0.016617,0.202113,0.098842,-0.018423,-0.000526,0.000481,0.844827,2.080174,-0.451944,2.975555,-4.763842,-3.378571,0.350454,0.010872,-0.010142,1.069484,-32.285248,-0.152633,18.625517,0.352851,2.323807,-0.000306,-0.055619,-0.253236,1.069484,-32.285248,-0.152633,18.625517,0.352851,2.323807,-0.000306,-0.055619,-0.253236,87.000000,87.000000,87.000000,87.000000,12.000000,12.000000,12.000000,200.000000,200.000000,0.000000,0.000000,0.000000,0.000000,0.000000,0.000000,0.000000,0.000000,0.000000
303,0.079697,0.756760,-0.365939,1.835779,0.138770,-1.105081,-4.710235,0.030467,0.290680,-0.175658,-2.149470,0.071976,2.448697,-1.614224,0.000065,0.000093,-0.023146,-0.151643,-0.010862,0.061296,-0.193697,0.111052,-0.001747,-0.000713,0.000581,1.219931,-1.611438,-0.708534,1.208358,2.772608,-4.076444,-0.245592,-0.004363,0.003235,0.873955,-38.035351,-0.590201,20.426746,0.425698,2.501363,0.000942,-0.067841,-0.237595,0.873955,-38.035351,-0.590201,20.426746,0.425698,2.501363,0.000942,-0.067841,-0.237595,87.000000,87.000000,87.000000,87.000000,12.000000,12.000000,12.000000,200.000000,200.000000,0.000000,0.000000,0.000000,0.000000,0.000000,0.000000,0.000000,0.000000,0.000000
304,0.008057,0.886520,-0.408465,1.761989,0.129512,-1.172120,-4.728135,0.028251,0.289831,-0.175218,-2.147481,0.064442,2.441326,-1.618507,0.000073,0.000085,-0.066324,-0.135908,0.001139,0.094213,-0.121726,-0.352600,-0.098404,-0.000656,0.000545,-0.126033,0.413313,-0.696540,-1.546382,5.254661,3.181153,2.372708,0.001844,0.000927,-1.779372,-32.703987,-2.353394,17.071594,0.623236,2.049000,0.037060,-0.079095,-0.223234,-1.779372,-32.703987,-2.353394,17.071594,0.623236,2.049000,0.037060,-0.079095,-0.223234,87.000000,87.000000,87.000000,87.000000,12.000000,12.000000,12.000000,200.000000,200.000000,0.000000,0.000000,0.000000,0.000000,0.000000,0.000000,0.000000,0.000000,0.000000
305,0.173361,0.953969,-0.262584,1.735016,0.169827,-1.161776,-4.733203,0.025424,0.290148,-0.172177,-2.147656,0.071363,2.439238,-1.621922,0.000063,0.000094,-0.040427,-0.078120,0.094054,0.035607,0.220500,-0.164387,-0.071371,-0.000670,0.000570,2.926622,1.882989,-0.142546,-0.435945,-3.413033,0.706153,1.761014,0.002918,-0.002275,5.164431,-30.102003,3.021432,16.224859,0.273398,1.994662,0.001072,-0.056027,-0.246875,5.164431,-30.102003,3.021432,16.224859,0.273398,1.994662,0.001072,-0.056027,-0.246875,87.000000,87.000000,87.000000,87.000000,12.000000,12.000000,12.000000,200.000000,200.000000,0.000000,0.000000,0.000000,0.000000,0.000000,0.000000,0.000000,0.000000,0.000000
306,-0.061337,0.862032,-0.486063,1.743167,0.174693,-1.192042,-4.699931,0.028401,0.291008,-0.175907,-2.148827,0.075380,2.430962,-1.615837,0.000077,0.000083,0.071978,-0.104310,-0.140630,-0.025346,0.123487,-0.341484,0.134592,-0.000598,0.000518,-3.094657,-0.860365,0.276892,-2.761458,-1.784720,3.779477,-3.137017,-0.011945,0.013746,-5.099395,-33.934853,-4.975193,16.674412,0.495966,2.091134,0.013576,-0.111223,-0.195758,-5.099395,-33.934853,-4.975193,16.674412,0.495966,2.091134,0.013576,-0.111223,-0.195758,87.000000,87.000000,87.000000,87.000000,12.000000,12.000000,12.000000,200.000000,200.000000,0.000000,0.000000,0.000000,0.000000,0.000000,0.000000,0.000000,0.000000,0.000000
307,0.158284,0.704717,-0.308314,1.923162,0.157132,-1.066654,-4.740678,0.028391,0.291139,-0.176487,-2.150750,0.074636,2.448982,-1.622122,0.000050,0.000107,0.018461,-0.120142,0.000696,0.092253,-0.062765,0.399464,-0.146900,-0.000742,0.000708,1.380907,-0.476978,0.887548,6.982208,-1.759884,-7.336052,3.075737,0.012978,-0.010176,4.078825,-40.172192,1.844352,24.271427,0.334177,3.070869,-0.006559,-0.009466,-0.294227,4.078825,-40.172192,1.844352,24.271427,0.334177,3.070869,-0.006559,-0.009466,-0.294227,87.000000,87.000000,87.000000,87.000000,12.000000,12.000000,12.000000,200.000000,200.000000,0.000000,0.000000,0.000000,0.000000,0.000000,0.000000,0.000000,0.000000,0.000000
308,0.081254,0.844479,-0.378884,1.732902,0.143577,-1.165752,-4.695928,0.030975,0.289847,-0.178581,-2.149047,0.069653,2.444511,-1.614934,0.000069,0.000090,0.079815,-0.187859,-0.054209,0.039612,-0.052655,-0.316090,0.159162,-0.000585,0.000411,-0.971559,-2.012637,1.693719,-4.464389,4.082756,0.884605,-3.633180,-0.006214,0.000970,0.494962,-34.386940,-0.619732,16.012318,0.520406,1.816707,0.007389,-0.087984,-0.224392,0.494962,-34.386940,-0.619732,16.012318,0.520406,1.816707,0.007389,-0.087984,-0.224392,87.000000,87.000000,87.000000,87.000000,12.000000,12.000000,12.000000,200.000000,200.000000,0.000000,0.000000,0.000000,0.000000,0.000000,0.000000,0.000000,0.000000,0.000000
309,0.104147,0.857301,-0.337155,1.797271,0.133568,-1.129546,-4.732718,0.030200,0.288000,-0.175956,-2.149350,0.065564,2.446147,-1.619815,0.000061,0.000097,-0.008567,-0.156769,0.082408,0.063652,-0.094411,-0.051882,-0.115193,-0.000651,0.000573,1.459074,0.989470,-0.432617,1.511046,1.490868,-0.207691,2.526563,0.005323,-0.001682,1.844011,-33.637833,0.356620,18.886942,0.397219,2.383374,0.011583,-0.049279,-0.250945,1.844011,-33.637833,0.356620,18.886942,0.397219,2.383374,0.011583,-0.049279,-0.250945,87.000000,87.000000,87.000000,87.000000,12.000000,12.000000,12.000000,200.000000,200.000000,0.000000,0.000000,0.000000,0.000000,0.000000,0.000000,0.000000,0.000000,0.000000
310,-0.099888,0.939444,-0.539672,1.771424,0.167139,-1.165986,-4.707729,0.034630,0.288578,-0.181096,-2.147081,0.068916,2.440511,-1.616772,0.000073,0.000086,0.095749,-0.056243,-0.182569,0.143338,0.150955,-0.284525,0.071805,-0.000516,0.000403,-4.640166,2.654843,0.538724,1.279372,-0.636076,2.701632,-1.497086,-0.006340,0.004968,-7.291378,-30.571207,-6.577660,17.446594,0.708621,2.153247,0.038960,-0.101696,-0.207746,-7.291378,-30.571207,-6.577660,17.446594,0.708621,2.153247,0.038960,-0.101696,-0.207746,87.000000,87.000000,87.000000,87.000000,12.000000,12.000000,12.000000,200.000000,200.000000,0.000000,0.000000,0.000000,0.000000,0.000000,0.000000,0.000000,0.000000,0.000000
311,0.183977,0.905421,-0.275237,1.764096,0.179057,-1.130017,-4.738782,0.031713,0.290714,-0.178300,-2.145895,0.076775,2.445406,-1.622182,0.000062,0.000096,-0.067609,-0.043309,0.112942,0.078982,0.195173,0.019793,-0.122505,-0.000569,0.000494,2.583729,0.620087,0.244259,-0.246037,-4.645103,-2.352949,2.751184,0.007115,-0.006860,5.134479,-32.254223,2.981715,17.142189,0.199387,2.109125,-0.008759,-0.053048,-0.252939,5.134479,-32.254223,2.981715,17.142189,0.199387,2.109125,-0.008759,-0.053048,-0.252939,87.000000,87.000000,87.000000,87.000000,12.000000,12.000000,12.000000,200.000000,200.000000,0.000000,0.000000,0.000000,0.000000,0.000000,0.000000,0.000000,0.000000,0.000000
312,0.170246,0.754326,-0.291420,1.768941,0.156394,-1.152611,-4.692807,0.031240,0.290481,-0.175052,-2.146954,0.075436,2.443319,-1.614074,0.000068,0.000090,0.037730,-0.189391,0.086088,-0.053312,-0.016775,-0.201036,0.177158,-0.000698,0.000562,2.704906,-4.125929,-0.136815,-4.686631,0.651122,0.285064,-4.255539,-0.005367,0.004953,4.355936,-38.161114,2.117058,17.519442,0.270312,2.105553,-0.020895,-0.075819,-0.228001,4.355936,-38.161114,2.117058,17.519442,0.270312,2.105553,-0.020895,-0.075819,-0.228001,87.000000,87.000000,87.000000,87.000000,12.000000,12.000000,12.000000,200.000000,200.000000,0.000000,0.000000,0.000000,0.000000,0.000000,0.000000,0.000000,0.000000,0.000000
313,-0.048526,0.907456,-0.494670,1.808986,0.145435,-1.135674,-4.706197,0.035994,0.290258,-0.178361,-2.147997,0.070147,2.443840,-1.613181,0.000069,0.000089,0.120093,-0.074093,-0.126047,0.080478,-0.119817,-0.085879,0.013255,-0.000630,0.000521,-3.255704,3.036570,0.265742,3.826952,2.331164,0.733808,-0.430169,0.000768,0.000599,-5.331664,-31.915426,-5.163059,19.335358,0.621282,2.465971,0.029054,-0.074334,-0.228162,-5.331664,-31.915426,-5.163059,19.335358,0.621282,2.465971,0.029054,-0.074334,-0.228162,87.000000,87.000000,87.000000,87.000000,12.000000,12.000000,12.000000,200.000000,200.000000,0.000000,0.000000,0.000000,0.000000,0.000000,0.000000,0.000000,0.000000,0.000000
314,-0.091935,0.858373,-0.526679,1.785601,0.143910,-1.165081,-4.682983,0.037020,0.291685,-0.181806,-2.146341,0.066257,2.438969,-1.607281,0.000077,0.000082,-0.021305,-0.074828,-0.107332,0.092554,-0.041424,-0.258768,0.129096,-0.000547,0.000446,-3.685262,-0.062240,0.036334,-0.715336,2.753808,2.258615,-2.990869,-0.001868,0.002843,-6.804241,-34.168098,-6.223253,17.976154,0.695368,2.221144,0.029911,-0.099742,-0.205851,-6.804241,-34.168098,-6.223253,17.976154,0.695368,2.221144,0.029911,-0.099742,-0.205851,87.000000,87.000000,87.000000,87.000000,12.000000,12.000000,12.000000,200.000000,200.000000,0.000000,0.000000,0.000000,0.000000,0.000000,0.000000,0.000000,0.000000,0.000000
315,0.252367,0.851609,-0.217394,1.787687,0.175621,-1.143944,-4.742825,0.032097,0.292533,-0.177345,-2.146551,0.074267,2.440863,-1.618172,0.000060,0.000096,-0.096501,-0.098679,0.157492,0.039101,0.225756,-0.072030,-0.242648,-0.000725,0.000634,4.459565,-0.387550,-0.005035,-0.139864,-4.144718,-1.270120,5.683838,0.008692,-0.007985,8.023606,-34.461437,5.085732,18.251534,0.214448,2.218710,-0.001813,-0.037953,-0.264825,8.023606,-34.461437,5.085732,18.251534,0.214448,2.218710,-0.001813,-0.037953,-0.264825,87.000000,87.000000,87.000000,87.000000,12.000000,12.000000,12.000000,200.000000,200.000000,0.000000,0.000000,0.000000,0.000000,0.000000,0.000000,0.000000,0.000000,0.000000
316,0.123039,0.734013,-0.328037,1.866578,0.129584,-1.082732,-4.750435,0.031067,0.292252,-0.174044,-2.146653,0.067728,2.453304,-1.625776,0.000055,0.000103,0.023069,-0.151195,0.063816,0.080042,-0.201666,0.220525,-0.174233,-0.000723,0.000726,2.693949,-1.673719,-1.421622,2.328013,1.807585,-5.089353,3.727247,-0.008132,0.012825,2.522201,-39.075428,0.554772,21.447220,0.360186,2.681753,0.005627,-0.055381,-0.250229,2.522201,-39.075428,0.554772,21.447220,0.360186,2.681753,0.005627,-0.055381,-0.250229,87.000000,87.000000,87.000000,87.000000,12.000000,12.000000,12.000000,200.000000,200.000000,0.000000,0.000000,0.000000,0.000000,0.000000,0.000000,0.000000,0.000000,0.000000
317,-0.111634,0.997642,-0.517624,1.607211,0.142966,-1.236588,-4.673545,0.033001,0.290718,-0.175864,-2.147097,0.064542,2.434036,-1.611712,0.000087,0.000077,0.022039,-0.170632,-0.078713,-0.095269,0.040221,-0.703234,0.315932,-0.000534,0.000466,-3.531092,-0.399771,-0.337762,-9.113225,4.295023,7.235552,-7.087553,-0.017118,0.017987,-7.374078,-28.284945,-6.437237,10.922265,0.679502,1.211260,0.029113,-0.143279,-0.174941,-7.374078,-28.284945,-6.437237,10.922265,0.679502,1.211260,0.029113,-0.143279,-0.174941,87.000000,87.000000,87.000000,87.000000,12.000000,12.000000,12.000000,200.000000,200.000000,0.000000,0.000000,0.000000,0.000000,0.000000,0.000000,0.000000,0.000000,0.000000
318,-0.023448,0.885286,-0.452947,1.891683,0.128084,-1.081891,-4.709166,0.031620,0.292219,-0.177671,-2.149670,0.061038,2.446851,-1.612563,0.000058,0.000100,-0.054377,0.008375,-0.076371,0.123129,-0.131695,0.317308,-0.028744,-0.000621,0.000474,-1.080692,4.999695,-1.183585,10.212201,-0.657844,-3.701822,0.300396,0.025539,-0.030896,-3.393386,-33.065651,-3.760796,23.028091,0.504760,3.063639,0.014514,-0.013653,-0.298823,-3.393386,-33.065651,-3.760796,23.028091,0.504760,3.063639,0.014514,-0.013653,-0.298823,87.000000,87.000000,87.000000,87.000000,12.000000,12.000000,12.000000,200.000000,200.000000,0.000000,0.000000,0.000000,0.000000,0.000000,0.000000,0.000000,0.000000,0.000000
319,0.083584,0.789137,-0.360132,1.759165,0.166699,-1.167027,-4.687566,0.028730,0.293973,-0.178136,-2.148269,0.067424,2.442368,-1.607964,0.000070,0.000090,-0.077808,-0.123116,-0.005129,0.025405,0.252720,-0.324878,0.106106,-0.000645,0.000582,0.418453,-3.632342,0.501469,-4.592660,-1.325760,0.230200,-2.224617,-0.013460,0.017286,1.263862,-37.195225,-0.100454,17.031855,0.506661,1.920899,0.007940,-0.096687,-0.208872,1.263862,-37.195225,-0.100454,17.031855,0.506661,1.920899,0.007940,-0.096687,-0.208872,87.000000,87.000000,87.000000,87.000000,12.000000,12.000000,12.000000,200.000000,200.000000,0.000000,0.000000,0.000000,0.000000,0.000000,0.000000,0.000000,0.000000,0.000000
320,0.095646,0.827547,-0.348262,1.800308,0.117637,-1.133536,-4.718483,0.026029,0.293627,-0.177959,-2.149189,0.061671,2.443674,-1.612687,0.000063,0.000095,-0.050330,-0.133529,-0.008277,0.027035,-0.180404,-0.048222,-0.115640,-0.000704,0.000567,1.626884,-0.381863,-0.485014,0.384864,1.674135,0.410342,2.378497,0.007721,-0.008727,1.961033,-35.417355,0.308367,19.030066,0.304648,2.450048,0.002724,-0.046473,-0.259250,1.961033,-35.417355,0.308367,19.030066,0.304648,2.450048,0.002724,-0.046473,-0.259250,87.000000,87.000000,87.000000,87.000000,12.000000,12.000000,12.000000,200.000000,200.000000,0.000000,0.000000,0.000000,0.000000,0.000000,0.000000,0.000000,0.000000,0.000000
321,0.075202,0.865632,-0.352575,1.819303,0.154664,-1.129086,-4.704783,0.023554,0.293943,-0.176577,-2.148557,0.064924,2.446161,-1.612196,0.000059,0.000098,-0.053730,-0.085813,0.033503,0.115237,0.143507,-0.073037,0.014992,-0.000576,0.000485,1.150037,1.407361,-0.524970,2.988201,-1.025095,-1.424527,-0.242653,0.004388,-0.003454,1.321653,-33.943867,-0.086212,19.654198,0.524958,2.379986,0.014195,-0.052217,-0.251203,1.321653,-33.943867,-0.086212,19.654198,0.524958,2.379986,0.014195,-0.052217,-0.251203,87.000000,87.000000,87.000000,87.000000,12.000000,12.000000,12.000000,200.000000,200.000000,0.000000,0.000000,0.000000,0.000000,0.000000,0.000000,0.000000,0.000000,0.000000
322,0.033821,0.859844,-0.384391,1.826680,0.154088,-1.112989,-4.711839,0.021850,0.295669,-0.175790,-2.145253,0.067517,2.450955,-1.613492,0.000061,0.000096,-0.034721,-0.051923,0.002877,0.184107,0.071539,0.005258,-0.031729,-0.000496,0.000405,0.568096,0.832721,-0.886488,2.241557,-1.570468,-1.784130,0.644900,-0.000300,-0.000258,-0.279415,-34.436306,-1.362780,19.458977,0.446416,2.415186,0.010464,-0.069278,-0.237160,-0.279415,-34.436306,-1.362780,19.458977,0.446416,2.415186,0.010464,-0.069278,-0.237160,87.000000,87.000000,87.000000,87.000000,12.000000,12.000000,12.000000,200.000000,200.000000,0.000000,0.000000,0.000000,0.000000,0.000000,0.000000,0.000000,0.000000,0.000000
323,0.113024,0.793164,-0.312457,1.698295,0.158125,-1.202554,-4.699821,0.020229,0.294182,-0.173910,-2.144639,0.070528,2.437520,-1.611233,0.000076,0.000083,-0.020959,-0.248900,0.062259,-0.080235,0.130526,-0.520528,0.049314,-0.000690,0.000555,1.661422,-5.386891,0.333339,-9.777705,-0.363605,4.859222,-1.052757,-0.014246,0.014069,3.042041,-36.816559,1.277846,14.291134,0.290755,1.677186,-0.002643,-0.107202,-0.198704,3.042041,-36.816559,1.277846,14.291134,0.290755,1.677186,-0.002643,-0.107202,-0.198704,87.000000,87.000000,87.000000,87.000000,12.000000,12.000000,12.000000,200.000000,200.000000,0.000000,0.000000,0.000000,0.000000,0.000000,0.000000,0.000000,0.000000,0.000000
324,0.054796,0.825023,-0.372336,1.843841,0.150142,-1.116968,-4.750225,0.021353,0.290912,-0.173950,-2.148447,0.070154,2.442868,-1.622104,0.000060,0.000098,0.053952,-0.187663,-0.021640,0.004970,-0.043085,0.081839,-0.246937,-0.000700,0.000659,0.401696,1.710643,-0.366099,4.819999,-1.502234,-1.189090,5.523169,0.009175,-0.004615,0.356262,-35.037678,-0.936072,21.023365,0.378530,2.742499,0.017895,-0.038601,-0.262907,0.356262,-35.037678,-0.936072,21.023365,0.378530,2.742499,0.017895,-0.038601,-0.262907,87.000000,87.000000,87.000000,87.000000,12.000000,12.000000,12.000000,200.000000,200.000000,0.000000,0.000000,0.000000,0.000000,0.000000,0.000000,0.000000,0.000000,0.000000
325,0.110635,0.918022,-0.332735,1.730010,0.149055,-1.157210,-4.701924,0.024058,0.289089,-0.174803,-2.149824,0.069006,2.442083,-1.616384,0.000065,0.000093,0.090984,-0.157052,-0.011280,-0.006901,0.024358,-0.176267,0.129527,-0.000616,0.000473,-0.120134,0.935751,1.608874,-1.158385,1.198354,-0.351162,-2.995530,-0.000358,-0.002675,2.242416,-31.298727,0.804469,16.270700,0.417437,1.916282,-0.000676,-0.068990,-0.239383,2.242416,-31.298727,0.804469,16.270700,0.417437,1.916282,-0.000676,-0.068990,-0.239383,87.000000,87.000000,87.000000,87.000000,12.000000,12.000000,12.000000,200.000000,200.000000,0.000000,0.000000,0.000000,0.000000,0.000000,0.000000,0.000000,0.000000,0.000000
326,-0.061247,0.924292,-0.492242,1.830797,0.149757,-1.134210,-4.705824,0.028406,0.290558,-0.178805,-2.148215,0.067523,2.443119,-1.614331,0.000065,0.000092,0.094424,-0.008598,-0.131250,0.186341,-0.018286,-0.074358,0.041104,-0.000587,0.000473,-3.653007,3.960155,0.706633,5.440580,0.675809,0.633987,-1.034517,0.003383,-0.002259,-5.190134,-31.387333,-4.988892,20.035912,0.640804,2.544935,0.027283,-0.066050,-0.235751,-5.190134,-31.387333,-4.988892,20.035912,0.640804,2.544935,0.027283,-0.066050,-0.235751,87.000000,87.000000,87.000000,87.000000,12.000000,12.000000,12.000000,200.000000,200.000000,0.000000,0.000000,0.000000,0.000000,0.000000,0.000000,0.000000,0.000000,0.000000
327,0.061352,0.807132,-0.395524,1.773613,0.166670,-1.140144,-4.718582,0.029817,0.292419,-0.181049,-2.146134,0.071717,2.444869,-1.616228,0.000070,0.000088,0.027797,-0.102867,-0.047771,0.064267,0.137793,-0.095211,-0.042582,-0.000493,0.000403,-1.193340,-2.619877,1.388254,-3.025465,-2.031975,-1.476005,1.004591,-0.004476,0.003961,-0.085364,-36.347813,-1.119503,17.423183,0.415858,2.098466,0.009695,-0.092057,-0.214789,-0.085364,-36.347813,-1.119503,17.423183,0.415858,2.098466,0.009695,-0.092057,-0.214789,87.000000,87.000000,87.000000,87.000000,12.000000,12.000000,12.000000,200.000000,200.000000,0.000000,0.000000,0.000000,0.000000,0.000000,0.000000,0.000000,0.000000,0.000000
328,0.038105,0.768632,-0.423407,1.832541,0.155529,-1.115553,-4.730458,0.030809,0.291949,-0.183272,-2.145781,0.071473,2.449220,-1.620047,0.000068,0.000089,0.025222,-0.156060,-0.070001,0.068795,-0.007345,-0.006062,-0.088391,-0.000641,0.000533,-1.020496,-1.605914,0.530613,0.567545,-0.395838,-1.813143,1.921589,-0.000599,0.000873,-1.075604,-37.650169,-2.049304,19.945360,0.463197,2.480827,0.014349,-0.073855,-0.230160,-1.075604,-37.650169,-2.049304,19.945360,0.463197,2.480827,0.014349,-0.073855,-0.230160,87.000000,87.000000,87.000000,87.000000,12.000000,12.000000,12.000000,200.000000,200.000000,0.000000,0.000000,0.000000,0.000000,0.000000,0.000000,0.000000,0.000000,0.000000
329,0.205469,0.874659,-0.255838,1.699919,0.167684,-1.193461,-4.729825,0.028384,0.289121,-0.179457,-2.147050,0.074933,2.438402,-1.621816,0.000070,0.000087,-0.035929,-0.232224,0.139692,-0.074701,0.147774,-0.448943,-0.038521,-0.000785,0.000642,3.105194,-1.821191,0.584333,-5.878721,-0.514657,3.770186,1.017183,-0.002136,0.002425,6.206308,-32.993649,3.797755,14.755732,0.266633,1.717623,-0.002799,-0.070636,-0.231087,6.206308,-32.993649,3.797755,14.755732,0.266633,1.717623,-0.002799,-0.070636,-0.231087,87.000000,87.000000,87.000000,87.000000,12.000000,12.000000,12.000000,200.000000,200.000000,0.000000,0.000000,0.000000,0.000000,0.000000,0.000000,0.000000,0.000000,0.000000
330,-0.031937,0.940722,-0.471253,1.779707,0.143187,-1.134242,-4.703210,0.030840,0.287849,-0.180760,-2.150235,0.070332,2.441260,-1.616526,0.000068,0.000089,0.076274,-0.093253,-0.082998,0.011635,-0.134563,0.013340,0.112528,-0.000571,0.000470,-1.564128,3.818134,-0.920049,3.846461,0.892832,0.001551,-2.883933,0.001873,-0.002069,-4.041761,-30.296978,-4.217900,18.526350,0.468309,2.430208,0.009939,-0.074145,-0.230291,-4.041761,-30.296978,-4.217900,18.526350,0.468309,2.430208,0.009939,-0.074145,-0.230291,87.000000,87.000000,87.000000,87.000000,12.000000,12.000000,12.000000,200.000000,200.000000,0.000000,0.000000,0.000000,0.000000,0.000000,0.000000,0.000000,0.000000,0.000000
331,0.156879,0.757133,-0.306433,1.879669,0.134391,-1.089881,-4.701478,0.030194,0.288453,-0.178497,-2.149813,0.065517,2.451963,-1.613211,0.000055,0.000101,0.004209,-0.102552,0.082471,0.130771,-0.093660,0.149961,0.068825,-0.000717,0.000634,1.976291,-0.276241,0.287189,4.394752,2.155730,-4.897165,-1.754876,0.007871,-0.005938,3.948901,-37.897125,1.829803,22.205967,0.471692,2.696573,-0.004051,-0.028906,-0.270850,3.948901,-37.897125,1.829803,22.205967,0.471692,2.696573,-0.004051,-0.028906,-0.270850,87.000000,87.000000,87.000000,87.000000,12.000000,12.000000,12.000000,200.000000,200.000000,0.000000,0.000000,0.000000,0.000000,0.000000,0.000000,0.000000,0.000000,0.000000
332,-0.028606,0.937517,-0.452526,1.653248,0.162796,-1.231647,-4.706535,0.031425,0.288074,-0.178253,-2.148269,0.068769,2.433029,-1.612853,0.000082,0.000078,0.023599,-0.147751,-0.009124,-0.015874,0.176762,-0.688103,0.008411,-0.000552,0.000431,-1.741470,-1.184811,-0.251727,-7.937838,0.799740,7.420821,0.097287,-0.016403,0.015243,-3.830080,-30.584347,-3.822130,12.712465,0.568676,1.460080,0.034304,-0.131993,-0.178662,-3.830080,-30.584347,-3.822130,12.712465,0.568676,1.460080,0.034304,-0.131993,-0.178662,87.000000,87.000000,87.000000,87.000000,12.000000,12.000000,12.000000,200.000000,200.000000,0.000000,0.000000,0.000000,0.000000,0.000000,0.000000,0.000000,0.000000,0.000000
333,0.189859,0.931996,-0.268492,1.785785,0.176344,-1.146050,-4.750412,0.030737,0.288931,-0.174918,-2.151135,0.076246,2.435208,-1.622942,0.000058,0.000098,0.019205,-0.039582,0.104817,0.017237,0.161357,0.008432,-0.225858,-0.000693,0.000603,2.793020,3.250429,-0.104527,3.791444,-5.338361,0.097557,5.111071,0.018265,-0.017203,5.232853,-30.907944,2.977573,18.823494,0.178917,2.461238,-0.002045,-0.020946,-0.281515,5.232853,-30.907944,2.977573,18.823494,0.178917,2.461238,-0.002045,-0.020946,-0.281515,87.000000,87.000000,87.000000,87.000000,12.000000,12.000000,12.000000,200.000000,200.000000,0.000000,0.000000,0.000000,0.000000,0.000000,0.000000,0.000000,0.000000,0.000000
334,-0.061139,0.815674,-0.490331,1.837133,0.142073,-1.122713,-4.716971,0.033406,0.291994,-0.176143,-2.150286,0.070002,2.442003,-1.620469,0.000067,0.000091,0.066949,-0.019685,-0.074865,0.120898,-0.160065,0.060221,0.051722,-0.000517,0.000406,-2.275090,0.249793,-0.863276,2.825579,2.567994,-2.453820,-1.415400,-0.006833,0.004447,-5.432540,-36.029041,-5.366827,20.479984,0.616502,2.560520,0.021525,-0.089584,-0.219505,-5.432540,-36.029041,-5.366827,20.479984,0.616502,2.560520,0.021525,-0.089584,-0.219505,87.000000,87.000000,87.000000,87.000000,12.000000,12.000000,12.000000,200.000000,200.000000,0.000000,0.000000,0.000000,0.000000,0.000000,0.000000,0.000000,0.000000,0.000000
335,0.086344,0.839306,-0.365577,1.745463,0.185503,-1.174415,-4.707654,0.034111,0.293733,-0.176253,-2.149518,0.076763,2.437624,-1.616880,0.000071,0.000088,0.016289,-0.099494,0.013201,0.019183,0.249638,-0.287368,0.082900,-0.000645,0.000559,-0.452990,-2.116703,0.983316,-3.573234,-2.134529,0.667366,-1.731273,-0.006740,0.008812,0.643545,-35.145809,-0.490512,16.658089,0.470995,1.934473,0.007686,-0.088753,-0.215732,0.643545,-35.145809,-0.490512,16.658089,0.470995,1.934473,0.007686,-0.088753,-0.215732,87.000000,87.000000,87.000000,87.000000,12.000000,12.000000,12.000000,200.000000,200.000000,0.000000,0.000000,0.000000,0.000000,0.000000,0.000000,0.000000,0.000000,0.000000
336,0.099447,0.678245,-0.345515,1.903859,0.142836,-1.102999,-4.713405,0.032594,0.293020,-0.173341,-2.149642,0.071963,2.445099,-1.616169,0.000058,0.000099,-0.017207,-0.173309,0.070987,0.096441,-0.157901,0.116030,0.006103,-0.000731,0.000628,1.984262,-2.202296,-1.258272,3.462187,0.933364,-2.344839,-0.504395,0.009548,-0.008653,1.519688,-41.338066,-0.206115,23.199348,0.385852,2.963638,-0.006187,-0.031003,-0.270971,1.519688,-41.338066,-0.206115,23.199348,0.385852,2.963638,-0.006187,-0.031003,-0.270971,87.000000,87.000000,87.000000,87.000000,12.000000,12.000000,12.000000,200.000000,200.000000,0.000000,0.000000,0.000000,0.000000,0.000000,0.000000,0.000000,0.000000,0.000000
337,-0.096347,0.874626,-0.522684,1.721171,0.127787,-1.163697,-4.670271,0.034963,0.290672,-0.176989,-2.148887,0.063675,2.442164,-1.605802,0.000080,0.000080,0.044502,-0.202275,-0.142706,0.016223,-0.147758,-0.233603,0.227453,-0.000398,0.000278,-3.428888,-0.916307,-0.269513,-3.809675,4.946785,0.789475,-5.305423,-0.008425,0.005776,-6.970989,-33.145741,-6.378389,15.629826,0.665425,1.868336,0.024468,-0.124675,-0.187650,-6.970989,-33.145741,-6.378389,15.629826,0.665425,1.868336,0.024468,-0.124675,-0.187650,87.000000,87.000000,87.000000,87.000000,12.000000,12.000000,12.000000,200.000000,200.000000,0.000000,0.000000,0.000000,0.000000,0.000000,0.000000,0.000000,0.000000,0.000000
338,0.054368,0.966998,-0.386848,1.802265,0.155718,-1.109660,-4.733770,0.033060,0.290762,-0.177952,-2.148366,0.066651,2.449637,-1.615393,0.000065,0.000093,-0.066362,-0.039625,-0.021849,0.150539,0.097549,0.089324,-0.215952,-0.000650,0.000576,-0.285205,4.701352,-0.032145,5.553000,-1.800263,-2.973616,5.015784,0.007407,-0.005440,-0.321961,-29.570467,-1.169811,19.008806,0.499299,2.364212,0.028262,-0.054041,-0.249423,-0.321961,-29.570467,-1.169811,19.008806,0.499299,2.364212,0.028262,-0.054041,-0.249423,87.000000,87.000000,87.000000,87.000000,12.000000,12.000000,12.000000,200.000000,200.000000,0.000000,0.000000,0.000000,0.000000,0.000000,0.000000,0.000000,0.000000,0.000000
339,0.001102,0.799550,-0.440528,1.799719,0.149845,-1.122602,-4.712825,0.031336,0.292187,-0.180196,-2.145396,0.066959,2.451918,-1.615509,0.000073,0.000085,-0.053927,-0.105334,-0.084503,0.115906,0.034619,-0.089104,-0.002147,-0.000535,0.000418,-0.968233,-1.986627,-0.271081,-1.621173,0.118639,-1.368562,0.019688,-0.004239,0.002748,-2.383714,-36.589378,-2.987329,18.351658,0.519606,2.225133,0.017751,-0.095921,-0.212233,-2.383714,-36.589378,-2.987329,18.351658,0.519606,2.225133,0.017751,-0.095921,-0.212233,87.000000,87.000000,87.000000,87.000000,12.000000,12.000000,12.000000,200.000000,200.000000,0.000000,0.000000,0.000000,0.000000,0.000000,0.000000,0.000000,0.000000,0.000000
340,0.142178,0.791715,-0.292078,1.786337,0.145986,-1.158125,-4.748026,0.025286,0.290809,-0.176703,-2.143996,0.067275,2.445248,-1.623765,0.000070,0.000088,-0.145528,-0.198318,0.110975,0.045072,0.040847,-0.314932,-0.186743,-0.000773,0.000641,3.302586,-2.470637,-0.841916,-3.286974,0.504456,2.751569,4.358943,0.002785,-0.001447,4.225973,-36.573021,2.122984,17.797487,0.347878,2.172687,0.012024,-0.063457,-0.237277,4.225973,-36.573021,2.122984,17.797487,0.347878,2.172687,0.012024,-0.063457,-0.237277,87.000000,87.000000,87.000000,87.000000,12.000000,12.000000,12.000000,200.000000,200.000000,0.000000,0.000000,0.000000,0.000000,0.000000,0.000000,0.000000,0.000000,0.000000
341,0.113662,0.920530,-0.312386,1.706299,0.164833,-1.204235,-4.750215,0.022546,0.288033,-0.174169,-2.145843,0.071845,2.432572,-1.628734,0.000072,0.000086,-0.035829,-0.197208,0.056133,-0.063965,0.156840,-0.450582,-0.107665,-0.000727,0.000597,2.311098,0.216037,-0.715574,-3.930489,-1.750672,5.597848,2.614715,-0.003027,0.003159,2.961548,-31.048990,1.254675,14.996250,0.300847,1.867654,0.011398,-0.079602,-0.223346,2.961548,-31.048990,1.254675,14.996250,0.300847,1.867654,0.011398,-0.079602,-0.223346,87.000000,87.000000,87.000000,87.000000,12.000000,12.000000,12.000000,200.000000,200.000000,0.000000,0.000000,0.000000,0.000000,0.000000,0.000000,0.000000,0.000000,0.000000
342,0.106238,0.980407,-0.338062,1.740028,0.163093,-1.146012,-4.729908,0.024474,0.287691,-0.175088,-2.150321,0.074296,2.436792,-1.626448,0.000063,0.000094,0.083539,-0.066412,-0.037218,-0.049342,0.048112,0.036145,0.050002,-0.000606,0.000519,0.379957,3.783617,0.683528,2.556766,-2.648877,-1.338566,-1.344630,0.003941,-0.003915,2.084426,-28.771038,0.627113,17.034443,0.260935,2.178366,-0.008477,-0.058942,-0.245094,2.084426,-28.771038,0.627113,17.034443,0.260935,2.178366,-0.008477,-0.058942,-0.245094,87.000000,87.000000,87.000000,87.000000,12.000000,12.000000,12.000000,200.000000,200.000000,0.000000,0.000000,0.000000,0.000000,0.000000,0.000000,0.000000,0.000000,0.000000
343,0.166313,0.868856,-0.269901,1.774583,0.158788,-1.138340,-4.753811,0.024507,0.289604,-0.171557,-2.153052,0.074209,2.441385,-1.630842,0.000060,0.000097,0.029451,-0.051122,0.122251,-0.013528,0.014298,-0.026141,-0.101849,-0.000651,0.000562,2.324779,0.532099,0.373228,1.062874,0.029514,-2.567867,2.279818,0.002568,-0.001295,4.734219,-33.611710,2.634597,18.456194,0.344568,2.203691,0.000387,-0.050925,-0.251090,4.734219,-33.611710,2.634597,18.456194,0.344568,2.203691,0.000387,-0.050925,-0.251090,87.000000,87.000000,87.000000,87.000000,12.000000,12.000000,12.000000,200.000000,200.000000,0.000000,0.000000,0.000000,0.000000,0.000000,0.000000,0.000000,0.000000,0.000000
344,0.064278,0.777990,-0.384084,1.866524,0.147162,-1.112647,-4.719806,0.029556,0.292116,-0.172294,-2.152725,0.070224,2.446723,-1.625205,0.000059,0.000098,0.162754,-0.040756,-0.036809,0.124364,-0.079364,0.020305,0.123426,-0.000661,0.000538,-0.952473,-0.010493,0.832857,4.120452,1.728823,-1.922392,-2.995896,0.000293,-0.001457,-0.287058,-37.504189,-1.430514,21.916283,0.543392,2.720309,0.005470,-0.052885,-0.250986,-0.287058,-37.504189,-1.430514,21.916283,0.543392,2.720309,0.005470,-0.052885,-0.250986,87.000000,87.000000,87.000000,87.000000,12.000000,12.000000,12.000000,200.000000,200.000000,0.000000,0.000000,0.000000,0.000000,0.000000,0.000000,0.000000,0.000000,0.000000
345,-0.161547,0.749809,-0.576152,1.787516,0.132406,-1.172713,-4.656292,0.034194,0.292555,-0.176405,-2.150421,0.063258,2.438749,-1.607183,0.000081,0.000079,0.073159,-0.160451,-0.138979,0.065542,-0.112020,-0.353398,0.395423,-0.000417,0.000369,-5.334644,-3.547172,0.164859,-3.706321,4.508150,3.456800,-9.239758,-0.008313,0.011658,-9.705726,-38.550056,-8.545339,18.281200,0.764985,2.252091,0.019949,-0.125869,-0.182771,-9.705726,-38.550056,-8.545339,18.281200,0.764985,2.252091,0.019949,-0.125869,-0.182771,87.000000,87.000000,87.000000,87.000000,12.000000,12.000000,12.000000,200.000000,200.000000,0.000000,0.000000,0.000000,0.000000,0.000000,0.000000,0.000000,0.000000,0.000000
346,0.008447,0.850016,-0.408009,1.810645,0.123914,-1.138246,-4.724090,0.030780,0.291624,-0.175263,-2.149678,0.059249,2.440584,-1.613700,0.000070,0.000089,-0.114254,-0.130486,0.031912,0.102422,-0.091237,-0.042901,-0.154650,-0.000677,0.000559,0.191858,0.958552,-1.280908,2.034326,1.533313,-0.150277,3.454704,0.004864,-0.006410,-1.822860,-34.289822,-2.444407,19.376221,0.510248,2.460360,0.026102,-0.066341,-0.242110,-1.822860,-34.289822,-2.444407,19.376221,0.510248,2.460360,0.026102,-0.066341,-0.242110,87.000000,87.000000,87.000000,87.000000,12.000000,12.000000,12.000000,200.000000,200.000000,0.000000,0.000000,0.000000,0.000000,0.000000,0.000000,0.000000,0.000000,0.000000
347,0.154569,0.984219,-0.273691,1.696989,0.179821,-1.180714,-4.740389,0.026655,0.292004,-0.171746,-2.149155,0.070577,2.436574,-1.621167,0.000068,0.000090,-0.079475,-0.080233,0.101740,0.033820,0.352521,-0.265035,-0.158758,-0.000653,0.000547,2.899777,1.681154,-0.574458,-2.141842,-4.616586,0.774536,3.947968,-0.002007,0.002460,4.416440,-29.045696,2.498108,14.732744,0.321518,1.714611,0.012694,-0.074690,-0.229910,4.416440,-29.045696,2.498108,14.732744,0.321518,1.714611,0.012694,-0.074690,-0.229910,87.000000,87.000000,87.000000,87.000000,12.000000,12.000000,12.000000,200.000000,200.000000,0.000000,0.000000,0.000000,0.000000,0.000000,0.000000,0.000000,0.000000,0.000000
348,0.227482,0.817007,-0.224674,1.853990,0.172361,-1.080299,-4.740865,0.026131,0.293786,-0.168215,-2.149613,0.076642,2.451309,-1.624988,0.000051,0.000106,0.053044,-0.051289,0.095703,0.103637,0.105966,0.300600,-0.086543,-0.000619,0.000598,3.870012,0.758501,-0.157351,4.808424,-4.949351,-6.040225,1.739339,0.010995,-0.006844,7.081204,-36.005077,4.211174,21.260098,0.153673,2.673348,-0.022282,-0.022118,-0.279440,7.081204,-36.005077,4.211174,21.260098,0.153673,2.673348,-0.022282,-0.022118,-0.279440,87.000000,87.000000,87.000000,87.000000,12.000000,12.000000,12.000000,200.000000,200.000000,0.000000,0.000000,0.000000,0.000000,0.000000,0.000000,0.000000,0.000000,0.000000
349,-0.044622,0.772237,-0.466585,1.789678,0.129194,-1.130850,-4.683035,0.030786,0.294311,-0.170469,-2.147283,0.067193,2.451497,-1.613362,0.000074,0.000086,0.121910,-0.150150,-0.089767,0.076434,-0.206723,-0.161971,0.252466,-0.000485,0.000328,-2.762004,-3.098369,0.385931,-3.102195,5.275223,-0.411095,-6.026861,-0.010336,0.005309,-4.735743,-37.795124,-4.760409,18.122856,0.611522,2.175557,0.009989,-0.109832,-0.203569,-4.735743,-37.795124,-4.760409,18.122856,0.611522,2.175557,0.009989,-0.109832,-0.203569,87.000000,87.000000,87.000000,87.000000,12.000000,12.000000,12.000000,200.000000,200.000000,0.000000,0.000000,0.000000,0.000000,0.000000,0.000000,0.000000,0.000000,0.000000
350,-0.130828,0.853108,-0.520750,1.757330,0.158159,-1.174858,-4.686306,0.031171,0.292638,-0.172056,-2.146888,0.067717,2.441568,-1.608145,0.000082,0.000078,-0.042758,-0.179108,-0.058806,0.026159,0.087781,-0.397320,0.113476,-0.000583,0.000480,-3.488016,-0.679450,-0.860600,-2.466587,0.947210,4.138071,-2.514471,-0.007395,0.009477,-7.823151,-34.211929,-6.946937,16.966948,0.705418,2.095271,0.035785,-0.115737,-0.189499,-7.823151,-34.211929,-6.946937,16.966948,0.705418,2.095271,0.035785,-0.115737,-0.189499,87.000000,87.000000,87.000000,87.000000,12.000000,12.000000,12.000000,200.000000,200.000000,0.000000,0.000000,0.000000,0.000000,0.000000,0.000000,0.000000,0.000000,0.000000
351,0.075305,0.857062,-0.374084,1.824584,0.176901,-1.121726,-4.711668,0.030850,0.291609,-0.174965,-2.147538,0.074503,2.445338,-1.611323,0.000066,0.000092,-0.004027,-0.122056,-0.088963,0.081992,0.170624,0.013697,-0.072100,-0.000690,0.000603,-0.469351,1.617838,0.686949,3.598512,-4.288980,-1.083701,1.611020,0.011589,-0.010782,0.519741,-33.991924,-0.682715,19.906031,0.379610,2.536941,0.007218,-0.047162,-0.257740,0.519741,-33.991924,-0.682715,19.906031,0.379610,2.536941,0.007218,-0.047162,-0.257740,87.000000,87.000000,87.000000,87.000000,12.000000,12.000000,12.000000,200.000000,200.000000,0.000000,0.000000,0.000000,0.000000,0.000000,0.000000,0.000000,0.000000,0.000000
352,0.171004,0.990227,-0.270991,1.652889,0.166825,-1.207590,-4.767180,0.028212,0.291487,-0.173495,-2.147711,0.076991,2.434396,-1.626114,0.000076,0.000083,-0.053869,-0.116023,0.067435,-0.040672,0.088798,-0.447482,-0.331583,-0.000599,0.000502,2.113269,0.356348,0.847976,-5.980713,-0.270900,4.349135,7.781324,0.002489,-0.000143,4.834194,-28.745153,2.920796,12.831926,0.232942,1.503660,0.016807,-0.087782,-0.217172,4.834194,-28.745153,2.920796,12.831926,0.232942,1.503660,0.016807,-0.087782,-0.217172,87.000000,87.000000,87.000000,87.000000,12.000000,12.000000,12.000000,200.000000,200.000000,0.000000,0.000000,0.000000,0.000000,0.000000,0.000000,0.000000,0.000000,0.000000
353,0.056088,0.765611,-0.387184,1.860728,0.157509,-1.097299,-4.742837,0.028970,0.291531,-0.174253,-2.151186,0.074930,2.445180,-1.628279,0.000063,0.000094,0.044933,-0.116295,-0.049838,0.005802,-0.074324,0.219256,-0.047088,-0.000684,0.000585,0.200232,-0.077819,-0.453669,4.433046,-0.858024,-4.069182,0.849215,-0.003071,0.001370,-0.188055,-37.755821,-1.436310,21.893133,0.411331,2.815109,0.005720,-0.064851,-0.242300,-0.188055,-37.755821,-1.436310,21.893133,0.411331,2.815109,0.005720,-0.064851,-0.242300,87.000000,87.000000,87.000000,87.000000,12.000000,12.000000,12.000000,200.000000,200.000000,0.000000,0.000000,0.000000,0.000000,0.000000,0.000000,0.000000,0.000000,0.000000
354,0.168806,0.906604,-0.299005,1.772347,0.164933,-1.147686,-4.726832,0.031136,0.292457,-0.175104,-2.150585,0.075129,2.444802,-1.625472,0.000062,0.000095,0.080406,-0.068750,0.000018,0.086919,0.066462,-0.181882,0.062632,-0.000761,0.000623,0.406658,1.295932,2.132017,0.862550,1.015411,-0.437809,-1.379994,0.002629,-0.002494,4.059909,-32.238583,2.178880,17.892221,0.441933,2.086395,0.001445,-0.049544,-0.251748,4.059909,-32.238583,2.178880,17.892221,0.441933,2.086395,0.001445,-0.049544,-0.251748,87.000000,87.000000,87.000000,87.000000,12.000000,12.000000,12.000000,200.000000,200.000000,0.000000,0.000000,0.000000,0.000000,0.000000,0.000000,0.000000,0.000000,0.000000
355,0.105228,0.719284,-0.348788,1.845297,0.165413,-1.122166,-4.744098,0.033029,0.292314,-0.173708,-2.149872,0.075785,2.446983,-1.628072,0.000060,0.000097,0.068811,-0.165871,0.044423,0.073304,0.024630,-0.057104,-0.061681,-0.000598,0.000511,0.534866,-2.790826,0.318142,0.242695,-0.767024,-0.843588,1.326112,0.000827,-0.000010,1.404121,-39.694004,-0.146579,20.753065,0.409018,2.586308,0.005448,-0.058367,-0.244652,1.404121,-39.694004,-0.146579,20.753065,0.409018,2.586308,0.005448,-0.058367,-0.244652,87.000000,87.000000,87.000000,87.000000,12.000000,12.000000,12.000000,200.000000,200.000000,0.000000,0.000000,0.000000,0.000000,0.000000,0.000000,0.000000,0.000000,0.000000
356,-0.162483,0.873136,-0.588860,1.781354,0.139952,-1.148349,-4.706275,0.037544,0.291445,-0.178805,-2.147762,0.068387,2.444283,-1.620660,0.000078,0.000081,0.081617,-0.130609,-0.188307,0.116621,-0.156563,-0.189759,0.160735,-0.000433,0.000316,-5.278323,0.745389,-0.242922,-0.007295,3.963389,1.858785,-3.841056,-0.006873,0.005049,-10.027148,-33.362801,-8.757337,17.896906,0.737204,2.261188,0.034740,-0.117146,-0.192740,-10.027148,-33.362801,-8.757337,17.896906,0.737204,2.261188,0.034740,-0.117146,-0.192740,87.000000,87.000000,87.000000,87.000000,12.000000,12.000000,12.000000,200.000000,200.000000,0.000000,0.000000,0.000000,0.000000,0.000000,0.000000,0.000000,0.000000,0.000000
357,-0.012779,0.863971,-0.448157,1.759790,0.196139,-1.187414,-4.703869,0.035411,0.290469,-0.180367,-2.146437,0.077784,2.434952,-1.616130,0.000076,0.000084,-0.099155,-0.153796,-0.034786,0.060156,0.317760,-0.386401,0.103348,-0.000740,0.000731,-1.773169,-0.402945,-0.003364,-2.030995,-3.394688,3.544169,-2.179440,-0.008582,0.015396,-3.195329,-33.656010,-3.390322,16.962938,0.561976,2.057664,0.018990,-0.096590,-0.208429,-3.195329,-33.656010,-3.390322,16.962938,0.561976,2.057664,0.018990,-0.096590,-0.208429,87.000000,87.000000,87.000000,87.000000,12.000000,12.000000,12.000000,200.000000,200.000000,0.000000,0.000000,0.000000,0.000000,0.000000,0.000000,0.000000,0.000000,0.000000
358,0.308540,0.945977,-0.157681,1.724076,0.173796,-1.144685,-4.768827,0.029238,0.289838,-0.174539,-2.148425,0.082080,2.439563,-1.628820,0.000058,0.000100,-0.101766,-0.114380,0.185405,-0.026610,0.063233,0.031612,-0.289302,-0.000715,0.000606,6.381889,1.401439,-0.568744,-0.854506,-3.643358,-1.815167,6.487121,0.015019,-0.017493,10.624795,-30.327852,7.140819,15.990102,-0.033496,1.992895,-0.020728,-0.023334,-0.286558,10.624795,-30.327852,7.140819,15.990102,-0.033496,1.992895,-0.020728,-0.023334,-0.286558,87.000000,87.000000,87.000000,87.000000,12.000000,12.000000,12.000000,200.000000,200.000000,0.000000,0.000000,0.000000,0.000000,0.000000,0.000000,0.000000,0.000000,0.000000
359,0.100803,0.835608,-0.338134,1.802145,0.141167,-1.139465,-4.749558,0.000000,-0.697268,0.000000,-1.674071,0.000000,3.613857,0.862628,0.039663,0.040000,0.000000,0.000000,0.000000,0.000000,0.000000,0.000000,0.000000,0.000000,0.000000,0.000000,0.000000,0.000000,0.000000,0.000000,0.000000,0.000000,0.000000,0.000000,4.032126,43.685753,-13.525361,-18.788509,5.646700,-12.000000,-12.000000,-79.326645,-80.000000,4.032126,43.685753,-13.525361,-18.788509,5.646700,-91.727158,-199.712616,-79.326645,-80.000000,87.000000,87.000000,87.000000,87.000000,12.000000,12.000000,12.000000,200.000000,200.000000,0.000000,0.000000,0.000000,0.000000,0.000000,0.000000,0.000000,0.000000,0.000000
