Timestep,agent_joint_pos_J1,agent_joint_pos_J2,agent_joint_pos_J3,agent_joint_pos_J4,agent_joint_pos_J5,agent_joint_pos_J6,agent_joint_pos_J7,joint_pos_J1,joint_pos_J2,joint_pos_J3,joint_pos_J4,joint_pos_J5,joint_pos_J6,joint_pos_J7,joint_pos_J8,joint_pos_J9,joint_vel_J1,joint_vel_J2,joint_vel_J3,joint_vel_J4,joint_vel_J5,joint_vel_J6,joint_vel_J7,joint_vel_J8,joint_vel_J9,joint_acc_J1,joint_acc_J2,joint_acc_J3,joint_acc_J4,joint_acc_J5,joint_acc_J6,joint_acc_J7,joint_acc_J8,joint_acc_J9,joint_applied_torque_J1,joint_applied_torque_J2,joint_applied_torque_J3,joint_applied_torque_J4,joint_applied_torque_J5,joint_applied_torque_J6,joint_applied_torque_J7,joint_applied_torque_J8,joint_applied_torque_J9,joint_computed_torque_J1,joint_computed_torque_J2,joint_computed_torque_J3,joint_computed_torque_J4,joint_computed_torque_J5,joint_computed_torque_J6,joint_computed_torque_J7,joint_computed_torque_J8,joint_computed_torque_J9,joint_effort_limits_J1,joint_effort_limits_J2,joint_effort_limits_J3,joint_effort_limits_J4,joint_effort_limits_J5,joint_effort_limits_J6,joint_effort_limits_J7,joint_effort_limits_J8,joint_effort_limits_J9,joint_effort_target_J1,joint_effort_target_J2,joint_effort_target_J3,joint_effort_target_J4,joint_effort_target_J5,joint_effort_target_J6,joint_effort_target_J7,joint_effort_target_J8,joint_effort_target_J9
0,0.844558,2.898482,0.810372,0.552569,-0.016830,0.063923,-0.584243,0.029008,-0.477878,0.006775,-2.635743,-0.009817,1.998509,0.432814,0.032169,0.033053,1.297621,2.177224,0.577565,0.523015,-0.172046,2.024060,0.362423,-0.207512,-0.206848,22.770798,25.838869,23.860086,-5.561031,20.571177,55.692162,-9.309996,0.109311,0.115147,29.335541,87.000000,31.622223,6.239198,1.848917,12.000000,-0.209275,-50.340744,-52.144264,29.335541,104.518059,31.622223,6.239198,1.848917,84.381584,-0.209275,-50.340744,-52.144264,87.000000,87.000000,87.000000,87.000000,12.000000,12.000000,12.000000,200.000000,200.000000,0.000000,0.000000,0.000000,0.000000,0.000000,0.000000,0.000000,0.000000,0.000000
1,-0.116467,1.776234,-0.544046,1.269173,0.728888,0.293159,1.928344,0.083893,-0.403740,-0.005909,-2.611939,0.075792,2.047697,0.518053,0.025440,0.026277,1.586462,2.223747,-0.790286,1.285804,2.611634,0.070629,2.343089,-0.198046,-0.200811,-7.498798,-0.446019,-25.931732,15.326699,14.811758,2.821517,-8.833479,0.399080,0.306730,-15.895632,51.868561,-20.835312,31.940422,12.000000,12.000000,12.000000,-37.031532,-38.678383,-15.895632,51.868561,-20.835312,31.940422,17.224590,92.730026,88.397934,-37.031532,-38.678383,87.000000,87.000000,87.000000,87.000000,12.000000,12.000000,12.000000,200.000000,200.000000,0.000000,0.000000,0.000000,0.000000,0.000000,0.000000,0.000000,0.000000,0.000000
2,0.322521,1.443382,-0.616412,1.054581,1.413739,0.130737,3.582602,0.164766,-0.330521,-0.070506,-2.578857,0.157612,2.106270,0.604759,0.018875,0.019671,2.367832,2.206389,-2.180944,1.333525,1.939055,0.698482,2.608168,-0.197552,-0.198008,-5.095210,-0.260968,-14.737057,1.757684,2.098424,2.865307,0.010715,-0.137063,-0.023538,-6.840087,32.725250,-14.110833,19.821095,12.000000,12.000000,12.000000,-24.826460,-26.190422,-6.840087,32.725250,-14.110833,19.821095,39.584808,79.433990,147.243759,-24.826460,-26.190422,87.000000,87.000000,87.000000,87.000000,12.000000,12.000000,12.000000,200.000000,200.000000,0.000000,0.000000,0.000000,0.000000,0.000000,0.000000,0.000000,0.000000,0.000000
3,0.950748,1.155051,-0.404317,1.023866,1.835150,-0.084065,4.489726,0.236753,-0.257441,-0.138816,-2.545407,0.240277,2.176968,0.691760,0.012360,0.013196,2.082544,2.199107,-1.996688,1.245862,2.132319,1.406451,2.609752,-0.194570,-0.192007,-4.943146,-0.107088,3.465993,-1.294870,7.642693,9.073261,0.022616,0.036968,0.208964,13.256481,15.405531,0.441029,16.064375,12.000000,12.000000,12.000000,-11.705994,-13.261623,13.256481,15.405531,0.441029,16.064375,49.497803,63.288101,176.570953,-11.705994,-13.261623,87.000000,87.000000,87.000000,87.000000,12.000000,12.000000,12.000000,200.000000,200.000000,0.000000,0.000000,0.000000,0.000000,0.000000,0.000000,0.000000,0.000000,0.000000
4,1.174827,0.896207,-0.446785,0.954122,2.046674,-0.270719,5.022670,0.304086,-0.184304,-0.203157,-2.515159,0.325048,2.254899,0.778765,0.006689,0.007372,1.915023,2.194282,-1.792239,1.008042,2.383253,1.994979,2.610533,-0.128045,-0.135806,-7.103097,0.020957,9.323265,-7.451441,9.078239,17.057547,0.045505,2.921844,3.152391,17.148796,-0.777391,3.687449,11.193592,12.000000,12.000000,12.000000,-0.683756,-1.193438,17.148796,-0.777391,3.687449,11.193592,50.369308,48.113747,190.926895,-0.683756,-1.193438,87.000000,87.000000,87.000000,87.000000,12.000000,12.000000,12.000000,200.000000,200.000000,0.000000,0.000000,0.000000,0.000000,0.000000,0.000000,0.000000,0.000000,0.000000
5,1.404313,0.628073,-0.518107,1.090561,2.183527,-0.395372,5.425829,0.366897,-0.112567,-0.260787,-2.488736,0.410692,2.334952,0.865781,0.003574,0.004078,1.754273,2.070758,-1.547185,0.897311,2.431373,2.055506,2.611116,-0.066679,-0.071577,-8.750109,-3.355765,12.760476,-6.171183,11.135558,18.587006,0.031872,1.586689,1.540673,21.635220,-17.048767,5.002121,14.942254,12.000000,12.000000,12.000000,-0.439550,-1.225318,21.635220,-17.048767,5.002121,14.942254,48.987041,36.657837,200.089355,-0.439550,-1.225318,87.000000,87.000000,87.000000,87.000000,12.000000,12.000000,12.000000,200.000000,200.000000,0.000000,0.000000,0.000000,0.000000,0.000000,0.000000,0.000000,0.000000,0.000000
6,1.602845,0.088612,-0.614424,1.118096,2.285413,-0.463103,5.429729,0.427341,-0.054445,-0.311781,-2.473143,0.499008,2.420336,0.952808,0.001901,0.002390,1.685027,1.318214,-1.315131,0.319250,2.612238,2.421191,2.611687,-0.036188,-0.035446,-8.655645,-22.293297,14.363501,-17.461878,5.044155,11.524385,0.018954,0.775733,0.891913,24.924038,-42.298717,4.697664,15.776570,12.000000,12.000000,12.000000,-0.313369,-1.149609,24.924038,-42.298717,4.697664,15.776570,44.928604,25.340004,193.280182,-0.313369,-1.149609,87.000000,87.000000,87.000000,87.000000,12.000000,12.000000,12.000000,200.000000,200.000000,0.000000,0.000000,0.000000,0.000000,0.000000,0.000000,0.000000,0.000000,0.000000
7,1.816920,0.115931,-0.617699,1.115571,2.301347,-0.618931,5.643698,0.479480,-0.019938,-0.347558,-2.474335,0.587600,2.507300,1.039842,0.000981,0.001537,1.496459,0.629135,-0.872533,-0.162253,2.672347,2.608578,2.612661,-0.019256,-0.018249,-5.287241,-20.781561,13.101149,-13.138658,0.131407,-0.014977,0.005937,0.421656,0.418468,29.999729,-42.043221,6.178231,17.341440,12.000000,10.661835,12.000000,-0.116856,-1.269392,29.999729,-42.043221,6.178231,17.341440,37.905495,10.661835,194.871780,-0.116856,-1.269392,87.000000,87.000000,87.000000,87.000000,12.000000,12.000000,12.000000,200.000000,200.000000,0.000000,0.000000,0.000000,0.000000,0.000000,0.000000,0.000000,0.000000,0.000000
8,1.784545,0.136360,-0.874887,1.344789,2.215410,-0.722300,5.698027,0.549243,-0.002895,-0.396872,-2.478238,0.676153,2.576187,1.126889,0.000527,0.001045,1.957049,0.239329,-1.330431,0.071778,2.617028,1.471961,2.612591,-0.007977,-0.011407,-8.815863,-11.600885,9.820775,6.473951,2.852568,-34.243202,0.009255,0.343397,0.124074,21.712191,-41.008110,0.865484,27.314743,12.000000,2.183853,12.000000,-0.035182,-1.187217,21.712191,-41.008110,0.865484,27.314743,27.788654,2.183853,190.082138,-0.035182,-1.187217,87.000000,87.000000,87.000000,87.000000,12.000000,12.000000,12.000000,200.000000,200.000000,0.000000,0.000000,0.000000,0.000000,0.000000,0.000000,0.000000,0.000000,0.000000
9,1.841077,0.316018,-0.962429,1.215236,2.166287,-0.770458,5.815688,0.617517,0.003404,-0.444941,-2.476925,0.764429,2.604565,1.213919,0.000398,0.000668,1.920913,-0.033532,-1.286610,0.134537,2.667812,0.517155,2.612032,0.000384,-0.010385,-8.205063,-8.379863,9.668834,0.088202,0.064516,-14.175910,-0.000086,0.247361,-0.019336,18.642056,-33.416420,1.070637,21.494635,12.000000,1.647309,12.000000,-0.475388,-0.707513,18.642056,-33.416420,1.070637,21.494635,18.370468,1.647309,187.827316,-0.475388,-0.707513,87.000000,87.000000,87.000000,87.000000,12.000000,12.000000,12.000000,200.000000,200.000000,0.000000,0.000000,0.000000,0.000000,0.000000,0.000000,0.000000,0.000000,0.000000
10,1.719083,0.622522,-1.176103,1.120165,2.209782,-0.766252,6.127131,0.695918,0.006948,-0.505031,-2.474364,0.852703,2.620003,1.300943,0.000383,0.000394,2.173249,0.040772,-1.654495,0.179114,2.656006,0.325366,2.611481,0.001382,-0.007093,-11.743783,1.578504,8.654994,0.382102,-0.407610,-5.698818,-0.000887,-0.001739,0.085953,6.611493,-21.068581,-1.756938,17.375940,12.000000,1.573219,12.000000,-0.921769,-0.180660,6.611493,-21.068581,-1.756938,17.375940,13.046226,1.573219,193.324829,-0.921769,-0.180660,87.000000,87.000000,87.000000,87.000000,12.000000,12.000000,12.000000,200.000000,200.000000,0.000000,0.000000,0.000000,0.000000,0.000000,0.000000,0.000000,0.000000,0.000000
11,1.839829,0.717603,-1.222400,1.082495,2.234344,-0.822272,6.311291,0.766197,0.013535,-0.560119,-2.470227,0.940454,2.617377,1.387910,0.000435,0.000210,1.958081,0.146802,-1.483725,0.198977,2.646827,-0.122840,2.611307,0.004385,-0.006131,-9.667982,2.527251,10.357188,-1.415045,-0.020256,2.701671,0.001030,0.095812,-0.036712,6.513255,-18.019724,0.446972,15.389434,7.070594,1.184244,12.000000,-1.064812,-0.064287,6.513255,-18.019724,0.446972,15.389434,7.070594,1.184244,193.734528,-1.064812,-0.064287,87.000000,87.000000,87.000000,87.000000,12.000000,12.000000,12.000000,200.000000,200.000000,0.000000,0.000000,0.000000,0.000000,0.000000,0.000000,0.000000,0.000000,0.000000
12,1.855334,0.656824,-1.374463,1.222915,2.214656,-0.803752,6.429467,0.838151,0.023330,-0.618382,-2.464027,1.022084,2.615754,1.474943,0.000491,0.000082,1.804559,0.223997,-1.417661,0.323419,1.985199,-0.013858,2.611431,0.002933,-0.003478,-24.955744,1.259074,21.886738,2.686429,-38.317493,2.328486,-0.011673,-0.069509,0.093602,0.968680,-21.510174,-0.551967,20.410784,-0.686550,1.721779,12.000000,-1.356961,0.241583,0.968680,-21.510174,-0.551967,20.410784,-0.686550,1.721779,191.497925,-1.356961,0.241583,87.000000,87.000000,87.000000,87.000000,12.000000,12.000000,12.000000,200.000000,200.000000,0.000000,0.000000,0.000000,0.000000,0.000000,0.000000,0.000000,0.000000,0.000000
13,1.863227,0.755894,-1.415765,1.112497,2.194729,-0.822867,6.590043,0.887460,0.034985,-0.657784,-2.457447,1.062529,2.613072,1.561957,0.000402,0.000050,1.108989,0.266700,-0.823473,0.245123,0.849355,-0.033903,2.610976,-0.001398,-0.001478,-24.552647,0.676410,22.798803,-2.830639,-22.323725,2.679304,-0.003519,-0.104461,0.036233,-0.869944,-18.626192,-0.494246,15.360817,-0.800377,1.225028,12.000000,-0.952234,0.083810,-0.869944,-18.626192,-0.494246,15.360817,-0.800377,1.225028,190.961670,-0.952234,0.083810,87.000000,87.000000,87.000000,87.000000,12.000000,12.000000,12.000000,200.000000,200.000000,0.000000,0.000000,0.000000,0.000000,0.000000,0.000000,0.000000,0.000000,0.000000
14,1.920266,0.599074,-1.566414,1.121910,2.171450,-0.895177,6.722136,0.938632,0.043569,-0.703161,-2.455179,1.075142,2.595294,1.648867,0.000295,0.000037,1.180190,0.048721,-0.990288,0.059062,0.290659,-0.440843,2.604205,-0.000467,-0.001909,-26.532768,-7.272338,26.845160,-6.564947,-5.872122,8.582755,-0.400629,0.060513,-0.047435,-2.995214,-25.458017,-2.201874,15.837166,-0.294145,1.162747,12.000000,-0.517488,0.001049,-2.995214,-25.458017,-2.201874,15.837166,-0.294145,1.162747,189.285477,-0.517488,0.001049,87.000000,87.000000,87.000000,87.000000,12.000000,12.000000,12.000000,200.000000,200.000000,0.000000,0.000000,0.000000,0.000000,0.000000,0.000000,0.000000,0.000000,0.000000
15,1.980103,0.721622,-1.552420,1.191806,2.096855,-0.883398,6.874486,0.969924,0.048653,-0.729796,-2.455812,1.065272,2.585983,1.735246,0.000228,0.000021,0.725801,0.057500,-0.565537,0.090481,-0.278217,-0.136732,2.515714,-0.000709,-0.000169,-14.981710,0.036844,15.360130,1.328029,4.082399,6.591086,-5.674109,-0.054314,0.097693,-1.227543,-20.569368,-1.304153,19.050686,-0.413316,1.469352,12.000000,-0.560028,0.140833,-1.227543,-20.569368,-1.304153,19.050686,-0.413316,1.469352,188.428162,-0.560028,0.140833,87.000000,87.000000,87.000000,87.000000,12.000000,12.000000,12.000000,200.000000,200.000000,0.000000,0.000000,0.000000,0.000000,0.000000,0.000000,0.000000,0.000000,0.000000
16,1.985696,0.750989,-1.584332,1.294819,2.042525,-0.866084,6.903840,0.990876,0.056052,-0.747510,-2.451649,1.045979,2.584149,1.821103,0.000180,0.000034,0.491968,0.170006,-0.391432,0.319656,-0.450909,0.022416,2.463137,-0.000264,0.000188,-10.909770,2.734886,10.103153,6.586959,9.370667,2.548635,-6.218962,-0.040552,0.019965,-1.827332,-20.130199,-1.925515,22.528864,-0.278943,1.649708,12.000000,-0.456564,-0.033574,-1.827332,-20.130199,-1.925515,22.528864,-0.278943,1.649708,182.879898,-0.456564,-0.033574,87.000000,87.000000,87.000000,87.000000,12.000000,12.000000,12.000000,200.000000,200.000000,0.000000,0.000000,0.000000,0.000000,0.000000,0.000000,0.000000,0.000000,0.000000
17,2.008590,0.609834,-1.640061,1.231493,1.986310,-0.937802,7.006309,1.010343,0.061280,-0.766317,-2.444375,1.020562,2.569478,1.905822,0.000132,0.000065,0.468238,-0.052445,-0.409833,0.272293,-0.544548,-0.368188,2.407123,0.000534,-0.000293,-9.905703,-7.176280,11.707702,-2.548585,14.299678,6.788697,-2.416019,0.030313,-0.037052,-2.356455,-26.167931,-2.500443,19.018824,0.038157,1.230636,12.000000,-0.290945,-0.152658,-2.356455,-26.167931,-2.500443,19.018824,0.038157,1.230636,180.647827,-0.290945,-0.152658,87.000000,87.000000,87.000000,87.000000,12.000000,12.000000,12.000000,200.000000,200.000000,0.000000,0.000000,0.000000,0.000000,0.000000,0.000000,0.000000,0.000000,0.000000
18,2.004439,0.787304,-1.617256,1.124757,1.912003,-1.006477,6.969855,1.017170,0.062396,-0.773720,-2.439713,0.989440,2.546311,1.990778,0.000112,0.000081,0.166810,-0.077043,-0.152589,0.164936,-0.684736,-0.556148,2.406473,0.000903,-0.000397,-3.015805,-0.834702,4.432959,-4.422818,17.378738,11.294567,-4.038620,-0.010858,0.002930,-1.865198,-18.732029,-2.101769,14.555121,0.109631,1.104986,12.000000,-0.340685,-0.112148,-1.865198,-18.732029,-2.101769,14.555121,0.109631,1.104986,172.287903,-0.340685,-0.112148,87.000000,87.000000,87.000000,87.000000,12.000000,12.000000,12.000000,200.000000,200.000000,0.000000,0.000000,0.000000,0.000000,0.000000,0.000000,0.000000,0.000000,0.000000
19,1.967850,0.753956,-1.695489,1.207668,1.846461,-1.007707,6.994647,1.026039,0.063456,-0.784798,-2.437310,0.957312,2.530175,2.075819,0.000110,0.000085,0.217842,-0.064274,-0.282665,0.158955,-0.726407,-0.324107,2.400584,0.000646,-0.000178,-5.845420,0.014901,5.129619,-0.273689,16.524084,9.531036,-5.437488,-0.046665,0.028785,-4.332760,-20.136780,-3.960048,17.929672,0.118293,1.647481,12.000000,-0.373291,-0.096156,-4.332760,-20.136780,-3.960048,17.929672,0.118293,1.647481,166.405334,-0.373291,-0.096156,87.000000,87.000000,87.000000,87.000000,12.000000,12.000000,12.000000,200.000000,200.000000,0.000000,0.000000,0.000000,0.000000,0.000000,0.000000,0.000000,0.000000,0.000000
20,2.034793,0.680373,-1.668470,1.173776,1.747450,-1.110117,7.027380,1.031298,0.061865,-0.795105,-2.435963,0.916430,2.501111,2.160309,0.000082,0.000110,0.130346,-0.222867,-0.229939,0.063027,-0.901681,-0.731372,2.361446,0.000811,-0.000277,-2.773961,-4.999221,5.753014,-4.739752,23.113312,13.773740,-4.345278,-0.005067,-0.007819,-1.669966,-22.817333,-2.156193,16.467737,0.278429,1.198206,12.000000,-0.261724,-0.198931,-1.669966,-22.817333,-2.156193,16.467737,0.278429,1.198206,161.163422,-0.261724,-0.198931,87.000000,87.000000,87.000000,87.000000,12.000000,12.000000,12.000000,200.000000,200.000000,0.000000,0.000000,0.000000,0.000000,0.000000,0.000000,0.000000,0.000000,0.000000
21,2.083686,0.719889,-1.609221,1.310098,1.652749,-1.025934,7.137289,1.030181,0.057722,-0.796178,-2.435713,0.874416,2.500047,2.245484,0.000091,0.000099,0.027612,-0.201789,-0.046506,0.170290,-1.010615,0.105479,2.363683,-0.000034,0.000117,2.211513,1.334301,-0.349030,4.854825,19.759518,3.771559,-10.562767,-0.080200,0.046132,0.948472,-20.600031,-0.553002,22.156801,-0.060991,1.886063,12.000000,-0.340317,-0.121187,0.948472,-20.600031,-0.553002,22.156801,-0.060991,1.886063,158.327499,-0.340317,-0.121187,87.000000,87.000000,87.000000,87.000000,12.000000,12.000000,12.000000,200.000000,200.000000,0.000000,0.000000,0.000000,0.000000,0.000000,0.000000,0.000000,0.000000,0.000000
22,2.050469,0.780085,-1.612188,1.193846,1.615713,-1.103984,7.144481,1.027386,0.055101,-0.795737,-2.431894,0.840483,2.487362,2.329545,0.000066,0.000119,-0.043784,-0.158930,0.009012,0.195539,-0.695164,-0.378571,2.392549,0.000767,-0.000271,1.753300,0.902473,-0.100915,-1.329965,19.531702,4.941337,1.600098,0.017972,-0.011679,0.003182,-18.122206,-0.837225,16.782455,0.331424,1.112220,12.000000,-0.182453,-0.224893,0.003182,-18.122206,-0.837225,16.782455,0.331424,1.112220,152.596436,-0.182453,-0.224893,87.000000,87.000000,87.000000,87.000000,12.000000,12.000000,12.000000,200.000000,200.000000,0.000000,0.000000,0.000000,0.000000,0.000000,0.000000,0.000000,0.000000,0.000000
23,1.948425,0.804695,-1.717152,1.136905,1.533011,-1.166522,7.174170,1.028580,0.054184,-0.802237,-2.429279,0.803352,2.464151,2.414410,0.000060,0.000130,0.016995,-0.104557,-0.180358,0.111579,-0.825987,-0.575994,2.389620,0.000585,-0.000020,-2.845478,1.044006,2.116519,-4.305059,20.527174,11.931949,-4.435272,-0.047880,0.027047,-4.597199,-17.203100,-3.883775,14.347514,0.401181,1.412963,12.000000,-0.264852,-0.205451,-4.597199,-17.203100,-3.883775,14.347514,0.401181,1.412963,146.604752,-0.264852,-0.205451,87.000000,87.000000,87.000000,87.000000,12.000000,12.000000,12.000000,200.000000,200.000000,0.000000,0.000000,0.000000,0.000000,0.000000,0.000000,0.000000,0.000000,0.000000
24,2.124419,0.686560,-1.556629,1.320985,1.459263,-1.084121,7.139364,1.022659,0.052429,-0.799107,-2.428659,0.768618,2.467896,2.500273,0.000063,0.000131,-0.076740,-0.163231,0.066771,0.162199,-0.834934,0.178331,2.444013,-0.000031,0.000379,5.236035,-0.863065,-1.688056,3.414148,15.945216,0.621097,-6.002726,-0.035051,0.015103,3.635147,-21.740452,1.401782,21.962086,-0.020618,1.779750,12.000000,-0.205768,-0.257911,3.635147,-21.740452,1.401782,21.962086,-0.020618,1.779750,138.065918,-0.205768,-0.257911,87.000000,87.000000,87.000000,87.000000,12.000000,12.000000,12.000000,200.000000,200.000000,0.000000,0.000000,0.000000,0.000000,0.000000,0.000000,0.000000,0.000000,0.000000
25,1.990522,0.735225,-1.613053,1.222039,1.354675,-1.179729,7.050541,1.014292,0.050253,-0.794304,-2.424387,0.722995,2.451937,2.585339,0.000037,0.000145,-0.182025,-0.165625,0.108153,0.201643,-1.009695,-0.473568,2.403738,0.000137,-0.000083,4.540205,-0.445831,-2.750582,-2.134876,25.925415,7.260931,-1.816821,-0.041516,0.008183,-0.813093,-19.589844,-1.407000,17.244139,0.492908,1.327139,12.000000,-0.176268,-0.265497,-0.813093,-19.589844,-1.407000,17.244139,0.492908,1.327139,128.129440,-0.176268,-0.265497,87.000000,87.000000,87.000000,87.000000,12.000000,12.000000,12.000000,200.000000,200.000000,0.000000,0.000000,0.000000,0.000000,0.000000,0.000000,0.000000,0.000000,0.000000
26,2.081420,0.867459,-1.447006,1.144660,1.283926,-1.212606,7.047841,0.996244,0.049421,-0.777413,-2.422148,0.683547,2.436707,2.670844,0.000025,0.000158,-0.358505,-0.067564,0.405153,0.109393,-0.878065,-0.387054,2.450459,0.000065,0.000289,12.347182,3.335450,-7.933486,-3.730388,20.854246,7.719964,-1.519689,-0.024704,0.013597,5.190048,-14.280171,2.788672,14.121665,0.178767,1.049256,12.000000,-0.113690,-0.308419,5.190048,-14.280171,2.788672,14.121665,0.178767,1.049256,121.034599,-0.113690,-0.308419,87.000000,87.000000,87.000000,87.000000,12.000000,12.000000,12.000000,200.000000,200.000000,0.000000,0.000000,0.000000,0.000000,0.000000,0.000000,0.000000,0.000000,0.000000
27,1.985047,0.626971,-1.593941,1.250142,1.230500,-1.193485,7.142001,0.997849,0.047784,-0.777864,-2.423422,0.649046,2.429278,2.756516,0.000021,0.000165,0.103083,-0.209774,-0.027831,0.024560,-0.784527,-0.182901,2.458431,0.000133,0.000242,0.455524,-4.227982,1.321782,-2.109989,17.338442,4.348834,-2.427177,-0.014052,-0.000574,-0.703599,-23.822557,-1.367795,18.759394,0.348626,1.688621,12.000000,-0.090560,-0.346049,-0.703599,-23.822557,-1.367795,18.759394,0.348626,1.688621,117.858864,-0.090560,-0.346049,87.000000,87.000000,87.000000,87.000000,12.000000,12.000000,12.000000,200.000000,200.000000,0.000000,0.000000,0.000000,0.000000,0.000000,0.000000,0.000000,0.000000,0.000000
28,1.834259,0.685853,-1.698975,1.299760,1.112587,-1.170958,7.123417,0.998491,0.044895,-0.780154,-2.423420,0.602500,2.427575,2.841899,0.000037,0.000148,-0.000249,-0.155676,-0.088192,0.146059,-1.109165,-0.031856,2.387467,0.000061,-0.000016,-2.200722,1.536180,-0.914226,2.946673,23.484133,3.112378,-6.694908,-0.060641,0.025425,-6.659762,-21.050821,-5.355761,20.708632,0.563585,2.261832,12.000000,-0.190230,-0.256419,-6.659762,-21.050821,-5.355761,20.708632,0.563585,2.261832,110.254280,-0.190230,-0.256419,87.000000,87.000000,87.000000,87.000000,12.000000,12.000000,12.000000,200.000000,200.000000,0.000000,0.000000,0.000000,0.000000,0.000000,0.000000,0.000000,0.000000,0.000000
29,1.828530,0.843609,-1.655377,1.171172,1.046706,-1.232260,7.070775,0.989673,0.046003,-0.778098,-2.420622,0.562395,2.417390,2.897300,0.000032,0.000154,-0.250068,0.017827,0.008407,0.169003,-0.892036,-0.342814,-0.000062,0.000182,0.000287,1.066360,4.883705,-4.039434,-1.451975,23.565691,4.338110,-147.187836,-0.028634,0.027047,-5.328723,-15.100714,-4.207186,15.023907,0.696352,1.548997,12.000000,-0.138284,-0.281927,-5.328723,-15.100714,-4.207186,15.023907,0.696352,1.548997,101.518204,-0.138284,-0.281927,87.000000,87.000000,87.000000,87.000000,12.000000,12.000000,12.000000,200.000000,200.000000,0.000000,0.000000,0.000000,0.000000,0.000000,0.000000,0.000000,0.000000,0.000000
30,2.093454,0.634183,-1.427534,1.272556,1.077281,-1.206993,7.123102,0.977091,0.046217,-0.769103,-2.420711,0.548915,2.417274,2.897301,0.000024,0.000137,-0.223452,-0.160527,0.221789,0.075090,-0.248919,-0.060242,-0.000041,0.000094,-0.000352,9.109964,-4.555450,-3.476183,-1.243198,6.944088,-0.828741,-0.000599,-0.004011,0.024710,6.661305,-23.558125,3.644105,19.350779,0.226553,1.504633,12.000000,-0.074281,-0.203421,6.661305,-23.558125,3.644105,19.350779,0.226553,1.504633,112.420151,-0.074281,-0.203421,87.000000,87.000000,87.000000,87.000000,12.000000,12.000000,12.000000,200.000000,200.000000,0.000000,0.000000,0.000000,0.000000,0.000000,0.000000,0.000000,0.000000,0.000000
31,1.966608,0.746062,-1.501098,1.208195,1.042379,-1.271475,7.154611,0.969809,0.044551,-0.762810,-2.420410,0.533759,2.403030,2.897300,0.000031,0.000128,-0.133721,-0.134646,0.143369,0.084064,-0.315960,-0.450668,-0.000036,0.000887,-0.000732,4.691623,0.518306,-2.805885,-2.146852,9.319272,6.535501,0.002237,0.013511,-0.006365,1.678891,-18.729013,0.445596,16.678043,0.359935,1.523671,12.000000,-0.107732,-0.210258,1.678891,-18.729013,0.445596,16.678043,0.359935,1.523671,113.680710,-0.107732,-0.210258,87.000000,87.000000,87.000000,87.000000,12.000000,12.000000,12.000000,200.000000,200.000000,0.000000,0.000000,0.000000,0.000000,0.000000,0.000000,0.000000,0.000000,0.000000
32,2.003919,0.756482,-1.478328,1.357918,1.052292,-1.158473,7.164430,0.967536,0.045737,-0.758436,-2.419461,0.529128,2.415841,2.897300,0.000055,0.000105,0.001693,0.015188,0.091210,0.245143,-0.132828,0.335777,-0.000032,0.000160,-0.000124,2.511405,4.637197,-1.753442,7.869636,-0.124453,-4.116223,0.002931,-0.031416,0.032415,2.870039,-18.570253,1.202437,22.732643,0.080806,2.336811,12.000000,-0.181183,-0.143891,2.870039,-18.570253,1.202437,22.732643,0.080806,2.336811,114.073593,-0.181183,-0.143891,87.000000,87.000000,87.000000,87.000000,12.000000,12.000000,12.000000,200.000000,200.000000,0.000000,0.000000,0.000000,0.000000,0.000000,0.000000,0.000000,0.000000,0.000000
33,1.935050,0.731941,-1.501796,1.171896,1.065709,-1.248987,7.185884,0.964423,0.048297,-0.752938,-2.415470,0.528006,2.410082,2.897300,0.000035,0.000122,-0.041646,-0.048645,0.140416,0.147461,0.050108,-0.303691,-0.000046,0.000429,-0.000361,2.719300,-2.065184,-1.731520,-5.195715,2.943614,0.809576,0.003101,0.023151,-0.026569,0.486052,-19.969772,-0.299777,14.489135,0.417780,1.136518,12.000000,-0.073524,-0.253378,0.486052,-19.969772,-0.299777,14.489135,0.417780,1.136518,114.931725,-0.073524,-0.253378,87.000000,87.000000,87.000000,87.000000,12.000000,12.000000,12.000000,200.000000,200.000000,0.000000,0.000000,0.000000,0.000000,0.000000,0.000000,0.000000,0.000000,0.000000
34,1.827160,0.630093,-1.631786,1.287044,1.037634,-1.155371,7.192857,0.969899,0.048279,-0.756829,-2.415935,0.522185,2.421319,2.897300,0.000056,0.000104,0.141684,-0.128771,-0.126051,0.093825,-0.198246,0.280207,-0.000033,0.000162,-0.000094,-4.215526,-2.158605,1.230335,0.952746,0.361602,-3.758703,0.002377,-0.022350,0.025124,-5.150474,-23.834219,-4.309756,19.623730,0.246775,2.193026,12.000000,-0.168329,-0.153963,-5.150474,-23.834219,-4.309756,19.623730,0.246775,2.193026,115.210617,-0.168329,-0.153963,87.000000,87.000000,87.000000,87.000000,12.000000,12.000000,12.000000,200.000000,200.000000,0.000000,0.000000,0.000000,0.000000,0.000000,0.000000,0.000000,0.000000,0.000000
35,1.861867,0.639472,-1.575520,1.218601,1.035021,-1.219530,7.125751,0.967831,0.044967,-0.755867,-2.416386,0.516581,2.417505,2.897300,0.000042,0.000115,-0.051316,-0.245781,0.017298,0.041981,-0.068921,-0.240171,-0.000047,0.000443,-0.000364,0.464316,-3.348336,-1.261623,-3.298590,4.821641,0.187746,0.002179,0.018333,-0.019567,-2.814715,-22.950615,-2.660840,16.818781,0.524965,1.519561,12.000000,-0.095853,-0.228394,-2.814715,-22.950615,-2.660840,16.818781,0.524965,1.519561,112.526360,-0.095853,-0.228394,87.000000,87.000000,87.000000,87.000000,12.000000,12.000000,12.000000,200.000000,200.000000,0.000000,0.000000,0.000000,0.000000,0.000000,0.000000,0.000000,0.000000,0.000000
36,1.969620,0.818680,-1.451120,1.191898,1.015093,-1.242938,7.049776,0.959792,0.042270,-0.748921,-2.417854,0.511062,2.409334,2.897300,0.000046,0.000111,-0.160583,-0.109208,0.161607,0.052710,-0.111752,-0.273273,-0.000037,0.000499,-0.000399,5.034276,4.116328,-3.695631,-0.523874,3.195197,4.081714,0.000625,-0.000931,0.000984,2.695217,-15.504679,1.230181,15.996797,0.183348,1.558782,12.000000,-0.137037,-0.186803,2.695217,-15.504679,1.230181,15.996797,0.183348,1.558782,109.487251,-0.137037,-0.186803,87.000000,87.000000,87.000000,87.000000,12.000000,12.000000,12.000000,200.000000,200.000000,0.000000,0.000000,0.000000,0.000000,0.000000,0.000000,0.000000,0.000000,0.000000
37,1.906167,0.674492,-1.553767,1.341332,1.020069,-1.174818,7.147910,0.963127,0.042639,-0.752757,-2.418113,0.508740,2.415838,2.897300,0.000060,0.000099,0.098510,-0.060902,-0.114445,0.170373,-0.065365,0.137887,-0.000034,0.000248,-0.000216,-2.684991,1.269198,1.661760,5.124140,-0.208927,-1.784235,0.002815,-0.016027,0.015317,-1.242802,-21.592762,-1.524923,22.003296,0.241286,2.343017,12.000000,-0.172375,-0.151163,-1.242802,-21.592762,-1.524923,22.003296,0.241286,2.343017,113.412796,-0.172375,-0.151163,87.000000,87.000000,87.000000,87.000000,12.000000,12.000000,12.000000,200.000000,200.000000,0.000000,0.000000,0.000000,0.000000,0.000000,0.000000,0.000000,0.000000,0.000000
38,1.926344,0.704588,-1.530186,1.220275,1.050404,-1.219485,7.093457,0.963855,0.043091,-0.754328,-2.416285,0.513852,2.414532,2.897300,0.000047,0.000110,0.025610,-0.096216,-0.034402,0.129855,0.180834,-0.159219,-0.000045,0.000374,-0.000292,-0.654646,-1.111709,0.817538,-1.963074,-1.308424,-0.631458,0.001749,0.016206,-0.015738,-0.186040,-20.467209,-0.715430,16.719112,0.341469,1.501781,12.000000,-0.104702,-0.215772,-0.186040,-20.467209,-0.715430,16.719112,0.341469,1.501781,111.234543,-0.104702,-0.215772,87.000000,87.000000,87.000000,87.000000,12.000000,12.000000,12.000000,200.000000,200.000000,0.000000,0.000000,0.000000,0.000000,0.000000,0.000000,0.000000,0.000000,0.000000
39,2.011657,0.737499,-1.426566,1.275367,1.067146,-1.174141,7.170701,0.958856,0.043497,-0.747683,-2.415540,0.522624,2.422114,2.897300,0.000050,0.000107,-0.068444,-0.057757,0.166035,0.156201,0.197988,0.135032,-0.000037,0.000200,-0.000161,4.645145,1.486129,-2.604120,2.227083,-5.543173,-3.227331,-0.001526,-0.003393,0.003482,4.183121,-19.137136,2.164315,19.031687,0.008814,1.786450,12.000000,-0.129717,-0.188936,4.183121,-19.137136,2.164315,19.031687,0.008814,1.786450,114.324081,-0.129717,-0.188936,87.000000,87.000000,87.000000,87.000000,12.000000,12.000000,12.000000,200.000000,200.000000,0.000000,0.000000,0.000000,0.000000,0.000000,0.000000,0.000000,0.000000,0.000000
40,1.904174,0.650053,-1.533246,1.237835,1.047296,-1.219791,7.169668,0.961223,0.043061,-0.748342,-2.413827,0.521256,2.417118,2.897300,0.000043,0.000113,0.082962,-0.153531,-0.017005,0.112824,-0.017460,-0.233321,-0.000037,0.000385,-0.000279,-0.796839,-3.063000,1.039270,-2.893205,1.581330,1.953532,0.001538,0.007531,-0.006381,-1.023016,-22.605198,-1.350414,17.217037,0.312208,1.629028,12.000000,-0.111011,-0.209063,-1.023016,-22.605198,-1.350414,17.217037,0.312208,1.629028,114.282974,-0.111011,-0.209063,87.000000,87.000000,87.000000,87.000000,12.000000,12.000000,12.000000,200.000000,200.000000,0.000000,0.000000,0.000000,0.000000,0.000000,0.000000,0.000000,0.000000,0.000000
41,1.785103,0.744037,-1.648198,1.170036,1.019585,-1.244326,7.156978,0.966368,0.041805,-0.755004,-2.414730,0.513311,2.407986,2.897300,0.000055,0.000104,0.092258,-0.115291,-0.185306,0.021967,-0.180227,-0.291822,-0.000059,0.000614,-0.000503,-5.530953,0.894680,1.776479,-3.540286,4.315927,4.705855,0.000182,-0.004296,0.002824,-6.491364,-18.622360,-4.925251,14.781342,0.427576,1.699155,12.000000,-0.166295,-0.162508,-6.491364,-18.622360,-4.925251,14.781342,0.427576,1.699155,113.775406,-0.166295,-0.162508,87.000000,87.000000,87.000000,87.000000,12.000000,12.000000,12.000000,200.000000,200.000000,0.000000,0.000000,0.000000,0.000000,0.000000,0.000000,0.000000,0.000000,0.000000
42,1.955123,0.708732,-1.495054,1.350939,1.043895,-1.125515,7.141282,0.963006,0.042266,-0.753028,-2.416829,0.516056,2.426502,2.897300,0.000067,0.000093,-0.060902,-0.032681,0.035742,0.142896,0.045146,0.451102,-0.000034,0.000056,0.000009,1.634359,2.957156,-1.792892,7.204781,-3.771799,-7.651085,0.001859,-0.010344,0.016410,1.398803,-20.172356,0.244984,22.476370,0.106884,2.293730,12.000000,-0.164725,-0.152763,1.398803,-20.172356,0.244984,22.476370,0.106884,2.293730,113.147629,-0.164725,-0.152763,87.000000,87.000000,87.000000,87.000000,12.000000,12.000000,12.000000,200.000000,200.000000,0.000000,0.000000,0.000000,0.000000,0.000000,0.000000,0.000000,0.000000,0.000000
43,1.983555,0.744229,-1.416681,1.141003,1.022517,-1.260259,7.073173,0.953352,0.043181,-0.744374,-2.415555,0.511765,2.414755,2.897300,0.000036,0.000121,-0.191342,-0.096631,0.225106,0.048074,-0.030725,-0.478382,-0.000049,0.000367,-0.000231,6.803145,-2.008581,-3.334876,-6.662000,5.272083,3.398024,0.004101,0.030222,-0.029651,3.947734,-18.939219,2.098357,13.440185,0.337381,0.923860,12.000000,-0.060463,-0.263137,3.947734,-18.939219,2.098357,13.440185,0.337381,0.923860,110.423325,-0.060463,-0.263137,87.000000,87.000000,87.000000,87.000000,12.000000,12.000000,12.000000,200.000000,200.000000,0.000000,0.000000,0.000000,0.000000,0.000000,0.000000,0.000000,0.000000,0.000000
44,1.915661,0.699288,-1.507075,1.335033,1.033651,-1.132880,7.103182,0.954763,0.044227,-0.744033,-2.417457,0.513275,2.427822,2.897300,0.000061,0.000099,0.073710,-0.026412,-0.015718,0.126401,-0.007968,0.342985,-0.000032,0.000167,-0.000157,-0.682977,2.238738,-0.086456,5.863729,-3.685087,-4.345776,0.004886,-0.028352,0.024139,-0.012217,-20.764322,-0.719602,21.858368,0.061978,2.374655,12.000000,-0.187179,-0.143050,-0.012217,-20.764322,-0.719602,21.858368,0.061978,2.374655,111.623848,-0.187179,-0.143050,87.000000,87.000000,87.000000,87.000000,12.000000,12.000000,12.000000,200.000000,200.000000,0.000000,0.000000,0.000000,0.000000,0.000000,0.000000,0.000000,0.000000,0.000000
45,1.833264,0.680609,-1.563443,1.174668,1.025299,-1.276182,7.063613,0.955150,0.045033,-0.745555,-2.415879,0.509427,2.409497,2.897300,0.000041,0.000117,-0.001580,-0.117321,-0.034825,0.066803,-0.000629,-0.638829,-0.000045,0.000768,-0.000525,-1.318698,-3.143611,0.627416,-6.098372,5.579530,6.758247,0.005049,0.030443,-0.025650,-3.180808,-21.641134,-2.754009,14.795895,0.576779,1.326901,12.000000,-0.095743,-0.231540,-3.180808,-21.641134,-2.754009,14.795895,0.576779,1.326901,110.041016,-0.095743,-0.231540,87.000000,87.000000,87.000000,87.000000,12.000000,12.000000,12.000000,200.000000,200.000000,0.000000,0.000000,0.000000,0.000000,0.000000,0.000000,0.000000,0.000000,0.000000
46,1.992870,0.697655,-1.447154,1.231657,1.033751,-1.213144,7.117969,0.954783,0.043304,-0.744178,-2.419883,0.512492,2.409750,2.897300,0.000049,0.000109,0.043743,-0.156138,0.038430,-0.030571,0.051348,-0.000928,-0.000039,0.000114,-0.000156,2.109303,-0.614446,0.128747,-0.263294,-3.539935,0.668311,-0.002530,-0.013848,0.006701,3.313776,-20.573639,1.557221,17.985535,-0.013437,1.809778,12.000000,-0.138398,-0.190175,3.313776,-20.573639,1.557221,17.985535,-0.013437,1.809778,112.214737,-0.138398,-0.190175,87.000000,87.000000,87.000000,87.000000,12.000000,12.000000,12.000000,200.000000,200.000000,0.000000,0.000000,0.000000,0.000000,0.000000,0.000000,0.000000,0.000000,0.000000
47,1.952792,0.730769,-1.482441,1.379544,1.027100,-1.129453,7.100269,0.957032,0.044219,-0.743627,-2.420259,0.511857,2.426131,2.897300,0.000064,0.000096,0.085661,0.011280,0.006990,0.234680,-0.047302,0.375353,-0.000032,0.000177,-0.000089,-0.436192,4.838066,0.020758,9.461434,-1.368670,-6.202515,0.004258,-0.016887,0.021788,1.272994,-19.455212,0.179164,23.781645,0.154405,2.448071,12.000000,-0.175959,-0.144605,1.272994,-19.455212,0.179164,23.781645,0.154405,2.448071,111.507278,-0.175959,-0.144605,87.000000,87.000000,87.000000,87.000000,12.000000,12.000000,12.000000,200.000000,200.000000,0.000000,0.000000,0.000000,0.000000,0.000000,0.000000,0.000000,0.000000,0.000000
48,1.936291,0.731060,-1.473982,1.184142,1.035899,-1.217971,7.062438,0.956543,0.047011,-0.740664,-2.416055,0.512133,2.422383,2.897300,0.000041,0.000116,0.016800,-0.033070,0.086596,0.168899,0.075150,-0.253112,-0.000041,0.000333,-0.000270,1.442808,-1.523160,-0.335578,-4.214166,2.025537,0.053299,0.003245,0.022327,-0.026115,0.938236,-19.912495,0.053053,15.025230,0.372350,1.218085,12.000000,-0.080965,-0.245930,0.938236,-19.912495,0.053053,15.025230,0.372350,1.218085,109.993881,-0.080965,-0.245930,87.000000,87.000000,87.000000,87.000000,12.000000,12.000000,12.000000,200.000000,200.000000,0.000000,0.000000,0.000000,0.000000,0.000000,0.000000,0.000000,0.000000,0.000000
49,1.822707,0.727040,-1.593700,1.198336,1.029025,-1.188298,7.127275,0.961756,0.049007,-0.744583,-2.416022,0.511373,2.423079,2.897300,0.000053,0.000104,0.123882,-0.035962,-0.116188,0.064318,-0.030587,-0.027687,-0.000036,0.000377,-0.000332,-4.314851,-0.152498,1.462845,-2.222025,-0.559207,0.198573,0.000503,-0.011441,0.009375,-4.636277,-20.147329,-3.778011,15.981062,0.276517,1.775045,12.000000,-0.159995,-0.164529,-4.636277,-20.147329,-3.778011,15.981062,0.276517,1.775045,112.587189,-0.159995,-0.164529,87.000000,87.000000,87.000000,87.000000,12.000000,12.000000,12.000000,200.000000,200.000000,0.000000,0.000000,0.000000,0.000000,0.000000,0.000000,0.000000,0.000000,0.000000
50,1.949931,0.686274,-1.470873,1.241488,1.015171,-1.191339,7.122926,0.959340,0.049704,-0.741486,-2.417670,0.507985,2.423590,2.897300,0.000047,0.000109,-0.026943,-0.098557,0.082343,0.037617,-0.067887,-0.073209,-0.000038,0.000212,-0.000155,2.452478,-1.586730,-1.058577,-0.898473,1.809446,-0.581208,0.000108,0.005503,-0.003381,1.434720,-21.748232,0.213503,17.986485,0.233028,1.683016,12.000000,-0.110675,-0.205100,1.434720,-21.748232,0.213503,17.986485,0.233028,1.683016,112.413170,-0.110675,-0.205100,87.000000,87.000000,87.000000,87.000000,12.000000,12.000000,12.000000,200.000000,200.000000,0.000000,0.000000,0.000000,0.000000,0.000000,0.000000,0.000000,0.000000,0.000000
51,1.801883,0.678837,-1.609604,1.316678,0.985038,-1.131598,7.083655,0.962190,0.050419,-0.745148,-2.418345,0.498454,2.433553,2.897300,0.000065,0.000095,0.058500,-0.053628,-0.125905,0.142564,-0.255848,0.215814,-0.000045,0.000311,-0.000201,-3.944331,1.176335,0.370515,4.202492,3.443375,-3.338292,0.004954,-0.016250,0.019101,-5.308141,-22.063911,-4.405904,21.059816,0.373989,2.357604,12.000000,-0.186721,-0.138469,-5.308141,-22.063911,-4.405904,21.059816,0.373989,2.357604,110.842812,-0.186721,-0.138469,87.000000,87.000000,87.000000,87.000000,12.000000,12.000000,12.000000,200.000000,200.000000,0.000000,0.000000,0.000000,0.000000,0.000000,0.000000,0.000000,0.000000,0.000000
52,1.903109,0.688678,-1.531830,1.177546,1.027302,-1.243209,7.070080,0.961616,0.050075,-0.747569,-2.417488,0.501836,2.420207,2.897300,0.000041,0.000117,-0.014276,-0.153063,-0.055331,0.053357,0.200927,-0.509209,-0.000045,0.000605,-0.000403,-0.593001,-3.100986,1.109330,-5.214793,1.538520,3.826457,0.004686,0.031548,-0.027740,-0.831085,-21.622459,-1.243771,15.127339,0.497751,1.276805,12.000000,-0.084414,-0.240917,-0.831085,-21.622459,-1.243771,15.127339,0.497751,1.276805,110.299660,-0.084414,-0.240917,87.000000,87.000000,87.000000,87.000000,12.000000,12.000000,12.000000,200.000000,200.000000,0.000000,0.000000,0.000000,0.000000,0.000000,0.000000,0.000000,0.000000,0.000000
53,1.941155,0.774541,-1.486880,1.247821,1.000203,-1.195691,7.037821,0.958054,0.049774,-0.746260,-2.419046,0.500731,2.418643,2.897300,0.000057,0.000102,-0.063919,-0.055796,0.016033,0.079834,-0.068341,-0.045266,-0.000033,0.000267,-0.000294,1.675362,3.027557,-1.286060,1.866392,-1.119460,2.432265,0.002846,-0.023071,0.013823,1.242392,-18.073229,0.117168,18.394642,0.039895,2.014455,12.000000,-0.178942,-0.155555,1.242392,-18.073229,0.117168,18.394642,0.039895,2.014455,109.009224,-0.178942,-0.155555,87.000000,87.000000,87.000000,87.000000,12.000000,12.000000,12.000000,200.000000,200.000000,0.000000,0.000000,0.000000,0.000000,0.000000,0.000000,0.000000,0.000000,0.000000
54,1.960945,0.641188,-1.495017,1.307795,1.046858,-1.197269,7.092454,0.958997,0.049837,-0.747882,-2.418923,0.509104,2.418383,2.897300,0.000050,0.000107,0.055764,-0.125253,-0.040211,0.133369,0.251048,-0.103990,-0.000040,0.000385,-0.000298,-0.062561,-2.116467,1.425653,1.826951,-3.645585,-0.508726,0.001330,0.013102,-0.009634,1.537481,-23.520493,0.229403,20.640127,0.256646,1.946012,12.000000,-0.115464,-0.201138,1.537481,-23.520493,0.229403,20.640127,0.256646,1.946012,111.194397,-0.115464,-0.201138,87.000000,87.000000,87.000000,87.000000,12.000000,12.000000,12.000000,200.000000,200.000000,0.000000,0.000000,0.000000,0.000000,0.000000,0.000000,0.000000,0.000000,0.000000
55,1.945056,0.668084,-1.471997,1.258145,1.000883,-1.182858,7.069347,0.955728,0.047485,-0.743868,-2.418295,0.504558,2.422044,2.897300,0.000050,0.000107,-0.038418,-0.190933,0.095806,0.113123,-0.151413,0.041352,-0.000040,0.000062,-0.000013,3.222549,-1.588125,-1.779023,-0.317952,1.201114,-0.893667,-0.002041,-0.008792,0.010523,1.605492,-22.051815,0.279744,18.534128,0.115359,1.829611,12.000000,-0.130104,-0.187320,1.605492,-22.051815,0.279744,18.534128,0.115359,1.829611,110.269890,-0.130104,-0.187320,87.000000,87.000000,87.000000,87.000000,12.000000,12.000000,12.000000,200.000000,200.000000,0.000000,0.000000,0.000000,0.000000,0.000000,0.000000,0.000000,0.000000,0.000000
56,1.870192,0.719687,-1.547948,1.225812,1.035035,-1.223953,7.131649,0.957904,0.044956,-0.745614,-2.417274,0.507516,2.415830,2.897300,0.000047,0.000110,0.061295,-0.158058,-0.055324,0.123249,0.141623,-0.274571,-0.000043,0.000633,-0.000502,-1.877691,0.679349,0.606234,-0.818799,0.065728,1.961387,0.002380,0.011099,-0.012157,-2.120295,-19.744162,-2.079214,17.104301,0.418038,1.675037,12.000000,-0.129416,-0.198068,-2.120295,-19.744162,-2.079214,17.104301,0.418038,1.675037,112.762306,-0.129416,-0.198068,87.000000,87.000000,87.000000,87.000000,12.000000,12.000000,12.000000,200.000000,200.000000,0.000000,0.000000,0.000000,0.000000,0.000000,0.000000,0.000000,0.000000,0.000000
57,1.950694,0.733603,-1.470644,1.259971,1.039550,-1.216285,7.106706,0.956244,0.043642,-0.743396,-2.416143,0.512178,2.412798,2.897300,0.000051,0.000106,-0.010833,-0.107919,0.054336,0.152045,0.115034,-0.132234,-0.000038,0.000367,-0.000312,1.755129,1.569111,-0.950316,1.041592,-2.706679,1.965127,-0.000067,-0.004972,0.003602,1.634241,-19.165766,0.451725,18.408211,0.127575,1.854919,12.000000,-0.145599,-0.177775,1.634241,-19.165766,0.451725,18.408211,0.127575,1.854919,111.764381,-0.145599,-0.177775,87.000000,87.000000,87.000000,87.000000,12.000000,12.000000,12.000000,200.000000,200.000000,0.000000,0.000000,0.000000,0.000000,0.000000,0.000000,0.000000,0.000000,0.000000
58,1.900693,0.749716,-1.515699,1.253117,1.047049,-1.174721,7.179028,0.957296,0.044450,-0.743477,-2.414891,0.516194,2.420660,2.897300,0.000058,0.000100,0.042885,-0.033634,-0.016233,0.160703,0.080906,0.147061,-0.000039,0.000208,-0.000168,-0.930597,2.212321,-0.185028,1.575761,-3.210354,-3.093719,-0.000503,-0.007818,0.008652,-0.746922,-18.747362,-1.111725,18.041208,0.162951,1.858210,12.000000,-0.153194,-0.166595,-0.746922,-18.747362,-1.111725,18.041208,0.162951,1.858210,114.657242,-0.153194,-0.166595,87.000000,87.000000,87.000000,87.000000,12.000000,12.000000,12.000000,200.000000,200.000000,0.000000,0.000000,0.000000,0.000000,0.000000,0.000000,0.000000,0.000000,0.000000
59,1.815590,0.784105,-1.592493,1.174059,1.025202,-1.225508,7.136667,0.959082,0.047731,-0.747712,-2.412983,0.511962,2.415807,2.897300,0.000055,0.000103,0.016188,0.029220,-0.121198,0.114008,-0.076071,-0.231221,-0.000040,0.000447,-0.000360,-3.666735,1.419133,0.998642,-3.244604,3.277258,1.978001,0.001215,0.004149,-0.005079,-4.383519,-17.847223,-3.492226,14.576342,0.425992,1.502386,12.000000,-0.143338,-0.181109,-4.383519,-17.847223,-3.492226,14.576342,0.425992,1.502386,112.962967,-0.143338,-0.181109,87.000000,87.000000,87.000000,87.000000,12.000000,12.000000,12.000000,200.000000,200.000000,0.000000,0.000000,0.000000,0.000000,0.000000,0.000000,0.000000,0.000000,0.000000
60,1.967656,0.595305,-1.461453,1.246940,1.031486,-1.253042,7.056437,0.954835,0.047709,-0.745442,-2.414522,0.511921,2.405909,2.897300,0.000039,0.000117,-0.062833,-0.192227,0.068284,-0.006292,0.039465,-0.340296,-0.000043,0.000248,-0.000126,3.615841,-6.164909,-0.345472,-4.013802,0.778548,3.834189,0.001280,0.016445,-0.011563,2.665939,-25.240150,0.985326,17.890345,0.232985,1.591696,12.000000,-0.080095,-0.234264,2.665939,-25.240150,0.985326,17.890345,0.232985,1.591696,109.753693,-0.080095,-0.234264,87.000000,87.000000,87.000000,87.000000,12.000000,12.000000,12.000000,200.000000,200.000000,0.000000,0.000000,0.000000,0.000000,0.000000,0.000000,0.000000,0.000000,0.000000
61,1.926711,0.699123,-1.478904,1.333163,0.969824,-1.152354,7.038616,0.951904,0.045528,-0.742143,-2.417078,0.498979,2.418914,2.897300,0.000062,0.000100,-0.030408,-0.121322,0.059636,0.105303,-0.392377,0.342791,-0.000030,0.000065,0.000048,2.312640,2.451592,-2.067600,5.637050,3.527589,-3.700220,0.004035,-0.025428,0.029739,1.107827,-20.609098,-0.058800,21.796633,0.084159,2.349821,12.000000,-0.177808,-0.147728,1.107827,-20.609098,-0.058800,21.796633,0.084159,2.349821,109.041054,-0.177808,-0.147728,87.000000,87.000000,87.000000,87.000000,12.000000,12.000000,12.000000,200.000000,200.000000,0.000000,0.000000,0.000000,0.000000,0.000000,0.000000,0.000000,0.000000,0.000000
62,1.987731,0.667409,-1.438328,1.229550,1.042953,-1.210141,7.172879,0.952412,0.043179,-0.740093,-2.417315,0.506120,2.419582,2.897300,0.000037,0.000120,0.064416,-0.200450,0.066304,0.072015,0.288001,-0.158044,-0.000050,0.000393,-0.000343,1.905585,-2.328189,0.567383,-1.656679,-1.257221,-3.098452,0.003263,0.029019,-0.034240,3.229079,-21.752373,1.536281,17.345636,0.387083,1.322201,12.000000,-0.066849,-0.262272,3.229079,-21.752373,1.536281,17.345636,0.387083,1.322201,114.411507,-0.066849,-0.262272,87.000000,87.000000,87.000000,87.000000,12.000000,12.000000,12.000000,200.000000,200.000000,0.000000,0.000000,0.000000,0.000000,0.000000,0.000000,0.000000,0.000000,0.000000
63,1.907758,0.658960,-1.499077,1.230825,1.045207,-1.220713,7.122864,0.955137,0.038689,-0.739080,-2.418812,0.512543,2.414428,2.897300,0.000042,0.000115,0.098317,-0.249041,0.027747,0.037218,0.156549,-0.208945,-0.000038,0.000544,-0.000435,-0.027856,-1.332545,0.068969,-1.319251,-3.218982,2.330925,0.000738,-0.002248,0.002149,-0.385067,-21.545877,-0.903949,17.626453,0.185436,1.770689,12.000000,-0.135270,-0.189330,-0.385067,-21.545877,-0.903949,17.626453,0.185436,1.770689,112.410721,-0.135270,-0.189330,87.000000,87.000000,87.000000,87.000000,12.000000,12.000000,12.000000,200.000000,200.000000,0.000000,0.000000,0.000000,0.000000,0.000000,0.000000,0.000000,0.000000,0.000000
64,1.789471,0.777004,-1.636955,1.280192,1.036423,-1.169249,7.197158,0.964272,0.037590,-0.747672,-2.418771,0.513206,2.420076,2.897300,0.000069,0.000091,0.184436,-0.026350,-0.239363,0.183218,-0.011839,0.115325,-0.000147,0.000514,-0.000478,-7.947019,6.168986,2.516408,5.203379,-1.676488,-0.994613,0.005149,-0.025454,0.021067,-6.528830,-16.901716,-4.880324,19.580830,0.308962,2.331509,12.000000,-0.222025,-0.110581,-6.528830,-16.901716,-4.880324,19.580830,0.308962,2.331509,115.383430,-0.222025,-0.110581,87.000000,87.000000,87.000000,87.000000,12.000000,12.000000,12.000000,200.000000,200.000000,0.000000,0.000000,0.000000,0.000000,0.000000,0.000000,0.000000,0.000000,0.000000
65,1.774356,0.746138,-1.608455,1.168234,1.006372,-1.251719,7.017015,0.960538,0.040210,-0.749530,-2.415983,0.505408,2.409509,2.897300,0.000059,0.000099,-0.142008,-0.007905,-0.063405,0.126066,-0.143265,-0.385213,-0.000043,0.000456,-0.000362,-1.651529,0.283205,-1.387059,-4.395218,5.844549,4.521872,0.002187,0.011292,-0.010410,-5.608756,-18.731424,-4.279794,14.484054,0.526486,1.511920,12.000000,-0.140521,-0.182760,-5.608756,-18.731424,-4.279794,14.484054,0.526486,1.511920,108.176956,-0.140521,-0.182760,87.000000,87.000000,87.000000,87.000000,12.000000,12.000000,12.000000,200.000000,200.000000,0.000000,0.000000,0.000000,0.000000,0.000000,0.000000,0.000000,0.000000,0.000000
66,1.941298,0.687454,-1.466819,1.175811,0.999998,-1.259311,7.089872,0.952219,0.040888,-0.746934,-2.418458,0.501389,2.401734,2.897300,0.000047,0.000110,-0.177038,-0.118758,0.056389,-0.047839,-0.075414,-0.258347,-0.000038,0.000112,-0.000051,4.053368,-2.892030,-1.714673,-4.771710,1.973111,3.383367,0.000231,0.008236,-0.005989,2.155261,-21.018984,0.837814,15.425611,0.185801,1.438599,12.000000,-0.099687,-0.215999,2.155261,-21.018984,0.837814,15.425611,0.185801,1.438599,111.091034,-0.099687,-0.215999,87.000000,87.000000,87.000000,87.000000,12.000000,12.000000,12.000000,200.000000,200.000000,0.000000,0.000000,0.000000,0.000000,0.000000,0.000000,0.000000,0.000000,0.000000
67,1.989465,0.701506,-1.439587,1.360806,1.000724,-1.168535,7.086899,0.948561,0.041582,-0.745606,-2.421175,0.500019,2.413192,2.897300,0.000058,0.000100,-0.046562,-0.027738,0.022170,0.133898,-0.056927,0.265957,-0.000031,0.000126,-0.000084,2.429080,2.791195,-0.550535,7.591819,-1.145806,-4.009265,0.000727,-0.014164,0.014142,3.935389,-20.428831,1.976700,23.265284,0.086865,2.341620,12.000000,-0.158443,-0.163910,3.935389,-20.428831,1.976700,23.265284,0.086865,2.341620,110.972153,-0.158443,-0.163910,87.000000,87.000000,87.000000,87.000000,12.000000,12.000000,12.000000,200.000000,200.000000,0.000000,0.000000,0.000000,0.000000,0.000000,0.000000,0.000000,0.000000,0.000000
68,1.953657,0.699107,-1.444586,1.244189,1.014499,-1.180934,7.068789,0.945063,0.043181,-0.741992,-2.420119,0.501538,2.421681,2.897300,0.000046,0.000111,-0.045304,-0.057999,0.091853,0.135864,0.066284,0.094097,-0.000039,0.000143,-0.000092,2.923488,-0.821183,-1.083439,0.098746,-0.349469,-4.944315,0.000358,0.010348,-0.010253,2.805130,-20.778162,1.274412,18.084724,0.243569,1.556315,12.000000,-0.097106,-0.222319,2.805130,-20.778162,1.274412,18.084724,0.243569,1.556315,110.247742,-0.097106,-0.222319,87.000000,87.000000,87.000000,87.000000,12.000000,12.000000,12.000000,200.000000,200.000000,0.000000,0.000000,0.000000,0.000000,0.000000,0.000000,0.000000,0.000000,0.000000
69,1.987997,0.652287,-1.450616,1.293172,1.038496,-1.174859,7.099055,0.948607,0.043332,-0.742764,-2.418432,0.508339,2.426123,2.897300,0.000041,0.000115,0.138298,-0.117217,-0.004165,0.172838,0.188800,0.012227,-0.000037,0.000318,-0.000249,0.207182,-1.834398,2.119688,1.303678,-3.273222,-2.570802,0.000833,0.006229,-0.005936,3.249584,-22.562895,1.535121,19.879623,0.165268,1.797644,12.000000,-0.105269,-0.213206,3.249584,-22.562895,1.535121,19.879623,0.165268,1.797644,111.458412,-0.105269,-0.213206,87.000000,87.000000,87.000000,87.000000,12.000000,12.000000,12.000000,200.000000,200.000000,0.000000,0.000000,0.000000,0.000000,0.000000,0.000000,0.000000,0.000000,0.000000
70,1.925742,0.776277,-1.464129,1.161744,1.041541,-1.224702,7.104480,0.948724,0.043154,-0.738912,-2.416907,0.512730,2.419814,2.897300,0.000039,0.000117,0.035316,-0.082837,0.106476,0.095730,0.132771,-0.267724,-0.000037,0.000548,-0.000412,1.597714,0.990613,-0.965696,-3.578777,-1.311100,2.257762,0.001642,0.007223,-0.006120,1.104818,-17.520012,0.214278,14.427210,0.199885,1.326697,12.000000,-0.113602,-0.208584,1.104818,-17.520012,0.214278,14.427210,0.199885,1.326697,111.675446,-0.113602,-0.208584,87.000000,87.000000,87.000000,87.000000,12.000000,12.000000,12.000000,200.000000,200.000000,0.000000,0.000000,0.000000,0.000000,0.000000,0.000000,0.000000,0.000000,0.000000
71,1.779095,0.706673,-1.629244,1.279856,0.981919,-1.163571,7.067077,0.956724,0.044801,-0.745754,-2.416544,0.500985,2.424347,2.897300,0.000066,0.000095,0.176569,-0.016119,-0.193337,0.144166,-0.341947,0.108910,-0.000059,0.000411,-0.000314,-6.488379,1.692483,2.434404,2.216184,4.007483,0.069024,0.006738,-0.022038,0.022811,-6.240624,-20.573511,-4.847591,19.322994,0.304588,2.299713,12.000000,-0.202574,-0.126762,-6.240624,-20.573511,-4.847591,19.322994,0.304588,2.299713,110.179886,-0.202574,-0.126762,87.000000,87.000000,87.000000,87.000000,12.000000,12.000000,12.000000,200.000000,200.000000,0.000000,0.000000,0.000000,0.000000,0.000000,0.000000,0.000000,0.000000,0.000000
72,1.950861,0.619971,-1.451157,1.183887,1.027562,-1.251724,7.076380,0.952761,0.043394,-0.740935,-2.417397,0.503716,2.413630,2.897301,0.000035,0.000122,-0.058676,-0.229424,0.142805,-0.016959,0.178236,-0.435573,-0.000047,0.000380,-0.000224,4.159719,-5.893340,-1.352857,-6.290777,1.297027,2.264242,0.004089,0.033601,-0.028608,2.182087,-23.794022,0.777931,15.497147,0.402949,1.180408,12.000000,-0.055568,-0.263055,2.182087,-23.794022,0.777931,15.497147,0.402949,1.180408,110.551590,-0.055568,-0.263055,87.000000,87.000000,87.000000,87.000000,12.000000,12.000000,12.000000,200.000000,200.000000,0.000000,0.000000,0.000000,0.000000,0.000000,0.000000,0.000000,0.000000,0.000000
73,1.873159,0.673531,-1.523910,1.326314,1.011638,-1.176449,7.128435,0.953907,0.040029,-0.740161,-2.419951,0.503742,2.417117,2.897300,0.000059,0.000100,0.052307,-0.160803,-0.003244,0.101058,-0.044257,0.083560,-0.000045,0.000357,-0.000367,-0.564567,2.108752,-0.913391,5.158040,-1.991704,0.213110,0.005719,-0.028734,0.019017,-1.577081,-21.108330,-1.785837,21.736399,0.140792,2.438470,12.000000,-0.197932,-0.139549,-1.577081,-21.108330,-1.785837,21.736399,0.140792,2.438470,112.634018,-0.197932,-0.139549,87.000000,87.000000,87.000000,87.000000,12.000000,12.000000,12.000000,200.000000,200.000000,0.000000,0.000000,0.000000,0.000000,0.000000,0.000000,0.000000,0.000000,0.000000
74,1.782980,0.776767,-1.611531,1.273137,0.998388,-1.150054,7.140556,0.957349,0.041234,-0.745301,-2.417867,0.499001,2.427411,2.897300,0.000071,0.000090,0.047537,0.026277,-0.158573,0.230483,-0.118903,0.196181,-0.000094,0.000329,-0.000245,-5.253373,5.162023,0.560919,4.220296,1.753112,-3.896219,0.003539,-0.010496,0.013384,-5.718058,-17.399263,-4.378130,19.045147,0.407162,2.128423,12.000000,-0.190513,-0.134104,-5.718058,-17.399263,-4.378130,19.045147,0.407162,2.128423,113.118912,-0.190513,-0.134104,87.000000,87.000000,87.000000,87.000000,12.000000,12.000000,12.000000,200.000000,200.000000,0.000000,0.000000,0.000000,0.000000,0.000000,0.000000,0.000000,0.000000,0.000000
75,2.005635,0.675514,-1.427530,1.191819,1.058047,-1.244240,7.093325,0.953900,0.042664,-0.743752,-2.415014,0.510447,2.417534,2.897300,0.000038,0.000119,-0.048902,-0.114886,0.063233,0.109965,0.385841,-0.421663,-0.000047,0.000433,-0.000234,3.217450,-4.135967,0.410457,-5.433619,-3.003958,2.042942,0.004471,0.040394,-0.033370,4.201531,-21.719015,2.261000,15.334600,0.285339,1.115373,12.000000,-0.053988,-0.264505,4.201531,-21.719015,2.261000,15.334600,0.285339,1.115373,111.229431,-0.053988,-0.264505,87.000000,87.000000,87.000000,87.000000,12.000000,12.000000,12.000000,200.000000,200.000000,0.000000,0.000000,0.000000,0.000000,0.000000,0.000000,0.000000,0.000000,0.000000
76,1.981934,0.664535,-1.455593,1.298093,1.043891,-1.177153,7.182821,0.954721,0.041261,-0.742925,-2.415459,0.516101,2.421178,2.897300,0.000051,0.000107,0.070091,-0.145802,0.021997,0.112508,0.077989,0.082007,-0.000029,0.000139,-0.000173,1.318247,-0.663531,0.448212,1.858238,-5.038661,-0.193783,-0.002470,-0.022440,0.013997,2.766508,-21.765591,1.180465,20.028599,-0.058643,2.063990,12.000000,-0.158246,-0.172783,2.766508,-21.765591,1.180465,20.028599,-0.058643,2.063990,114.808815,-0.158246,-0.172783,87.000000,87.000000,87.000000,87.000000,12.000000,12.000000,12.000000,200.000000,200.000000,0.000000,0.000000,0.000000,0.000000,0.000000,0.000000,0.000000,0.000000,0.000000
77,1.761597,0.800548,-1.637801,1.141548,1.034878,-1.246990,7.179871,0.959294,0.041682,-0.749005,-2.415117,0.513668,2.411192,2.897300,0.000054,0.000104,0.067606,-0.034999,-0.172070,0.060292,-0.017725,-0.365431,-0.000095,0.000725,-0.000581,-5.838385,2.737535,1.396825,-3.794633,2.844341,4.199858,-0.001135,0.005104,-0.004482,-6.817989,-16.460474,-5.046217,13.557314,0.499574,1.495343,12.000000,-0.158014,-0.169321,-6.817989,-16.460474,-5.046217,13.557314,0.499574,1.495343,114.691147,-0.158014,-0.169321,87.000000,87.000000,87.000000,87.000000,12.000000,12.000000,12.000000,200.000000,200.000000,0.000000,0.000000,0.000000,0.000000,0.000000,0.000000,0.000000,0.000000,0.000000
78,1.921333,0.700846,-1.520107,1.257822,1.014736,-1.223698,7.084488,0.958170,0.043339,-0.751424,-2.416928,0.509358,2.408047,2.897300,0.000056,0.000102,-0.022692,-0.045909,-0.061648,0.050176,-0.110377,-0.116867,-0.000038,0.000185,-0.000168,-0.180498,-0.202648,0.697970,0.232692,1.439954,2.295035,-0.001126,-0.005535,0.004356,0.225153,-20.719469,-0.479691,18.608698,0.195448,1.920403,12.000000,-0.143587,-0.177579,0.225153,-20.719469,-0.479691,18.608698,0.195448,1.920403,110.875610,-0.143587,-0.177579,87.000000,87.000000,87.000000,87.000000,12.000000,12.000000,12.000000,200.000000,200.000000,0.000000,0.000000,0.000000,0.000000,0.000000,0.000000,0.000000,0.000000,0.000000
79,2.042054,0.684776,-1.390314,1.328066,1.005959,-1.166696,7.098333,0.951616,0.044544,-0.744832,-2.417871,0.505671,2.419280,2.897300,0.000052,0.000105,-0.093993,-0.055287,0.170582,0.134714,-0.102756,0.234026,-0.000038,-0.000084,0.000136,6.031300,0.149731,-2.227389,4.175685,0.542576,-4.709180,-0.002283,-0.001899,0.007068,6.124944,-21.412231,3.396063,21.494530,0.064228,1.967744,12.000000,-0.113028,-0.199360,6.124944,-21.412231,3.396063,21.494530,0.064228,1.967744,111.429329,-0.113028,-0.199360,87.000000,87.000000,87.000000,87.000000,12.000000,12.000000,12.000000,200.000000,200.000000,0.000000,0.000000,0.000000,0.000000,0.000000,0.000000,0.000000,0.000000,0.000000
80,1.876983,0.711938,-1.521925,1.212421,1.033791,-1.191777,7.120984,0.952033,0.045575,-0.743610,-2.417351,0.508183,2.422680,2.897300,0.000045,0.000112,0.032752,-0.071832,0.018889,0.094425,0.110323,-0.041668,-0.000040,0.000390,-0.000320,-0.406387,-0.631776,-0.310088,-1.573777,-0.316801,-2.868887,0.001368,0.010019,-0.012990,-1.219277,-20.408779,-1.448792,16.607969,0.371677,1.519163,12.000000,-0.111114,-0.214324,-1.219277,-20.408779,-1.448792,16.607969,0.371677,1.519163,112.335625,-0.111114,-0.214324,87.000000,87.000000,87.000000,87.000000,12.000000,12.000000,12.000000,200.000000,200.000000,0.000000,0.000000,0.000000,0.000000,0.000000,0.000000,0.000000,0.000000,0.000000
81,1.928078,0.637182,-1.491937,1.306268,1.032358,-1.144743,7.136713,0.953329,0.045075,-0.742712,-2.417590,0.510692,2.432026,2.897300,0.000049,0.000108,0.068369,-0.134826,0.020738,0.125157,0.044844,0.174185,-0.000037,0.000188,-0.000135,0.423904,-1.650504,0.112686,2.208129,-2.348106,-4.068665,-0.001745,-0.005765,0.007383,0.674298,-23.248945,-0.303068,20.514328,0.159548,2.018407,12.000000,-0.131527,-0.186136,0.674298,-23.248945,-0.303068,20.514328,0.159548,2.018407,112.964569,-0.131527,-0.186136,87.000000,87.000000,87.000000,87.000000,12.000000,12.000000,12.000000,200.000000,200.000000,0.000000,0.000000,0.000000,0.000000,0.000000,0.000000,0.000000,0.000000,0.000000
82,1.794321,0.694542,-1.603937,1.224854,1.006959,-1.176202,7.103523,0.956612,0.043820,-0.746304,-2.416346,0.504620,2.431630,2.897300,0.000052,0.000106,0.062209,-0.133594,-0.106885,0.120851,-0.129724,-0.110762,-0.000043,0.000487,-0.000392,-3.662780,-0.220107,0.703867,-1.384527,3.755548,0.058644,0.000136,0.001083,-0.001984,-5.156240,-20.776430,-4.120556,16.964918,0.449353,1.779506,12.000000,-0.145607,-0.180109,-5.156240,-20.776430,-4.120556,16.964918,0.449353,1.779506,111.637062,-0.145607,-0.180109,87.000000,87.000000,87.000000,87.000000,12.000000,12.000000,12.000000,200.000000,200.000000,0.000000,0.000000,0.000000,0.000000,0.000000,0.000000,0.000000,0.000000,0.000000
83,2.007429,0.798163,-1.389070,1.223108,1.010524,-1.224257,7.025610,0.948907,0.044091,-0.738816,-2.414533,0.503397,2.421895,2.897300,0.000044,0.000113,-0.142035,-0.041123,0.197522,0.153062,0.027418,-0.345159,-0.000041,0.000460,-0.000335,6.084714,2.762750,-2.975793,-0.566108,1.951957,4.128343,0.001936,0.010967,-0.008503,5.087301,-16.729227,2.850622,16.710947,0.175810,1.490359,12.000000,-0.111496,-0.208550,5.087301,-16.729227,2.850622,16.710947,0.175810,1.490359,108.520653,-0.111496,-0.208550,87.000000,87.000000,87.000000,87.000000,12.000000,12.000000,12.000000,200.000000,200.000000,0.000000,0.000000,0.000000,0.000000,0.000000,0.000000,0.000000,0.000000,0.000000
84,1.922284,0.744189,-1.496503,1.216475,1.040365,-1.240815,7.140926,0.952231,0.046300,-0.740598,-2.413803,0.509506,2.411490,2.897300,0.000047,0.000111,0.111941,-0.020872,-0.046105,0.094038,0.183253,-0.330622,-0.000036,0.000549,-0.000414,-1.472414,0.321347,1.832781,-1.969509,-2.715781,4.845999,0.001291,0.000888,-0.000328,0.304315,-19.258568,-0.376651,16.463964,0.196696,1.669299,12.000000,-0.138947,-0.187285,0.304315,-19.258568,-0.376651,16.463964,0.196696,1.669299,113.133316,-0.138947,-0.187285,87.000000,87.000000,87.000000,87.000000,12.000000,12.000000,12.000000,200.000000,200.000000,0.000000,0.000000,0.000000,0.000000,0.000000,0.000000,0.000000,0.000000,0.000000
85,1.855004,0.672459,-1.585656,1.279157,1.030529,-1.187534,7.152028,0.959781,0.048248,-0.747310,-2.414938,0.510842,2.415256,2.897300,0.000060,0.000099,0.181172,-0.046658,-0.173630,0.080052,-0.004238,0.070586,-0.000034,0.000222,-0.000221,-5.129542,-0.766090,3.105947,1.105855,-2.363032,-0.602417,0.002247,-0.015980,0.013037,-3.385937,-22.276638,-2.990890,19.274391,0.202923,2.129028,12.000000,-0.169457,-0.155426,-3.385937,-22.276638,-2.990890,19.274391,0.202923,2.129028,113.577461,-0.169457,-0.155426,87.000000,87.000000,87.000000,87.000000,12.000000,12.000000,12.000000,200.000000,200.000000,0.000000,0.000000,0.000000,0.000000,0.000000,0.000000,0.000000,0.000000,0.000000
86,1.928351,0.587889,-1.516965,1.277322,1.039410,-1.179902,7.167384,0.961248,0.046533,-0.747928,-2.416806,0.512968,2.421438,2.897300,0.000048,0.000108,0.060300,-0.220545,-0.006970,0.032312,0.066090,0.057981,-0.000041,0.000095,-0.000053,0.186056,-4.737442,0.669914,-0.701365,-1.169047,-3.723554,-0.000103,0.009996,-0.007024,0.057629,-25.285460,-0.778613,19.375042,0.277395,1.783613,12.000000,-0.098529,-0.214724,0.057629,-25.285460,-0.778613,19.375042,0.277395,1.783613,114.191505,-0.098529,-0.214724,87.000000,87.000000,87.000000,87.000000,12.000000,12.000000,12.000000,200.000000,200.000000,0.000000,0.000000,0.000000,0.000000,0.000000,0.000000,0.000000,0.000000,0.000000
87,1.777967,0.740273,-1.640290,1.209055,0.998120,-1.208545,7.101095,0.963922,0.043889,-0.753026,-2.417981,0.503810,2.417927,2.897300,0.000058,0.000101,0.029827,-0.138774,-0.155468,0.061194,-0.215785,-0.172091,-0.000078,0.000582,-0.000472,-4.523866,2.083160,0.506013,-0.583004,5.164606,2.055431,0.000126,-0.004551,0.003364,-6.357522,-18.807606,-4.918976,16.668242,0.470558,1.862704,12.000000,-0.171251,-0.156587,-6.357522,-18.807606,-4.918976,16.668242,0.470558,1.862704,111.540100,-0.171251,-0.156587,87.000000,87.000000,87.000000,87.000000,12.000000,12.000000,12.000000,200.000000,200.000000,0.000000,0.000000,0.000000,0.000000,0.000000,0.000000,0.000000,0.000000,0.000000
88,1.907998,0.783681,-1.523910,1.224773,1.019282,-1.196061,7.065689,0.959770,0.044238,-0.753192,-2.419272,0.504293,2.419195,2.897300,0.000058,0.000099,-0.104065,-0.030858,-0.020689,0.082129,0.047755,-0.040323,-0.000040,0.000323,-0.000266,0.563253,3.264300,-1.228921,1.257407,-0.201013,-0.726673,-0.000097,0.000792,0.000002,-0.176093,-17.319082,-0.710388,17.449080,0.272631,1.751659,12.000000,-0.147774,-0.172631,-0.176093,-17.319082,-0.710388,17.449080,0.272631,1.751659,110.123734,-0.147774,-0.172631,87.000000,87.000000,87.000000,87.000000,12.000000,12.000000,12.000000,200.000000,200.000000,0.000000,0.000000,0.000000,0.000000,0.000000,0.000000,0.000000,0.000000,0.000000
89,2.040357,0.574993,-1.394913,1.248592,1.042704,-1.262026,7.013433,0.951881,0.041902,-0.746803,-2.420682,0.510754,2.406676,2.897300,0.000033,0.000123,-0.122771,-0.270613,0.177996,0.006085,0.218466,-0.445683,-0.000044,0.000352,-0.000131,7.133984,-6.730587,-1.608751,-3.736103,-1.504137,4.322603,0.003384,0.029308,-0.019697,6.173996,-25.411446,3.387050,18.431839,0.173230,1.473011,12.000000,-0.055309,-0.258226,6.173996,-25.411446,3.387050,18.431839,0.173230,1.473011,108.033630,-0.055309,-0.258226,87.000000,87.000000,87.000000,87.000000,12.000000,12.000000,12.000000,200.000000,200.000000,0.000000,0.000000,0.000000,0.000000,0.000000,0.000000,0.000000,0.000000,0.000000
90,1.960177,0.718728,-1.479495,1.314342,1.049830,-1.169739,7.153924,0.954178,0.038043,-0.746479,-2.422936,0.517165,2.415581,2.897300,0.000057,0.000102,0.102618,-0.151442,-0.005197,0.123311,0.102824,0.227033,-0.000030,0.000268,-0.000294,-0.015708,3.643623,0.168694,6.164852,-5.793146,-2.374314,-0.003075,-0.028401,0.018715,1.780214,-19.078985,0.561832,21.494341,-0.014929,2.299765,12.000000,-0.187177,-0.148608,1.780214,-19.078985,0.561832,21.494341,-0.014929,2.299765,113.652870,-0.187177,-0.148608,87.000000,87.000000,87.000000,87.000000,12.000000,12.000000,12.000000,200.000000,200.000000,0.000000,0.000000,0.000000,0.000000,0.000000,0.000000,0.000000,0.000000,0.000000
91,1.873040,0.800529,-1.519630,1.235044,1.014072,-1.190407,7.132685,0.953371,0.039221,-0.744712,-2.419734,0.510633,2.419621,2.897300,0.000058,0.000100,-0.019531,0.017426,0.034885,0.233318,-0.158514,0.010122,-0.000035,0.000333,-0.000248,-0.178282,4.649412,-1.419405,1.936423,3.596523,-1.386773,-0.000041,-0.001796,0.003627,-1.327843,-16.293842,-1.379727,17.533014,0.318952,1.769661,12.000000,-0.152233,-0.170679,-1.327843,-16.293842,-1.379727,17.533014,0.318952,1.769661,112.803520,-0.152233,-0.170679,87.000000,87.000000,87.000000,87.000000,12.000000,12.000000,12.000000,200.000000,200.000000,0.000000,0.000000,0.000000,0.000000,0.000000,0.000000,0.000000,0.000000,0.000000
92,1.944270,0.770027,-1.465055,1.217656,1.021685,-1.233958,7.091161,0.951691,0.043769,-0.742668,-2.415045,0.508512,2.413315,2.897300,0.000047,0.000110,-0.013648,0.060358,0.057454,0.219754,0.005396,-0.265070,-0.000039,0.000358,-0.000282,1.475564,0.967641,-0.203898,-1.811725,2.365942,2.468898,0.001888,0.010593,-0.010775,1.731061,-18.202387,0.652751,16.284767,0.295991,1.481755,12.000000,-0.112830,-0.208867,1.731061,-18.202387,0.652751,16.284767,0.295991,1.481755,111.142693,-0.112830,-0.208867,87.000000,87.000000,87.000000,87.000000,12.000000,12.000000,12.000000,200.000000,200.000000,0.000000,0.000000,0.000000,0.000000,0.000000,0.000000,0.000000,0.000000,0.000000
93,2.004633,0.717975,-1.413733,1.189544,1.033830,-1.254311,7.086557,0.950720,0.047170,-0.738511,-2.413841,0.511342,2.405720,2.897300,0.000037,0.000119,0.039575,-0.031697,0.123289,0.065176,0.095265,-0.271656,-0.000039,0.000266,-0.000169,3.347515,-2.554476,0.041619,-4.662250,-1.201832,3.031965,0.000979,0.009449,-0.006905,4.187221,-20.512283,2.213262,15.312840,0.108755,1.330717,12.000000,-0.088953,-0.227433,4.187221,-20.512283,2.213262,15.312840,0.108755,1.330717,110.958473,-0.088953,-0.227433,87.000000,87.000000,87.000000,87.000000,12.000000,12.000000,12.000000,200.000000,200.000000,0.000000,0.000000,0.000000,0.000000,0.000000,0.000000,0.000000,0.000000,0.000000
94,1.773450,0.646593,-1.616408,1.224472,0.970974,-1.191443,7.046361,0.956564,0.047650,-0.741787,-2.417540,0.497708,2.411865,2.897300,0.000058,0.000102,0.142058,-0.116393,-0.105299,-0.042808,-0.395933,0.140176,-0.000038,0.000308,-0.000205,-4.352459,-2.308963,0.993078,-1.708852,4.654476,-1.461343,0.001918,-0.014110,0.016591,-6.240086,-23.165833,-4.967259,17.461447,0.309831,2.016014,12.000000,-0.169667,-0.155770,-6.240086,-23.165833,-4.967259,17.461447,0.309831,2.016014,109.350807,-0.169667,-0.155770,87.000000,87.000000,87.000000,87.000000,12.000000,12.000000,12.000000,200.000000,200.000000,0.000000,0.000000,0.000000,0.000000,0.000000,0.000000,0.000000,0.000000,0.000000
95,1.798929,0.684910,-1.602793,1.277000,0.979385,-1.188061,7.107455,0.958998,0.047552,-0.745351,-2.420626,0.490035,2.416428,2.897300,0.000060,0.000099,0.035711,-0.081829,-0.107640,0.051701,-0.131428,0.008826,-0.000051,0.000417,-0.000367,-3.618304,0.900362,0.340726,2.692834,4.643113,-2.732195,-0.000466,-0.001750,-0.000573,-5.090919,-21.532988,-4.168039,19.810974,0.573690,2.047355,12.000000,-0.162357,-0.165711,-5.090919,-21.532988,-4.168039,19.810974,0.573690,2.047355,111.794395,-0.162357,-0.165711,87.000000,87.000000,87.000000,87.000000,12.000000,12.000000,12.000000,200.000000,200.000000,0.000000,0.000000,0.000000,0.000000,0.000000,0.000000,0.000000,0.000000,0.000000
96,1.908554,0.718427,-1.525262,1.354841,1.022722,-1.141250,7.104221,0.958636,0.049879,-0.747286,-2.419414,0.497560,2.428015,2.897300,0.000066,0.000093,-0.006806,0.024330,-0.064391,0.247296,0.210570,0.216845,-0.000039,0.000399,-0.000317,-1.275882,3.018003,0.114972,7.171629,-4.172293,-5.209671,0.001656,0.002520,0.000588,-0.430641,-20.539074,-1.039923,22.563187,0.286229,2.298855,12.000000,-0.165581,-0.155657,-0.430641,-20.539074,-1.039923,22.563187,0.286229,2.298855,111.665154,-0.165581,-0.155657,87.000000,87.000000,87.000000,87.000000,12.000000,12.000000,12.000000,200.000000,200.000000,0.000000,0.000000,0.000000,0.000000,0.000000,0.000000,0.000000,0.000000,0.000000
97,1.911679,0.682013,-1.519871,1.164921,1.051983,-1.233150,7.110714,0.957273,0.051266,-0.748757,-2.416469,0.508613,2.419863,2.897300,0.000044,0.000113,-0.023696,-0.122201,-0.034734,0.094188,0.327775,-0.360035,-0.000047,0.000435,-0.000261,0.049196,-4.415589,0.880880,-6.467536,-3.547661,1.947645,0.003025,0.024800,-0.020321,-0.079743,-22.141508,-0.737896,14.360135,0.307023,1.206330,12.000000,-0.090345,-0.230481,-0.079743,-22.141508,-0.737896,14.360135,0.307023,1.206330,111.924904,-0.090345,-0.230481,87.000000,87.000000,87.000000,87.000000,12.000000,12.000000,12.000000,200.000000,200.000000,0.000000,0.000000,0.000000,0.000000,0.000000,0.000000,0.000000,0.000000,0.000000
98,1.961377,0.693032,-1.446440,1.242776,0.998431,-1.238062,7.012530,0.950657,0.049286,-0.743724,-2.416827,0.504107,2.410223,2.897300,0.000047,0.000111,-0.117000,-0.175127,0.121534,0.066296,-0.142623,-0.282155,-0.000038,0.000275,-0.000228,4.925207,-1.300664,-2.308068,-1.609807,1.725013,5.667336,-0.000684,-0.010447,0.005701,2.969543,-21.223707,1.193009,17.852900,0.064078,1.803093,12.000000,-0.140184,-0.188932,2.969543,-21.223707,1.193009,17.852900,0.064078,1.803093,107.997299,-0.140184,-0.188932,87.000000,87.000000,87.000000,87.000000,12.000000,12.000000,12.000000,200.000000,200.000000,0.000000,0.000000,0.000000,0.000000,0.000000,0.000000,0.000000,0.000000,0.000000
99,1.945940,0.771508,-1.448540,1.260357,0.986820,-1.209324,7.039755,0.947020,0.048464,-0.739447,-2.417298,0.497802,2.411072,2.897300,0.000054,0.000104,-0.042179,-0.068419,0.092453,0.121022,-0.152378,-0.019311,-0.000036,0.000250,-0.000208,2.959670,3.193084,-1.847545,2.310647,2.393774,0.487873,-0.001127,-0.009273,0.008695,2.333468,-18.046717,0.868464,18.672106,0.169728,1.891577,12.000000,-0.149998,-0.172457,2.333468,-18.046717,0.868464,18.672106,0.169728,1.891577,109.086258,-0.149998,-0.172457,87.000000,87.000000,87.000000,87.000000,12.000000,12.000000,12.000000,200.000000,200.000000,0.000000,0.000000,0.000000,0.000000,0.000000,0.000000,0.000000,0.000000,0.000000
100,1.859808,0.564853,-1.534752,1.299898,1.012970,-1.203470,6.983950,0.949076,0.046311,-0.740089,-2.417226,0.499029,2.412752,2.897300,0.000048,0.000109,0.077424,-0.234051,-0.024606,0.099200,0.067357,-0.053091,-0.000043,0.000282,-0.000223,-0.804349,-4.768186,0.563976,-0.172402,-0.315598,-1.445456,0.000650,0.006706,-0.006309,-1.811523,-26.154081,-2.076794,20.164331,0.384150,1.964432,12.000000,-0.115490,-0.203951,-1.811523,-26.154081,-2.076794,20.164331,0.384150,1.964432,106.854172,-0.115490,-0.203951,87.000000,87.000000,87.000000,87.000000,12.000000,12.000000,12.000000,200.000000,200.000000,0.000000,0.000000,0.000000,0.000000,0.000000,0.000000,0.000000,0.000000,0.000000
101,1.955437,0.833561,-1.414581,1.218471,0.991600,-1.223979,7.032054,0.944366,0.044765,-0.733567,-2.415737,0.496426,2.411050,2.897300,0.000050,0.000108,-0.076384,-0.058277,0.161838,0.167107,-0.055032,-0.122411,-0.000037,0.000387,-0.000301,4.077329,5.170993,-2.889587,1.142455,1.506842,1.179583,0.000490,-0.002278,0.002165,3.082208,-15.183217,1.509754,16.682421,0.164235,1.616124,12.000000,-0.139310,-0.183335,3.082208,-15.183217,1.509754,16.682421,0.164235,1.616124,108.778343,-0.139310,-0.183335,87.000000,87.000000,87.000000,87.000000,12.000000,12.000000,12.000000,200.000000,200.000000,0.000000,0.000000,0.000000,0.000000,0.000000,0.000000,0.000000,0.000000,0.000000
102,1.938414,0.772780,-1.456706,1.247102,1.051203,-1.176426,7.103764,0.947351,0.047494,-0.732740,-2.414524,0.508364,2.420172,2.897300,0.000054,0.000104,0.114815,0.028854,0.016032,0.161355,0.311688,0.156612,-0.000038,0.000335,-0.000280,-0.656260,2.535901,0.629538,1.811595,-6.780699,-4.602846,-0.000602,0.002331,-0.001884,1.380366,-18.215488,0.350857,17.784622,0.142488,1.716326,12.000000,-0.136795,-0.183705,1.380366,-18.215488,0.350857,17.784622,0.142488,1.716326,111.646645,-0.136795,-0.183705,87.000000,87.000000,87.000000,87.000000,12.000000,12.000000,12.000000,200.000000,200.000000,0.000000,0.000000,0.000000,0.000000,0.000000,0.000000,0.000000,0.000000,0.000000
103,1.895278,0.727158,-1.513860,1.190825,1.033003,-1.236393,7.095698,0.953243,0.051047,-0.736097,-2.412880,0.510483,2.413436,2.897300,0.000045,0.000111,0.155219,-0.010001,-0.070431,0.092322,0.067117,-0.288664,-0.000039,0.000422,-0.000307,-2.825705,-1.513542,2.731894,-4.070920,0.029064,2.580982,0.001840,0.008010,-0.006549,-1.053774,-20.452274,-1.310140,15.250832,0.289389,1.444308,12.000000,-0.117203,-0.203475,-1.053774,-20.452274,-1.310140,15.250832,0.289389,1.444308,111.324211,-0.117203,-0.203475,87.000000,87.000000,87.000000,87.000000,12.000000,12.000000,12.000000,200.000000,200.000000,0.000000,0.000000,0.000000,0.000000,0.000000,0.000000,0.000000,0.000000,0.000000
104,1.809164,0.545006,-1.634062,1.342211,1.005476,-1.145889,7.115269,0.963572,0.050898,-0.745339,-2.414399,0.505037,2.423987,2.897300,0.000061,0.000098,0.244205,-0.171253,-0.242355,0.077931,-0.185944,0.256409,-0.000032,0.000098,-0.000038,-6.884455,-4.594444,4.028120,1.992324,0.318857,-3.483968,0.002502,-0.018685,0.020698,-5.792257,-27.472265,-4.846976,21.810328,0.296628,2.440868,12.000000,-0.169486,-0.152962,-5.792257,-27.472265,-4.846976,21.810328,0.296628,2.440868,112.107117,-0.169486,-0.152962,87.000000,87.000000,87.000000,87.000000,12.000000,12.000000,12.000000,200.000000,200.000000,0.000000,0.000000,0.000000,0.000000,0.000000,0.000000,0.000000,0.000000,0.000000
105,1.824312,0.733651,-1.561662,1.202977,0.972303,-1.199405,7.024137,0.959960,0.048643,-0.744093,-2.414526,0.493092,2.423273,2.897300,0.000054,0.000104,-0.108048,-0.150519,0.016945,0.072436,-0.247913,-0.141630,-0.000044,0.000403,-0.000320,0.326625,0.712917,-2.296881,-1.911834,7.412017,-0.401186,0.001078,0.011412,-0.012195,-3.544241,-19.498476,-3.106018,16.044249,0.513762,1.574700,12.000000,-0.127486,-0.198620,-3.544241,-19.498476,-3.106018,16.044249,0.513762,1.574700,108.461761,-0.127486,-0.198620,87.000000,87.000000,87.000000,87.000000,12.000000,12.000000,12.000000,200.000000,200.000000,0.000000,0.000000,0.000000,0.000000,0.000000,0.000000,0.000000,0.000000,0.000000
106,1.948004,0.707055,-1.491051,1.234289,1.055078,-1.200459,7.153370,0.959165,0.046537,-0.745109,-2.416625,0.506465,2.421824,2.897300,0.000050,0.000108,0.006505,-0.159832,-0.034352,0.034025,0.404581,-0.144698,-0.000043,0.000637,-0.000462,0.153494,-0.190710,0.464491,-0.184364,-5.878129,-0.827172,0.001685,0.023021,-0.016635,1.153227,-20.421038,0.092281,17.665062,0.263684,1.631971,12.000000,-0.115838,-0.203699,1.153227,-20.421038,0.092281,17.665062,0.263684,1.631971,113.631096,-0.115838,-0.203699,87.000000,87.000000,87.000000,87.000000,12.000000,12.000000,12.000000,200.000000,200.000000,0.000000,0.000000,0.000000,0.000000,0.000000,0.000000,0.000000,0.000000,0.000000
107,2.052171,0.733428,-1.355309,1.217045,1.021618,-1.234086,7.055609,0.951066,0.044082,-0.736220,-2.418520,0.508775,2.414056,2.897300,0.000043,0.000114,-0.128612,-0.166540,0.235253,0.025695,0.040311,-0.274344,-0.000039,0.000234,-0.000160,7.625275,0.102760,-3.092109,-1.423557,-1.067107,3.823376,0.000735,-0.003363,0.002365,6.756814,-19.135334,3.885855,17.077480,-0.025462,1.523968,12.000000,-0.118721,-0.204676,6.756814,-19.135334,3.885855,17.077480,-0.025462,1.523968,109.720528,-0.118721,-0.204676,87.000000,87.000000,87.000000,87.000000,12.000000,12.000000,12.000000,200.000000,200.000000,0.000000,0.000000,0.000000,0.000000,0.000000,0.000000,0.000000,0.000000,0.000000
108,1.916107,0.672558,-1.537059,1.325228,1.037572,-1.176340,7.140667,0.960204,0.042730,-0.742486,-2.419697,0.511866,2.418302,2.897300,0.000058,0.000101,0.249397,-0.112433,-0.164338,0.136501,0.064613,0.074755,-0.000036,0.000335,-0.000312,-4.740159,1.290330,3.739127,4.756679,-2.837622,-0.894075,0.002654,-0.016060,0.012092,-1.130588,-21.538488,-1.426394,21.556540,0.195325,2.303119,12.000000,-0.173121,-0.154479,-1.130588,-21.538488,-1.426394,21.556540,0.195325,2.303119,113.123070,-0.173121,-0.154479,87.000000,87.000000,87.000000,87.000000,12.000000,12.000000,12.000000,200.000000,200.000000,0.000000,0.000000,0.000000,0.000000,0.000000,0.000000,0.000000,0.000000,0.000000
109,1.815860,0.700532,-1.627259,1.250419,1.027858,-1.200530,7.124285,0.967811,0.042779,-0.750456,-2.417431,0.510076,2.417695,2.897300,0.000059,0.000099,0.149721,-0.080522,-0.203062,0.176917,-0.025875,-0.105725,-0.000055,0.000428,-0.000356,-6.312428,0.621059,2.842897,0.244288,1.416770,0.434025,-0.000418,-0.000338,-0.000013,-5.575968,-20.546997,-4.342045,18.017723,0.440508,1.931291,12.000000,-0.157976,-0.166052,-5.575968,-20.546997,-4.342045,18.017723,0.440508,1.931291,112.467598,-0.157976,-0.166052,87.000000,87.000000,87.000000,87.000000,12.000000,12.000000,12.000000,200.000000,200.000000,0.000000,0.000000,0.000000,0.000000,0.000000,0.000000,0.000000,0.000000,0.000000
110,1.949001,0.801647,-1.478066,1.250287,1.027368,-1.175307,7.079802,0.962951,0.045321,-0.747065,-2.414518,0.510421,2.423836,2.897300,0.000060,0.000098,-0.106708,0.043427,0.078401,0.218448,0.010691,0.094504,-0.000034,0.000156,-0.000107,2.351345,3.792869,-2.301752,1.908935,-0.791945,-2.379498,-0.000884,-0.003308,0.005124,1.318743,-16.854744,0.307443,17.763391,0.165151,1.758751,12.000000,-0.145768,-0.172802,1.318743,-16.854744,0.307443,17.763391,0.165151,1.758751,110.688133,-0.145768,-0.172802,87.000000,87.000000,87.000000,87.000000,12.000000,12.000000,12.000000,200.000000,200.000000,0.000000,0.000000,0.000000,0.000000,0.000000,0.000000,0.000000,0.000000,0.000000
111,1.981500,0.644140,-1.464285,1.234617,1.051705,-1.234445,7.085843,0.961128,0.047073,-0.745445,-2.411735,0.515537,2.415981,2.897300,0.000038,0.000117,-0.000918,-0.115203,0.050472,0.123195,0.185279,-0.329887,-0.000045,0.000326,-0.000198,2.204021,-4.752758,0.526227,-4.286122,-0.925012,2.288729,0.002698,0.022248,-0.019223,2.470099,-23.360580,0.969462,16.814575,0.270135,1.406784,12.000000,-0.075298,-0.242011,2.470099,-23.360580,0.969462,16.814575,0.270135,1.406784,110.930038,-0.075298,-0.242011,87.000000,87.000000,87.000000,87.000000,12.000000,12.000000,12.000000,200.000000,200.000000,0.000000,0.000000,0.000000,0.000000,0.000000,0.000000,0.000000,0.000000,0.000000
112,1.889904,0.613218,-1.560073,1.243855,1.045848,-1.209564,7.142522,0.965347,0.043761,-0.748648,-2.413571,0.517670,2.414222,2.897300,0.000046,0.000111,0.123715,-0.254122,-0.087204,0.004337,0.031465,-0.087982,-0.000040,0.000308,-0.000264,-2.110473,-3.873916,1.615831,-2.465482,-2.119077,1.221346,-0.001216,-0.008519,0.005211,-2.105939,-23.913195,-2.179585,17.749731,0.192139,1.852667,12.000000,-0.136833,-0.188175,-2.105939,-23.913195,-2.179585,17.749731,0.192139,1.852667,113.196953,-0.136833,-0.188175,87.000000,87.000000,87.000000,87.000000,12.000000,12.000000,12.000000,200.000000,200.000000,0.000000,0.000000,0.000000,0.000000,0.000000,0.000000,0.000000,0.000000,0.000000
113,1.872563,0.789289,-1.529877,1.167148,1.019023,-1.246103,7.111147,0.962049,0.040207,-0.746121,-2.416734,0.511907,2.407082,2.897300,0.000050,0.000108,-0.082753,-0.149796,0.049639,-0.019073,-0.122459,-0.266333,-0.000041,0.000557,-0.000440,1.002538,3.135684,-2.391399,-1.931975,3.581025,3.249791,0.000550,0.001200,-0.000454,-1.804893,-16.464127,-1.771150,15.027792,0.323276,1.546113,12.000000,-0.145869,-0.178542,-1.804893,-16.464127,-1.771150,15.027792,0.323276,1.546113,111.942108,-0.145869,-0.178542,87.000000,87.000000,87.000000,87.000000,12.000000,12.000000,12.000000,200.000000,200.000000,0.000000,0.000000,0.000000,0.000000,0.000000,0.000000,0.000000,0.000000,0.000000
114,1.900983,0.753230,-1.531241,1.325742,1.016413,-1.184476,7.157765,0.961726,0.041365,-0.747771,-2.418185,0.508363,2.412585,2.897300,0.000066,0.000094,-0.004611,0.019346,-0.063385,0.156742,-0.091873,0.110743,-0.000054,0.000295,-0.000267,-1.363620,4.814813,-0.146215,6.413415,0.630040,-1.179547,0.004521,-0.017329,0.015514,-0.985988,-18.353130,-1.264211,21.495522,0.244479,2.323526,12.000000,-0.188309,-0.137557,-0.985988,-18.353130,-1.264211,21.495522,0.244479,2.323526,113.807220,-0.188309,-0.137557,87.000000,87.000000,87.000000,87.000000,12.000000,12.000000,12.000000,200.000000,200.000000,0.000000,0.000000,0.000000,0.000000,0.000000,0.000000,0.000000,0.000000,0.000000
115,1.961456,0.658186,-1.481759,1.209998,1.060986,-1.247658,7.123626,0.960173,0.042763,-0.747695,-2.417712,0.516124,2.407136,2.897300,0.000042,0.000114,-0.012531,-0.110802,0.012850,0.061207,0.263682,-0.279357,-0.000049,0.000335,-0.000202,1.288522,-3.823382,0.655210,-3.778930,-2.147712,0.679325,0.002530,0.027050,-0.022345,1.725707,-22.413260,0.555789,16.501514,0.318490,1.359537,12.000000,-0.076516,-0.239884,1.725707,-22.413260,0.555789,16.501514,0.318490,1.359537,112.441353,-0.076516,-0.239884,87.000000,87.000000,87.000000,87.000000,12.000000,12.000000,12.000000,200.000000,200.000000,0.000000,0.000000,0.000000,0.000000,0.000000,0.000000,0.000000,0.000000,0.000000
116,1.953019,0.695753,-1.480196,1.264319,1.031993,-1.184883,7.139869,0.958860,0.042020,-0.745888,-2.419792,0.515869,2.414479,2.897300,0.000053,0.000105,0.003700,-0.110949,0.037831,0.060401,-0.063909,0.163536,-0.000032,0.000076,-0.000071,1.539848,0.317085,-0.767089,1.665980,-1.954941,-2.178766,-0.002704,-0.018608,0.015360,1.468202,-20.614185,0.322010,19.152525,0.038681,1.960060,12.000000,-0.152011,-0.172233,1.468202,-20.614185,0.322010,19.152525,0.038681,1.960060,113.090706,-0.152011,-0.172233,87.000000,87.000000,87.000000,87.000000,12.000000,12.000000,12.000000,200.000000,200.000000,0.000000,0.000000,0.000000,0.000000,0.000000,0.000000,0.000000,0.000000,0.000000
117,1.854431,0.789865,-1.551069,1.267040,1.010780,-1.181928,7.089246,0.958303,0.044630,-0.746384,-2.418345,0.508594,2.419774,2.897300,0.000060,0.000099,-0.022974,0.060326,-0.033626,0.202842,-0.164744,0.049918,-0.000046,0.000403,-0.000316,-1.580431,4.657865,-0.785221,3.488594,3.856900,-1.941031,0.001402,-0.005271,0.005303,-2.540460,-17.266090,-2.281127,18.872292,0.382759,1.960070,12.000000,-0.165686,-0.160163,-2.540460,-17.266090,-2.281127,18.872292,0.382759,1.960070,111.066162,-0.165686,-0.160163,87.000000,87.000000,87.000000,87.000000,12.000000,12.000000,12.000000,200.000000,200.000000,0.000000,0.000000,0.000000,0.000000,0.000000,0.000000,0.000000,0.000000,0.000000
118,1.963325,0.627732,-1.487966,1.240226,1.046043,-1.220958,7.109253,0.958785,0.046700,-0.747720,-2.416509,0.512830,2.416252,2.897300,0.000041,0.000115,0.043905,-0.109898,-0.020396,0.106780,0.169182,-0.211867,-0.000047,0.000253,-0.000174,0.484935,-5.001163,1.743031,-3.324908,-0.868958,0.199062,0.001957,0.020070,-0.017978,1.712559,-24.015083,0.463217,17.519573,0.305671,1.493121,12.000000,-0.078582,-0.237641,1.712559,-24.015083,0.463217,17.519573,0.305671,1.493121,111.866409,-0.078582,-0.237641,87.000000,87.000000,87.000000,87.000000,12.000000,12.000000,12.000000,200.000000,200.000000,0.000000,0.000000,0.000000,0.000000,0.000000,0.000000,0.000000,0.000000,0.000000
119,1.914006,0.681608,-1.502323,1.220055,1.020391,-1.215700,7.105627,0.957032,0.044900,-0.745481,-2.417702,0.510548,2.413961,2.897300,0.000045,0.000112,-0.014434,-0.173737,0.050819,0.032271,-0.072377,-0.115141,-0.000040,0.000305,-0.000243,1.644833,-1.616349,-1.074108,-2.078547,0.569876,1.447927,-0.000987,-0.005769,0.004490,0.105888,-21.352928,-0.644881,17.076954,0.174772,1.711399,12.000000,-0.130022,-0.192004,0.105888,-21.352928,-0.644881,17.076954,0.174772,1.711399,111.721146,-0.130022,-0.192004,87.000000,87.000000,87.000000,87.000000,12.000000,12.000000,12.000000,200.000000,200.000000,0.000000,0.000000,0.000000,0.000000,0.000000,0.000000,0.000000,0.000000,0.000000
120,1.943410,0.756113,-1.484722,1.292777,1.031697,-1.161597,7.139304,0.957250,0.044490,-0.744219,-2.418628,0.511523,2.423301,2.897300,0.000056,0.000102,0.035799,-0.045188,0.020546,0.145409,0.022333,0.183962,-0.000037,0.000278,-0.000227,0.338608,3.809304,-0.561313,4.790017,-1.528599,-3.767700,0.000294,-0.010719,0.010559,1.057522,-18.372095,0.066276,20.151308,0.175897,2.034557,12.000000,-0.157252,-0.165087,1.057522,-18.372095,0.066276,20.151308,0.175897,2.034557,113.068344,-0.157252,-0.165087,87.000000,87.000000,87.000000,87.000000,12.000000,12.000000,12.000000,200.000000,200.000000,0.000000,0.000000,0.000000,0.000000,0.000000,0.000000,0.000000,0.000000,0.000000
121,0.860306,-0.902108,-1.476914,2.957979,-1.435620,-1.734520,2.940218,0.903427,0.028661,-0.695867,-2.372612,0.434589,2.337313,2.810304,0.000211,0.000096,-1.439701,-1.089932,1.313472,2.090210,-2.409310,-2.606598,-2.609975,0.009075,-0.000369,12.649462,-31.779018,-11.075534,38.856617,-8.966559,0.462785,0.027709,0.436182,0.059909,-33.298504,-82.613945,-7.558134,79.945473,-12.000000,-6.431910,-12.000000,-0.250673,-0.104665,-33.298504,-82.613945,-7.558134,79.945473,-86.230492,-6.431910,-40.974213,-0.250673,-0.104665,87.000000,87.000000,87.000000,87.000000,12.000000,12.000000,12.000000,200.000000,200.000000,0.000000,0.000000,0.000000,0.000000,0.000000,0.000000,0.000000,0.000000,0.000000
122,0.879942,-0.353871,-1.185421,2.296449,-1.666642,-1.839247,2.715189,0.837796,-0.016539,-0.630619,-2.302597,0.351513,2.250418,2.723305,0.000275,0.000193,-1.734546,-1.825529,1.806154,2.125961,-2.516161,-2.607300,-2.610018,0.002118,0.003092,15.698074,-18.790182,-11.580469,-0.049539,-0.341964,-0.063057,-0.006766,-0.064148,-0.007410,-26.279345,-54.342716,-2.482565,45.564224,-12.000000,-3.694551,-12.000000,-0.822764,-0.604212,-26.279345,-54.342716,-2.482565,45.564224,-88.076935,-3.694551,-43.017181,-0.822764,-0.604212,87.000000,87.000000,87.000000,87.000000,12.000000,12.000000,12.000000,200.000000,200.000000,0.000000,0.000000,0.000000,0.000000,0.000000,0.000000,0.000000,0.000000,0.000000
123,0.623958,0.871880,-1.238780,1.239814,-1.369522,-2.250304,2.768363,0.789406,-0.063148,-0.584225,-2.240566,0.263964,2.163475,2.636301,0.000340,0.000207,-1.377980,-1.287030,1.211158,1.723858,-2.614860,-2.610502,-2.610119,0.004332,-0.001838,3.633449,14.385073,-11.239421,-14.074272,-0.378871,0.019341,0.001616,0.116312,-0.243142,-34.327095,-1.189724,-6.680785,-1.462217,-12.000000,-12.000000,-12.000000,-0.825632,-0.687777,-34.327095,-1.189724,-6.680785,-1.462217,-68.975121,-13.164299,-33.929115,-0.825632,-0.687777,87.000000,87.000000,87.000000,87.000000,12.000000,12.000000,12.000000,200.000000,200.000000,0.000000,0.000000,0.000000,0.000000,0.000000,0.000000,0.000000,0.000000,0.000000
124,0.654400,0.866007,-1.217482,1.273914,-1.189482,-2.299094,2.791712,0.741904,-0.096104,-0.547771,-2.195828,0.176113,2.076549,2.549298,0.000436,0.000067,-1.395688,-0.904242,0.936990,1.173834,-2.599530,-2.610405,-2.610083,0.004466,-0.005091,0.537386,10.430148,-9.703101,-17.613844,0.840297,0.009613,0.000815,-0.017483,-0.058881,-29.445387,-0.082888,-7.925375,-2.450630,-12.000000,-8.162257,-12.000000,-1.259417,0.123053,-29.445387,-0.082888,-7.925375,-2.450630,-54.728004,-8.162257,-26.035101,-1.259417,0.123053,87.000000,87.000000,87.000000,87.000000,12.000000,12.000000,12.000000,200.000000,200.000000,0.000000,0.000000,0.000000,0.000000,0.000000,0.000000,0.000000,0.000000,0.000000
125,0.979172,0.675197,-0.912080,1.487595,-0.964792,-2.259331,2.808326,0.673323,-0.120366,-0.497182,-2.169172,0.089181,1.996584,2.462293,0.000502,0.000000,-1.960169,-0.702345,1.394401,0.692978,-2.573419,-2.109437,-2.609885,0.004303,-0.004895,6.144340,5.088941,-9.056847,-16.302784,1.100378,30.072481,0.010128,0.026239,0.020486,-9.121562,-6.651244,-0.963862,5.272057,-12.000000,0.351055,-12.000000,-1.319365,0.523636,-9.121562,-6.651244,-0.963862,5.272057,-38.825325,0.351055,-18.410286,-1.319365,0.523636,87.000000,87.000000,87.000000,87.000000,12.000000,12.000000,12.000000,200.000000,200.000000,0.000000,0.000000,0.000000,0.000000,0.000000,0.000000,0.000000,0.000000,0.000000
126,1.165311,0.364665,-0.701913,1.705688,-0.738565,-2.141257,2.874457,0.608801,-0.143577,-0.450474,-2.160924,0.003698,1.972045,2.375297,0.000539,0.000000,-1.526688,-0.745654,1.061048,0.281682,-2.563861,-0.555520,-2.609876,0.001900,-0.005258,31.487165,-0.390136,-28.300537,-6.533696,-0.612359,14.347342,-0.002789,-0.050237,-0.025855,3.848532,-17.435429,3.419502,14.961168,-12.000000,2.087136,-8.806193,-1.354345,0.482749,3.848532,-17.435429,3.419502,14.961168,-23.064489,2.087136,-8.806193,-1.354345,0.482749,87.000000,87.000000,87.000000,87.000000,12.000000,12.000000,12.000000,200.000000,200.000000,0.000000,0.000000,0.000000,0.000000,0.000000,0.000000,0.000000,0.000000,0.000000
127,1.289139,0.451251,-0.513515,1.824396,-0.451438,-2.104959,2.891386,0.562672,-0.163171,-0.416966,-2.154764,-0.081868,1.966984,2.291465,0.000562,0.000000,-1.045973,-0.516015,0.798545,0.425798,-2.558098,-0.237740,-2.124771,0.002776,-0.005111,26.187735,6.473082,-18.712631,5.018756,-0.604992,3.491287,29.094999,0.019778,-0.022467,10.899403,-12.632330,9.532265,19.488039,-4.746007,2.457164,-1.169756,-1.344181,0.473637,10.899403,-12.632330,9.532265,19.488039,-4.746007,2.457164,-1.169756,-1.344181,0.473637,87.000000,87.000000,87.000000,87.000000,12.000000,12.000000,12.000000,200.000000,200.000000,0.000000,0.000000,0.000000,0.000000,0.000000,0.000000,0.000000,0.000000,0.000000
128,1.185372,0.438678,-0.529866,1.684264,-0.176109,-2.193523,2.982880,0.528283,-0.177794,-0.389828,-2.150652,-0.098848,1.951576,2.262011,0.000384,0.000000,-0.748124,-0.431135,0.633314,0.201777,0.011693,-0.655956,-0.602368,-0.006386,-0.000735,21.882952,2.002963,-16.056517,-5.680425,16.720072,2.345595,15.128806,-0.434253,0.283332,8.451670,-12.454201,7.307210,13.535687,1.800133,1.164224,0.115105,-1.138116,0.545690,8.451670,-12.454201,7.307210,13.535687,1.800133,1.164224,0.115105,-1.138116,0.545690,87.000000,87.000000,87.000000,87.000000,12.000000,12.000000,12.000000,200.000000,200.000000,0.000000,0.000000,0.000000,0.000000,0.000000,0.000000,0.000000,0.000000,0.000000
129,0.951878,0.273444,-0.674374,1.788122,-0.204336,-2.144540,2.909117,0.505176,-0.191066,-0.371629,-2.152187,-0.104388,1.947995,2.230139,0.000216,0.000005,-0.568308,-0.400423,0.433425,0.104042,-0.150800,-0.182426,-0.702937,-0.002359,0.000101,10.582637,1.289735,-10.746150,-1.046874,1.100030,2.819366,16.360952,0.136533,0.001342,-0.180127,-18.130390,0.926554,18.329596,0.586528,2.208242,0.050131,-0.109060,-0.010935,-0.180127,-18.130390,0.926554,18.329596,0.586528,2.208242,0.050131,-0.109060,-0.010935,87.000000,87.000000,87.000000,87.000000,12.000000,12.000000,12.000000,200.000000,200.000000,0.000000,0.000000,0.000000,0.000000,0.000000,0.000000,0.000000,0.000000,0.000000
130,1.071139,0.382021,-0.557222,1.810090,-0.114383,-2.149411,2.880471,0.490344,-0.200237,-0.360532,-2.152704,-0.089281,1.945318,2.206461,0.000143,0.000031,-0.318434,-0.204614,0.272747,0.221288,0.489629,-0.248886,-0.509667,-0.000613,0.000322,9.781644,5.563395,-6.322887,3.869750,-5.407902,0.456388,12.252974,0.029171,0.010693,5.066632,-13.334138,5.405512,19.217365,0.919863,2.250144,0.048642,-0.236016,-0.045227,5.066632,-13.334138,5.405512,19.217365,0.919863,2.250144,0.048642,-0.236016,-0.045227,87.000000,87.000000,87.000000,87.000000,12.000000,12.000000,12.000000,200.000000,200.000000,0.000000,0.000000,0.000000,0.000000,0.000000,0.000000,0.000000,0.000000,0.000000
131,0.987404,0.260509,-0.602083,1.789636,-0.143121,-2.162963,2.891248,0.480711,-0.206210,-0.351956,-2.152095,-0.084637,1.941567,2.196891,0.000103,0.000060,-0.241223,-0.187309,0.248494,0.164447,0.092186,-0.241801,-0.208251,0.000163,-0.000053,5.371105,0.470720,-3.700090,-2.076277,-3.434008,2.124936,4.767852,0.026301,-0.018536,2.020129,-18.057045,3.150744,18.157898,0.547257,2.094612,0.009006,-0.206606,-0.124363,2.020129,-18.057045,3.150744,18.157898,0.547257,2.094612,0.009006,-0.206606,-0.124363,87.000000,87.000000,87.000000,87.000000,12.000000,12.000000,12.000000,200.000000,200.000000,0.000000,0.000000,0.000000,0.000000,0.000000,0.000000,0.000000,0.000000,0.000000
132,1.027715,0.347902,-0.554364,1.830390,-0.099729,-2.168148,2.862082,0.474503,-0.208946,-0.344861,-2.150573,-0.074139,1.936993,2.184933,0.000093,0.000070,-0.129720,-0.023973,0.207620,0.272645,0.322901,-0.274570,-0.260317,0.000647,-0.000407,5.298069,4.509447,-2.765190,2.887775,-4.301927,2.338949,6.230354,0.001210,-0.000669,3.829667,-14.548301,4.652898,19.661077,0.792053,2.346759,0.022892,-0.256151,-0.092258,3.829667,-14.548301,4.652898,19.661077,0.792053,2.346759,0.022892,-0.256151,-0.092258,87.000000,87.000000,87.000000,87.000000,12.000000,12.000000,12.000000,200.000000,200.000000,0.000000,0.000000,0.000000,0.000000,0.000000,0.000000,0.000000,0.000000,0.000000
133,0.853500,0.235577,-0.700236,1.742871,-0.137586,-2.234553,2.872800,0.470500,-0.210225,-0.339951,-2.149833,-0.075038,1.922969,2.181289,0.000068,0.000092,-0.139990,-0.080553,0.139989,0.092795,-0.015644,-0.525958,-0.079916,0.000784,-0.000473,0.637957,-1.876442,-3.165437,-7.355690,0.287833,6.198749,1.826201,0.018718,-0.015572,-3.063008,-19.154699,-1.410534,15.992783,0.505666,1.704074,0.007546,-0.188469,-0.154859,-3.063008,-19.154699,-1.410534,15.992783,0.505666,1.704074,0.007546,-0.188469,-0.154859,87.000000,87.000000,87.000000,87.000000,12.000000,12.000000,12.000000,200.000000,200.000000,0.000000,0.000000,0.000000,0.000000,0.000000,0.000000,0.000000,0.000000,0.000000
134,0.807669,0.159135,-0.725035,1.942038,-0.180102,-2.121523,2.847330,0.465877,-0.211547,-0.338033,-2.151736,-0.086235,1.933484,2.173392,0.000090,0.000075,-0.174613,-0.015530,0.044691,0.216133,-0.309574,0.209188,-0.179542,0.000720,-0.000541,-0.918405,2.456679,-2.996542,6.496059,2.818259,-2.332742,3.937591,-0.011755,0.011917,-4.521153,-22.032080,-2.293847,24.572659,0.614422,2.958507,0.007183,-0.273470,-0.075545,-4.521153,-22.032080,-2.293847,24.572659,0.614422,2.958507,0.007183,-0.273470,-0.075545,87.000000,87.000000,87.000000,87.000000,12.000000,12.000000,12.000000,200.000000,200.000000,0.000000,0.000000,0.000000,0.000000,0.000000,0.000000,0.000000,0.000000,0.000000
135,0.971581,0.160455,-0.600216,1.864395,-0.120046,-2.150768,2.853722,0.464297,-0.212251,-0.340197,-2.150373,-0.081435,1.938283,2.170589,0.000077,0.000085,-0.031553,-0.050812,-0.040630,0.222938,0.244671,-0.100474,-0.055260,0.000705,-0.000487,1.628115,-1.089869,0.167021,-0.005801,-0.029084,-4.000258,1.526074,0.010645,-0.008681,1.931244,-22.031317,3.274331,20.970842,1.023782,2.107677,0.018630,-0.213990,-0.128898,1.931244,-22.031317,3.274331,20.970842,1.023782,2.107677,0.018630,-0.213990,-0.128898,87.000000,87.000000,87.000000,87.000000,12.000000,12.000000,12.000000,200.000000,200.000000,0.000000,0.000000,0.000000,0.000000,0.000000,0.000000,0.000000,0.000000,0.000000
136,0.982439,0.207057,-0.560369,1.871778,-0.109530,-2.143374,2.867410,0.460456,-0.212994,-0.338261,-2.148448,-0.074090,1.940751,2.172542,0.000078,0.000084,-0.113397,-0.025010,0.105715,0.259648,0.203314,-0.098386,0.044496,0.000885,-0.000632,2.633663,0.567571,-0.117588,1.362221,-4.025221,-1.075930,-1.061935,0.002394,-0.001111,2.941590,-20.082346,4.313260,21.091558,0.722800,2.375268,-0.005747,-0.239393,-0.107256,2.941590,-20.082346,4.313260,21.091558,0.722800,2.375268,-0.005747,-0.239393,-0.107256,87.000000,87.000000,87.000000,87.000000,12.000000,12.000000,12.000000,200.000000,200.000000,0.000000,0.000000,0.000000,0.000000,0.000000,0.000000,0.000000,0.000000,0.000000
137,0.999311,0.258801,-0.550578,1.741425,-0.112197,-2.228486,2.872864,0.459009,-0.214145,-0.335600,-2.147666,-0.070592,1.926921,2.174889,0.000062,0.000098,-0.027656,-0.072718,0.119833,0.099284,0.137091,-0.556218,0.051438,0.001068,-0.000734,2.606123,-1.724618,0.175020,-7.218044,-0.646527,5.223076,-1.133308,0.013303,-0.012485,3.502676,-17.925772,4.470842,15.751337,0.712243,1.649035,0.002144,-0.202985,-0.145497,3.502676,-17.925772,4.470842,15.751337,0.712243,1.649035,0.002144,-0.202985,-0.145497,87.000000,87.000000,87.000000,87.000000,12.000000,12.000000,12.000000,200.000000,200.000000,0.000000,0.000000,0.000000,0.000000,0.000000,0.000000,0.000000,0.000000,0.000000
138,0.927873,0.203964,-0.619078,1.915240,-0.129385,-2.144819,2.875574,0.460897,-0.214996,-0.334721,-2.149382,-0.072466,1.930945,2.176813,0.000083,0.000080,0.036541,0.003899,0.054708,0.204587,-0.056072,0.027924,0.039064,0.000786,-0.000641,-0.481857,2.699592,0.183475,5.168581,-0.806009,0.141325,-1.094933,-0.020504,0.015866,0.149190,-20.002630,1.832913,23.266399,0.665744,2.848423,-0.009087,-0.279288,-0.073041,0.149190,-20.002630,1.832913,23.266399,0.665744,2.848423,-0.009087,-0.279288,-0.073041,87.000000,87.000000,87.000000,87.000000,12.000000,12.000000,12.000000,200.000000,200.000000,0.000000,0.000000,0.000000,0.000000,0.000000,0.000000,0.000000,0.000000,0.000000
139,0.786764,0.120887,-0.735426,1.898013,-0.186917,-2.153410,2.872489,0.460369,-0.214879,-0.333952,-2.147429,-0.086860,1.934731,2.177065,0.000074,0.000086,-0.088170,-0.021831,0.038742,0.249072,-0.347817,-0.063086,0.000380,0.000776,-0.000569,-2.714115,-0.912992,-1.662712,0.389329,6.387950,-1.138311,-0.166884,0.006887,-0.005803,-5.253346,-23.472330,-2.940155,22.030611,0.705048,2.360923,0.003854,-0.218173,-0.123363,-5.253346,-23.472330,-2.940155,22.030611,0.705048,2.360923,0.003854,-0.218173,-0.123363,87.000000,87.000000,87.000000,87.000000,12.000000,12.000000,12.000000,200.000000,200.000000,0.000000,0.000000,0.000000,0.000000,0.000000,0.000000,0.000000,0.000000,0.000000
140,0.861761,0.244192,-0.674728,1.837477,-0.130024,-2.191619,2.869536,0.457628,-0.214269,-0.334757,-2.144910,-0.083302,1.929836,2.176339,0.000069,0.000091,-0.099292,0.024339,-0.025005,0.248812,0.216516,-0.322762,-0.011693,0.000964,-0.000698,0.244258,1.041618,-2.066671,-0.766810,0.565105,1.142737,0.510732,0.007910,-0.007484,-1.829489,-18.600565,-0.307356,19.343340,0.882534,2.035003,0.016829,-0.218774,-0.126387,-1.829489,-18.600565,-0.307356,19.343340,0.882534,2.035003,0.016829,-0.218774,-0.126387,87.000000,87.000000,87.000000,87.000000,12.000000,12.000000,12.000000,200.000000,200.000000,0.000000,0.000000,0.000000,0.000000,0.000000,0.000000,0.000000,0.000000,0.000000
141,1.111981,0.214814,-0.466871,1.826864,-0.106218,-2.175394,2.837631,0.459645,-0.214154,-0.337288,-2.145128,-0.074656,1.929595,2.168465,0.000074,0.000088,0.092230,-0.027538,0.004733,0.137114,0.241094,-0.148125,-0.174771,0.000749,-0.000547,2.526633,-1.163157,3.815372,-2.226576,-4.517494,-0.006596,4.107260,-0.007129,0.006826,7.638165,-19.773623,8.465453,19.148420,0.772965,2.183611,0.011464,-0.237555,-0.106750,7.638165,-19.773623,8.465453,19.148420,0.772965,2.183611,0.011464,-0.237555,-0.106750,87.000000,87.000000,87.000000,87.000000,12.000000,12.000000,12.000000,200.000000,200.000000,0.000000,0.000000,0.000000,0.000000,0.000000,0.000000,0.000000,0.000000,0.000000
142,0.848071,0.178601,-0.683593,1.840699,-0.125465,-2.167049,2.874707,0.459433,-0.214987,-0.335851,-2.147525,-0.073200,1.931559,2.173144,0.000069,0.000091,-0.059054,-0.042833,0.071186,0.095961,0.040021,-0.105818,0.105054,0.000764,-0.000553,-1.103953,-0.407658,-1.148159,-0.783050,-1.698973,-1.050743,-2.553757,0.006138,-0.005245,-2.710770,-21.071333,-0.773216,20.085936,0.578347,2.187302,-0.009716,-0.208438,-0.132891,-2.710770,-21.071333,-0.773216,20.085936,0.578347,2.187302,-0.009716,-0.208438,-0.132891,87.000000,87.000000,87.000000,87.000000,12.000000,12.000000,12.000000,200.000000,200.000000,0.000000,0.000000,0.000000,0.000000,0.000000,0.000000,0.000000,0.000000,0.000000
143,0.892875,0.154412,-0.644273,1.943787,-0.124714,-2.107830,2.858102,0.459020,-0.215209,-0.335914,-2.148318,-0.073536,1.942878,2.171720,0.000081,0.000082,-0.034434,0.008751,0.019118,0.246696,0.009220,0.155241,-0.034649,0.000774,-0.000542,-0.380850,1.736784,-0.460193,5.908454,-0.669303,-4.407486,0.719032,-0.007056,0.010421,-0.905575,-22.035332,0.978530,24.254009,0.776180,2.767264,0.000776,-0.253180,-0.090642,-0.905575,-22.035332,0.978530,24.254009,0.776180,2.767264,0.000776,-0.253180,-0.090642,87.000000,87.000000,87.000000,87.000000,12.000000,12.000000,12.000000,200.000000,200.000000,0.000000,0.000000,0.000000,0.000000,0.000000,0.000000,0.000000,0.000000,0.000000
144,0.993670,0.152848,-0.561260,1.840276,-0.131868,-2.192681,2.878787,0.460113,-0.215707,-0.336047,-2.145545,-0.076034,1.934653,2.175825,0.000064,0.000096,0.024571,-0.067388,0.056751,0.211021,0.009578,-0.431658,0.091571,0.001038,-0.000753,0.971304,-2.708670,1.605232,-4.048215,2.867577,2.681896,-2.061380,0.011059,-0.014501,2.955842,-22.109337,4.329542,19.419064,0.902242,1.983514,0.003644,-0.208691,-0.143996,2.955842,-22.109337,4.329542,19.419064,0.902242,1.983514,0.003644,-0.208691,-0.143996,87.000000,87.000000,87.000000,87.000000,12.000000,12.000000,12.000000,200.000000,200.000000,0.000000,0.000000,0.000000,0.000000,0.000000,0.000000,0.000000,0.000000,0.000000
145,0.916156,0.302461,-0.622905,1.738428,-0.130529,-2.235030,2.872052,0.459196,-0.217106,-0.333330,-2.147112,-0.075563,1.920889,2.176409,0.000062,0.000099,-0.048398,-0.044002,0.106450,0.052428,0.061896,-0.506520,0.011876,0.001073,-0.000752,0.786644,0.552403,-1.211922,-5.415286,0.136045,5.924735,-0.232762,0.004191,-0.002385,0.112108,-15.890479,1.353837,15.812976,0.619487,1.783675,0.005300,-0.217489,-0.129878,0.112108,-15.890479,1.353837,15.812976,0.619487,1.783675,0.005300,-0.217489,-0.129878,87.000000,87.000000,87.000000,87.000000,12.000000,12.000000,12.000000,200.000000,200.000000,0.000000,0.000000,0.000000,0.000000,0.000000,0.000000,0.000000,0.000000,0.000000
146,0.991189,0.131572,-0.569670,2.005764,-0.113633,-2.078400,2.859060,0.463230,-0.217361,-0.334522,-2.149883,-0.072502,1.940104,2.173641,0.000096,0.000072,0.123176,0.025449,0.003435,0.250176,0.070913,0.435474,-0.063269,0.000621,-0.000400,-0.004879,3.001214,1.779160,10.565783,-3.638280,-6.644929,1.308451,-0.021592,0.028820,2.296149,-22.749659,4.016755,27.113188,0.797985,3.305039,-0.004504,-0.296122,-0.051380,2.296149,-22.749659,4.016755,27.113188,0.797985,3.305039,-0.004504,-0.296122,-0.051380,87.000000,87.000000,87.000000,87.000000,12.000000,12.000000,12.000000,200.000000,200.000000,0.000000,0.000000,0.000000,0.000000,0.000000,0.000000,0.000000,0.000000,0.000000
147,0.735859,0.206730,-0.768269,1.796121,-0.187899,-2.194799,2.885552,0.460018,-0.215859,-0.331267,-2.146208,-0.086471,1.934785,2.178472,0.000061,0.000099,-0.193334,0.018617,0.110313,0.226235,-0.321095,-0.378167,0.104228,0.000847,-0.000630,-2.652517,-1.198214,-3.328123,-5.098634,7.425218,1.562213,-2.507662,0.014910,-0.024544,-6.983167,-20.084911,-4.749088,17.605524,0.627792,1.681038,0.002192,-0.185986,-0.173833,-6.983167,-20.084911,-4.749088,17.605524,0.627792,1.681038,0.002192,-0.185986,-0.173833,87.000000,87.000000,87.000000,87.000000,12.000000,12.000000,12.000000,200.000000,200.000000,0.000000,0.000000,0.000000,0.000000,0.000000,0.000000,0.000000,0.000000,0.000000
148,0.986856,0.148052,-0.577441,1.910698,-0.152655,-2.136154,2.841458,0.461527,-0.215618,-0.334274,-2.145523,-0.088439,1.938961,2.170478,0.000076,0.000086,0.063641,-0.010734,-0.062965,0.227468,0.027449,-0.014244,-0.178457,0.000807,-0.000619,0.674216,-0.314794,1.341720,1.947864,1.447589,-1.488625,4.227671,-0.008049,0.008326,2.456749,-22.323132,3.837615,22.530933,0.931174,2.565651,0.020369,-0.247430,-0.097941,2.456749,-22.323132,3.837615,22.530933,0.931174,2.565651,0.020369,-0.247430,-0.097941,87.000000,87.000000,87.000000,87.000000,12.000000,12.000000,12.000000,200.000000,200.000000,0.000000,0.000000,0.000000,0.000000,0.000000,0.000000,0.000000,0.000000,0.000000
149,0.835277,0.143661,-0.705964,1.854183,-0.152277,-2.194942,2.840245,0.461209,-0.216306,-0.336106,-2.143815,-0.087851,1.931345,2.165927,0.000063,0.000097,-0.071531,-0.059047,-0.024781,0.195172,0.076410,-0.392655,-0.098225,0.000955,-0.000690,-1.954010,-1.825443,-0.772641,-2.832059,0.753555,2.722056,2.391418,0.009624,-0.010175,-3.379293,-22.401045,-1.371197,19.947924,0.730185,2.058743,0.016420,-0.203217,-0.142612,-3.379293,-22.401045,-1.371197,19.947924,0.730185,2.058743,0.016420,-0.203217,-0.142612,87.000000,87.000000,87.000000,87.000000,12.000000,12.000000,12.000000,200.000000,200.000000,0.000000,0.000000,0.000000,0.000000,0.000000,0.000000,0.000000,0.000000,0.000000
150,1.095142,0.292582,-0.474668,1.776878,-0.075338,-2.196644,2.873288,0.460527,-0.217665,-0.336179,-2.146325,-0.070549,1.926574,2.171416,0.000075,0.000087,0.023455,-0.040639,0.054603,0.065580,0.514405,-0.281842,0.128629,0.001226,-0.000929,4.189768,0.740224,1.571670,-2.382674,-7.560399,1.091571,-2.839674,0.018247,-0.013306,7.173166,-16.239447,7.802653,17.425936,0.788124,1.988573,-0.006195,-0.230375,-0.113454,7.173166,-16.239447,7.802653,17.425936,0.788124,1.988573,-0.006195,-0.230375,-0.113454,87.000000,87.000000,87.000000,87.000000,12.000000,12.000000,12.000000,200.000000,200.000000,0.000000,0.000000,0.000000,0.000000,0.000000,0.000000,0.000000,0.000000,0.000000
151,0.916877,0.182698,-0.625429,1.922700,-0.139656,-2.130340,2.865464,0.461917,-0.217595,-0.335305,-2.148103,-0.073516,1.934521,2.172691,0.000087,0.000077,-0.001507,0.024734,0.073427,0.205442,-0.146720,0.108519,0.019792,0.000687,-0.000521,-1.307738,2.157914,0.734138,5.072899,-1.444183,-1.533914,-0.789553,-0.020469,0.019715,-0.322084,-20.732813,1.610956,23.454138,0.533862,2.830199,-0.015247,-0.280044,-0.066601,-0.322084,-20.732813,1.610956,23.454138,0.533862,2.830199,-0.015247,-0.280044,-0.066601,87.000000,87.000000,87.000000,87.000000,12.000000,12.000000,12.000000,200.000000,200.000000,0.000000,0.000000,0.000000,0.000000,0.000000,0.000000,0.000000,0.000000,0.000000
152,0.949969,0.069985,-0.600804,1.893088,-0.154376,-2.154300,2.879514,0.464119,-0.218414,-0.334566,-2.147332,-0.081406,1.937120,2.176529,0.000073,0.000087,0.047475,-0.087646,0.069251,0.185761,-0.138879,-0.125468,0.083694,0.000725,-0.000511,0.036856,-3.318818,0.976525,-1.402694,4.512022,-1.895494,-1.976456,0.007729,-0.007320,0.773713,-25.188843,2.559557,21.891325,0.915357,2.251727,0.001867,-0.212074,-0.130332,0.773713,-25.188843,2.559557,21.891325,0.915357,2.251727,0.001867,-0.212074,-0.130332,87.000000,87.000000,87.000000,87.000000,12.000000,12.000000,12.000000,200.000000,200.000000,0.000000,0.000000,0.000000,0.000000,0.000000,0.000000,0.000000,0.000000,0.000000
153,0.830390,0.274858,-0.691552,1.812429,-0.159809,-2.201264,2.882736,0.461593,-0.219181,-0.331025,-2.146257,-0.085790,1.928885,2.179307,0.000067,0.000093,-0.122904,0.001122,0.109725,0.202420,-0.041466,-0.388697,0.060653,0.001031,-0.000739,-0.438314,2.087795,-2.977496,-1.153000,3.047031,3.588990,-1.367311,0.003341,-0.004776,-3.383233,-16.860830,-1.684467,18.549259,0.708450,2.044033,0.005475,-0.226105,-0.123506,-3.383233,-16.860830,-1.684467,18.549259,0.708450,2.044033,0.005475,-0.226105,-0.123506,87.000000,87.000000,87.000000,87.000000,12.000000,12.000000,12.000000,200.000000,200.000000,0.000000,0.000000,0.000000,0.000000,0.000000,0.000000,0.000000,0.000000,0.000000
154,0.907278,0.289951,-0.641330,1.814267,-0.123271,-2.189952,2.888128,0.461043,-0.217588,-0.331860,-2.146556,-0.079818,1.925821,2.182036,0.000074,0.000087,-0.022544,0.072575,-0.021872,0.168850,0.216560,-0.216227,0.061589,0.000891,-0.000675,0.142389,2.273737,-1.101445,-0.175086,-2.373702,1.435058,-1.374052,-0.000554,0.000429,-0.490881,-16.564898,0.842573,18.791058,0.696716,2.165478,0.000368,-0.236873,-0.108588,-0.490881,-16.564898,0.842573,18.791058,0.696716,2.165478,0.000368,-0.236873,-0.108588,87.000000,87.000000,87.000000,87.000000,12.000000,12.000000,12.000000,200.000000,200.000000,0.000000,0.000000,0.000000,0.000000,0.000000,0.000000,0.000000,0.000000,0.000000
155,0.950555,0.213119,-0.603294,1.894199,-0.146361,-2.154325,2.869640,0.462015,-0.214087,-0.334113,-2.145930,-0.081284,1.930317,2.179144,0.000080,0.000082,-0.001877,0.115103,-0.015144,0.240222,-0.044480,-0.009865,-0.068527,0.000738,-0.000560,-0.913518,1.339653,1.472277,2.575859,-0.494127,-0.913239,1.463135,-0.010276,0.009107,1.042151,-20.083681,2.677665,21.905880,0.679877,2.551934,0.001396,-0.254048,-0.091483,1.042151,-20.083681,2.677665,21.905880,0.679877,2.551934,0.001396,-0.254048,-0.091483,87.000000,87.000000,87.000000,87.000000,12.000000,12.000000,12.000000,200.000000,200.000000,0.000000,0.000000,0.000000,0.000000,0.000000,0.000000,0.000000,0.000000,0.000000
156,0.914095,0.067570,-0.651055,1.849504,-0.110191,-2.184404,2.840944,0.464305,-0.213072,-0.337265,-2.146722,-0.075030,1.929420,2.170639,0.000064,0.000095,0.043279,-0.060553,-0.055964,0.087295,0.233163,-0.226838,-0.185855,0.000658,-0.000426,-0.896865,-5.010286,0.952055,-4.516048,-1.886672,-1.342370,4.504099,0.012906,-0.008873,-0.715403,-25.881012,1.095326,20.184309,0.823587,1.962251,0.022880,-0.181544,-0.153533,-0.715403,-25.881012,1.095326,20.184309,0.823587,1.962251,0.022880,-0.181544,-0.153533,87.000000,87.000000,87.000000,87.000000,12.000000,12.000000,12.000000,200.000000,200.000000,0.000000,0.000000,0.000000,0.000000,0.000000,0.000000,0.000000,0.000000,0.000000
157,0.946565,0.190247,-0.597688,1.886273,-0.127250,-2.144698,2.867862,0.462719,-0.214082,-0.336376,-2.149202,-0.074331,1.934396,2.172658,0.000074,0.000087,-0.074915,-0.024081,0.077547,0.149571,0.009687,-0.003361,0.045576,0.000878,-0.000655,0.646168,1.144051,0.193691,2.929990,-1.796567,-1.600693,-1.201350,-0.005577,0.004985,1.108429,-20.638468,2.764217,22.112747,0.669930,2.553672,-0.008373,-0.243520,-0.103036,1.108429,-20.638468,2.764217,22.112747,0.669930,2.553672,-0.008373,-0.243520,-0.103036,87.000000,87.000000,87.000000,87.000000,12.000000,12.000000,12.000000,200.000000,200.000000,0.000000,0.000000,0.000000,0.000000,0.000000,0.000000,0.000000,0.000000,0.000000
158,0.938964,0.258647,-0.616135,1.807552,-0.111405,-2.211623,2.850833,0.462163,-0.213618,-0.335902,-2.149176,-0.071327,1.925435,2.169662,0.000065,0.000095,-0.026594,0.015037,0.039554,0.160108,0.151153,-0.433333,-0.066054,0.001087,-0.000777,0.635828,0.722679,-0.417967,-1.906839,0.151734,3.262344,1.682051,0.008061,-0.008054,0.722491,-18.067814,2.051695,18.659193,0.814047,2.002576,0.014508,-0.218485,-0.130364,0.722491,-18.067814,2.051695,18.659193,0.814047,2.002576,0.014508,-0.218485,-0.130364,87.000000,87.000000,87.000000,87.000000,12.000000,12.000000,12.000000,200.000000,200.000000,0.000000,0.000000,0.000000,0.000000,0.000000,0.000000,0.000000,0.000000,0.000000
159,0.944891,0.113987,-0.609995,1.946039,-0.143478,-2.140133,2.848347,0.463703,-0.213228,-0.336704,-2.149212,-0.076302,1.931253,2.167558,0.000081,0.000082,0.020613,-0.003682,0.023899,0.236841,-0.143250,0.061542,-0.049820,0.000770,-0.000600,-0.673670,-0.133392,1.268232,3.972425,0.566527,-0.844436,0.962749,-0.013340,0.012216,0.635474,-23.884016,2.500144,24.330893,0.717469,2.865011,-0.002442,-0.262677,-0.084338,0.635474,-23.884016,2.500144,24.330893,0.717469,2.865011,-0.002442,-0.262677,-0.084338,87.000000,87.000000,87.000000,87.000000,12.000000,12.000000,12.000000,200.000000,200.000000,0.000000,0.000000,0.000000,0.000000,0.000000,0.000000,0.000000,0.000000,0.000000
160,0.989260,0.182579,-0.566965,1.841438,-0.084054,-2.162646,2.867436,0.463950,-0.213568,-0.335071,-2.148558,-0.067027,1.934557,2.170866,0.000073,0.000088,0.015595,-0.039327,0.087183,0.183334,0.331955,-0.123020,0.078978,0.000798,-0.000563,2.198265,-1.101479,0.103572,-1.065408,-3.025628,-3.203768,-1.661546,0.013431,-0.009837,2.569523,-21.073483,3.853399,19.950945,0.904466,2.037940,0.003444,-0.208640,-0.131716,2.569523,-21.073483,3.853399,19.950945,0.904466,2.037940,0.003444,-0.208640,-0.131716,87.000000,87.000000,87.000000,87.000000,12.000000,12.000000,12.000000,200.000000,200.000000,0.000000,0.000000,0.000000,0.000000,0.000000,0.000000,0.000000,0.000000,0.000000
161,0.769871,0.287994,-0.753311,1.786087,-0.195187,-2.230106,2.881830,0.461958,-0.212919,-0.332859,-2.146655,-0.083785,1.921364,2.176265,0.000063,0.000098,-0.148742,0.032900,0.078931,0.192151,-0.453123,-0.492409,0.110939,0.001166,-0.000779,-3.175959,1.453375,-2.438410,-3.724978,7.217096,7.364713,-2.842264,0.002370,-0.002118,-5.924630,-16.955873,-3.890191,17.408777,0.452882,1.989055,-0.008261,-0.226459,-0.127588,-5.924630,-16.955873,-3.890191,17.408777,0.452882,1.989055,-0.008261,-0.226459,-0.127588,87.000000,87.000000,87.000000,87.000000,12.000000,12.000000,12.000000,200.000000,200.000000,0.000000,0.000000,0.000000,0.000000,0.000000,0.000000,0.000000,0.000000,0.000000
162,1.003749,0.049924,-0.573147,1.987424,-0.135063,-2.080584,2.851531,0.464979,-0.213347,-0.336867,-2.148400,-0.083570,1.941627,2.171714,0.000090,0.000077,0.114206,-0.045192,-0.088193,0.209199,0.075079,0.438388,-0.100956,0.000482,-0.000253,0.667966,-1.019255,2.018836,6.265123,-0.759623,-8.613179,2.352605,-0.011238,0.022549,2.724526,-26.377148,4.319759,26.124945,0.990332,2.973071,0.009786,-0.259812,-0.080782,2.724526,-26.377148,4.319759,26.124945,0.990332,2.973071,0.009786,-0.259812,-0.080782,87.000000,87.000000,87.000000,87.000000,12.000000,12.000000,12.000000,200.000000,200.000000,0.000000,0.000000,0.000000,0.000000,0.000000,0.000000,0.000000,0.000000,0.000000
163,1.010228,0.218612,-0.539523,1.860865,-0.115057,-2.168353,2.852080,0.464200,-0.213438,-0.334556,-2.144625,-0.077730,1.939477,2.169404,0.000070,0.000092,-0.037826,-0.009105,0.137454,0.300764,0.225300,-0.310345,-0.047649,0.000987,-0.000792,2.068065,0.140502,0.748934,-0.302322,-0.960029,-0.537756,1.285319,0.009912,-0.021872,3.516719,-19.651503,4.818226,20.145866,0.919160,2.058162,0.013373,-0.220023,-0.145535,3.516719,-19.651503,4.818226,20.145866,0.919160,2.058162,0.013373,-0.220023,-0.145535,87.000000,87.000000,87.000000,87.000000,12.000000,12.000000,12.000000,200.000000,200.000000,0.000000,0.000000,0.000000,0.000000,0.000000,0.000000,0.000000,0.000000,0.000000
164,0.840281,0.238409,-0.693019,1.757626,-0.166847,-2.210640,2.888152,0.463003,-0.214199,-0.331831,-2.143506,-0.083692,1.929428,2.176908,0.000060,0.000100,-0.078261,-0.057600,0.090859,0.108686,-0.146256,-0.406334,0.163764,0.000882,-0.000610,-0.934288,-1.475689,-1.957277,-6.995824,2.281370,4.699847,-3.963351,0.005345,-0.002943,-3.247561,-18.764055,-1.569540,16.052565,0.485624,1.742079,-0.011037,-0.197746,-0.143296,-3.247561,-18.764055,-1.569540,16.052565,0.485624,1.742079,-0.011037,-0.197746,-0.143296,87.000000,87.000000,87.000000,87.000000,12.000000,12.000000,12.000000,200.000000,200.000000,0.000000,0.000000,0.000000,0.000000,0.000000,0.000000,0.000000,0.000000,0.000000
165,0.780280,0.116013,-0.749485,1.848746,-0.170999,-2.160068,2.888479,0.461521,-0.217265,-0.332897,-2.148711,-0.089186,1.932279,2.180933,0.000066,0.000095,-0.091415,-0.128563,-0.042801,0.001809,-0.104450,-0.049949,0.085585,0.000689,-0.000521,-2.095396,-1.474306,-2.380980,-1.063469,1.846394,-1.317255,-2.095020,-0.005105,0.004629,-5.555415,-23.225838,-3.415433,20.736038,0.624328,2.250613,-0.003434,-0.215171,-0.126303,-5.555415,-23.225838,-3.415433,20.736038,0.624328,2.250613,-0.003434,-0.215171,-0.126303,87.000000,87.000000,87.000000,87.000000,12.000000,12.000000,12.000000,200.000000,200.000000,0.000000,0.000000,0.000000,0.000000,0.000000,0.000000,0.000000,0.000000,0.000000
166,0.988252,0.190794,-0.560882,1.930804,-0.109425,-2.129110,2.844975,0.459720,-0.219346,-0.335062,-2.151532,-0.080020,1.938615,2.172587,0.000080,0.000083,-0.044221,-0.026505,-0.027103,0.205820,0.308249,-0.007426,-0.183604,0.000988,-0.000749,1.809072,2.956837,0.549767,7.001571,-3.561013,-3.141047,4.441786,-0.004265,0.004802,3.007474,-20.085899,4.423790,24.163610,0.956360,2.754329,0.018820,-0.259472,-0.089207,3.007474,-20.085899,4.423790,24.163610,0.956360,2.754329,0.018820,-0.259472,-0.089207,87.000000,87.000000,87.000000,87.000000,12.000000,12.000000,12.000000,200.000000,200.000000,0.000000,0.000000,0.000000,0.000000,0.000000,0.000000,0.000000,0.000000,0.000000
167,1.042100,0.329944,-0.524652,1.766998,-0.107487,-2.241225,2.861938,0.460194,-0.218186,-0.336011,-2.148997,-0.072961,1.921816,2.172227,0.000067,0.000095,0.011082,0.049761,0.040565,0.213358,0.234643,-0.641260,-0.004772,0.001307,-0.000912,1.427374,1.476371,2.001436,-3.699274,-1.762448,7.084622,0.237855,0.013290,-0.012440,4.948107,-14.900947,5.856376,16.777966,0.768407,1.876916,0.007156,-0.227686,-0.127728,4.948107,-14.900947,5.856376,16.777966,0.768407,1.876916,0.007156,-0.227686,-0.127728,87.000000,87.000000,87.000000,87.000000,12.000000,12.000000,12.000000,200.000000,200.000000,0.000000,0.000000,0.000000,0.000000,0.000000,0.000000,0.000000,0.000000,0.000000
168,0.907516,0.175600,-0.641743,1.950484,-0.185302,-2.123756,2.846419,0.462145,-0.215483,-0.336759,-2.147281,-0.085603,1.931776,2.168525,0.000092,0.000073,0.007936,0.101561,0.025104,0.312002,-0.391584,0.226316,-0.090336,0.000729,-0.000598,-2.202860,2.125265,1.117664,5.575613,2.476911,-1.042747,1.713187,-0.017704,0.015914,-0.790556,-21.391766,1.224666,24.244015,0.546569,3.037593,-0.006162,-0.288780,-0.062207,-0.790556,-21.391766,1.224666,24.244015,0.546569,3.037593,-0.006162,-0.288780,-0.062207,87.000000,87.000000,87.000000,87.000000,12.000000,12.000000,12.000000,200.000000,200.000000,0.000000,0.000000,0.000000,0.000000,0.000000,0.000000,0.000000,0.000000,0.000000
169,0.864665,0.161554,-0.678531,1.782731,-0.136500,-2.214175,2.899228,0.461023,-0.213686,-0.336228,-2.145582,-0.084322,1.926419,2.178899,0.000064,0.000096,-0.058864,-0.017138,0.029015,0.126660,0.178604,-0.392918,0.237009,0.000776,-0.000476,0.273946,-3.866641,-1.701226,-7.112848,2.319491,-0.449833,-5.283973,0.021700,-0.016731,-2.093274,-22.122957,-0.462871,17.169939,0.909855,1.496126,0.003008,-0.177392,-0.163028,-2.093274,-22.122957,-0.462871,17.169939,0.909855,1.496126,0.003008,-0.177392,-0.163028,87.000000,87.000000,87.000000,87.000000,12.000000,12.000000,12.000000,200.000000,200.000000,0.000000,0.000000,0.000000,0.000000,0.000000,0.000000,0.000000,0.000000,0.000000
170,0.965663,0.155844,-0.598019,1.854266,-0.154007,-2.166502,2.859972,0.462401,-0.215037,-0.337827,-2.149168,-0.085388,1.928499,2.175259,0.000073,0.000088,0.027657,-0.070631,0.000417,0.061978,-0.035092,-0.063500,-0.087672,0.000731,-0.000566,-0.120173,-1.064182,1.481758,-0.449173,-0.908451,-0.366189,1.911172,-0.014119,0.009472,1.584443,-21.941124,3.142716,20.869051,0.653580,2.386797,0.002406,-0.247148,-0.102923,1.584443,-21.941124,3.142716,20.869051,0.653580,2.386797,0.002406,-0.247148,-0.102923,87.000000,87.000000,87.000000,87.000000,12.000000,12.000000,12.000000,200.000000,200.000000,0.000000,0.000000,0.000000,0.000000,0.000000,0.000000,0.000000,0.000000,0.000000
171,0.949477,0.139937,-0.599129,1.914007,-0.093441,-2.110676,2.865458,0.462186,-0.216837,-0.337127,-2.152859,-0.073716,1.941507,2.174442,0.000082,0.000081,-0.008362,-0.053991,0.051865,0.143636,0.354273,0.168589,-0.013200,0.000742,-0.000483,1.469379,0.795455,-0.257784,5.126440,-5.648608,-6.714592,0.398637,0.005622,0.003676,1.143642,-22.370586,2.803283,23.656109,0.847664,2.591404,0.002451,-0.233974,-0.103421,1.143642,-22.370586,2.803283,23.656109,0.847664,2.591404,0.002451,-0.233974,-0.103421,87.000000,87.000000,87.000000,87.000000,12.000000,12.000000,12.000000,200.000000,200.000000,0.000000,0.000000,0.000000,0.000000,0.000000,0.000000,0.000000,0.000000,0.000000
172,0.842539,0.259065,-0.683162,1.868293,-0.173994,-2.173564,2.869666,0.459821,-0.215679,-0.335148,-2.149035,-0.083674,1.936228,2.175186,0.000072,0.000089,-0.134913,0.070166,0.088602,0.335950,-0.264789,-0.316281,0.010629,0.001109,-0.000845,-1.620537,2.776732,-1.341752,1.693554,4.511295,3.586959,-0.419291,-0.001479,-0.006628,-2.793978,-17.915327,-0.866542,20.814964,0.637741,2.372956,-0.000925,-0.248480,-0.112958,-2.793978,-17.915327,-0.866542,20.814964,0.637741,2.372956,-0.000925,-0.248480,-0.112958,87.000000,87.000000,87.000000,87.000000,12.000000,12.000000,12.000000,200.000000,200.000000,0.000000,0.000000,0.000000,0.000000,0.000000,0.000000,0.000000,0.000000,0.000000
173,0.945678,0.197480,-0.605614,1.879925,-0.088806,-2.142131,2.857786,0.458934,-0.213210,-0.335930,-2.145602,-0.072185,1.939836,2.172562,0.000079,0.000083,-0.005584,0.062977,-0.015288,0.293997,0.396199,-0.055891,-0.052890,0.000738,-0.000535,1.727309,0.092047,-0.596011,0.974967,-4.338060,-2.178235,1.444742,0.003651,0.001708,1.261744,-20.711010,2.605295,21.074909,0.881339,2.322115,0.012449,-0.230997,-0.106376,1.261744,-20.711010,2.605295,21.074909,0.881339,2.322115,0.012449,-0.230997,-0.106376,87.000000,87.000000,87.000000,87.000000,12.000000,12.000000,12.000000,200.000000,200.000000,0.000000,0.000000,0.000000,0.000000,0.000000,0.000000,0.000000,0.000000,0.000000
174,1.054361,0.192261,-0.521316,1.812450,-0.116484,-2.206808,2.866150,0.462283,-0.212201,-0.337262,-2.142684,-0.070299,1.929780,2.173313,0.000066,0.000095,0.091716,-0.026003,0.047087,0.186698,0.058860,-0.443910,0.014931,0.000976,-0.000688,0.630051,-2.889760,3.524510,-5.755952,-0.679724,4.281669,-0.382493,0.005480,-0.007109,5.010305,-20.933941,6.160929,18.043995,0.717484,1.937421,-0.000347,-0.216228,-0.133269,5.010305,-20.933941,6.160929,18.043995,0.717484,1.937421,-0.000347,-0.216228,-0.133269,87.000000,87.000000,87.000000,87.000000,12.000000,12.000000,12.000000,200.000000,200.000000,0.000000,0.000000,0.000000,0.000000,0.000000,0.000000,0.000000,0.000000,0.000000
175,0.839358,0.235524,-0.708035,1.803402,-0.142133,-2.216777,2.861073,0.463431,-0.212637,-0.336146,-2.144197,-0.074654,1.920780,2.172483,0.000066,0.000095,-0.025785,-0.023424,0.053508,0.085596,-0.089479,-0.361308,-0.020735,0.000944,-0.000677,-1.981402,0.077761,-1.309360,-3.270961,1.599704,4.543862,0.423644,0.000046,-0.000393,-3.517577,-19.006550,-1.689343,18.213051,0.563736,2.061494,0.004314,-0.222120,-0.125519,-3.517577,-19.006550,-1.689343,18.213051,0.563736,2.061494,0.004314,-0.222120,-0.125519,87.000000,87.000000,87.000000,87.000000,12.000000,12.000000,12.000000,200.000000,200.000000,0.000000,0.000000,0.000000,0.000000,0.000000,0.000000,0.000000,0.000000,0.000000
176,0.828540,0.184760,-0.713107,1.939640,-0.142552,-2.135862,2.846456,0.462576,-0.211749,-0.336925,-2.146043,-0.078162,1.930076,2.168542,0.000082,0.000081,-0.071237,0.056699,-0.019505,0.216302,-0.068547,0.138347,-0.088808,0.000704,-0.000545,-1.786717,2.710203,-1.621347,6.185665,0.504932,-2.880750,1.975613,-0.013333,0.013408,-3.745944,-21.170244,-1.656723,24.002699,0.706303,2.806798,0.005888,-0.260923,-0.084195,-3.745944,-21.170244,-1.656723,24.002699,0.706303,2.806798,0.005888,-0.260923,-0.084195,87.000000,87.000000,87.000000,87.000000,12.000000,12.000000,12.000000,200.000000,200.000000,0.000000,0.000000,0.000000,0.000000,0.000000,0.000000,0.000000,0.000000,0.000000
177,0.944826,0.137557,-0.610214,1.853278,-0.147520,-2.165427,2.851403,0.461395,-0.211033,-0.338362,-2.145732,-0.081919,1.933370,2.167615,0.000068,0.000092,-0.050911,-0.032464,0.002766,0.153427,-0.040624,-0.116589,-0.019947,0.000723,-0.000512,0.453494,-2.675454,0.729924,-2.495436,2.375685,-2.576072,0.481156,0.010000,-0.008918,1.071591,-23.185291,2.650290,20.196264,0.847973,2.043283,0.008582,-0.198766,-0.141666,1.071591,-23.185291,2.650290,20.196264,0.847973,2.043283,0.008582,-0.198766,-0.141666,87.000000,87.000000,87.000000,87.000000,12.000000,12.000000,12.000000,200.000000,200.000000,0.000000,0.000000,0.000000,0.000000,0.000000,0.000000,0.000000,0.000000,0.000000
178,0.993490,0.164022,-0.575313,1.834128,-0.102883,-2.195692,2.837285,0.461932,-0.212848,-0.339498,-2.147743,-0.074018,1.927812,2.163748,0.000065,0.000095,0.022067,-0.096510,0.011365,0.084452,0.283076,-0.336658,-0.082625,0.000990,-0.000721,1.490876,-1.906387,1.037977,-2.430060,-2.414337,1.200124,2.108902,0.007746,-0.007464,2.843122,-21.767145,4.128472,19.778584,0.873702,2.076226,0.014781,-0.211692,-0.132862,2.843122,-21.767145,4.128472,19.778584,0.873702,2.076226,0.014781,-0.211692,-0.132862,87.000000,87.000000,87.000000,87.000000,12.000000,12.000000,12.000000,200.000000,200.000000,0.000000,0.000000,0.000000,0.000000,0.000000,0.000000,0.000000,0.000000,0.000000
179,0.932391,0.131969,-0.618093,1.976543,-0.138300,-2.094902,2.853543,0.462625,-0.214879,-0.339337,-2.148910,-0.076173,1.941706,2.165720,0.000087,0.000078,-0.011371,-0.041675,0.052138,0.260087,-0.096930,0.273855,0.040627,0.000744,-0.000500,-0.533396,2.066158,0.721929,7.785159,-1.617380,-4.276281,-1.226300,-0.014656,0.020263,0.314686,-22.805681,2.280468,25.682772,0.661774,3.078483,-0.014750,-0.273883,-0.070670,0.314686,-22.805681,2.280468,25.682772,0.661774,3.078483,-0.014750,-0.273883,-0.070670,87.000000,87.000000,87.000000,87.000000,12.000000,12.000000,12.000000,200.000000,200.000000,0.000000,0.000000,0.000000,0.000000,0.000000,0.000000,0.000000,0.000000,0.000000
180,0.873752,0.171726,-0.663963,1.792483,-0.150525,-2.204458,2.869941,0.460660,-0.216891,-0.337195,-2.146563,-0.081334,1.933283,2.170582,0.000059,0.000100,-0.091804,-0.112276,0.088621,0.167413,-0.046390,-0.461100,0.107640,0.000942,-0.000679,0.209002,-2.693292,-1.453193,-6.074845,4.391197,2.099826,-2.414704,0.016298,-0.021913,-1.619266,-21.138979,0.055034,17.589403,0.817326,1.664688,0.006031,-0.185732,-0.168870,-1.619266,-21.138979,0.055034,17.589403,0.817326,1.664688,0.006031,-0.185732,-0.168870,87.000000,87.000000,87.000000,87.000000,12.000000,12.000000,12.000000,200.000000,200.000000,0.000000,0.000000,0.000000,0.000000,0.000000,0.000000,0.000000,0.000000,0.000000
181,0.880324,0.254695,-0.657457,1.849782,-0.137405,-2.158231,2.851009,0.458271,-0.218866,-0.336398,-2.147494,-0.080373,1.933928,2.168665,0.000074,0.000088,-0.086756,-0.027912,0.027820,0.181320,0.059375,-0.095309,-0.044343,0.000863,-0.000678,0.315189,2.733450,-1.764132,2.022556,-1.039472,0.487872,1.006775,-0.011302,0.009552,-1.167729,-17.578386,0.391428,20.378834,0.663701,2.414608,0.004220,-0.252035,-0.094947,-1.167729,-17.578386,0.391428,20.378834,0.663701,2.414608,0.004220,-0.252035,-0.094947,87.000000,87.000000,87.000000,87.000000,12.000000,12.000000,12.000000,200.000000,200.000000,0.000000,0.000000,0.000000,0.000000,0.000000,0.000000,0.000000,0.000000,0.000000
182,1.010504,0.183208,-0.561485,1.917278,-0.137575,-2.150155,2.848857,0.460848,-0.218793,-0.339269,-2.145185,-0.080897,1.935630,2.167117,0.000079,0.000083,0.072416,0.008383,-0.027689,0.301073,0.027963,-0.108592,-0.034997,0.000904,-0.000686,0.104906,1.046882,2.443951,3.001131,0.592911,-0.149758,0.799882,-0.005099,0.004509,3.397665,-20.636440,4.847188,22.631630,0.877166,2.594804,0.005060,-0.253784,-0.093501,3.397665,-20.636440,4.847188,22.631630,0.877166,2.594804,0.005060,-0.253784,-0.093501,87.000000,87.000000,87.000000,87.000000,12.000000,12.000000,12.000000,200.000000,200.000000,0.000000,0.000000,0.000000,0.000000,0.000000,0.000000,0.000000,0.000000,0.000000
183,0.826623,0.242101,-0.704605,1.740189,-0.129163,-2.240860,2.867501,0.457976,-0.218762,-0.337564,-2.144022,-0.077861,1.922055,2.170697,0.000059,0.000101,-0.137160,-0.036236,0.068087,0.100167,0.146813,-0.556321,0.081852,0.001010,-0.000660,-0.372489,-1.807595,-2.405279,-7.894498,-0.298777,4.665312,-1.790011,0.021956,-0.017283,-3.203104,-18.328337,-1.539765,15.367455,0.610714,1.510124,0.004348,-0.178819,-0.163334,-3.203104,-18.328337,-1.539765,15.367455,0.610714,1.510124,0.004348,-0.178819,-0.163334,87.000000,87.000000,87.000000,87.000000,12.000000,12.000000,12.000000,200.000000,200.000000,0.000000,0.000000,0.000000,0.000000,0.000000,0.000000,0.000000,0.000000,0.000000
184,1.111819,0.155466,-0.467165,1.918563,-0.081818,-2.113105,2.858693,0.460868,-0.220284,-0.339204,-2.148565,-0.066583,1.935387,2.170569,0.000089,0.000077,0.138302,-0.048175,0.012614,0.110568,0.294485,0.261030,-0.003265,0.000667,-0.000486,3.094136,0.723905,3.297910,5.028812,-6.993591,-5.232728,0.002819,-0.018880,0.020826,7.449380,-21.495949,8.551353,23.573915,0.816037,2.835072,-0.008305,-0.280498,-0.068551,7.449380,-21.495949,8.551353,23.573915,0.816037,2.835072,-0.008305,-0.280498,-0.068551,87.000000,87.000000,87.000000,87.000000,12.000000,12.000000,12.000000,200.000000,200.000000,0.000000,0.000000,0.000000,0.000000,0.000000,0.000000,0.000000,0.000000,0.000000
185,0.894752,0.196806,-0.648881,1.801901,-0.143858,-2.208177,2.892513,0.462468,-0.221411,-0.336720,-2.149287,-0.073276,1.927688,2.178570,0.000064,0.000097,-0.016139,-0.056557,0.129859,0.114528,-0.155393,-0.421094,0.174208,0.001005,-0.000719,-1.370058,-0.950516,0.106139,-3.733761,3.584302,2.784844,-4.157600,0.013838,-0.017497,-1.219178,-19.824778,0.602950,18.456970,0.673089,1.899988,-0.008772,-0.201901,-0.152307,-1.219178,-19.824778,0.602950,18.456970,0.673089,1.899988,-0.008772,-0.201901,-0.152307,87.000000,87.000000,87.000000,87.000000,12.000000,12.000000,12.000000,200.000000,200.000000,0.000000,0.000000,0.000000,0.000000,0.000000,0.000000,0.000000,0.000000,0.000000
186,0.720139,0.289788,-0.800453,1.819314,-0.170564,-2.201851,2.867080,0.459513,-0.220539,-0.334847,-2.150725,-0.082975,1.921870,2.176704,0.000071,0.000091,-0.161953,0.075547,0.026303,0.156712,-0.208759,-0.268228,-0.046309,0.000986,-0.000746,-2.832443,3.739891,-4.464007,1.010602,4.358829,3.819639,1.016091,-0.006216,0.004013,-7.657247,-16.259851,-5.598691,19.425953,0.566764,2.284298,0.009177,-0.244950,-0.105844,-7.657247,-16.259851,-5.598691,19.425953,0.566764,2.284298,0.009177,-0.244950,-0.105844,87.000000,87.000000,87.000000,87.000000,12.000000,12.000000,12.000000,200.000000,200.000000,0.000000,0.000000,0.000000,0.000000,0.000000,0.000000,0.000000,0.000000,0.000000
187,0.944439,0.247281,-0.612473,1.888086,-0.102004,-2.167778,2.856915,0.458027,-0.216154,-0.338049,-2.150551,-0.074810,1.925133,2.173155,0.000082,0.000081,-0.036338,0.162917,-0.080370,0.249971,0.299958,-0.061513,-0.074312,0.000834,-0.000655,0.894185,2.690818,-0.113204,4.188305,-2.841421,-1.454785,1.895671,-0.002852,0.003402,1.318888,-18.602123,2.701617,22.097776,0.902981,2.529857,0.012957,-0.251698,-0.092747,1.318888,-18.602123,2.701617,22.097776,0.902981,2.529857,0.012957,-0.251698,-0.092747,87.000000,87.000000,87.000000,87.000000,12.000000,12.000000,12.000000,200.000000,200.000000,0.000000,0.000000,0.000000,0.000000,0.000000,0.000000,0.000000,0.000000,0.000000
188,1.099787,0.023939,-0.489174,1.948525,-0.112136,-2.143763,2.844905,0.462709,-0.213463,-0.342610,-2.148519,-0.071853,1.932074,2.168550,0.000079,0.000082,0.144718,-0.004514,-0.028473,0.247640,0.072848,0.025644,-0.103656,0.000642,-0.000439,0.609318,-4.612361,5.662847,0.434660,-2.180782,-2.910517,2.335721,-0.001600,0.004670,6.654601,-27.720861,8.193917,24.144381,0.889019,2.623533,0.003322,-0.233479,-0.106646,6.654601,-27.720861,8.193917,24.144381,0.889019,2.623533,0.003322,-0.233479,-0.106646,87.000000,87.000000,87.000000,87.000000,12.000000,12.000000,12.000000,200.000000,200.000000,0.000000,0.000000,0.000000,0.000000,0.000000,0.000000,0.000000,0.000000,0.000000
189,0.914282,0.197297,-0.631794,1.819498,-0.140920,-2.188752,2.870052,0.462464,-0.213593,-0.339442,-2.146932,-0.076007,1.929523,2.172080,0.000066,0.000094,-0.051862,-0.034222,0.145790,0.182559,-0.074451,-0.254778,0.078607,0.000855,-0.000616,0.169438,-1.260215,-0.415767,-3.213461,1.998782,0.624695,-1.877072,0.007935,-0.010796,-0.253701,-20.505678,1.430561,18.822359,0.704347,1.969134,-0.001448,-0.205450,-0.142501,-0.253701,-20.505678,1.430561,18.822359,0.704347,1.969134,-0.001448,-0.205450,-0.142501,87.000000,87.000000,87.000000,87.000000,12.000000,12.000000,12.000000,200.000000,200.000000,0.000000,0.000000,0.000000,0.000000,0.000000,0.000000,0.000000,0.000000,0.000000
190,0.896476,0.144221,-0.647869,1.908998,-0.129102,-2.135020,2.857235,0.462457,-0.214618,-0.337243,-2.147130,-0.076190,1.936642,2.170921,0.000076,0.000086,-0.010787,-0.041427,0.076111,0.212420,0.032327,0.052102,-0.027190,0.000747,-0.000530,0.338763,0.140485,-1.147521,2.698458,-0.407995,-2.846744,0.594016,-0.005273,0.008233,-1.057728,-22.447706,0.748998,22.675190,0.769484,2.542463,0.003079,-0.238691,-0.102768,-1.057728,-22.447706,0.748998,22.675190,0.769484,2.542463,0.003079,-0.238691,-0.102768,87.000000,87.000000,87.000000,87.000000,12.000000,12.000000,12.000000,200.000000,200.000000,0.000000,0.000000,0.000000,0.000000,0.000000,0.000000,0.000000,0.000000,0.000000
191,0.865368,0.147388,-0.671257,1.827500,-0.165438,-2.176180,2.878839,0.461696,-0.216772,-0.335511,-2.146795,-0.083990,1.934826,2.175455,0.000063,0.000097,-0.062675,-0.109480,0.077045,0.139388,-0.163961,-0.236086,0.098552,0.000845,-0.000613,-0.658206,-2.155778,-1.039778,-3.604882,3.913923,0.241849,-2.374827,0.006721,-0.008809,-2.164588,-22.099207,-0.316634,19.223064,0.709109,1.976799,-0.001819,-0.200619,-0.145184,-2.164588,-22.099207,-0.316634,19.223064,0.709109,1.976799,-0.001819,-0.200619,-0.145184,87.000000,87.000000,87.000000,87.000000,12.000000,12.000000,12.000000,200.000000,200.000000,0.000000,0.000000,0.000000,0.000000,0.000000,0.000000,0.000000,0.000000,0.000000
192,0.860691,0.279486,-0.679241,1.798160,-0.147986,-2.195732,2.861688,0.459668,-0.218627,-0.334970,-2.148369,-0.084662,1.928659,2.173721,0.000065,0.000095,-0.087833,-0.032348,0.017758,0.121316,0.057929,-0.323549,-0.038952,0.001031,-0.000766,-0.257587,2.144941,-2.093436,-1.000711,1.238024,2.453027,0.997042,0.000507,-0.001379,-2.095963,-16.627604,-0.585001,18.371954,0.724560,2.047474,0.012260,-0.226241,-0.120825,-2.095963,-16.627604,-0.585001,18.371954,0.724560,2.047474,0.012260,-0.226241,-0.120825,87.000000,87.000000,87.000000,87.000000,12.000000,12.000000,12.000000,200.000000,200.000000,0.000000,0.000000,0.000000,0.000000,0.000000,0.000000,0.000000,0.000000,0.000000
193,1.007539,0.176378,-0.556405,1.894071,-0.088549,-2.144611,2.858086,0.460654,-0.219214,-0.337129,-2.150594,-0.071986,1.933646,2.171918,0.000080,0.000082,0.046270,-0.015517,-0.023769,0.163835,0.374296,-0.008194,-0.036589,0.000864,-0.000658,1.567629,0.894987,1.355363,3.474135,-6.033956,-2.331102,0.938768,-0.002536,0.005061,3.450873,-20.821150,4.803946,22.528082,0.829543,2.585756,0.002967,-0.250388,-0.092735,3.450873,-20.821150,4.803946,22.528082,0.829543,2.585756,0.002967,-0.250388,-0.092735,87.000000,87.000000,87.000000,87.000000,12.000000,12.000000,12.000000,200.000000,200.000000,0.000000,0.000000,0.000000,0.000000,0.000000,0.000000,0.000000,0.000000,0.000000
194,1.021682,0.213928,-0.538976,1.840824,-0.104347,-2.189301,2.857981,0.462447,-0.218973,-0.336645,-2.149811,-0.067570,1.928800,2.171023,0.000072,0.000089,0.038116,-0.001666,0.089342,0.199651,0.121783,-0.306806,-0.020948,0.000966,-0.000712,0.871157,0.031126,2.148699,-0.793830,-2.138715,2.167049,0.465690,0.002140,-0.004149,3.846731,-19.424303,5.213624,19.997475,0.732986,2.231269,0.000703,-0.234051,-0.115489,3.846731,-19.424303,5.213624,19.997475,0.732986,2.231269,0.000703,-0.234051,-0.115489,87.000000,87.000000,87.000000,87.000000,12.000000,12.000000,12.000000,200.000000,200.000000,0.000000,0.000000,0.000000,0.000000,0.000000,0.000000,0.000000,0.000000,0.000000
195,0.934227,0.208633,-0.606491,1.870440,-0.142299,-2.156365,2.891957,0.463231,-0.218104,-0.333525,-2.149049,-0.073739,1.931778,2.178668,0.000078,0.000084,-0.004349,0.032550,0.133004,0.225625,-0.159404,-0.038678,0.166857,0.000747,-0.000558,0.072239,1.119148,-0.090044,1.474185,1.599202,-0.148100,-4.094084,-0.008011,0.007441,0.353199,-19.734781,2.019902,21.180376,0.663498,2.475694,-0.015648,-0.246033,-0.098590,0.353199,-19.734781,2.019902,21.180376,0.663498,2.475694,-0.015648,-0.246033,-0.098590,87.000000,87.000000,87.000000,87.000000,12.000000,12.000000,12.000000,200.000000,200.000000,0.000000,0.000000,0.000000,0.000000,0.000000,0.000000,0.000000,0.000000,0.000000
196,0.794473,0.114721,-0.731993,1.844575,-0.166328,-2.168670,2.880655,0.463025,-0.218202,-0.331751,-2.149000,-0.083089,1.933265,2.179985,0.000067,0.000093,-0.057660,-0.052462,0.051657,0.140410,-0.189617,-0.135332,0.024749,0.000722,-0.000507,-1.858712,-2.436028,-2.301099,-2.802504,4.624477,-1.133247,-0.631887,0.009127,-0.007135,-5.187138,-23.459972,-3.052302,20.124691,0.711014,2.058346,0.005572,-0.196415,-0.141538,-5.187138,-23.459972,-3.052302,20.124691,0.711014,2.058346,0.005572,-0.196415,-0.141538,87.000000,87.000000,87.000000,87.000000,12.000000,12.000000,12.000000,200.000000,200.000000,0.000000,0.000000,0.000000,0.000000,0.000000,0.000000,0.000000,0.000000,0.000000
197,0.926402,0.204445,-0.618056,1.912732,-0.113177,-2.122706,2.865691,0.462448,-0.218156,-0.332211,-2.148938,-0.077215,1.941345,2.177003,0.000079,0.000083,-0.022382,0.030795,0.001109,0.262479,0.226335,0.054113,-0.063753,0.000845,-0.000603,0.638245,2.574568,-0.714184,5.246540,-2.241835,-3.734567,1.593081,-0.004454,0.007368,0.189741,-19.809874,1.762126,22.981417,0.874353,2.597617,0.010496,-0.250517,-0.093712,0.189741,-19.809874,1.762126,22.981417,0.874353,2.597617,0.010496,-0.250517,-0.093712,87.000000,87.000000,87.000000,87.000000,12.000000,12.000000,12.000000,200.000000,200.000000,0.000000,0.000000,0.000000,0.000000,0.000000,0.000000,0.000000,0.000000,0.000000
198,0.922539,0.180070,-0.612236,1.830779,-0.102942,-2.166354,2.854128,0.460864,-0.217413,-0.331698,-2.146827,-0.070154,1.939469,2.172712,0.000067,0.000093,-0.065877,-0.011462,0.050888,0.206717,0.214674,-0.247236,-0.093992,0.000843,-0.000616,0.672627,-1.513950,-0.279205,-2.734626,-2.986521,-0.040255,2.261374,0.008706,-0.010061,0.274238,-20.965460,1.851224,19.227316,0.703840,2.008381,0.010065,-0.205989,-0.139476,0.274238,-20.965460,1.851224,19.227316,0.703840,2.008381,0.010065,-0.205989,-0.139476,87.000000,87.000000,87.000000,87.000000,12.000000,12.000000,12.000000,200.000000,200.000000,0.000000,0.000000,0.000000,0.000000,0.000000,0.000000,0.000000,0.000000,0.000000
199,0.866868,0.295106,-0.667347,1.782899,-0.159510,-2.231791,2.866061,0.459225,-0.216203,-0.331797,-2.145124,-0.078415,1.923520,2.173355,0.000062,0.000099,-0.097999,0.045559,0.023204,0.179781,-0.193767,-0.565473,0.011550,0.001250,-0.000834,-1.356469,1.159070,-0.847198,-4.061359,4.139050,8.016168,-0.349335,0.003205,-0.000944,-1.853853,-16.460653,-0.301167,17.171455,0.591738,1.978623,0.003219,-0.229837,-0.123655,-1.853853,-16.460653,-0.301167,17.171455,0.591738,1.978623,0.003219,-0.229837,-0.123655,87.000000,87.000000,87.000000,87.000000,12.000000,12.000000,12.000000,200.000000,200.000000,0.000000,0.000000,0.000000,0.000000,0.000000,0.000000,0.000000,0.000000,0.000000
200,1.030948,0.143850,-0.542097,1.948243,-0.084120,-2.120997,2.848838,0.462082,-0.214785,-0.335557,-2.146507,-0.068374,1.934293,2.169514,0.000088,0.000077,0.110290,0.039591,-0.070046,0.212764,0.320446,0.186322,-0.081982,0.000626,-0.000495,1.242799,0.693041,2.264630,5.452525,-5.100778,-4.289986,1.991080,-0.015068,0.015724,4.086277,-22.634548,5.423912,24.350092,0.914960,2.855973,0.006777,-0.270402,-0.077099,4.086277,-22.634548,5.423912,24.350092,0.914960,2.855973,0.006777,-0.270402,-0.077099,87.000000,87.000000,87.000000,87.000000,12.000000,12.000000,12.000000,200.000000,200.000000,0.000000,0.000000,0.000000,0.000000,0.000000,0.000000,0.000000,0.000000,0.000000
201,0.953438,0.208061,-0.600273,1.807826,-0.114067,-2.200590,2.851697,0.463273,-0.213510,-0.335304,-2.145252,-0.067569,1.928856,2.168239,0.000066,0.000095,-0.008321,0.003463,0.075746,0.161821,0.037333,-0.356044,-0.028976,0.000895,-0.000646,-0.400455,-1.616029,1.241081,-4.244097,-0.087577,1.594727,0.670567,0.013526,-0.015567,1.099038,-20.203117,2.642183,18.217421,0.687286,1.869371,0.005123,-0.198729,-0.149694,1.099038,-20.203117,2.642183,18.217421,0.687286,1.869371,0.005123,-0.198729,-0.149694,87.000000,87.000000,87.000000,87.000000,12.000000,12.000000,12.000000,200.000000,200.000000,0.000000,0.000000,0.000000,0.000000,0.000000,0.000000,0.000000,0.000000,0.000000
202,0.809435,0.170923,-0.714442,1.916771,-0.167938,-2.148229,2.883709,0.461543,-0.212420,-0.333887,-2.144892,-0.079397,1.932566,2.175252,0.000075,0.000087,-0.109993,0.039649,0.052539,0.236533,-0.307782,-0.003085,0.151584,0.000746,-0.000569,-1.868863,1.186993,-1.937184,2.991209,4.035387,0.089928,-3.789299,-0.015017,0.012462,-4.333497,-21.711933,-2.158684,22.759121,0.622499,2.659020,-0.014135,-0.251866,-0.095337,-4.333497,-21.711933,-2.158684,22.759121,0.622499,2.659020,-0.014135,-0.251866,-0.095337,87.000000,87.000000,87.000000,87.000000,12.000000,12.000000,12.000000,200.000000,200.000000,0.000000,0.000000,0.000000,0.000000,0.000000,0.000000,0.000000,0.000000,0.000000
203,0.908324,0.206984,-0.644177,1.828451,-0.135253,-2.192272,2.869165,0.460627,-0.211158,-0.335478,-2.143838,-0.080368,1.929079,2.175385,0.000065,0.000095,-0.038490,0.011328,-0.031239,0.172919,0.083523,-0.290764,0.003075,0.000893,-0.000645,0.137628,-0.969935,-0.547244,-2.782076,2.379782,0.338901,0.089528,0.012459,-0.011392,-0.375361,-20.417969,1.076315,18.983427,0.893347,1.939768,0.014115,-0.198884,-0.143377,-0.375361,-20.417969,1.076315,18.983427,0.893347,1.939768,0.014115,-0.198884,-0.143377,87.000000,87.000000,87.000000,87.000000,12.000000,12.000000,12.000000,200.000000,200.000000,0.000000,0.000000,0.000000,0.000000,0.000000,0.000000,0.000000,0.000000,0.000000
204,1.009548,0.124790,-0.554843,1.862895,-0.102452,-2.151540,2.856850,0.461523,-0.212401,-0.337279,-2.147021,-0.072386,1.933956,2.172529,0.000072,0.000089,0.034516,-0.089256,0.001934,0.063722,0.234471,-0.020255,-0.062381,0.000723,-0.000527,1.457407,-2.424905,1.852821,-0.947703,-4.366722,-2.831055,1.477308,-0.000250,0.002780,3.483249,-23.421625,4.841724,21.009874,0.769204,2.287951,0.004115,-0.220994,-0.118102,3.483249,-23.421625,4.841724,21.009874,0.769204,2.287951,0.004115,-0.220994,-0.118102,87.000000,87.000000,87.000000,87.000000,12.000000,12.000000,12.000000,200.000000,200.000000,0.000000,0.000000,0.000000,0.000000,0.000000,0.000000,0.000000,0.000000,0.000000
205,0.967544,0.148064,-0.583607,1.941357,-0.094161,-2.120254,2.864096,0.462489,-0.214216,-0.336739,-2.148274,-0.066071,1.941674,2.172771,0.000079,0.000083,0.013050,-0.046439,0.066179,0.228392,0.174596,0.039704,0.006004,0.000895,-0.000647,0.616987,1.243683,0.844019,5.473195,-3.575540,-3.228504,-0.181820,-0.002378,0.004312,1.732857,-22.249126,3.421099,24.178120,0.797301,2.737006,-0.003618,-0.250316,-0.096144,1.732857,-22.249126,3.421099,24.178120,0.797301,2.737006,-0.003618,-0.250316,-0.096144,87.000000,87.000000,87.000000,87.000000,12.000000,12.000000,12.000000,200.000000,200.000000,0.000000,0.000000,0.000000,0.000000,0.000000,0.000000,0.000000,0.000000,0.000000
206,0.920202,0.298156,-0.622726,1.773815,-0.124267,-2.214150,2.876827,0.461715,-0.214179,-0.333953,-2.145812,-0.068761,1.930007,2.175951,0.000064,0.000097,-0.054303,0.005012,0.117773,0.200410,-0.027923,-0.501840,0.068994,0.001102,-0.000782,0.274188,0.837112,-0.781024,-4.204900,2.197800,4.904708,-1.599900,0.009402,-0.011773,0.056734,-16.409609,1.407338,16.801620,0.682067,1.812050,0.001502,-0.214250,-0.139309,0.056734,-16.409609,1.407338,16.801620,0.682067,1.812050,0.001502,-0.214250,-0.139309,87.000000,87.000000,87.000000,87.000000,12.000000,12.000000,12.000000,200.000000,200.000000,0.000000,0.000000,0.000000,0.000000,0.000000,0.000000,0.000000,0.000000,0.000000
207,0.903475,0.169102,-0.656557,1.807969,-0.142027,-2.193548,2.867183,0.464170,-0.215315,-0.334734,-2.148524,-0.074387,1.925773,2.175339,0.000067,0.000094,0.046959,-0.077165,0.000526,0.035461,-0.117403,-0.226277,-0.016922,0.000787,-0.000594,-1.238589,-1.887066,0.203496,-3.886562,2.081296,2.218493,0.311644,-0.003678,0.002413,-1.159225,-21.418684,0.480585,18.839430,0.647934,2.103011,0.003626,-0.221550,-0.123134,-1.159225,-21.418684,0.480585,18.839430,0.647934,2.103011,0.003626,-0.221550,-0.123134,87.000000,87.000000,87.000000,87.000000,12.000000,12.000000,12.000000,200.000000,200.000000,0.000000,0.000000,0.000000,0.000000,0.000000,0.000000,0.000000,0.000000,0.000000
208,0.800454,0.170175,-0.721485,1.975513,-0.154527,-2.112262,2.853633,0.461827,-0.215222,-0.334212,-2.149819,-0.080945,1.937191,2.171753,0.000085,0.000078,-0.132701,0.052219,0.022193,0.279370,-0.149302,0.184335,-0.081573,0.000813,-0.000610,-1.902796,3.855086,-2.326418,9.010561,1.885733,-3.559765,1.779286,-0.012317,0.013971,-4.655162,-21.398178,-2.357765,25.733299,0.741645,3.019405,0.005476,-0.272004,-0.074187,-4.655162,-21.398178,-2.357765,25.733299,0.741645,3.019405,0.005476,-0.272004,-0.074187,87.000000,87.000000,87.000000,87.000000,12.000000,12.000000,12.000000,200.000000,200.000000,0.000000,0.000000,0.000000,0.000000,0.000000,0.000000,0.000000,0.000000,0.000000
209,0.880398,0.174583,-0.665771,1.841298,-0.145326,-2.170501,2.862047,0.459655,-0.213755,-0.336570,-2.146504,-0.083076,1.936724,2.171806,0.000068,0.000092,-0.088264,0.008804,-0.051610,0.245274,0.031677,-0.227255,0.003201,0.000778,-0.000554,-0.389733,-1.552003,-0.632281,-2.626091,2.606390,-0.958190,0.029845,0.011302,-0.012228,-1.312964,-21.532383,0.350128,19.527142,0.854352,1.955313,0.011788,-0.199076,-0.145743,-1.312964,-21.532383,0.350128,19.527142,0.854352,1.955313,0.011788,-0.199076,-0.145743,87.000000,87.000000,87.000000,87.000000,12.000000,12.000000,12.000000,200.000000,200.000000,0.000000,0.000000,0.000000,0.000000,0.000000,0.000000,0.000000,0.000000,0.000000
210,1.150942,0.134616,-0.439670,1.866430,-0.116606,-2.150729,2.866664,0.462486,-0.215149,-0.339599,-2.146478,-0.077982,1.938354,2.172998,0.000073,0.000088,0.123870,-0.098523,0.004085,0.152742,0.179040,-0.113275,0.027334,0.000865,-0.000639,3.040473,-2.779333,4.679885,-1.661658,-2.236399,-1.227092,-0.609161,0.000299,0.000578,8.915091,-22.804586,9.788378,20.830053,0.921802,2.305651,-0.000046,-0.232579,-0.111485,8.915091,-22.804586,9.788378,20.830053,0.921802,2.305651,-0.000046,-0.232579,-0.111485,87.000000,87.000000,87.000000,87.000000,12.000000,12.000000,12.000000,200.000000,200.000000,0.000000,0.000000,0.000000,0.000000,0.000000,0.000000,0.000000,0.000000,0.000000
211,0.863964,0.175463,-0.662472,1.837285,-0.154897,-2.172792,2.879889,0.461070,-0.218110,-0.335753,-2.147541,-0.081897,1.935272,2.176829,0.000067,0.000093,-0.094640,-0.107287,0.150133,0.128059,-0.093058,-0.244224,0.082063,0.000911,-0.000669,-0.281573,-0.520256,-1.472844,-1.551770,1.165571,1.413660,-2.027722,0.003937,-0.004920,-2.066718,-20.781824,-0.163194,19.821335,0.613841,2.167417,-0.005859,-0.216776,-0.128642,-2.066718,-20.781824,-0.163194,19.821335,0.613841,2.167417,-0.005859,-0.216776,-0.128642,87.000000,87.000000,87.000000,87.000000,12.000000,12.000000,12.000000,200.000000,200.000000,0.000000,0.000000,0.000000,0.000000,0.000000,0.000000,0.000000,0.000000,0.000000
212,0.884673,0.353792,-0.652370,1.795876,-0.123349,-2.203408,2.867573,0.458901,-0.218327,-0.333410,-2.148003,-0.077917,1.926854,2.175832,0.000071,0.000091,-0.074708,0.053225,0.062844,0.182594,0.182592,-0.381906,-0.021255,0.001101,-0.000819,0.719359,4.399505,-2.534256,0.631556,-0.614255,3.719601,0.627954,-0.000467,-0.000583,-1.053914,-13.778629,0.218912,18.181892,0.735294,2.110548,0.010592,-0.242521,-0.107506,-1.053914,-13.778629,0.218912,18.181892,0.735294,2.110548,0.010592,-0.242521,-0.107506,87.000000,87.000000,87.000000,87.000000,12.000000,12.000000,12.000000,200.000000,200.000000,0.000000,0.000000,0.000000,0.000000,0.000000,0.000000,0.000000,0.000000,0.000000
213,0.932583,0.251918,-0.611630,1.851797,-0.107394,-2.174821,2.859373,0.458670,-0.215302,-0.333817,-2.148238,-0.071408,1.926870,2.173379,0.000078,0.000084,-0.016329,0.106948,0.013342,0.193704,0.185008,-0.123105,-0.054334,0.000775,-0.000601,0.305105,1.746539,-0.044557,1.357666,-3.711688,0.652231,1.250797,-0.007448,0.006337,0.701770,-18.390011,2.155519,20.448679,0.660378,2.397303,0.002297,-0.247610,-0.097427,0.701770,-18.390011,2.155519,20.448679,0.660378,2.397303,0.002297,-0.247610,-0.097427,87.000000,87.000000,87.000000,87.000000,12.000000,12.000000,12.000000,200.000000,200.000000,0.000000,0.000000,0.000000,0.000000,0.000000,0.000000,0.000000,0.000000,0.000000
214,0.867640,0.051227,-0.666619,1.939038,-0.160142,-2.130543,2.848955,0.459402,-0.213289,-0.335353,-2.147789,-0.079843,1.935966,2.169663,0.000078,0.000084,-0.027120,0.005908,-0.003803,0.214206,-0.238547,0.105181,-0.087177,0.000660,-0.000461,-1.963810,-2.668332,0.690655,1.407612,2.275496,-3.169604,1.811580,0.001508,0.002321,-2.059074,-26.560259,0.170230,23.850616,0.683550,2.618797,0.001815,-0.226210,-0.111764,-2.059074,-26.560259,0.170230,23.850616,0.683550,2.618797,0.001815,-0.226210,-0.111764,87.000000,87.000000,87.000000,87.000000,12.000000,12.000000,12.000000,200.000000,200.000000,0.000000,0.000000,0.000000,0.000000,0.000000,0.000000,0.000000,0.000000,0.000000
215,1.070379,0.168179,-0.498012,1.877740,-0.100015,-2.163585,2.843908,0.461339,-0.213231,-0.335939,-2.146219,-0.073563,1.936063,2.166340,0.000073,0.000088,0.083029,-0.028046,0.046772,0.229790,0.275099,-0.211697,-0.068178,0.000905,-0.000659,2.640670,-1.186196,2.320901,-0.098568,-0.811692,-1.518705,1.831481,0.004596,-0.005709,5.869334,-21.711275,6.914334,21.147701,1.068713,2.209687,0.017995,-0.227593,-0.120095,5.869334,-21.711275,6.914334,21.147701,1.068713,2.209687,0.017995,-0.227593,-0.120095,87.000000,87.000000,87.000000,87.000000,12.000000,12.000000,12.000000,200.000000,200.000000,0.000000,0.000000,0.000000,0.000000,0.000000,0.000000,0.000000,0.000000,0.000000
216,0.908107,0.196369,-0.637986,1.769994,-0.104132,-2.228516,2.861002,0.462760,-0.215039,-0.333813,-2.146965,-0.067808,1.923489,2.168779,0.000060,0.000100,0.009102,-0.103541,0.099993,0.061852,0.178162,-0.507106,0.055313,0.001011,-0.000695,-0.138515,-2.419597,-0.409127,-6.495549,-2.382848,4.799849,-1.250528,0.014471,-0.012615,-0.701623,-20.309443,0.852840,16.978113,0.601620,1.770136,-0.000703,-0.191950,-0.152311,-0.701623,-20.309443,0.852840,16.978113,0.601620,1.770136,-0.000703,-0.191950,-0.152311,87.000000,87.000000,87.000000,87.000000,12.000000,12.000000,12.000000,200.000000,200.000000,0.000000,0.000000,0.000000,0.000000,0.000000,0.000000,0.000000,0.000000,0.000000
217,0.723858,0.256551,-0.786440,1.899546,-0.151796,-2.126350,2.864813,0.459941,-0.215362,-0.332096,-2.149567,-0.074605,1.933540,2.171079,0.000082,0.000082,-0.163054,0.059153,0.031240,0.200601,-0.216562,0.195373,0.045244,0.000685,-0.000536,-3.190490,5.163023,-3.836858,6.697673,0.280496,-2.089045,-1.359704,-0.021709,0.019723,-7.561319,-17.876713,-5.234425,22.751026,0.422116,2.810069,-0.012814,-0.271149,-0.076994,-7.561319,-17.876713,-5.234425,22.751026,0.422116,2.810069,-0.012814,-0.271149,-0.076994,87.000000,87.000000,87.000000,87.000000,12.000000,12.000000,12.000000,200.000000,200.000000,0.000000,0.000000,0.000000,0.000000,0.000000,0.000000,0.000000,0.000000,0.000000
218,0.920133,0.151533,-0.625805,1.933334,-0.126189,-2.123486,2.850152,0.458647,-0.212718,-0.335253,-2.146540,-0.076029,1.942396,2.168662,0.000078,0.000084,-0.046938,0.072987,-0.070240,0.329907,0.046164,0.034944,-0.053429,0.000765,-0.000547,-0.028512,0.301644,0.281823,3.546188,1.911827,-4.448225,1.327797,0.005212,-0.003418,0.269597,-22.602066,1.943391,23.338686,0.976666,2.488597,0.012988,-0.227087,-0.117152,0.269597,-22.602066,1.943391,23.338686,0.976666,2.488597,0.012988,-0.227087,-0.117152,87.000000,87.000000,87.000000,87.000000,12.000000,12.000000,12.000000,200.000000,200.000000,0.000000,0.000000,0.000000,0.000000,0.000000,0.000000,0.000000,0.000000,0.000000
219,1.039736,0.241965,-0.542120,1.757217,-0.080776,-2.250643,2.852977,0.460301,-0.211081,-0.338755,-2.143088,-0.065682,1.923649,2.168010,0.000059,0.000102,0.052138,-0.007489,-0.035740,0.163803,0.373710,-0.723774,-0.009611,0.001309,-0.000879,1.217536,-2.957606,2.584064,-8.487527,-2.029404,6.464424,0.521257,0.027406,-0.023656,4.725432,-19.088060,5.612162,15.773373,0.879074,1.532652,0.015975,-0.188882,-0.161799,4.725432,-19.088060,5.612162,15.773373,0.879074,1.532652,0.015975,-0.188882,-0.161799,87.000000,87.000000,87.000000,87.000000,12.000000,12.000000,12.000000,200.000000,200.000000,0.000000,0.000000,0.000000,0.000000,0.000000,0.000000,0.000000,0.000000,0.000000
220,0.932634,0.243430,-0.618422,1.852489,-0.124892,-2.167433,2.869413,0.460266,-0.210533,-0.338566,-2.145644,-0.067313,1.925447,2.171768,0.000078,0.000085,-0.038833,0.027040,0.057196,0.113045,-0.100135,-0.009368,0.078928,0.000691,-0.000588,-0.470351,1.538212,0.614921,1.113331,-2.395521,1.264135,-2.136037,-0.025525,0.017931,0.587361,-18.909317,2.188934,20.469135,0.452951,2.550539,-0.018490,-0.271708,-0.082402,0.587361,-18.909317,2.188934,20.469135,0.452951,2.550539,-0.018490,-0.271708,-0.082402,87.000000,87.000000,87.000000,87.000000,12.000000,12.000000,12.000000,200.000000,200.000000,0.000000,0.000000,0.000000,0.000000,0.000000,0.000000,0.000000,0.000000,0.000000
221,0.955535,0.140096,-0.587934,1.964895,-0.129720,-2.105416,2.875272,0.459987,-0.208885,-0.337341,-2.145874,-0.072302,1.940054,2.175075,0.000085,0.000078,-0.015561,0.050995,0.076290,0.264677,-0.097397,0.232389,0.070802,0.000662,-0.000447,0.866055,0.907390,0.438842,6.064714,1.711735,-6.054656,-1.770063,-0.003423,0.010155,1.542235,-23.272388,3.246795,24.864998,0.897658,2.790133,-0.005381,-0.248610,-0.090083,1.542235,-23.272388,3.246795,24.864998,0.897658,2.790133,-0.005381,-0.248610,-0.090083,87.000000,87.000000,87.000000,87.000000,12.000000,12.000000,12.000000,200.000000,200.000000,0.000000,0.000000,0.000000,0.000000,0.000000,0.000000,0.000000,0.000000,0.000000
222,0.875275,0.086479,-0.652428,1.844389,-0.151599,-2.193620,2.868455,0.458921,-0.209315,-0.334932,-2.143723,-0.079643,1.933735,2.175149,0.000060,0.000099,-0.059156,-0.101756,0.100480,0.162239,-0.115487,-0.394015,-0.000412,0.000915,-0.000643,0.248746,-4.936022,-0.917469,-5.860530,5.018637,1.403868,0.071042,0.018069,-0.020336,-1.504775,-25.309488,0.335567,19.465275,0.856401,1.846060,0.012163,-0.182104,-0.166112,-1.504775,-25.309488,0.335567,19.465275,0.856401,1.846060,0.012163,-0.182104,-0.166112,87.000000,87.000000,87.000000,87.000000,12.000000,12.000000,12.000000,200.000000,200.000000,0.000000,0.000000,0.000000,0.000000,0.000000,0.000000,0.000000,0.000000,0.000000
223,0.919344,0.155051,-0.627008,1.897527,-0.124632,-2.165622,2.854372,0.459823,-0.212544,-0.334850,-2.144569,-0.077456,1.932097,2.171794,0.000072,0.000090,0.019429,-0.109221,0.021575,0.176232,0.116412,-0.173111,-0.073454,0.000908,-0.000694,0.251136,0.047344,-0.291544,1.516314,-0.743308,1.009392,1.770940,-0.008389,0.006897,-0.017137,-22.004740,1.585901,22.040892,0.811754,2.498791,0.010250,-0.245226,-0.101953,-0.017137,-22.004740,1.585901,22.040892,0.811754,2.498791,0.010250,-0.245226,-0.101953,87.000000,87.000000,87.000000,87.000000,12.000000,12.000000,12.000000,200.000000,200.000000,0.000000,0.000000,0.000000,0.000000,0.000000,0.000000,0.000000,0.000000,0.000000
224,0.871679,0.318215,-0.669677,1.724445,-0.141867,-2.247185,2.882760,0.458899,-0.214896,-0.334160,-2.146028,-0.078590,1.917992,2.176810,0.000060,0.000101,-0.072755,-0.067643,0.044705,0.050565,0.018820,-0.549468,0.111940,0.001117,-0.000754,-0.766931,0.847049,-1.279914,-6.017055,1.294485,5.653789,-2.587702,0.013163,-0.009841,-1.668006,-15.356511,-0.288815,15.138733,0.589428,1.623824,-0.000882,-0.200792,-0.145782,-1.668006,-15.356511,-0.288815,15.138733,0.589428,1.623824,-0.000882,-0.200792,-0.145782,87.000000,87.000000,87.000000,87.000000,12.000000,12.000000,12.000000,200.000000,200.000000,0.000000,0.000000,0.000000,0.000000,0.000000,0.000000,0.000000,0.000000,0.000000
225,0.970024,0.284536,-0.592755,1.893175,-0.130988,-2.146780,2.877249,0.460271,-0.214403,-0.336263,-2.149457,-0.077633,1.925819,2.178209,0.000086,0.000078,0.032279,0.078024,-0.028764,0.172776,0.036230,0.124947,0.028184,0.000743,-0.000623,-0.130324,4.852921,0.948375,6.554635,-1.879570,-1.843539,-0.781733,-0.024471,0.018972,1.919052,-16.902178,3.273010,22.553640,0.711173,2.808733,-0.006294,-0.288824,-0.065673,1.919052,-16.902178,3.273010,22.553640,0.711173,2.808733,-0.006294,-0.288824,-0.065673,87.000000,87.000000,87.000000,87.000000,12.000000,12.000000,12.000000,200.000000,200.000000,0.000000,0.000000,0.000000,0.000000,0.000000,0.000000,0.000000,0.000000,0.000000
226,0.895180,0.113107,-0.646218,1.920775,-0.110695,-2.138210,2.867547,0.460187,-0.212028,-0.337046,-2.148808,-0.073045,1.934996,2.176557,0.000078,0.000084,-0.034167,0.042334,0.012699,0.238561,0.160450,0.048116,-0.036265,0.000639,-0.000436,-0.401113,-1.110879,-0.006735,2.454553,-2.073481,-4.811451,0.880113,0.008817,-0.003477,-0.910173,-24.193270,1.035559,23.198421,0.821545,2.437279,0.005600,-0.214106,-0.122532,-0.910173,-24.193270,1.035559,23.198421,0.821545,2.437279,0.005600,-0.214106,-0.122532,87.000000,87.000000,87.000000,87.000000,12.000000,12.000000,12.000000,200.000000,200.000000,0.000000,0.000000,0.000000,0.000000,0.000000,0.000000,0.000000,0.000000,0.000000
227,0.921931,0.095406,-0.639417,1.875306,-0.147926,-2.184169,2.833464,0.462095,-0.212126,-0.339330,-2.146504,-0.078434,1.930994,2.167601,0.000066,0.000094,0.019352,-0.068980,-0.015001,0.209908,-0.115688,-0.289351,-0.201977,0.000966,-0.000671,-1.412865,-3.461830,1.553797,-2.998211,2.860558,1.669643,4.688038,0.009867,-0.009849,-0.194244,-24.731249,1.654456,20.960150,0.776451,2.187142,0.019121,-0.209278,-0.138639,-0.194244,-24.731249,1.654456,20.960150,0.776451,2.187142,0.019121,-0.209278,-0.138639,87.000000,87.000000,87.000000,87.000000,12.000000,12.000000,12.000000,200.000000,200.000000,0.000000,0.000000,0.000000,0.000000,0.000000,0.000000,0.000000,0.000000,0.000000
228,0.951099,0.179675,-0.602326,1.884001,-0.100796,-2.130472,2.854351,0.461339,-0.214074,-0.338832,-2.147030,-0.071399,1.939044,2.167747,0.000078,0.000085,-0.027088,-0.063252,0.047654,0.193057,0.236891,0.068702,0.009243,0.000746,-0.000517,1.444568,0.528638,-0.276585,2.290719,-3.605593,-3.935796,-0.157658,-0.002201,0.007323,1.323788,-20.992561,2.822853,21.695797,0.796367,2.423995,0.001766,-0.238338,-0.102683,1.323788,-20.992561,2.822853,21.695797,0.796367,2.423995,0.001766,-0.238338,-0.102683,87.000000,87.000000,87.000000,87.000000,12.000000,12.000000,12.000000,200.000000,200.000000,0.000000,0.000000,0.000000,0.000000,0.000000,0.000000,0.000000,0.000000,0.000000
229,0.960949,0.200847,-0.600891,1.799377,-0.122931,-2.198028,2.862790,0.462315,-0.216409,-0.338460,-2.146764,-0.071539,1.931746,2.169987,0.000063,0.000097,0.009679,-0.104350,0.060784,0.128804,0.027976,-0.391847,0.047980,0.000989,-0.000727,0.267734,-1.512961,0.854470,-4.372676,0.688672,2.507175,-1.123699,0.008268,-0.011734,1.470528,-19.966810,2.883812,18.080620,0.721292,1.889591,0.000655,-0.208118,-0.142808,1.470528,-19.966810,2.883812,18.080620,0.721292,1.889591,0.000655,-0.208118,-0.142808,87.000000,87.000000,87.000000,87.000000,12.000000,12.000000,12.000000,200.000000,200.000000,0.000000,0.000000,0.000000,0.000000,0.000000,0.000000,0.000000,0.000000,0.000000
230,0.981837,0.327494,-0.578333,1.815783,-0.110846,-2.193100,2.891015,0.462774,-0.217153,-0.336498,-2.147918,-0.069246,1.926017,2.177867,0.000074,0.000088,0.005682,0.026031,0.095401,0.166174,0.104917,-0.280164,0.175057,0.001075,-0.000821,1.191474,3.739933,-0.079808,1.183254,-0.998999,3.140557,-4.097003,-0.005766,0.004281,2.334248,-14.889518,3.481876,19.046032,0.720982,2.291891,-0.010492,-0.256707,-0.094290,2.334248,-14.889518,3.481876,19.046032,0.720982,2.291891,-0.010492,-0.256707,-0.094290,87.000000,87.000000,87.000000,87.000000,12.000000,12.000000,12.000000,200.000000,200.000000,0.000000,0.000000,0.000000,0.000000,0.000000,0.000000,0.000000,0.000000,0.000000
231,0.807059,0.186426,-0.727258,1.874862,-0.165645,-2.157432,2.868284,0.462499,-0.215582,-0.335467,-2.148266,-0.079326,1.930182,2.176690,0.000078,0.000084,-0.070608,0.048974,0.040651,0.189860,-0.273354,-0.006021,-0.033973,0.000730,-0.000555,-2.482622,0.847516,-1.674663,1.293608,3.132720,-0.515880,0.571319,-0.003425,0.004313,-4.643927,-20.883900,-2.499364,21.379614,0.564447,2.454235,-0.000486,-0.237359,-0.104039,-4.643927,-20.883900,-2.499364,21.379614,0.564447,2.454235,-0.000486,-0.237359,-0.104039,87.000000,87.000000,87.000000,87.000000,12.000000,12.000000,12.000000,200.000000,200.000000,0.000000,0.000000,0.000000,0.000000,0.000000,0.000000,0.000000,0.000000,0.000000
232,0.946756,0.150513,-0.602932,1.870817,-0.117749,-2.156601,2.871917,0.461649,-0.214408,-0.335620,-2.148699,-0.076638,1.934273,2.176726,0.000073,0.000087,-0.022573,0.003836,0.021535,0.167978,0.165854,-0.084862,0.004478,0.000745,-0.000527,1.328171,-1.258226,-0.190416,0.049009,0.003910,-3.071157,0.037316,0.005941,-0.003021,1.106236,-22.413586,2.616403,21.241125,0.938309,2.211293,0.010193,-0.216533,-0.122530,1.106236,-22.413586,2.616403,21.241125,0.938309,2.211293,0.010193,-0.216533,-0.122530,87.000000,87.000000,87.000000,87.000000,12.000000,12.000000,12.000000,200.000000,200.000000,0.000000,0.000000,0.000000,0.000000,0.000000,0.000000,0.000000,0.000000,0.000000
233,0.924992,0.120479,-0.635844,1.914992,-0.128647,-2.174785,2.829270,0.463672,-0.214344,-0.337715,-2.147118,-0.076169,1.930769,2.166690,0.000071,0.000090,0.027361,-0.025581,-0.017969,0.250157,0.039611,-0.255644,-0.224957,0.000969,-0.000682,-1.248576,-1.054699,1.149933,1.032186,0.067958,1.972230,5.269764,-0.000671,0.000560,-0.208431,-23.529457,1.651450,22.719374,0.794987,2.509029,0.019360,-0.236399,-0.112632,-0.208431,-23.529457,1.651450,22.719374,0.794987,2.509029,0.019360,-0.236399,-0.112632,87.000000,87.000000,87.000000,87.000000,12.000000,12.000000,12.000000,200.000000,200.000000,0.000000,0.000000,0.000000,0.000000,0.000000,0.000000,0.000000,0.000000,0.000000
234,0.922791,0.159953,-0.632612,1.830813,-0.153638,-2.178750,2.873823,0.463729,-0.216095,-0.337859,-2.147002,-0.081218,1.929835,2.171973,0.000068,0.000093,-0.033287,-0.093666,0.041965,0.135935,-0.104618,-0.168960,0.118861,0.000751,-0.000545,-0.318471,-1.846479,0.311365,-3.017843,1.812333,0.426626,-2.875037,0.000832,-0.000458,-0.088319,-21.675367,1.586595,19.414200,0.679723,2.111389,-0.006866,-0.213393,-0.128405,-0.088319,-21.675367,1.586595,19.414200,0.679723,2.111389,-0.006866,-0.213393,-0.128405,87.000000,87.000000,87.000000,87.000000,12.000000,12.000000,12.000000,200.000000,200.000000,0.000000,0.000000,0.000000,0.000000,0.000000,0.000000,0.000000,0.000000,0.000000
235,0.913273,0.249647,-0.642673,1.792365,-0.119329,-2.219759,2.854055,0.462675,-0.218221,-0.337521,-2.149032,-0.076883,1.921075,2.170074,0.000064,0.000096,-0.047989,-0.063388,0.028159,0.088302,0.195214,-0.413244,-0.041515,0.001060,-0.000770,0.507386,0.682518,-1.115075,-2.323692,-0.662857,2.968427,1.128123,0.007704,-0.007307,-0.295371,-17.854279,1.109322,18.206003,0.778364,1.957731,0.013379,-0.214643,-0.131658,-0.295371,-17.854279,1.109322,18.206003,0.778364,1.957731,0.013379,-0.214643,-0.131658,87.000000,87.000000,87.000000,87.000000,12.000000,12.000000,12.000000,200.000000,200.000000,0.000000,0.000000,0.000000,0.000000,0.000000,0.000000,0.000000,0.000000,0.000000
236,0.954140,0.178234,-0.599197,1.948882,-0.126755,-2.104499,2.853020,0.462552,-0.218751,-0.338031,-2.150955,-0.075356,1.936129,2.168889,0.000089,0.000076,-0.016710,0.019017,0.023174,0.236995,0.013697,0.309078,-0.028390,0.000672,-0.000456,0.248988,3.032632,0.597375,7.851747,-3.141419,-4.993400,0.458896,-0.017400,0.022958,1.252241,-20.753408,2.999351,24.803989,0.679875,3.006992,-0.007900,-0.278876,-0.065385,1.252241,-20.753408,2.999351,24.803989,0.679875,3.006992,-0.007900,-0.278876,-0.065385,87.000000,87.000000,87.000000,87.000000,12.000000,12.000000,12.000000,200.000000,200.000000,0.000000,0.000000,0.000000,0.000000,0.000000,0.000000,0.000000,0.000000,0.000000
237,0.982214,0.225863,-0.571483,1.827207,-0.128649,-2.175688,2.886750,0.462142,-0.217357,-0.336695,-2.147801,-0.076147,1.935166,2.176238,0.000070,0.000091,-0.022634,0.028400,0.091260,0.254909,0.049798,-0.254568,0.164176,0.000878,-0.000648,1.285489,-0.285574,0.595350,-1.923521,1.806034,-0.730796,-3.777560,0.010538,-0.015164,2.478316,-19.173931,3.823107,19.081287,0.871315,1.955764,-0.003238,-0.211741,-0.142045,2.478316,-19.173931,3.823107,19.081287,0.871315,1.955764,-0.003238,-0.211741,-0.142045,87.000000,87.000000,87.000000,87.000000,12.000000,12.000000,12.000000,200.000000,200.000000,0.000000,0.000000,0.000000,0.000000,0.000000,0.000000,0.000000,0.000000,0.000000
238,0.971752,0.197728,-0.584535,1.791694,-0.096061,-2.192813,2.879155,0.463124,-0.217352,-0.334928,-2.148385,-0.068403,1.930174,2.178330,0.000066,0.000094,0.034547,-0.041696,0.085294,0.094460,0.254602,-0.299553,0.046083,0.000869,-0.000639,1.528935,-1.922219,0.099446,-4.419659,-3.163302,1.276283,-0.989537,0.008028,-0.006389,1.846447,-20.207336,3.144224,17.990446,0.726296,1.912197,0.001261,-0.205869,-0.134551,1.846447,-20.207336,3.144224,17.990446,0.726296,1.912197,0.001261,-0.205869,-0.134551,87.000000,87.000000,87.000000,87.000000,12.000000,12.000000,12.000000,200.000000,200.000000,0.000000,0.000000,0.000000,0.000000,0.000000,0.000000,0.000000,0.000000,0.000000
239,0.823112,0.242212,-0.699689,1.853775,-0.154809,-2.188449,2.885996,0.461774,-0.216697,-0.332104,-2.149415,-0.076113,1.925531,2.181119,0.000071,0.000090,-0.102414,0.046581,0.099727,0.176094,-0.214357,-0.241910,0.056355,0.001019,-0.000763,-1.713180,2.341795,-2.000580,1.381212,2.394312,3.611088,-1.516092,-0.007777,0.005119,-3.817533,-18.471561,-1.839437,20.670197,0.543684,2.445312,-0.007298,-0.249673,-0.101435,-3.817533,-18.471561,-1.839437,20.670197,0.543684,2.445312,-0.007298,-0.249673,-0.101435,87.000000,87.000000,87.000000,87.000000,12.000000,12.000000,12.000000,200.000000,200.000000,0.000000,0.000000,0.000000,0.000000,0.000000,0.000000,0.000000,0.000000,0.000000
240,0.837812,0.128802,-0.691145,1.906667,-0.125723,-2.139884,2.864703,0.460117,-0.215312,-0.332531,-2.150221,-0.075806,1.933560,2.177392,0.000077,0.000085,-0.069577,0.025238,-0.018943,0.192833,0.067483,0.068714,-0.082675,0.000628,-0.000453,-0.507417,-0.238934,-1.900298,2.642332,-0.208288,-3.616449,1.956851,-0.002763,0.006288,-3.107440,-23.208637,-1.149245,22.877876,0.795334,2.505642,0.010890,-0.229753,-0.108046,-3.107440,-23.208637,-1.149245,22.877876,0.795334,2.505642,0.010890,-0.229753,-0.108046,87.000000,87.000000,87.000000,87.000000,12.000000,12.000000,12.000000,200.000000,200.000000,0.000000,0.000000,0.000000,0.000000,0.000000,0.000000,0.000000,0.000000,0.000000
241,0.994915,0.140375,-0.557857,1.901608,-0.152111,-2.142629,2.854185,0.460660,-0.214608,-0.334495,-2.148414,-0.081531,1.938197,2.172956,0.000075,0.000087,0.003605,-0.005696,0.006327,0.255098,-0.122103,-0.051976,-0.100352,0.000867,-0.000637,0.322777,-0.985473,2.214652,1.066861,2.632896,-1.904038,2.270280,0.001751,-0.002467,2.981009,-22.761555,4.510622,22.276306,0.859000,2.439547,0.009625,-0.233007,-0.113965,2.981009,-22.761555,4.510622,22.276306,0.859000,2.439547,0.009625,-0.233007,-0.113965,87.000000,87.000000,87.000000,87.000000,12.000000,12.000000,12.000000,200.000000,200.000000,0.000000,0.000000,0.000000,0.000000,0.000000,0.000000,0.000000,0.000000,0.000000
242,-1.240661,4.803306,-1.548225,0.012041,-1.152474,-1.274161,-1.931834,0.438081,-0.175700,-0.338402,-2.168677,-0.166250,2.025295,2.086127,0.000180,0.000027,-0.643843,1.638425,-0.687762,-1.263564,-2.294213,2.626540,-2.612125,0.002919,-0.000718,-1.450578,53.175644,-35.860626,-30.770414,-19.098257,-0.054088,-0.014148,0.533990,-0.299745,-83.115448,87.000000,-35.060825,-49.013897,-12.000000,12.000000,-12.000000,0.410424,-0.563995,-83.115448,159.786697,-35.060825,-49.013897,-28.434072,22.952291,-177.908371,0.410424,-0.563995,87.000000,87.000000,87.000000,87.000000,12.000000,12.000000,12.000000,200.000000,200.000000,0.000000,0.000000,0.000000,0.000000,0.000000,0.000000,0.000000,0.000000,0.000000
243,-0.704428,3.022884,-0.980721,1.413415,-1.109292,-0.470566,-2.625139,0.391211,-0.103247,-0.345257,-2.205154,-0.253171,2.104964,1.999279,0.000298,0.000000,-1.387156,2.187831,-0.337620,-0.984394,-2.608006,1.971112,-2.608530,0.004407,-0.001880,4.115359,0.307417,-9.850734,-4.434224,0.022759,-6.121702,-0.214863,0.000561,0.038931,-55.453220,77.840973,-11.331267,10.281175,-12.000000,12.000000,-12.000000,-0.923453,0.252935,-55.453220,77.840973,-11.331267,10.281175,-17.159615,50.609795,-198.723282,-0.923453,0.252935,87.000000,87.000000,87.000000,87.000000,12.000000,12.000000,12.000000,200.000000,200.000000,0.000000,0.000000,0.000000,0.000000,0.000000,0.000000,0.000000,0.000000,0.000000
244,-0.306948,1.452864,-0.285563,2.308046,-1.404351,-0.133593,-3.510656,0.297033,-0.028805,-0.298090,-2.212528,-0.336970,2.152924,1.915275,0.000331,0.000004,-2.661109,2.256291,1.588128,0.867773,-2.602732,-0.294260,-2.438934,-0.004836,0.000010,8.551110,-0.883141,18.474733,55.560352,-0.018067,13.282495,5.411324,-0.294739,-0.110438,-28.526514,8.739238,9.440424,45.077187,-12.000000,12.000000,-12.000000,-0.621605,-0.185049,-28.526514,8.739238,9.440424,45.077187,-22.102291,69.398140,-227.567108,-0.621605,-0.185049,87.000000,87.000000,87.000000,87.000000,12.000000,12.000000,12.000000,200.000000,200.000000,0.000000,0.000000,0.000000,0.000000,0.000000,0.000000,0.000000,0.000000,0.000000
245,-0.652599,1.121069,-0.026569,1.744116,-1.895965,-0.072762,-4.066501,0.201684,0.034820,-0.225974,-2.195049,-0.421020,2.222267,1.830711,0.000374,0.000000,-2.661435,1.816478,2.178476,0.829723,-2.606895,1.320163,-2.506933,-0.002011,-0.002834,16.578310,-17.334236,0.822787,0.566096,0.002704,7.285723,-0.929074,-0.015276,-0.080467,-34.103485,-9.523639,11.248228,18.011126,-12.000000,12.000000,-12.000000,-0.567019,0.149249,-34.103485,-9.523639,11.248228,18.011126,-35.107944,60.283188,-243.262177,-0.567019,0.149249,87.000000,87.000000,87.000000,87.000000,12.000000,12.000000,12.000000,200.000000,200.000000,0.000000,0.000000,0.000000,0.000000,0.000000,0.000000,0.000000,0.000000,0.000000
246,-1.091399,1.310263,0.030456,1.271542,-2.281561,-0.310534,-4.681042,0.118139,0.086886,-0.153583,-2.189461,-0.507052,2.308407,1.744063,0.000469,0.000000,-2.435223,1.479667,2.176691,0.021610,-2.609782,2.515450,-2.610236,0.003571,-0.004289,6.277327,-6.268408,0.097990,-15.824147,0.002332,-2.248149,-1.286430,0.122951,-0.070116,-46.222282,-4.380774,7.707059,0.121167,-12.000000,12.000000,-12.000000,-0.987988,0.311992,-46.222282,-4.380774,7.707059,0.121167,-43.721214,39.095650,-260.609283,-0.987988,0.311992,87.000000,87.000000,87.000000,87.000000,12.000000,12.000000,12.000000,200.000000,200.000000,0.000000,0.000000,0.000000,0.000000,0.000000,0.000000,0.000000,0.000000,0.000000
247,-1.479418,1.121443,-0.050720,1.493930,-2.457355,-0.440575,-5.010264,0.046067,0.138808,-0.088540,-2.191972,-0.593203,2.393101,1.657443,0.000579,0.000000,-2.008862,1.567548,1.800895,-0.024497,-2.607338,2.382232,-2.595294,0.003434,-0.003650,9.710554,6.807854,-10.263833,-2.384748,0.020728,8.615884,-0.830212,0.060330,-0.054880,-56.940784,-15.419270,-0.348612,10.143738,-12.000000,12.000000,-12.000000,-1.270631,0.273496,-56.940784,-15.419270,-0.348612,10.143738,-43.856339,28.355532,-266.871460,-1.270631,0.273496,87.000000,87.000000,87.000000,87.000000,12.000000,12.000000,12.000000,200.000000,200.000000,0.000000,0.000000,0.000000,0.000000,0.000000,0.000000,0.000000,0.000000,0.000000
248,-1.555574,0.596932,0.041991,1.761905,-2.467780,-0.527641,-5.147089,-0.023313,0.191924,-0.025813,-2.194386,-0.678259,2.480133,1.570429,0.000653,0.000000,-1.950879,1.392624,1.726343,-0.033550,-2.547185,2.612769,-2.610966,0.002758,-0.002097,8.010692,-5.583121,-9.503101,0.227704,-0.102525,0.055118,-0.021014,-0.029472,0.030780,-54.700356,-40.868805,-1.387763,21.289326,-12.000000,12.000000,-12.000000,-1.572805,0.261005,-54.700356,-40.868805,-1.387763,21.289326,-37.676315,16.478867,-265.276459,-1.572805,0.261005,87.000000,87.000000,87.000000,87.000000,12.000000,12.000000,12.000000,200.000000,200.000000,0.000000,0.000000,0.000000,0.000000,0.000000,0.000000,0.000000,0.000000,0.000000
249,-1.654787,0.381945,0.117375,1.759636,-2.500034,-0.696651,-5.173080,-0.089903,0.234163,0.032676,-2.200207,-0.763575,2.563948,1.483382,0.000672,0.000000,-1.902118,0.922300,1.624141,-0.214001,-2.566970,2.152804,-2.612346,0.001008,-0.001366,5.480110,-14.064988,-7.553043,-3.709610,-1.420426,-27.632488,-0.062084,-0.063437,0.031131,-53.621540,-52.065861,-2.673030,21.917383,-12.000000,2.747187,-12.000000,-1.547552,0.188466,-53.621540,-52.065861,-2.673030,21.917383,-32.165741,2.747187,-259.350983,-1.547552,0.188466,87.000000,87.000000,87.000000,87.000000,12.000000,12.000000,12.000000,200.000000,200.000000,0.000000,0.000000,0.000000,0.000000,0.000000,0.000000,0.000000,0.000000,0.000000
250,-1.693624,0.431085,0.201518,1.767032,-2.425782,-0.802610,-5.267384,-0.154929,0.261698,0.089433,-2.207050,-0.849644,2.592302,1.396305,0.000553,0.000055,-1.851275,0.501462,1.548583,-0.208924,-2.555040,0.418968,-2.612085,-0.003849,0.003344,5.388100,-12.458792,-9.812221,-3.218033,0.489836,-15.673153,0.004849,-0.241208,0.247066,-50.108845,-51.086933,-3.778600,22.771257,-12.000000,1.514002,-12.000000,-1.292946,0.077329,-50.108845,-51.086933,-3.778600,22.771257,-22.226349,1.514002,-256.153625,-1.292946,0.077329,87.000000,87.000000,87.000000,87.000000,12.000000,12.000000,12.000000,200.000000,200.000000,0.000000,0.000000,0.000000,0.000000,0.000000,0.000000,0.000000,0.000000,0.000000
251,-1.522766,0.543927,0.446866,1.811573,-2.308535,-0.766299,-5.256501,-0.226323,0.279361,0.151283,-2.213348,-0.934357,2.608711,1.309510,0.000450,0.000105,-2.046174,0.294787,1.736662,-0.097258,-2.545045,0.377353,-2.612009,-0.001963,0.001406,6.226029,-6.607732,-8.130068,3.734301,-0.490065,-5.310203,-1.919532,0.067158,-0.076620,-36.990696,-47.093998,0.673260,25.158230,-10.843064,2.380713,-12.000000,-0.681723,-0.445253,-36.990696,-47.093998,0.673260,25.158230,-10.843064,2.380713,-248.903015,-0.681723,-0.445253,87.000000,87.000000,87.000000,87.000000,12.000000,12.000000,12.000000,200.000000,200.000000,0.000000,0.000000,0.000000,0.000000,0.000000,0.000000,0.000000,0.000000,0.000000
252,-1.431125,0.787464,0.539264,1.860853,-2.103938,-0.790413,-5.157186,-0.295837,0.295347,0.210895,-2.210399,-1.001671,2.614426,1.222457,0.000369,0.000119,-1.996240,0.366422,1.666337,0.266497,-1.427426,0.105267,-2.612044,-0.002808,0.001113,5.484366,1.205943,-8.058993,8.886168,37.426678,0.171409,-0.021529,-0.119612,0.031236,-27.938967,-38.372818,-0.204608,26.222477,1.923674,1.978493,-12.000000,-0.765651,-0.279043,-27.938967,-38.372818,-0.204608,26.222477,1.923674,1.978493,-237.839417,-0.765651,-0.279043,87.000000,87.000000,87.000000,87.000000,12.000000,12.000000,12.000000,200.000000,200.000000,0.000000,0.000000,0.000000,0.000000,0.000000,0.000000,0.000000,0.000000,0.000000
253,-1.239743,0.774489,0.739590,1.731298,-2.034695,-0.856187,-5.403942,-0.368477,0.309751,0.274691,-2.203575,-1.017656,2.603356,1.135413,0.000219,0.000124,-2.084009,0.221612,1.792377,0.209830,-0.184313,-0.327762,-2.611946,-0.005460,0.001346,5.918841,-4.569130,-8.165888,-1.529516,11.711450,6.379693,-0.018253,-0.136286,0.062708,-14.210030,-39.984371,2.361789,20.052269,1.199689,1.719098,-12.000000,-0.305659,-0.255511,-14.210030,-39.984371,2.361789,20.052269,1.199689,1.719098,-240.746063,-0.305659,-0.255511,87.000000,87.000000,87.000000,87.000000,12.000000,12.000000,12.000000,200.000000,200.000000,0.000000,0.000000,0.000000,0.000000,0.000000,0.000000,0.000000,0.000000,0.000000
254,-1.136676,0.801819,0.872763,1.761172,-2.017614,-0.789403,-5.236298,-0.440445,0.320546,0.336057,-2.197799,-1.018007,2.610188,1.048367,0.000124,0.000111,-2.077854,0.128614,1.732775,0.223288,0.002649,0.240239,-2.612345,-0.001877,0.000749,5.934491,-3.646266,-7.657763,1.573652,-0.907119,0.303446,-0.020442,0.141891,-0.011584,-4.349275,-39.449944,2.969665,20.929098,0.658063,2.000252,-12.000000,0.106035,-0.332609,-4.349275,-39.449944,2.969665,20.929098,0.658063,2.000252,-227.075607,0.106035,-0.332609,87.000000,87.000000,87.000000,87.000000,12.000000,12.000000,12.000000,200.000000,200.000000,0.000000,0.000000,0.000000,0.000000,0.000000,0.000000,0.000000,0.000000,0.000000
255,-1.050958,0.935607,0.916542,1.719993,-1.937773,-0.868051,-5.140267,-0.490841,0.327814,0.374819,-2.189269,-1.000637,2.600963,0.961492,0.000069,0.000123,-1.120724,0.035505,0.742611,0.322817,0.527522,-0.368567,-2.575888,-0.002216,0.001651,27.159353,-2.970443,-29.498653,2.508300,-5.971863,1.104303,2.181358,-0.064154,0.056275,1.850689,-34.404499,2.922620,18.391731,0.791273,1.247842,-12.000000,-0.093099,-0.287780,1.850689,-34.404499,2.922620,18.391731,0.791273,1.247842,-216.268631,-0.093099,-0.287780,87.000000,87.000000,87.000000,87.000000,12.000000,12.000000,12.000000,200.000000,200.000000,0.000000,0.000000,0.000000,0.000000,0.000000,0.000000,0.000000,0.000000,0.000000
256,-0.972592,1.021782,1.004922,1.618994,-1.898099,-0.917764,-5.186190,-0.520520,0.332252,0.393514,-2.181102,-0.978585,2.581854,0.875028,0.000045,0.000137,-0.705834,-0.035359,0.396395,0.219837,0.562525,-0.524266,-2.523146,-0.001431,0.001492,15.011668,-2.283320,-14.295723,-3.311703,-10.396874,8.628269,4.461507,-0.016018,0.020700,5.545991,-31.088364,6.765277,13.638490,0.254484,1.646777,-12.000000,-0.001637,-0.367676,5.545991,-31.088364,6.765277,13.638490,0.254484,1.646777,-211.218750,-0.001637,-0.367676,87.000000,87.000000,87.000000,87.000000,12.000000,12.000000,12.000000,200.000000,200.000000,0.000000,0.000000,0.000000,0.000000,0.000000,0.000000,0.000000,0.000000,0.000000
257,-0.916638,1.062296,1.028936,1.682594,-1.835797,-0.921899,-5.237775,-0.533744,0.336105,0.397978,-2.174039,-0.952562,2.568379,0.788935,0.000033,0.000148,-0.298390,0.007021,0.098742,0.263692,0.650527,-0.372029,-2.483410,-0.000971,0.001127,8.222715,1.470285,-4.520634,1.476005,-12.712744,5.769650,5.092906,0.012414,-0.020868,7.367116,-29.676765,8.720254,15.772491,0.293904,1.994792,-12.000000,0.040564,-0.435777,7.367116,-29.676765,8.720254,15.772491,0.293904,1.994792,-206.490829,0.040564,-0.435777,87.000000,87.000000,87.000000,87.000000,12.000000,12.000000,12.000000,200.000000,200.000000,0.000000,0.000000,0.000000,0.000000,0.000000,0.000000,0.000000,0.000000,0.000000
258,-0.937714,0.994866,0.946382,1.722985,-1.717325,-0.956128,-5.235549,-0.531640,0.339397,0.389767,-2.166503,-0.911684,2.554141,0.702828,0.000025,0.000152,0.084550,-0.040823,-0.220528,0.265027,1.055089,-0.458216,-2.463996,-0.001157,0.001093,1.853352,-0.317208,0.865220,0.677351,-19.165413,3.727975,8.046640,-0.011002,-0.012927,4.975964,-32.613152,7.228603,16.736286,0.319011,1.870559,-12.000000,0.029751,-0.429492,4.975964,-32.613152,7.228603,16.736286,0.319011,1.870559,-199.385635,0.029751,-0.429492,87.000000,87.000000,87.000000,87.000000,12.000000,12.000000,12.000000,200.000000,200.000000,0.000000,0.000000,0.000000,0.000000,0.000000,0.000000,0.000000,0.000000,0.000000
259,-0.966197,0.959993,0.836628,1.785020,-1.678322,-0.919371,-5.049974,-0.518777,0.341433,0.370816,-2.158063,-0.878914,2.553505,0.616586,0.000021,0.000156,0.286518,-0.070065,-0.435674,0.313580,0.743986,-0.060558,-2.541102,-0.000352,0.000619,-6.359743,0.184496,8.525826,1.888715,-17.398964,-0.818702,-0.234275,0.045919,-0.039745,1.791283,-34.062939,5.374106,18.480675,0.168367,2.092386,-12.000000,0.078829,-0.448261,1.791283,-34.062939,5.374106,18.480675,0.168367,2.092386,-185.343063,0.078829,-0.448261,87.000000,87.000000,87.000000,87.000000,12.000000,12.000000,12.000000,200.000000,200.000000,0.000000,0.000000,0.000000,0.000000,0.000000,0.000000,0.000000,0.000000,0.000000
260,-0.902590,0.918146,0.864779,1.648634,-1.664097,-1.024646,-5.175572,-0.509577,0.339710,0.358928,-2.152729,-0.858119,2.532215,0.529607,0.000035,0.000156,0.197277,-0.269667,-0.248031,0.041309,0.534220,-0.651560,-2.601181,-0.001166,0.001872,-3.068754,-5.379679,4.211185,-9.670714,-9.023426,8.604540,0.595736,-0.087566,0.096365,4.023960,-35.387424,6.705197,12.662740,0.117418,1.696263,-12.000000,-0.112515,-0.311601,4.023960,-35.387424,6.705197,12.662740,0.117418,1.696263,-183.144974,-0.112515,-0.311601,87.000000,87.000000,87.000000,87.000000,12.000000,12.000000,12.000000,200.000000,200.000000,0.000000,0.000000,0.000000,0.000000,0.000000,0.000000,0.000000,0.000000,0.000000
261,-0.809618,0.938011,0.894822,1.766386,-1.602542,-0.934199,-5.053978,-0.498143,0.335006,0.346180,-2.153645,-0.833167,2.535995,0.443270,0.000039,0.000156,0.237522,-0.252997,-0.190191,0.036669,0.583865,0.087869,-2.535235,0.000172,0.000067,-5.144652,1.196605,10.647451,2.569060,-14.351191,-1.554457,1.270423,0.085137,-0.116828,6.588676,-33.884792,9.154625,18.154385,0.138253,2.481334,-12.000000,0.072138,-0.545842,6.588676,-33.884792,9.154625,18.154385,0.138253,2.481334,-171.557816,0.072138,-0.545842,87.000000,87.000000,87.000000,87.000000,12.000000,12.000000,12.000000,200.000000,200.000000,0.000000,0.000000,0.000000,0.000000,0.000000,0.000000,0.000000,0.000000,0.000000
262,-1.039524,1.134318,0.618081,1.716934,-1.443455,-1.050364,-5.149025,-0.483503,0.332863,0.332193,-2.151427,-0.785842,2.519968,0.356441,0.000049,0.000139,0.360967,-0.117797,-0.366036,0.145463,1.290478,-0.603632,-2.570936,-0.001560,0.001290,-4.899500,5.059686,2.685329,2.879703,-19.757179,2.871845,2.444315,-0.093749,0.042202,-4.074537,-26.003214,-0.800694,15.730124,0.549829,1.184363,-12.000000,-0.130240,-0.329016,-4.074537,-26.003214,-0.800694,15.730124,0.549829,1.184363,-168.215775,-0.130240,-0.329016,87.000000,87.000000,87.000000,87.000000,12.000000,12.000000,12.000000,200.000000,200.000000,0.000000,0.000000,0.000000,0.000000,0.000000,0.000000,0.000000,0.000000,0.000000
263,-0.930007,0.857002,0.645649,1.801383,-1.427413,-0.993168,-4.980210,-0.465701,0.331069,0.311554,-2.148910,-0.752193,2.517599,0.269638,0.000037,0.000148,0.370163,-0.215741,-0.454741,0.103327,0.732842,-0.094194,-2.611690,-0.000398,0.000685,-10.413905,-1.926717,10.467707,-0.198109,-18.927794,0.887709,-2.718487,0.047462,-0.040684,-1.472642,-37.089039,2.648610,18.838259,-0.005217,2.228885,-12.000000,0.051225,-0.438251,-1.472642,-37.089039,2.648610,18.838259,-0.005217,2.228885,-154.715393,0.051225,-0.438251,87.000000,87.000000,87.000000,87.000000,12.000000,12.000000,12.000000,200.000000,200.000000,0.000000,0.000000,0.000000,0.000000,0.000000,0.000000,0.000000,0.000000,0.000000
264,-0.688048,0.901316,0.800209,1.757051,-1.424954,-1.016492,-5.089658,-0.452088,0.327463,0.298167,-2.146424,-0.734843,2.511106,0.182776,0.000056,0.000143,0.320358,-0.248034,-0.225182,0.090743,0.415655,-0.256347,-2.592490,-0.000327,0.001143,-4.166194,-0.704153,9.312173,-1.275149,-8.621233,2.880784,0.220242,-0.023498,0.032951,7.602061,-34.873703,9.227581,16.837442,0.148929,2.361907,-12.000000,-0.108775,-0.340319,7.602061,-34.873703,9.227581,16.837442,0.148929,2.361907,-152.016632,-0.108775,-0.340319,87.000000,87.000000,87.000000,87.000000,12.000000,12.000000,12.000000,200.000000,200.000000,0.000000,0.000000,0.000000,0.000000,0.000000,0.000000,0.000000,0.000000,0.000000
265,-0.855017,1.050001,0.586516,1.704550,-1.300902,-1.083238,-4.989797,-0.435537,0.323996,0.284214,-2.145470,-0.698986,2.496907,0.095803,0.000068,0.000130,0.399512,-0.193381,-0.316727,0.052458,0.977750,-0.508023,-2.600459,-0.001017,0.000889,-6.104037,2.633765,5.937620,-0.629494,-15.578759,3.578249,0.632901,-0.045899,-0.015376,-0.715350,-28.605747,1.841164,14.800109,0.364422,1.528224,-12.000000,-0.125631,-0.382258,-0.715350,-28.605747,1.841164,14.800109,0.364422,1.528224,-141.010147,-0.125631,-0.382258,87.000000,87.000000,87.000000,87.000000,12.000000,12.000000,12.000000,200.000000,200.000000,0.000000,0.000000,0.000000,0.000000,0.000000,0.000000,0.000000,0.000000,0.000000
266,-0.762725,0.953175,0.618713,1.842729,-1.236861,-0.992342,-5.027915,-0.418979,0.323547,0.269632,-2.143582,-0.662613,2.503948,0.009009,0.000062,0.000128,0.357153,-0.083544,-0.253490,0.190370,0.836166,0.139924,-2.586885,0.000101,-0.000053,-7.901263,3.570306,10.636208,6.579626,-20.302944,-2.820932,-0.469551,0.065800,-0.084977,1.645627,-32.680859,4.412695,20.217476,0.099107,2.535933,-12.000000,-0.007419,-0.421603,1.645627,-32.680859,4.412695,20.217476,0.099107,2.535933,-135.711929,-0.007419,-0.421603,87.000000,87.000000,87.000000,87.000000,12.000000,12.000000,12.000000,200.000000,200.000000,0.000000,0.000000,0.000000,0.000000,0.000000,0.000000,0.000000,0.000000,0.000000
267,-0.939450,0.983968,0.387329,1.753107,-1.162707,-1.101807,-4.952294,-0.400861,0.324053,0.252353,-2.137976,-0.628008,2.490598,-0.077996,0.000086,0.000107,0.420952,-0.115074,-0.455409,0.173031,0.911222,-0.536341,-2.610898,-0.001043,0.001205,-8.806227,-0.012394,4.509176,-2.428757,-14.567091,2.839254,-0.008969,-0.089190,0.065588,-7.078249,-31.612282,-3.289479,15.717690,0.443264,1.331020,-12.000000,-0.232062,-0.216665,-7.078249,-31.612282,-3.289479,15.717690,0.443264,1.331020,-125.609756,-0.232062,-0.216665,87.000000,87.000000,87.000000,87.000000,12.000000,12.000000,12.000000,200.000000,200.000000,0.000000,0.000000,0.000000,0.000000,0.000000,0.000000,0.000000,0.000000,0.000000
268,-0.727065,0.855359,0.518079,1.812889,-1.127982,-1.052989,-5.030878,-0.385690,0.323021,0.235134,-2.135521,-0.598978,2.487890,-0.165015,0.000079,0.000113,0.303906,-0.180749,-0.344587,0.095044,0.668846,-0.125414,-2.610735,-0.000311,0.000596,-8.853146,-1.455982,9.974262,-0.718164,-16.191793,1.438516,-0.046906,0.032071,-0.040372,0.494101,-36.581200,3.354147,18.214056,0.041882,2.354262,-12.000000,-0.068900,-0.361208,0.494101,-36.581200,3.354147,18.214056,0.041882,2.354262,-121.794823,-0.068900,-0.361208,87.000000,87.000000,87.000000,87.000000,12.000000,12.000000,12.000000,200.000000,200.000000,0.000000,0.000000,0.000000,0.000000,0.000000,0.000000,0.000000,0.000000,0.000000
269,-0.617291,0.905923,0.539726,1.745801,-1.046602,-1.107861,-4.967447,-0.370916,0.319725,0.220205,-2.135299,-0.565802,2.476810,-0.251889,0.000098,0.000098,0.359932,-0.242924,-0.318689,-0.000580,0.865400,-0.441789,-2.582736,-0.000675,0.000790,-5.334193,-1.009095,7.814369,-2.901713,-15.286970,2.725401,1.660166,-0.035576,0.007069,3.761755,-34.105640,5.214529,15.643051,0.189698,1.949801,-12.000000,-0.191153,-0.267200,3.761755,-34.105640,5.214529,15.643051,0.189698,1.949801,-112.295273,-0.191153,-0.267200,87.000000,87.000000,87.000000,87.000000,12.000000,12.000000,12.000000,200.000000,200.000000,0.000000,0.000000,0.000000,0.000000,0.000000,0.000000,0.000000,0.000000,0.000000
270,-0.659013,0.981045,0.436438,1.869582,-0.975810,-1.034270,-4.799156,-0.353512,0.318707,0.203089,-2.133952,-0.531331,2.483706,-0.338901,0.000085,0.000106,0.391998,-0.069410,-0.351346,0.207732,0.808307,0.111309,-2.610564,-0.000087,0.000200,-8.515774,5.458892,10.521043,8.474888,-18.944857,-2.927038,-0.313497,0.044253,-0.067041,0.424313,-31.111118,2.704447,20.579918,0.187758,2.564967,-12.000000,-0.078600,-0.361139,0.424313,-31.111118,2.704447,20.579918,0.187758,2.564967,-98.633553,-0.078600,-0.361139,87.000000,87.000000,87.000000,87.000000,12.000000,12.000000,12.000000,200.000000,200.000000,0.000000,0.000000,0.000000,0.000000,0.000000,0.000000,0.000000,0.000000,0.000000
271,-0.708816,0.868715,0.336257,1.767843,-0.933690,-1.119315,-4.955379,-0.337027,0.318081,0.186854,-2.129783,-0.503598,2.473817,-0.425903,0.000115,0.000084,0.375060,-0.192106,-0.386079,0.089450,0.712799,-0.436953,-2.610210,-0.000564,0.000892,-8.150722,-2.944975,6.539359,-5.106051,-12.369675,2.222462,-0.003576,-0.061946,0.045999,-2.814750,-35.709274,-0.145657,15.715754,0.299258,1.697384,-12.000000,-0.277794,-0.179676,-2.814750,-35.709274,-0.145657,15.715754,0.299258,1.697384,-97.902634,-0.277794,-0.179676,87.000000,87.000000,87.000000,87.000000,12.000000,12.000000,12.000000,200.000000,200.000000,0.000000,0.000000,0.000000,0.000000,0.000000,0.000000,0.000000,0.000000,0.000000
272,-0.503791,0.902407,0.453511,1.864907,-0.825907,-1.079136,-4.878625,-0.321907,0.316853,0.172574,-2.127558,-0.463495,2.471757,-0.512720,0.000103,0.000087,0.349133,-0.122896,-0.262272,0.177088,1.000655,-0.150375,-2.566627,-0.000451,0.000238,-6.225866,2.416515,9.845037,4.771143,-20.584881,0.452441,2.222013,0.025376,-0.068575,4.344935,-34.141426,5.557468,19.749418,0.164347,2.617843,-12.000000,-0.123598,-0.327931,4.344935,-34.141426,5.557468,19.749418,0.164347,2.617843,-87.898743,-0.123598,-0.327931,87.000000,87.000000,87.000000,87.000000,12.000000,12.000000,12.000000,200.000000,200.000000,0.000000,0.000000,0.000000,0.000000,0.000000,0.000000,0.000000,0.000000,0.000000
273,-0.484018,0.857183,0.409594,1.768460,-0.741539,-1.142783,-4.804106,-0.305408,0.314620,0.159968,-2.125509,-0.421415,2.460097,-0.599605,0.000129,0.000062,0.416202,-0.230957,-0.259325,0.035521,1.051243,-0.464870,-2.573741,-0.000304,0.000381,-5.453680,-2.427413,7.599592,-4.330717,-20.457342,3.262984,1.952505,-0.027225,0.008951,3.687660,-35.762241,4.665837,15.584197,0.049719,1.998563,-12.000000,-0.268304,-0.159850,3.687660,-35.762241,4.665837,15.584197,0.049719,1.998563,-77.961937,-0.268304,-0.159850,87.000000,87.000000,87.000000,87.000000,12.000000,12.000000,12.000000,200.000000,200.000000,0.000000,0.000000,0.000000,0.000000,0.000000,0.000000,0.000000,0.000000,0.000000
274,-0.605387,0.847375,0.256472,1.840147,-0.718779,-1.082618,-4.859058,-0.288125,0.310575,0.145607,-2.126992,-0.393327,2.464639,-0.686612,0.000125,0.000074,0.380966,-0.243694,-0.303879,0.017314,0.609115,0.050583,-2.609938,-0.000029,0.000676,-9.129206,0.060823,8.465300,1.652343,-16.729187,-1.629392,0.002432,0.007450,-0.003753,-2.673280,-35.655151,-0.132696,18.957106,0.078348,2.413138,-12.000000,-0.224980,-0.220433,-2.673280,-35.655151,-0.132696,18.957106,0.078348,2.413138,-73.193703,-0.224980,-0.220433,87.000000,87.000000,87.000000,87.000000,12.000000,12.000000,12.000000,200.000000,200.000000,0.000000,0.000000,0.000000,0.000000,0.000000,0.000000,0.000000,0.000000,0.000000
275,-0.606295,0.938937,0.183632,1.765138,-0.627686,-1.172074,-4.866031,-0.271187,0.306384,0.129943,-2.127501,-0.359834,2.451661,-0.773623,0.000143,0.000058,0.388175,-0.235060,-0.375384,0.008623,0.895889,-0.536529,-2.609857,-0.000604,0.000526,-8.627997,0.946323,6.615525,-1.565333,-14.697468,3.282026,0.006180,-0.028028,-0.022389,-4.049262,-31.631567,-1.714174,15.837410,0.423904,1.693779,-12.000000,-0.281672,-0.215374,-4.049262,-31.631567,-1.714174,15.837410,0.423904,1.693779,-66.511848,-0.281672,-0.215374,87.000000,87.000000,87.000000,87.000000,12.000000,12.000000,12.000000,200.000000,200.000000,0.000000,0.000000,0.000000,0.000000,0.000000,0.000000,0.000000,0.000000,0.000000
276,-0.543800,0.876094,0.154979,1.812928,-0.556374,-1.155964,-4.846179,-0.253067,0.302498,0.110213,-2.129689,-0.323709,2.444263,-0.860629,0.000136,0.000058,0.397755,-0.224147,-0.460884,-0.008292,0.873535,-0.289834,-2.609883,-0.000495,0.000470,-10.590073,0.975983,9.591227,1.037341,-18.988525,2.820196,-0.001817,-0.005035,-0.019591,-3.142826,-33.862160,-0.877157,18.114286,0.184523,2.265756,-12.000000,-0.237922,-0.201871,-3.142826,-33.862160,-0.877157,18.114286,0.184523,2.265756,-58.757679,-0.237922,-0.201871,87.000000,87.000000,87.000000,87.000000,12.000000,12.000000,12.000000,200.000000,200.000000,0.000000,0.000000,0.000000,0.000000,0.000000,0.000000,0.000000,0.000000,0.000000
277,-0.398566,0.974463,0.230411,1.852134,-0.453193,-1.135615,-4.778207,-0.239133,0.302171,0.095138,-2.128873,-0.280743,2.443896,-0.947628,0.000124,0.000063,0.303595,-0.044641,-0.299001,0.179623,1.063679,-0.125531,-2.609730,-0.000394,0.000253,-7.058506,5.387855,9.240275,7.119386,-21.878899,0.070702,0.003977,0.011318,-0.045001,1.995191,-30.127983,2.905084,19.463930,0.207223,2.515256,-12.000000,-0.195713,-0.235481,1.995191,-30.127983,2.905084,19.463930,0.207223,2.515256,-49.078793,-0.195713,-0.235481,87.000000,87.000000,87.000000,87.000000,12.000000,12.000000,12.000000,200.000000,200.000000,0.000000,0.000000,0.000000,0.000000,0.000000,0.000000,0.000000,0.000000,0.000000
278,-0.497627,0.848077,0.064984,1.722654,-0.425914,-1.207526,-4.800784,-0.222148,0.301687,0.075926,-2.128154,-0.250208,2.432497,-1.034651,0.000157,0.000040,0.387525,-0.196599,-0.484090,-0.054518,0.730174,-0.459179,-2.610078,-0.000078,0.000462,-9.906976,-3.772198,7.975153,-8.026623,-15.409647,3.565451,0.010571,-0.032689,0.026188,-3.704409,-35.264393,-1.763249,13.983997,0.111203,1.638202,-12.000000,-0.350396,-0.088620,-3.704409,-35.264393,-1.763249,13.983997,0.111203,1.638202,-43.018898,-0.350396,-0.088620,87.000000,87.000000,87.000000,87.000000,12.000000,12.000000,12.000000,200.000000,200.000000,0.000000,0.000000,0.000000,0.000000,0.000000,0.000000,0.000000,0.000000,0.000000
279,-0.326149,0.824680,0.182673,1.901731,-0.344479,-1.098452,-4.673362,-0.210717,0.300382,0.062315,-2.131251,-0.215844,2.443344,-1.121635,0.000128,0.000066,0.230600,-0.120843,-0.250712,0.062097,0.814003,0.206909,-2.609531,-0.000393,0.000597,-6.422899,2.372194,9.162341,7.623948,-19.382689,-4.423540,-0.005364,0.006856,-0.032929,2.840706,-35.946014,3.498485,21.976784,0.162658,2.920754,-12.000000,-0.212320,-0.244505,2.840706,-35.946014,3.498485,21.976784,0.162658,2.920754,-30.965769,-0.212320,-0.244505,87.000000,87.000000,87.000000,87.000000,12.000000,12.000000,12.000000,200.000000,200.000000,0.000000,0.000000,0.000000,0.000000,0.000000,0.000000,0.000000,0.000000,0.000000
280,-0.315865,0.934922,0.135610,1.762729,-0.277966,-1.170701,-4.653154,-0.198580,0.300617,0.050217,-2.130235,-0.182035,2.439710,-1.208650,0.000145,0.000052,0.298285,-0.098027,-0.268786,0.067058,0.856084,-0.292515,-2.609680,-0.000126,0.000213,-5.158791,0.950356,6.742086,-0.989223,-16.164606,0.031224,0.013733,-0.001195,-0.032180,2.181894,-31.698347,2.483296,15.831781,0.204860,1.886863,-12.000000,-0.274212,-0.194535,2.181894,-31.698347,2.483296,15.831781,0.204860,1.886863,-23.194771,-0.274212,-0.194535,87.000000,87.000000,87.000000,87.000000,12.000000,12.000000,12.000000,200.000000,200.000000,0.000000,0.000000,0.000000,0.000000,0.000000,0.000000,0.000000,0.000000,0.000000
281,-0.261025,0.821617,0.114338,1.838175,-0.200647,-1.143143,-4.694987,-0.182828,0.300745,0.035833,-2.130600,-0.145467,2.440023,-1.295647,0.000142,0.000053,0.390125,-0.120932,-0.314591,0.054955,0.885112,-0.113176,-2.609504,-0.000262,0.000419,-6.680399,-0.303400,8.855334,1.462366,-19.353865,-0.562847,0.004449,-0.015131,-0.010442,2.781025,-36.250973,3.029245,19.049595,0.105046,2.465160,-12.000000,-0.285899,-0.171717,2.781025,-36.250973,3.029245,19.049595,0.105046,2.465160,-17.909418,-0.285899,-0.171717,87.000000,87.000000,87.000000,87.000000,12.000000,12.000000,12.000000,200.000000,200.000000,0.000000,0.000000,0.000000,0.000000,0.000000,0.000000,0.000000,0.000000,0.000000
282,-0.359598,0.755921,-0.009024,1.857435,-0.144766,-1.110120,-4.640647,-0.167884,0.299261,0.022241,-2.131691,-0.113382,2.447774,-1.382648,0.000141,0.000060,0.332534,-0.192551,-0.303274,0.030503,0.754874,0.067716,-2.609687,-0.000268,0.000683,-8.188274,-1.801264,7.447732,1.371718,-17.531242,-4.195969,0.002160,-0.024963,0.005723,-2.293660,-38.654976,-0.923322,19.966518,0.221078,2.479725,-8.775463,-0.297655,-0.177401,-2.293660,-38.654976,-0.923322,19.966518,0.221078,2.479725,-8.775463,-0.297655,-0.177401,87.000000,87.000000,87.000000,87.000000,12.000000,12.000000,12.000000,200.000000,200.000000,0.000000,0.000000,0.000000,0.000000,0.000000,0.000000,0.000000,0.000000,0.000000
283,-0.465833,0.943817,-0.150723,1.702640,-0.096880,-1.208168,-4.587392,-0.154497,0.296376,0.006954,-2.133190,-0.086380,2.435184,-1.461716,0.000164,0.000039,0.268718,-0.207701,-0.385291,-0.067684,0.674863,-0.515900,-1.847754,0.000061,0.000022,-9.790074,-0.064005,5.919578,-4.920343,-13.897222,4.166064,42.422100,0.009144,-0.044111,-7.533474,-30.770279,-5.239252,13.797695,0.399090,1.581718,0.088199,-0.308669,-0.176179,-7.533474,-30.770279,-5.239252,13.797695,0.399090,1.581718,0.088199,-0.308669,-0.176179,87.000000,87.000000,87.000000,87.000000,12.000000,12.000000,12.000000,200.000000,200.000000,0.000000,0.000000,0.000000,0.000000,0.000000,0.000000,0.000000,0.000000,0.000000
284,-0.148602,0.798646,0.077504,1.938208,0.003069,-1.097088,-4.650984,-0.145348,0.295173,-0.003898,-2.135358,-0.047978,2.443985,-1.520926,0.000103,0.000071,0.207386,-0.104819,-0.201014,0.130336,0.927376,0.153974,-1.281775,-0.001233,0.000969,-4.070946,3.076634,7.588886,9.973516,-20.401003,-3.126924,30.145432,0.005705,0.006665,4.904226,-36.574860,4.373595,23.714552,0.281338,3.142298,0.073540,-0.109447,-0.208130,4.904226,-36.574860,4.373595,23.714552,0.281338,3.142298,0.073540,-0.109447,-0.208130,87.000000,87.000000,87.000000,87.000000,12.000000,12.000000,12.000000,200.000000,200.000000,0.000000,0.000000,0.000000,0.000000,0.000000,0.000000,0.000000,0.000000,0.000000
285,-0.092269,0.833035,0.076440,1.800246,0.022345,-1.147688,-4.637625,-0.134010,0.294859,-0.013291,-2.132459,-0.021429,2.443773,-1.548301,0.000089,0.000075,0.305729,-0.144686,-0.187669,0.116765,0.638182,-0.171899,-0.590578,-0.001044,0.000726,-3.237921,-1.107320,7.022897,-1.479200,-13.264445,-0.298544,13.872545,-0.003605,-0.002529,6.040915,-35.307999,5.007966,17.346189,0.110061,2.153956,0.017533,-0.100745,-0.217715,6.040915,-35.307999,5.007966,17.346189,0.110061,2.153956,0.017533,-0.100745,-0.217715,87.000000,87.000000,87.000000,87.000000,12.000000,12.000000,12.000000,200.000000,200.000000,0.000000,0.000000,0.000000,0.000000,0.000000,0.000000,0.000000,0.000000,0.000000
286,-0.257114,0.985931,-0.120997,1.639982,0.055514,-1.223657,-4.624883,-0.118244,0.293244,-0.026646,-2.133977,-0.000222,2.430351,-1.559507,0.000097,0.000065,0.380067,-0.175282,-0.322777,-0.120639,0.535449,-0.500522,-0.239714,-0.000780,0.000576,-7.889431,-0.498461,7.011891,-8.133190,-10.436825,5.185704,5.720866,-0.017998,0.016862,-2.275777,-28.948521,-1.463202,11.307817,0.179817,1.377077,0.019122,-0.153787,-0.155520,-2.275777,-28.948521,-1.463202,11.307817,0.179817,1.377077,0.019122,-0.153787,-0.155520,87.000000,87.000000,87.000000,87.000000,12.000000,12.000000,12.000000,200.000000,200.000000,0.000000,0.000000,0.000000,0.000000,0.000000,0.000000,0.000000,0.000000,0.000000
287,-0.338362,0.804561,-0.200269,1.901519,0.071583,-1.100173,-4.629108,-0.108109,0.292711,-0.036799,-2.138517,0.013562,2.441613,-1.566343,0.000073,0.000085,0.192192,-0.096870,-0.237202,0.023679,0.288256,0.234812,-0.151409,-0.000567,0.000537,-7.183643,2.233885,4.341264,7.629028,-9.122713,-4.057689,3.265409,0.017726,-0.013362,-5.803739,-36.212212,-4.192422,22.647476,0.436703,2.947267,0.018372,-0.062237,-0.242257,-5.803739,-36.212212,-4.192422,22.647476,0.436703,2.947267,0.018372,-0.062237,-0.242257,87.000000,87.000000,87.000000,87.000000,12.000000,12.000000,12.000000,200.000000,200.000000,0.000000,0.000000,0.000000,0.000000,0.000000,0.000000,0.000000,0.000000,0.000000
288,-0.227732,0.803931,-0.107892,1.762762,0.077579,-1.159953,-4.569603,-0.104861,0.291656,-0.041514,-2.140362,0.022228,2.440761,-1.555627,0.000081,0.000081,0.042154,-0.188776,-0.089501,-0.058185,0.258095,-0.208866,0.239163,-0.000631,0.000636,-2.943650,-2.500809,2.547803,-3.519652,-3.632551,-1.061893,-5.565735,-0.010551,0.015933,-0.998644,-36.179665,-0.614071,16.826710,0.396564,1.957604,-0.007739,-0.117350,-0.194540,-0.998644,-36.179665,-0.614071,16.826710,0.396564,1.957604,-0.007739,-0.117350,-0.194540,87.000000,87.000000,87.000000,87.000000,12.000000,12.000000,12.000000,200.000000,200.000000,0.000000,0.000000,0.000000,0.000000,0.000000,0.000000,0.000000,0.000000,0.000000
289,-0.109554,0.934227,-0.043009,1.788963,0.078451,-1.180339,-4.650746,-0.100429,0.291238,-0.046813,-2.141461,0.028001,2.433481,-1.569166,0.000069,0.000089,0.120672,-0.081271,-0.112995,0.055824,0.146394,-0.307195,-0.307858,-0.000869,0.000688,-1.342383,3.005021,3.524356,2.120347,-2.758824,4.126770,7.149791,0.014286,-0.014868,3.259460,-30.905931,2.519265,17.981394,0.309679,2.289344,0.019281,-0.040949,-0.263405,3.259460,-30.905931,2.519265,17.981394,0.309679,2.289344,0.019281,-0.040949,-0.263405,87.000000,87.000000,87.000000,87.000000,12.000000,12.000000,12.000000,200.000000,200.000000,0.000000,0.000000,0.000000,0.000000,0.000000,0.000000,0.000000,0.000000,0.000000
290,-0.217032,0.813149,-0.146490,1.831969,0.083437,-1.116803,-4.660055,-0.095431,0.292376,-0.052256,-2.142313,0.031478,2.442310,-1.578764,0.000064,0.000094,0.110428,-0.083418,-0.133990,0.051483,0.076318,0.137839,-0.211328,-0.000467,0.000410,-2.975439,-0.061771,2.334288,2.157263,-3.055050,-3.649094,4.777257,-0.002605,0.002649,-1.506160,-36.009007,-1.195441,19.782572,0.395205,2.503710,0.020722,-0.082155,-0.226495,-1.506160,-36.009007,-1.195441,19.782572,0.395205,2.503710,0.020722,-0.082155,-0.226495,87.000000,87.000000,87.000000,87.000000,12.000000,12.000000,12.000000,200.000000,200.000000,0.000000,0.000000,0.000000,0.000000,0.000000,0.000000,0.000000,0.000000,0.000000
291,-0.277863,0.858473,-0.207227,1.820306,0.077062,-1.144922,-4.634414,-0.092115,0.294005,-0.057923,-2.140136,0.030642,2.442702,-1.577693,0.000072,0.000087,0.045029,-0.058632,-0.146898,0.136180,0.021069,-0.143698,0.023866,-0.000547,0.000417,-3.770683,0.568392,1.750595,1.061635,1.120120,-0.234244,-0.562464,-0.001131,0.000361,-4.077502,-34.356201,-3.168221,18.855413,0.602800,2.280729,0.026455,-0.089474,-0.216977,-4.077502,-34.356201,-3.168221,18.855413,0.602800,2.280729,0.026455,-0.089474,-0.216977,87.000000,87.000000,87.000000,87.000000,12.000000,12.000000,12.000000,200.000000,200.000000,0.000000,0.000000,0.000000,0.000000,0.000000,0.000000,0.000000,0.000000,0.000000
292,0.009349,0.881570,0.043177,1.745214,0.088464,-1.172706,-4.653748,-0.093378,0.295186,-0.056603,-2.139240,0.035201,2.438277,-1.581446,0.000065,0.000092,-0.014670,-0.098236,0.093263,0.020807,0.154948,-0.255165,-0.084646,-0.000725,0.000600,2.761203,-1.010710,1.882419,-3.594986,-1.912793,1.464311,1.996385,0.002181,-0.001409,8.039689,-33.512112,6.113682,15.820809,0.166185,1.918108,-0.009766,-0.059075,-0.242207,8.039689,-33.512112,6.113682,15.820809,0.166185,1.918108,-0.009766,-0.059075,-0.242207,87.000000,87.000000,87.000000,87.000000,12.000000,12.000000,12.000000,200.000000,200.000000,0.000000,0.000000,0.000000,0.000000,0.000000,0.000000,0.000000,0.000000,0.000000
293,-0.139415,0.799274,-0.100185,1.807304,0.081214,-1.130569,-4.663048,-0.089750,0.294980,-0.057788,-2.141659,0.035447,2.442605,-1.585748,0.000064,0.000094,0.118900,-0.143688,-0.035040,-0.031109,-0.003138,0.009656,-0.098504,-0.000531,0.000454,-0.228688,-1.280334,0.980625,-0.212436,-1.242292,-1.796137,2.118577,-0.002643,0.002724,1.280109,-36.681194,0.755976,18.829124,0.305368,2.374077,0.005564,-0.077363,-0.228679,1.280109,-36.681194,0.755976,18.829124,0.305368,2.374077,0.005564,-0.077363,-0.228679,87.000000,87.000000,87.000000,87.000000,12.000000,12.000000,12.000000,200.000000,200.000000,0.000000,0.000000,0.000000,0.000000,0.000000,0.000000,0.000000,0.000000,0.000000
294,-0.255221,0.865778,-0.201955,1.786531,0.119172,-1.180036,-4.672144,-0.085438,0.294318,-0.060551,-2.143053,0.042361,2.435357,-1.590363,0.000072,0.000086,0.083725,-0.130408,-0.067633,0.010974,0.237881,-0.348965,-0.099325,-0.000570,0.000443,-3.200741,0.453890,1.158387,-0.053464,-2.240162,2.774228,2.501434,-0.004930,0.003820,-3.776465,-33.904343,-2.992124,18.008169,0.586860,2.178133,0.036422,-0.095403,-0.211428,-3.776465,-33.904343,-2.992124,18.008169,0.586860,2.178133,0.036422,-0.095403,-0.211428,87.000000,87.000000,87.000000,87.000000,12.000000,12.000000,12.000000,200.000000,200.000000,0.000000,0.000000,0.000000,0.000000,0.000000,0.000000,0.000000,0.000000,0.000000
295,-0.184774,0.767712,-0.134624,1.839022,0.106001,-1.107765,-4.659277,-0.085206,0.293266,-0.060272,-2.145523,0.044865,2.444705,-1.589533,0.000064,0.000094,-0.006193,-0.163091,0.016488,0.001757,0.039249,0.159264,0.015382,-0.000438,0.000390,-0.155974,-0.894500,-0.276357,2.223118,-2.862584,-3.905506,-0.629070,0.006296,-0.005189,-0.565341,-37.732315,-0.626115,20.458479,0.335446,2.602525,-0.002806,-0.068326,-0.238081,-0.565341,-37.732315,-0.626115,20.458479,0.335446,2.602525,-0.002806,-0.068326,-0.238081,87.000000,87.000000,87.000000,87.000000,12.000000,12.000000,12.000000,200.000000,200.000000,0.000000,0.000000,0.000000,0.000000,0.000000,0.000000,0.000000,0.000000,0.000000
296,-0.104268,0.811606,-0.084916,1.882687,0.072878,-1.103556,-4.646348,-0.083459,0.292932,-0.061276,-2.142954,0.037674,2.451331,-1.585960,0.000057,0.000099,0.063177,-0.103874,-0.017085,0.208203,-0.157704,0.034467,0.073027,-0.000783,0.000657,0.370830,1.409892,1.182927,4.985756,3.722867,-2.426013,-1.869550,0.004000,-0.003042,2.362956,-35.975460,1.612224,21.609051,0.492647,2.648492,0.003300,-0.038680,-0.261780,2.362956,-35.975460,1.612224,21.609051,0.492647,2.648492,0.003300,-0.038680,-0.261780,87.000000,87.000000,87.000000,87.000000,12.000000,12.000000,12.000000,200.000000,200.000000,0.000000,0.000000,0.000000,0.000000,0.000000,0.000000,0.000000,0.000000,0.000000
297,-0.242772,0.878908,-0.204432,1.773685,0.071316,-1.167037,-4.629623,-0.080738,0.293127,-0.063872,-2.137472,0.032574,2.444173,-1.580238,0.000073,0.000086,0.047828,-0.119482,-0.071411,0.171086,-0.055985,-0.337642,0.124055,-0.000474,0.000358,-2.507618,-0.515854,0.725442,-3.123407,3.768427,3.165133,-2.829402,-0.004670,0.003723,-3.519413,-33.368515,-2.840182,16.445248,0.579921,1.987146,0.024161,-0.101659,-0.206253,-3.519413,-33.368515,-2.840182,16.445248,0.579921,1.987146,0.024161,-0.101659,-0.206253,87.000000,87.000000,87.000000,87.000000,12.000000,12.000000,12.000000,200.000000,200.000000,0.000000,0.000000,0.000000,0.000000,0.000000,0.000000,0.000000,0.000000,0.000000
298,-0.205731,1.022517,-0.174519,1.635079,0.104326,-1.250859,-4.636640,-0.079945,0.292999,-0.065871,-2.136857,0.038633,2.424298,-1.578876,0.000084,0.000077,-0.006715,-0.115712,-0.043231,-0.055576,0.226178,-0.653206,0.030330,-0.000661,0.000590,-1.791352,0.397693,0.733555,-8.185120,-1.760056,8.449956,-0.511716,-0.014092,0.017720,-1.916834,-27.573532,-1.556432,11.165179,0.352699,1.365737,0.018773,-0.126395,-0.180600,-1.916834,-27.573532,-1.556432,11.165179,0.352699,1.365737,0.018773,-0.126395,-0.180600,87.000000,87.000000,87.000000,87.000000,12.000000,12.000000,12.000000,200.000000,200.000000,0.000000,0.000000,0.000000,0.000000,0.000000,0.000000,0.000000,0.000000,0.000000
299,-0.063543,0.750467,-0.022782,1.962867,0.077955,-1.065262,-4.663979,-0.084953,0.294384,-0.060398,-2.139184,0.037064,2.444036,-1.584497,0.000044,0.000113,-0.110269,-0.042970,0.165010,0.123168,-0.107995,0.495695,-0.133149,-0.000665,0.000672,4.384388,1.972074,-1.984148,10.012880,-2.231317,-7.094042,2.607018,0.025799,-0.022834,4.798615,-38.667614,3.365242,25.025833,0.255157,3.289430,-0.012322,0.015246,-0.321506,4.798615,-38.667614,3.365242,25.025833,0.255157,3.289430,-0.012322,0.015246,-0.321506,87.000000,87.000000,87.000000,87.000000,12.000000,12.000000,12.000000,200.000000,200.000000,0.000000,0.000000,0.000000,0.000000,0.000000,0.000000,0.000000,0.000000,0.000000
300,-0.096773,0.804080,-0.043570,1.774014,0.073302,-1.167442,-4.633733,-0.086895,0.294913,-0.055647,-2.136651,0.033417,2.441393,-1.580390,0.000064,0.000095,-0.017060,-0.150556,0.130703,0.058121,-0.006898,-0.287345,0.091155,-0.000497,0.000313,2.780557,-3.097542,-1.025779,-4.832820,3.636802,-0.352117,-2.008142,-0.007373,-0.000902,3.288187,-36.569523,2.296951,16.596436,0.457114,1.851347,0.007018,-0.086996,-0.230043,3.288187,-36.569523,2.296951,16.596436,0.457114,1.851347,0.007018,-0.086996,-0.230043,87.000000,87.000000,87.000000,87.000000,12.000000,12.000000,12.000000,200.000000,200.000000,0.000000,0.000000,0.000000,0.000000,0.000000,0.000000,0.000000,0.000000,0.000000
301,-0.368243,0.855448,-0.312365,1.765003,0.095837,-1.205879,-4.646236,-0.081174,0.293128,-0.061627,-2.137430,0.035833,2.428918,-1.581382,0.000082,0.000078,0.119849,-0.185246,-0.207328,-0.023749,0.107640,-0.445825,-0.023206,-0.000459,0.000341,-5.358033,-0.898406,0.433913,-3.358584,-0.645417,5.790542,0.645849,-0.011455,0.012829,-8.851645,-34.154385,-6.998108,16.599205,0.609854,2.095196,0.044176,-0.132024,-0.174580,-8.851645,-34.154385,-6.998108,16.599205,0.609854,2.095196,0.044176,-0.132024,-0.174580,87.000000,87.000000,87.000000,87.000000,12.000000,12.000000,12.000000,200.000000,200.000000,0.000000,0.000000,0.000000,0.000000,0.000000,0.000000,0.000000,0.000000,0.000000
302,-0.123362,0.884144,-0.080970,1.828878,0.103788,-1.140847,-4.673880,-0.083477,0.292365,-0.060665,-2.139707,0.040744,2.434250,-1.588299,0.000061,0.000096,-0.082535,-0.099304,0.063953,0.041313,0.119948,0.059527,-0.155683,-0.000610,0.000535,0.954457,2.540323,0.146274,4.196936,-3.475419,-1.824874,3.477430,0.013830,-0.012387,2.015298,-32.977859,1.453924,19.594093,0.330260,2.498833,0.007068,-0.041448,-0.261930,2.015298,-32.977859,1.453924,19.594093,0.330260,2.498833,0.007068,-0.041448,-0.261930,87.000000,87.000000,87.000000,87.000000,12.000000,12.000000,12.000000,200.000000,200.000000,0.000000,0.000000,0.000000,0.000000,0.000000,0.000000,0.000000,0.000000,0.000000
303,-0.185479,0.760693,-0.130618,1.846087,0.082840,-1.102836,-4.592230,-0.085544,0.292052,-0.059587,-2.140267,0.037929,2.446616,-1.572505,0.000067,0.000092,-0.047741,-0.148978,0.012525,0.049935,-0.057594,0.189354,0.348865,-0.000219,0.000243,0.871321,-1.456095,-1.265084,1.368526,0.632537,-6.024835,-8.367361,0.009818,-0.005446,-0.394380,-37.986469,-0.569560,20.142866,0.425979,2.440152,-0.017535,-0.082932,-0.226692,-0.394380,-37.986469,-0.569560,20.142866,0.425979,2.440152,-0.017535,-0.082932,-0.226692,87.000000,87.000000,87.000000,87.000000,12.000000,12.000000,12.000000,200.000000,200.000000,0.000000,0.000000,0.000000,0.000000,0.000000,0.000000,0.000000,0.000000,0.000000
304,-0.204713,0.879519,-0.173651,1.769971,0.056126,-1.190169,-4.641259,-0.083832,0.291063,-0.063808,-2.138281,0.029734,2.436599,-1.575794,0.000081,0.000080,0.034576,-0.147526,-0.120889,0.078631,-0.152946,-0.432165,-0.083774,-0.000788,0.000640,-1.936167,-0.091038,1.346206,-2.704992,5.548789,4.553312,1.974950,-0.011722,0.012883,-1.680184,-33.080833,-1.448177,16.631149,0.556929,1.996700,0.033183,-0.109616,-0.197108,-1.680184,-33.080833,-1.448177,16.631149,0.556929,1.996700,0.033183,-0.109616,-0.197108,87.000000,87.000000,87.000000,87.000000,12.000000,12.000000,12.000000,200.000000,200.000000,0.000000,0.000000,0.000000,0.000000,0.000000,0.000000,0.000000,0.000000,0.000000
305,-0.029064,0.978334,0.000044,1.766171,0.095193,-1.169520,-4.664794,-0.086569,0.291962,-0.060857,-2.137992,0.035421,2.434304,-1.583244,0.000061,0.000095,-0.060688,-0.037507,0.125561,0.077048,0.191460,-0.157781,-0.162345,-0.000700,0.000587,2.911620,3.301406,0.485557,1.346825,-2.799762,1.224742,3.853798,0.010730,-0.009965,6.088882,-29.299904,4.563895,16.690357,0.269375,2.095239,0.006450,-0.041258,-0.260613,6.088882,-29.299904,4.563895,16.690357,0.269375,2.095239,0.006450,-0.041258,-0.260613,87.000000,87.000000,87.000000,87.000000,12.000000,12.000000,12.000000,200.000000,200.000000,0.000000,0.000000,0.000000,0.000000,0.000000,0.000000,0.000000,0.000000,0.000000
306,-0.288476,0.843766,-0.248362,1.760187,0.117993,-1.199233,-4.664270,-0.082902,0.293432,-0.065041,-2.138772,0.042957,2.426982,-1.587163,0.000078,0.000081,0.082781,-0.100188,-0.147737,-0.030273,0.217093,-0.326922,-0.084677,-0.000459,0.000351,-3.419168,-1.727621,0.365521,-3.739484,-3.522199,3.000145,2.053407,-0.014700,0.012851,-5.315404,-34.920345,-4.325664,16.509012,0.468649,2.039600,0.030196,-0.129197,-0.181381,-5.315404,-34.920345,-4.325664,16.509012,0.468649,2.039600,0.030196,-0.129197,-0.181381,87.000000,87.000000,87.000000,87.000000,12.000000,12.000000,12.000000,200.000000,200.000000,0.000000,0.000000,0.000000,0.000000,0.000000,0.000000,0.000000,0.000000,0.000000
307,-0.064407,0.685106,-0.034135,1.949685,0.091256,-1.066377,-4.678865,-0.085661,0.293672,-0.062237,-2.140769,0.042170,2.446611,-1.592421,0.000050,0.000107,-0.066334,-0.118591,0.110221,0.092509,-0.066610,0.441899,-0.122574,-0.000653,0.000668,2.833163,-0.607404,-0.329127,7.242587,-1.829885,-8.079489,2.448740,0.015293,-0.009480,4.613634,-41.170979,3.300544,24.549217,0.296272,3.119033,-0.010910,-0.012590,-0.289134,4.613634,-41.170979,3.300544,24.549217,0.296272,3.119033,-0.010910,-0.012590,-0.289134,87.000000,87.000000,87.000000,87.000000,12.000000,12.000000,12.000000,200.000000,200.000000,0.000000,0.000000,0.000000,0.000000,0.000000,0.000000,0.000000,0.000000,0.000000
308,-0.189873,0.857778,-0.135172,1.742344,0.085881,-1.161318,-4.614003,-0.086300,0.292524,-0.060613,-2.139367,0.038698,2.444649,-1.579890,0.000072,0.000088,-0.010235,-0.178657,0.034574,0.028719,-0.005354,-0.259583,0.278332,-0.000430,0.000296,0.352532,-1.688505,-0.752282,-4.450210,3.313297,-0.597847,-6.411228,-0.008588,0.002733,-0.639889,-34.075520,-0.697943,15.646640,0.514443,1.749399,0.003723,-0.107998,-0.210319,-0.639889,-34.075520,-0.697943,15.646640,0.514443,1.749399,0.003723,-0.107998,-0.210319,87.000000,87.000000,87.000000,87.000000,12.000000,12.000000,12.000000,200.000000,200.000000,0.000000,0.000000,0.000000,0.000000,0.000000,0.000000,0.000000,0.000000,0.000000
309,-0.124440,0.833005,-0.076037,1.828858,0.052755,-1.138588,-4.645510,-0.087182,0.290912,-0.058357,-2.139122,0.030383,2.443916,-1.580608,0.000063,0.000095,-0.008141,-0.155713,0.069399,0.078020,-0.201042,-0.116431,-0.027194,-0.000742,0.000627,1.680104,0.557493,-0.447735,1.268096,3.702857,1.191370,0.410925,0.006079,-0.002848,2.117049,-34.870220,1.412195,19.281469,0.382938,2.453602,0.006965,-0.048679,-0.251214,2.117049,-34.870220,1.412195,19.281469,0.382938,2.453602,0.006965,-0.048679,-0.251214,87.000000,87.000000,87.000000,87.000000,12.000000,12.000000,12.000000,200.000000,200.000000,0.000000,0.000000,0.000000,0.000000,0.000000,0.000000,0.000000,0.000000,0.000000
310,-0.335115,0.926986,-0.264822,1.789422,0.108459,-1.165177,-4.651015,-0.084816,0.290932,-0.061194,-2.137460,0.036373,2.439570,-1.582738,0.000072,0.000087,0.029606,-0.081167,-0.104528,0.116195,0.228773,-0.253957,-0.042535,-0.000414,0.000312,-3.543565,2.195285,-0.403925,0.904658,-1.968053,1.727698,1.217491,-0.005563,0.003491,-6.895033,-31.218143,-5.448707,17.448925,0.677140,2.125633,0.046562,-0.106247,-0.204726,-6.895033,-31.218143,-5.448707,17.448925,0.677140,2.125633,0.046562,-0.106247,-0.204726,87.000000,87.000000,87.000000,87.000000,12.000000,12.000000,12.000000,200.000000,200.000000,0.000000,0.000000,0.000000,0.000000,0.000000,0.000000,0.000000,0.000000,0.000000
311,-0.051822,0.911678,-0.014644,1.783606,0.085051,-1.143408,-4.670468,-0.087447,0.292835,-0.058875,-2.135927,0.037737,2.441731,-1.588076,0.000062,0.000095,-0.058598,-0.041541,0.097822,0.092628,0.025199,-0.046336,-0.123565,-0.000629,0.000527,2.689317,1.098274,0.225814,-0.170408,-1.393876,-0.533211,2.684778,0.007998,-0.007169,5.231943,-32.151005,3.875300,17.094286,0.192287,2.150642,-0.005800,-0.051026,-0.251980,5.231943,-32.151005,3.875300,17.094286,0.192287,2.150642,-0.005800,-0.051026,-0.251980,87.000000,87.000000,87.000000,87.000000,12.000000,12.000000,12.000000,200.000000,200.000000,0.000000,0.000000,0.000000,0.000000,0.000000,0.000000,0.000000,0.000000,0.000000
312,-0.089261,0.776687,-0.021899,1.778062,0.096846,-1.150749,-4.608105,-0.090294,0.293004,-0.053044,-2.137381,0.040165,2.441948,-1.576121,0.000066,0.000093,-0.045020,-0.165382,0.168233,-0.060032,0.108144,-0.143070,0.266645,-0.000511,0.000468,3.403943,-3.354781,-1.475864,-4.081500,-1.103025,-1.232320,-6.252724,-0.005141,0.007036,3.969504,-37.488720,2.831059,17.172009,0.275373,2.050641,-0.021606,-0.085620,-0.222131,3.969504,-37.488720,2.831059,17.172009,0.275373,2.050641,-0.021606,-0.085620,-0.222131,87.000000,87.000000,87.000000,87.000000,12.000000,12.000000,12.000000,200.000000,200.000000,0.000000,0.000000,0.000000,0.000000,0.000000,0.000000,0.000000,0.000000,0.000000
313,-0.310259,0.901203,-0.224259,1.832815,0.092527,-1.127518,-4.648510,-0.087905,0.293353,-0.054093,-2.138633,0.039261,2.445024,-1.579530,0.000068,0.000090,0.054140,-0.059696,-0.067021,0.077449,-0.021514,-0.030194,-0.083784,-0.000516,0.000406,-2.151178,2.880719,-1.125349,4.084301,-0.016848,-0.630559,1.818366,0.000172,-0.000401,-5.637103,-32.460575,-4.538377,19.563663,0.572502,2.472768,0.033014,-0.082344,-0.224278,-5.637103,-32.460575,-4.538377,19.563663,0.572502,2.472768,0.033014,-0.082344,-0.224278,87.000000,87.000000,87.000000,87.000000,12.000000,12.000000,12.000000,200.000000,200.000000,0.000000,0.000000,0.000000,0.000000,0.000000,0.000000,0.000000,0.000000,0.000000
314,-0.325201,0.800600,-0.244065,1.806077,0.070476,-1.168344,-4.633979,-0.087003,0.294066,-0.057818,-2.137598,0.033165,2.438921,-1.577968,0.000079,0.000080,-0.023245,-0.126591,-0.113134,0.044622,-0.106557,-0.298971,0.031423,-0.000545,0.000430,-3.318858,-1.972710,0.016449,-2.589161,3.769457,2.770797,-0.761660,-0.003895,0.005349,-6.172212,-36.640797,-4.838701,18.117588,0.629048,2.232521,0.033806,-0.109324,-0.195886,-6.172212,-36.640797,-4.838701,18.117588,0.629048,2.232521,0.033806,-0.109324,-0.195886,87.000000,87.000000,87.000000,87.000000,12.000000,12.000000,12.000000,200.000000,200.000000,0.000000,0.000000,0.000000,0.000000,0.000000,0.000000,0.000000,0.000000,0.000000
315,0.028195,0.860610,0.069536,1.825034,0.088313,-1.144793,-4.653520,-0.091305,0.294345,-0.054088,-2.137768,0.036026,2.439747,-1.581569,0.000057,0.000099,-0.085639,-0.091552,0.151984,0.072981,0.111222,-0.086967,-0.080666,-0.000813,0.000706,4.455153,1.076082,0.559355,1.989159,-1.499053,-0.273562,1.862664,0.013296,-0.011238,8.913074,-34.181641,6.735247,19.075480,0.231718,2.374195,-0.009368,-0.020214,-0.278074,8.913074,-34.181641,6.735247,19.075480,0.231718,2.374195,-0.009368,-0.020214,-0.278074,87.000000,87.000000,87.000000,87.000000,12.000000,12.000000,12.000000,200.000000,200.000000,0.000000,0.000000,0.000000,0.000000,0.000000,0.000000,0.000000,0.000000,0.000000
316,-0.140022,0.754200,-0.075190,1.877711,0.061666,-1.082228,-4.622978,-0.090980,0.294612,-0.052204,-2.137027,0.031020,2.453113,-1.576245,0.000056,0.000102,0.041364,-0.125980,0.036827,0.106670,-0.135481,0.242011,0.113393,-0.000419,0.000373,1.573424,-1.116739,-0.770240,2.571881,1.172623,-5.742012,-2.942253,0.000280,-0.000699,1.664213,-38.492233,1.016797,21.066818,0.364901,2.624452,-0.008432,-0.063338,-0.244737,1.664213,-38.492233,1.016797,21.066818,0.364901,2.624452,-0.008432,-0.063338,-0.244737,87.000000,87.000000,87.000000,87.000000,12.000000,12.000000,12.000000,200.000000,200.000000,0.000000,0.000000,0.000000,0.000000,0.000000,0.000000,0.000000,0.000000,0.000000
317,-0.365739,0.986022,-0.274860,1.606362,0.075060,-1.236656,-4.569551,-0.087699,0.293003,-0.056044,-2.137925,0.029548,2.434681,-1.560892,0.000093,0.000071,0.041104,-0.192259,-0.126349,-0.140700,0.074325,-0.691379,0.339900,-0.000484,0.000490,-4.539434,-1.593669,0.141296,-11.049188,3.180777,6.508044,-7.686352,-0.029840,0.035814,-7.976809,-28.943560,-6.172468,10.165925,0.600960,1.085699,0.025205,-0.180352,-0.135384,-7.976809,-28.943560,-6.172468,10.165925,0.600960,1.085699,0.025205,-0.180352,-0.135384,87.000000,87.000000,87.000000,87.000000,12.000000,12.000000,12.000000,200.000000,200.000000,0.000000,0.000000,0.000000,0.000000,0.000000,0.000000,0.000000,0.000000,0.000000
318,-0.236253,0.865756,-0.165497,1.926116,0.060505,-1.083941,-4.628774,-0.089087,0.293883,-0.058173,-2.141159,0.026733,2.446251,-1.566767,0.000056,0.000102,-0.066077,-0.008941,-0.057429,0.116588,-0.113491,0.281454,-0.141628,-0.000736,0.000580,-0.867597,5.061063,-0.345398,11.026221,-0.852294,-3.004616,2.926738,0.029431,-0.036218,-2.194643,-33.930431,-1.836683,23.789789,0.480568,3.166369,0.018918,0.001694,-0.316770,-2.194643,-33.930431,-1.836683,23.789789,0.480568,3.166369,0.018918,0.001694,-0.316770,87.000000,87.000000,87.000000,87.000000,12.000000,12.000000,12.000000,200.000000,200.000000,0.000000,0.000000,0.000000,0.000000,0.000000,0.000000,0.000000,0.000000,0.000000
319,-0.123332,0.805367,-0.061180,1.796407,0.085885,-1.173450,-4.680726,-0.092609,0.295969,-0.057378,-2.138458,0.030643,2.439969,-1.582375,0.000067,0.000091,-0.095642,-0.092734,0.042904,0.089238,0.177741,-0.364099,-0.343996,-0.000535,0.000411,1.444509,-2.391975,0.185907,-3.152722,-0.026322,1.745435,8.270024,-0.000244,0.001305,2.813190,-36.715801,2.037607,17.650364,0.481767,2.049501,0.038443,-0.079882,-0.224295,2.813190,-36.715801,2.037607,17.650364,0.481767,2.049501,0.038443,-0.079882,-0.224295,87.000000,87.000000,87.000000,87.000000,12.000000,12.000000,12.000000,200.000000,200.000000,0.000000,0.000000,0.000000,0.000000,0.000000,0.000000,0.000000,0.000000,0.000000
320,-0.185099,0.819657,-0.118421,1.806092,0.062906,-1.144333,-4.605912,-0.094079,0.296104,-0.057982,-2.138598,0.028526,2.440379,-1.572710,0.000068,0.000091,-0.030987,-0.130354,-0.030389,0.025776,-0.047410,-0.074311,0.215061,-0.000478,0.000411,0.527484,-1.077876,-0.472609,-0.931914,0.123788,0.302449,-5.215857,0.000807,0.001492,0.239940,-35.979706,-0.051204,18.343185,0.324644,2.346042,-0.010202,-0.082898,-0.222210,0.239940,-35.979706,-0.051204,18.343185,0.324644,2.346042,-0.010202,-0.082898,-0.222210,87.000000,87.000000,87.000000,87.000000,12.000000,12.000000,12.000000,200.000000,200.000000,0.000000,0.000000,0.000000,0.000000,0.000000,0.000000,0.000000,0.000000,0.000000
321,-0.139657,0.852412,-0.097717,1.836629,0.074102,-1.165470,-4.662249,-0.093008,0.296316,-0.060689,-2.137303,0.029158,2.436158,-1.580949,0.000065,0.000093,0.031155,-0.096899,-0.061029,0.118399,0.056267,-0.245261,-0.187866,-0.000733,0.000603,-0.398889,0.859001,1.595867,1.647555,0.327014,2.263437,4.424709,0.002110,-0.000902,1.751903,-34.664608,1.194995,19.363131,0.464553,2.395904,0.025185,-0.059574,-0.241839,1.751903,-34.664608,1.194995,19.363131,0.464553,2.395904,0.025185,-0.059574,-0.241839,87.000000,87.000000,87.000000,87.000000,12.000000,12.000000,12.000000,200.000000,200.000000,0.000000,0.000000,0.000000,0.000000,0.000000,0.000000,0.000000,0.000000,0.000000
322,-0.178476,0.842527,-0.150282,1.849500,0.077745,-1.143410,-4.632853,-0.089818,0.297415,-0.065214,-2.134545,0.030414,2.438118,-1.578406,0.000063,0.000095,0.077111,-0.075687,-0.116516,0.158992,0.054768,-0.049712,0.057609,-0.000505,0.000424,-1.887977,0.514862,1.935559,1.865202,-1.011495,-0.302694,-1.413815,0.003516,-0.002770,-0.262948,-35.223988,-0.379071,19.561058,0.433348,2.460582,0.007035,-0.067518,-0.237135,-0.262948,-35.223988,-0.379071,19.561058,0.433348,2.460582,0.007035,-0.067518,-0.237135,87.000000,87.000000,87.000000,87.000000,12.000000,12.000000,12.000000,200.000000,200.000000,0.000000,0.000000,0.000000,0.000000,0.000000,0.000000,0.000000,0.000000,0.000000
323,-0.116280,0.816792,-0.053492,1.716891,0.093017,-1.185926,-4.623456,-0.093201,0.295861,-0.061132,-2.135563,0.035688,2.434076,-1.574646,0.000072,0.000087,-0.097557,-0.230359,0.149598,-0.103798,0.177324,-0.267634,0.081757,-0.000463,0.000383,2.153815,-4.106533,-0.527883,-7.746964,-2.221473,0.293264,-1.903888,-0.012718,0.011632,3.184218,-35.982464,2.324535,14.488133,0.234193,1.689625,-0.010343,-0.113537,-0.197323,3.184218,-35.982464,2.324535,14.488133,0.234193,1.689625,-0.010343,-0.113537,-0.197323,87.000000,87.000000,87.000000,87.000000,12.000000,12.000000,12.000000,200.000000,200.000000,0.000000,0.000000,0.000000,0.000000,0.000000,0.000000,0.000000,0.000000,0.000000
324,-0.161537,0.820521,-0.129219,1.870412,0.089041,-1.120069,-4.662640,-0.090415,0.293313,-0.062905,-2.138885,0.037103,2.440820,-1.582075,0.000060,0.000097,0.100942,-0.163883,-0.068616,0.029811,0.015368,0.084823,-0.170243,-0.000690,0.000605,-0.236868,1.820624,0.507935,5.326939,-1.944910,-2.176183,3.783792,0.006817,-0.004100,0.497263,-35.467079,0.064968,21.285688,0.394490,2.716162,0.015045,-0.045355,-0.256109,0.497263,-35.467079,0.064968,21.285688,0.394490,2.716162,0.015045,-0.045355,-0.256109,87.000000,87.000000,87.000000,87.000000,12.000000,12.000000,12.000000,200.000000,200.000000,0.000000,0.000000,0.000000,0.000000,0.000000,0.000000,0.000000,0.000000,0.000000
325,-0.126953,0.919933,-0.073115,1.732326,0.088485,-1.155843,-4.643213,-0.090666,0.291969,-0.060276,-2.140305,0.037588,2.441798,-1.581391,0.000066,0.000092,-0.008308,-0.148648,0.103150,-0.024217,0.056829,-0.135880,0.015317,-0.000485,0.000368,1.124533,0.573489,0.143376,-2.085189,0.242251,-1.391058,-0.375932,-0.002326,-0.000281,2.260715,-31.495998,1.630128,15.596141,0.360196,1.828937,0.003820,-0.083825,-0.225378,2.260715,-31.495998,1.630128,15.596141,0.360196,1.828937,0.003820,-0.083825,-0.225378,87.000000,87.000000,87.000000,87.000000,12.000000,12.000000,12.000000,200.000000,200.000000,0.000000,0.000000,0.000000,0.000000,0.000000,0.000000,0.000000,0.000000,0.000000
326,-0.289384,0.908646,-0.245019,1.855213,0.094483,-1.146722,-4.661676,-0.085843,0.293406,-0.064572,-2.138829,0.037811,2.440149,-1.585548,0.000067,0.000090,0.114041,-0.016040,-0.144527,0.178047,0.031667,-0.154905,-0.094738,-0.000619,0.000505,-3.520778,3.564955,0.696673,5.095992,0.118736,1.821964,2.202356,0.002416,-0.000512,-5.205687,-32.243809,-4.219176,20.265707,0.637894,2.564225,0.039527,-0.071052,-0.230388,-5.205687,-32.243809,-4.219176,20.265707,0.637894,2.564225,0.039527,-0.071052,-0.230388,87.000000,87.000000,87.000000,87.000000,12.000000,12.000000,12.000000,200.000000,200.000000,0.000000,0.000000,0.000000,0.000000,0.000000,0.000000,0.000000,0.000000,0.000000
327,-0.179244,0.794266,-0.144440,1.795507,0.099813,-1.130666,-4.637655,-0.085269,0.294989,-0.065830,-2.137571,0.040491,2.444908,-1.581904,0.000070,0.000089,-0.008592,-0.111405,-0.011872,0.040808,0.092808,-0.001967,0.081044,-0.000361,0.000311,-0.911073,-2.632882,0.737705,-2.674889,-1.793366,-2.760717,-1.978083,-0.000751,0.001189,-0.377732,-37.046036,-0.438367,17.697479,0.364962,2.158053,-0.000316,-0.095884,-0.213044,-0.377732,-37.046036,-0.438367,17.697479,0.364962,2.158053,-0.000316,-0.095884,-0.213044,87.000000,87.000000,87.000000,87.000000,12.000000,12.000000,12.000000,200.000000,200.000000,0.000000,0.000000,0.000000,0.000000,0.000000,0.000000,0.000000,0.000000,0.000000
328,-0.210599,0.759055,-0.156304,1.853386,0.087399,-1.104919,-4.648133,-0.087406,0.294236,-0.064783,-2.137725,0.038797,2.451780,-1.582424,0.000068,0.000090,-0.068204,-0.163698,0.024561,0.058514,-0.034186,0.046062,-0.017553,-0.000554,0.000451,0.331307,-1.543176,-1.125469,0.948723,0.442626,-3.248943,0.239612,-0.001284,0.000735,-1.229531,-38.192245,-1.201969,20.185457,0.466381,2.481635,0.012104,-0.082329,-0.224406,-1.229531,-38.192245,-1.201969,20.185457,0.466381,2.481635,0.012104,-0.082329,-0.224406,87.000000,87.000000,87.000000,87.000000,12.000000,12.000000,12.000000,200.000000,200.000000,0.000000,0.000000,0.000000,0.000000,0.000000,0.000000,0.000000,0.000000,0.000000
329,-0.021604,0.879548,0.013717,1.732124,0.089806,-1.192207,-4.644457,-0.090582,0.291869,-0.060425,-2.137924,0.039260,2.439739,-1.581752,0.000070,0.000088,-0.051240,-0.204801,0.149129,-0.024328,0.082122,-0.483721,0.013625,-0.000837,0.000688,3.726424,-1.013760,0.030629,-4.779834,1.200727,4.651631,-0.203982,-0.001474,0.002995,6.731263,-33.044598,4.985683,15.244241,0.272894,1.805062,-0.002258,-0.067749,-0.232365,6.731263,-33.044598,4.985683,15.244241,0.272894,1.805062,-0.002258,-0.067749,-0.232365,87.000000,87.000000,87.000000,87.000000,12.000000,12.000000,12.000000,200.000000,200.000000,0.000000,0.000000,0.000000,0.000000,0.000000,0.000000,0.000000,0.000000,0.000000
330,-0.297288,0.928075,-0.215407,1.782619,0.088490,-1.140004,-4.607139,-0.090146,0.290634,-0.059716,-2.140786,0.038278,2.441291,-1.572686,0.000069,0.000089,0.006349,-0.109563,-0.018065,-0.007306,-0.020856,-0.029418,0.198112,-0.000403,0.000342,-1.014910,2.771710,-1.905435,2.164873,-0.663292,0.075372,-4.812237,0.001331,-0.001417,-4.748385,-31.042309,-3.907853,17.842672,0.451005,2.315730,0.007255,-0.090129,-0.218469,-4.748385,-31.042309,-3.907853,17.842672,0.451005,2.315730,0.007255,-0.090129,-0.218469,87.000000,87.000000,87.000000,87.000000,12.000000,12.000000,12.000000,200.000000,200.000000,0.000000,0.000000,0.000000,0.000000,0.000000,0.000000,0.000000,0.000000,0.000000
331,-0.080691,0.750052,-0.021429,1.901223,0.054626,-1.084805,-4.607013,-0.092616,0.290997,-0.055849,-2.140662,0.030402,2.452688,-1.567659,0.000054,0.000102,-0.043868,-0.105664,0.127396,0.126213,-0.189959,0.180850,0.102030,-0.000721,0.000629,3.125541,-0.055714,-0.619257,4.746550,3.247074,-4.776582,-2.665231,0.008060,-0.006496,4.478210,-38.362907,3.232471,22.369642,0.399012,2.771104,-0.010652,-0.029220,-0.271364,4.478210,-38.362907,3.232471,22.369642,0.399012,2.771104,-0.010652,-0.029220,-0.271364,87.000000,87.000000,87.000000,87.000000,12.000000,12.000000,12.000000,200.000000,200.000000,0.000000,0.000000,0.000000,0.000000,0.000000,0.000000,0.000000,0.000000,0.000000
332,-0.265536,0.955473,-0.188436,1.670370,0.085372,-1.231796,-4.648089,-0.090520,0.290772,-0.056802,-2.138917,0.031876,2.433647,-1.575099,0.000085,0.000076,0.044436,-0.135420,-0.040730,-0.006465,0.141178,-0.698282,-0.165263,-0.000406,0.000313,-1.991404,-0.694601,-0.013949,-7.735372,1.854890,7.483567,4.194116,-0.008229,0.009174,-3.606520,-30.086851,-2.892406,12.637190,0.572583,1.436543,0.051092,-0.134882,-0.176124,-3.606520,-30.086851,-2.892406,12.637190,0.572583,1.436543,0.051092,-0.134882,-0.176124,87.000000,87.000000,87.000000,87.000000,12.000000,12.000000,12.000000,200.000000,200.000000,0.000000,0.000000,0.000000,0.000000,0.000000,0.000000,0.000000,0.000000,0.000000
333,-0.031373,0.910405,0.003975,1.818154,0.095824,-1.157904,-4.670274,-0.089741,0.291996,-0.055099,-2.140827,0.037561,2.432458,-1.584139,0.000059,0.000098,0.047575,-0.032211,0.081511,0.046303,0.134508,-0.078713,-0.200345,-0.000771,0.000657,2.230891,2.987304,1.100937,3.786322,-4.107124,1.839110,4.543466,0.014720,-0.013828,5.926804,-32.051388,4.408531,19.217382,0.190921,2.539988,-0.000869,-0.026012,-0.275369,5.926804,-32.051388,4.408531,19.217382,0.190921,2.539988,-0.000869,-0.026012,-0.275369,87.000000,87.000000,87.000000,87.000000,12.000000,12.000000,12.000000,200.000000,200.000000,0.000000,0.000000,0.000000,0.000000,0.000000,0.000000,0.000000,0.000000,0.000000
334,-0.303904,0.778576,-0.250081,1.850489,0.069773,-1.142318,-4.646194,-0.084013,0.294236,-0.059552,-2.140218,0.032529,2.436172,-1.583305,0.000070,0.000089,0.133125,-0.068095,-0.148626,0.082811,-0.121681,-0.018371,0.015783,-0.000451,0.000352,-3.938299,-1.211906,0.676667,0.944147,1.961679,-1.173949,-0.540339,-0.008827,0.006359,-6.007184,-37.647160,-4.813875,20.203634,0.580923,2.527396,0.026319,-0.104236,-0.206640,-6.007184,-37.647160,-4.813875,20.203634,0.580923,2.527396,0.026319,-0.104236,-0.206640,87.000000,87.000000,87.000000,87.000000,12.000000,12.000000,12.000000,200.000000,200.000000,0.000000,0.000000,0.000000,0.000000,0.000000,0.000000,0.000000,0.000000,0.000000
335,-0.131489,0.859924,-0.082749,1.777910,0.109086,-1.170946,-4.658863,-0.084397,0.295341,-0.058181,-2.140030,0.039228,2.434542,-1.585789,0.000068,0.000090,-0.029696,-0.093913,0.078582,0.033116,0.235871,-0.202080,-0.053086,-0.000566,0.000466,0.279565,-0.589521,0.619199,-1.431299,-2.454127,-0.241854,1.372863,-0.000404,0.001072,1.585246,-34.377506,1.171414,17.283171,0.426732,2.045612,0.013360,-0.079611,-0.224860,1.585246,-34.377506,1.171414,17.283171,0.426732,2.045612,0.013360,-0.079611,-0.224860,87.000000,87.000000,87.000000,87.000000,12.000000,12.000000,12.000000,200.000000,200.000000,0.000000,0.000000,0.000000,0.000000,0.000000,0.000000,0.000000,0.000000,0.000000
336,-0.121181,0.677045,-0.095083,1.907236,0.071636,-1.129715,-4.644331,-0.082457,0.294646,-0.058605,-2.139594,0.035166,2.438146,-1.583502,0.000061,0.000096,0.074029,-0.178770,-0.015209,0.093378,-0.117242,-0.001836,0.044357,-0.000708,0.000594,0.457660,-2.613492,0.477100,2.085705,1.040454,-0.747835,-1.302220,0.004859,-0.003708,1.584008,-41.525570,0.944691,22.461172,0.377541,2.855781,-0.003709,-0.048573,-0.252286,1.584008,-41.525570,0.944691,22.461172,0.377541,2.855781,-0.003709,-0.048573,-0.252286,87.000000,87.000000,87.000000,87.000000,12.000000,12.000000,12.000000,200.000000,200.000000,0.000000,0.000000,0.000000,0.000000,0.000000,0.000000,0.000000,0.000000,0.000000
337,-0.367554,0.889800,-0.269086,1.721744,0.075750,-1.146667,-4.602981,-0.083532,0.291945,-0.058087,-2.140924,0.032164,2.442435,-1.572671,0.000081,0.000080,-0.079731,-0.210025,-0.007722,-0.049247,-0.027336,-0.036894,0.238157,-0.000089,0.000055,-2.403366,-0.694620,-2.271462,-3.550037,1.522906,-3.039447,-5.629573,-0.007451,0.005586,-7.942554,-32.607986,-6.228326,15.205317,0.580163,1.790628,0.018931,-0.145114,-0.172138,-7.942554,-32.607986,-6.228326,15.205317,0.580163,1.790628,0.018931,-0.145114,-0.172138,87.000000,87.000000,87.000000,87.000000,12.000000,12.000000,12.000000,200.000000,200.000000,0.000000,0.000000,0.000000,0.000000,0.000000,0.000000,0.000000,0.000000,0.000000
338,-0.189195,0.936636,-0.133774,1.841303,0.069995,-1.113847,-4.637642,-0.085800,0.291889,-0.059056,-2.140476,0.029860,2.448532,-1.575087,0.000067,0.000090,-0.066966,-0.045567,-0.033446,0.161971,-0.036069,0.037378,-0.060594,-0.000778,0.000643,0.158326,4.541617,-0.413487,6.186467,1.115965,-2.095482,1.308966,0.006248,-0.005670,-0.513105,-30.868464,-0.565927,19.946184,0.529453,2.474021,0.021325,-0.055315,-0.247132,-0.513105,-30.868464,-0.565927,19.946184,0.529453,2.474021,0.021325,-0.055315,-0.247132,87.000000,87.000000,87.000000,87.000000,12.000000,12.000000,12.000000,200.000000,200.000000,0.000000,0.000000,0.000000,0.000000,0.000000,0.000000,0.000000,0.000000,0.000000
339,-0.229940,0.792740,-0.169837,1.829164,0.083021,-1.124630,-4.628838,-0.087759,0.293241,-0.061154,-2.137076,0.031444,2.450516,-1.574389,0.000072,0.000086,-0.072167,-0.102547,-0.066160,0.138752,0.087222,-0.097062,0.015786,-0.000493,0.000410,-0.902109,-1.669385,-0.239449,-0.890938,-0.338335,-1.297353,-0.339037,-0.002071,0.002400,-2.033164,-36.935585,-1.742682,18.845720,0.518487,2.283113,0.019863,-0.094724,-0.212487,-2.033164,-36.935585,-1.742682,18.845720,0.518487,2.283113,0.019863,-0.094724,-0.212487,87.000000,87.000000,87.000000,87.000000,12.000000,12.000000,12.000000,200.000000,200.000000,0.000000,0.000000,0.000000,0.000000,0.000000,0.000000,0.000000,0.000000,0.000000
340,-0.076033,0.804985,-0.039450,1.789603,0.069045,-1.163092,-4.620365,-0.090775,0.292249,-0.061124,-2.135109,0.030648,2.443662,-1.571789,0.000070,0.000088,-0.068615,-0.182687,0.022037,0.053187,0.015744,-0.315308,0.053671,-0.000785,0.000649,1.941444,-2.271528,0.677878,-3.765781,0.849616,2.976036,-1.295945,-0.001159,0.001638,4.515110,-36.188004,3.289388,17.169027,0.280827,2.118240,-0.005756,-0.071849,-0.231127,4.515110,-36.188004,3.289388,17.169027,0.280827,2.118240,-0.005756,-0.071849,-0.231127,87.000000,87.000000,87.000000,87.000000,12.000000,12.000000,12.000000,200.000000,200.000000,0.000000,0.000000,0.000000,0.000000,0.000000,0.000000,0.000000,0.000000,0.000000
341,-0.100360,0.929570,-0.068787,1.729934,0.096553,-1.208566,-4.661809,-0.090517,0.290304,-0.061947,-2.136232,0.036388,2.430670,-1.580386,0.000071,0.000087,0.022856,-0.164267,-0.009673,-0.032533,0.188727,-0.462461,-0.191506,-0.000685,0.000562,0.686138,0.698951,1.150331,-3.335844,-2.267611,5.854380,4.585066,0.001475,-0.000339,3.208577,-30.929451,2.290338,15.124283,0.286020,1.894542,0.017200,-0.075259,-0.227025,3.208577,-30.929451,2.290338,15.124283,0.286020,1.894542,0.017200,-0.075259,-0.227025,87.000000,87.000000,87.000000,87.000000,12.000000,12.000000,12.000000,200.000000,200.000000,0.000000,0.000000,0.000000,0.000000,0.000000,0.000000,0.000000,0.000000,0.000000
342,-0.137902,0.967048,-0.081739,1.754033,0.095198,-1.150520,-4.677559,-0.091409,0.290552,-0.059784,-2.140221,0.039664,2.434942,-1.588684,0.000063,0.000095,-0.015610,-0.059215,0.070401,-0.049118,0.065137,0.033463,-0.185330,-0.000477,0.000418,1.446539,3.133034,-0.515305,1.663457,-3.004888,-1.468212,4.132270,0.003151,-0.003149,1.922392,-29.590883,1.292671,16.736221,0.243662,2.147704,0.007313,-0.069390,-0.237625,1.922392,-29.590883,1.292671,16.736221,0.243662,2.147704,0.007313,-0.069390,-0.237625,87.000000,87.000000,87.000000,87.000000,12.000000,12.000000,12.000000,200.000000,200.000000,0.000000,0.000000,0.000000,0.000000,0.000000,0.000000,0.000000,0.000000,0.000000
343,-0.072044,0.861691,-0.040923,1.797753,0.080342,-1.142725,-4.648481,-0.089547,0.292837,-0.058656,-2.142715,0.037286,2.439148,-1.586067,0.000061,0.000096,0.083128,-0.039592,0.044700,-0.007390,-0.034715,-0.030863,0.057009,-0.000652,0.000531,1.492329,0.515401,0.917928,1.089245,1.077485,-2.190825,-1.438744,0.000454,-0.001016,4.149903,-34.188656,2.982314,18.542376,0.345432,2.244528,-0.005503,-0.058758,-0.244778,4.149903,-34.188656,2.982314,18.542376,0.345432,2.244528,-0.005503,-0.058758,-0.244778,87.000000,87.000000,87.000000,87.000000,12.000000,12.000000,12.000000,200.000000,200.000000,0.000000,0.000000,0.000000,0.000000,0.000000,0.000000,0.000000,0.000000,0.000000
344,-0.171575,0.755235,-0.111264,1.889927,0.077787,-1.112146,-4.622681,-0.087620,0.295229,-0.056229,-2.142666,0.034287,2.445606,-1.578570,0.000058,0.000099,0.056822,-0.053209,0.075063,0.110205,-0.043976,0.042529,0.162621,-0.000533,0.000443,0.317433,-0.534212,-0.349449,3.862204,1.344883,-2.775970,-3.923429,0.003792,-0.003556,0.016269,-38.660358,-0.177083,22.071871,0.522810,2.723282,0.002147,-0.054648,-0.248814,0.016269,-38.660358,-0.177083,22.071871,0.522810,2.723282,0.002147,-0.054648,-0.248814,87.000000,87.000000,87.000000,87.000000,12.000000,12.000000,12.000000,200.000000,200.000000,0.000000,0.000000,0.000000,0.000000,0.000000,0.000000,0.000000,0.000000,0.000000
345,-0.387248,0.737406,-0.282402,1.800165,0.059676,-1.165913,-4.600697,-0.086665,0.294802,-0.056142,-2.141544,0.027670,2.439968,-1.569485,0.000081,0.000079,-0.017599,-0.195318,-0.028950,0.017942,-0.115271,-0.299779,0.194943,-0.000354,0.000253,-2.998173,-4.089031,-1.996782,-4.381384,4.073319,2.159904,-4.598486,-0.012756,0.011503,-8.676898,-39.164291,-6.846658,18.166367,0.678702,2.212040,0.029717,-0.137451,-0.173798,-8.676898,-39.164291,-6.846658,18.166367,0.678702,2.212040,0.029717,-0.137451,-0.173798,87.000000,87.000000,87.000000,87.000000,12.000000,12.000000,12.000000,200.000000,200.000000,0.000000,0.000000,0.000000,0.000000,0.000000,0.000000,0.000000,0.000000,0.000000
346,-0.223072,0.853112,-0.153423,1.831263,0.042377,-1.137316,-4.615278,-0.087970,0.293175,-0.057073,-2.141572,0.021061,2.441355,-1.568112,0.000070,0.000088,-0.050159,-0.143084,-0.030793,0.088564,-0.142362,-0.056977,0.023289,-0.000689,0.000568,-0.452721,1.435203,-0.488824,2.670366,2.901674,0.150309,-0.698402,0.006927,-0.005927,-1.774492,-34.229382,-1.521601,19.626873,0.513260,2.492414,0.018537,-0.064758,-0.237592,-1.774492,-34.229382,-1.521601,19.626873,0.513260,2.492414,0.018537,-0.064758,-0.237592,87.000000,87.000000,87.000000,87.000000,12.000000,12.000000,12.000000,200.000000,200.000000,0.000000,0.000000,0.000000,0.000000,0.000000,0.000000,0.000000,0.000000,0.000000
347,-0.057630,0.996032,-0.026468,1.732474,0.089873,-1.203316,-4.681704,-0.088201,0.293920,-0.057580,-2.139533,0.029070,2.431378,-1.583258,0.000069,0.000089,0.009223,-0.052865,0.015590,0.099259,0.276967,-0.419028,-0.333620,-0.000681,0.000569,1.165017,2.667132,1.639084,-1.130074,-2.485285,4.155103,8.055840,0.005993,-0.003738,4.794951,-28.743040,3.595610,15.267487,0.361925,1.829982,0.030459,-0.064719,-0.236021,4.794951,-28.743040,3.595610,15.267487,0.361925,1.829982,0.030459,-0.064719,-0.236021,87.000000,87.000000,87.000000,87.000000,12.000000,12.000000,12.000000,200.000000,200.000000,0.000000,0.000000,0.000000,0.000000,0.000000,0.000000,0.000000,0.000000,0.000000
348,-0.007660,0.815907,0.016300,1.874332,0.088501,-1.112122,-4.660771,-0.087191,0.296576,-0.055413,-2.138018,0.034565,2.440985,-1.586150,0.000051,0.000105,0.067909,-0.026073,0.086519,0.151868,0.113428,0.181957,-0.062694,-0.000579,0.000548,2.749637,0.680373,0.922739,4.135592,-4.396660,-3.391862,1.232171,0.008036,-0.005765,6.648090,-36.344254,4.901393,20.980206,0.174198,2.696333,-0.017660,-0.033322,-0.269980,6.648090,-36.344254,4.901393,20.980206,0.174198,2.696333,-0.017660,-0.033322,-0.269980,87.000000,87.000000,87.000000,87.000000,12.000000,12.000000,12.000000,200.000000,200.000000,0.000000,0.000000,0.000000,0.000000,0.000000,0.000000,0.000000,0.000000,0.000000
349,-0.326281,0.772739,-0.229216,1.776226,0.066573,-1.122908,-4.568548,-0.085974,0.297033,-0.053934,-2.137401,0.030328,2.448431,-1.565778,0.000078,0.000083,0.007211,-0.167734,0.015395,-0.008490,-0.078818,0.033089,0.448621,0.000005,-0.000013,-1.816994,-4.020148,-1.958996,-4.698220,1.839805,-4.546528,-10.663906,-0.007071,0.005529,-6.291605,-37.999249,-5.013016,16.929552,0.512060,1.988478,-0.006401,-0.146189,-0.174713,-6.291605,-37.999249,-5.013016,16.929552,0.512060,1.988478,-0.006401,-0.146189,-0.174713,87.000000,87.000000,87.000000,87.000000,12.000000,12.000000,12.000000,200.000000,200.000000,0.000000,0.000000,0.000000,0.000000,0.000000,0.000000,0.000000,0.000000,0.000000
350,-0.320485,0.815167,-0.252883,1.793154,0.075444,-1.183867,-4.634192,-0.083525,0.294486,-0.058365,-2.138444,0.029337,2.437795,-1.570689,0.000088,0.000072,0.026104,-0.214842,-0.140530,-0.011356,0.031139,-0.439839,-0.117486,-0.000737,0.000562,-3.818732,-1.312644,0.349824,-2.335631,1.787763,4.545772,2.841881,-0.009797,0.009834,-6.419602,-35.818344,-5.058261,17.833345,0.657796,2.173090,0.047985,-0.124556,-0.182396,-6.419602,-35.818344,-5.058261,17.833345,0.657796,2.173090,0.047985,-0.124556,-0.182396,87.000000,87.000000,87.000000,87.000000,12.000000,12.000000,12.000000,200.000000,200.000000,0.000000,0.000000,0.000000,0.000000,0.000000,0.000000,0.000000,0.000000,0.000000
351,-0.129242,0.850161,-0.085600,1.869570,0.095485,-1.123880,-4.674184,-0.085468,0.292862,-0.059057,-2.139132,0.034854,2.441852,-1.582861,0.000063,0.000094,-0.064045,-0.124252,0.004882,0.112918,0.146952,0.027061,-0.269432,-0.000756,0.000682,0.589030,2.597262,0.485382,5.676839,-3.490684,-0.948928,6.220620,0.015310,-0.011559,1.871889,-34.306454,1.313896,21.070547,0.398198,2.704527,0.021404,-0.033098,-0.266514,1.871889,-34.306454,1.313896,21.070547,0.398198,2.704527,0.021404,-0.033098,-0.266514,87.000000,87.000000,87.000000,87.000000,12.000000,12.000000,12.000000,200.000000,200.000000,0.000000,0.000000,0.000000,0.000000,0.000000,0.000000,0.000000,0.000000,0.000000
352,-0.079429,1.012142,-0.055950,1.668570,0.100884,-1.215975,-4.671577,-0.085337,0.293229,-0.060095,-2.138047,0.039924,2.430759,-1.588565,0.000074,0.000084,0.019146,-0.088652,-0.011889,0.003490,0.177628,-0.453934,-0.124002,-0.000647,0.000507,0.724900,1.121798,1.402391,-5.473984,-1.400580,4.384741,3.020410,-0.006911,0.005067,3.643322,-28.037291,2.676328,12.598327,0.257342,1.479980,0.010675,-0.097114,-0.210677,3.643322,-28.037291,2.676328,12.598327,0.257342,1.479980,0.010675,-0.097114,-0.210677,87.000000,87.000000,87.000000,87.000000,12.000000,12.000000,12.000000,200.000000,200.000000,0.000000,0.000000,0.000000,0.000000,0.000000,0.000000,0.000000,0.000000,0.000000
353,-0.179982,0.774983,-0.143812,1.862932,0.107452,-1.104174,-4.672562,-0.083944,0.293930,-0.061585,-2.140961,0.043765,2.442285,-1.591807,0.000062,0.000096,0.034514,-0.100243,-0.043759,0.007522,0.069328,0.231014,-0.073041,-0.000449,0.000405,-0.636523,-0.296689,0.212956,3.554079,-3.891800,-4.686898,1.460149,0.005315,-0.004912,-0.608044,-37.628571,-0.702760,21.109665,0.341140,2.706546,0.003841,-0.065616,-0.241880,-0.608044,-37.628571,-0.702760,21.109665,0.341140,2.706546,0.003841,-0.065616,-0.241880,87.000000,87.000000,87.000000,87.000000,12.000000,12.000000,12.000000,200.000000,200.000000,0.000000,0.000000,0.000000,0.000000,0.000000,0.000000,0.000000,0.000000,0.000000
354,-0.062167,0.897541,-0.024686,1.794633,0.089029,-1.156267,-4.699003,-0.085536,0.295343,-0.058447,-2.139803,0.041396,2.441196,-1.599687,0.000063,0.000095,-0.029055,-0.056278,0.119870,0.099668,-0.021218,-0.199193,-0.179067,-0.000695,0.000597,2.383606,1.137000,0.278918,0.503564,2.186248,0.223980,4.154882,0.003538,-0.000948,4.569122,-32.874432,3.383871,17.867819,0.395312,2.118391,0.014495,-0.055715,-0.246403,4.569122,-32.874432,3.383871,17.867819,0.395312,2.118391,0.014495,-0.055715,-0.246403,87.000000,87.000000,87.000000,87.000000,12.000000,12.000000,12.000000,200.000000,200.000000,0.000000,0.000000,0.000000,0.000000,0.000000,0.000000,0.000000,0.000000,0.000000
355,-0.121830,0.697709,-0.092350,1.864880,0.095980,-1.123991,-4.658005,-0.082891,0.295228,-0.057858,-2.139484,0.041332,2.444569,-1.594177,0.000062,0.000096,0.097271,-0.173880,0.012682,0.050074,0.028665,-0.025346,0.123895,-0.000528,0.000424,0.454917,-3.355634,0.360185,-0.256896,-0.476927,-1.619999,-2.964972,-0.001866,0.000008,1.530903,-40.801350,0.913125,20.739630,0.390181,2.580263,-0.003453,-0.072257,-0.235645,1.530903,-40.801350,0.913125,20.739630,0.390181,2.580263,-0.003453,-0.072257,-0.235645,87.000000,87.000000,87.000000,87.000000,12.000000,12.000000,12.000000,200.000000,200.000000,0.000000,0.000000,0.000000,0.000000,0.000000,0.000000,0.000000,0.000000,0.000000
356,-0.429593,0.856241,-0.336295,1.785469,0.077603,-1.133254,-4.615192,-0.081236,0.293284,-0.059939,-2.139629,0.035575,2.446919,-1.581151,0.000081,0.000079,-0.016987,-0.177257,-0.093159,0.031805,-0.116386,-0.069328,0.282753,-0.000198,0.000131,-4.395014,-0.109525,-1.819717,-0.834417,2.788059,-1.159758,-6.756581,-0.006564,0.005875,-10.886122,-34.110825,-8.517590,17.590437,0.687394,2.163476,0.024595,-0.138391,-0.174572,-10.886122,-34.110825,-8.517590,17.590437,0.687394,2.163476,0.024595,-0.138391,-0.174572,87.000000,87.000000,87.000000,87.000000,12.000000,12.000000,12.000000,200.000000,200.000000,0.000000,0.000000,0.000000,0.000000,0.000000,0.000000,0.000000,0.000000,0.000000
357,-0.211421,0.852944,-0.167994,1.797330,0.117900,-1.186060,-4.639490,-0.082410,0.291324,-0.062753,-2.139168,0.042236,2.436253,-1.580029,0.000077,0.000082,-0.062001,-0.172192,-0.069823,0.059343,0.246747,-0.433077,0.023740,-0.000895,0.000782,-1.543265,0.252435,0.587321,-0.597293,-1.824621,4.446966,-0.338916,-0.008313,0.011004,-1.785663,-34.078999,-1.482317,17.968468,0.548337,2.184145,0.024467,-0.091072,-0.212921,-1.785663,-34.078999,-1.482317,17.968468,0.548337,2.184145,0.024467,-0.091072,-0.212921,87.000000,87.000000,87.000000,87.000000,12.000000,12.000000,12.000000,200.000000,200.000000,0.000000,0.000000,0.000000,0.000000,0.000000,0.000000,0.000000,0.000000,0.000000
358,0.068669,0.957759,0.096099,1.760656,0.078529,-1.156026,-4.686314,-0.088435,0.291163,-0.057071,-2.139282,0.040500,2.436913,-1.590290,0.000056,0.000101,-0.114957,-0.079073,0.199088,0.054982,-0.072224,-0.059104,-0.236411,-0.000777,0.000697,6.146849,2.658321,-0.330926,0.635266,-0.299709,0.682286,5.225446,0.018511,-0.016298,10.477011,-29.984814,7.859925,16.590879,0.028726,2.138379,-0.016036,-0.012895,-0.289425,10.477011,-29.984814,7.859925,16.590879,0.028726,2.138379,-0.016036,-0.012895,-0.289425,87.000000,87.000000,87.000000,87.000000,12.000000,12.000000,12.000000,200.000000,200.000000,0.000000,0.000000,0.000000,0.000000,0.000000,0.000000,0.000000,0.000000,0.000000
359,-0.130012,0.858609,-0.099305,1.801471,0.082516,-1.155129,-4.672376,0.000000,-0.697268,0.000000,-1.674071,0.000000,3.613857,0.862628,0.039663,0.040000,0.000000,0.000000,0.000000,0.000000,0.000000,0.000000,0.000000,0.000000,0.000000,0.000000,0.000000,0.000000,0.000000,0.000000,0.000000,0.000000,0.000000,0.000000,-5.200463,44.605774,-3.972206,-18.815479,3.300626,-12.000000,-12.000000,-79.326645,-80.000000,-5.200463,44.605774,-3.972206,-18.815479,3.300626,-92.353745,-196.625305,-79.326645,-80.000000,87.000000,87.000000,87.000000,87.000000,12.000000,12.000000,12.000000,200.000000,200.000000,0.000000,0.000000,0.000000,0.000000,0.000000,0.000000,0.000000,0.000000,0.000000
