Timestep,agent_joint_pos_J1,agent_joint_pos_J2,agent_joint_pos_J3,agent_joint_pos_J4,agent_joint_pos_J5,agent_joint_pos_J6,agent_joint_pos_J7,joint_pos_J1,joint_pos_J2,joint_pos_J3,joint_pos_J4,joint_pos_J5,joint_pos_J6,joint_pos_J7,joint_pos_J8,joint_pos_J9,joint_vel_J1,joint_vel_J2,joint_vel_J3,joint_vel_J4,joint_vel_J5,joint_vel_J6,joint_vel_J7,joint_vel_J8,joint_vel_J9,joint_acc_J1,joint_acc_J2,joint_acc_J3,joint_acc_J4,joint_acc_J5,joint_acc_J6,joint_acc_J7,joint_acc_J8,joint_acc_J9,joint_applied_torque_J1,joint_applied_torque_J2,joint_applied_torque_J3,joint_applied_torque_J4,joint_applied_torque_J5,joint_applied_torque_J6,joint_applied_torque_J7,joint_applied_torque_J8,joint_applied_torque_J9,joint_computed_torque_J1,joint_computed_torque_J2,joint_computed_torque_J3,joint_computed_torque_J4,joint_computed_torque_J5,joint_computed_torque_J6,joint_computed_torque_J7,joint_computed_torque_J8,joint_computed_torque_J9,joint_effort_limits_J1,joint_effort_limits_J2,joint_effort_limits_J3,joint_effort_limits_J4,joint_effort_limits_J5,joint_effort_limits_J6,joint_effort_limits_J7,joint_effort_limits_J8,joint_effort_limits_J9,joint_effort_target_J1,joint_effort_target_J2,joint_effort_target_J3,joint_effort_target_J4,joint_effort_target_J5,joint_effort_target_J6,joint_effort_target_J7,joint_effort_target_J8,joint_effort_target_J9
0,0.135128,2.289939,-2.690304,0.117296,0.817557,1.020894,1.616760,0.066487,-0.485581,-0.070167,-2.656656,0.084785,2.015062,0.501966,0.032300,0.033334,1.914932,2.167366,-2.176148,-0.236911,2.590892,2.609614,2.527290,-0.199658,-0.190447,-10.941331,41.186325,-0.118933,-5.733382,7.111716,10.005154,-4.881992,0.588347,1.184943,-5.632072,81.661423,-87.000000,-7.373215,12.000000,12.000000,12.000000,-50.328781,-52.013275,-5.632072,81.661423,-96.198372,-7.373215,19.470257,116.299065,76.817535,-50.328781,-52.013275,87.000000,87.000000,87.000000,87.000000,12.000000,12.000000,12.000000,200.000000,200.000000,0.000000,0.000000,0.000000,0.000000,0.000000,0.000000,0.000000,0.000000,0.000000
1,0.232976,2.439754,-3.104016,-0.214400,1.249224,0.906458,2.285955,0.123234,-0.413695,-0.142435,-2.690733,0.168922,2.102055,0.587479,0.025906,0.027052,1.452865,2.159009,-2.111465,-1.428236,2.571587,2.609843,2.464556,-0.188985,-0.188489,-13.059839,0.298676,-0.392189,-33.314510,0.829940,0.005865,2.112121,0.271127,-0.067601,-5.091924,79.428123,-87.000000,-16.378725,12.000000,12.000000,12.000000,-38.780796,-41.667976,-5.091924,79.428123,-107.236572,-16.378725,29.593975,104.094543,97.435173,-38.780796,-41.667976,87.000000,87.000000,87.000000,87.000000,12.000000,12.000000,12.000000,200.000000,200.000000,0.000000,0.000000,0.000000,0.000000,0.000000,0.000000,0.000000,0.000000,0.000000
2,0.436055,2.449934,-3.456329,0.100904,1.423955,0.760492,2.776129,0.171999,-0.340961,-0.215002,-2.749282,0.254248,2.184212,0.674449,0.019855,0.020726,1.377410,2.183808,-2.144047,-1.759710,2.506519,2.096381,2.609436,-0.178727,-0.190045,-6.517968,0.242457,1.705971,-7.971904,-1.807752,-17.493080,-0.024176,0.265615,-0.097003,-0.349761,73.946869,-87.000000,3.225443,12.000000,12.000000,12.000000,-27.371778,-28.961702,-0.349761,73.946869,-115.264130,3.225443,29.891407,92.293350,109.407448,-27.371778,-28.961702,87.000000,87.000000,87.000000,87.000000,12.000000,12.000000,12.000000,200.000000,200.000000,0.000000,0.000000,0.000000,0.000000,0.000000,0.000000,0.000000,0.000000,0.000000
3,0.620079,2.476774,-3.653301,0.376412,1.502506,0.723598,3.040133,0.222101,-0.267545,-0.287942,-2.806633,0.340284,2.248294,0.761483,0.014040,0.014210,1.528876,2.202260,-2.189567,-1.357030,2.350467,0.928751,2.609670,-0.172573,-0.198076,2.601299,0.034676,-0.113626,9.947533,1.790542,-9.735925,-0.021472,0.159466,-0.355054,3.152207,69.084709,-87.000000,18.681240,12.000000,12.000000,12.000000,-16.327606,-15.817635,3.152207,69.084709,-117.266014,18.681240,27.072483,90.186829,113.007980,-16.327606,-15.817635,87.000000,87.000000,87.000000,87.000000,12.000000,12.000000,12.000000,200.000000,200.000000,0.000000,0.000000,0.000000,0.000000,0.000000,0.000000,0.000000,0.000000,0.000000
4,0.688815,2.449964,-3.714094,0.429852,1.549351,0.711908,3.136925,0.276956,-0.194010,-0.361146,-2.850749,0.429127,2.307270,0.848532,0.008515,0.007860,1.608291,2.202763,-2.177934,-0.883680,2.607030,0.698361,2.612081,-0.135032,-0.158893,0.633867,-0.181432,0.870709,13.949725,11.347245,-1.713906,0.135040,2.259569,2.380685,1.235717,62.116840,-87.000000,23.312567,12.000000,12.000000,12.000000,-5.038704,-1.933428,1.235717,62.116840,-113.832497,23.312567,21.554020,86.283585,109.917084,-5.038704,-1.933428,87.000000,87.000000,87.000000,87.000000,12.000000,12.000000,12.000000,200.000000,200.000000,0.000000,0.000000,0.000000,0.000000,0.000000,0.000000,0.000000,0.000000,0.000000
5,0.803771,2.371429,-3.804717,0.437219,1.588467,0.663674,3.291702,0.335702,-0.120467,-0.434698,-2.878162,0.519202,2.366364,0.935579,0.005067,0.004094,1.699685,2.202318,-2.181702,-0.373509,2.607032,0.743333,2.612285,-0.073312,-0.081771,0.760524,-0.133080,-0.044775,15.560312,-0.016522,-0.696552,-0.011144,1.476878,1.972800,0.929852,53.096497,-87.000000,24.552151,12.000000,12.000000,12.000000,-3.305179,0.143908,0.929852,53.096497,-111.632317,24.552151,15.179498,79.537697,109.133614,-3.305179,0.143908,87.000000,87.000000,87.000000,87.000000,12.000000,12.000000,12.000000,200.000000,200.000000,0.000000,0.000000,0.000000,0.000000,0.000000,0.000000,0.000000,0.000000,0.000000
6,0.919819,2.207751,-4.036072,0.532691,1.670615,0.541352,3.496552,0.398108,-0.046867,-0.508472,-2.886460,0.610113,2.431611,1.022638,0.003078,0.002223,1.793661,2.204673,-2.189958,0.229878,2.606764,1.039954,2.612537,-0.043053,-0.039350,0.991931,-0.154839,-0.124025,17.438267,-0.016251,9.605068,-0.018754,0.693930,1.121821,0.359832,40.652309,-87.000000,27.541393,11.225496,12.000000,12.000000,-2.447696,-0.158568,0.359832,40.652309,-114.961548,27.541393,11.225496,69.242630,110.361816,-2.447696,-0.158568,87.000000,87.000000,87.000000,87.000000,12.000000,12.000000,12.000000,200.000000,200.000000,0.000000,0.000000,0.000000,0.000000,0.000000,0.000000,0.000000,0.000000,0.000000
7,1.057748,2.016733,-4.129409,0.418429,1.803013,0.361695,3.761886,0.462638,0.026462,-0.581524,-2.878585,0.700336,2.504366,1.109672,0.001783,0.001435,1.882691,2.199173,-2.192588,0.569289,2.607522,1.518880,2.611787,-0.029314,-0.014452,-0.077734,-0.030441,0.040011,10.746199,-0.021229,3.031976,-0.021400,0.314423,0.658250,0.350782,27.166084,-87.000000,21.107618,9.259713,12.000000,12.000000,-1.293858,-0.911580,0.350782,27.166084,-112.792290,21.107618,9.259713,54.128422,114.014145,-1.293858,-0.911580,87.000000,87.000000,87.000000,87.000000,12.000000,12.000000,12.000000,200.000000,200.000000,0.000000,0.000000,0.000000,0.000000,0.000000,0.000000,0.000000,0.000000,0.000000
8,1.186706,1.814362,-4.075732,0.378213,1.857982,0.055229,3.820075,0.527873,0.099679,-0.653259,-2.861050,0.790302,2.585616,1.196690,0.000904,0.001183,1.943059,2.198534,-2.188093,0.755073,2.607867,2.114045,2.610939,-0.020688,-0.002432,-0.780995,0.177913,0.382562,5.624799,-0.020728,11.371449,-0.037694,0.163188,0.353194,0.016793,13.228691,-87.000000,17.344931,4.255906,12.000000,12.000000,-0.284481,-1.679292,0.016793,13.228691,-104.844070,17.344931,4.255906,33.932968,109.382004,-0.284481,-1.679292,87.000000,87.000000,87.000000,87.000000,12.000000,12.000000,12.000000,200.000000,200.000000,0.000000,0.000000,0.000000,0.000000,0.000000,0.000000,0.000000,0.000000,0.000000
9,1.364466,1.642678,-3.956748,0.340526,1.905287,-0.248868,3.876214,0.593344,0.172748,-0.724195,-2.838553,0.870846,2.672653,1.283694,0.000255,0.001207,1.942786,2.192534,-2.159778,0.804801,1.846819,2.609889,2.610940,-0.015799,0.003583,-4.511997,0.262327,0.532193,2.422875,-42.022045,0.012360,-0.017467,0.077930,0.184560,1.643736,0.542140,-87.000000,13.780663,-0.771952,12.000000,12.000000,0.577216,-2.381395,1.643736,0.542140,-94.499954,13.780663,-0.771952,12.236973,104.667961,0.577216,-2.381395,87.000000,87.000000,87.000000,87.000000,12.000000,12.000000,12.000000,200.000000,200.000000,0.000000,0.000000,0.000000,0.000000,0.000000,0.000000,0.000000,0.000000,0.000000
10,1.549759,1.469993,-3.884728,0.288139,1.944858,-0.542809,3.998055,0.657639,0.243289,-0.796555,-2.813480,0.921706,2.714442,1.370682,0.000000,0.001120,1.935419,1.987234,-2.179048,0.778355,1.188996,0.907390,2.610488,-0.005821,-0.004723,-2.475571,-3.299854,1.537342,-2.735731,-26.464632,-26.168192,-0.002632,0.411167,-0.365920,4.006636,-11.545738,-85.711159,9.508613,-0.701133,-0.071218,12.000000,1.267329,-2.572797,4.006636,-11.545738,-85.711159,9.508613,-0.701133,-0.071218,102.585236,1.267329,-2.572797,87.000000,87.000000,87.000000,87.000000,12.000000,12.000000,12.000000,200.000000,200.000000,0.000000,0.000000,0.000000,0.000000,0.000000,0.000000,0.000000,0.000000,0.000000
11,1.716471,1.433669,-3.854152,0.409146,1.934144,-0.748527,4.100903,0.720664,0.311994,-0.868806,-2.785484,0.946038,2.685560,1.457675,0.000000,0.000820,1.944865,1.858257,-2.144646,0.843551,0.622317,-0.791952,2.610765,-0.000127,-0.010798,1.668784,-3.327169,2.278118,-3.333299,-12.090214,6.945941,0.008755,0.291389,-0.277436,5.834369,-18.056059,-78.751625,11.933361,-0.745967,0.401845,12.000000,0.498314,-1.414483,5.834369,-18.056059,-78.751625,11.933361,-0.745967,0.401845,99.739975,0.498314,-1.414483,87.000000,87.000000,87.000000,87.000000,12.000000,12.000000,12.000000,200.000000,200.000000,0.000000,0.000000,0.000000,0.000000,0.000000,0.000000,0.000000,0.000000,0.000000
12,1.820669,1.393273,-3.801659,0.633582,1.964806,-0.857828,4.194128,0.784769,0.378299,-0.938977,-2.753508,0.965658,2.635784,1.544685,0.000025,0.000532,1.981091,1.694557,-2.115650,1.011479,0.508384,-1.063965,2.611347,0.002844,-0.007987,0.261869,-7.455303,0.991702,0.867051,-12.334255,22.818336,0.010858,0.107029,0.037364,4.699474,-24.735802,-71.195229,18.154030,-0.798009,1.654941,12.000000,-0.106003,-0.486862,4.699474,-24.735802,-71.195229,18.154030,-0.798009,1.654941,96.506630,-0.106003,-0.486862,87.000000,87.000000,87.000000,87.000000,12.000000,12.000000,12.000000,200.000000,200.000000,0.000000,0.000000,0.000000,0.000000,0.000000,0.000000,0.000000,0.000000,0.000000
13,1.992995,1.416769,-3.679215,0.728492,2.047180,-0.943354,4.261873,0.852319,0.436500,-1.008877,-2.717693,0.994503,2.588650,1.631690,0.000052,0.000354,2.099389,1.372005,-2.122220,1.106978,0.739663,-0.932472,2.611430,0.002864,-0.005064,0.566597,-11.909744,0.366211,-0.071483,-17.183588,23.668976,0.000715,0.084826,0.034268,5.892794,-27.834579,-60.730549,18.775942,-0.688764,1.709188,12.000000,-0.190934,-0.316938,5.892794,-27.834579,-60.730549,18.775942,-0.688764,1.709188,92.255089,-0.190934,-0.316938,87.000000,87.000000,87.000000,87.000000,12.000000,12.000000,12.000000,200.000000,200.000000,0.000000,0.000000,0.000000,0.000000,0.000000,0.000000,0.000000,0.000000,0.000000
14,2.162119,1.529880,-3.560566,0.758003,2.090471,-1.107659,4.319723,0.921728,0.485050,-1.079570,-2.678466,1.019179,2.528265,1.718652,0.000079,0.000229,2.144160,1.082683,-2.125802,1.177109,0.630536,-1.327761,2.611319,0.003511,-0.005127,1.718488,-11.455635,0.675459,-2.760021,-12.692363,28.293341,0.007825,0.106702,-0.081576,7.057437,-26.388987,-50.306839,16.476696,-0.352385,1.275253,12.000000,-0.253356,-0.244223,7.057437,-26.388987,-50.306839,16.476696,-0.352385,1.275253,87.612755,-0.253356,-0.244223,87.000000,87.000000,87.000000,87.000000,12.000000,12.000000,12.000000,200.000000,200.000000,0.000000,0.000000,0.000000,0.000000,0.000000,0.000000,0.000000,0.000000,0.000000
15,2.388880,1.628497,-3.379382,0.810219,2.114828,-1.200176,4.326886,0.992710,0.524254,-1.150023,-2.639021,1.037505,2.473233,1.805657,0.000109,0.000138,2.174958,0.818755,-2.125801,1.177764,0.411598,-1.114848,2.611189,0.003103,-0.002824,1.400342,-10.106734,0.212388,-3.063562,-11.176736,28.105322,-0.002389,0.025278,0.026212,10.378525,-24.797558,-37.460529,15.378324,-0.139731,1.435905,12.000000,-0.437615,-0.043374,10.378525,-24.797558,-37.460529,15.378324,-0.139731,1.435905,80.938484,-0.437615,-0.043374,87.000000,87.000000,87.000000,87.000000,12.000000,12.000000,12.000000,200.000000,200.000000,0.000000,0.000000,0.000000,0.000000,0.000000,0.000000,0.000000,0.000000,0.000000
16,2.548431,1.742065,-3.267281,0.874764,2.120652,-1.232582,4.339958,1.064218,0.556056,-1.219875,-2.600158,1.047728,2.436096,1.892665,0.000127,0.000099,2.185060,0.651245,-2.128537,1.180197,0.192629,-0.650341,2.611001,0.001927,-0.001461,0.691781,-6.700905,-0.154238,-1.796887,-7.147089,20.902876,-0.011759,-0.035089,0.018457,10.961764,-22.164227,-27.379827,14.910873,0.100857,1.488767,12.000000,-0.490897,-0.056243,10.961764,-22.164227,-27.379827,14.910873,0.100857,1.488767,74.500679,-0.490897,-0.056243,87.000000,87.000000,87.000000,87.000000,12.000000,12.000000,12.000000,200.000000,200.000000,0.000000,0.000000,0.000000,0.000000,0.000000,0.000000,0.000000,0.000000,0.000000
17,2.757065,1.827147,-3.166028,0.807062,2.128651,-1.371059,4.388649,1.135960,0.582472,-1.289900,-2.563676,1.053120,2.389739,1.979565,0.000112,0.000094,2.205460,0.487942,-2.135771,1.025546,0.114169,-1.054755,2.610693,0.002207,-0.001938,1.517858,-7.381496,0.665188,-8.070959,-3.569124,19.040300,1.384606,0.033432,-0.069249,13.555627,-20.492842,-17.630726,9.324825,0.436403,0.646130,12.000000,-0.373707,-0.148305,13.555627,-20.492842,-17.630726,9.324825,0.436403,0.646130,69.589958,-0.373707,-0.148305,87.000000,87.000000,87.000000,87.000000,12.000000,12.000000,12.000000,200.000000,200.000000,0.000000,0.000000,0.000000,0.000000,0.000000,0.000000,0.000000,0.000000,0.000000
18,2.861195,1.908380,-3.108435,0.875952,2.084181,-1.449532,4.366491,1.206606,0.602625,-1.356300,-2.533197,1.046719,2.346118,2.066528,0.000106,0.000083,2.180418,0.315264,-1.969555,0.860721,-0.202987,-0.890724,2.610566,0.001381,-0.001264,-0.688991,-8.329902,9.975857,-7.157296,4.589126,26.662497,0.641684,-0.058420,0.024194,11.947803,-18.484314,-9.837555,10.129951,0.519171,1.118745,12.000000,-0.452002,-0.016288,11.947803,-18.484314,-9.837555,10.129951,0.519171,1.118745,61.697701,-0.452002,-0.016288,87.000000,87.000000,87.000000,87.000000,12.000000,12.000000,12.000000,200.000000,200.000000,0.000000,0.000000,0.000000,0.000000,0.000000,0.000000,0.000000,0.000000,0.000000
19,2.943398,1.965075,-3.138874,0.943508,2.084514,-1.507479,4.438984,1.275838,0.616268,-1.412959,-2.506889,1.042853,2.311630,2.153515,0.000098,0.000083,2.167381,0.139718,-1.664588,0.767114,-0.112018,-0.729808,2.610471,0.001500,-0.001142,-0.365510,-7.800699,12.256128,-4.530004,3.397721,20.440678,-0.003505,-0.012377,-0.000064,9.709485,-16.829252,-7.160535,11.141169,0.535800,0.816901,12.000000,-0.365402,-0.061180,9.709485,-16.829252,-7.160535,11.141169,0.535800,0.816901,57.595753,-0.365402,-0.061180,87.000000,87.000000,87.000000,87.000000,12.000000,12.000000,12.000000,200.000000,200.000000,0.000000,0.000000,0.000000,0.000000,0.000000,0.000000,0.000000,0.000000,0.000000
20,3.005872,2.070185,-3.214231,0.913013,2.033528,-1.604622,4.464697,1.344626,0.627224,-1.461621,-2.484182,1.029244,2.271687,2.240499,0.000079,0.000091,2.153496,0.136908,-1.435325,0.627219,-0.362115,-0.911281,2.610331,0.000730,-0.000669,-1.667604,-3.550310,13.158487,-6.631400,8.916722,22.648525,-0.014791,-0.072022,0.040072,6.645468,-13.263137,-6.818415,8.359149,0.571504,0.758302,12.000000,-0.359248,-0.052055,6.645468,-13.263137,-6.818415,8.359149,0.571504,0.758302,51.665501,-0.359248,-0.052055,87.000000,87.000000,87.000000,87.000000,12.000000,12.000000,12.000000,200.000000,200.000000,0.000000,0.000000,0.000000,0.000000,0.000000,0.000000,0.000000,0.000000,0.000000
21,3.013865,2.050356,-3.288159,0.999738,2.021350,-1.581591,4.464375,1.408366,0.633602,-1.494765,-2.465212,1.018333,2.254083,2.327500,0.000079,0.000089,1.907765,-0.023859,-0.917629,0.603595,-0.334341,-0.327545,2.610238,0.000530,-0.000359,-9.704074,-4.895459,17.338753,0.241649,4.356378,11.614123,-0.007696,-0.018834,0.017041,2.072860,-14.224560,-8.269987,10.759706,0.609409,0.927916,12.000000,-0.248887,-0.110101,2.072860,-14.224560,-8.269987,10.759706,0.609409,0.927916,44.693520,-0.248887,-0.110101,87.000000,87.000000,87.000000,87.000000,12.000000,12.000000,12.000000,200.000000,200.000000,0.000000,0.000000,0.000000,0.000000,0.000000,0.000000,0.000000,0.000000,0.000000
22,3.023197,2.075063,-3.407170,0.985519,1.979813,-1.648507,4.522403,1.465762,0.638387,-1.518452,-2.447115,1.001450,2.229286,2.414496,0.000067,0.000098,1.740372,-0.017512,-0.726094,0.540842,-0.439336,-0.599835,2.610289,0.000743,-0.000544,-7.932751,-2.207485,11.860656,-2.832874,9.879405,13.922985,-0.000157,-0.018995,0.009019,-1.590069,-13.487231,-11.966705,8.727926,0.909432,1.083676,12.000000,-0.236455,-0.129926,-1.590069,-13.487231,-11.966705,8.727926,0.909432,1.083676,40.055374,-0.236455,-0.129926,87.000000,87.000000,87.000000,87.000000,12.000000,12.000000,12.000000,200.000000,200.000000,0.000000,0.000000,0.000000,0.000000,0.000000,0.000000,0.000000,0.000000,0.000000
23,3.000464,2.125048,-3.530833,0.993042,1.931362,-1.712177,4.562335,1.516494,0.645761,-1.537642,-2.431534,0.980811,2.198019,2.501499,0.000072,0.000096,1.513461,0.125741,-0.640406,0.460434,-0.531150,-0.735270,2.610312,0.000864,-0.000546,-9.190048,1.688497,8.319718,-3.607848,11.738304,17.767391,-0.003061,-0.030305,0.023671,-6.018624,-12.241714,-15.813599,7.943889,0.978423,1.625439,12.000000,-0.264932,-0.108029,-6.018624,-12.241714,-15.813599,7.943889,0.978423,1.625439,34.692291,-0.264932,-0.108029,87.000000,87.000000,87.000000,87.000000,12.000000,12.000000,12.000000,200.000000,200.000000,0.000000,0.000000,0.000000,0.000000,0.000000,0.000000,0.000000,0.000000,0.000000
24,3.069885,2.053751,-3.549932,1.119364,1.918301,-1.687386,4.599379,1.557538,0.651504,-1.547775,-2.417461,0.965880,2.185977,2.588506,0.000080,0.000092,1.192588,-0.011745,-0.333312,0.497698,-0.423745,-0.232459,2.610153,0.000371,-0.000160,-10.107142,-3.386775,8.788041,1.379939,6.892900,7.458364,-0.004106,-0.009473,0.006398,-5.715760,-15.482619,-16.563616,12.048040,1.074266,1.666298,12.000000,-0.211903,-0.156235,-5.715760,-15.482619,-16.563616,12.048040,1.074266,1.666298,29.214001,-0.211903,-0.156235,87.000000,87.000000,87.000000,87.000000,12.000000,12.000000,12.000000,200.000000,200.000000,0.000000,0.000000,0.000000,0.000000,0.000000,0.000000,0.000000,0.000000,0.000000
25,3.129587,2.090867,-3.567359,1.104879,1.840625,-1.770679,4.575959,1.590912,0.656435,-1.554883,-2.402460,0.939758,2.161832,2.675507,0.000068,0.000102,1.026171,0.008554,-0.307406,0.463315,-0.672196,-0.606533,2.610075,0.000141,0.000041,-5.773229,-1.218751,5.290360,-3.292395,14.925566,13.120830,-0.002189,-0.038769,0.024862,-5.298493,-14.324279,-16.968462,10.088465,1.191546,1.578176,12.000000,-0.219508,-0.163402,-5.298493,-14.324279,-16.968462,10.088465,1.191546,1.578176,21.317406,-0.219508,-0.163402,87.000000,87.000000,87.000000,87.000000,12.000000,12.000000,12.000000,200.000000,200.000000,0.000000,0.000000,0.000000,0.000000,0.000000,0.000000,0.000000,0.000000,0.000000
26,3.219832,2.108479,-3.485583,1.123788,1.770725,-1.781492,4.501021,1.618200,0.659490,-1.555857,-2.390179,0.910193,2.146805,2.762509,0.000060,0.000111,0.836103,-0.056442,-0.070184,0.384221,-0.783870,-0.330439,2.610029,-0.000340,0.000412,-5.625400,-1.253259,7.434115,-3.155755,14.739074,8.529470,-0.000501,-0.025057,0.012668,-3.351359,-13.696053,-14.133286,10.075929,1.038538,1.365123,11.360024,-0.144946,-0.229257,-3.351359,-13.696053,-14.133286,10.075929,1.038538,1.365123,11.360024,-0.144946,-0.229257,87.000000,87.000000,87.000000,87.000000,12.000000,12.000000,12.000000,200.000000,200.000000,0.000000,0.000000,0.000000,0.000000,0.000000,0.000000,0.000000,0.000000,0.000000
27,3.297849,2.100312,-3.575845,1.120834,1.771400,-1.840019,4.597289,1.646003,0.663481,-1.558221,-2.383453,0.893028,2.125177,2.849512,0.000049,0.000128,0.978304,-0.003445,-0.269948,0.156638,-0.405210,-0.566957,2.609981,0.000248,0.000286,2.066638,-0.318789,-1.855505,-6.972659,10.500733,10.613092,-0.003405,0.007408,0.003118,-2.384107,-14.426084,-17.563940,9.802406,1.207408,1.496770,8.250418,-0.104243,-0.273239,-2.384107,-14.426084,-17.563940,9.802406,1.207408,1.496770,8.250418,-0.104243,-0.273239,87.000000,87.000000,87.000000,87.000000,12.000000,12.000000,12.000000,200.000000,200.000000,0.000000,0.000000,0.000000,0.000000,0.000000,0.000000,0.000000,0.000000,0.000000
28,3.283047,2.127078,-3.632451,1.232165,1.732502,-1.827296,4.599065,1.672964,0.669135,-1.562636,-2.379493,0.877023,2.111986,2.897300,0.000064,0.000121,0.825401,0.080497,-0.270650,0.211654,-0.497240,-0.299552,0.000005,0.000123,0.000194,-5.604948,2.389794,1.261825,1.600211,8.165573,8.073215,-156.592133,-0.026766,0.012022,-5.164269,-13.874844,-19.290098,14.276334,1.124874,2.238189,1.362396,-0.179924,-0.243871,-5.164269,-13.874844,-19.290098,14.276334,1.124874,2.238189,1.362396,-0.179924,-0.243871,87.000000,87.000000,87.000000,87.000000,12.000000,12.000000,12.000000,200.000000,200.000000,0.000000,0.000000,0.000000,0.000000,0.000000,0.000000,0.000000,0.000000,0.000000
29,3.300977,2.119309,-3.648570,1.210793,1.680357,-1.851183,4.584730,1.694964,0.676591,-1.567572,-2.374222,0.854554,2.101032,2.897300,0.000090,0.000085,0.684538,0.103172,-0.280956,0.220242,-0.612901,-0.262816,-0.000000,0.000816,-0.000722,-4.805552,0.213063,1.498722,-0.582882,11.462906,6.995296,-0.000270,0.006539,0.008196,-5.782291,-14.969615,-19.505018,12.853959,1.238598,1.979750,10.885182,-0.223603,-0.115768,-5.782291,-14.969615,-19.505018,12.853959,1.238598,1.979750,10.885182,-0.223603,-0.115768,87.000000,87.000000,87.000000,87.000000,12.000000,12.000000,12.000000,200.000000,200.000000,0.000000,0.000000,0.000000,0.000000,0.000000,0.000000,0.000000,0.000000,0.000000
30,3.399904,2.096933,-3.668270,1.192648,1.729748,-1.870370,4.684410,1.716640,0.683781,-1.574921,-2.372430,0.852903,2.092613,2.897300,0.000081,0.000085,0.752458,0.051668,-0.402739,0.074334,-0.042438,-0.247637,-0.000009,-0.000131,-0.000002,-0.029669,-2.766101,-1.580211,-2.931234,1.789111,3.685620,0.001767,-0.019201,0.009824,-3.460952,-16.470221,-19.562963,12.234909,1.285791,1.652058,12.000000,-0.187953,-0.155794,-3.460952,-16.470221,-19.562963,12.234909,1.285791,1.652058,14.872550,-0.187953,-0.155794,87.000000,87.000000,87.000000,87.000000,12.000000,12.000000,12.000000,200.000000,200.000000,0.000000,0.000000,0.000000,0.000000,0.000000,0.000000,0.000000,0.000000,0.000000
31,3.412617,2.146252,-3.671483,1.218774,1.698774,-1.903611,4.659945,1.736765,0.690320,-1.584358,-2.371458,0.846649,2.079106,2.897300,0.000082,0.000081,0.630102,0.062132,-0.400854,0.104389,-0.233041,-0.351251,-0.000000,0.000215,-0.000173,-4.378327,-0.758636,2.362427,-0.000724,3.418524,7.762287,0.000956,0.008330,-0.005172,-4.484136,-14.934904,-18.715239,13.288870,1.140402,1.916941,12.000000,-0.163471,-0.162811,-4.484136,-14.934904,-18.715239,13.288870,1.140402,1.916941,13.893841,-0.163471,-0.162811,87.000000,87.000000,87.000000,87.000000,12.000000,12.000000,12.000000,200.000000,200.000000,0.000000,0.000000,0.000000,0.000000,0.000000,0.000000,0.000000,0.000000,0.000000
32,3.449836,2.133334,-3.618562,1.312709,1.707909,-1.830568,4.691884,1.749795,0.693547,-1.586444,-2.368181,0.844833,2.087776,2.897300,0.000083,0.000081,0.353878,-0.069138,-0.102568,0.269019,-0.144516,0.237024,-0.000002,-0.000503,0.000527,-7.895371,-2.135823,6.023326,6.241402,-0.542992,-3.396677,-0.002075,-0.014170,0.021419,-3.504342,-15.441512,-17.014128,16.701830,1.178966,1.949924,12.000000,-0.155465,-0.163442,-3.504342,-15.441512,-17.014128,16.701830,1.178966,1.949924,15.171208,-0.155465,-0.163442,87.000000,87.000000,87.000000,87.000000,12.000000,12.000000,12.000000,200.000000,200.000000,0.000000,0.000000,0.000000,0.000000,0.000000,0.000000,0.000000,0.000000,0.000000
33,3.510949,2.162630,-3.603834,1.194373,1.692946,-1.906884,4.677628,1.759479,0.696384,-1.587512,-2.362921,0.840672,2.079640,2.897300,0.000066,0.000095,0.393626,-0.050911,-0.181494,0.167071,-0.141835,-0.292322,-0.000008,0.000118,-0.000074,0.839236,-0.985708,0.168040,-4.510154,3.748171,3.259165,0.002384,0.024131,-0.027185,-1.436223,-14.476590,-16.471121,11.203034,1.168384,1.321755,12.000000,-0.101494,-0.230579,-1.436223,-14.476590,-16.471121,11.203034,1.168384,1.321755,14.601252,-0.101494,-0.230579,87.000000,87.000000,87.000000,87.000000,12.000000,12.000000,12.000000,200.000000,200.000000,0.000000,0.000000,0.000000,0.000000,0.000000,0.000000,0.000000,0.000000,0.000000
34,3.469002,2.124597,-3.658671,1.246066,1.714221,-1.887682,4.718573,1.768432,0.697395,-1.587879,-2.360658,0.843245,2.076276,2.897300,0.000071,0.000090,0.314015,-0.129642,-0.137286,0.141001,-0.007519,-0.102828,-0.000004,0.000011,-0.000019,-2.648535,-2.076319,0.902528,-0.138254,-1.417756,1.615368,-0.000074,-0.007214,0.005295,-3.816464,-15.932294,-18.710468,13.408158,1.153636,1.770110,12.000000,-0.152759,-0.172472,-3.816464,-15.932294,-18.710468,13.408158,1.153636,1.770110,16.238894,-0.152759,-0.172472,87.000000,87.000000,87.000000,87.000000,12.000000,12.000000,12.000000,200.000000,200.000000,0.000000,0.000000,0.000000,0.000000,0.000000,0.000000,0.000000,0.000000,0.000000
35,3.474669,2.156762,-3.682725,1.260829,1.721904,-1.914535,4.741545,1.775020,0.698656,-1.589516,-2.358101,0.846584,2.067751,2.897300,0.000073,0.000088,0.252723,-0.074506,-0.209311,0.150659,0.018681,-0.255938,-0.000003,0.000233,-0.000188,-1.983107,0.657768,-0.966530,-0.345074,-0.967290,4.367094,0.001480,0.001779,-0.002514,-3.914323,-14.736250,-19.458506,13.755957,1.154529,1.937985,12.000000,-0.156647,-0.169339,-3.914323,-14.736250,-19.458506,13.755957,1.154529,1.937985,17.157896,-0.156647,-0.169339,87.000000,87.000000,87.000000,87.000000,12.000000,12.000000,12.000000,200.000000,200.000000,0.000000,0.000000,0.000000,0.000000,0.000000,0.000000,0.000000,0.000000,0.000000
36,3.475097,2.149861,-3.594491,1.302258,1.700635,-1.912866,4.693819,1.775605,0.698642,-1.586921,-2.352909,0.843820,2.063989,2.897300,0.000075,0.000085,-0.001380,-0.154328,0.034079,0.283662,-0.168193,-0.102263,-0.000003,-0.000120,0.000103,-6.223068,-1.514889,5.684904,2.888316,1.138236,2.454517,-0.000810,-0.002366,0.003993,-3.512502,-14.925216,-16.400864,14.829906,1.134699,1.794803,12.000000,-0.144159,-0.173087,-3.512502,-14.925216,-16.400864,14.829906,1.134699,1.794803,15.248716,-0.144159,-0.173087,87.000000,87.000000,87.000000,87.000000,12.000000,12.000000,12.000000,200.000000,200.000000,0.000000,0.000000,0.000000,0.000000,0.000000,0.000000,0.000000,0.000000,0.000000
37,3.549714,2.174546,-3.608226,1.282413,1.703806,-1.912073,4.748477,1.774700,0.698790,-1.583305,-2.347946,0.843036,2.062817,2.897300,0.000071,0.000088,0.101689,-0.096878,-0.083011,0.183653,-0.089770,-0.062256,-0.000005,-0.000120,0.000107,2.775026,1.594332,-3.278951,-2.713836,0.434411,0.681619,0.000134,0.001041,-0.001315,-0.211179,-13.922509,-17.446451,13.582929,1.080666,1.708556,12.000000,-0.131624,-0.187334,-0.211179,-13.922509,-17.446451,13.582929,1.080666,1.708556,17.435101,-0.131624,-0.187334,87.000000,87.000000,87.000000,87.000000,12.000000,12.000000,12.000000,200.000000,200.000000,0.000000,0.000000,0.000000,0.000000,0.000000,0.000000,0.000000,0.000000,0.000000
38,3.534266,2.178834,-3.622197,1.285810,1.725932,-1.929405,4.784467,1.776111,0.701349,-1.583342,-2.345361,0.847541,2.058199,2.897300,0.000068,0.000091,0.140266,-0.029414,-0.169433,0.130743,0.052395,-0.163580,-0.000004,0.000074,-0.000056,0.831951,1.108635,-1.718792,-1.581632,-1.733488,2.140494,0.001289,0.003569,-0.004339,-1.154796,-14.161839,-17.684908,13.717825,1.106828,1.734193,12.000000,-0.134295,-0.186174,-1.154796,-14.161839,-17.684908,13.717825,1.106828,1.734193,18.874708,-0.134295,-0.186174,87.000000,87.000000,87.000000,87.000000,12.000000,12.000000,12.000000,200.000000,200.000000,0.000000,0.000000,0.000000,0.000000,0.000000,0.000000,0.000000,0.000000,0.000000
39,3.573113,2.157330,-3.561321,1.305054,1.714929,-1.885437,4.721522,1.777660,0.702227,-1.581608,-2.344289,0.848204,2.066245,2.897301,0.000068,0.000091,0.118684,-0.130587,-0.048833,0.116184,-0.108525,0.195861,-0.000002,-0.000406,0.000367,-0.635655,-1.505406,1.925155,0.546963,-1.801207,-3.565399,-0.002068,-0.004635,0.008282,0.248279,-14.973950,-15.500043,14.562936,1.024285,1.575297,12.000000,-0.115533,-0.194180,0.248279,-14.973950,-15.500043,14.562936,1.024285,1.575297,16.356741,-0.115533,-0.194180,87.000000,87.000000,87.000000,87.000000,12.000000,12.000000,12.000000,200.000000,200.000000,0.000000,0.000000,0.000000,0.000000,0.000000,0.000000,0.000000,0.000000,0.000000
40,3.556224,2.155791,-3.610462,1.287556,1.712250,-1.926759,4.732814,1.779781,0.702910,-1.580976,-2.343117,0.846667,2.061831,2.897300,0.000061,0.000097,0.168755,-0.110797,-0.141895,0.085319,-0.090402,-0.188263,-0.000006,0.000112,-0.000073,1.398466,-0.461298,-1.200938,-1.929794,1.958293,1.566639,0.001712,0.010626,-0.011381,-0.612278,-15.080686,-17.450123,13.709835,1.221289,1.578661,12.000000,-0.111110,-0.209591,-0.612278,-15.080686,-17.450123,13.709835,1.221289,1.578661,16.808649,-0.111110,-0.209591,87.000000,87.000000,87.000000,87.000000,12.000000,12.000000,12.000000,200.000000,200.000000,0.000000,0.000000,0.000000,0.000000,0.000000,0.000000,0.000000,0.000000,0.000000
41,3.511294,2.161546,-3.641693,1.298592,1.715216,-1.955518,4.759217,1.781754,0.704383,-1.582106,-2.342252,0.846736,2.050853,2.897300,0.000067,0.000093,0.120057,-0.079656,-0.172604,0.100426,-0.059220,-0.310223,-0.000002,0.000266,-0.000205,-1.343422,0.060562,0.053179,-0.355576,0.698722,5.570907,0.001437,-0.000872,0.000135,-2.594497,-15.021585,-18.454590,14.131895,1.179392,1.864588,12.000000,-0.149542,-0.174849,-2.594497,-15.021585,-18.454590,14.131895,1.179392,1.864588,17.864771,-0.149542,-0.174849,87.000000,87.000000,87.000000,87.000000,12.000000,12.000000,12.000000,200.000000,200.000000,0.000000,0.000000,0.000000,0.000000,0.000000,0.000000,0.000000,0.000000,0.000000
42,3.500336,2.119337,-3.586535,1.363302,1.728330,-1.863691,4.725007,1.779173,0.702040,-1.576902,-2.340173,0.850004,2.065257,2.897300,0.000074,0.000086,-0.082303,-0.242256,0.095590,0.218560,-0.042766,0.378019,-0.000002,-0.000447,0.000376,-5.243646,-2.142111,3.853263,5.197809,-3.491485,-6.628570,-0.002795,-0.011647,0.014760,-2.513767,-16.218304,-17.156460,16.558559,1.143190,1.867584,12.000000,-0.135653,-0.175440,-2.513767,-16.218304,-17.156460,16.558559,1.143190,1.867584,16.496099,-0.135653,-0.175440,87.000000,87.000000,87.000000,87.000000,12.000000,12.000000,12.000000,200.000000,200.000000,0.000000,0.000000,0.000000,0.000000,0.000000,0.000000,0.000000,0.000000,0.000000
43,3.536582,2.166220,-3.530238,1.257230,1.691376,-1.936998,4.660124,1.773946,0.699529,-1.570719,-2.335811,0.843574,2.060941,2.897300,0.000061,0.000097,-0.049375,-0.190696,0.042717,0.144371,-0.218740,-0.205465,-0.000008,0.000063,-0.000018,1.792322,0.653664,-0.208362,-4.517287,4.738965,1.217182,0.001687,0.018317,-0.016588,-0.328953,-14.116806,-15.495943,11.609235,1.133126,1.265267,12.000000,-0.096358,-0.220793,-0.328953,-14.116806,-15.495943,11.609235,1.133126,1.265267,13.901073,-0.096358,-0.220793,87.000000,87.000000,87.000000,87.000000,12.000000,12.000000,12.000000,200.000000,200.000000,0.000000,0.000000,0.000000,0.000000,0.000000,0.000000,0.000000,0.000000,0.000000
44,3.502948,2.136564,-3.560379,1.330991,1.699153,-1.887633,4.706921,1.768931,0.696746,-1.563339,-2.334173,0.841595,2.065993,2.897300,0.000069,0.000091,-0.077280,-0.203343,0.080965,0.130586,-0.134087,0.113658,-0.000003,-0.000146,0.000105,-0.421429,0.848380,-0.802256,0.381815,0.311321,-2.449035,-0.001466,-0.009013,0.007539,-1.326109,-15.036702,-17.426609,14.745476,1.115156,1.788545,12.000000,-0.140443,-0.178077,-1.326109,-15.036702,-17.426609,14.745476,1.115156,1.788545,15.772755,-0.140443,-0.178077,87.000000,87.000000,87.000000,87.000000,12.000000,12.000000,12.000000,200.000000,200.000000,0.000000,0.000000,0.000000,0.000000,0.000000,0.000000,0.000000,0.000000,0.000000
45,3.553242,2.218366,-3.616963,1.273826,1.693105,-1.974369,4.751580,1.768731,0.700779,-1.565556,-2.334625,0.839509,2.049503,2.897300,0.000067,0.000093,0.187427,0.094536,-0.347394,-0.032371,-0.084143,-0.489433,-0.000004,0.000441,-0.000310,6.671871,5.728454,-8.182201,-6.188456,2.715837,8.317060,0.003566,0.006763,-0.005850,0.407470,-12.597125,-18.801739,12.551680,1.061049,1.846498,12.000000,-0.148656,-0.177713,0.407470,-12.597125,-18.801739,12.551680,1.061049,1.846498,17.559437,-0.148656,-0.177713,87.000000,87.000000,87.000000,87.000000,12.000000,12.000000,12.000000,200.000000,200.000000,0.000000,0.000000,0.000000,0.000000,0.000000,0.000000,0.000000,0.000000,0.000000
46,3.563941,2.136734,-3.577675,1.339479,1.725585,-1.944775,4.749586,1.772025,0.705614,-1.570115,-2.338616,0.845335,2.046655,2.897300,0.000067,0.000092,0.164610,-0.039601,-0.228660,-0.016491,0.054176,-0.064338,-0.000000,-0.000188,0.000135,-1.134122,-3.449066,2.607693,2.029446,-3.845929,1.733009,-0.000562,-0.000761,0.001367,0.183415,-16.419224,-16.558895,15.925746,1.138479,1.764238,12.000000,-0.120223,-0.193150,0.183415,-16.419224,-16.558895,15.925746,1.138479,1.764238,17.479383,-0.120223,-0.193150,87.000000,87.000000,87.000000,87.000000,12.000000,12.000000,12.000000,200.000000,200.000000,0.000000,0.000000,0.000000,0.000000,0.000000,0.000000,0.000000,0.000000,0.000000
47,3.506799,2.104772,-3.551363,1.439917,1.707972,-1.857044,4.695571,1.769178,0.703799,-1.565371,-2.336752,0.844060,2.064187,2.897301,0.000071,0.000089,-0.120710,-0.246131,0.120335,0.276418,-0.169785,0.442361,-0.000001,-0.000519,0.000511,-6.966066,-3.267012,6.170659,9.139837,-0.940708,-7.881159,-0.003239,-0.008560,0.016387,-1.452732,-16.994587,-16.605236,19.423578,1.285876,1.975851,12.000000,-0.119794,-0.187392,-1.452732,-16.994587,-16.605236,19.423578,1.285876,1.975851,15.318603,-0.119794,-0.187392,87.000000,87.000000,87.000000,87.000000,12.000000,12.000000,12.000000,200.000000,200.000000,0.000000,0.000000,0.000000,0.000000,0.000000,0.000000,0.000000,0.000000,0.000000
48,3.542932,2.154115,-3.524733,1.298404,1.695571,-1.924465,4.703625,1.764074,0.701388,-1.559556,-2.330718,0.840650,2.062950,2.897300,0.000056,0.000102,-0.018224,-0.188465,0.001229,0.199452,-0.121768,-0.139029,-0.000008,0.000057,-0.000031,3.479768,0.610068,-2.146033,-3.980120,3.529647,-0.586932,0.002106,0.018401,-0.020068,0.729418,-14.756001,-16.170954,12.734536,1.210507,1.323644,12.000000,-0.086001,-0.235292,0.729418,-14.756001,-16.170954,12.734536,1.210507,1.323644,15.641119,-0.086001,-0.235292,87.000000,87.000000,87.000000,87.000000,12.000000,12.000000,12.000000,200.000000,200.000000,0.000000,0.000000,0.000000,0.000000,0.000000,0.000000,0.000000,0.000000,0.000000
49,3.546536,2.195035,-3.559449,1.252364,1.710137,-1.936035,4.727303,1.764849,0.702475,-1.559634,-2.330876,0.843602,2.057578,2.897300,0.000062,0.000097,0.187424,-0.038635,-0.222873,-0.025896,0.006788,-0.173285,-0.000003,0.000193,-0.000168,4.964535,3.445096,-5.090343,-5.944431,-1.479962,2.551858,0.001035,-0.002626,0.000657,0.352729,-13.442367,-17.129749,11.391364,0.924899,1.568716,12.000000,-0.138538,-0.184170,0.352729,-13.442367,-17.129749,11.391364,0.924899,1.568716,16.588120,-0.138538,-0.184170,87.000000,87.000000,87.000000,87.000000,12.000000,12.000000,12.000000,200.000000,200.000000,0.000000,0.000000,0.000000,0.000000,0.000000,0.000000,0.000000,0.000000,0.000000
50,3.574956,2.160686,-3.539689,1.308973,1.706095,-1.925037,4.696883,1.769195,0.704782,-1.562157,-2.335037,0.843822,2.056779,2.897300,0.000063,0.000095,0.221980,-0.074016,-0.195137,-0.057596,-0.096104,-0.040032,-0.000003,-0.000144,0.000106,0.544207,-0.816611,0.976402,-0.366801,-0.842467,0.624530,-0.000659,-0.002767,0.003345,0.795357,-15.151431,-15.861627,14.392808,1.049281,1.612267,12.000000,-0.118953,-0.194235,0.795357,-15.151431,-15.861627,14.392808,1.049281,1.612267,15.371271,-0.118953,-0.194235,87.000000,87.000000,87.000000,87.000000,12.000000,12.000000,12.000000,200.000000,200.000000,0.000000,0.000000,0.000000,0.000000,0.000000,0.000000,0.000000,0.000000,0.000000
51,3.474696,2.127788,-3.594102,1.371875,1.713609,-1.885195,4.694426,1.770118,0.705252,-1.560859,-2.336515,0.844352,2.063412,2.897300,0.000069,0.000090,0.023108,-0.133182,-0.045637,0.115455,-0.076234,0.140287,-0.000003,-0.000092,0.000074,-5.242719,-0.918505,2.752879,5.370780,-0.664117,-3.064032,-0.001019,-0.005659,0.006084,-3.093096,-16.353949,-18.434031,16.896338,1.264632,1.983435,12.000000,-0.139644,-0.176622,-3.093096,-16.353949,-18.434031,16.896338,1.264632,1.983435,15.272982,-0.139644,-0.176622,87.000000,87.000000,87.000000,87.000000,12.000000,12.000000,12.000000,200.000000,200.000000,0.000000,0.000000,0.000000,0.000000,0.000000,0.000000,0.000000,0.000000,0.000000
52,3.525993,2.158988,-3.619951,1.302583,1.722186,-1.955528,4.774675,1.770392,0.707623,-1.562982,-2.335619,0.846844,2.052767,2.897300,0.000064,0.000095,0.137860,-0.039933,-0.269631,0.061154,0.023098,-0.345793,-0.000005,0.000286,-0.000195,2.898300,0.689777,-3.873537,-2.750466,0.373548,4.866981,0.002826,0.010158,-0.009364,-0.899783,-15.448889,-19.085630,13.731873,1.216977,1.757784,12.000000,-0.127722,-0.194513,-0.899783,-15.448889,-19.085630,13.731873,1.216977,1.757784,18.483181,-0.127722,-0.194513,87.000000,87.000000,87.000000,87.000000,12.000000,12.000000,12.000000,200.000000,200.000000,0.000000,0.000000,0.000000,0.000000,0.000000,0.000000,0.000000,0.000000,0.000000
53,3.490874,2.148182,-3.560618,1.366091,1.714769,-1.918086,4.710824,1.768533,0.708510,-1.562765,-2.333769,0.847197,2.053839,2.897300,0.000071,0.000088,-0.055183,-0.130337,-0.050830,0.196186,-0.105027,0.038997,-0.000000,-0.000204,0.000139,-4.837526,-1.393494,4.375578,4.137709,-1.171313,0.376667,-0.001538,-0.010934,0.009601,-2.087425,-15.833789,-16.834934,16.159996,1.129071,1.904037,12.000000,-0.144241,-0.172673,-2.087425,-15.833789,-16.834934,16.159996,1.129071,1.904037,15.928873,-0.144241,-0.172673,87.000000,87.000000,87.000000,87.000000,12.000000,12.000000,12.000000,200.000000,200.000000,0.000000,0.000000,0.000000,0.000000,0.000000,0.000000,0.000000,0.000000,0.000000
54,3.569221,2.183911,-3.591715,1.295167,1.727379,-1.944704,4.785350,1.768125,0.710669,-1.564839,-2.332522,0.850304,2.050540,2.897300,0.000065,0.000093,0.155109,-0.035519,-0.283371,0.044919,0.015444,-0.137225,-0.000004,0.000010,0.000000,5.237363,1.594214,-5.054904,-4.179574,-1.114750,1.497542,0.001421,0.006360,-0.006149,1.100231,-14.655437,-17.840374,13.148120,1.079463,1.625109,12.000000,-0.118575,-0.198073,1.100231,-14.655437,-17.840374,13.148120,1.079463,1.625109,18.910059,-0.118575,-0.198073,87.000000,87.000000,87.000000,87.000000,12.000000,12.000000,12.000000,200.000000,200.000000,0.000000,0.000000,0.000000,0.000000,0.000000,0.000000,0.000000,0.000000,0.000000
55,3.553223,2.130635,-3.547943,1.332004,1.723983,-1.923420,4.704732,1.769641,0.710617,-1.566662,-2.333217,0.851039,2.053764,2.897301,0.000062,0.000095,0.102753,-0.193554,-0.129847,0.073171,-0.087613,0.060846,-0.000002,-0.000295,0.000254,-1.372156,-3.667912,3.442378,1.255166,-1.039562,-1.569964,-0.001092,-0.000724,0.002287,0.098260,-16.664780,-15.862666,14.913903,1.153563,1.523631,12.000000,-0.104942,-0.205371,0.098260,-16.664780,-15.862666,14.913903,1.153563,1.523631,15.685171,-0.104942,-0.205371,87.000000,87.000000,87.000000,87.000000,12.000000,12.000000,12.000000,200.000000,200.000000,0.000000,0.000000,0.000000,0.000000,0.000000,0.000000,0.000000,0.000000,0.000000
56,3.556455,2.184957,-3.601643,1.313323,1.725165,-1.940241,4.763974,1.772098,0.710625,-1.569520,-2.333932,0.851693,2.050830,2.897300,0.000063,0.000095,0.186482,-0.095746,-0.264932,0.032395,-0.051265,-0.125648,-0.000004,0.000109,-0.000083,1.930247,1.934273,-2.548308,-1.375450,0.127225,1.466833,0.000971,0.001548,-0.002746,-0.001086,-14.430960,-17.768053,14.180539,1.126910,1.748300,12.000000,-0.128208,-0.191820,-0.001086,-14.430960,-17.768053,14.180539,1.126910,1.748300,18.055004,-0.128208,-0.191820,87.000000,87.000000,87.000000,87.000000,12.000000,12.000000,12.000000,200.000000,200.000000,0.000000,0.000000,0.000000,0.000000,0.000000,0.000000,0.000000,0.000000,0.000000
57,3.570065,2.196391,-3.586993,1.334267,1.726303,-1.925810,4.759790,1.775715,0.712518,-1.573702,-2.335246,0.852614,2.051915,2.897300,0.000067,0.000092,0.181905,-0.053289,-0.253706,0.052478,-0.071136,0.009573,-0.000000,-0.000094,0.000069,-0.522365,1.254704,0.400804,1.133028,-1.046311,0.055405,-0.000440,-0.005074,0.004711,0.124843,-14.277987,-16.706984,15.213045,1.079221,1.803438,12.000000,-0.132780,-0.183295,0.124843,-14.277987,-16.706984,15.213045,1.079221,1.803438,17.887583,-0.132780,-0.183295,87.000000,87.000000,87.000000,87.000000,12.000000,12.000000,12.000000,200.000000,200.000000,0.000000,0.000000,0.000000,0.000000,0.000000,0.000000,0.000000,0.000000,0.000000
58,3.565368,2.148989,-3.549694,1.322488,1.725553,-1.899178,4.719914,1.777648,0.712243,-1.573952,-2.335691,0.852500,2.060547,2.897301,0.000062,0.000096,0.103601,-0.186972,-0.076359,0.087314,-0.101792,0.183321,-0.000004,-0.000341,0.000313,-2.086150,-2.816177,3.782158,1.626200,-0.577906,-4.537016,-0.001337,0.001665,0.001658,-0.099923,-16.030073,-15.471873,14.713589,1.163481,1.453530,12.000000,-0.098513,-0.210665,-0.099923,-16.030073,-15.471873,14.713589,1.163481,1.453530,16.292463,-0.098513,-0.210665,87.000000,87.000000,87.000000,87.000000,12.000000,12.000000,12.000000,200.000000,200.000000,0.000000,0.000000,0.000000,0.000000,0.000000,0.000000,0.000000,0.000000,0.000000
59,3.498046,2.165298,-3.579400,1.302904,1.706197,-1.921614,4.700927,1.776199,0.710674,-1.571152,-2.333910,0.847801,2.059676,2.897300,0.000063,0.000096,-0.004977,-0.174232,-0.020921,0.134881,-0.185435,-0.085848,-0.000004,0.000097,-0.000071,-2.432487,0.155857,1.806787,0.024481,3.155964,0.059573,0.000585,0.004400,-0.004946,-2.407958,-15.115603,-17.144619,13.570211,1.207211,1.599100,12.000000,-0.122966,-0.196727,-2.407958,-15.115603,-17.144619,13.570211,1.207211,1.599100,15.533084,-0.122966,-0.196727,87.000000,87.000000,87.000000,87.000000,12.000000,12.000000,12.000000,200.000000,200.000000,0.000000,0.000000,0.000000,0.000000,0.000000,0.000000,0.000000,0.000000,0.000000
60,3.528434,2.192091,-3.625472,1.299939,1.711264,-1.954511,4.755530,1.775178,0.712015,-1.571378,-2.333115,0.846594,2.050171,2.897300,0.000067,0.000093,0.089263,-0.045481,-0.206715,0.056677,-0.080666,-0.282507,-0.000002,0.000250,-0.000198,2.407653,2.497701,-3.810321,-2.821059,1.435263,4.797404,0.001630,-0.000052,-0.000818,-1.082344,-14.358530,-18.799330,13.431865,1.134508,1.838228,12.000000,-0.146895,-0.176499,-1.082344,-14.358530,-18.799330,13.431865,1.134508,1.838228,17.717306,-0.146895,-0.176499,87.000000,87.000000,87.000000,87.000000,12.000000,12.000000,12.000000,200.000000,200.000000,0.000000,0.000000,0.000000,0.000000,0.000000,0.000000,0.000000,0.000000,0.000000
61,3.503893,2.111052,-3.552707,1.378891,1.702189,-1.908069,4.682677,1.771453,0.710163,-1.567401,-2.331307,0.843476,2.055625,2.897300,0.000068,0.000091,-0.113446,-0.261021,0.086496,0.202416,-0.187851,0.140829,-0.000003,-0.000379,0.000313,-4.821167,-4.239968,5.628846,4.525219,0.629853,-2.374618,-0.002310,-0.004765,0.007380,-1.643940,-17.266500,-16.441389,16.479630,1.245541,1.734449,12.000000,-0.117404,-0.192070,-1.643940,-17.266500,-16.441389,16.479630,1.245541,1.734449,14.802942,-0.117404,-0.192070,87.000000,87.000000,87.000000,87.000000,12.000000,12.000000,12.000000,200.000000,200.000000,0.000000,0.000000,0.000000,0.000000,0.000000,0.000000,0.000000,0.000000,0.000000
62,3.616069,2.162762,-3.547809,1.291137,1.713189,-1.937768,4.738477,1.770163,0.707043,-1.564618,-2.330649,0.844801,2.054525,2.897300,0.000057,0.000101,0.158466,-0.208935,-0.137756,0.008680,-0.017532,-0.103354,-0.000008,-0.000034,0.000063,7.233723,0.756703,-5.235462,-5.432638,0.114880,-0.508321,0.001205,0.012740,-0.011194,2.916574,-14.798213,-16.500450,12.860952,1.110283,1.378405,12.000000,-0.090471,-0.224205,2.916574,-14.798213,-16.500450,12.860952,1.110283,1.378405,17.035101,-0.090471,-0.224205,87.000000,87.000000,87.000000,87.000000,12.000000,12.000000,12.000000,200.000000,200.000000,0.000000,0.000000,0.000000,0.000000,0.000000,0.000000,0.000000,0.000000,0.000000
63,3.562938,2.170491,-3.594065,1.296943,1.728220,-1.959752,4.738495,1.774680,0.706245,-1.567671,-2.334081,0.849290,2.046745,2.897300,0.000061,0.000098,0.249313,-0.129185,-0.265013,-0.058048,0.043179,-0.241456,-0.000005,0.000252,-0.000176,1.938692,1.303917,-2.165834,-1.904272,-1.833093,3.639887,0.001462,0.001008,-0.001227,-0.114974,-14.606622,-17.591560,13.747209,1.078307,1.728712,12.000000,-0.134947,-0.188720,-0.114974,-14.606622,-17.591560,13.747209,1.078307,1.728712,17.035887,-0.134947,-0.188720,87.000000,87.000000,87.000000,87.000000,12.000000,12.000000,12.000000,200.000000,200.000000,0.000000,0.000000,0.000000,0.000000,0.000000,0.000000,0.000000,0.000000,0.000000
64,3.523407,2.182190,-3.622516,1.357991,1.729140,-1.904902,4.755678,1.778645,0.707105,-1.570932,-2.337262,0.852179,2.052282,2.897300,0.000075,0.000085,0.149798,-0.064601,-0.227567,0.041520,-0.049147,0.148406,0.000002,-0.000101,0.000035,-3.209482,2.637599,0.064320,4.085547,-2.947471,-1.484463,-0.000973,-0.015928,0.013303,-2.045389,-14.305283,-18.436432,16.521484,1.054996,2.157868,12.000000,-0.166592,-0.154159,-2.045389,-14.305283,-18.436432,16.521484,1.054996,2.157868,17.723049,-0.166592,-0.154159,87.000000,87.000000,87.000000,87.000000,12.000000,12.000000,12.000000,200.000000,200.000000,0.000000,0.000000,0.000000,0.000000,0.000000,0.000000,0.000000,0.000000,0.000000
65,3.479616,2.163057,-3.626878,1.307688,1.726124,-1.941256,4.724141,1.778468,0.709958,-1.573815,-2.336659,0.852023,2.049900,2.897300,0.000071,0.000088,0.021378,-0.044374,-0.198664,0.114157,-0.070748,-0.120713,-0.000005,0.000018,-0.000021,-3.352770,-0.239004,1.580581,1.035220,0.881916,1.143721,0.001024,0.003584,-0.004154,-3.449986,-15.516239,-18.369886,14.094199,1.233630,1.750260,12.000000,-0.135443,-0.183229,-3.449986,-15.516239,-18.369886,14.094199,1.233630,1.750260,16.461670,-0.135443,-0.183229,87.000000,87.000000,87.000000,87.000000,12.000000,12.000000,12.000000,200.000000,200.000000,0.000000,0.000000,0.000000,0.000000,0.000000,0.000000,0.000000,0.000000,0.000000
66,3.517023,2.131904,-3.576367,1.286186,1.710961,-1.960978,4.689147,1.775373,0.710270,-1.574031,-2.335528,0.848752,2.045452,2.897300,0.000065,0.000093,-0.030459,-0.179964,-0.094836,0.091183,-0.163852,-0.146143,-0.000004,-0.000171,0.000156,-1.011925,-3.700626,2.832704,-1.363499,1.865822,1.987127,-0.000007,0.004159,-0.002704,-1.433738,-16.625051,-16.536663,13.067430,1.189687,1.438406,12.000000,-0.109841,-0.202641,-1.433738,-16.625051,-16.536663,13.067430,1.189687,1.438406,15.061851,-0.109841,-0.202641,87.000000,87.000000,87.000000,87.000000,12.000000,12.000000,12.000000,200.000000,200.000000,0.000000,0.000000,0.000000,0.000000,0.000000,0.000000,0.000000,0.000000,0.000000
67,3.512103,2.142882,-3.551945,1.367804,1.705370,-1.899548,4.698892,1.769129,0.706430,-1.568448,-2.333599,0.845612,2.054935,2.897300,0.000068,0.000090,-0.155663,-0.260436,0.082830,0.187484,-0.179708,0.230096,-0.000003,-0.000327,0.000281,-2.812443,-0.521141,2.464846,3.389971,0.666368,-4.420076,-0.002156,-0.006301,0.007470,-0.902869,-15.483976,-16.497908,16.193747,1.183808,1.774618,12.000000,-0.123779,-0.188946,-0.902869,-15.483976,-16.497908,16.193747,1.183808,1.774618,15.451527,-0.123779,-0.188946,87.000000,87.000000,87.000000,87.000000,12.000000,12.000000,12.000000,200.000000,200.000000,0.000000,0.000000,0.000000,0.000000,0.000000,0.000000,0.000000,0.000000,0.000000
68,3.544771,2.144010,-3.510269,1.314329,1.701349,-1.915854,4.689785,1.762116,0.701792,-1.561220,-2.330641,0.843005,2.059273,2.897300,0.000058,0.000099,-0.095009,-0.271358,0.073476,0.133664,-0.126779,0.033689,-0.000007,-0.000156,0.000154,2.347236,-0.077832,-0.719280,-2.134115,1.998022,-3.171737,0.000276,0.010349,-0.008700,1.099187,-15.012087,-15.569307,13.645675,1.174043,1.360340,12.000000,-0.089481,-0.222739,1.099187,-15.012087,-15.569307,13.645675,1.174043,1.360340,15.087383,-0.089481,-0.222739,87.000000,87.000000,87.000000,87.000000,12.000000,12.000000,12.000000,200.000000,200.000000,0.000000,0.000000,0.000000,0.000000,0.000000,0.000000,0.000000,0.000000,0.000000
69,3.593084,2.183785,-3.552883,1.332008,1.710076,-1.925213,4.769744,1.760898,0.700234,-1.559508,-2.330893,0.844200,2.057203,2.897300,0.000060,0.000099,0.147828,-0.113310,-0.186059,0.017361,-0.034498,-0.103685,-0.000004,0.000109,-0.000079,6.334519,3.765316,-6.210461,-3.116685,-0.300943,0.934596,0.000847,0.001260,-0.002383,2.713917,-13.496159,-17.038759,14.624683,1.051877,1.752585,12.000000,-0.122245,-0.197805,2.713917,-13.496159,-17.038759,14.624683,1.051877,1.752585,18.285765,-0.122245,-0.197805,87.000000,87.000000,87.000000,87.000000,12.000000,12.000000,12.000000,200.000000,200.000000,0.000000,0.000000,0.000000,0.000000,0.000000,0.000000,0.000000,0.000000,0.000000
70,3.589758,2.193754,-3.538000,1.302384,1.711150,-1.938900,4.729043,1.765434,0.702581,-1.563236,-2.334305,0.845507,2.053486,2.897300,0.000061,0.000097,0.259754,-0.026221,-0.269894,-0.057543,-0.051218,-0.126960,-0.000001,0.000018,-0.000020,2.447994,1.890172,-1.178548,-1.818253,-0.905584,2.045334,0.000597,-0.001624,0.001094,1.697150,-13.624727,-15.633383,13.986651,0.997667,1.631021,12.000000,-0.123616,-0.193395,1.697150,-13.624727,-15.633383,13.986651,0.997667,1.631021,16.657721,-0.123616,-0.193395,87.000000,87.000000,87.000000,87.000000,12.000000,12.000000,12.000000,200.000000,200.000000,0.000000,0.000000,0.000000,0.000000,0.000000,0.000000,0.000000,0.000000,0.000000
71,3.474851,2.131427,-3.589812,1.398071,1.707639,-1.900755,4.699261,1.766711,0.704309,-1.563399,-2.334664,0.843959,2.057611,2.897300,0.000069,0.000090,0.016567,-0.101435,-0.064209,0.169166,-0.137559,0.092068,-0.000002,-0.000103,0.000082,-6.286125,-1.293379,4.327036,6.536705,0.251207,-1.328520,-0.001287,-0.008063,0.008692,-2.857314,-16.239670,-17.919071,17.719110,1.271524,2.055079,12.000000,-0.142103,-0.173979,-2.857314,-16.239670,-17.919071,17.719110,1.271524,2.055079,15.466345,-0.142103,-0.173979,87.000000,87.000000,87.000000,87.000000,12.000000,12.000000,12.000000,200.000000,200.000000,0.000000,0.000000,0.000000,0.000000,0.000000,0.000000,0.000000,0.000000,0.000000
72,3.569719,2.146443,-3.585816,1.267209,1.716203,-1.964109,4.723945,1.768670,0.706067,-1.565783,-2.334461,0.845502,2.049515,2.897300,0.000058,0.000100,0.227757,-0.089761,-0.273696,-0.004213,-0.005183,-0.279941,-0.000007,0.000097,-0.000047,5.289500,-1.203246,-3.673810,-5.446037,0.429486,3.179020,0.002192,0.013215,-0.012233,0.885334,-15.802279,-17.475246,12.242667,1.162208,1.405760,12.000000,-0.100018,-0.217497,0.885334,-15.802279,-17.475246,12.242667,1.162208,1.405760,16.453936,-0.100018,-0.217497,87.000000,87.000000,87.000000,87.000000,12.000000,12.000000,12.000000,200.000000,200.000000,0.000000,0.000000,0.000000,0.000000,0.000000,0.000000,0.000000,0.000000,0.000000
73,3.538853,2.166679,-3.594558,1.322900,1.720616,-1.917695,4.707320,1.773212,0.707033,-1.569387,-2.337480,0.848168,2.052449,2.897300,0.000068,0.000091,0.196535,-0.094545,-0.232888,0.005703,-0.044671,0.075808,-0.000000,-0.000105,0.000057,-1.410769,0.528236,0.471757,1.561049,-2.608483,-0.713847,-0.001256,-0.011525,0.009167,-1.014022,-14.960519,-17.404964,15.086408,1.043805,1.869847,12.000000,-0.145575,-0.173551,-1.014022,-14.960519,-17.404964,15.086408,1.043805,1.869847,15.788701,-0.145575,-0.173551,87.000000,87.000000,87.000000,87.000000,12.000000,12.000000,12.000000,200.000000,200.000000,0.000000,0.000000,0.000000,0.000000,0.000000,0.000000,0.000000,0.000000,0.000000
74,3.520442,2.151128,-3.573607,1.338811,1.722967,-1.881503,4.704488,1.774508,0.706837,-1.569410,-2.338318,0.849460,2.063485,2.897300,0.000069,0.000091,0.059732,-0.148871,-0.086110,0.104911,-0.068327,0.242404,-0.000003,-0.000258,0.000235,-3.693189,-0.632936,2.768969,3.499355,-1.337009,-5.404771,-0.001405,-0.001516,0.004580,-1.622656,-15.489373,-16.821800,15.637735,1.169798,1.719152,12.000000,-0.121064,-0.190644,-1.622656,-15.489373,-16.821800,15.637735,1.169798,1.719152,15.675406,-0.121064,-0.190644,87.000000,87.000000,87.000000,87.000000,12.000000,12.000000,12.000000,200.000000,200.000000,0.000000,0.000000,0.000000,0.000000,0.000000,0.000000,0.000000,0.000000,0.000000
75,3.580663,2.162505,-3.592675,1.290871,1.723285,-1.941483,4.769988,1.776298,0.707589,-1.571640,-2.338144,0.850022,2.057382,2.897300,0.000059,0.000100,0.190984,-0.105398,-0.248450,0.035413,-0.034587,-0.238896,-0.000008,0.000120,-0.000072,3.411258,-0.285524,-2.401410,-3.049920,1.104333,2.334008,0.002086,0.012411,-0.012329,0.702514,-15.187969,-17.273939,13.515303,1.199514,1.521284,12.000000,-0.103449,-0.215315,0.702514,-15.187969,-17.273939,13.515303,1.199514,1.521284,18.295631,-0.103449,-0.215315,87.000000,87.000000,87.000000,87.000000,12.000000,12.000000,12.000000,200.000000,200.000000,0.000000,0.000000,0.000000,0.000000,0.000000,0.000000,0.000000,0.000000,0.000000
76,3.571300,2.168494,-3.587483,1.335177,1.724935,-1.904757,4.743688,1.779678,0.707734,-1.574109,-2.339389,0.851392,2.059917,2.897300,0.000066,0.000093,0.168229,-0.126276,-0.192995,0.063718,-0.069924,0.060577,-0.000002,-0.000131,0.000090,-0.940466,0.073130,0.850647,1.757538,-1.665667,-0.638361,-0.001185,-0.008892,0.007586,-0.131794,-14.886065,-16.827663,15.586481,1.079897,1.832767,12.000000,-0.134826,-0.182241,-0.131794,-14.886065,-16.827663,15.586481,1.079897,1.832767,17.243427,-0.134826,-0.182241,87.000000,87.000000,87.000000,87.000000,12.000000,12.000000,12.000000,200.000000,200.000000,0.000000,0.000000,0.000000,0.000000,0.000000,0.000000,0.000000,0.000000,0.000000
77,3.526917,2.193736,-3.611845,1.273233,1.723607,-1.942150,4.740091,1.782073,0.709845,-1.577390,-2.339806,0.851600,2.054215,2.897300,0.000066,0.000093,0.137901,-0.039084,-0.236785,0.045248,-0.057805,-0.199693,-0.000003,0.000162,-0.000133,-1.006774,1.420984,0.120701,-1.319886,0.628421,2.738031,0.001407,0.002520,-0.003382,-2.021405,-14.199100,-17.465759,13.015317,1.118504,1.670280,12.000000,-0.135977,-0.184687,-2.021405,-14.199100,-17.465759,13.015317,1.118504,1.670280,17.099733,-0.135977,-0.184687,87.000000,87.000000,87.000000,87.000000,12.000000,12.000000,12.000000,200.000000,200.000000,0.000000,0.000000,0.000000,0.000000,0.000000,0.000000,0.000000,0.000000,0.000000
78,3.510822,2.155098,-3.614911,1.337996,1.723664,-1.938134,4.755294,1.781220,0.711611,-1.578349,-2.338866,0.851227,2.050609,2.897300,0.000069,0.000090,-0.003860,-0.103941,-0.114011,0.147462,-0.093621,-0.108375,-0.000001,-0.000043,0.000026,-3.584320,-1.692801,2.981850,2.577997,0.189081,2.170919,-0.000181,-0.003170,0.002915,-2.368395,-15.892467,-17.672031,15.481790,1.216252,1.849858,12.000000,-0.137117,-0.179765,-2.368395,-15.892467,-17.672031,15.481790,1.216252,1.849858,17.707722,-0.137117,-0.179765,87.000000,87.000000,87.000000,87.000000,12.000000,12.000000,12.000000,200.000000,200.000000,0.000000,0.000000,0.000000,0.000000,0.000000,0.000000,0.000000,0.000000,0.000000
79,3.551268,2.124539,-3.523805,1.357670,1.702431,-1.891987,4.682467,1.775829,0.708027,-1.571882,-2.335147,0.846347,2.060898,2.897301,0.000065,0.000093,-0.126320,-0.301869,0.143051,0.232009,-0.234616,0.246940,-0.000004,-0.000503,0.000464,-2.537071,-3.518800,4.567627,2.715032,1.468060,-5.054564,-0.002619,-0.000810,0.006258,0.064575,-16.407154,-15.136604,15.754757,1.196570,1.519166,12.000000,-0.097588,-0.208393,0.064575,-16.407154,-15.136604,15.754757,1.196570,1.519166,14.794458,-0.097588,-0.208393,87.000000,87.000000,87.000000,87.000000,12.000000,12.000000,12.000000,200.000000,200.000000,0.000000,0.000000,0.000000,0.000000,0.000000,0.000000,0.000000,0.000000,0.000000
80,3.511418,2.147156,-3.541668,1.279053,1.698889,-1.918335,4.688497,1.769396,0.702918,-1.563587,-2.331218,0.842757,2.061951,2.897300,0.000059,0.000099,-0.086745,-0.271427,0.091285,0.141241,-0.136219,-0.057206,-0.000008,0.000051,-0.000018,1.767920,0.718020,-1.508429,-3.594391,2.941716,-1.716873,0.000898,0.010600,-0.010736,-0.872219,-14.930361,-16.728395,12.176844,1.177036,1.369782,12.000000,-0.103981,-0.215175,-0.872219,-14.930361,-16.728395,12.176844,1.177036,1.369782,15.035872,-0.103981,-0.215175,87.000000,87.000000,87.000000,87.000000,12.000000,12.000000,12.000000,200.000000,200.000000,0.000000,0.000000,0.000000,0.000000,0.000000,0.000000,0.000000,0.000000,0.000000
81,3.569332,2.174224,-3.572394,1.302999,1.714101,-1.912948,4.751399,1.768021,0.700786,-1.560744,-2.332137,0.845132,2.061322,2.897300,0.000064,0.000095,0.130527,-0.136260,-0.151974,-0.013331,-0.010828,-0.057070,-0.000003,0.000088,-0.000081,5.543118,3.497757,-6.334758,-3.718332,-1.264034,0.151699,0.000477,-0.002015,0.000339,1.194927,-13.877296,-17.817713,13.611073,1.018591,1.746019,12.000000,-0.133954,-0.187132,1.194927,-13.877296,-17.817713,13.611073,1.018591,1.746019,17.551960,-0.133954,-0.187132,87.000000,87.000000,87.000000,87.000000,12.000000,12.000000,12.000000,200.000000,200.000000,0.000000,0.000000,0.000000,0.000000,0.000000,0.000000,0.000000,0.000000,0.000000
82,3.525629,2.171696,-3.603750,1.332509,1.727202,-1.919496,4.750153,1.770148,0.702691,-1.563479,-2.334815,0.849086,2.058372,2.897300,0.000069,0.000091,0.148085,-0.033857,-0.251153,0.004919,0.021017,-0.110862,-0.000001,0.000131,-0.000121,0.054617,2.212870,-1.972124,0.667119,-1.935342,1.793044,0.000781,-0.003072,0.002167,-1.085439,-14.477011,-18.337734,15.208875,1.102964,1.956741,12.000000,-0.147930,-0.172425,-1.085439,-14.477011,-18.337734,15.208875,1.102964,1.956741,17.502115,-0.147930,-0.172425,87.000000,87.000000,87.000000,87.000000,12.000000,12.000000,12.000000,200.000000,200.000000,0.000000,0.000000,0.000000,0.000000,0.000000,0.000000,0.000000,0.000000,0.000000
83,3.528267,2.155116,-3.535003,1.393455,1.700776,-1.898675,4.692556,1.768628,0.704263,-1.562880,-2.333524,0.845001,2.061760,2.897300,0.000070,0.000089,-0.039293,-0.100758,-0.034537,0.197044,-0.213682,0.076576,-0.000001,-0.000279,0.000240,-4.469761,-0.911052,4.774077,5.088179,1.358619,-0.808403,-0.001488,-0.005306,0.007591,-0.621732,-15.268715,-15.821760,17.286459,1.177171,1.877389,12.000000,-0.128220,-0.183643,-0.621732,-15.268715,-15.821760,17.286459,1.177171,1.877389,15.198117,-0.128220,-0.183643,87.000000,87.000000,87.000000,87.000000,12.000000,12.000000,12.000000,200.000000,200.000000,0.000000,0.000000,0.000000,0.000000,0.000000,0.000000,0.000000,0.000000,0.000000
84,3.553476,2.166695,-3.558216,1.286420,1.693121,-1.951332,4.709506,1.767187,0.706437,-1.562812,-2.331248,0.840801,2.054340,2.897300,0.000061,0.000097,0.098907,-0.059823,-0.175093,0.075889,-0.150413,-0.251668,-0.000006,0.000046,-0.000020,3.765093,0.009916,-2.293058,-4.433032,3.207264,3.246538,0.001588,0.009609,-0.010157,0.609173,-15.032751,-16.791395,12.599667,1.158105,1.461032,12.000000,-0.108623,-0.209966,0.609173,-15.032751,-16.791395,12.599667,1.158105,1.461032,15.876346,-0.108623,-0.209966,87.000000,87.000000,87.000000,87.000000,12.000000,12.000000,12.000000,200.000000,200.000000,0.000000,0.000000,0.000000,0.000000,0.000000,0.000000,0.000000,0.000000,0.000000
85,3.548588,2.157152,-3.598151,1.303130,1.714542,-1.939761,4.750293,1.769948,0.708824,-1.565942,-2.333432,0.843703,2.051028,2.897300,0.000064,0.000094,0.199898,-0.063093,-0.262390,-0.022612,-0.001281,-0.104364,-0.000001,0.000009,-0.000014,2.082922,-0.398533,-2.022075,-1.817751,-1.753347,1.705340,0.000254,-0.002589,0.001556,-0.171173,-15.619988,-17.890978,13.853731,1.097951,1.714599,12.000000,-0.131183,-0.187048,-0.171173,-15.619988,-17.890978,13.853731,1.097951,1.714599,17.507708,-0.131183,-0.187048,87.000000,87.000000,87.000000,87.000000,12.000000,12.000000,12.000000,200.000000,200.000000,0.000000,0.000000,0.000000,0.000000,0.000000,0.000000,0.000000,0.000000,0.000000
86,3.552071,2.130248,-3.605996,1.336247,1.734607,-1.924674,4.743774,1.774074,0.709452,-1.569730,-2.336605,0.849539,2.052597,2.897300,0.000064,0.000094,0.197666,-0.149328,-0.238705,0.002720,0.057299,0.006815,-0.000004,-0.000078,0.000062,-0.506980,-2.408975,0.557488,1.591677,-3.228953,-0.889484,-0.000058,0.001286,-0.000698,-0.504982,-16.632246,-17.815481,15.560263,1.191581,1.747129,12.000000,-0.119093,-0.195217,-0.504982,-16.632246,-17.815481,15.560263,1.191581,1.747129,17.246964,-0.119093,-0.195217,87.000000,87.000000,87.000000,87.000000,12.000000,12.000000,12.000000,200.000000,200.000000,0.000000,0.000000,0.000000,0.000000,0.000000,0.000000,0.000000,0.000000,0.000000
87,3.508989,2.161212,-3.615107,1.330839,1.734672,-1.936047,4.755949,1.776047,0.709276,-1.572698,-2.337198,0.852962,2.050464,2.897300,0.000067,0.000092,0.094138,-0.131558,-0.202590,0.093316,0.001050,-0.096437,-0.000004,0.000086,-0.000071,-2.825799,0.122937,1.372926,2.116110,-1.431372,1.217471,0.000478,-0.001718,0.000890,-2.244187,-15.282589,-17.990391,15.180541,1.174712,1.855233,12.000000,-0.140359,-0.179314,-2.244187,-15.282589,-17.990391,15.180541,1.174712,1.855233,17.733965,-0.140359,-0.179314,87.000000,87.000000,87.000000,87.000000,12.000000,12.000000,12.000000,200.000000,200.000000,0.000000,0.000000,0.000000,0.000000,0.000000,0.000000,0.000000,0.000000,0.000000
88,3.510982,2.162627,-3.568580,1.327158,1.734203,-1.920900,4.743821,1.774011,0.708275,-1.571922,-2.335512,0.855010,2.053435,2.897300,0.000069,0.000090,-0.033047,-0.168605,-0.060424,0.157567,-0.046150,0.050580,-0.000003,-0.000160,0.000126,-3.150458,-0.401238,2.903926,1.897186,-1.422088,-1.301998,-0.000726,-0.003024,0.003373,-1.682914,-15.078657,-16.480471,14.715119,1.114321,1.691682,12.000000,-0.129661,-0.184886,-1.682914,-15.078657,-16.480471,14.715119,1.114321,1.691682,17.248785,-0.129661,-0.184886,87.000000,87.000000,87.000000,87.000000,12.000000,12.000000,12.000000,200.000000,200.000000,0.000000,0.000000,0.000000,0.000000,0.000000,0.000000,0.000000,0.000000,0.000000
89,3.552580,2.158302,-3.586580,1.285254,1.725839,-1.980512,4.748278,1.772184,0.707808,-1.572463,-2.333854,0.853909,2.042927,2.897300,0.000061,0.000098,0.076253,-0.149597,-0.184227,0.067410,-0.084954,-0.329487,-0.000005,0.000118,-0.000042,3.157267,-0.664527,-1.715560,-3.944346,1.780110,4.746378,0.001998,0.010605,-0.008115,0.199348,-15.278079,-17.095814,12.810926,1.163837,1.498207,12.000000,-0.110428,-0.206984,0.199348,-15.278079,-17.095814,12.810926,1.163837,1.498207,17.427233,-0.110428,-0.206984,87.000000,87.000000,87.000000,87.000000,12.000000,12.000000,12.000000,200.000000,200.000000,0.000000,0.000000,0.000000,0.000000,0.000000,0.000000,0.000000,0.000000,0.000000
90,3.572226,2.192684,-3.571648,1.341562,1.739970,-1.915933,4.774170,1.772738,0.707390,-1.573068,-2.335293,0.857328,2.049215,2.897300,0.000069,0.000090,0.102926,-0.111246,-0.158830,0.048502,-0.025186,0.169372,0.000001,-0.000223,0.000151,0.288070,2.178904,-0.718027,1.302981,-3.284537,-2.360799,-0.001762,-0.011395,0.008941,0.705293,-13.810678,-16.459391,15.528082,0.995070,1.856091,12.000000,-0.140259,-0.177879,0.705293,-13.810678,-16.459391,15.528082,0.995070,1.856091,18.462671,-0.140259,-0.177879,87.000000,87.000000,87.000000,87.000000,12.000000,12.000000,12.000000,200.000000,200.000000,0.000000,0.000000,0.000000,0.000000,0.000000,0.000000,0.000000,0.000000,0.000000
91,3.535826,2.148898,-3.526299,1.347619,1.705563,-1.904908,4.670016,1.770517,0.705847,-1.569775,-2.333817,0.850472,2.057607,2.897300,0.000065,0.000094,-0.040809,-0.205402,0.040961,0.165661,-0.277142,0.168218,-0.000004,-0.000339,0.000326,-3.182137,-1.564494,4.432770,2.617720,3.100372,-4.123261,-0.001525,0.002767,0.001905,-0.391839,-15.402879,-15.143262,15.417573,1.201025,1.523746,12.000000,-0.101421,-0.207691,-0.391839,-15.402879,-15.143262,15.417573,1.201025,1.523746,14.296558,-0.101421,-0.207691,87.000000,87.000000,87.000000,87.000000,12.000000,12.000000,12.000000,200.000000,200.000000,0.000000,0.000000,0.000000,0.000000,0.000000,0.000000,0.000000,0.000000,0.000000
92,3.566324,2.194913,-3.543320,1.316322,1.689173,-1.919899,4.714627,1.768170,0.705473,-1.566130,-2.331678,0.842968,2.058558,2.897300,0.000062,0.000096,0.055092,-0.094783,-0.065158,0.105725,-0.244940,-0.035323,-0.000004,-0.000007,0.000017,2.835174,2.821128,-2.419290,-2.309849,4.300513,-0.653734,0.000382,0.004742,-0.005303,1.107218,-13.574117,-16.229134,13.871297,1.136952,1.583650,12.000000,-0.114510,-0.204248,1.107218,-13.574117,-16.229134,13.871297,1.136952,1.583650,16.081068,-0.114510,-0.204248,87.000000,87.000000,87.000000,87.000000,12.000000,12.000000,12.000000,200.000000,200.000000,0.000000,0.000000,0.000000,0.000000,0.000000,0.000000,0.000000,0.000000,0.000000
93,3.579612,2.181199,-3.550007,1.301458,1.688124,-1.953191,4.724723,1.769523,0.707798,-1.566080,-2.332059,0.838590,2.051614,2.897300,0.000059,0.000099,0.170349,-0.049777,-0.158191,0.018318,-0.160469,-0.226005,-0.000005,0.000084,-0.000060,2.989242,0.427503,-1.307090,-2.973049,2.899082,3.124076,0.001042,0.005134,-0.005196,1.233508,-14.564612,-16.190701,13.501908,1.143157,1.531948,12.000000,-0.113719,-0.204091,1.233508,-14.564612,-16.190701,13.501908,1.143157,1.531948,16.484943,-0.113719,-0.204091,87.000000,87.000000,87.000000,87.000000,12.000000,12.000000,12.000000,200.000000,200.000000,0.000000,0.000000,0.000000,0.000000,0.000000,0.000000,0.000000,0.000000,0.000000
94,3.478630,2.117051,-3.592537,1.320192,1.703146,-1.947391,4.677052,1.770296,0.708334,-1.564567,-2.333242,0.839119,2.047793,2.897300,0.000063,0.000095,0.053257,-0.162644,-0.044357,0.061040,-0.055440,-0.125306,-0.000006,0.000058,-0.000049,-3.073497,-3.014027,2.580672,1.289885,-0.050590,1.540818,0.000057,-0.002057,0.001736,-2.904272,-17.070621,-18.090191,14.477472,1.250445,1.715226,12.000000,-0.132227,-0.186316,-2.904272,-17.070621,-18.090191,14.477472,1.250445,1.715226,14.578082,-0.132227,-0.186316,87.000000,87.000000,87.000000,87.000000,12.000000,12.000000,12.000000,200.000000,200.000000,0.000000,0.000000,0.000000,0.000000,0.000000,0.000000,0.000000,0.000000,0.000000
95,3.519774,2.170840,-3.616612,1.317157,1.706379,-1.933101,4.728864,1.770819,0.708766,-1.564158,-2.334816,0.841191,2.047890,2.897300,0.000070,0.000089,0.121207,-0.080720,-0.182479,0.015365,-0.037499,-0.021952,-0.000002,0.000026,-0.000044,1.458257,2.261649,-3.767622,-0.668811,-1.502795,0.356237,-0.000101,-0.006602,0.004590,-1.219987,-14.869009,-19.083647,14.490605,1.081665,1.936033,12.000000,-0.150502,-0.170260,-1.219987,-14.869009,-19.083647,14.490605,1.081665,1.936033,16.650562,-0.150502,-0.170260,87.000000,87.000000,87.000000,87.000000,12.000000,12.000000,12.000000,200.000000,200.000000,0.000000,0.000000,0.000000,0.000000,0.000000,0.000000,0.000000,0.000000,0.000000
96,3.500993,2.162024,-3.595421,1.380419,1.717962,-1.875656,4.741115,1.769906,0.709941,-1.563425,-2.334989,0.844538,2.060519,2.897300,0.000076,0.000084,-0.002020,-0.082867,-0.095127,0.145115,-0.024703,0.301569,-0.000002,-0.000243,0.000220,-3.402212,1.000792,0.658465,4.932648,-2.799163,-5.600985,-0.001715,-0.005461,0.008844,-1.850804,-15.383189,-18.270329,17.011549,1.163036,2.024013,12.000000,-0.141922,-0.170991,-1.850804,-15.383189,-18.270329,17.011549,1.163036,2.024013,17.140511,-0.141922,-0.170991,87.000000,87.000000,87.000000,87.000000,12.000000,12.000000,12.000000,200.000000,200.000000,0.000000,0.000000,0.000000,0.000000,0.000000,0.000000,0.000000,0.000000,0.000000
97,3.544688,2.149548,-3.585030,1.277594,1.731055,-1.950124,4.757936,1.769364,0.712109,-1.565540,-2.333879,0.849060,2.054714,2.897300,0.000060,0.000098,0.115193,-0.088814,-0.234196,0.050350,0.069340,-0.245670,-0.000006,0.000079,-0.000034,3.112072,-1.910358,-1.776292,-3.848878,-0.615057,1.741147,0.002796,0.016412,-0.016593,0.003620,-16.203318,-17.459309,12.559340,1.214574,1.371029,12.000000,-0.097898,-0.221268,0.003620,-16.203318,-17.459309,12.559340,1.214574,1.371029,17.813627,-0.097898,-0.221268,87.000000,87.000000,87.000000,87.000000,12.000000,12.000000,12.000000,200.000000,200.000000,0.000000,0.000000,0.000000,0.000000,0.000000,0.000000,0.000000,0.000000,0.000000
98,3.525228,2.150671,-3.569665,1.331902,1.708013,-1.954187,4.711154,1.769103,0.712018,-1.567162,-2.333427,0.846930,2.047848,2.897300,0.000064,0.000095,0.044807,-0.165463,-0.138551,0.103773,-0.155161,-0.184032,-0.000001,-0.000034,0.000023,-1.608045,-1.952755,2.701689,0.804837,0.874725,3.945337,-0.000231,-0.005703,0.004006,-0.837702,-15.951889,-16.710340,14.819687,1.135054,1.732774,12.000000,-0.132899,-0.186558,-0.837702,-15.951889,-16.710340,14.819687,1.135054,1.732774,15.942106,-0.132899,-0.186558,87.000000,87.000000,87.000000,87.000000,12.000000,12.000000,12.000000,200.000000,200.000000,0.000000,0.000000,0.000000,0.000000,0.000000,0.000000,0.000000,0.000000,0.000000
99,3.539437,2.170105,-3.517977,1.335297,1.691750,-1.924113,4.670296,1.766481,0.709589,-1.564023,-2.332067,0.842004,2.051578,2.897300,0.000066,0.000093,-0.025447,-0.208349,0.009678,0.133881,-0.220547,0.083532,-0.000002,-0.000266,0.000222,-1.509960,0.002030,2.689239,1.108096,1.748014,-1.568850,-0.001581,-0.004171,0.005361,0.132083,-14.755149,-15.288431,14.783750,1.100141,1.612827,12.000000,-0.119513,-0.193195,0.132083,-14.755149,-15.288431,14.783750,1.100141,1.612827,14.307727,-0.119513,-0.193195,87.000000,87.000000,87.000000,87.000000,12.000000,12.000000,12.000000,200.000000,200.000000,0.000000,0.000000,0.000000,0.000000,0.000000,0.000000,0.000000,0.000000,0.000000
100,3.517630,2.160154,-3.617880,1.312639,1.715455,-1.947761,4.739768,1.765444,0.709181,-1.563590,-2.331556,0.843940,2.047893,2.897300,0.000064,0.000095,0.102101,-0.112428,-0.201472,0.051643,0.006706,-0.159335,-0.000006,0.000177,-0.000133,3.222207,1.610900,-4.781569,-2.464049,0.043920,1.313274,0.001650,0.005654,-0.006305,-0.723317,-15.281096,-19.188709,13.850062,1.203691,1.762278,12.000000,-0.128654,-0.192510,-0.723317,-15.281096,-19.188709,13.850062,1.203691,1.762278,17.086830,-0.128654,-0.192510,87.000000,87.000000,87.000000,87.000000,12.000000,12.000000,12.000000,200.000000,200.000000,0.000000,0.000000,0.000000,0.000000,0.000000,0.000000,0.000000,0.000000,0.000000
101,3.574541,2.190598,-3.520565,1.353964,1.696288,-1.916472,4.701019,1.765792,0.709430,-1.563781,-2.331848,0.841976,2.052782,2.897300,0.000067,0.000092,0.081945,-0.109884,-0.109283,0.091793,-0.167070,0.118281,-0.000001,-0.000294,0.000243,-0.494782,1.059983,1.642431,1.682724,-0.214912,-1.632103,-0.001762,-0.007453,0.008529,1.364211,-14.123998,-15.156070,15.657295,1.027004,1.727009,12.000000,-0.124755,-0.187851,1.364211,-14.123998,-15.156070,15.657295,1.027004,1.727009,15.536653,-0.124755,-0.187851,87.000000,87.000000,87.000000,87.000000,12.000000,12.000000,12.000000,200.000000,200.000000,0.000000,0.000000,0.000000,0.000000,0.000000,0.000000,0.000000,0.000000,0.000000
102,3.557853,2.146971,-3.518812,1.325418,1.706119,-1.897133,4.694330,1.765805,0.708457,-1.560995,-2.331787,0.842094,2.061866,2.897301,0.000060,0.000098,0.080250,-0.186349,-0.022293,0.080387,-0.075564,0.174046,-0.000006,-0.000281,0.000260,0.040206,-1.525479,1.502303,0.292177,-0.232893,-5.212034,-0.000750,0.005196,-0.003038,0.730484,-15.735012,-15.548618,14.461953,1.170845,1.414690,12.000000,-0.092697,-0.218449,0.730484,-15.735012,-15.548618,14.461953,1.170845,1.414690,15.269158,-0.092697,-0.218449,87.000000,87.000000,87.000000,87.000000,12.000000,12.000000,12.000000,200.000000,200.000000,0.000000,0.000000,0.000000,0.000000,0.000000,0.000000,0.000000,0.000000,0.000000
103,3.553790,2.185641,-3.565674,1.298212,1.694130,-1.942749,4.721756,1.767760,0.709151,-1.561028,-2.332178,0.839791,2.055540,2.897300,0.000059,0.000099,0.183354,-0.073785,-0.182979,0.021500,-0.116139,-0.230830,-0.000004,0.000233,-0.000175,2.705074,1.951259,-2.597241,-2.811990,2.164331,2.836770,0.001755,0.006448,-0.007233,0.291507,-14.342803,-17.230082,13.383801,1.127542,1.628299,12.000000,-0.121250,-0.200312,0.291507,-14.342803,-17.230082,13.383801,1.127542,1.628299,16.366329,-0.121250,-0.200312,87.000000,87.000000,87.000000,87.000000,12.000000,12.000000,12.000000,200.000000,200.000000,0.000000,0.000000,0.000000,0.000000,0.000000,0.000000,0.000000,0.000000,0.000000
104,3.495649,2.143937,-3.649589,1.362107,1.726438,-1.917849,4.765882,1.770895,0.711330,-1.563625,-2.333420,0.845254,2.054401,2.897300,0.000069,0.000090,0.155768,-0.061683,-0.239578,0.073802,0.062013,-0.044771,-0.000001,0.000126,-0.000134,-1.288546,0.138660,-1.758048,2.484015,-2.960549,0.995603,0.000281,-0.007444,0.005251,-2.440504,-16.321583,-20.177912,16.202446,1.212011,2.120953,12.000000,-0.156241,-0.165577,-2.440504,-16.321583,-20.177912,16.202446,1.212011,2.120953,18.131315,-0.156241,-0.165577,87.000000,87.000000,87.000000,87.000000,12.000000,12.000000,12.000000,200.000000,200.000000,0.000000,0.000000,0.000000,0.000000,0.000000,0.000000,0.000000,0.000000,0.000000
105,3.463940,2.115755,-3.586791,1.352317,1.713273,-1.917771,4.689835,1.769456,0.710868,-1.563324,-2.330795,0.845443,2.056028,2.897300,0.000069,0.000090,-0.045122,-0.199049,-0.052079,0.207730,-0.094971,0.011532,-0.000003,-0.000165,0.000135,-4.922428,-3.256564,4.246640,3.229505,-0.172592,-0.615076,-0.000633,-0.001843,0.003227,-3.269145,-17.241955,-17.842459,15.288824,1.242738,1.752735,12.000000,-0.128741,-0.184625,-3.269145,-17.241955,-17.842459,15.288824,1.242738,1.752735,15.089329,-0.128741,-0.184625,87.000000,87.000000,87.000000,87.000000,12.000000,12.000000,12.000000,200.000000,200.000000,0.000000,0.000000,0.000000,0.000000,0.000000,0.000000,0.000000,0.000000,0.000000
106,3.552059,2.152609,-3.566619,1.281430,1.729414,-1.933496,4.749456,1.768221,0.708898,-1.563067,-2.329421,0.849842,2.055215,2.897300,0.000063,0.000095,0.106376,-0.190859,-0.174790,0.047937,0.043899,-0.076501,-0.000005,-0.000038,0.000052,3.900137,-0.187170,-2.945698,-4.241240,-1.862195,-0.292706,0.000805,0.008430,-0.007276,0.459342,-15.454737,-17.146347,12.339472,1.077253,1.436241,12.000000,-0.108014,-0.207003,0.459342,-15.454737,-17.146347,12.339472,1.077253,1.436241,17.474249,-0.108014,-0.207003,87.000000,87.000000,87.000000,87.000000,12.000000,12.000000,12.000000,200.000000,200.000000,0.000000,0.000000,0.000000,0.000000,0.000000,0.000000,0.000000,0.000000,0.000000
107,3.555468,2.155630,-3.499055,1.301165,1.705044,-1.946585,4.656343,1.768140,0.705673,-1.562149,-2.330106,0.847063,2.051904,2.897300,0.000061,0.000098,0.062780,-0.249030,-0.048215,0.042501,-0.166724,-0.119490,-0.000004,-0.000116,0.000116,-0.778432,-1.258858,3.504189,-0.952108,1.350438,1.417021,-0.000255,0.001549,-0.000728,0.448386,-14.984421,-14.482978,13.387128,1.063001,1.394724,12.000000,-0.109356,-0.205462,0.448386,-14.984421,-14.482978,13.387128,1.063001,1.394724,13.749711,-0.109356,-0.205462,87.000000,87.000000,87.000000,87.000000,12.000000,12.000000,12.000000,200.000000,200.000000,0.000000,0.000000,0.000000,0.000000,0.000000,0.000000,0.000000,0.000000,0.000000
108,3.558296,2.173747,-3.581632,1.334841,1.714448,-1.937909,4.757552,1.769511,0.703872,-1.562032,-2.332068,0.847089,2.049350,2.897300,0.000066,0.000094,0.160074,-0.136494,-0.186240,0.004269,-0.069172,-0.095588,-0.000003,0.000077,-0.000069,2.315551,2.897089,-3.421234,-0.676584,-0.001661,1.426973,0.000360,-0.003954,0.001784,0.371093,-14.176657,-17.825905,15.006901,1.104787,1.881960,12.000000,-0.140107,-0.182127,0.371093,-14.176657,-17.825905,15.006901,1.104787,1.881960,17.798100,-0.140107,-0.182127,87.000000,87.000000,87.000000,87.000000,12.000000,12.000000,12.000000,200.000000,200.000000,0.000000,0.000000,0.000000,0.000000,0.000000,0.000000,0.000000,0.000000,0.000000
109,3.532343,2.177278,-3.618213,1.351995,1.723439,-1.939532,4.775827,1.772470,0.705814,-1.565803,-2.333745,0.849057,2.046790,2.897300,0.000070,0.000089,0.167803,-0.029795,-0.281774,0.047267,-0.028958,-0.092059,-0.000001,0.000070,-0.000076,-0.250682,2.447789,-1.976888,1.465864,-1.033523,1.897679,0.000355,-0.004412,0.003115,-1.072015,-14.500503,-18.649139,15.835439,1.140604,2.039375,12.000000,-0.149414,-0.170631,-1.072015,-14.500503,-18.649139,15.835439,1.140604,2.039375,18.529100,-0.149414,-0.170631,87.000000,87.000000,87.000000,87.000000,12.000000,12.000000,12.000000,200.000000,200.000000,0.000000,0.000000,0.000000,0.000000,0.000000,0.000000,0.000000,0.000000,0.000000
110,3.541495,2.165621,-3.542959,1.371181,1.723805,-1.878619,4.727892,1.772693,0.707301,-1.566002,-2.333248,0.850528,2.060552,2.897300,0.000072,0.000088,0.024691,-0.096027,-0.074464,0.158852,-0.083643,0.341301,-0.000002,-0.000421,0.000403,-3.850925,-0.317712,3.603336,4.501714,-2.258988,-6.151447,-0.002519,-0.004962,0.011117,-0.551388,-15.069741,-15.851978,16.440811,1.102375,1.767827,12.000000,-0.122979,-0.185724,-0.551388,-15.069741,-15.851978,16.440811,1.102375,1.767827,16.611492,-0.122979,-0.185724,87.000000,87.000000,87.000000,87.000000,12.000000,12.000000,12.000000,200.000000,200.000000,0.000000,0.000000,0.000000,0.000000,0.000000,0.000000,0.000000,0.000000,0.000000
111,3.588497,2.179733,-3.582609,1.290473,1.725539,-1.939933,4.767488,1.774225,0.710459,-1.568762,-2.332092,0.851257,2.056736,2.897300,0.000059,0.000099,0.201190,-0.022931,-0.279099,0.046143,-0.029018,-0.189589,-0.000006,0.000049,-0.000036,4.507426,0.329601,-3.294137,-4.185794,0.987346,1.200056,0.002357,0.012797,-0.015627,1.218376,-14.911602,-17.073366,12.921844,1.170030,1.437574,12.000000,-0.098970,-0.222374,1.218376,-14.911602,-17.073366,12.921844,1.170030,1.437574,18.195656,-0.098970,-0.222374,87.000000,87.000000,87.000000,87.000000,12.000000,12.000000,12.000000,200.000000,200.000000,0.000000,0.000000,0.000000,0.000000,0.000000,0.000000,0.000000,0.000000,0.000000
112,3.531515,2.143123,-3.627271,1.317327,1.744629,-1.945848,4.768671,1.778096,0.713046,-1.573699,-2.333253,0.855936,2.050908,2.897300,0.000062,0.000096,0.184202,-0.088555,-0.271271,0.041240,0.042141,-0.176241,-0.000003,0.000114,-0.000093,-0.860354,-2.412347,0.814694,0.064461,-2.158054,2.870327,0.000801,-0.000294,-0.000134,-1.632693,-16.566051,-18.248459,14.344836,1.185483,1.734674,12.000000,-0.129533,-0.189131,-1.632693,-16.566051,-18.248459,14.344836,1.185483,1.734674,18.242846,-0.129533,-0.189131,87.000000,87.000000,87.000000,87.000000,12.000000,12.000000,12.000000,200.000000,200.000000,0.000000,0.000000,0.000000,0.000000,0.000000,0.000000,0.000000,0.000000,0.000000
113,3.542314,2.157026,-3.583617,1.299346,1.735630,-1.952899,4.732429,1.780312,0.712930,-1.576364,-2.334240,0.857024,2.047011,2.897300,0.000063,0.000095,0.116117,-0.167956,-0.165311,0.046789,-0.068845,-0.122041,-0.000001,-0.000057,0.000045,-1.850927,-2.115059,2.990876,-0.046161,-0.734358,1.976481,-0.000075,-0.001925,0.001932,-1.253729,-15.773430,-16.445694,13.683610,1.112202,1.571390,12.000000,-0.124016,-0.191999,-1.253729,-15.773430,-16.445694,13.683610,1.112202,1.571390,16.793118,-0.124016,-0.191999,87.000000,87.000000,87.000000,87.000000,12.000000,12.000000,12.000000,200.000000,200.000000,0.000000,0.000000,0.000000,0.000000,0.000000,0.000000,0.000000,0.000000,0.000000
114,3.536031,2.171522,-3.569396,1.335088,1.712498,-1.916050,4.711948,1.779366,0.710631,-1.574420,-2.334128,0.852271,2.052284,2.897300,0.000069,0.000090,0.005443,-0.198070,-0.030526,0.112768,-0.228657,0.123194,-0.000001,-0.000232,0.000192,-2.740499,0.375664,2.433081,2.043818,1.477548,-2.076579,-0.001711,-0.007103,0.007877,-1.187090,-14.788342,-16.421175,15.048207,1.113531,1.743150,12.000000,-0.131571,-0.182872,-1.187090,-14.788342,-16.421175,15.048207,1.113531,1.743150,15.973822,-0.131571,-0.182872,87.000000,87.000000,87.000000,87.000000,12.000000,12.000000,12.000000,200.000000,200.000000,0.000000,0.000000,0.000000,0.000000,0.000000,0.000000,0.000000,0.000000,0.000000
115,3.575863,2.208863,-3.590448,1.294021,1.729850,-1.948165,4.774039,1.779104,0.711445,-1.574423,-2.334431,0.853229,2.049019,2.897300,0.000064,0.000095,0.119909,-0.054545,-0.189719,0.024547,-0.018932,-0.151418,-0.000004,0.000103,-0.000075,2.896582,2.891686,-3.172148,-2.740289,0.466886,1.068297,0.001669,0.007036,-0.007592,0.447093,-13.595548,-17.163992,13.389935,1.129077,1.619427,12.000000,-0.120865,-0.198579,0.447093,-13.595548,-17.163992,13.389935,1.129077,1.619427,18.457655,-0.120865,-0.198579,87.000000,87.000000,87.000000,87.000000,12.000000,12.000000,12.000000,200.000000,200.000000,0.000000,0.000000,0.000000,0.000000,0.000000,0.000000,0.000000,0.000000,0.000000
116,3.572324,2.147851,-3.574619,1.316681,1.730839,-1.933004,4.747797,1.780322,0.711765,-1.574589,-2.336453,0.854199,2.050422,2.897300,0.000063,0.000095,0.111935,-0.162286,-0.109702,0.020550,-0.074853,0.012402,-0.000001,-0.000202,0.000166,-0.284195,-2.498080,1.680049,0.385336,-1.047682,-0.760765,-0.000707,-0.000745,0.001601,0.045990,-16.084673,-16.450333,14.648249,1.142719,1.581725,12.000000,-0.111556,-0.200709,0.045990,-16.084673,-16.450333,14.648249,1.142719,1.581725,17.407852,-0.111556,-0.200709,87.000000,87.000000,87.000000,87.000000,12.000000,12.000000,12.000000,200.000000,200.000000,0.000000,0.000000,0.000000,0.000000,0.000000,0.000000,0.000000,0.000000,0.000000
117,3.485626,2.151772,-3.573233,1.375061,1.706310,-1.892965,4.704171,1.776587,0.709221,-1.569120,-2.334624,0.848655,2.058643,2.897300,0.000070,0.000090,-0.128909,-0.212199,0.101459,0.216491,-0.243069,0.185613,-0.000002,-0.000177,0.000166,-5.774628,0.007963,3.919193,5.201982,2.246864,-3.609795,-0.001788,-0.006433,0.008279,-2.799438,-15.449465,-17.261982,16.592939,1.236751,1.903017,12.000000,-0.136129,-0.179003,-2.799438,-15.449465,-17.261982,16.592939,1.236751,1.903017,15.662729,-0.136129,-0.179003,87.000000,87.000000,87.000000,87.000000,12.000000,12.000000,12.000000,200.000000,200.000000,0.000000,0.000000,0.000000,0.000000,0.000000,0.000000,0.000000,0.000000,0.000000
118,3.567960,2.167490,-3.594524,1.298792,1.715234,-1.951379,4.783998,1.773452,0.708821,-1.566710,-2.332015,0.847487,2.052117,2.897300,0.000061,0.000098,0.077827,-0.116336,-0.155422,0.081396,-0.059675,-0.246840,-0.000008,0.000149,-0.000096,5.666885,1.257779,-5.448566,-4.732498,2.153075,2.431926,0.002315,0.012514,-0.012342,0.853305,-14.968958,-18.165487,13.123278,1.209937,1.573378,12.000000,-0.109345,-0.210678,0.853305,-14.968958,-18.165487,13.123278,1.209937,1.573378,18.856045,-0.109345,-0.210678,87.000000,87.000000,87.000000,87.000000,12.000000,12.000000,12.000000,200.000000,200.000000,0.000000,0.000000,0.000000,0.000000,0.000000,0.000000,0.000000,0.000000,0.000000
119,3.566560,2.191163,-3.586872,1.303095,1.728146,-1.943884,4.754980,1.775261,0.710546,-1.569156,-2.333709,0.851035,2.048663,2.897300,0.000066,0.000093,0.167591,-0.051979,-0.241174,-0.004716,0.002728,-0.102998,-0.000001,0.000027,-0.000040,1.913899,1.574458,-2.007636,-1.690826,-2.255461,2.049183,0.000146,-0.005094,0.003298,0.199216,-14.314199,-17.238415,13.833849,1.015743,1.754162,12.000000,-0.139186,-0.180741,0.199216,-14.314199,-17.238415,13.833849,1.015743,1.754162,17.695190,-0.139186,-0.180741,87.000000,87.000000,87.000000,87.000000,12.000000,12.000000,12.000000,200.000000,200.000000,0.000000,0.000000,0.000000,0.000000,0.000000,0.000000,0.000000,0.000000,0.000000
120,3.550306,2.142435,-3.544267,1.366227,1.723217,-1.891918,4.717705,1.775460,0.710035,-1.567770,-2.334570,0.851196,2.058909,2.897301,0.000067,0.000092,0.026112,-0.188377,-0.015556,0.116151,-0.114687,0.246601,-0.000003,-0.000389,0.000342,-3.610855,-2.306952,4.288357,4.276974,-1.269856,-4.779377,-0.002351,-0.004306,0.008027,-0.409514,-16.083391,-15.880884,16.449329,1.165496,1.696450,12.000000,-0.113313,-0.195233,-0.409514,-16.083391,-15.880884,16.449329,1.165496,1.696450,16.204042,-0.113313,-0.195233,87.000000,87.000000,87.000000,87.000000,12.000000,12.000000,12.000000,200.000000,200.000000,0.000000,0.000000,0.000000,0.000000,0.000000,0.000000,0.000000,0.000000,0.000000
121,3.707094,1.260443,-4.163383,2.781185,0.684096,-1.675055,2.150138,1.767820,0.675859,-1.560204,-2.294369,0.772195,2.087826,2.810315,0.000155,0.000155,-0.137534,-1.785286,0.012319,2.074976,-2.433274,0.900090,-2.598138,0.005390,0.003879,1.481558,-37.960987,-6.718761,50.324169,-1.415505,-7.059656,0.690250,0.427470,0.154655,7.146785,-46.416595,-41.896778,67.299240,-12.000000,6.098482,-12.000000,0.003201,-0.282433,7.146785,-46.416595,-41.896778,67.299240,-28.000776,6.098482,-72.579124,0.003201,-0.282433,87.000000,87.000000,87.000000,87.000000,12.000000,12.000000,12.000000,200.000000,200.000000,0.000000,0.000000,0.000000,0.000000,0.000000,0.000000,0.000000,0.000000,0.000000
122,4.087951,1.542087,-3.865663,2.157933,0.640472,-1.919859,1.971406,1.785815,0.614073,-1.577449,-2.224621,0.687379,2.069519,2.723499,0.000102,0.000364,1.286487,-2.114105,-1.195217,2.114135,-2.502209,-0.682628,-2.594003,0.002078,0.003011,40.007458,-9.227828,-29.204502,-0.349417,1.505756,1.511997,-1.330132,0.151187,-0.288743,19.384144,-27.741890,-26.655483,33.779285,-12.000000,2.512195,-12.000000,-0.136739,-1.398583,19.384144,-27.741890,-26.655483,33.779285,-22.611710,2.512195,-72.931870,-0.136739,-1.398583,87.000000,87.000000,87.000000,87.000000,12.000000,12.000000,12.000000,200.000000,200.000000,0.000000,0.000000,0.000000,0.000000,0.000000,0.000000,0.000000,0.000000,0.000000
123,4.043839,2.026385,-3.872714,1.767346,0.570154,-2.121119,1.921499,1.849084,0.564581,-1.638436,-2.161340,0.601846,2.015270,2.636495,0.000152,0.000410,2.178066,-1.317049,-2.139466,1.859195,-2.545402,-1.317561,-2.610068,0.005133,-0.001758,8.231791,15.658413,-3.275442,-3.753776,-0.779257,35.052822,-0.026736,0.212708,-0.319904,8.518917,-5.052598,-18.253677,13.514883,-12.000000,2.466718,-12.000000,-0.310960,-1.254778,8.518917,-5.052598,-18.253677,13.514883,-18.605217,2.466718,-67.821472,-0.310960,-1.254778,87.000000,87.000000,87.000000,87.000000,12.000000,12.000000,12.000000,200.000000,200.000000,0.000000,0.000000,0.000000,0.000000,0.000000,0.000000,0.000000,0.000000,0.000000
124,3.837301,2.074901,-4.127316,1.654842,0.638041,-2.172193,1.976088,1.920011,0.537989,-1.709021,-2.106578,0.515900,1.977382,2.549488,0.000285,0.000307,2.069193,-0.607827,-2.161603,1.596239,-2.572807,-0.870582,-2.609976,0.005472,-0.003764,-4.588966,20.812786,-0.272784,-10.202807,-0.266032,20.855844,0.001087,0.044188,-0.105718,-5.900351,-2.582296,-22.563705,4.938327,-8.913516,1.467605,-12.000000,-0.894063,-0.549564,-5.900351,-2.582296,-22.563705,4.938327,-8.913516,1.467605,-58.675758,-0.894063,-0.549564,87.000000,87.000000,87.000000,87.000000,12.000000,12.000000,12.000000,200.000000,200.000000,0.000000,0.000000,0.000000,0.000000,0.000000,0.000000,0.000000,0.000000,0.000000
125,3.744794,1.993549,-4.260101,1.611698,0.700668,-2.268678,2.029132,1.981154,0.532830,-1.779463,-2.063657,0.437423,1.939306,2.462480,0.000403,0.000140,1.705894,0.000991,-2.176184,1.153110,-1.908265,-0.984153,-2.610068,0.005356,-0.006136,-10.499446,17.604288,-0.189772,-18.435343,38.161545,20.962353,0.002990,-0.028009,-0.077723,-13.906059,-7.250544,-22.158802,0.454885,0.390057,1.023190,-12.000000,-1.260857,0.004188,-13.906059,-7.250544,-22.158802,0.454885,0.390057,1.023190,-49.592850,-1.260857,0.004188,87.000000,87.000000,87.000000,87.000000,12.000000,12.000000,12.000000,200.000000,200.000000,0.000000,0.000000,0.000000,0.000000,0.000000,0.000000,0.000000,0.000000,0.000000
126,3.790267,1.862480,-4.309084,1.658465,0.798668,-2.353414,2.100952,2.028526,0.540350,-1.846995,-2.038188,0.413664,1.900686,2.375471,0.000318,0.000081,1.278588,0.161835,-1.997169,0.690702,-0.397287,-1.080301,-2.609974,-0.002281,-0.001253,-15.548864,1.368224,10.511562,-12.942065,16.443390,17.033649,0.006537,-0.248061,0.166120,-15.075695,-14.467083,-18.539833,1.826742,0.954853,0.760785,-12.000000,-0.951023,0.211927,-15.075695,-14.467083,-18.539833,1.826742,0.954853,0.760785,-39.759464,-0.951023,0.211927,87.000000,87.000000,87.000000,87.000000,12.000000,12.000000,12.000000,200.000000,200.000000,0.000000,0.000000,0.000000,0.000000,0.000000,0.000000,0.000000,0.000000,0.000000
127,3.889127,1.768287,-4.297199,1.863003,0.857715,-2.343009,2.126579,2.057635,0.542242,-1.898020,-2.019938,0.415292,1.876513,2.288471,0.000203,0.000077,0.668902,-0.219661,-1.310633,0.707216,0.062747,-0.629087,-2.609832,-0.002427,0.000200,-17.540823,-11.666402,20.237480,0.787250,0.902455,13.190598,0.002332,-0.032086,0.073429,-11.921521,-18.123653,-15.271496,9.275051,1.040682,1.694681,-12.000000,-0.335985,-0.036787,-11.921521,-18.123653,-15.271496,9.275051,1.040682,1.694681,-31.774967,-0.335985,-0.036787,87.000000,87.000000,87.000000,87.000000,12.000000,12.000000,12.000000,200.000000,200.000000,0.000000,0.000000,0.000000,0.000000,0.000000,0.000000,0.000000,0.000000,0.000000
128,4.005280,1.869931,-4.288213,1.855045,0.921367,-2.379472,2.179934,2.074242,0.536072,-1.934692,-2.006023,0.432901,1.857885,2.201467,0.000098,0.000134,0.444678,-0.351621,-1.037282,0.480106,0.433492,-0.562273,-2.609847,-0.001557,0.001947,-7.199108,-4.981572,9.691385,-5.981388,-7.529486,8.168961,0.004950,-0.003503,0.031285,-7.393809,-12.832423,-13.331726,8.046569,0.707907,1.247602,-12.000000,-0.142297,-0.347965,-7.393809,-12.832423,-13.331726,8.046569,0.707907,1.247602,-22.680344,-0.142297,-0.347965,87.000000,87.000000,87.000000,87.000000,12.000000,12.000000,12.000000,200.000000,200.000000,0.000000,0.000000,0.000000,0.000000,0.000000,0.000000,0.000000,0.000000,0.000000
129,4.046901,1.889686,-4.273277,1.955254,0.915940,-2.413454,2.222688,2.081125,0.524466,-1.959458,-1.994512,0.441617,1.837466,2.114466,0.000052,0.000169,0.126432,-0.504566,-0.647435,0.476677,0.145892,-0.577856,-2.609713,0.000231,0.000654,-7.891594,-4.114294,10.603530,-2.885806,-3.843189,11.235115,0.001845,0.038652,-0.021231,-5.467700,-10.661278,-11.743031,11.313810,0.757253,1.742843,-12.000000,-0.084048,-0.417532,-5.467700,-10.661278,-11.743031,11.313810,0.757253,1.742843,-14.010680,-0.084048,-0.417532,87.000000,87.000000,87.000000,87.000000,12.000000,12.000000,12.000000,200.000000,200.000000,0.000000,0.000000,0.000000,0.000000,0.000000,0.000000,0.000000,0.000000,0.000000
130,4.055642,1.926189,-4.306782,2.026326,0.953091,-2.424876,2.286502,2.079079,0.510684,-1.974663,-1.985276,0.453985,1.822457,2.027468,0.000031,0.000187,-0.102792,-0.509752,-0.437618,0.409402,0.276488,-0.439584,-2.609687,0.000125,0.000634,-5.280366,-0.677519,5.576840,-2.792203,-5.612064,8.336294,0.000072,-0.023968,0.011659,-4.195083,-7.891087,-12.714745,13.595520,0.809599,1.953420,-4.498495,-0.139214,-0.398705,-4.195083,-7.891087,-12.714745,13.595520,0.809599,1.953420,-4.498495,-0.139214,-0.398705,87.000000,87.000000,87.000000,87.000000,12.000000,12.000000,12.000000,200.000000,200.000000,0.000000,0.000000,0.000000,0.000000,0.000000,0.000000,0.000000,0.000000,0.000000
131,4.113178,1.984827,-4.236214,2.044906,0.978409,-2.438018,2.299949,2.071131,0.497424,-1.983374,-1.979311,0.466462,1.812368,1.961515,0.000018,0.000181,-0.232020,-0.467052,-0.261439,0.292157,0.255696,-0.326136,-1.425467,0.000499,-0.000630,-2.253803,0.935851,4.273730,-4.224289,-6.154122,5.770710,33.682491,-0.002321,-0.055699,-0.741930,-4.509803,-9.739420,14.087665,0.844187,1.789777,0.092733,-0.102459,-0.414323,-0.741930,-4.509803,-9.739420,14.087665,0.844187,1.789777,0.092733,-0.102459,-0.414323,87.000000,87.000000,87.000000,87.000000,12.000000,12.000000,12.000000,200.000000,200.000000,0.000000,0.000000,0.000000,0.000000,0.000000,0.000000,0.000000,0.000000,0.000000
132,4.145390,1.985639,-4.255199,2.126417,1.001594,-2.440205,2.331656,2.062255,0.484575,-1.988855,-1.976499,0.477287,1.805417,1.934945,0.000029,0.000142,-0.188505,-0.470539,-0.221752,0.229875,0.218947,-0.264243,-0.564644,0.001241,-0.001483,2.093322,-0.173031,0.706173,-2.201423,-5.252285,3.731291,13.407182,0.013340,-0.012322,1.391545,-3.506962,-10.373020,17.400204,1.054039,1.978944,0.023498,-0.144070,-0.197251,1.391545,-3.506962,-10.373020,17.400204,1.054039,1.978944,0.023498,-0.144070,-0.197251,87.000000,87.000000,87.000000,87.000000,12.000000,12.000000,12.000000,200.000000,200.000000,0.000000,0.000000,0.000000,0.000000,0.000000,0.000000,0.000000,0.000000,0.000000
133,4.149220,2.022140,-4.223146,2.125216,1.007220,-2.466697,2.314326,2.053498,0.473202,-1.992571,-1.975382,0.484767,1.796001,1.917210,0.000044,0.000119,-0.201500,-0.385003,-0.163856,0.170147,0.130157,-0.338606,-0.381559,0.001275,-0.001124,1.219005,2.255221,0.901503,-3.091906,-3.775493,4.900013,9.098106,-0.007177,0.013150,2.228724,-1.229015,-8.936996,17.369215,0.999644,1.937447,0.012539,-0.209186,-0.126184,2.228724,-1.229015,-8.936996,17.369215,0.999644,1.937447,0.012539,-0.209186,-0.126184,87.000000,87.000000,87.000000,87.000000,12.000000,12.000000,12.000000,200.000000,200.000000,0.000000,0.000000,0.000000,0.000000,0.000000,0.000000,0.000000,0.000000,0.000000
134,4.084819,2.016793,-4.203119,2.218208,0.982642,-2.445695,2.331275,2.038228,0.463750,-1.988643,-1.971475,0.482420,1.792346,1.912078,0.000070,0.000094,-0.499437,-0.329852,0.145190,0.348450,-0.131536,-0.130975,-0.106419,0.001170,-0.001001,-4.589292,2.158468,5.148890,2.386790,0.506528,5.196986,2.495862,-0.027277,0.022506,1.323889,-0.842006,-9.018695,20.617367,1.140100,2.544103,-0.013508,-0.283551,-0.069916,1.323889,-0.842006,-9.018695,20.617367,1.140100,2.544103,-0.013508,-0.283551,-0.069916,87.000000,87.000000,87.000000,87.000000,12.000000,12.000000,12.000000,200.000000,200.000000,0.000000,0.000000,0.000000,0.000000,0.000000,0.000000,0.000000,0.000000,0.000000
135,4.111956,2.007043,-4.187766,2.148315,1.005341,-2.424408,2.294908,2.024608,0.456418,-1.983940,-1.970455,0.485850,1.799578,1.900745,0.000071,0.000091,-0.256050,-0.273712,0.014208,0.144165,0.052104,0.077670,-0.245333,0.000563,-0.000389,6.336209,1.486217,-3.483511,-3.945738,-2.035768,-4.006772,5.886795,0.001859,0.006112,3.487782,-0.835075,-8.937941,17.915545,1.144532,1.733248,0.004261,-0.205281,-0.125690,3.487782,-0.835075,-8.937941,17.915545,1.144532,1.733248,0.004261,-0.205281,-0.125690,87.000000,87.000000,87.000000,87.000000,12.000000,12.000000,12.000000,200.000000,200.000000,0.000000,0.000000,0.000000,0.000000,0.000000,0.000000,0.000000,0.000000,0.000000
136,4.135059,1.997367,-4.244915,2.205704,1.000120,-2.418672,2.309381,2.021121,0.449890,-1.986026,-1.973210,0.485956,1.803740,1.898252,0.000069,0.000093,0.069798,-0.260610,-0.221727,0.078958,-0.046842,-0.041133,-0.047998,0.000924,-0.000679,7.370755,0.780802,-5.217734,-1.045575,-0.118474,-3.470944,1.207958,0.010872,-0.008927,3.889675,-0.777653,-10.535160,20.768599,1.295291,1.972170,-0.013057,-0.209886,-0.133376,3.889675,-0.777653,-10.535160,20.768599,1.295291,1.972170,-0.013057,-0.209886,-0.133376,87.000000,87.000000,87.000000,87.000000,12.000000,12.000000,12.000000,200.000000,200.000000,0.000000,0.000000,0.000000,0.000000,0.000000,0.000000,0.000000,0.000000,0.000000
137,4.105908,2.025525,-4.219077,2.207655,0.982951,-2.463356,2.302658,2.019186,0.445727,-1.989290,-1.973745,0.482235,1.794570,1.895397,0.000071,0.000091,-0.026382,-0.150937,-0.145264,0.180525,-0.123743,-0.362032,-0.058653,0.001209,-0.000891,-0.534993,2.957259,1.150647,0.309939,2.362413,4.704982,1.513678,-0.004503,0.001274,2.673337,0.513010,-9.072583,20.699518,1.255440,2.238353,-0.007445,-0.256024,-0.101457,2.673337,0.513010,-9.072583,20.699518,1.255440,2.238353,-0.007445,-0.256024,-0.101457,87.000000,87.000000,87.000000,87.000000,12.000000,12.000000,12.000000,200.000000,200.000000,0.000000,0.000000,0.000000,0.000000,0.000000,0.000000,0.000000,0.000000,0.000000
138,4.068631,2.020810,-4.244489,2.191427,0.998464,-2.449967,2.283887,2.015873,0.445495,-1.991471,-1.974577,0.484098,1.791793,1.889409,0.000079,0.000084,-0.065090,-0.032414,-0.126648,0.160097,0.015371,-0.150594,-0.126970,0.000807,-0.000621,-0.872650,2.900689,0.545348,0.293407,-1.297012,1.992369,3.127162,-0.006129,0.006046,1.530940,0.023506,-9.998520,20.168491,1.147538,2.286582,-0.004212,-0.248641,-0.097123,1.530940,0.023506,-9.998520,20.168491,1.147538,2.286582,-0.004212,-0.248641,-0.097123,87.000000,87.000000,87.000000,87.000000,12.000000,12.000000,12.000000,200.000000,200.000000,0.000000,0.000000,0.000000,0.000000,0.000000,0.000000,0.000000,0.000000,0.000000
139,4.028601,1.962985,-4.249395,2.229976,0.997683,-2.464359,2.306930,2.008909,0.446046,-1.989940,-1.971729,0.484058,1.786810,1.891797,0.000083,0.000080,-0.180157,-0.077748,0.018110,0.316159,-0.035211,-0.223220,0.059279,0.000952,-0.000720,-0.604296,-1.335347,2.133869,2.502372,0.442819,3.743497,-1.295066,-0.009467,0.006355,0.804318,-2.455005,-10.608007,21.195574,1.353364,2.399199,-0.024885,-0.270637,-0.083157,0.804318,-2.455005,-10.608007,21.195574,1.353364,2.399199,-0.024885,-0.270637,-0.083157,87.000000,87.000000,87.000000,87.000000,12.000000,12.000000,12.000000,200.000000,200.000000,0.000000,0.000000,0.000000,0.000000,0.000000,0.000000,0.000000,0.000000,0.000000
140,3.981215,1.983443,-4.283842,2.150770,1.005962,-2.437574,2.271923,2.002645,0.448043,-1.989190,-1.970653,0.487826,1.791731,1.884720,0.000080,0.000082,-0.123813,0.030233,-0.087611,0.175043,0.043084,0.034069,-0.153349,0.000523,-0.000327,0.709608,2.712049,-2.404628,-2.177069,-2.840874,-2.223166,3.719091,0.006223,0.000814,-0.658516,-1.851902,-12.029751,18.046347,0.985680,2.055106,-0.003474,-0.213873,-0.120565,-0.658516,-1.851902,-12.029751,18.046347,0.985680,2.055106,-0.003474,-0.213873,-0.120565,87.000000,87.000000,87.000000,87.000000,12.000000,12.000000,12.000000,200.000000,200.000000,0.000000,0.000000,0.000000,0.000000,0.000000,0.000000,0.000000,0.000000,0.000000
141,4.072235,1.931225,-4.199022,2.195272,0.989965,-2.462710,2.279595,1.999382,0.447499,-1.988371,-1.968965,0.483785,1.789979,1.882851,0.000079,0.000084,0.024700,-0.175619,-0.020363,0.244975,-0.144977,-0.177403,-0.036474,0.000991,-0.000737,4.709908,-5.179172,1.455219,0.319543,2.643072,0.597980,0.898740,-0.001630,-0.002423,3.077341,-3.800719,-8.661332,19.649208,1.481175,1.907095,-0.021323,-0.252038,-0.103344,3.077341,-3.800719,-8.661332,19.649208,1.481175,1.907095,-0.021323,-0.252038,-0.103344,87.000000,87.000000,87.000000,87.000000,12.000000,12.000000,12.000000,200.000000,200.000000,0.000000,0.000000,0.000000,0.000000,0.000000,0.000000,0.000000,0.000000,0.000000
142,4.008578,1.958389,-4.318143,2.167352,1.017159,-2.440501,2.300264,2.002630,0.445767,-1.991468,-1.970598,0.489155,1.792806,1.886740,0.000077,0.000085,0.192727,-0.095882,-0.230828,0.102780,0.119595,-0.050496,0.093650,0.000690,-0.000476,2.292070,1.778168,-3.747796,-1.356103,-2.603875,-2.730849,-2.018368,0.012384,-0.006581,-0.308444,-2.389532,-12.921063,18.941948,1.141537,2.043826,-0.019952,-0.209268,-0.127694,-0.308444,-2.389532,-12.921063,18.941948,1.141537,2.043826,-0.019952,-0.209268,-0.127694,87.000000,87.000000,87.000000,87.000000,12.000000,12.000000,12.000000,200.000000,200.000000,0.000000,0.000000,0.000000,0.000000,0.000000,0.000000,0.000000,0.000000,0.000000
143,3.979250,1.946687,-4.348377,2.160076,1.036391,-2.401609,2.278812,2.007193,0.446213,-1.997858,-1.974615,0.497410,1.802314,1.883752,0.000080,0.000083,0.141524,-0.038465,-0.258208,0.082749,0.146448,0.131070,-0.062845,0.000672,-0.000419,-3.187411,1.286333,0.468169,1.738149,-5.046089,-4.853465,1.582780,0.004824,0.002375,-2.028246,-3.075054,-13.300274,19.204628,1.032988,2.235928,-0.014710,-0.226020,-0.113912,-2.028246,-3.075054,-13.300274,19.204628,1.032988,2.235928,-0.014710,-0.226020,-0.113912,87.000000,87.000000,87.000000,87.000000,12.000000,12.000000,12.000000,200.000000,200.000000,0.000000,0.000000,0.000000,0.000000,0.000000,0.000000,0.000000,0.000000,0.000000
144,4.046744,1.953210,-4.239594,2.195061,0.987463,-2.463127,2.278263,2.006301,0.445326,-1.999191,-1.972400,0.489356,1.794587,1.882062,0.000077,0.000086,-0.008331,-0.135421,-0.036130,0.287290,-0.262263,-0.332214,-0.034988,0.001244,-0.000927,-1.162148,-2.104471,4.086898,1.306980,4.511178,4.556116,0.848263,-0.005910,-0.001928,1.251872,-2.679868,-9.221739,19.861050,1.352133,2.157299,-0.018656,-0.272107,-0.095225,1.251872,-2.679868,-9.221739,19.861050,1.352133,2.157299,-0.018656,-0.272107,-0.095225,87.000000,87.000000,87.000000,87.000000,12.000000,12.000000,12.000000,200.000000,200.000000,0.000000,0.000000,0.000000,0.000000,0.000000,0.000000,0.000000,0.000000,0.000000
145,4.060817,2.005817,-4.225161,2.136287,0.980665,-2.478535,2.282902,2.005671,0.444793,-1.998695,-1.971446,0.483859,1.787619,1.882197,0.000076,0.000086,0.057068,-0.052760,-0.061510,0.151914,-0.155311,-0.277937,0.008388,0.000846,-0.000623,1.616025,2.267075,-0.301182,-3.811876,2.830342,3.079616,-0.059043,0.000694,-0.000203,1.855515,-0.502558,-8.873476,17.497135,1.145673,1.876539,-0.011262,-0.235061,-0.111521,1.855515,-0.502558,-8.873476,17.497135,1.145673,1.876539,-0.011262,-0.235061,-0.111521,87.000000,87.000000,87.000000,87.000000,12.000000,12.000000,12.000000,200.000000,200.000000,0.000000,0.000000,0.000000,0.000000,0.000000,0.000000,0.000000,0.000000,0.000000
146,4.048965,1.956204,-4.270699,2.211008,1.000004,-2.442128,2.294322,2.007027,0.444377,-1.997997,-1.972470,0.484121,1.789793,1.885051,0.000085,0.000078,0.097982,-0.111648,-0.030042,0.186854,-0.016523,-0.031288,0.068112,0.000753,-0.000577,0.363094,-1.597937,1.193089,2.374540,-0.006016,-0.711947,-1.509284,-0.007146,0.006731,1.090695,-2.518399,-10.747033,20.828970,1.364951,2.288774,-0.025445,-0.258811,-0.088048,1.090695,-2.518399,-10.747033,20.828970,1.364951,2.288774,-0.025445,-0.258811,-0.088048,87.000000,87.000000,87.000000,87.000000,12.000000,12.000000,12.000000,200.000000,200.000000,0.000000,0.000000,0.000000,0.000000,0.000000,0.000000,0.000000,0.000000,0.000000
147,4.007143,1.977958,-4.330885,2.176260,0.996910,-2.421504,2.288220,2.009782,0.444895,-1.999117,-1.973834,0.485305,1.796448,1.885089,0.000080,0.000082,0.127468,-0.013746,-0.141464,0.138928,-0.019383,0.050554,0.004186,0.000640,-0.000427,-0.658763,2.758654,-2.147031,0.043268,-1.209562,-3.610144,-0.003726,0.008941,-0.003862,-0.937624,-1.701174,-12.960925,19.541843,1.082492,2.195295,-0.015504,-0.217049,-0.121246,-0.937624,-1.701174,-12.960925,19.541843,1.082492,2.195295,-0.015504,-0.217049,-0.121246,87.000000,87.000000,87.000000,87.000000,12.000000,12.000000,12.000000,200.000000,200.000000,0.000000,0.000000,0.000000,0.000000,0.000000,0.000000,0.000000,0.000000,0.000000
148,3.976047,1.962983,-4.238793,2.185258,0.982151,-2.455188,2.276055,2.003640,0.447094,-1.994096,-1.970309,0.481917,1.792375,1.882213,0.000082,0.000081,-0.243014,-0.005830,0.183554,0.331470,-0.120877,-0.213406,-0.060245,0.000992,-0.000740,-5.388141,0.040557,5.363237,1.644015,2.100758,3.838064,1.517762,-0.012528,0.006152,-0.986887,-2.651409,-10.104535,19.205177,1.225382,2.297591,-0.012681,-0.274409,-0.085486,-0.986887,-2.651409,-10.104535,19.205177,1.225382,2.297591,-0.012681,-0.274409,-0.085486,87.000000,87.000000,87.000000,87.000000,12.000000,12.000000,12.000000,200.000000,200.000000,0.000000,0.000000,0.000000,0.000000,0.000000,0.000000,0.000000,0.000000,0.000000
149,3.956870,1.916310,-4.304722,2.139635,1.010823,-2.455008,2.293087,1.998025,0.448973,-1.989524,-1.968981,0.486621,1.791676,1.884709,0.000077,0.000084,-0.038734,-0.037752,-0.004988,0.166993,0.103263,-0.134991,0.062712,0.000631,-0.000443,4.780551,-1.337957,-4.312024,-3.236729,-2.019821,-0.656733,-1.302891,0.006207,-0.002626,-1.253257,-4.661530,-13.170855,17.426546,1.168144,1.896985,-0.020841,-0.215523,-0.122411,-1.253257,-4.661530,-13.170855,17.426546,1.168144,1.896985,-0.020841,-0.215523,-0.122411,87.000000,87.000000,87.000000,87.000000,12.000000,12.000000,12.000000,200.000000,200.000000,0.000000,0.000000,0.000000,0.000000,0.000000,0.000000,0.000000,0.000000,0.000000
150,4.034542,1.902324,-4.299979,2.147633,1.024344,-2.417996,2.267209,2.003000,0.447444,-1.992187,-1.973323,0.492247,1.799747,1.879948,0.000077,0.000085,0.301049,-0.180216,-0.204792,0.032006,0.081747,0.083970,-0.102827,0.000651,-0.000404,5.344923,-3.617990,-2.746822,-0.560988,-3.317450,-5.553707,2.471115,0.009709,-0.001842,0.589711,-4.850918,-12.150923,18.604664,1.233640,1.872017,-0.016945,-0.211446,-0.124979,0.589711,-4.850918,-12.150923,18.604664,1.233640,1.872017,-0.016945,-0.211446,-0.124979,87.000000,87.000000,87.000000,87.000000,12.000000,12.000000,12.000000,200.000000,200.000000,0.000000,0.000000,0.000000,0.000000,0.000000,0.000000,0.000000,0.000000,0.000000
151,3.945351,1.967251,-4.317405,2.138693,1.013984,-2.385274,2.231832,2.005351,0.446738,-1.993700,-1.977489,0.494607,1.809692,1.868920,0.000079,0.000085,-0.013348,-0.029269,-0.060290,0.086429,-0.009561,0.144463,-0.239804,0.000729,-0.000475,-7.990542,4.079453,3.056073,1.697963,-2.326151,-3.953494,5.715659,0.002125,0.001375,-3.105664,-2.158902,-12.767487,18.570412,0.929951,2.314854,0.002151,-0.230033,-0.116195,-3.105664,-2.158902,-12.767487,18.570412,0.929951,2.314854,0.002151,-0.230033,-0.116195,87.000000,87.000000,87.000000,87.000000,12.000000,12.000000,12.000000,200.000000,200.000000,0.000000,0.000000,0.000000,0.000000,0.000000,0.000000,0.000000,0.000000,0.000000
152,4.065122,1.919519,-4.243243,2.185539,0.995914,-2.438260,2.270180,2.005247,0.444706,-1.992851,-1.977763,0.488582,1.805048,1.872294,0.000076,0.000087,0.114486,-0.207549,-0.041798,0.191714,-0.178098,-0.276095,0.081859,0.001154,-0.000863,4.389982,-4.480461,0.178060,0.549715,4.187886,1.426087,-1.845674,-0.001004,-0.003116,2.066244,-3.921726,-10.087176,20.118629,1.513635,1.986273,-0.026679,-0.256706,-0.102120,2.066244,-3.921726,-10.087176,20.118629,1.513635,1.986273,-0.026679,-0.256706,-0.102120,87.000000,87.000000,87.000000,87.000000,12.000000,12.000000,12.000000,200.000000,200.000000,0.000000,0.000000,0.000000,0.000000,0.000000,0.000000,0.000000,0.000000,0.000000
153,3.999153,2.001650,-4.298673,2.165898,0.995518,-2.442089,2.279975,2.005808,0.443735,-1.992878,-1.978252,0.487300,1.799345,1.876421,0.000076,0.000086,0.036062,-0.024114,-0.095662,0.149839,-0.053328,-0.245637,0.096038,0.000877,-0.000659,-1.811945,4.780332,-1.521294,-1.172094,0.592170,2.930583,-2.095850,0.000734,-0.000974,-0.765362,-0.517300,-12.254505,19.384405,1.065832,2.301407,-0.016971,-0.237470,-0.109616,-0.765362,-0.517300,-12.254505,19.384405,1.065832,2.301407,-0.016971,-0.237470,-0.109616,87.000000,87.000000,87.000000,87.000000,12.000000,12.000000,12.000000,200.000000,200.000000,0.000000,0.000000,0.000000,0.000000,0.000000,0.000000,0.000000,0.000000,0.000000
154,4.006820,1.989451,-4.301714,2.173620,1.004389,-2.436396,2.276867,2.005241,0.446859,-1.994610,-1.979820,0.488361,1.797556,1.877880,0.000079,0.000083,0.024167,0.051074,-0.136661,0.139621,-0.013293,-0.143723,0.035889,0.000833,-0.000620,-0.686284,1.822714,-0.731258,0.377415,-0.921495,1.045402,-0.721400,-0.000338,0.000916,-0.317362,-1.624449,-12.083056,19.934380,1.140102,2.294443,-0.018692,-0.241490,-0.103926,-0.317362,-1.624449,-12.083056,19.934380,1.140102,2.294443,-0.018692,-0.241490,-0.103926,87.000000,87.000000,87.000000,87.000000,12.000000,12.000000,12.000000,200.000000,200.000000,0.000000,0.000000,0.000000,0.000000,0.000000,0.000000,0.000000,0.000000,0.000000
155,4.030299,1.961566,-4.286450,2.192901,1.006705,-2.423668,2.267677,2.005084,0.449702,-1.996364,-1.980331,0.488584,1.799699,1.876470,0.000083,0.000080,0.053452,-0.018593,-0.108784,0.202942,-0.039188,-0.046999,-0.027972,0.000837,-0.000619,0.360918,-1.883852,1.000418,2.315212,-0.257732,-0.717861,0.729611,-0.002111,0.002465,0.615994,-2.993564,-11.306593,20.689150,1.320180,2.273973,-0.019772,-0.252943,-0.094417,0.615994,-2.993564,-11.306593,20.689150,1.320180,2.273973,-0.019772,-0.252943,-0.094417,87.000000,87.000000,87.000000,87.000000,12.000000,12.000000,12.000000,200.000000,200.000000,0.000000,0.000000,0.000000,0.000000,0.000000,0.000000,0.000000,0.000000,0.000000
156,3.959381,1.905803,-4.329638,2.126327,1.043404,-2.423952,2.273353,2.004805,0.450836,-1.997621,-1.980614,0.497562,1.802248,1.877017,0.000082,0.000081,0.034486,-0.073262,-0.102277,0.174479,0.210266,-0.063302,0.019469,0.000696,-0.000475,-0.407942,-2.277530,0.462323,0.170426,-3.944054,-1.852122,-0.265376,0.004823,-0.000900,-2.191565,-5.190415,-12.982037,18.002094,1.202623,2.032494,-0.019790,-0.230773,-0.110936,-2.191565,-5.190415,-12.982037,18.002094,1.202623,2.032494,-0.019790,-0.230773,-0.110936,87.000000,87.000000,87.000000,87.000000,12.000000,12.000000,12.000000,200.000000,200.000000,0.000000,0.000000,0.000000,0.000000,0.000000,0.000000,0.000000,0.000000,0.000000
157,4.040768,1.939507,-4.298388,2.154254,1.009972,-2.418764,2.276698,2.007799,0.448786,-2.000173,-1.981064,0.495420,1.804663,1.878198,0.000078,0.000084,0.187007,-0.165943,-0.165285,0.165750,-0.135541,-0.054263,0.027682,0.000845,-0.000613,2.475716,-1.681244,-0.861016,-0.212134,0.428310,-1.457223,-0.671245,0.003541,-0.004026,0.588665,-3.399105,-11.439462,19.155231,1.193802,2.049261,-0.026617,-0.235004,-0.113070,0.588665,-3.399105,-11.439462,19.155231,1.193802,2.049261,-0.026617,-0.235004,-0.113070,87.000000,87.000000,87.000000,87.000000,12.000000,12.000000,12.000000,200.000000,200.000000,0.000000,0.000000,0.000000,0.000000,0.000000,0.000000,0.000000,0.000000,0.000000
158,4.023732,1.972771,-4.320069,2.149210,1.006716,-2.462642,2.296789,2.011409,0.447206,-2.003998,-1.980971,0.492907,1.795866,1.883514,0.000074,0.000088,0.150785,-0.090196,-0.198493,0.169723,-0.075208,-0.365811,0.123230,0.001077,-0.000778,-0.311298,1.800888,-0.714624,-1.327371,2.082300,3.551565,-2.717042,0.005540,-0.006646,-0.447386,-1.944145,-11.902672,18.871872,1.210628,2.106652,-0.020111,-0.237089,-0.115197,-0.447386,-1.944145,-11.902672,18.871872,1.210628,2.106652,-0.020111,-0.237089,-0.115197,87.000000,87.000000,87.000000,87.000000,12.000000,12.000000,12.000000,200.000000,200.000000,0.000000,0.000000,0.000000,0.000000,0.000000,0.000000,0.000000,0.000000,0.000000
159,4.033964,1.966711,-4.268951,2.194318,0.995172,-2.463197,2.288702,2.010932,0.445983,-2.003927,-1.978606,0.488618,1.788890,1.884461,0.000084,0.000080,-0.022264,-0.120316,0.004159,0.294875,-0.147803,-0.245270,0.022523,0.000986,-0.000756,-3.113571,-0.615091,4.112086,2.136024,2.163775,5.115663,-0.473740,-0.015950,0.011359,0.293985,-2.147747,-10.120687,20.353855,1.283897,2.420568,-0.022150,-0.284620,-0.072500,0.293985,-2.147747,-10.120687,20.353855,1.283897,2.420568,-0.022150,-0.284620,-0.072500,87.000000,87.000000,87.000000,87.000000,12.000000,12.000000,12.000000,200.000000,200.000000,0.000000,0.000000,0.000000,0.000000,0.000000,0.000000,0.000000,0.000000,0.000000
160,4.029944,1.953145,-4.289215,2.192559,1.009350,-2.442038,2.301879,2.009567,0.443974,-2.001654,-1.975558,0.489292,1.790992,1.888029,0.000086,0.000077,0.025082,-0.142747,-0.007050,0.283557,-0.005153,-0.036325,0.083959,0.000637,-0.000463,0.968393,-0.575452,-0.325435,0.685995,-0.140441,-0.598758,-1.872638,-0.002669,0.005009,0.353962,-2.467774,-11.340962,19.984398,1.288074,2.216209,-0.024610,-0.246504,-0.095489,0.353962,-2.467774,-11.340962,19.984398,1.288074,2.216209,-0.024610,-0.246504,-0.095489,87.000000,87.000000,87.000000,87.000000,12.000000,12.000000,12.000000,200.000000,200.000000,0.000000,0.000000,0.000000,0.000000,0.000000,0.000000,0.000000,0.000000,0.000000
161,3.999087,2.027674,-4.290286,2.150137,0.974248,-2.486189,2.284673,2.006480,0.445523,-2.000203,-1.972281,0.483823,1.783400,1.885788,0.000072,0.000089,-0.061162,0.067907,-0.061794,0.228094,-0.189087,-0.321828,-0.047363,0.000920,-0.000630,-0.760055,5.886436,-2.390983,-3.951904,2.416936,3.828771,1.233742,0.009180,-0.009304,-0.502834,0.198836,-11.473618,17.908520,0.955376,2.063528,-0.004939,-0.218793,-0.130359,-0.502834,0.198836,-11.473618,17.908520,0.955376,2.063528,-0.004939,-0.218793,-0.130359,87.000000,87.000000,87.000000,87.000000,12.000000,12.000000,12.000000,200.000000,200.000000,0.000000,0.000000,0.000000,0.000000,0.000000,0.000000,0.000000,0.000000,0.000000
162,4.020016,1.931783,-4.234712,2.158008,1.006197,-2.413494,2.258587,2.003441,0.447804,-1.997370,-1.972769,0.485843,1.795096,1.878402,0.000089,0.000076,-0.052864,-0.065450,0.081462,0.190218,0.016520,0.238705,-0.159047,0.000587,-0.000383,-0.837465,-3.742329,4.027896,1.842453,-1.595953,-4.664689,3.793456,-0.008081,0.014631,0.549531,-4.014477,-9.489551,18.694767,1.294386,2.070916,-0.012098,-0.257796,-0.083143,0.549531,-4.014477,-9.489551,18.694767,1.294386,2.070916,-0.012098,-0.257796,-0.083143,87.000000,87.000000,87.000000,87.000000,12.000000,12.000000,12.000000,200.000000,200.000000,0.000000,0.000000,0.000000,0.000000,0.000000,0.000000,0.000000,0.000000,0.000000
163,4.050363,1.915350,-4.305366,2.176185,1.002123,-2.412838,2.285273,2.006854,0.445561,-1.996947,-1.973892,0.485915,1.803486,1.880860,0.000078,0.000084,0.264857,-0.191558,-0.130907,0.137931,-0.033813,0.043590,0.061047,0.000705,-0.000492,6.386940,-3.023961,-4.111976,-0.503612,0.476964,-6.106369,-1.357108,0.011986,-0.010625,1.067895,-4.115840,-12.258736,19.513807,1.377591,1.849552,-0.024594,-0.213854,-0.131458,1.067895,-4.115840,-12.258736,19.513807,1.377591,1.849552,-0.024594,-0.213854,-0.131458,87.000000,87.000000,87.000000,87.000000,12.000000,12.000000,12.000000,200.000000,200.000000,0.000000,0.000000,0.000000,0.000000,0.000000,0.000000,0.000000,0.000000,0.000000
164,3.977111,2.014924,-4.289347,2.159340,0.979570,-2.452052,2.273867,2.006835,0.445974,-1.996024,-1.973028,0.482968,1.796977,1.879448,0.000073,0.000089,-0.058208,0.036770,-0.010861,0.203977,-0.110941,-0.295035,-0.027804,0.001008,-0.000723,-5.822682,5.993278,1.408959,-1.081152,1.516830,3.861176,0.807455,-0.000521,-0.002599,-1.711725,-0.257308,-11.685334,18.567123,0.979191,2.271701,-0.006242,-0.239285,-0.115547,-1.711725,-0.257308,-11.685334,18.567123,0.979191,2.271701,-0.006242,-0.239285,-0.115547,87.000000,87.000000,87.000000,87.000000,12.000000,12.000000,12.000000,200.000000,200.000000,0.000000,0.000000,0.000000,0.000000,0.000000,0.000000,0.000000,0.000000,0.000000
165,3.991726,1.923937,-4.313305,2.160677,1.017583,-2.441414,2.283619,2.005668,0.448641,-1.995830,-1.974199,0.488246,1.795949,1.881033,0.000079,0.000084,0.051601,-0.028901,-0.085971,0.141531,0.115693,-0.127895,0.041821,0.000793,-0.000597,2.050743,-2.318361,-1.122700,-0.068738,-2.374608,0.010888,-0.824066,-0.000713,0.002169,-0.868735,-4.410413,-12.609658,18.934784,1.254041,2.119954,-0.022226,-0.239376,-0.104123,-0.868735,-4.410413,-12.609658,18.934784,1.254041,2.119954,-0.022226,-0.239376,-0.104123,87.000000,87.000000,87.000000,87.000000,12.000000,12.000000,12.000000,200.000000,200.000000,0.000000,0.000000,0.000000,0.000000,0.000000,0.000000,0.000000,0.000000,0.000000
166,3.996919,1.899197,-4.330492,2.173659,1.024349,-2.426336,2.295923,2.007843,0.447848,-1.997330,-1.975626,0.492990,1.798627,1.884867,0.000081,0.000081,0.138704,-0.149993,-0.122412,0.162123,0.069310,-0.042891,0.088827,0.000800,-0.000581,1.204305,-3.224618,-0.296389,1.550384,-2.422946,-1.579264,-2.019761,0.001767,0.000403,-1.114293,-5.066480,-13.032593,19.606558,1.260672,2.191458,-0.031309,-0.240512,-0.103545,-1.114293,-5.066480,-13.032593,19.606558,1.260672,2.191458,-0.031309,-0.240512,-0.103545,87.000000,87.000000,87.000000,87.000000,12.000000,12.000000,12.000000,200.000000,200.000000,0.000000,0.000000,0.000000,0.000000,0.000000,0.000000,0.000000,0.000000,0.000000
167,4.011957,1.970397,-4.326588,2.128944,1.005120,-2.452910,2.270555,2.011625,0.446987,-2.001293,-1.977417,0.492514,1.795208,1.880795,0.000072,0.000089,0.167515,-0.057916,-0.223934,0.093046,-0.067432,-0.223047,-0.087957,0.000879,-0.000610,0.056095,2.602661,-1.925197,-2.385541,-0.077576,0.827039,2.177063,0.009001,-0.007623,-0.956275,-2.061558,-12.384133,17.919577,1.027681,2.015383,-0.007405,-0.216109,-0.129525,-0.956275,-2.061558,-12.384133,17.919577,1.027681,2.015383,-0.007405,-0.216109,-0.129525,87.000000,87.000000,87.000000,87.000000,12.000000,12.000000,12.000000,200.000000,200.000000,0.000000,0.000000,0.000000,0.000000,0.000000,0.000000,0.000000,0.000000,0.000000
168,4.008732,1.994254,-4.223903,2.183453,0.966483,-2.434309,2.265472,2.007172,0.447786,-1.998180,-1.976207,0.482543,1.795122,1.877435,0.000086,0.000078,-0.220922,-0.030605,0.155195,0.274665,-0.314595,-0.056662,-0.071762,0.001005,-0.000780,-7.563172,1.299131,7.280470,2.755077,4.111792,3.024589,1.671617,-0.017015,0.011644,-0.145408,-1.318767,-8.995297,19.819273,1.172815,2.458185,-0.014738,-0.289439,-0.068816,-0.145408,-1.318767,-8.995297,19.819273,1.172815,2.458185,-0.014738,-0.289439,-0.068816,87.000000,87.000000,87.000000,87.000000,12.000000,12.000000,12.000000,200.000000,200.000000,0.000000,0.000000,0.000000,0.000000,0.000000,0.000000,0.000000,0.000000,0.000000
169,4.036691,1.956433,-4.277299,2.151979,1.004530,-2.431389,2.276880,2.003990,0.448858,-1.995177,-1.976811,0.484299,1.799071,1.878319,0.000080,0.000082,0.061259,-0.061613,-0.055049,0.123274,0.053050,-0.040251,0.027559,0.000589,-0.000403,6.229419,-1.351225,-4.229956,-2.163177,-0.083602,-3.663180,-0.448418,0.006569,-0.001372,1.279441,-2.985475,-11.483595,18.723778,1.348294,1.825657,-0.014971,-0.219409,-0.116853,1.279441,-2.985475,-11.483595,18.723778,1.348294,1.825657,-0.014971,-0.219409,-0.116853,87.000000,87.000000,87.000000,87.000000,12.000000,12.000000,12.000000,200.000000,200.000000,0.000000,0.000000,0.000000,0.000000,0.000000,0.000000,0.000000,0.000000,0.000000
170,4.038864,1.950079,-4.288932,2.165431,1.001179,-2.442008,2.271755,2.006649,0.448321,-1.996101,-1.978702,0.485538,1.797615,1.877659,0.000077,0.000085,0.170656,-0.110531,-0.118128,0.126745,-0.011359,-0.171503,-0.010928,0.000889,-0.000634,2.353470,-1.249856,-1.039718,-0.001046,-0.386936,-0.103957,0.356505,0.004551,-0.004496,0.639529,-3.061146,-11.522957,19.529133,1.262259,2.069634,-0.018542,-0.232962,-0.114822,0.639529,-3.061146,-11.522957,19.529133,1.262259,2.069634,-0.018542,-0.232962,-0.114822,87.000000,87.000000,87.000000,87.000000,12.000000,12.000000,12.000000,200.000000,200.000000,0.000000,0.000000,0.000000,0.000000,0.000000,0.000000,0.000000,0.000000,0.000000
171,3.974353,1.932568,-4.355701,2.152775,1.037577,-2.394345,2.273582,2.010521,0.447860,-1.998657,-1.982240,0.495079,1.806062,1.877702,0.000083,0.000081,0.127604,-0.079643,-0.148247,0.101580,0.204318,0.115383,0.007330,0.000627,-0.000404,-2.724226,0.369382,0.146303,2.131989,-5.199955,-4.262506,-0.029059,0.003937,0.003290,-2.428899,-3.714417,-13.838024,19.495289,1.107940,2.304353,-0.019592,-0.229885,-0.108449,-2.428899,-3.714417,-13.838024,19.495289,1.107940,2.304353,-0.019592,-0.229885,-0.108449,87.000000,87.000000,87.000000,87.000000,12.000000,12.000000,12.000000,200.000000,200.000000,0.000000,0.000000,0.000000,0.000000,0.000000,0.000000,0.000000,0.000000,0.000000
172,3.972830,1.970848,-4.307472,2.211257,0.992223,-2.450823,2.297210,2.006144,0.448212,-1.996793,-1.978486,0.489985,1.797502,1.883421,0.000078,0.000085,-0.159182,-0.041645,0.027115,0.346483,-0.190853,-0.343083,0.129407,0.001160,-0.000861,-3.787597,1.350418,1.861813,2.047809,2.808958,5.752295,-2.991030,-0.008505,0.000279,-1.445354,-2.256706,-12.419643,20.882080,1.207044,2.514229,-0.028640,-0.272332,-0.093846,-1.445354,-2.256706,-12.419643,20.882080,1.207044,2.514229,-0.028640,-0.272332,-0.093846,87.000000,87.000000,87.000000,87.000000,12.000000,12.000000,12.000000,200.000000,200.000000,0.000000,0.000000,0.000000,0.000000,0.000000,0.000000,0.000000,0.000000,0.000000
173,4.000521,1.916995,-4.328629,2.175168,1.033033,-2.410092,2.312765,2.004625,0.447850,-1.997370,-1.976660,0.495253,1.803150,1.890113,0.000085,0.000079,0.078745,-0.124303,-0.142403,0.227143,0.118285,0.056415,0.152992,0.000615,-0.000399,3.965976,-2.529315,-2.923907,0.093463,-2.545095,-3.233482,-3.469089,0.005439,0.004098,-0.394591,-4.383646,-13.051817,19.492041,1.294477,2.124465,-0.031635,-0.230848,-0.104586,-0.394591,-4.383646,-13.051817,19.492041,1.294477,2.124465,-0.031635,-0.230848,-0.104586,87.000000,87.000000,87.000000,87.000000,12.000000,12.000000,12.000000,200.000000,200.000000,0.000000,0.000000,0.000000,0.000000,0.000000,0.000000,0.000000,0.000000,0.000000
174,4.043147,1.982083,-4.232410,2.177271,0.985043,-2.484278,2.281872,2.002871,0.446056,-1.997038,-1.971570,0.488327,1.790854,1.886298,0.000075,0.000088,-0.005128,-0.120434,-0.032035,0.324328,-0.228644,-0.452583,-0.084904,0.001180,-0.000824,0.571755,0.514355,1.375658,-1.771674,4.029101,6.375179,2.064428,-0.000534,-0.003807,1.474205,-1.473206,-9.273708,18.807869,1.223064,2.033413,-0.009865,-0.255269,-0.108773,1.474205,-1.473206,-9.273708,18.807869,1.223064,2.033413,-0.009865,-0.255269,-0.108773,87.000000,87.000000,87.000000,87.000000,12.000000,12.000000,12.000000,200.000000,200.000000,0.000000,0.000000,0.000000,0.000000,0.000000,0.000000,0.000000,0.000000,0.000000
175,4.010892,1.983280,-4.305811,2.117308,1.006355,-2.456884,2.278967,2.005092,0.446811,-2.000088,-1.972658,0.489868,1.789926,1.883441,0.000075,0.000087,0.152807,-0.002722,-0.216655,0.077389,0.015028,-0.111837,-0.056234,0.000614,-0.000458,1.563383,2.934841,-2.863635,-3.931682,-1.332854,-0.428952,1.483696,0.005329,-0.002552,-0.348920,-1.659953,-11.724831,17.024330,1.001455,1.918184,-0.006905,-0.212700,-0.126306,-0.348920,-1.659953,-11.724831,17.024330,1.001455,1.918184,-0.006905,-0.212700,-0.126306,87.000000,87.000000,87.000000,87.000000,12.000000,12.000000,12.000000,200.000000,200.000000,0.000000,0.000000,0.000000,0.000000,0.000000,0.000000,0.000000,0.000000,0.000000
176,3.970774,1.935805,-4.357463,2.159291,1.029944,-2.418160,2.279163,2.007569,0.449197,-2.004743,-1.976668,0.495572,1.796757,1.882060,0.000081,0.000082,0.077214,-0.009582,-0.188398,0.094233,0.098210,0.070213,-0.024629,0.000728,-0.000508,-3.104266,-0.573785,1.442717,2.283663,-3.381945,-3.266930,0.694447,0.000982,0.003606,-2.223247,-3.932050,-13.241488,19.337719,1.147763,2.271530,-0.018323,-0.237303,-0.103911,-2.223247,-3.932050,-13.241488,19.337719,1.147763,2.271530,-0.018323,-0.237303,-0.103911,87.000000,87.000000,87.000000,87.000000,12.000000,12.000000,12.000000,200.000000,200.000000,0.000000,0.000000,0.000000,0.000000,0.000000,0.000000,0.000000,0.000000,0.000000
177,4.050229,1.926161,-4.278029,2.171698,1.010875,-2.425496,2.269633,2.009042,0.448034,-2.006647,-1.977554,0.493416,1.800346,1.879132,0.000082,0.000081,0.105239,-0.176191,-0.082515,0.191985,-0.111725,-0.034828,-0.062183,0.000907,-0.000675,0.750509,-4.092839,2.708060,1.945816,1.157401,-1.720074,1.481176,-0.001626,-0.000546,0.983352,-3.983357,-10.121346,19.626207,1.371227,2.056309,-0.020289,-0.253233,-0.099329,0.983352,-3.983357,-10.121346,19.626207,1.371227,2.056309,-0.020289,-0.253233,-0.099329,87.000000,87.000000,87.000000,87.000000,12.000000,12.000000,12.000000,200.000000,200.000000,0.000000,0.000000,0.000000,0.000000,0.000000,0.000000,0.000000,0.000000,0.000000
178,4.016725,1.952988,-4.309800,2.120338,1.016990,-2.439976,2.273047,2.011150,0.445467,-2.007843,-1.978693,0.494478,1.799584,1.878311,0.000076,0.000086,0.114859,-0.134691,-0.115037,0.118478,0.006923,-0.155469,-0.011748,0.000772,-0.000554,0.133886,0.898063,-0.470443,-1.981847,-0.145689,-0.519934,0.438308,0.005206,-0.004517,-0.584844,-2.529861,-11.393669,17.632595,1.147860,1.926173,-0.012068,-0.223048,-0.121528,-0.584844,-2.529861,-11.393669,17.632595,1.147860,1.926173,-0.012068,-0.223048,-0.121528,87.000000,87.000000,87.000000,87.000000,12.000000,12.000000,12.000000,200.000000,200.000000,0.000000,0.000000,0.000000,0.000000,0.000000,0.000000,0.000000,0.000000,0.000000
179,3.987654,1.939945,-4.297695,2.234253,1.001778,-2.423507,2.300395,2.007266,0.442354,-2.003690,-1.975825,0.490813,1.799018,1.884494,0.000087,0.000077,-0.154665,-0.181759,0.132604,0.350967,-0.137931,-0.087897,0.140547,0.000929,-0.000720,-4.599570,-0.895938,4.059320,4.479979,1.864945,2.656199,-3.283481,-0.018538,0.012773,-1.001052,-2.781085,-11.631083,21.714611,1.326952,2.637957,-0.033538,-0.289605,-0.067863,-1.001052,-2.781085,-11.631083,21.714611,1.326952,2.637957,-0.033538,-0.289605,-0.067863,87.000000,87.000000,87.000000,87.000000,12.000000,12.000000,12.000000,200.000000,200.000000,0.000000,0.000000,0.000000,0.000000,0.000000,0.000000,0.000000,0.000000,0.000000
180,4.010729,1.985971,-4.239871,2.141634,0.984601,-2.457933,2.272535,2.000605,0.440425,-1.997470,-1.971672,0.486034,1.795077,1.881070,0.000076,0.000085,-0.117150,-0.087309,0.083408,0.244451,-0.151195,-0.220788,-0.074175,0.000764,-0.000519,2.386532,2.726696,-2.276010,-4.395005,2.494290,1.885942,1.859185,0.005796,-0.003443,0.761370,-0.829834,-10.054650,17.450939,1.096573,1.881836,-0.005275,-0.222130,-0.121160,0.761370,-0.829834,-10.054650,17.450939,1.096573,1.881836,-0.005275,-0.222130,-0.121160,87.000000,87.000000,87.000000,87.000000,12.000000,12.000000,12.000000,200.000000,200.000000,0.000000,0.000000,0.000000,0.000000,0.000000,0.000000,0.000000,0.000000,0.000000
181,3.986835,1.947719,-4.304203,2.123933,1.012133,-2.400659,2.259863,1.999889,0.440854,-1.996710,-1.975105,0.489688,1.805212,1.876177,0.000078,0.000084,0.076655,-0.041637,-0.106762,0.032800,0.055832,0.156233,-0.102233,0.000503,-0.000306,2.235192,1.103136,-3.198953,-2.175477,-2.670901,-5.893816,2.521418,0.007998,0.000030,-0.655636,-2.608834,-12.240211,17.705210,1.058053,1.920219,-0.007584,-0.206941,-0.126485,-0.655636,-2.608834,-12.240211,17.705210,1.058053,1.920219,-0.007584,-0.206941,-0.126485,87.000000,87.000000,87.000000,87.000000,12.000000,12.000000,12.000000,200.000000,200.000000,0.000000,0.000000,0.000000,0.000000,0.000000,0.000000,0.000000,0.000000,0.000000
182,4.008206,1.948396,-4.248526,2.217888,0.984947,-2.463868,2.284380,1.996199,0.440581,-1.993636,-1.973915,0.483990,1.795289,1.879516,0.000077,0.000087,-0.084065,-0.107323,0.068390,0.267166,-0.174740,-0.399660,0.079102,0.001290,-0.000931,-0.421219,-1.673753,2.243718,1.926241,3.973144,5.413604,-1.760487,-0.006161,0.000502,0.759848,-2.543731,-10.405305,20.984762,1.421236,2.298827,-0.024266,-0.273469,-0.092583,0.759848,-2.543731,-10.405305,20.984762,1.421236,2.298827,-0.024266,-0.273469,-0.092583,87.000000,87.000000,87.000000,87.000000,12.000000,12.000000,12.000000,200.000000,200.000000,0.000000,0.000000,0.000000,0.000000,0.000000,0.000000,0.000000,0.000000,0.000000
183,3.996633,1.950361,-4.313333,2.184289,1.008450,-2.458632,2.314708,1.996215,0.440117,-1.993572,-1.973979,0.486803,1.790627,1.888495,0.000079,0.000084,0.120262,-0.075824,-0.144425,0.153674,0.060241,-0.218152,0.204721,0.000830,-0.000623,3.843533,0.583506,-4.276317,-1.274768,-1.114256,1.484002,-4.647301,0.006742,-0.003785,0.005883,-2.382742,-12.817799,19.759218,1.223721,2.182937,-0.030120,-0.231091,-0.111632,0.005883,-2.382742,-12.817799,19.759218,1.223721,2.182937,-0.030120,-0.231091,-0.111632,87.000000,87.000000,87.000000,87.000000,12.000000,12.000000,12.000000,200.000000,200.000000,0.000000,0.000000,0.000000,0.000000,0.000000,0.000000,0.000000,0.000000,0.000000
184,4.058936,1.957218,-4.262366,2.193185,1.008665,-2.436521,2.273966,2.001232,0.438896,-1.996737,-1.975446,0.488620,1.793387,1.883586,0.000083,0.000081,0.224179,-0.128671,-0.156672,0.160008,-0.012132,-0.027610,-0.108843,0.000758,-0.000527,0.996514,-1.123078,0.838362,1.599272,-1.354174,-1.396561,2.603366,-0.002090,0.005373,1.655651,-1.968842,-10.199035,20.381302,1.257329,2.176826,-0.014142,-0.247343,-0.097123,1.655651,-1.968842,-10.199035,20.381302,1.257329,2.176826,-0.014142,-0.247343,-0.097123,87.000000,87.000000,87.000000,87.000000,12.000000,12.000000,12.000000,200.000000,200.000000,0.000000,0.000000,0.000000,0.000000,0.000000,0.000000,0.000000,0.000000,0.000000
185,4.022581,1.980453,-4.312667,2.142705,1.007777,-2.447084,2.265352,2.007595,0.439237,-2.001605,-1.977641,0.490324,1.793558,1.878789,0.000075,0.000087,0.230381,-0.012249,-0.238365,0.095376,0.003756,-0.133415,-0.099916,0.000781,-0.000541,-1.011619,3.026184,-0.980843,-1.250709,-1.021021,-1.066419,2.498440,0.010226,-0.008513,-0.439154,-1.138970,-11.708802,18.546452,1.066813,2.035443,-0.004529,-0.214073,-0.131241,-0.439154,-1.138970,-11.708802,18.546452,1.066813,2.035443,-0.004529,-0.214073,-0.131241,87.000000,87.000000,87.000000,87.000000,12.000000,12.000000,12.000000,200.000000,200.000000,0.000000,0.000000,0.000000,0.000000,0.000000,0.000000,0.000000,0.000000,0.000000
186,3.937331,1.972937,-4.353077,2.114891,1.015842,-2.423647,2.262737,2.008596,0.444259,-2.005386,-1.981292,0.493920,1.797624,1.875663,0.000077,0.000085,-0.032543,0.139398,-0.146970,0.076296,0.037634,0.006077,-0.062743,0.000719,-0.000520,-6.907515,3.615810,2.227298,0.245921,-2.875334,-1.337013,1.610313,-0.000190,0.001816,-3.573872,-2.210478,-13.075526,17.864458,0.905049,2.265137,-0.009365,-0.230595,-0.112329,-3.573872,-2.210478,-13.075526,17.864458,0.905049,2.265137,-0.009365,-0.230595,-0.112329,87.000000,87.000000,87.000000,87.000000,12.000000,12.000000,12.000000,200.000000,200.000000,0.000000,0.000000,0.000000,0.000000,0.000000,0.000000,0.000000,0.000000,0.000000
187,3.990414,1.909024,-4.321636,2.225981,1.017587,-2.456836,2.312702,2.003582,0.447666,-2.004787,-1.979439,0.492926,1.791784,1.886033,0.000082,0.000082,-0.099103,-0.058978,-0.014270,0.315143,-0.050011,-0.272645,0.235824,0.001151,-0.000834,0.711954,-5.589614,2.003144,4.153222,1.596513,3.559270,-5.445371,-0.008539,0.005497,-0.436709,-5.037371,-12.231367,21.748413,1.546201,2.419507,-0.042637,-0.280138,-0.080708,-0.436709,-5.037371,-12.231367,21.748413,1.546201,2.419507,-0.042637,-0.280138,-0.080708,87.000000,87.000000,87.000000,87.000000,12.000000,12.000000,12.000000,200.000000,200.000000,0.000000,0.000000,0.000000,0.000000,0.000000,0.000000,0.000000,0.000000,0.000000
188,4.046302,1.933262,-4.237979,2.156986,1.010584,-2.438047,2.260208,2.001581,0.445342,-2.002266,-1.976402,0.492089,1.794866,1.879036,0.000086,0.000078,0.040192,-0.201071,0.025218,0.265868,-0.069474,-0.004713,-0.156009,0.000679,-0.000466,2.929470,-3.470659,1.285322,-0.428386,0.211278,-1.077245,3.692568,-0.002174,0.007016,1.720262,-3.383009,-9.236984,18.612680,1.300194,1.956026,-0.012123,-0.247685,-0.094730,1.720262,-3.383009,-9.236984,18.612680,1.300194,1.956026,-0.012123,-0.247685,-0.094730,87.000000,87.000000,87.000000,87.000000,12.000000,12.000000,12.000000,200.000000,200.000000,0.000000,0.000000,0.000000,0.000000,0.000000,0.000000,0.000000,0.000000,0.000000
189,4.025423,2.011667,-4.253319,2.151635,0.971490,-2.456771,2.277301,2.000642,0.443328,-1.999337,-1.973971,0.483980,1.792606,1.879255,0.000075,0.000087,0.021892,-0.067792,-0.001859,0.212385,-0.250480,-0.183500,0.010308,0.000859,-0.000620,0.215644,4.206724,-1.367126,-3.189690,3.832301,1.106339,-0.168504,0.006804,-0.009280,0.853150,-0.001330,-10.165397,18.188951,1.074978,1.982017,-0.011656,-0.224593,-0.127280,0.853150,-0.001330,-10.165397,18.188951,1.074978,1.982017,-0.011656,-0.224593,-0.127280,87.000000,87.000000,87.000000,87.000000,12.000000,12.000000,12.000000,200.000000,200.000000,0.000000,0.000000,0.000000,0.000000,0.000000,0.000000,0.000000,0.000000,0.000000
190,4.009089,1.935303,-4.325424,2.157319,1.018050,-2.419205,2.281040,2.003949,0.443468,-2.000757,-1.976586,0.488652,1.799079,1.880300,0.000080,0.000083,0.194392,-0.079946,-0.156881,0.092854,0.113512,0.048080,0.029819,0.000634,-0.000435,2.171416,-0.809573,-2.215998,-0.039528,-2.085061,-4.399578,-0.524870,0.003993,0.001717,-0.407359,-3.321255,-12.575810,19.121006,1.262789,2.038991,-0.017548,-0.224851,-0.112890,-0.407359,-3.321255,-12.575810,19.121006,1.262789,2.038991,-0.017548,-0.224851,-0.112890,87.000000,87.000000,87.000000,87.000000,12.000000,12.000000,12.000000,200.000000,200.000000,0.000000,0.000000,0.000000,0.000000,0.000000,0.000000,0.000000,0.000000,0.000000
191,3.987217,1.968069,-4.268488,2.161804,0.993899,-2.436023,2.256320,2.002969,0.443914,-1.999038,-1.976455,0.487189,1.798352,1.875019,0.000079,0.000084,-0.064950,-0.040481,0.049326,0.214383,-0.097521,-0.134092,-0.114770,0.000936,-0.000679,-4.598433,1.195771,3.660048,1.044609,0.458395,1.456018,2.762813,-0.004759,0.001983,-0.911381,-2.036809,-10.639527,19.034142,1.113456,2.240789,-0.009655,-0.253773,-0.100563,-0.911381,-2.036809,-10.639527,19.034142,1.113456,2.240789,-0.009655,-0.253773,-0.100563,87.000000,87.000000,87.000000,87.000000,12.000000,12.000000,12.000000,200.000000,200.000000,0.000000,0.000000,0.000000,0.000000,0.000000,0.000000,0.000000,0.000000,0.000000
192,3.985426,1.943656,-4.310405,2.148786,1.013062,-2.444473,2.281745,2.001201,0.445215,-1.997411,-1.977050,0.489852,1.796714,1.878222,0.000076,0.000085,0.038140,-0.036044,-0.065748,0.139668,0.048910,-0.167240,0.078882,0.000792,-0.000582,2.437224,-0.227049,-2.564627,-1.496536,-0.963547,-0.023920,-1.688382,0.004021,-0.003087,-0.705943,-3.209967,-12.502788,18.610796,1.202923,2.036957,-0.021040,-0.227683,-0.116297,-0.705943,-3.209967,-12.502788,18.610796,1.202923,2.036957,-0.021040,-0.227683,-0.116297,87.000000,87.000000,87.000000,87.000000,12.000000,12.000000,12.000000,200.000000,200.000000,0.000000,0.000000,0.000000,0.000000,0.000000,0.000000,0.000000,0.000000,0.000000
193,3.999434,1.901868,-4.322831,2.201961,1.021244,-2.436821,2.300010,2.002511,0.443892,-1.997749,-1.977248,0.492484,1.796014,1.884383,0.000082,0.000081,0.118190,-0.170533,-0.086542,0.215307,0.028540,-0.125482,0.140085,0.000913,-0.000682,1.671848,-3.570609,-0.298166,2.430575,-0.951706,0.345418,-3.217483,-0.002489,0.002048,-0.507616,-4.609588,-12.786415,20.777622,1.370499,2.311122,-0.034749,-0.255477,-0.093521,-0.507616,-4.609588,-12.786415,20.777622,1.370499,2.311122,-0.034749,-0.255477,-0.093521,87.000000,87.000000,87.000000,87.000000,12.000000,12.000000,12.000000,200.000000,200.000000,0.000000,0.000000,0.000000,0.000000,0.000000,0.000000,0.000000,0.000000,0.000000
194,4.018615,1.964324,-4.283380,2.184354,0.997632,-2.473012,2.292362,2.003673,0.441208,-1.997805,-1.974587,0.489592,1.788201,1.885775,0.000077,0.000085,0.080721,-0.133757,-0.074220,0.260373,-0.115857,-0.316266,0.032424,0.000972,-0.000696,0.008832,1.265427,-0.266319,-0.629210,1.734230,4.052480,-0.672356,-0.000405,-0.000862,0.169802,-1.718475,-11.233956,19.566252,1.195086,2.205757,-0.018576,-0.246324,-0.105484,0.169802,-1.718475,-11.233956,19.566252,1.195086,2.205757,-0.018576,-0.246324,-0.105484,87.000000,87.000000,87.000000,87.000000,12.000000,12.000000,12.000000,200.000000,200.000000,0.000000,0.000000,0.000000,0.000000,0.000000,0.000000,0.000000,0.000000,0.000000
195,4.049596,2.012170,-4.249692,2.163342,0.986310,-2.438301,2.260086,2.005526,0.441053,-1.998375,-1.974349,0.485921,1.791839,1.878750,0.000081,0.000082,0.092015,-0.024422,-0.083249,0.169600,-0.147800,0.017000,-0.153342,0.000736,-0.000505,-1.189012,3.397632,0.396342,-1.032385,0.752642,-1.196456,3.654398,0.003837,0.001223,1.163103,0.038200,-9.780152,18.923803,1.060762,2.125213,-0.003456,-0.233412,-0.108009,1.163103,0.038200,-9.780152,18.923803,1.060762,2.125213,-0.003456,-0.233412,-0.108009,87.000000,87.000000,87.000000,87.000000,12.000000,12.000000,12.000000,200.000000,200.000000,0.000000,0.000000,0.000000,0.000000,0.000000,0.000000,0.000000,0.000000,0.000000
196,3.958708,1.980366,-4.240857,2.170573,0.990993,-2.461258,2.274997,1.998532,0.444500,-1.992703,-1.971550,0.484281,1.788726,1.878544,0.000082,0.000081,-0.264902,0.062683,0.179065,0.288215,-0.055937,-0.191532,0.003235,0.000837,-0.000636,-5.229036,1.824928,3.970315,0.536476,1.314839,2.958589,0.093583,-0.014080,0.008032,-1.204630,-1.829354,-10.366598,18.768406,1.176081,2.238460,-0.012549,-0.267669,-0.088400,-1.204630,-1.829354,-10.366598,18.768406,1.176081,2.238460,-0.012549,-0.267669,-0.088400,87.000000,87.000000,87.000000,87.000000,12.000000,12.000000,12.000000,200.000000,200.000000,0.000000,0.000000,0.000000,0.000000,0.000000,0.000000,0.000000,0.000000,0.000000
197,3.997829,1.885969,-4.333534,2.181000,1.035993,-2.412893,2.295558,1.998074,0.445972,-1.991587,-1.972766,0.492627,1.798638,1.883435,0.000083,0.000081,0.183331,-0.106477,-0.141394,0.129148,0.184136,0.135518,0.114670,0.000551,-0.000309,8.014065,-4.805681,-5.691198,-0.079984,-4.099460,-6.575566,-2.581173,0.014193,-0.001366,-0.020536,-5.652390,-13.876529,19.662973,1.357122,1.970157,-0.032461,-0.209753,-0.120929,-0.020536,-5.652390,-13.876529,19.662973,1.357122,1.970157,-0.032461,-0.209753,-0.120929,87.000000,87.000000,87.000000,87.000000,12.000000,12.000000,12.000000,200.000000,200.000000,0.000000,0.000000,0.000000,0.000000,0.000000,0.000000,0.000000,0.000000,0.000000
198,3.975564,1.903425,-4.353460,2.148291,1.040241,-2.399873,2.285589,2.004451,0.444360,-1.996306,-1.975577,0.499872,1.807119,1.883661,0.000077,0.000085,0.245565,-0.134389,-0.237023,0.104545,0.123354,0.069693,0.007892,0.000712,-0.000467,-0.176766,-0.775172,-1.238456,0.666784,-3.922619,-5.269526,-0.091067,0.009919,-0.006246,-2.058432,-4.520257,-13.783995,18.690680,1.115365,2.056581,-0.021400,-0.215596,-0.128652,-2.058432,-4.520257,-13.783995,18.690680,1.115365,2.056581,-0.021400,-0.215596,-0.128652,87.000000,87.000000,87.000000,87.000000,12.000000,12.000000,12.000000,200.000000,200.000000,0.000000,0.000000,0.000000,0.000000,0.000000,0.000000,0.000000,0.000000,0.000000
199,3.949932,2.000302,-4.300888,2.130619,0.993724,-2.460633,2.258565,2.003095,0.446042,-1.998196,-1.975074,0.494460,1.797430,1.877276,0.000070,0.000093,-0.105413,0.065371,-0.084403,0.182564,-0.201730,-0.377195,-0.139106,0.001169,-0.000828,-6.230429,5.422346,2.090231,-1.984619,2.325039,5.641549,3.376097,0.001017,-0.004529,-2.397503,-0.956922,-11.737612,17.588219,0.910429,2.211316,-0.000343,-0.241839,-0.118023,-2.397503,-0.956922,-11.737612,17.588219,0.910429,2.211316,-0.000343,-0.241839,-0.118023,87.000000,87.000000,87.000000,87.000000,12.000000,12.000000,12.000000,200.000000,200.000000,0.000000,0.000000,0.000000,0.000000,0.000000,0.000000,0.000000,0.000000,0.000000
200,4.032214,1.892184,-4.282770,2.221163,1.021704,-2.442393,2.308340,2.001234,0.445963,-1.998282,-1.974171,0.493471,1.795036,1.885794,0.000086,0.000079,0.056358,-0.186162,-0.055075,0.256638,-0.030492,-0.142496,0.196484,0.000949,-0.000741,3.737389,-6.879535,1.193637,3.105435,1.381460,1.438136,-4.530072,-0.012719,0.011017,1.188373,-5.309647,-11.139895,21.227634,1.603577,2.276061,-0.040337,-0.281494,-0.071736,1.188373,-5.309647,-11.139895,21.227634,1.603577,2.276061,-0.040337,-0.281494,-0.071736,87.000000,87.000000,87.000000,87.000000,12.000000,12.000000,12.000000,200.000000,200.000000,0.000000,0.000000,0.000000,0.000000,0.000000,0.000000,0.000000,0.000000,0.000000
201,4.022151,1.948583,-4.322379,2.144900,1.024031,-2.430161,2.285718,2.005841,0.442823,-2.001864,-1.975118,0.496413,1.798424,1.884927,0.000079,0.000083,0.236237,-0.151426,-0.232712,0.118480,0.032487,-0.035226,-0.017444,0.000614,-0.000409,2.368315,1.032269,-2.942958,-1.831495,-1.754533,-2.816002,0.519826,0.010825,-0.003581,-0.133394,-2.442924,-12.207253,18.336208,1.110864,1.963670,-0.014780,-0.210956,-0.123491,-0.133394,-2.442924,-12.207253,18.336208,1.110864,1.963670,-0.014780,-0.210956,-0.123491,87.000000,87.000000,87.000000,87.000000,12.000000,12.000000,12.000000,200.000000,200.000000,0.000000,0.000000,0.000000,0.000000,0.000000,0.000000,0.000000,0.000000,0.000000
202,4.016551,1.989486,-4.323143,2.185118,0.995835,-2.438934,2.288282,2.009437,0.441971,-2.006387,-1.975488,0.491726,1.796674,1.885027,0.000077,0.000085,0.101784,-0.048472,-0.190111,0.189092,-0.174731,-0.159935,0.005550,0.000969,-0.000716,-3.340430,3.138004,0.885140,0.726178,1.930748,1.333715,-0.065186,0.000800,-0.003421,-0.621038,-0.893107,-11.764070,19.935497,1.117048,2.320434,-0.015493,-0.243884,-0.108538,-0.621038,-0.893107,-11.764070,19.935497,1.117048,2.320434,-0.015493,-0.243884,-0.108538,87.000000,87.000000,87.000000,87.000000,12.000000,12.000000,12.000000,200.000000,200.000000,0.000000,0.000000,0.000000,0.000000,0.000000,0.000000,0.000000,0.000000,0.000000
203,4.057359,1.987910,-4.287457,2.174262,0.996794,-2.455608,2.294994,2.011127,0.443212,-2.010063,-1.975194,0.488219,1.792921,1.886667,0.000078,0.000084,0.099761,-0.026603,-0.166543,0.190865,-0.108190,-0.210336,0.041174,0.000933,-0.000694,-0.047960,0.471684,0.977046,-0.201233,2.052167,1.673185,-0.835831,-0.000784,-0.000010,1.070384,-1.266052,-10.101269,19.418552,1.270781,2.107578,-0.017249,-0.247117,-0.101780,1.070384,-1.266052,-10.101269,19.418552,1.270781,2.107578,-0.017249,-0.247117,-0.101780,87.000000,87.000000,87.000000,87.000000,12.000000,12.000000,12.000000,200.000000,200.000000,0.000000,0.000000,0.000000,0.000000,0.000000,0.000000,0.000000,0.000000,0.000000
204,4.039870,1.938671,-4.280953,2.189090,1.019338,-2.446389,2.293187,2.011263,0.443084,-2.010342,-1.973760,0.490965,1.792367,1.887131,0.000086,0.000078,0.032601,-0.122012,-0.019049,0.263542,0.052311,-0.109578,0.015021,0.000801,-0.000600,-1.017549,-2.926634,3.491486,2.206355,-0.817944,0.865083,-0.228605,-0.008598,0.007911,0.480223,-3.165507,-10.064745,19.842178,1.362480,2.208375,-0.021795,-0.265141,-0.083445,0.480223,-3.165507,-10.064745,19.842178,1.362480,2.208375,-0.021795,-0.265141,-0.083445,87.000000,87.000000,87.000000,87.000000,12.000000,12.000000,12.000000,200.000000,200.000000,0.000000,0.000000,0.000000,0.000000,0.000000,0.000000,0.000000,0.000000,0.000000
205,4.018795,1.938956,-4.342532,2.151336,1.026489,-2.420100,2.296719,2.014067,0.441386,-2.011573,-1.973908,0.495699,1.799011,1.888198,0.000081,0.000081,0.165518,-0.121798,-0.145562,0.158596,0.069906,0.054342,0.028138,0.000579,-0.000364,1.455342,0.138266,-2.075139,-0.928562,-2.812139,-3.932033,-0.574911,0.010134,-0.003317,-0.791986,-2.844210,-12.416945,18.441017,1.104361,2.018733,-0.021047,-0.213667,-0.122947,-0.791986,-2.844210,-12.416945,18.441017,1.104361,2.018733,-0.021047,-0.213667,-0.122947,87.000000,87.000000,87.000000,87.000000,12.000000,12.000000,12.000000,200.000000,200.000000,0.000000,0.000000,0.000000,0.000000,0.000000,0.000000,0.000000,0.000000,0.000000
206,4.011305,1.979978,-4.297920,2.181636,0.983356,-2.460441,2.292693,2.012748,0.440812,-2.010595,-1.971146,0.488511,1.792811,1.887818,0.000076,0.000086,-0.055012,-0.054714,-0.000005,0.276803,-0.237367,-0.281105,-0.006426,0.001083,-0.000788,-3.263045,2.220623,1.948117,-0.306728,3.576786,4.029205,0.208312,-0.002487,-0.002584,-0.677746,-1.216900,-10.861048,19.157202,1.135743,2.243424,-0.014827,-0.254239,-0.105326,-0.677746,-1.216900,-10.861048,19.157202,1.135743,2.243424,-0.014827,-0.254239,-0.105326,87.000000,87.000000,87.000000,87.000000,12.000000,12.000000,12.000000,200.000000,200.000000,0.000000,0.000000,0.000000,0.000000,0.000000,0.000000,0.000000,0.000000,0.000000
207,4.047175,1.952976,-4.270371,2.116879,1.009798,-2.456447,2.273946,2.012420,0.441286,-2.009901,-1.971993,0.489752,1.792203,1.883086,0.000077,0.000085,0.087251,-0.068774,-0.061560,0.103624,0.020374,-0.124230,-0.099185,0.000684,-0.000487,2.670972,-0.747423,-0.509012,-3.155617,-0.433078,-0.632919,2.494534,0.001384,0.001659,0.751454,-2.466713,-9.798642,16.928581,1.185371,1.772749,-0.006589,-0.226222,-0.114317,0.751454,-2.466713,-9.798642,16.928581,1.185371,1.772749,-0.006589,-0.226222,-0.114317,87.000000,87.000000,87.000000,87.000000,12.000000,12.000000,12.000000,200.000000,200.000000,0.000000,0.000000,0.000000,0.000000,0.000000,0.000000,0.000000,0.000000,0.000000
208,4.001208,1.939051,-4.355161,2.170598,1.009898,-2.413841,2.301565,2.014598,0.441258,-2.010740,-1.975498,0.490954,1.799021,1.887209,0.000080,0.000082,0.101775,-0.071768,-0.104990,0.095794,-0.022164,0.071329,0.097195,0.000713,-0.000514,-1.137035,0.124044,-0.506909,1.330327,-1.281626,-3.311557,-2.225829,0.001904,0.000386,-1.519433,-2.964123,-13.004795,19.636086,1.151367,2.260018,-0.027372,-0.233034,-0.109609,-1.519433,-2.964123,-13.004795,19.636086,1.151367,2.260018,-0.027372,-0.233034,-0.109609,87.000000,87.000000,87.000000,87.000000,12.000000,12.000000,12.000000,200.000000,200.000000,0.000000,0.000000,0.000000,0.000000,0.000000,0.000000,0.000000,0.000000,0.000000
209,3.951341,1.961620,-4.328599,2.149146,1.011527,-2.400945,2.253439,2.010364,0.443111,-2.008431,-1.977166,0.492537,1.805991,1.877937,0.000082,0.000081,-0.178591,0.018849,0.047325,0.158303,-0.008882,0.066987,-0.203170,0.000726,-0.000502,-5.644143,2.112213,2.420612,1.233432,-1.411507,-2.348143,4.886371,-0.002101,0.004027,-2.695454,-2.336344,-12.357866,18.743431,1.049286,2.282010,-0.000230,-0.241998,-0.103332,-2.695454,-2.336344,-12.357866,18.743431,1.049286,2.282010,-0.000230,-0.241998,-0.103332,87.000000,87.000000,87.000000,87.000000,12.000000,12.000000,12.000000,200.000000,200.000000,0.000000,0.000000,0.000000,0.000000,0.000000,0.000000,0.000000,0.000000,0.000000
210,4.098713,1.928516,-4.219325,2.167304,0.994479,-2.418527,2.252243,2.007763,0.441666,-2.004773,-1.977484,0.487243,1.808342,1.872760,0.000080,0.000083,0.079765,-0.207869,0.038366,0.172635,-0.174512,-0.079497,-0.109613,0.000955,-0.000690,6.551431,-5.555554,0.040295,-0.302814,3.166139,-1.946739,2.600089,0.002835,-0.002741,3.425807,-3.381034,-8.399011,19.366663,1.490557,1.801689,-0.015251,-0.247001,-0.103609,3.425807,-3.381034,-8.399011,19.366663,1.490557,1.801689,-0.015251,-0.247001,-0.103609,87.000000,87.000000,87.000000,87.000000,12.000000,12.000000,12.000000,200.000000,200.000000,0.000000,0.000000,0.000000,0.000000,0.000000,0.000000,0.000000,0.000000,0.000000
211,4.011106,1.992414,-4.273237,2.175878,0.978420,-2.441951,2.285615,2.005625,0.439447,-1.999942,-1.976479,0.482102,1.801916,1.877954,0.000077,0.000085,-0.043344,-0.083445,0.072689,0.204410,-0.143502,-0.284760,0.121916,0.000950,-0.000696,-1.218580,3.407233,-0.498061,-1.108801,3.097107,3.440568,-2.721267,-0.002438,-0.001598,-0.030277,-0.465746,-11.059203,19.500370,1.179837,2.232373,-0.019095,-0.248565,-0.107762,-0.030277,-0.465746,-11.059203,19.500370,1.179837,2.232373,-0.019095,-0.248565,-0.107762,87.000000,87.000000,87.000000,87.000000,12.000000,12.000000,12.000000,200.000000,200.000000,0.000000,0.000000,0.000000,0.000000,0.000000,0.000000,0.000000,0.000000,0.000000
212,4.016253,1.995735,-4.315939,2.172425,0.990660,-2.458731,2.292833,2.005186,0.441371,-1.999276,-1.977706,0.482247,1.794420,1.882469,0.000075,0.000087,0.086181,0.033858,-0.127593,0.111550,-0.015140,-0.307594,0.104291,0.000910,-0.000662,2.774416,2.917976,-4.444047,-2.052298,0.088930,2.821450,-2.276819,0.007002,-0.005431,0.100859,-0.826937,-12.519109,19.650650,1.144774,2.187869,-0.018872,-0.227035,-0.118525,0.100859,-0.826937,-12.519109,19.650650,1.144774,2.187869,-0.018872,-0.227035,-0.118525,87.000000,87.000000,87.000000,87.000000,12.000000,12.000000,12.000000,200.000000,200.000000,0.000000,0.000000,0.000000,0.000000,0.000000,0.000000,0.000000,0.000000,0.000000
213,4.001621,1.949345,-4.319889,2.228424,1.008116,-2.451152,2.306915,2.004859,0.444077,-1.999829,-1.977679,0.485355,1.790066,1.888242,0.000085,0.000079,0.018648,-0.016785,-0.065489,0.245097,0.048469,-0.196146,0.131801,0.000949,-0.000728,-1.177281,-1.674081,1.237250,3.780260,-1.299858,3.023394,-2.985548,-0.008946,0.006607,-0.510554,-3.026379,-12.467166,21.869125,1.344261,2.556643,-0.031660,-0.273289,-0.079636,-0.510554,-3.026379,-12.467166,21.869125,1.344261,2.556643,-0.031660,-0.273289,-0.079636,87.000000,87.000000,87.000000,87.000000,12.000000,12.000000,12.000000,200.000000,200.000000,0.000000,0.000000,0.000000,0.000000,0.000000,0.000000,0.000000,0.000000,0.000000
214,3.996572,1.930579,-4.308726,2.146141,1.016721,-2.402067,2.257103,2.005982,0.444976,-2.000529,-1.978165,0.490416,1.801288,1.879399,0.000087,0.000077,0.087456,-0.067348,-0.088860,0.171670,0.063168,0.200106,-0.194778,0.000521,-0.000262,-0.316705,-1.272960,0.420120,0.731686,-3.558866,-5.224722,4.621232,0.006469,0.006437,-0.932348,-3.691554,-11.951833,18.636696,1.109598,2.101183,-0.008397,-0.227841,-0.106132,-0.932348,-3.691554,-11.951833,18.636696,1.109598,2.101183,-0.008397,-0.227841,-0.106132,87.000000,87.000000,87.000000,87.000000,12.000000,12.000000,12.000000,200.000000,200.000000,0.000000,0.000000,0.000000,0.000000,0.000000,0.000000,0.000000,0.000000,0.000000
215,4.051438,1.928861,-4.313066,2.145331,1.006019,-2.427914,2.276684,2.011432,0.443590,-2.004122,-1.979070,0.489882,1.803556,1.879315,0.000075,0.000087,0.282735,-0.144851,-0.220568,0.137982,-0.053115,-0.112994,0.005029,0.000848,-0.000620,3.842357,-1.835749,-2.168765,-1.150266,0.776230,-2.895372,-0.019656,0.010939,-0.013571,0.549720,-3.475185,-11.640928,18.657570,1.284658,1.839875,-0.018203,-0.218325,-0.133703,0.549720,-3.475185,-11.640928,18.657570,1.284658,1.839875,-0.018203,-0.218325,-0.133703,87.000000,87.000000,87.000000,87.000000,12.000000,12.000000,12.000000,200.000000,200.000000,0.000000,0.000000,0.000000,0.000000,0.000000,0.000000,0.000000,0.000000,0.000000
216,4.023992,1.966269,-4.320856,2.126096,1.011469,-2.457162,2.282774,2.017027,0.442941,-2.008667,-1.980588,0.491611,1.796590,1.880751,0.000073,0.000089,0.176560,-0.058648,-0.190945,0.121890,0.021591,-0.309440,0.037534,0.000991,-0.000731,-2.453076,1.937402,1.087338,-1.205719,-0.436562,2.803808,-0.701670,0.003398,-0.004664,-1.078612,-1.940360,-11.477249,18.050472,1.100825,2.077585,-0.014992,-0.233429,-0.116636,-1.078612,-1.940360,-11.477249,18.050472,1.100825,2.077585,-0.014992,-0.233429,-0.116636,87.000000,87.000000,87.000000,87.000000,12.000000,12.000000,12.000000,200.000000,200.000000,0.000000,0.000000,0.000000,0.000000,0.000000,0.000000,0.000000,0.000000,0.000000
217,3.964514,1.951536,-4.383112,2.168623,1.028764,-2.396616,2.302300,2.018073,0.444614,-2.011331,-1.982833,0.496778,1.803550,1.886204,0.000085,0.000079,-0.010728,0.002950,-0.119183,0.160598,0.074916,0.113552,0.125480,0.000687,-0.000476,-5.816262,1.483197,1.878576,3.140228,-3.707265,-2.061532,-2.873964,-0.005840,0.010805,-3.239279,-2.854112,-13.894815,20.077135,1.044859,2.549445,-0.030074,-0.252999,-0.089135,-3.239279,-2.854112,-13.894815,20.077135,1.044859,2.549445,-0.030074,-0.252999,-0.089135,87.000000,87.000000,87.000000,87.000000,12.000000,12.000000,12.000000,200.000000,200.000000,0.000000,0.000000,0.000000,0.000000,0.000000,0.000000,0.000000,0.000000,0.000000
218,3.983238,1.927720,-4.302569,2.232018,1.005684,-2.426666,2.312198,2.009655,0.444870,-2.006822,-1.976898,0.492636,1.801663,1.891499,0.000086,0.000078,-0.264078,-0.112921,0.137619,0.442404,-0.148789,-0.158402,0.118552,0.000965,-0.000750,-2.653066,-2.973085,3.617557,4.051503,2.667763,2.988685,-2.749393,-0.016237,0.006673,-0.968111,-3.773164,-11.612693,21.444220,1.413231,2.501201,-0.032378,-0.287822,-0.077022,-0.968111,-3.773164,-11.612693,21.444220,1.413231,2.501201,-0.032378,-0.287822,-0.077022,87.000000,87.000000,87.000000,87.000000,12.000000,12.000000,12.000000,200.000000,200.000000,0.000000,0.000000,0.000000,0.000000,0.000000,0.000000,0.000000,0.000000,0.000000
219,4.019016,1.973540,-4.275820,2.101965,1.001513,-2.459070,2.271767,2.004169,0.444674,-2.004324,-1.973014,0.491021,1.797497,1.884533,0.000072,0.000089,-0.011399,-0.054496,-0.080986,0.190884,-0.067429,-0.237290,-0.151747,0.000698,-0.000456,6.146835,1.508042,-4.995845,-6.828884,0.918947,0.720028,3.717745,0.014791,-0.009123,0.747573,-1.823404,-10.667720,15.972080,1.062635,1.619224,0.000935,-0.196912,-0.139980,0.747573,-1.823404,-10.667720,15.972080,1.062635,1.619224,0.000935,-0.196912,-0.139980,87.000000,87.000000,87.000000,87.000000,12.000000,12.000000,12.000000,200.000000,200.000000,0.000000,0.000000,0.000000,0.000000,0.000000,0.000000,0.000000,0.000000,0.000000
220,4.043781,1.960920,-4.306284,2.168097,1.005170,-2.449202,2.289747,2.006006,0.444620,-2.007267,-1.974359,0.489942,1.794921,1.885120,0.000075,0.000087,0.161151,-0.087470,-0.190294,0.125449,-0.061058,-0.177367,0.019766,0.000918,-0.000682,3.075761,-0.779482,-1.621179,-0.923949,0.564199,0.513416,-0.362408,0.002378,-0.003118,0.957008,-2.367189,-11.167371,19.236364,1.255627,2.050802,-0.019110,-0.235195,-0.112968,0.957008,-2.367189,-11.167371,19.236364,1.255627,2.050802,-0.019110,-0.235195,-0.112968,87.000000,87.000000,87.000000,87.000000,12.000000,12.000000,12.000000,200.000000,200.000000,0.000000,0.000000,0.000000,0.000000,0.000000,0.000000,0.000000,0.000000,0.000000
221,4.056142,1.993381,-4.261880,2.225517,0.983075,-2.429233,2.282604,2.006799,0.443710,-2.007466,-1.973424,0.484107,1.796211,1.883815,0.000085,0.000078,0.018785,-0.099525,-0.007066,0.268572,-0.196869,-0.047033,-0.026778,0.000940,-0.000718,-3.057616,0.156737,3.900233,3.261071,2.581289,0.920128,0.647679,-0.010431,0.007990,1.407536,-0.910868,-9.539412,21.320089,1.311194,2.426379,-0.018433,-0.275195,-0.077776,1.407536,-0.910868,-9.539412,21.320089,1.311194,2.426379,-0.018433,-0.275195,-0.077776,87.000000,87.000000,87.000000,87.000000,12.000000,12.000000,12.000000,200.000000,200.000000,0.000000,0.000000,0.000000,0.000000,0.000000,0.000000,0.000000,0.000000,0.000000
222,4.055751,1.966612,-4.274251,2.167251,0.987171,-2.451286,2.287078,2.007999,0.442670,-2.006689,-1.971671,0.481709,1.794798,1.884128,0.000079,0.000083,0.132343,-0.108238,-0.066863,0.210657,-0.069711,-0.171649,0.012440,0.000783,-0.000560,2.840297,-0.282595,-1.122049,-1.691560,1.929381,-0.206593,-0.147918,0.003364,-0.002592,1.336941,-1.900062,-10.230685,18.717455,1.298094,1.918609,-0.014371,-0.233768,-0.111819,1.336941,-1.900062,-10.230685,18.717455,1.298094,1.918609,-0.014371,-0.233768,-0.111819,87.000000,87.000000,87.000000,87.000000,12.000000,12.000000,12.000000,200.000000,200.000000,0.000000,0.000000,0.000000,0.000000,0.000000,0.000000,0.000000,0.000000,0.000000
223,3.980154,1.978392,-4.301983,2.134488,0.997483,-2.452283,2.274386,2.007513,0.443988,-2.005368,-1.971792,0.484489,1.792721,1.881266,0.000077,0.000085,-0.021499,0.016047,-0.011733,0.155802,0.039194,-0.159912,-0.058245,0.000726,-0.000514,-3.161849,2.946469,0.913478,-1.691438,-1.579891,1.242603,1.530785,-0.000349,0.000532,-1.586588,-1.679666,-11.472313,17.564478,0.997274,2.098591,-0.007949,-0.230810,-0.114350,-1.586588,-1.679666,-11.472313,17.564478,0.997274,2.098591,-0.007949,-0.230810,-0.114350,87.000000,87.000000,87.000000,87.000000,12.000000,12.000000,12.000000,200.000000,200.000000,0.000000,0.000000,0.000000,0.000000,0.000000,0.000000,0.000000,0.000000,0.000000
224,4.030931,1.955342,-4.314214,2.142155,0.998152,-2.464149,2.276190,2.009127,0.446359,-2.006542,-1.974629,0.485381,1.789596,1.880219,0.000073,0.000088,0.160652,-0.015341,-0.149289,0.065508,-0.023333,-0.207162,-0.018082,0.000885,-0.000634,3.446200,-0.825952,-2.342458,-1.965342,-0.569378,0.363915,0.532066,0.008099,-0.006546,0.215839,-2.923699,-11.693559,18.320141,1.174102,1.948301,-0.016835,-0.220702,-0.123686,0.215839,-2.923699,-11.693559,18.320141,1.174102,1.948301,-0.016835,-0.220702,-0.123686,87.000000,87.000000,87.000000,87.000000,12.000000,12.000000,12.000000,200.000000,200.000000,0.000000,0.000000,0.000000,0.000000,0.000000,0.000000,0.000000,0.000000,0.000000
225,3.978110,1.976976,-4.311152,2.167688,1.005321,-2.422465,2.253263,2.008099,0.449341,-2.005623,-1.977628,0.487766,1.794817,1.874215,0.000084,0.000080,-0.079568,0.035268,0.023451,0.137414,0.007903,0.057654,-0.128838,0.000738,-0.000542,-5.768014,1.137440,3.705543,2.741280,-2.053407,-1.118268,3.114380,-0.008822,0.009370,-1.712647,-2.318517,-11.748890,19.663195,1.101814,2.414398,-0.009662,-0.257448,-0.089075,-1.712647,-2.318517,-11.748890,19.663195,1.101814,2.414398,-0.009662,-0.257448,-0.089075,87.000000,87.000000,87.000000,87.000000,12.000000,12.000000,12.000000,200.000000,200.000000,0.000000,0.000000,0.000000,0.000000,0.000000,0.000000,0.000000,0.000000,0.000000
226,3.991960,1.894431,-4.337261,2.203938,1.025307,-2.417990,2.308456,2.005561,0.449596,-2.002857,-1.977508,0.491658,1.799914,1.884220,0.000085,0.000078,0.015534,-0.147463,0.002024,0.235329,0.075335,-0.000692,0.229523,0.000800,-0.000558,2.666546,-5.093271,-0.728948,3.018842,-1.153443,-2.771688,-5.294813,0.000250,0.002437,-0.721542,-5.510452,-13.214708,20.857639,1.465763,2.239482,-0.041831,-0.251184,-0.095735,-0.721542,-5.510452,-13.214708,20.857639,1.465763,2.239482,-0.041831,-0.251184,-0.095735,87.000000,87.000000,87.000000,87.000000,12.000000,12.000000,12.000000,200.000000,200.000000,0.000000,0.000000,0.000000,0.000000,0.000000,0.000000,0.000000,0.000000,0.000000
227,3.961462,1.923930,-4.323602,2.117957,1.014097,-2.422826,2.255789,2.004503,0.447293,-2.001134,-1.977040,0.493761,1.802996,1.877002,0.000077,0.000085,0.017423,-0.137797,-0.036014,0.167734,-0.004338,-0.045658,-0.160180,0.000656,-0.000420,-0.017573,0.359906,-1.151731,-1.973656,-1.412516,-1.741150,3.846045,0.003603,-0.000097,-2.014338,-3.860342,-12.729893,17.275862,1.041876,1.979234,-0.005978,-0.221433,-0.121131,-2.014338,-3.860342,-12.729893,17.275862,1.041876,1.979234,-0.005978,-0.221433,-0.121131,87.000000,87.000000,87.000000,87.000000,12.000000,12.000000,12.000000,200.000000,200.000000,0.000000,0.000000,0.000000,0.000000,0.000000,0.000000,0.000000,0.000000,0.000000
228,3.999203,1.913137,-4.343988,2.156561,1.033171,-2.398532,2.296919,2.006818,0.444134,-2.002792,-1.979235,0.497944,1.809380,1.882886,0.000079,0.000084,0.158276,-0.190493,-0.159520,0.117411,0.072060,0.036705,0.138402,0.000770,-0.000542,1.995839,-1.398369,-2.154817,0.385945,-2.034184,-4.049189,-3.146704,0.008729,-0.004826,-0.946023,-4.000526,-13.144184,19.262821,1.233630,2.089797,-0.029956,-0.223270,-0.119016,-0.946023,-4.000526,-13.144184,19.262821,1.233630,2.089797,-0.029956,-0.223270,-0.119016,87.000000,87.000000,87.000000,87.000000,12.000000,12.000000,12.000000,200.000000,200.000000,0.000000,0.000000,0.000000,0.000000,0.000000,0.000000,0.000000,0.000000,0.000000
229,4.040803,1.976558,-4.273272,2.154450,0.998891,-2.452043,2.277674,2.008341,0.440930,-2.004339,-1.979129,0.493076,1.801175,1.881493,0.000073,0.000090,0.079839,-0.144443,-0.100517,0.178433,-0.172122,-0.348790,-0.030085,0.001119,-0.000796,-0.576576,1.548720,0.841501,-1.190371,2.722123,3.915174,0.791560,-0.000519,-0.002109,0.652717,-1.162576,-10.173528,18.919977,1.171279,2.082312,-0.012676,-0.247687,-0.109544,0.652717,-1.162576,-10.173528,18.919977,1.171279,2.082312,-0.012676,-0.247687,-0.109544,87.000000,87.000000,87.000000,87.000000,12.000000,12.000000,12.000000,200.000000,200.000000,0.000000,0.000000,0.000000,0.000000,0.000000,0.000000,0.000000,0.000000,0.000000
230,4.066976,2.008048,-4.267394,2.206106,0.980720,-2.464421,2.299239,2.008780,0.439503,-2.004738,-1.978003,0.485283,1.791867,1.885829,0.000079,0.000085,0.061600,-0.083420,-0.077209,0.225309,-0.223875,-0.324441,0.100521,0.001077,-0.000807,0.041554,1.999531,0.271772,0.237848,4.029174,5.223337,-2.276466,-0.006281,0.003422,1.747777,0.073605,-10.000483,20.851500,1.281734,2.349103,-0.021812,-0.265475,-0.091424,1.747777,0.073605,-10.000483,20.851500,1.281734,2.349103,-0.021812,-0.265475,-0.091424,87.000000,87.000000,87.000000,87.000000,12.000000,12.000000,12.000000,200.000000,200.000000,0.000000,0.000000,0.000000,0.000000,0.000000,0.000000,0.000000,0.000000,0.000000
231,4.042921,1.975916,-4.308930,2.163168,1.006434,-2.415647,2.290212,2.011890,0.440016,-2.007119,-1.979896,0.487220,1.798650,1.885968,0.000085,0.000079,0.152898,-0.038983,-0.157384,0.123090,0.024315,0.087728,0.007060,0.000568,-0.000400,-0.054980,1.048724,-0.511567,0.470994,-1.475371,-3.507495,-0.048998,0.001844,0.004675,0.291002,-1.425240,-11.305280,19.568739,1.180576,2.166299,-0.016316,-0.233019,-0.103095,0.291002,-1.425240,-11.305280,19.568739,1.180576,2.166299,-0.016316,-0.233019,-0.103095,87.000000,87.000000,87.000000,87.000000,12.000000,12.000000,12.000000,200.000000,200.000000,0.000000,0.000000,0.000000,0.000000,0.000000,0.000000,0.000000,0.000000,0.000000
232,4.053495,1.948968,-4.321274,2.148377,1.009161,-2.407501,2.277837,2.017286,0.440455,-2.011240,-1.982564,0.489067,1.805630,1.883093,0.000080,0.000083,0.225398,-0.072455,-0.198492,0.112199,0.001863,0.036353,-0.059817,0.000747,-0.000510,0.369226,-0.858335,0.129943,0.751970,-1.037185,-4.340546,1.497348,0.008639,-0.005027,0.113947,-2.558477,-11.323435,19.236452,1.223815,2.015779,-0.014047,-0.224965,-0.118360,0.113947,-2.558477,-11.323435,19.236452,1.223815,2.015779,-0.014047,-0.224965,-0.118360,87.000000,87.000000,87.000000,87.000000,12.000000,12.000000,12.000000,200.000000,200.000000,0.000000,0.000000,0.000000,0.000000,0.000000,0.000000,0.000000,0.000000,0.000000
233,3.967507,1.962855,-4.327318,2.129541,1.001156,-2.438080,2.266918,2.015698,0.442401,-2.011115,-1.982323,0.489151,1.801512,1.878936,0.000077,0.000085,-0.105792,0.024064,-0.007609,0.202440,-0.033299,-0.230092,-0.086695,0.000932,-0.000684,-5.879762,2.164689,3.144382,0.041876,0.084370,2.821708,2.190564,-0.004325,0.000348,-2.684253,-2.241649,-11.902786,18.186838,1.058561,2.237777,-0.006554,-0.249461,-0.105276,-2.684253,-2.241649,-11.902786,18.186838,1.058561,2.237777,-0.006554,-0.249461,-0.105276,87.000000,87.000000,87.000000,87.000000,12.000000,12.000000,12.000000,200.000000,200.000000,0.000000,0.000000,0.000000,0.000000,0.000000,0.000000,0.000000,0.000000,0.000000
234,4.006397,1.948788,-4.236362,2.191005,0.987662,-2.457160,2.279109,2.005706,0.443662,-2.003150,-1.977665,0.484568,1.794173,1.879715,0.000084,0.000079,-0.282907,-0.077110,0.242241,0.358802,-0.151637,-0.265839,0.021906,0.000998,-0.000755,-1.000721,-2.637748,3.747933,1.407001,2.643139,5.632286,-0.456612,-0.016835,0.011875,0.419256,-2.910126,-9.530501,19.935810,1.344926,2.322289,-0.023576,-0.286609,-0.071542,0.419256,-2.910126,-9.530501,19.935810,1.344926,2.322289,-0.023576,-0.286609,-0.071542,87.000000,87.000000,87.000000,87.000000,12.000000,12.000000,12.000000,200.000000,200.000000,0.000000,0.000000,0.000000,0.000000,0.000000,0.000000,0.000000,0.000000,0.000000
235,4.019343,1.939920,-4.289691,2.138539,1.004886,-2.478473,2.295448,2.001660,0.443004,-1.998496,-1.975849,0.486303,1.787827,1.883991,0.000075,0.000086,0.069107,-0.108983,-0.038686,0.160737,0.035126,-0.290362,0.100739,0.000744,-0.000525,8.280188,-1.057110,-6.234781,-4.616814,-0.143916,1.434156,-2.196446,0.011538,-0.007984,0.869723,-3.036542,-11.872885,17.868141,1.244444,1.799756,-0.021897,-0.211118,-0.128401,0.869723,-3.036542,-11.872885,17.868141,1.244444,1.799756,-0.021897,-0.211118,-0.128401,87.000000,87.000000,87.000000,87.000000,12.000000,12.000000,12.000000,200.000000,200.000000,0.000000,0.000000,0.000000,0.000000,0.000000,0.000000,0.000000,0.000000,0.000000
236,3.957800,1.950687,-4.304372,2.142340,1.014670,-2.381284,2.237893,2.001293,0.442784,-1.996596,-1.979252,0.491253,1.803533,1.872574,0.000087,0.000078,-0.027731,-0.053172,0.015309,0.098141,0.045825,0.346402,-0.251864,0.000478,-0.000216,-4.493659,1.710701,1.735337,1.697227,-4.409498,-6.342653,5.937445,-0.000433,0.013617,-2.043702,-2.579265,-12.291120,18.824007,0.956095,2.304468,-0.002928,-0.235251,-0.099462,-2.043702,-2.579265,-12.291120,18.824007,0.956095,2.304468,-0.002928,-0.235251,-0.099462,87.000000,87.000000,87.000000,87.000000,12.000000,12.000000,12.000000,200.000000,200.000000,0.000000,0.000000,0.000000,0.000000,0.000000,0.000000,0.000000,0.000000,0.000000
237,4.025691,1.968549,-4.256629,2.201150,0.982634,-2.437376,2.276467,1.997851,0.442729,-1.992979,-1.978112,0.484531,1.801558,1.875677,0.000076,0.000087,-0.023679,-0.081517,0.023874,0.236172,-0.206687,-0.222426,0.075909,0.001047,-0.000791,2.346988,-0.385658,-1.156711,0.403975,4.199953,0.556139,-1.698557,0.000026,-0.007911,1.327584,-1.904404,-10.860380,20.645374,1.382316,2.107315,-0.021726,-0.248783,-0.114097,1.327584,-1.904404,-10.860380,20.645374,1.382316,2.107315,-0.021726,-0.248783,-0.114097,87.000000,87.000000,87.000000,87.000000,12.000000,12.000000,12.000000,200.000000,200.000000,0.000000,0.000000,0.000000,0.000000,0.000000,0.000000,0.000000,0.000000,0.000000
238,4.030812,1.921297,-4.310940,2.164175,1.026890,-2.423522,2.287144,2.001971,0.441449,-1.994998,-1.979853,0.490577,1.803154,1.879914,0.000079,0.000084,0.270366,-0.144264,-0.201951,0.112028,0.154095,-0.086553,0.100079,0.000760,-0.000552,5.202321,-2.170365,-3.661890,-0.443961,-2.284693,-2.578427,-2.161210,0.008950,-0.003567,0.592498,-3.627115,-12.420857,19.582733,1.344019,2.000909,-0.023920,-0.222802,-0.115367,0.592498,-3.627115,-12.420857,19.582733,1.344019,2.000909,-0.023920,-0.222802,-0.115367,87.000000,87.000000,87.000000,87.000000,12.000000,12.000000,12.000000,200.000000,200.000000,0.000000,0.000000,0.000000,0.000000,0.000000,0.000000,0.000000,0.000000,0.000000
239,4.012660,1.998393,-4.337120,2.160742,0.999441,-2.450465,2.278986,2.008415,0.441867,-2.001036,-1.981600,0.490116,1.796800,1.880223,0.000072,0.000090,0.214838,0.010289,-0.278788,0.122445,-0.076262,-0.290505,0.008968,0.001018,-0.000733,-2.000593,4.365647,-1.387333,-0.690667,-0.250224,2.767905,-0.111702,0.006789,-0.007401,-0.917861,-0.614898,-12.646264,19.545639,1.004215,2.277599,-0.014586,-0.228638,-0.121448,-0.917861,-0.614898,-12.646264,19.545639,1.004215,2.277599,-0.014586,-0.228638,-0.121448,87.000000,87.000000,87.000000,87.000000,12.000000,12.000000,12.000000,200.000000,200.000000,0.000000,0.000000,0.000000,0.000000,0.000000,0.000000,0.000000,0.000000,0.000000
240,3.985094,1.929985,-4.343034,2.149413,1.035356,-2.400904,2.284061,2.012052,0.444348,-2.006269,-1.984392,0.496646,1.803844,1.881562,0.000086,0.000079,0.090293,-0.014310,-0.175268,0.141224,0.130400,0.102442,0.035404,0.000701,-0.000483,-4.569357,-1.170527,3.445434,3.143614,-3.789755,-2.796886,-0.714229,-0.004822,0.010399,-2.131690,-3.800662,-12.458172,19.485750,1.169687,2.340669,-0.023675,-0.253293,-0.088506,-2.131690,-3.800662,-12.458172,19.485750,1.169687,2.340669,-0.023675,-0.253293,-0.088506,87.000000,87.000000,87.000000,87.000000,12.000000,12.000000,12.000000,200.000000,200.000000,0.000000,0.000000,0.000000,0.000000,0.000000,0.000000,0.000000,0.000000,0.000000
241,4.042233,1.958278,-4.238698,2.178987,0.987049,-2.430729,2.268148,2.009117,0.444200,-2.004165,-1.980978,0.489061,1.802566,1.878546,0.000084,0.000080,-0.080706,-0.110990,0.073944,0.327438,-0.259315,-0.148538,-0.066414,0.001045,-0.000791,-1.953328,-1.977223,4.507863,1.732297,3.765261,2.036160,1.547199,-0.005737,-0.000359,0.989512,-2.446308,-9.052526,19.822361,1.306261,2.187341,-0.017969,-0.272103,-0.089175,0.989512,-2.446308,-9.052526,19.822361,1.306261,2.187341,-0.017969,-0.272103,-0.089175,87.000000,87.000000,87.000000,87.000000,12.000000,12.000000,12.000000,200.000000,200.000000,0.000000,0.000000,0.000000,0.000000,0.000000,0.000000,0.000000,0.000000,0.000000
242,0.443062,1.609727,-3.849956,0.687030,1.230017,-1.188935,3.137404,1.947840,0.458268,-1.953315,-2.008625,0.557959,1.889486,1.965556,0.000181,0.000108,-1.561105,0.290281,1.419865,-1.629671,1.599654,2.624487,2.608498,0.002590,0.004764,-0.095766,-2.523186,9.313873,-53.617912,-38.610146,0.033174,-0.013833,0.492651,0.049205,-87.000000,-18.538919,-0.624998,-35.429165,-1.734357,12.000000,12.000000,0.293158,-0.460146,-134.375351,-18.538919,-0.624998,-35.429165,-1.734357,37.243988,20.575169,0.293158,-0.460146,87.000000,87.000000,87.000000,87.000000,12.000000,12.000000,12.000000,200.000000,200.000000,0.000000,0.000000,0.000000,0.000000,0.000000,0.000000,0.000000,0.000000,0.000000
243,0.096902,0.990722,-4.619598,1.379709,1.833572,-0.748306,4.183747,1.894586,0.449076,-1.902781,-2.073782,0.645038,1.972293,2.052551,0.000366,0.000033,-0.967495,-0.993967,0.996420,-2.123765,2.614133,2.434779,2.609517,0.009561,-0.005455,-6.059103,-34.813301,2.704628,-2.981772,1.651082,-11.039657,0.032187,0.520502,-0.515078,-87.000000,-40.952061,-34.313816,1.925616,12.000000,12.000000,12.000000,-0.499171,-0.579230,-146.377701,-40.952061,-34.313816,1.925616,14.896208,48.011444,55.469749,-0.499171,-0.579230,87.000000,87.000000,87.000000,87.000000,12.000000,12.000000,12.000000,200.000000,200.000000,0.000000,0.000000,0.000000,0.000000,0.000000,0.000000,0.000000,0.000000,0.000000
244,-0.026928,1.463150,-4.829101,1.792971,2.087454,-0.672292,4.615941,1.838874,0.422532,-1.869555,-2.138019,0.733767,2.032030,2.139541,0.000706,0.000000,-1.194740,-0.828604,0.023854,-1.772347,2.616435,0.597639,2.606341,0.006916,-0.007543,-6.677048,4.557423,-26.738255,6.946599,17.365263,-13.826303,-0.045476,0.010908,-0.232973,-87.000000,-18.214130,-44.472145,22.988249,12.000000,12.000000,12.000000,-1.711973,0.365980,-146.097672,-18.214130,-44.472145,22.988249,19.092903,52.508404,65.806442,-1.711973,0.365980,87.000000,87.000000,87.000000,87.000000,12.000000,12.000000,12.000000,200.000000,200.000000,0.000000,0.000000,0.000000,0.000000,0.000000,0.000000,0.000000,0.000000,0.000000
245,0.506338,1.676187,-4.681958,1.836752,2.287252,-0.601690,5.138861,1.776296,0.403942,-1.863492,-2.192286,0.823762,2.084948,2.226350,0.001040,0.000000,-1.736483,-0.408350,-0.531360,-1.258201,2.615364,0.093614,2.580772,0.003528,-0.005695,-0.293934,9.115249,-26.391844,8.593862,19.652552,2.079969,-1.576066,-0.186809,0.199215,-87.000000,-9.188087,-37.892944,27.587160,12.000000,12.000000,12.000000,-2.484223,0.901572,-117.428558,-9.188087,-37.892944,27.587160,20.068218,53.975044,79.771576,-2.484223,0.901572,87.000000,87.000000,87.000000,87.000000,12.000000,12.000000,12.000000,200.000000,200.000000,0.000000,0.000000,0.000000,0.000000,0.000000,0.000000,0.000000,0.000000,0.000000
246,1.055421,1.739651,-4.444125,1.785526,2.389517,-0.639839,5.447760,1.709626,0.390200,-1.874680,-2.233624,0.914537,2.152760,2.312969,0.001307,0.000000,-2.044820,-0.358131,-0.673812,-0.797151,2.612869,0.872697,2.555421,0.004281,-0.005159,-0.349488,0.445688,-12.352453,13.564789,-0.034661,1.877253,-0.286159,-0.098923,0.076666,-87.000000,-6.228288,-26.503368,27.903950,12.000000,12.000000,12.000000,-3.006695,0.643639,-89.074432,-6.228288,-26.503368,27.903950,15.576090,44.503399,85.375580,-3.006695,0.643639,87.000000,87.000000,87.000000,87.000000,12.000000,12.000000,12.000000,200.000000,200.000000,0.000000,0.000000,0.000000,0.000000,0.000000,0.000000,0.000000,0.000000,0.000000
247,1.394099,1.827631,-4.231309,1.565096,2.397954,-0.780907,5.532721,1.640505,0.377047,-1.892095,-2.264152,1.004433,2.233644,2.399880,0.001489,0.000000,-2.106840,-0.361282,-0.675317,-0.648890,2.611347,1.999589,2.595583,0.004763,-0.005009,-0.377455,-0.344565,-1.979059,5.999951,-0.021386,18.578810,0.775394,-0.005760,0.033477,-69.847458,-1.675548,-16.047623,20.783051,8.700641,12.000000,12.000000,-3.305799,0.556646,-69.847458,-1.675548,-16.047623,20.783051,8.700641,29.590368,81.746017,-3.305799,0.556646,87.000000,87.000000,87.000000,87.000000,12.000000,12.000000,12.000000,200.000000,200.000000,0.000000,0.000000,0.000000,0.000000,0.000000,0.000000,0.000000,0.000000,0.000000
248,1.677802,1.872464,-4.038332,1.385355,2.333647,-0.929206,5.476828,1.568778,0.363940,-1.907599,-2.289686,1.082679,2.320669,2.486887,0.001603,0.000000,-2.158778,-0.406406,-0.500202,-0.608028,1.770999,2.607825,2.610220,0.007060,-0.004019,-0.429325,-0.952105,1.909715,2.797032,-40.367874,0.017982,-0.003877,-0.078438,0.022456,-52.660324,1.293425,-7.391274,15.411589,-0.261991,12.000000,12.000000,-3.969003,0.439373,-52.660324,1.293425,-7.391274,15.411589,-0.261991,13.192070,72.441078,-3.969003,0.439373,87.000000,87.000000,87.000000,87.000000,12.000000,12.000000,12.000000,200.000000,200.000000,0.000000,0.000000,0.000000,0.000000,0.000000,0.000000,0.000000,0.000000,0.000000
249,1.808436,1.850395,-4.026874,1.279295,2.262640,-1.035499,5.420540,1.496824,0.349838,-1.922032,-2.314744,1.108046,2.404636,2.573890,0.001361,0.000078,-2.171103,-0.401466,-0.491266,-0.635803,0.397327,2.152785,2.609957,-0.006384,0.003464,-0.953321,1.695453,0.009890,-0.369011,-17.623621,-27.324270,-0.010028,-0.451664,0.272325,-41.675198,1.666736,-5.911474,13.053223,-0.212802,1.968251,12.000000,-3.201144,0.104554,-41.675198,1.666736,-5.911474,13.053223,-0.212802,1.968251,63.229912,-3.201144,0.104554,87.000000,87.000000,87.000000,87.000000,12.000000,12.000000,12.000000,200.000000,200.000000,0.000000,0.000000,0.000000,0.000000,0.000000,0.000000,0.000000,0.000000,0.000000
250,1.881518,1.774989,-4.091129,1.276753,2.173235,-1.043285,5.338795,1.425367,0.334621,-1.939088,-2.339342,1.096217,2.455827,2.660896,0.000953,0.000222,-2.154093,-0.480457,-0.569487,-0.576291,-0.336424,1.005744,2.610180,-0.009379,0.003537,-0.587611,-2.252809,0.958300,1.937141,7.393484,-26.921186,0.001774,-0.177110,0.034886,-33.057137,-0.153131,-6.860485,14.887613,0.542570,0.653265,12.000000,-1.714105,-0.588422,-33.057137,-0.153131,-6.860485,14.887613,0.542570,0.653265,52.999798,-1.714105,-0.588422,87.000000,87.000000,87.000000,87.000000,12.000000,12.000000,12.000000,200.000000,200.000000,0.000000,0.000000,0.000000,0.000000,0.000000,0.000000,0.000000,0.000000,0.000000
251,2.046229,1.700584,-4.111572,1.255868,2.123175,-0.992678,5.330462,1.354159,0.312985,-1.954324,-2.361657,1.077510,2.492523,2.747905,0.000662,0.000294,-2.146168,-0.724045,-0.478075,-0.488098,-0.455242,0.752755,2.610185,-0.005072,0.001437,-0.441213,-5.448035,2.422863,3.468405,9.799656,-19.622744,0.000601,0.081050,-0.041025,-20.783539,-0.941754,-6.620432,15.694095,0.482463,0.836095,12.000000,-0.956102,-0.732247,-20.783539,-0.941754,-6.620432,15.694095,0.482463,0.836095,45.705845,-0.956102,-0.732247,87.000000,87.000000,87.000000,87.000000,12.000000,12.000000,12.000000,200.000000,200.000000,0.000000,0.000000,0.000000,0.000000,0.000000,0.000000,0.000000,0.000000,0.000000
252,2.191705,1.744030,-4.126630,1.214440,2.043029,-0.931051,5.387592,1.282945,0.286768,-1.967900,-2.382236,1.049741,2.523936,2.834914,0.000493,0.000314,-2.148692,-0.758960,-0.454198,-0.471397,-0.679815,0.662503,2.610171,-0.003048,0.000581,-0.509548,0.619025,0.626877,1.449610,13.948366,-16.036116,0.002046,-0.014957,0.004948,-9.263041,3.323008,-6.307167,15.526692,0.324139,1.235158,12.000000,-0.890010,-0.645711,-9.263041,3.323008,-6.307167,15.526692,0.324139,1.235158,41.030495,-0.890010,-0.645711,87.000000,87.000000,87.000000,87.000000,12.000000,12.000000,12.000000,200.000000,200.000000,0.000000,0.000000,0.000000,0.000000,0.000000,0.000000,0.000000,0.000000,0.000000
253,2.293314,1.744366,-4.193346,1.204774,1.861832,-0.924001,5.240780,1.218440,0.260268,-1.990496,-2.402397,0.994256,2.541327,2.897301,0.000330,0.000336,-1.720901,-0.765364,-0.923526,-0.483286,-1.329081,0.346637,-0.000033,-0.004870,0.001167,9.370257,0.470685,-7.564551,1.046512,33.403706,-6.732299,-156.608566,-0.213137,0.059111,-0.759859,5.469899,-6.259348,16.791979,0.441582,1.513478,12.000000,-0.756162,-0.645181,-0.759859,5.469899,-6.259348,16.791979,0.441582,1.513478,28.197353,-0.756162,-0.645181,87.000000,87.000000,87.000000,87.000000,12.000000,12.000000,12.000000,200.000000,200.000000,0.000000,0.000000,0.000000,0.000000,0.000000,0.000000,0.000000,0.000000,0.000000
254,2.449085,1.685555,-4.277500,1.097789,1.818836,-0.807070,5.280395,1.188757,0.228946,-2.041842,-2.427711,0.952212,2.579389,2.897301,0.000167,0.000232,-0.439044,-0.943549,-1.960069,-0.678500,-0.942313,0.916225,-0.000045,-0.002751,-0.002567,7.427426,0.050508,-5.465533,2.268283,22.651525,-18.835161,-0.003682,0.148067,0.014495,4.239042,6.077868,-2.599451,15.153847,0.343717,0.892526,12.000000,0.048995,-0.266356,4.239042,6.077868,-2.599451,15.153847,0.343717,0.892526,38.711617,0.048995,-0.266356,87.000000,87.000000,87.000000,87.000000,12.000000,12.000000,12.000000,200.000000,200.000000,0.000000,0.000000,0.000000,0.000000,0.000000,0.000000,0.000000,0.000000,0.000000
255,2.371357,1.699903,-4.451245,0.975152,1.749235,-0.682395,5.168289,1.175347,0.197244,-2.107518,-2.456491,0.914484,2.628399,2.897301,0.000115,0.000157,-0.319253,-0.840553,-2.109342,-0.783585,-0.882491,1.143529,-0.000030,-0.000571,-0.001242,-3.357693,5.258789,0.289450,0.368346,17.922577,-24.557638,-0.004952,0.051394,0.061982,1.308894,9.188292,-3.613363,12.720738,0.120929,1.030167,12.000000,-0.152743,-0.126900,1.308894,9.188292,-3.613363,12.720738,0.120929,1.030167,34.227333,-0.152743,-0.126900,87.000000,87.000000,87.000000,87.000000,12.000000,12.000000,12.000000,200.000000,200.000000,0.000000,0.000000,0.000000,0.000000,0.000000,0.000000,0.000000,0.000000,0.000000
256,2.438667,1.616989,-4.650460,0.864603,1.678009,-0.597407,5.111933,1.167075,0.165504,-2.177551,-2.488119,0.878332,2.678188,2.897301,0.000082,0.000154,-0.219255,-0.899463,-2.122740,-0.862683,-0.826833,1.109938,-0.000017,0.000133,0.000589,0.579152,0.176325,0.342336,0.183399,17.732241,-26.713614,-0.003120,0.023471,0.024846,4.774292,8.247904,-6.095515,11.020257,-0.007330,0.411230,12.000000,-0.185059,-0.301317,4.774292,8.247904,-6.095515,11.020257,-0.007330,0.411230,31.973106,-0.185059,-0.301317,87.000000,87.000000,87.000000,87.000000,12.000000,12.000000,12.000000,200.000000,200.000000,0.000000,0.000000,0.000000,0.000000,0.000000,0.000000,0.000000,0.000000,0.000000
257,2.477037,1.590238,-4.915993,0.825699,1.567726,-0.496448,5.068228,1.162329,0.130637,-2.248458,-2.520998,0.834644,2.727813,2.897301,0.000048,0.000165,-0.117334,-0.993930,-2.122485,-0.876817,-1.036948,1.109350,-0.000010,-0.000308,0.000566,2.038848,-0.766135,0.272312,2.054064,21.164015,-26.444126,-0.002322,0.003416,-0.005913,6.531648,10.144638,-11.084705,12.246519,-0.169075,0.510206,12.000000,-0.115953,-0.365743,6.531648,10.144638,-11.084705,12.246519,-0.169075,0.510206,30.224972,-0.115953,-0.365743,87.000000,87.000000,87.000000,87.000000,12.000000,12.000000,12.000000,200.000000,200.000000,0.000000,0.000000,0.000000,0.000000,0.000000,0.000000,0.000000,0.000000,0.000000
258,2.457824,1.580765,-5.149601,0.781149,1.477860,-0.419157,5.027636,1.159705,0.093568,-2.319421,-2.553215,0.789834,2.771158,2.897300,0.000018,0.000179,-0.064225,-1.027893,-2.125965,-0.854688,-1.028581,0.927077,-0.000005,-0.000032,0.000265,1.472424,0.235105,0.060883,2.675214,22.633865,-23.741444,-0.000791,0.011517,-0.017277,5.798490,12.861102,-14.757003,13.030978,-0.104628,0.778419,12.000000,-0.058077,-0.388493,5.798490,12.861102,-14.757003,13.030978,-0.104628,0.778419,28.601364,-0.058077,-0.388493,87.000000,87.000000,87.000000,87.000000,12.000000,12.000000,12.000000,200.000000,200.000000,0.000000,0.000000,0.000000,0.000000,0.000000,0.000000,0.000000,0.000000,0.000000
259,2.457918,1.570983,-5.339592,0.697984,1.403712,-0.288483,4.997575,1.159870,0.055196,-2.390748,-2.586043,0.749307,2.823104,2.897300,0.000010,0.000184,0.008264,-1.026693,-2.138840,-0.899019,-0.952003,1.178968,0.000007,0.000412,0.000155,0.259762,2.115218,-0.071912,1.930218,19.220011,-27.400093,0.000453,0.035686,-0.022777,5.523248,15.625681,-16.626053,12.418966,-0.225580,0.980476,12.000000,-0.028493,-0.400204,5.523248,15.625681,-16.626053,12.418966,-0.225580,0.980476,27.398949,-0.028493,-0.400204,87.000000,87.000000,87.000000,87.000000,12.000000,12.000000,12.000000,200.000000,200.000000,0.000000,0.000000,0.000000,0.000000,0.000000,0.000000,0.000000,0.000000,0.000000
260,2.542371,1.554810,-5.574251,0.645774,1.298536,-0.244259,4.946108,1.161460,0.017532,-2.462647,-2.618078,0.704177,2.862303,2.897300,0.000000,0.000195,0.099815,-0.997876,-2.154564,-0.870626,-1.043899,0.798793,0.000013,-0.000567,-0.000181,3.942183,1.490815,-0.229182,2.514227,23.198975,-22.107220,0.001150,-0.036589,-0.037406,8.738396,17.863052,-20.230127,12.864901,-0.338173,0.919905,12.000000,-0.010545,-0.425761,8.738396,17.863052,-20.230127,12.864901,-0.338173,0.919905,25.340332,-0.010545,-0.425761,87.000000,87.000000,87.000000,87.000000,12.000000,12.000000,12.000000,200.000000,200.000000,0.000000,0.000000,0.000000,0.000000,0.000000,0.000000,0.000000,0.000000,0.000000
261,2.593049,1.528342,-5.748980,0.538451,1.202488,-0.144436,4.876602,1.167776,-0.019739,-2.535063,-2.651214,0.658664,2.905291,2.897300,0.000000,0.000193,0.261760,-0.960312,-2.171295,-0.944334,-1.077083,0.953816,0.000015,-0.000494,-0.000399,4.628336,2.616942,-0.227823,0.772469,22.091766,-23.251507,0.002668,-0.012077,-0.047733,9.862672,19.735172,-21.382805,11.330245,-0.512491,1.004532,12.000000,0.029230,-0.425036,9.862672,19.735172,-21.382805,11.330245,-0.512491,1.004532,22.560181,0.029230,-0.425036,87.000000,87.000000,87.000000,87.000000,12.000000,12.000000,12.000000,200.000000,200.000000,0.000000,0.000000,0.000000,0.000000,0.000000,0.000000,0.000000,0.000000,0.000000
262,2.554049,1.551403,-6.090321,0.513907,1.086467,-0.046912,4.837149,1.176745,-0.054859,-2.607709,-2.685278,0.606907,2.948682,2.897300,0.000000,0.000179,0.316666,-0.859901,-2.174936,-0.952537,-1.234025,0.952226,0.000020,-0.000334,-0.000835,3.205003,4.101154,-0.157599,2.565601,25.548925,-23.319023,0.003400,-0.021200,-0.045270,7.352259,23.269220,-29.211458,13.209610,-0.391522,1.431365,12.000000,-0.003182,-0.362083,7.352259,23.269220,-29.211458,13.209610,-0.391522,1.431365,20.982069,-0.003182,-0.362083,87.000000,87.000000,87.000000,87.000000,12.000000,12.000000,12.000000,200.000000,200.000000,0.000000,0.000000,0.000000,0.000000,0.000000,0.000000,0.000000,0.000000,0.000000
263,2.604698,1.509142,-6.224986,0.389963,1.050872,0.008702,4.855083,1.190013,-0.086473,-2.680506,-2.719942,0.570437,2.985904,2.897300,0.000000,0.000180,0.472113,-0.741138,-2.182988,-1.007718,-0.804036,0.764072,0.000028,-0.000649,-0.000303,4.242509,4.269494,-0.089493,0.654931,18.602119,-21.723005,0.002141,-0.053170,-0.006744,7.962576,23.790398,-28.748264,11.076374,-0.424256,1.251815,12.000000,-0.023707,-0.333867,7.962576,23.790398,-28.748264,11.076374,-0.424256,1.251815,21.699347,-0.023707,-0.333867,87.000000,87.000000,87.000000,87.000000,12.000000,12.000000,12.000000,200.000000,200.000000,0.000000,0.000000,0.000000,0.000000,0.000000,0.000000,0.000000,0.000000,0.000000
264,2.695848,1.521309,-6.424555,0.372561,0.976182,0.101432,4.807906,1.209373,-0.114684,-2.753682,-2.754870,0.536328,3.024689,2.897300,0.000000,0.000174,0.688622,-0.627858,-2.191050,-0.979701,-0.817313,0.854683,0.000031,-0.000455,-0.000687,6.675782,4.709186,0.099463,3.662284,15.866689,-21.443884,0.004420,-0.030667,-0.045885,9.622461,26.247862,-30.843752,13.282945,-0.808252,1.630043,12.000000,-0.006710,-0.364089,9.622461,26.247862,-30.843752,13.282945,-0.808252,1.630043,19.812391,-0.006710,-0.364089,87.000000,87.000000,87.000000,87.000000,12.000000,12.000000,12.000000,200.000000,200.000000,0.000000,0.000000,0.000000,0.000000,0.000000,0.000000,0.000000,0.000000,0.000000
265,2.714590,1.514202,-6.660637,0.224066,0.928515,0.173137,4.840443,1.235293,-0.137572,-2.826631,-2.790961,0.506149,3.062646,2.897300,0.000000,0.000164,0.867289,-0.427293,-2.184587,-1.082034,-0.711735,0.819367,0.000054,0.000908,-0.000803,5.163435,6.686596,0.186152,-0.333202,13.861234,-21.589518,0.005072,0.030828,-0.027083,7.732244,27.363152,-34.461941,10.280614,-0.692942,1.536283,12.000000,-0.047603,-0.299287,7.732244,27.363152,-34.461941,10.280614,-0.692942,1.536283,21.113823,-0.047603,-0.299287,87.000000,87.000000,87.000000,87.000000,12.000000,12.000000,12.000000,200.000000,200.000000,0.000000,0.000000,0.000000,0.000000,0.000000,0.000000,0.000000,0.000000,0.000000
266,2.762027,1.518996,-6.835290,0.184091,0.890128,0.265610,4.814019,1.265420,-0.154545,-2.897429,-2.829067,0.481596,3.102764,2.897298,0.000008,0.000154,0.158818,-0.276196,-1.210064,-1.122547,-0.381157,1.010680,-0.001095,-0.001567,0.001284,-48.635864,4.636264,58.627800,1.341762,23.561817,-14.778363,-0.062670,-0.131352,0.109739,6.559044,28.401594,-35.620941,11.950186,-0.719377,1.821690,12.000000,-0.085657,-0.249870,6.559044,28.401594,-35.620941,11.950186,-0.719377,1.821690,20.056925,-0.085657,-0.249870,87.000000,87.000000,87.000000,87.000000,12.000000,12.000000,12.000000,200.000000,200.000000,0.000000,0.000000,0.000000,0.000000,0.000000,0.000000,0.000000,0.000000,0.000000
267,2.806451,1.530268,-7.004080,0.110075,0.842387,0.301552,4.862881,1.240649,-0.166040,-2.897444,-2.867443,0.463632,3.134408,2.897300,0.000000,0.000159,-0.481882,-0.063416,0.000567,-1.110299,-0.459748,0.612084,0.000027,-0.000010,-0.000927,17.178312,7.479943,-0.235331,2.171616,9.216197,-18.895174,0.000314,0.021705,-0.041190,15.257653,29.350637,-48.384674,12.063217,-1.668925,1.611524,12.000000,0.037207,-0.304844,15.257653,29.350637,-48.384674,12.063217,-1.668925,1.611524,22.011175,0.037207,-0.304844,87.000000,87.000000,87.000000,87.000000,12.000000,12.000000,12.000000,200.000000,200.000000,0.000000,0.000000,0.000000,0.000000,0.000000,0.000000,0.000000,0.000000,0.000000
268,2.817532,1.519189,-7.109484,0.154086,0.837054,0.308723,4.899343,1.235258,-0.170477,-2.897449,-2.900970,0.451535,3.149303,2.897301,0.000020,0.000136,0.122758,0.111807,0.000930,-0.878535,-0.260118,0.249303,0.000044,0.001631,-0.001418,18.148016,5.184241,0.010126,7.608339,5.586015,-9.922333,-0.000698,0.010106,-0.009957,14.588845,28.665590,-52.586014,16.200621,-1.640970,2.175910,12.000000,-0.161138,-0.171016,14.588845,28.665590,-52.586014,16.200621,-1.640970,2.175910,23.469492,-0.161138,-0.171016,87.000000,87.000000,87.000000,87.000000,12.000000,12.000000,12.000000,200.000000,200.000000,0.000000,0.000000,0.000000,0.000000,0.000000,0.000000,0.000000,0.000000,0.000000
269,2.710204,1.446783,-7.250035,0.038159,0.907604,0.348601,4.955057,1.248249,-0.170522,-2.897384,-2.928983,0.457728,3.166045,2.897301,0.000050,0.000109,0.540648,0.217707,0.001085,-0.751710,0.184869,0.364455,0.000036,0.001192,-0.001079,8.911476,3.615637,0.333865,5.594319,-4.482929,-9.665928,0.003942,-0.019396,0.014669,7.624849,25.400238,-58.193256,13.355894,-1.068286,2.139671,12.000000,-0.238344,-0.099787,7.624849,25.400238,-58.193256,13.355894,-1.068286,2.139671,25.698246,-0.238344,-0.099787,87.000000,87.000000,87.000000,87.000000,12.000000,12.000000,12.000000,200.000000,200.000000,0.000000,0.000000,0.000000,0.000000,0.000000,0.000000,0.000000,0.000000,0.000000
270,2.593017,1.415534,-7.272973,-0.093768,0.950715,0.425708,4.957836,1.268645,-0.167286,-2.897295,-2.955240,0.468060,3.193456,2.897301,0.000073,0.000089,0.606429,0.322627,0.000626,-0.752726,0.227325,0.657983,0.000031,0.000905,-0.000709,-0.598437,4.086227,0.155953,2.585127,-7.291067,-14.180631,0.006681,-0.009785,0.015452,0.590313,23.637596,-59.127201,10.014050,-0.449864,1.988143,12.000000,-0.249924,-0.082997,0.590313,23.637596,-59.127201,10.014050,-0.449864,1.988143,25.809629,-0.249924,-0.082997,87.000000,87.000000,87.000000,87.000000,12.000000,12.000000,12.000000,200.000000,200.000000,0.000000,0.000000,0.000000,0.000000,0.000000,0.000000,0.000000,0.000000,0.000000
271,2.554004,1.382357,-7.321813,-0.036934,0.963500,0.404960,4.916924,1.287217,-0.161282,-2.897260,-2.975662,0.474467,3.203552,2.897303,0.000084,0.000078,0.491207,0.349448,0.000335,-0.490323,0.144202,0.145497,0.000027,0.001331,-0.001160,-3.909965,0.205575,-0.013031,7.519195,-3.809576,-6.723937,-0.002164,0.002435,-0.006772,-2.339617,21.539679,-61.093155,13.506405,-0.027827,2.116034,12.000000,-0.280391,-0.068338,-2.339617,21.539679,-61.093155,13.506405,-0.027827,2.116034,24.172529,-0.280391,-0.068338,87.000000,87.000000,87.000000,87.000000,12.000000,12.000000,12.000000,200.000000,200.000000,0.000000,0.000000,0.000000,0.000000,0.000000,0.000000,0.000000,0.000000,0.000000
272,2.549495,1.333798,-7.376379,-0.131245,0.987231,0.448918,4.995186,1.301833,-0.156199,-2.897254,-2.990775,0.482497,3.218845,2.897302,0.000096,0.000067,0.344857,0.303424,0.000091,-0.383901,0.189821,0.379877,0.000015,0.000753,-0.000619,-6.117387,-0.581288,0.106491,4.513991,-4.860709,-7.431871,0.004644,-0.007670,0.010818,-3.428623,19.268524,-63.268280,10.486363,0.096704,1.997617,12.000000,-0.282248,-0.052594,-3.428623,19.268524,-63.268280,10.486363,0.096704,1.997617,27.303486,-0.282248,-0.052594,87.000000,87.000000,87.000000,87.000000,12.000000,12.000000,12.000000,200.000000,200.000000,0.000000,0.000000,0.000000,0.000000,0.000000,0.000000,0.000000,0.000000,0.000000
273,2.541183,1.300248,-7.328507,-0.212170,0.980320,0.424801,4.988288,1.309200,-0.151807,-2.897242,-3.002698,0.484805,3.224126,2.897303,0.000091,0.000070,0.122133,0.275720,-0.000221,-0.329148,0.049046,0.067944,0.000017,0.000847,-0.000728,-5.955476,-1.257695,-0.049826,1.521875,-1.018525,-3.717892,-0.001737,0.007300,-0.008245,-3.750534,17.612631,-61.363121,7.886767,0.228075,1.636165,12.000000,-0.253062,-0.083296,-3.750534,17.612631,-61.363121,7.886767,0.228075,1.636165,27.027157,-0.253062,-0.083296,87.000000,87.000000,87.000000,87.000000,12.000000,12.000000,12.000000,200.000000,200.000000,0.000000,0.000000,0.000000,0.000000,0.000000,0.000000,0.000000,0.000000,0.000000
274,2.597906,1.316687,-7.304862,-0.174562,0.953251,0.436098,4.945406,1.311482,-0.148964,-2.897266,-3.011841,0.481429,3.227637,2.897302,0.000092,0.000069,0.035664,0.225134,-0.000188,-0.211555,-0.091976,0.076942,0.000008,0.000808,-0.000672,-1.690887,-1.331041,-0.048529,3.788700,1.468266,-1.788593,0.000444,0.000171,0.001481,-1.191583,18.173103,-60.415421,9.938330,-0.067535,1.897098,12.000000,-0.263588,-0.068429,-1.191583,18.173103,-60.415421,9.938330,-0.067535,1.897098,25.312038,-0.263588,-0.068429,87.000000,87.000000,87.000000,87.000000,12.000000,12.000000,12.000000,200.000000,200.000000,0.000000,0.000000,0.000000,0.000000,0.000000,0.000000,0.000000,0.000000,0.000000
275,2.578054,1.330010,-7.278669,-0.153687,0.921767,0.424484,4.915407,1.309967,-0.147205,-2.897256,-3.016127,0.471768,3.226389,2.897303,0.000093,0.000068,-0.078213,0.200089,-0.000373,-0.055509,-0.235935,-0.051375,0.000007,0.000946,-0.000779,-1.519084,-0.927802,-0.109714,4.307341,5.134305,0.543263,-0.001719,-0.000539,0.000838,-1.551572,18.655317,-59.371857,10.730883,0.040130,2.002011,12.000000,-0.276442,-0.060441,-1.551572,18.655317,-59.371857,10.730883,0.040130,2.002011,24.111927,-0.276442,-0.060441,87.000000,87.000000,87.000000,87.000000,12.000000,12.000000,12.000000,200.000000,200.000000,0.000000,0.000000,0.000000,0.000000,0.000000,0.000000,0.000000,0.000000,0.000000
276,2.601992,1.319167,-7.268437,-0.157789,0.924370,0.406114,4.944952,1.307549,-0.146444,-2.897274,-3.015555,0.467420,3.221714,2.897303,0.000092,0.000069,-0.074343,0.165446,-0.000317,0.077553,-0.072901,-0.127405,0.000005,0.000850,-0.000725,-0.016524,-1.240685,0.001304,3.438206,2.790010,2.326202,-0.001456,0.000470,-0.001181,-0.324237,18.234890,-58.954449,10.116869,-0.068533,1.945961,12.000000,-0.266057,-0.068490,-0.324237,18.234890,-58.954449,10.116869,-0.068533,1.945961,25.293770,-0.266057,-0.068490,87.000000,87.000000,87.000000,87.000000,12.000000,12.000000,12.000000,200.000000,200.000000,0.000000,0.000000,0.000000,0.000000,0.000000,0.000000,0.000000,0.000000,0.000000
277,2.538294,1.308954,-7.276243,-0.272205,0.935853,0.477861,4.946141,1.303344,-0.147005,-2.897258,-3.015934,0.466817,3.236483,2.897302,0.000097,0.000065,-0.187983,0.157492,-0.000497,-0.040863,-0.004853,0.426638,-0.000000,0.000474,-0.000283,-4.030844,1.147230,0.086212,-1.731166,0.385824,-5.961172,0.007303,-0.001398,0.011248,-2.463561,18.028107,-59.262211,5.589594,0.114539,1.701428,12.000000,-0.255148,-0.070865,-2.463561,18.028107,-59.262211,5.589594,0.114539,1.701428,25.341942,-0.255148,-0.070865,87.000000,87.000000,87.000000,87.000000,12.000000,12.000000,12.000000,200.000000,200.000000,0.000000,0.000000,0.000000,0.000000,0.000000,0.000000,0.000000,0.000000,0.000000
278,2.591681,1.324034,-7.213439,-0.210765,0.888191,0.400042,4.867112,1.295569,-0.145713,-2.897279,-3.015294,0.457634,3.228499,2.897302,0.000080,0.000079,-0.211887,0.202901,-0.000343,0.039852,-0.224387,-0.296401,0.000013,0.000967,-0.000830,2.405018,-0.189148,-0.328729,0.617192,5.384033,2.379255,-0.008038,0.006971,-0.014103,0.727015,18.332525,-56.775112,7.917456,-0.186355,1.597479,12.000000,-0.242090,-0.103604,0.727015,18.332525,-56.775112,7.917456,-0.186355,1.597479,22.179777,-0.242090,-0.103604,87.000000,87.000000,87.000000,87.000000,12.000000,12.000000,12.000000,200.000000,200.000000,0.000000,0.000000,0.000000,0.000000,0.000000,0.000000,0.000000,0.000000,0.000000
279,2.600327,1.284621,-7.235380,-0.330954,0.923586,0.457454,4.972526,1.291587,-0.145358,-2.897299,-3.018123,0.460478,3.236780,2.897301,0.000082,0.000078,-0.096662,0.170678,-0.000235,-0.146787,0.103615,0.265999,0.000004,0.000439,-0.000306,0.951318,0.199538,0.171132,-3.830645,-1.480953,-3.202550,0.006851,0.001653,0.005652,1.000376,16.834581,-57.620003,3.576647,-0.257288,1.445717,12.000000,-0.218320,-0.104012,1.000376,16.834581,-57.620003,3.576647,-0.257288,1.445717,26.397326,-0.218320,-0.104012,87.000000,87.000000,87.000000,87.000000,12.000000,12.000000,12.000000,200.000000,200.000000,0.000000,0.000000,0.000000,0.000000,0.000000,0.000000,0.000000,0.000000,0.000000
280,2.603426,1.292797,-7.265835,-0.347436,0.925637,0.464560,4.969901,1.289313,-0.144689,-2.897298,-3.025594,0.463395,3.244592,2.897301,0.000073,0.000086,-0.049192,0.189032,-0.000082,-0.272703,0.067790,0.161712,0.000012,0.000618,-0.000496,1.307591,0.490504,0.014559,-3.251536,-1.586162,-4.698928,0.000564,0.006775,-0.006212,1.199801,17.077009,-58.848228,3.884909,-0.322858,1.279919,12.000000,-0.204305,-0.126035,1.199801,17.077009,-58.848228,3.884909,-0.322858,1.279919,26.291893,-0.204305,-0.126035,87.000000,87.000000,87.000000,87.000000,12.000000,12.000000,12.000000,200.000000,200.000000,0.000000,0.000000,0.000000,0.000000,0.000000,0.000000,0.000000,0.000000,0.000000
281,2.636670,1.313008,-7.312922,-0.251862,0.921727,0.466346,4.981764,1.289814,-0.144026,-2.897314,-3.033472,0.464904,3.246857,2.897302,0.000073,0.000086,0.064007,0.170563,0.000167,-0.197711,0.030490,0.029939,0.000011,0.000903,-0.000766,3.284079,-0.680376,-0.004548,2.221707,-1.172251,-1.773941,-0.000528,0.002845,-0.003224,2.301779,17.814430,-60.732269,8.451890,-0.475296,1.683366,12.000000,-0.229278,-0.102724,2.301779,17.814430,-60.732269,8.451890,-0.475296,1.683366,26.766335,-0.229278,-0.102724,87.000000,87.000000,87.000000,87.000000,12.000000,12.000000,12.000000,200.000000,200.000000,0.000000,0.000000,0.000000,0.000000,0.000000,0.000000,0.000000,0.000000,0.000000
282,2.612523,1.313695,-7.313563,-0.263287,0.941417,0.489124,4.982081,1.293446,-0.144230,-2.897295,-3.039482,0.469095,3.252465,2.897302,0.000080,0.000079,0.118465,0.150541,0.000045,-0.146798,0.104432,0.148193,0.000006,0.000830,-0.000698,0.437756,-0.180666,0.070456,2.074788,-2.506398,-2.740749,0.002377,-0.002701,0.003748,0.738309,17.939438,-60.754532,8.332209,-0.294199,1.778872,12.000000,-0.246961,-0.083838,0.738309,17.939438,-60.754532,8.332209,-0.294199,1.778872,26.779158,-0.246961,-0.083838,87.000000,87.000000,87.000000,87.000000,12.000000,12.000000,12.000000,200.000000,200.000000,0.000000,0.000000,0.000000,0.000000,0.000000,0.000000,0.000000,0.000000,0.000000
283,2.560183,1.313059,-7.306263,-0.315394,0.945960,0.493609,4.968412,1.295619,-0.144196,-2.897265,-3.044844,0.471017,3.257341,2.897302,0.000083,0.000077,0.018871,0.173475,-0.000225,-0.161646,0.041037,0.111801,0.000003,0.000843,-0.000710,-2.791862,0.723542,-0.003477,-0.129184,-0.940468,-2.684559,0.000637,-0.000341,0.000579,-1.448750,17.902006,-60.468712,6.591534,-0.010282,1.662681,12.000000,-0.249313,-0.083248,-1.448750,17.902006,-60.468712,6.591534,-0.010282,1.662681,26.232311,-0.249313,-0.083248,87.000000,87.000000,87.000000,87.000000,12.000000,12.000000,12.000000,200.000000,200.000000,0.000000,0.000000,0.000000,0.000000,0.000000,0.000000,0.000000,0.000000,0.000000
284,2.574300,1.309545,-7.325062,-0.274477,0.929196,0.507675,4.945924,1.295052,-0.144190,-2.897274,-3.049082,0.468761,3.262350,2.897302,0.000087,0.000074,-0.037197,0.156183,-0.000215,-0.087577,-0.064863,0.126498,0.000000,0.000830,-0.000694,-0.926329,-0.269073,-0.034343,2.460049,1.040833,-2.437970,0.000832,-0.002188,0.002705,-0.583152,17.750015,-61.221863,8.518501,-0.105826,1.798536,12.000000,-0.258353,-0.074578,-0.583152,17.750015,-61.221863,8.518501,-0.105826,1.798536,25.332830,-0.258353,-0.074578,87.000000,87.000000,87.000000,87.000000,12.000000,12.000000,12.000000,200.000000,200.000000,0.000000,0.000000,0.000000,0.000000,0.000000,0.000000,0.000000,0.000000,0.000000
285,2.570183,1.320621,-7.286888,-0.272031,0.919795,0.511620,4.935421,1.293011,-0.144206,-2.897274,-3.050748,0.465154,3.265844,2.897302,0.000088,0.000072,-0.074360,0.166119,-0.000284,-0.013590,-0.084628,0.084490,-0.000002,0.000828,-0.000694,-0.544657,0.351950,-0.026868,2.219109,2.000612,-1.720287,0.000160,-0.001317,0.001348,-0.463588,18.203257,-59.694317,8.539360,-0.083360,1.826539,12.000000,-0.260252,-0.073652,-0.463588,18.203257,-59.694317,8.539360,-0.083360,1.826539,24.912661,-0.260252,-0.073652,87.000000,87.000000,87.000000,87.000000,12.000000,12.000000,12.000000,200.000000,200.000000,0.000000,0.000000,0.000000,0.000000,0.000000,0.000000,0.000000,0.000000,0.000000
286,2.641495,1.294025,-7.277851,-0.299584,0.920984,0.453709,4.953003,1.293123,-0.143711,-2.897307,-3.049793,0.465137,3.256055,2.897302,0.000078,0.000081,0.058895,0.163302,0.000040,0.042794,0.015078,-0.284263,0.000005,0.000909,-0.000748,3.695709,-1.053435,-0.033385,0.517213,0.134321,3.821497,-0.004903,0.010036,-0.010019,2.268120,17.027651,-59.331421,7.114206,-0.401363,1.583220,12.000000,-0.227094,-0.105991,2.268120,17.027651,-59.331421,7.114206,-0.401363,1.583220,25.615612,-0.227094,-0.105991,87.000000,87.000000,87.000000,87.000000,12.000000,12.000000,12.000000,200.000000,200.000000,0.000000,0.000000,0.000000,0.000000,0.000000,0.000000,0.000000,0.000000,0.000000
287,2.612744,1.287322,-7.339715,-0.326026,0.929927,0.493883,4.960238,1.296173,-0.144694,-2.897289,-3.049622,0.466510,3.258518,2.897302,0.000083,0.000077,0.098719,0.123936,-0.000007,-0.004497,0.025487,0.119874,-0.000002,0.000651,-0.000540,0.388395,-0.303210,0.056726,-0.503222,-1.307793,-0.273440,0.004245,-0.006181,0.007310,0.578531,16.984541,-61.801819,6.109127,-0.268416,1.703221,12.000000,-0.246875,-0.082882,0.578531,16.984541,-61.801819,6.109127,-0.268416,1.703221,25.905653,-0.246875,-0.082882,87.000000,87.000000,87.000000,87.000000,12.000000,12.000000,12.000000,200.000000,200.000000,0.000000,0.000000,0.000000,0.000000,0.000000,0.000000,0.000000,0.000000,0.000000
288,2.554955,1.275811,-7.276995,-0.376899,0.948854,0.485662,4.976244,1.297816,-0.145726,-2.897261,-3.051360,0.469623,3.260072,2.897302,0.000081,0.000079,-0.005304,0.132886,-0.000320,-0.090445,0.087514,0.024430,0.000002,0.000786,-0.000660,-3.470580,0.102980,0.025590,-2.524234,-1.106044,-1.286538,-0.000410,0.003197,-0.003536,-1.807790,16.606939,-59.296253,4.327923,0.087975,1.434496,12.000000,-0.235590,-0.096663,-1.807790,16.606939,-59.296253,4.327923,0.087975,1.434496,26.545547,-0.235590,-0.096663,87.000000,87.000000,87.000000,87.000000,12.000000,12.000000,12.000000,200.000000,200.000000,0.000000,0.000000,0.000000,0.000000,0.000000,0.000000,0.000000,0.000000,0.000000
289,2.619552,1.285853,-7.334805,-0.305948,0.934254,0.468464,4.992761,1.298138,-0.146877,-2.897291,-3.053297,0.470277,3.255636,2.897303,0.000079,0.000080,0.026444,0.114592,-0.000037,-0.038017,0.007079,-0.124473,0.000000,0.000914,-0.000768,1.414265,-0.876264,-0.047792,1.112967,-0.480997,1.711718,-0.002488,0.002768,-0.003237,0.944737,17.093069,-61.611599,7.389808,-0.300370,1.666848,12.000000,-0.240803,-0.092325,0.944737,17.093069,-61.611599,7.389808,-0.300370,1.666848,27.206081,-0.240803,-0.092325,87.000000,87.000000,87.000000,87.000000,12.000000,12.000000,12.000000,200.000000,200.000000,0.000000,0.000000,0.000000,0.000000,0.000000,0.000000,0.000000,0.000000,0.000000
290,2.606399,1.291080,-7.320750,-0.301985,0.938296,0.482543,4.987768,1.299426,-0.148908,-2.897284,-3.054120,0.470910,3.255484,2.897302,0.000084,0.000076,0.038257,0.096918,-0.000101,-0.006414,0.013731,0.021232,-0.000003,0.000817,-0.000694,0.047126,-0.184120,0.020574,1.196703,-0.512841,0.416024,0.001286,-0.003909,0.003762,0.206082,17.550165,-61.045551,7.534942,-0.208003,1.787481,12.000000,-0.254618,-0.077452,0.206082,17.550165,-61.045551,7.534942,-0.208003,1.787481,27.006592,-0.254618,-0.077452,87.000000,87.000000,87.000000,87.000000,12.000000,12.000000,12.000000,200.000000,200.000000,0.000000,0.000000,0.000000,0.000000,0.000000,0.000000,0.000000,0.000000,0.000000
291,2.606061,1.313452,-7.361987,-0.309612,0.931340,0.507654,4.993011,1.300623,-0.150646,-2.897281,-3.054480,0.469682,3.261224,2.897302,0.000086,0.000074,0.031562,0.132091,-0.000100,-0.003468,-0.039453,0.163845,-0.000001,0.000720,-0.000584,-0.095352,1.492851,0.002356,0.596991,0.275034,-2.428664,0.002119,-0.002328,0.004240,0.106129,18.585619,-62.696411,7.217122,-0.202853,1.790608,12.000000,-0.250877,-0.079791,0.106129,18.585619,-62.696411,7.217122,-0.202853,1.790608,27.216331,-0.250877,-0.079791,87.000000,87.000000,87.000000,87.000000,12.000000,12.000000,12.000000,200.000000,200.000000,0.000000,0.000000,0.000000,0.000000,0.000000,0.000000,0.000000,0.000000,0.000000
292,2.602103,1.311475,-7.333513,-0.330099,0.922839,0.502116,5.000946,1.301207,-0.150644,-2.897276,-3.054751,0.466702,3.264050,2.897302,0.000083,0.000077,0.011549,0.185967,-0.000165,-0.014130,-0.074586,0.058841,0.000002,0.000782,-0.000645,-0.101277,1.437620,-0.033037,-0.368100,1.483223,-1.634552,-0.000499,0.002291,-0.002464,-0.045755,18.360022,-61.559845,6.393352,-0.140487,1.661319,12.000000,-0.241407,-0.092295,-0.045755,18.360022,-61.559845,6.393352,-0.140487,1.661319,27.533585,-0.241407,-0.092295,87.000000,87.000000,87.000000,87.000000,12.000000,12.000000,12.000000,200.000000,200.000000,0.000000,0.000000,0.000000,0.000000,0.000000,0.000000,0.000000,0.000000,0.000000
293,2.609466,1.291546,-7.329998,-0.319024,0.932926,0.479690,5.002351,1.302128,-0.149599,-2.897281,-3.054529,0.467311,3.260492,2.897302,0.000081,0.000079,0.027408,0.191092,-0.000155,0.013528,0.030253,-0.103492,-0.000000,0.000890,-0.000755,0.034179,-0.289164,0.013018,0.340254,-0.023199,1.343397,-0.001996,0.003023,-0.004116,0.141051,17.367252,-61.416035,6.785417,-0.147103,1.649063,12.000000,-0.242955,-0.091079,0.141051,17.367252,-61.416035,6.785417,-0.147103,1.649063,27.589724,-0.242955,-0.091079,87.000000,87.000000,87.000000,87.000000,12.000000,12.000000,12.000000,200.000000,200.000000,0.000000,0.000000,0.000000,0.000000,0.000000,0.000000,0.000000,0.000000,0.000000
294,2.600027,1.279577,-7.376890,-0.315558,0.931242,0.474080,4.990218,1.302599,-0.149160,-2.897277,-3.053651,0.467366,3.256814,2.897302,0.000083,0.000077,0.002730,0.161367,-0.000172,0.034128,-0.001586,-0.078974,-0.000003,0.000859,-0.000727,-0.518470,-0.917884,-0.014680,0.461772,-0.017627,1.956772,-0.000574,-0.001655,0.001265,-0.240398,16.896429,-63.293690,6.805285,-0.137314,1.693735,12.000000,-0.251418,-0.081301,-0.240398,16.896429,-63.293690,6.805285,-0.137314,1.693735,27.104504,-0.251418,-0.081301,87.000000,87.000000,87.000000,87.000000,12.000000,12.000000,12.000000,200.000000,200.000000,0.000000,0.000000,0.000000,0.000000,0.000000,0.000000,0.000000,0.000000,0.000000
295,2.612377,1.274720,-7.311806,-0.310879,0.935704,0.465113,4.982923,1.303115,-0.149722,-2.897283,-3.051997,0.468612,3.252988,2.897302,0.000082,0.000077,0.015931,0.130074,-0.000125,0.057687,0.035297,-0.088972,-0.000001,0.000833,-0.000701,0.123640,-1.008571,0.010416,0.443405,-0.560485,1.886723,-0.000695,0.000320,-0.000430,0.213949,16.825266,-60.688389,6.796264,-0.186341,1.663902,12.000000,-0.245769,-0.086204,0.213949,16.825266,-60.688389,6.796264,-0.186341,1.663902,26.812662,-0.245769,-0.086204,87.000000,87.000000,87.000000,87.000000,12.000000,12.000000,12.000000,200.000000,200.000000,0.000000,0.000000,0.000000,0.000000,0.000000,0.000000,0.000000,0.000000,0.000000
296,2.618448,1.292376,-7.304139,-0.261813,0.932103,0.471719,4.973678,1.303931,-0.151257,-2.897285,-3.048703,0.468822,3.251371,2.897302,0.000085,0.000075,0.028523,0.108628,-0.000066,0.132006,-0.000687,-0.023500,-0.000003,0.000844,-0.000712,0.432119,-0.465827,-0.005569,2.068809,-0.306132,1.178627,0.000164,-0.003232,0.002895,0.375332,17.741768,-60.382721,8.390130,-0.239007,1.845817,12.000000,-0.258277,-0.074870,0.375332,17.741768,-60.382721,8.390130,-0.239007,1.845817,26.442951,-0.258277,-0.074870,87.000000,87.000000,87.000000,87.000000,12.000000,12.000000,12.000000,200.000000,200.000000,0.000000,0.000000,0.000000,0.000000,0.000000,0.000000,0.000000,0.000000,0.000000
297,2.599669,1.331706,-7.319569,-0.261981,0.906677,0.492410,4.931170,1.303604,-0.152220,-2.897271,-3.044071,0.462727,3.254851,2.897302,0.000088,0.000073,-0.019492,0.164176,-0.000183,0.150771,-0.167454,0.111311,-0.000003,0.000750,-0.000590,-0.154989,1.995223,-0.067081,0.803062,2.721818,-0.952723,0.001185,-0.006199,0.008160,-0.255792,19.384016,-61.004524,7.890317,-0.155205,1.917409,12.000000,-0.262794,-0.070537,-0.255792,19.384016,-61.004524,7.890317,-0.155205,1.917409,24.742655,-0.262794,-0.070537,87.000000,87.000000,87.000000,87.000000,12.000000,12.000000,12.000000,200.000000,200.000000,0.000000,0.000000,0.000000,0.000000,0.000000,0.000000,0.000000,0.000000,0.000000
298,2.619453,1.304110,-7.361222,-0.360282,0.914830,0.472163,4.976049,1.303891,-0.150789,-2.897282,-3.041206,0.460947,3.255075,2.897302,0.000078,0.000081,0.017421,0.234060,-0.000184,0.026930,-0.022106,-0.010665,0.000005,0.000680,-0.000562,0.575863,1.692788,0.021494,-3.832251,1.165618,-0.479978,-0.000830,0.008112,-0.008803,0.456683,17.963449,-62.664379,3.793919,-0.155219,1.436212,12.000000,-0.216435,-0.116291,0.456683,17.963449,-62.664379,3.793919,-0.155219,1.436212,26.537743,-0.216435,-0.116291,87.000000,87.000000,87.000000,87.000000,12.000000,12.000000,12.000000,200.000000,200.000000,0.000000,0.000000,0.000000,0.000000,0.000000,0.000000,0.000000,0.000000,0.000000
299,2.553013,1.296398,-7.324856,-0.333760,0.922251,0.510691,4.923464,1.302505,-0.148623,-2.897259,-3.042097,0.460473,3.262665,2.897302,0.000085,0.000076,-0.097138,0.234224,-0.000410,-0.052873,-0.007310,0.217508,-0.000003,0.000743,-0.000584,-3.463298,0.562960,0.029904,-1.530794,0.468810,-3.148149,0.003369,-0.003792,0.006782,-2.016389,17.416925,-61.210373,5.268701,0.095424,1.618361,12.000000,-0.251650,-0.080153,-2.016389,17.416925,-61.210373,5.268701,0.095424,1.618361,24.434629,-0.251650,-0.080153,87.000000,87.000000,87.000000,87.000000,12.000000,12.000000,12.000000,200.000000,200.000000,0.000000,0.000000,0.000000,0.000000,0.000000,0.000000,0.000000,0.000000,0.000000
300,2.628603,1.287566,-7.332766,-0.365019,0.912650,0.486803,4.959101,1.300398,-0.145768,-2.897296,-3.045090,0.460223,3.263282,2.897302,0.000074,0.000085,-0.035606,0.247490,-0.000112,-0.124830,-0.002119,-0.018847,0.000006,0.000725,-0.000610,2.005708,-0.128112,-0.018432,-2.381745,0.207646,-1.164663,-0.001908,0.006814,-0.008191,1.324645,16.762148,-61.527615,4.401147,-0.295082,1.343778,12.000000,-0.214029,-0.118855,1.324645,16.762148,-61.527615,4.401147,-0.295082,1.343778,25.859741,-0.214029,-0.118855,87.000000,87.000000,87.000000,87.000000,12.000000,12.000000,12.000000,200.000000,200.000000,0.000000,0.000000,0.000000,0.000000,0.000000,0.000000,0.000000,0.000000,0.000000
301,2.589705,1.285390,-7.325136,-0.242909,0.908009,0.436657,4.925030,1.298418,-0.143627,-2.897277,-3.045985,0.458095,3.249574,2.897303,0.000078,0.000082,-0.060621,0.184113,-0.000241,0.031992,-0.045811,-0.375331,0.000002,0.001253,-0.001043,0.309803,-2.877986,-0.082645,3.305946,1.616327,6.029235,-0.005683,0.001066,-0.001874,-0.102711,16.515842,-61.227539,9.264354,-0.113209,1.790110,12.000000,-0.263352,-0.075742,-0.102711,16.515842,-61.227539,9.264354,-0.113209,1.790110,24.496607,-0.263352,-0.075742,87.000000,87.000000,87.000000,87.000000,12.000000,12.000000,12.000000,200.000000,200.000000,0.000000,0.000000,0.000000,0.000000,0.000000,0.000000,0.000000,0.000000,0.000000
302,2.590676,1.305774,-7.332729,-0.272644,0.917139,0.497973,4.951769,1.297239,-0.144249,-2.897285,-3.045381,0.459245,3.254546,2.897302,0.000091,0.000070,-0.040868,0.134949,-0.000185,0.038204,0.029949,0.206081,-0.000009,0.000668,-0.000558,-0.453439,-0.186853,0.088895,1.448132,-0.910302,-0.871569,0.006105,-0.010634,0.012846,-0.065968,17.664045,-61.520245,7.901892,-0.187723,1.926962,12.000000,-0.269343,-0.061308,-0.065968,17.664045,-61.520245,7.901892,-0.187723,1.926962,25.566944,-0.269343,-0.061308,87.000000,87.000000,87.000000,87.000000,12.000000,12.000000,12.000000,200.000000,200.000000,0.000000,0.000000,0.000000,0.000000,0.000000,0.000000,0.000000,0.000000,0.000000
303,2.579640,1.284337,-7.263975,-0.342982,0.938452,0.483590,4.987777,1.295980,-0.144891,-2.897281,-3.045107,0.464300,3.257575,2.897302,0.000083,0.000077,-0.056426,0.143795,-0.000226,-0.017196,0.139394,0.050607,0.000004,0.000704,-0.000572,-1.249512,0.041918,0.049584,-1.784079,-2.081724,-2.091819,-0.000433,0.006438,-0.005643,-0.410545,16.848686,-58.772625,5.030793,-0.095078,1.436453,12.000000,-0.230265,-0.101969,-0.410545,16.848686,-58.772625,5.030793,-0.095078,1.436453,27.006887,-0.230265,-0.101969,87.000000,87.000000,87.000000,87.000000,12.000000,12.000000,12.000000,200.000000,200.000000,0.000000,0.000000,0.000000,0.000000,0.000000,0.000000,0.000000,0.000000,0.000000
304,2.627820,1.304374,-7.297566,-0.244833,0.904516,0.444231,4.939107,1.294373,-0.145335,-2.897296,-3.043307,0.461371,3.248349,2.897303,0.000079,0.000081,-0.007936,0.134962,0.000011,0.094962,-0.095123,-0.260657,0.000001,0.001025,-0.000862,3.316315,-1.015410,-0.226868,2.213368,1.189646,3.980103,-0.005194,0.003058,-0.005064,1.777004,17.648598,-60.132698,8.742740,-0.412679,1.771397,12.000000,-0.247564,-0.089847,1.777004,17.648598,-60.132698,8.742740,-0.412679,1.771397,25.059767,-0.247564,-0.089847,87.000000,87.000000,87.000000,87.000000,12.000000,12.000000,12.000000,200.000000,200.000000,0.000000,0.000000,0.000000,0.000000,0.000000,0.000000,0.000000,0.000000,0.000000
305,2.639581,1.294463,-7.309683,-0.322393,0.911187,0.472259,4.948236,1.296586,-0.146669,-2.897299,-3.041905,0.460667,3.249834,2.897302,0.000080,0.000079,0.105150,0.125520,0.000058,0.016785,-0.016016,0.084708,0.000002,0.000612,-0.000503,2.371984,0.407376,0.059680,-1.555146,-0.265824,0.011759,0.003625,-0.002869,0.004653,1.715129,17.464254,-60.599701,5.519932,-0.379382,1.645157,12.000000,-0.232792,-0.094984,1.715129,17.464254,-60.599701,5.519932,-0.379382,1.645157,25.425535,-0.232792,-0.094984,87.000000,87.000000,87.000000,87.000000,12.000000,12.000000,12.000000,200.000000,200.000000,0.000000,0.000000,0.000000,0.000000,0.000000,0.000000,0.000000,0.000000,0.000000
306,2.577447,1.295744,-7.339488,-0.289921,0.920490,0.456424,4.926367,1.298929,-0.147572,-2.897267,-3.040996,0.460540,3.247507,2.897303,0.000080,0.000079,0.039573,0.135061,-0.000190,0.030006,0.004328,-0.078331,0.000003,0.000946,-0.000803,-1.831897,-0.068095,-0.016363,-0.053527,0.359006,0.743533,-0.001898,0.001159,-0.002935,-1.023091,17.535700,-61.798519,6.797737,-0.015104,1.662408,12.000000,-0.248823,-0.087040,-1.023091,17.535700,-61.798519,6.797737,-0.015104,1.662408,24.550356,-0.248823,-0.087040,87.000000,87.000000,87.000000,87.000000,12.000000,12.000000,12.000000,200.000000,200.000000,0.000000,0.000000,0.000000,0.000000,0.000000,0.000000,0.000000,0.000000,0.000000
307,2.591789,1.295141,-7.335707,-0.296372,0.929055,0.496618,4.983482,1.300376,-0.149014,-2.897279,-3.040928,0.463010,3.254686,2.897302,0.000086,0.000074,0.022484,0.122016,-0.000132,-0.000014,0.062066,0.214279,-0.000000,0.000684,-0.000547,-1.396950,0.393358,0.069640,-0.035345,-1.460469,-2.877558,0.004014,-0.003262,0.006545,-0.495222,17.687134,-61.641136,6.614654,-0.129275,1.720706,12.000000,-0.249851,-0.079230,-0.495222,17.687134,-61.641136,6.614654,-0.129275,1.720706,26.835367,-0.249851,-0.079230,87.000000,87.000000,87.000000,87.000000,12.000000,12.000000,12.000000,200.000000,200.000000,0.000000,0.000000,0.000000,0.000000,0.000000,0.000000,0.000000,0.000000,0.000000
308,2.549911,1.279309,-7.270186,-0.348381,0.938268,0.473508,4.992480,1.298975,-0.149742,-2.897261,-3.042073,0.465394,3.255381,2.897302,0.000081,0.000079,-0.095891,0.146502,-0.000385,-0.068264,0.067761,-0.016966,0.000004,0.000821,-0.000692,-3.260189,0.277793,-0.011143,-2.321974,-0.521857,-1.105778,-0.001771,0.003807,-0.005084,-1.849507,17.041136,-59.026035,4.678269,0.087630,1.444685,12.000000,-0.237678,-0.096758,-1.849507,17.041136,-59.026035,4.678269,0.087630,1.444685,27.194881,-0.237678,-0.096758,87.000000,87.000000,87.000000,87.000000,12.000000,12.000000,12.000000,200.000000,200.000000,0.000000,0.000000,0.000000,0.000000,0.000000,0.000000,0.000000,0.000000,0.000000
309,2.594847,1.316040,-7.289685,-0.274489,0.914695,0.487275,4.946323,1.295492,-0.150003,-2.897285,-3.043821,0.463283,3.256411,2.897302,0.000084,0.000076,-0.097312,0.164336,-0.000192,-0.032899,-0.065074,0.036071,-0.000002,0.000833,-0.000707,0.879233,0.666011,-0.044266,1.221521,0.916809,-0.260376,0.000176,-0.002792,0.002024,0.466424,18.505039,-59.806602,7.881908,-0.254029,1.825681,12.000000,-0.254028,-0.079614,0.466424,18.505039,-59.806602,7.881908,-0.254029,1.825681,25.348757,-0.254028,-0.079614,87.000000,87.000000,87.000000,87.000000,12.000000,12.000000,12.000000,200.000000,200.000000,0.000000,0.000000,0.000000,0.000000,0.000000,0.000000,0.000000,0.000000,0.000000
310,2.614329,1.295377,-7.359377,-0.313565,0.919801,0.491846,4.995265,1.293900,-0.149934,-2.897296,-3.045293,0.463322,3.259196,2.897302,0.000081,0.000078,-0.020394,0.167587,-0.000095,-0.047060,0.009140,0.073261,0.000001,0.000705,-0.000579,1.769902,0.234016,0.033194,-0.184266,-0.076793,-1.406886,0.001013,0.002288,-0.000947,1.219677,17.639809,-62.588902,6.394311,-0.302581,1.620288,12.000000,-0.233069,-0.096463,1.219677,17.639809,-62.588902,6.394311,-0.302581,1.620288,27.306507,-0.233069,-0.096463,87.000000,87.000000,87.000000,87.000000,12.000000,12.000000,12.000000,200.000000,200.000000,0.000000,0.000000,0.000000,0.000000,0.000000,0.000000,0.000000,0.000000,0.000000
311,2.650203,1.312942,-7.338095,-0.304060,0.901459,0.491024,4.940668,1.295102,-0.149230,-2.897307,-3.046771,0.460279,3.260341,2.897302,0.000077,0.000082,0.090666,0.195460,0.000220,-0.040397,-0.090621,0.023217,0.000004,0.000771,-0.000630,3.823593,0.748908,-0.072564,0.203945,0.847258,-0.741468,-0.000544,0.002864,-0.002237,2.380073,18.241341,-61.744057,6.897423,-0.476869,1.664340,12.000000,-0.228898,-0.102249,2.380073,18.241341,-61.744057,6.897423,-0.476869,1.664340,25.122475,-0.228898,-0.102249,87.000000,87.000000,87.000000,87.000000,12.000000,12.000000,12.000000,200.000000,200.000000,0.000000,0.000000,0.000000,0.000000,0.000000,0.000000,0.000000,0.000000,0.000000
312,2.559707,1.267501,-7.292753,-0.389275,0.939056,0.492915,4.970723,1.297484,-0.148328,-2.897264,-3.050217,0.463787,3.262701,2.897302,0.000078,0.000081,0.023489,0.185138,-0.000307,-0.148322,0.111266,0.060788,0.000004,0.000773,-0.000650,-3.324850,-0.255234,0.084170,-2.816658,-1.263867,-1.444568,0.001505,0.001239,-0.001673,-1.659139,16.322220,-59.922802,3.879384,0.093946,1.412062,12.000000,-0.233490,-0.098843,-1.659139,16.322220,-59.922802,3.879384,0.093946,1.412062,26.324797,-0.233490,-0.098843,87.000000,87.000000,87.000000,87.000000,12.000000,12.000000,12.000000,200.000000,200.000000,0.000000,0.000000,0.000000,0.000000,0.000000,0.000000,0.000000,0.000000,0.000000
313,2.595479,1.277470,-7.342458,-0.330820,0.937886,0.503293,4.996332,1.298164,-0.148213,-2.897285,-3.054921,0.467263,3.265231,2.897302,0.000080,0.000079,0.007852,0.150958,-0.000104,-0.129184,0.078493,0.063491,0.000001,0.000821,-0.000691,-0.648599,-0.895566,0.016146,0.783210,-1.846813,-1.459860,0.000661,-0.000068,0.000370,-0.088694,16.766108,-61.914059,6.749063,-0.181271,1.614159,12.000000,-0.242289,-0.089304,-0.088694,16.766108,-61.914059,6.749063,-0.181271,1.614159,27.349131,-0.242289,-0.089304,87.000000,87.000000,87.000000,87.000000,12.000000,12.000000,12.000000,200.000000,200.000000,0.000000,0.000000,0.000000,0.000000,0.000000,0.000000,0.000000,0.000000,0.000000
314,2.575779,1.312066,-7.353537,-0.307318,0.924029,0.510880,4.954447,1.296961,-0.148270,-2.897272,-3.058396,0.465645,3.267216,2.897302,0.000085,0.000075,-0.058303,0.169672,-0.000239,-0.079676,-0.053062,0.053508,-0.000003,0.000897,-0.000762,-1.028877,0.604643,-0.048133,1.597045,0.788716,-0.944119,-0.000123,-0.002850,0.002316,-0.626289,18.190107,-62.361816,7.882295,-0.107138,1.812927,12.000000,-0.260322,-0.073686,-0.626289,18.190107,-62.361816,7.882295,-0.107138,1.812927,25.673660,-0.260322,-0.073686,87.000000,87.000000,87.000000,87.000000,12.000000,12.000000,12.000000,200.000000,200.000000,0.000000,0.000000,0.000000,0.000000,0.000000,0.000000,0.000000,0.000000,0.000000
315,2.652182,1.307904,-7.359472,-0.333992,0.909765,0.508863,4.979061,1.297416,-0.147653,-2.897309,-3.060800,0.463228,3.268625,2.897302,0.000080,0.000079,0.069338,0.189996,0.000145,-0.064009,-0.065357,0.037664,-0.000000,0.000725,-0.000596,3.794083,0.597001,-0.016831,0.560563,0.688996,-0.835748,0.000124,0.003706,-0.002474,2.329703,17.919811,-62.595375,6.907099,-0.453870,1.666662,12.000000,-0.230552,-0.099026,2.329703,17.919811,-62.595375,6.907099,-0.453870,1.666662,26.658295,-0.230552,-0.099026,87.000000,87.000000,87.000000,87.000000,12.000000,12.000000,12.000000,200.000000,200.000000,0.000000,0.000000,0.000000,0.000000,0.000000,0.000000,0.000000,0.000000,0.000000
316,2.628603,1.292245,-7.319894,-0.333266,0.929152,0.507926,4.992389,1.301269,-0.146892,-2.897291,-3.062366,0.465069,3.269182,2.897302,0.000081,0.000079,0.128807,0.179987,0.000027,-0.033094,0.053999,0.016327,0.000000,0.000821,-0.000689,0.718087,-0.324293,0.050741,0.904366,-1.083776,-0.443460,0.000253,0.001322,-0.001796,0.744783,17.206598,-61.009224,6.998945,-0.241333,1.662714,12.000000,-0.241283,-0.091745,0.744783,17.206598,-61.009224,6.998945,-0.241333,1.662714,27.191408,-0.241283,-0.091745,87.000000,87.000000,87.000000,87.000000,12.000000,12.000000,12.000000,200.000000,200.000000,0.000000,0.000000,0.000000,0.000000,0.000000,0.000000,0.000000,0.000000,0.000000
317,2.546854,1.284807,-7.303977,-0.368605,0.950187,0.499532,4.992074,1.302990,-0.146172,-2.897252,-3.063864,0.468734,3.267809,2.897303,0.000085,0.000075,-0.024192,0.182641,-0.000406,-0.057584,0.098641,-0.032793,-0.000003,0.000908,-0.000773,-4.795290,-0.108765,0.020472,-0.797497,-1.253920,0.510085,-0.000573,-0.001664,0.000685,-2.570816,16.857162,-60.376366,5.673272,0.176219,1.620810,12.000000,-0.258475,-0.076147,-2.570816,16.857162,-60.376366,5.673272,0.176219,1.620810,27.178740,-0.258475,-0.076147,87.000000,87.000000,87.000000,87.000000,12.000000,12.000000,12.000000,200.000000,200.000000,0.000000,0.000000,0.000000,0.000000,0.000000,0.000000,0.000000,0.000000,0.000000
318,2.609604,1.289006,-7.334103,-0.325768,0.933752,0.508659,5.009083,1.302100,-0.146055,-2.897286,-3.064968,0.469352,3.268396,2.897302,0.000085,0.000074,-0.026741,0.154608,-0.000125,-0.009877,0.001160,0.032722,-0.000004,0.000781,-0.000658,0.339371,-0.637153,-0.018535,1.536268,-0.536741,-0.067672,0.000682,-0.001371,0.001470,0.310118,17.059843,-61.581795,7.481230,-0.233601,1.733861,12.000000,-0.251866,-0.080237,0.310118,17.059843,-61.581795,7.481230,-0.233601,1.733861,27.859198,-0.251866,-0.080237,87.000000,87.000000,87.000000,87.000000,12.000000,12.000000,12.000000,200.000000,200.000000,0.000000,0.000000,0.000000,0.000000,0.000000,0.000000,0.000000,0.000000,0.000000
319,2.530750,1.299450,-7.330044,-0.312074,0.931064,0.527340,4.963768,1.298171,-0.146555,-2.897253,-3.064445,0.466883,3.272455,2.897302,0.000092,0.000069,-0.181293,0.147724,-0.000539,0.042550,-0.059982,0.122780,-0.000011,0.000840,-0.000701,-3.704876,0.127366,-0.027488,1.801351,1.782192,-1.506826,0.001164,-0.006021,0.006210,-2.349350,17.579370,-61.421585,7.862719,0.151530,1.834612,12.000000,-0.276119,-0.058731,-2.349350,17.579370,-61.421585,7.862719,0.151530,1.834612,26.046591,-0.276119,-0.058731,87.000000,87.000000,87.000000,87.000000,12.000000,12.000000,12.000000,200.000000,200.000000,0.000000,0.000000,0.000000,0.000000,0.000000,0.000000,0.000000,0.000000,0.000000
320,2.588602,1.292184,-7.287087,-0.357488,0.924457,0.503853,4.999640,1.292727,-0.146487,-2.897288,-3.063040,0.465825,3.271077,2.897302,0.000084,0.000075,-0.149208,0.169813,-0.000305,0.031693,-0.013917,-0.048146,-0.000002,0.000735,-0.000610,1.186860,0.262409,-0.013222,-0.727321,0.994976,0.273746,-0.001724,0.004164,-0.004730,0.594781,17.232628,-59.700264,5.818792,-0.192180,1.555726,12.000000,-0.238247,-0.094869,0.594781,17.232628,-59.700264,5.818792,-0.192180,1.555726,27.481314,-0.238247,-0.094869,87.000000,87.000000,87.000000,87.000000,12.000000,12.000000,12.000000,200.000000,200.000000,0.000000,0.000000,0.000000,0.000000,0.000000,0.000000,0.000000,0.000000,0.000000
321,2.606059,1.311545,-7.305234,-0.255416,0.879869,0.479830,4.906608,1.287812,-0.146163,-2.897291,-3.059152,0.456273,3.262748,2.897303,0.000084,0.000076,-0.098754,0.163008,-0.000120,0.170688,-0.256619,-0.208919,-0.000005,0.000991,-0.000827,4.047642,-0.666816,-0.280278,3.251008,4.509903,4.154572,-0.003826,-0.001766,0.000157,1.715914,17.945770,-60.442989,9.447332,-0.370106,1.911313,12.000000,-0.262302,-0.075071,1.715914,17.945770,-60.442989,9.447332,-0.370106,1.911313,23.759834,-0.262302,-0.075071,87.000000,87.000000,87.000000,87.000000,12.000000,12.000000,12.000000,200.000000,200.000000,0.000000,0.000000,0.000000,0.000000,0.000000,0.000000,0.000000,0.000000,0.000000
322,2.605848,1.322942,-7.298202,-0.254199,0.880745,0.489119,4.906590,1.286662,-0.146159,-2.897293,-3.052210,0.450381,3.259831,2.897302,0.000087,0.000073,0.007964,0.167682,-0.000089,0.239991,-0.129211,-0.033371,-0.000007,0.000786,-0.000655,2.776687,0.395882,0.015980,1.979174,2.856478,2.323343,0.000954,-0.005105,0.005286,1.442490,18.448795,-60.143311,8.681965,-0.290243,1.955224,12.000000,-0.261453,-0.072066,1.442490,18.448795,-60.143311,8.681965,-0.290243,1.955224,23.759497,-0.261453,-0.072066,87.000000,87.000000,87.000000,87.000000,12.000000,12.000000,12.000000,200.000000,200.000000,0.000000,0.000000,0.000000,0.000000,0.000000,0.000000,0.000000,0.000000,0.000000
323,2.567145,1.260491,-7.297168,-0.419536,0.927508,0.487427,4.968220,1.288141,-0.146023,-2.897280,-3.047926,0.456417,3.262066,2.897301,0.000080,0.000080,0.023598,0.168955,-0.000216,0.041492,0.182065,0.068540,0.000001,0.000586,-0.000455,-1.789254,0.197628,0.138269,-5.530432,-2.566820,-1.148253,0.002219,0.009878,-0.007019,-0.526785,15.926284,-60.095108,1.824708,-0.038196,1.240783,12.000000,-0.210486,-0.117758,-0.526785,15.926284,-60.095108,1.824708,-0.038196,1.240783,26.224758,-0.210486,-0.117758,87.000000,87.000000,87.000000,87.000000,12.000000,12.000000,12.000000,200.000000,200.000000,0.000000,0.000000,0.000000,0.000000,0.000000,0.000000,0.000000,0.000000,0.000000
324,2.618134,1.272537,-7.330479,-0.307367,0.923288,0.463223,4.969145,1.290010,-0.146147,-2.897300,-3.045874,0.461103,3.256459,2.897302,0.000075,0.000084,0.079885,0.136495,0.000176,0.064940,0.101506,-0.165328,0.000005,0.000898,-0.000757,1.759222,-1.501849,-0.041345,-0.072096,-2.618455,2.124384,-0.003076,0.003139,-0.005032,1.415610,16.407976,-61.437901,6.396620,-0.376980,1.523305,12.000000,-0.231453,-0.103482,1.415610,16.407976,-61.437901,6.396620,-0.376980,1.523305,26.261431,-0.231453,-0.103482,87.000000,87.000000,87.000000,87.000000,12.000000,12.000000,12.000000,200.000000,200.000000,0.000000,0.000000,0.000000,0.000000,0.000000,0.000000,0.000000,0.000000,0.000000
325,2.562858,1.269284,-7.285392,-0.364169,0.936242,0.478550,4.979946,1.291755,-0.147480,-2.897271,-3.045899,0.464744,3.256532,2.897302,0.000078,0.000081,0.017277,0.117189,-0.000195,-0.043945,0.083984,0.030061,-0.000002,0.000768,-0.000647,-2.223519,-0.211855,0.032521,-2.734422,-1.895508,0.271752,0.001740,-0.003079,0.003637,-0.996054,16.509075,-59.631241,4.263696,-0.063769,1.515819,12.000000,-0.239712,-0.090305,-0.996054,16.509075,-59.631241,4.263696,-0.063769,1.515819,26.693756,-0.239712,-0.090305,87.000000,87.000000,87.000000,87.000000,12.000000,12.000000,12.000000,200.000000,200.000000,0.000000,0.000000,0.000000,0.000000,0.000000,0.000000,0.000000,0.000000,0.000000
326,2.599979,1.298336,-7.342318,-0.261431,0.918447,0.476873,4.953035,1.292290,-0.149128,-2.897286,-3.045856,0.463863,3.254909,2.897303,0.000081,0.000079,0.024769,0.106430,-0.000035,0.036346,-0.035525,-0.045939,0.000001,0.000934,-0.000793,0.929647,-0.404885,-0.048835,2.082466,0.194275,0.690078,-0.001277,-0.001271,0.000387,0.606182,17.820429,-61.912544,8.431978,-0.268657,1.798366,12.000000,-0.252643,-0.081473,0.606182,17.820429,-61.912544,8.431978,-0.268657,1.798366,25.617130,-0.252643,-0.081473,87.000000,87.000000,87.000000,87.000000,12.000000,12.000000,12.000000,200.000000,200.000000,0.000000,0.000000,0.000000,0.000000,0.000000,0.000000,0.000000,0.000000,0.000000
327,2.610540,1.293540,-7.322236,-0.319140,0.933405,0.485436,4.984039,1.294557,-0.150842,-2.897290,-3.045477,0.466449,3.256675,2.897302,0.000081,0.000078,0.077927,0.120415,-0.000032,-0.002111,0.071616,0.057910,0.000001,0.000726,-0.000604,0.510606,0.655585,0.061875,-0.842021,-1.469326,-0.751678,0.001529,0.000634,0.000559,0.682036,17.788370,-61.102142,6.028951,-0.253701,1.645338,12.000000,-0.236707,-0.092757,0.682036,17.788370,-61.102142,6.028951,-0.253701,1.645338,26.857494,-0.236707,-0.092757,87.000000,87.000000,87.000000,87.000000,12.000000,12.000000,12.000000,200.000000,200.000000,0.000000,0.000000,0.000000,0.000000,0.000000,0.000000,0.000000,0.000000,0.000000
328,2.590406,1.297097,-7.347314,-0.324378,0.939649,0.507527,4.984120,1.296888,-0.151990,-2.897279,-3.046507,0.468902,3.262729,2.897302,0.000083,0.000077,0.050984,0.143053,-0.000097,-0.043781,0.053749,0.162124,0.000001,0.000727,-0.000590,-1.168311,1.031272,0.030644,-0.727740,-1.473255,-2.832946,0.002170,-0.000496,0.002164,-0.334304,17.983404,-62.107937,6.019703,-0.155765,1.648030,12.000000,-0.241956,-0.088660,-0.334304,17.983404,-62.107937,6.019703,-0.155765,1.648030,26.860722,-0.241956,-0.088660,87.000000,87.000000,87.000000,87.000000,12.000000,12.000000,12.000000,200.000000,200.000000,0.000000,0.000000,0.000000,0.000000,0.000000,0.000000,0.000000,0.000000,0.000000
329,2.577363,1.292493,-7.326467,-0.339871,0.933258,0.487804,4.982056,1.297212,-0.151841,-2.897270,-3.048426,0.468348,3.262258,2.897302,0.000080,0.000080,-0.015372,0.178622,-0.000231,-0.075497,-0.016854,-0.037100,0.000003,0.000868,-0.000734,-1.286198,0.622246,-0.045730,-1.218951,0.471493,-0.370591,-0.002077,0.003077,-0.004331,-0.711973,17.669773,-61.279133,5.610739,-0.067995,1.559527,12.000000,-0.239010,-0.095093,-0.711973,17.669773,-61.279133,5.610739,-0.067995,1.559527,26.777920,-0.239010,-0.095093,87.000000,87.000000,87.000000,87.000000,12.000000,12.000000,12.000000,200.000000,200.000000,0.000000,0.000000,0.000000,0.000000,0.000000,0.000000,0.000000,0.000000,0.000000
330,2.576651,1.288520,-7.323349,-0.365702,0.941313,0.501955,4.986960,1.296428,-0.151153,-2.897275,-3.052454,0.469801,3.264749,2.897302,0.000081,0.000078,-0.044988,0.191915,-0.000286,-0.148642,0.043704,0.078230,-0.000002,0.000743,-0.000619,-1.341936,0.595062,0.039941,-1.635050,-0.553285,-1.142757,0.001549,-0.000844,0.001955,-0.602012,17.418592,-61.148518,5.070563,-0.080057,1.581418,12.000000,-0.240584,-0.089295,-0.602012,17.418592,-61.148518,5.070563,-0.080057,1.581418,26.974314,-0.240584,-0.089295,87.000000,87.000000,87.000000,87.000000,12.000000,12.000000,12.000000,200.000000,200.000000,0.000000,0.000000,0.000000,0.000000,0.000000,0.000000,0.000000,0.000000,0.000000
331,2.596362,1.287659,-7.285036,-0.326186,0.931357,0.498475,4.989243,1.294915,-0.150316,-2.897286,-3.056764,0.469247,3.265071,2.897302,0.000081,0.000079,-0.040311,0.181067,-0.000158,-0.113883,-0.019372,0.001064,-0.000001,0.000841,-0.000709,0.616575,-0.446445,-0.027912,0.999808,0.253622,-0.462343,-0.000831,0.001143,-0.001620,0.406837,17.286850,-59.619663,7.054646,-0.221196,1.654698,12.000000,-0.242629,-0.090002,0.406837,17.286850,-59.619663,7.054646,-0.221196,1.654698,27.065475,-0.242629,-0.090002,87.000000,87.000000,87.000000,87.000000,12.000000,12.000000,12.000000,200.000000,200.000000,0.000000,0.000000,0.000000,0.000000,0.000000,0.000000,0.000000,0.000000,0.000000
332,2.627797,1.287200,-7.326785,-0.312098,0.921610,0.468453,4.957635,1.294891,-0.149729,-2.897296,-3.059005,0.467376,3.258180,2.897303,0.000078,0.000081,0.037637,0.167393,-0.000011,-0.041396,-0.047978,-0.187188,0.000003,0.000957,-0.000798,2.769903,-0.930450,-0.082965,1.537982,0.799259,2.867245,-0.002985,0.004254,-0.004341,1.582315,17.230461,-61.292603,7.635783,-0.352030,1.692658,12.000000,-0.240217,-0.093040,1.582315,17.230461,-61.292603,7.635783,-0.352030,1.692658,25.801027,-0.240217,-0.093040,87.000000,87.000000,87.000000,87.000000,12.000000,12.000000,12.000000,200.000000,200.000000,0.000000,0.000000,0.000000,0.000000,0.000000,0.000000,0.000000,0.000000,0.000000
333,2.635659,1.311723,-7.375907,-0.312903,0.915558,0.510091,4.969326,1.297834,-0.149835,-2.897295,-3.060392,0.465013,3.262522,2.897302,0.000085,0.000076,0.119453,0.169907,0.000091,-0.024118,-0.070682,0.160833,-0.000005,0.000692,-0.000559,2.065558,0.861640,0.027019,1.374928,0.364392,-1.217646,0.003778,-0.006656,0.008708,1.403000,18.314407,-63.251068,7.658456,-0.370588,1.864146,12.000000,-0.253182,-0.077399,1.403000,18.314407,-63.251068,7.658456,-0.370588,1.864146,26.269135,-0.253182,-0.077399,87.000000,87.000000,87.000000,87.000000,12.000000,12.000000,12.000000,200.000000,200.000000,0.000000,0.000000,0.000000,0.000000,0.000000,0.000000,0.000000,0.000000,0.000000
334,2.592191,1.326654,-7.349931,-0.277043,0.903398,0.494556,4.926470,1.300473,-0.148671,-2.897267,-3.059179,0.459352,3.261856,2.897303,0.000086,0.000075,0.062344,0.212802,-0.000134,0.075816,-0.143469,-0.033453,-0.000003,0.000968,-0.000803,-0.678445,0.875637,-0.075970,2.435930,2.835248,0.141017,-0.002467,-0.000253,-0.001331,-0.551342,18.705774,-62.220066,8.791094,-0.068243,1.877603,12.000000,-0.262792,-0.076913,-0.551342,18.705774,-62.220066,8.791094,-0.068243,1.877603,24.554443,-0.262792,-0.076913,87.000000,87.000000,87.000000,87.000000,12.000000,12.000000,12.000000,200.000000,200.000000,0.000000,0.000000,0.000000,0.000000,0.000000,0.000000,0.000000,0.000000,0.000000
335,2.574516,1.292470,-7.372753,-0.352259,0.928184,0.519136,4.983753,1.302299,-0.147267,-2.897267,-3.057812,0.460989,3.268043,2.897302,0.000088,0.000073,0.013299,0.209337,-0.000290,0.024581,0.062874,0.186666,-0.000007,0.000673,-0.000538,-2.860771,0.424487,0.098459,-0.867041,-0.524925,-2.481681,0.003352,0.000243,0.002636,-1.398480,17.209509,-63.121758,5.619575,0.054713,1.639865,12.000000,-0.248239,-0.083144,-1.398480,17.209509,-63.121758,5.619575,0.054713,1.639865,26.846205,-0.248239,-0.083144,87.000000,87.000000,87.000000,87.000000,12.000000,12.000000,12.000000,200.000000,200.000000,0.000000,0.000000,0.000000,0.000000,0.000000,0.000000,0.000000,0.000000,0.000000
336,2.589591,1.289719,-7.293068,-0.256164,0.891423,0.445998,4.897714,1.300510,-0.145517,-2.897269,-3.053439,0.454830,3.254845,2.897303,0.000082,0.000078,-0.061052,0.188069,-0.000216,0.182219,-0.164487,-0.387751,-0.000000,0.001177,-0.000990,0.422985,-2.026643,-0.219314,2.775814,3.492708,5.473314,-0.008708,0.004468,-0.007878,-0.266513,16.877304,-59.954155,8.902493,-0.093965,1.734578,12.000000,-0.261955,-0.081093,-0.266513,16.877304,-59.954155,8.902493,-0.093965,1.734578,23.403770,-0.261955,-0.081093,87.000000,87.000000,87.000000,87.000000,12.000000,12.000000,12.000000,200.000000,200.000000,0.000000,0.000000,0.000000,0.000000,0.000000,0.000000,0.000000,0.000000,0.000000
337,2.553731,1.263238,-7.274813,-0.389041,0.938755,0.499827,4.977329,1.298982,-0.145985,-2.897269,-3.050896,0.460639,3.259964,2.897302,0.000090,0.000072,-0.093871,0.140348,-0.000446,0.017614,0.178879,0.210204,-0.000008,0.000559,-0.000424,-3.597148,-0.199164,0.190473,-3.449650,-2.431983,-1.189031,0.007207,-0.002503,0.008717,-1.721044,16.086012,-59.197933,3.464024,0.088079,1.536467,12.000000,-0.247522,-0.078670,-1.721044,16.086012,-59.197933,3.464024,0.088079,1.536467,26.589468,-0.247522,-0.078670,87.000000,87.000000,87.000000,87.000000,12.000000,12.000000,12.000000,200.000000,200.000000,0.000000,0.000000,0.000000,0.000000,0.000000,0.000000,0.000000,0.000000,0.000000
338,2.639347,1.305652,-7.334147,-0.334042,0.910410,0.510493,4.971594,1.296992,-0.146192,-2.897309,-3.050935,0.461058,3.266027,2.897301,0.000081,0.000079,-0.019044,0.170130,0.000123,-0.012774,-0.018216,0.140391,0.000002,0.000618,-0.000504,3.081429,0.936359,-0.078906,-0.774648,-0.841560,-3.217709,0.000203,0.002274,-0.003304,2.044099,17.785555,-61.586086,5.901456,-0.472324,1.532787,12.000000,-0.228032,-0.106397,2.044099,17.785555,-61.586086,5.901456,-0.472324,1.532787,26.359657,-0.228032,-0.106397,87.000000,87.000000,87.000000,87.000000,12.000000,12.000000,12.000000,200.000000,200.000000,0.000000,0.000000,0.000000,0.000000,0.000000,0.000000,0.000000,0.000000,0.000000
339,2.589007,1.288951,-7.315898,-0.324264,0.930228,0.498676,5.003548,1.296591,-0.145862,-2.897282,-3.051198,0.463529,3.266391,2.897302,0.000080,0.000080,-0.020671,0.166919,-0.000195,-0.007720,0.073980,-0.008565,0.000000,0.000859,-0.000725,-0.577348,-0.370147,0.027781,-0.127764,-0.886829,-0.643671,-0.001123,0.002322,-0.003045,-0.141380,17.025379,-60.850925,6.337366,-0.119109,1.571318,12.000000,-0.240022,-0.093775,-0.141380,17.025379,-60.850925,6.337366,-0.119109,1.571318,27.637634,-0.240022,-0.093775,87.000000,87.000000,87.000000,87.000000,12.000000,12.000000,12.000000,200.000000,200.000000,0.000000,0.000000,0.000000,0.000000,0.000000,0.000000,0.000000,0.000000,0.000000
340,2.621585,1.273259,-7.296223,-0.308818,0.935174,0.455453,4.983830,1.297039,-0.145992,-2.897295,-3.050330,0.467124,3.256620,2.897303,0.000076,0.000083,0.034528,0.133529,-0.000033,0.036768,0.091384,-0.268251,0.000002,0.000972,-0.000806,1.483145,-1.718887,-0.013216,0.377260,-1.679680,4.095685,-0.003897,0.004240,-0.004304,1.096592,16.420170,-60.065849,6.796395,-0.300946,1.583344,12.000000,-0.236616,-0.097225,1.096592,16.420170,-60.065849,6.796395,-0.300946,1.583344,26.848772,-0.236616,-0.097225,87.000000,87.000000,87.000000,87.000000,12.000000,12.000000,12.000000,200.000000,200.000000,0.000000,0.000000,0.000000,0.000000,0.000000,0.000000,0.000000,0.000000,0.000000
341,2.613910,1.280666,-7.326602,-0.303156,0.934918,0.459916,4.976804,1.298653,-0.147670,-2.897286,-3.049019,0.468887,3.251005,2.897302,0.000080,0.000079,0.055212,0.096848,-0.000044,0.044649,0.032199,-0.108271,-0.000003,0.000861,-0.000738,0.573327,-0.882752,-0.000072,0.273819,-1.226989,3.205752,0.000239,-0.004050,0.003222,0.553164,16.995144,-61.280861,6.890419,-0.272358,1.746140,12.000000,-0.251204,-0.081720,0.553164,16.995144,-61.280861,6.890419,-0.272358,1.746140,26.567984,-0.251204,-0.081720,87.000000,87.000000,87.000000,87.000000,12.000000,12.000000,12.000000,200.000000,200.000000,0.000000,0.000000,0.000000,0.000000,0.000000,0.000000,0.000000,0.000000,0.000000
342,2.582895,1.301511,-7.336135,-0.352732,0.934455,0.510035,4.973221,1.299715,-0.149725,-2.897272,-3.049894,0.468713,3.259808,2.897302,0.000085,0.000075,0.003763,0.124725,-0.000202,-0.059846,-0.014742,0.267621,-0.000004,0.000608,-0.000474,-1.711238,1.757525,0.036079,-1.891026,-0.282857,-3.492896,0.004887,-0.004691,0.008563,-0.766409,18.069172,-61.660664,5.132101,-0.099914,1.669600,12.000000,-0.246040,-0.081885,-0.766409,18.069172,-61.660664,5.132101,-0.099914,1.669600,26.424976,-0.246040,-0.081885,87.000000,87.000000,87.000000,87.000000,12.000000,12.000000,12.000000,200.000000,200.000000,0.000000,0.000000,0.000000,0.000000,0.000000,0.000000,0.000000,0.000000,0.000000
343,2.648565,1.309174,-7.307144,-0.324513,0.915567,0.470753,4.955280,1.301036,-0.149600,-2.897296,-3.051347,0.465823,3.256981,2.897302,0.000075,0.000084,0.080672,0.183437,0.000053,-0.046333,-0.075267,-0.120729,0.000006,0.000891,-0.000745,3.063654,0.899727,-0.129674,-0.379335,1.254515,0.285604,-0.004292,0.009488,-0.010893,1.823599,18.161316,-60.509991,6.429232,-0.372006,1.554928,12.000000,-0.222659,-0.112036,1.823599,18.161316,-60.509991,6.429232,-0.372006,1.554928,25.706726,-0.222659,-0.112036,87.000000,87.000000,87.000000,87.000000,12.000000,12.000000,12.000000,200.000000,200.000000,0.000000,0.000000,0.000000,0.000000,0.000000,0.000000,0.000000,0.000000,0.000000
344,2.605494,1.308081,-7.355549,-0.347863,0.924789,0.518900,4.979768,1.303910,-0.148953,-2.897276,-3.054503,0.464845,3.264755,2.897302,0.000083,0.000077,0.071633,0.199039,-0.000128,-0.110823,-0.024277,0.241895,-0.000002,0.000681,-0.000541,-0.990900,1.295139,0.059149,-0.746633,0.101355,-3.032783,0.004739,-0.006680,0.009345,-0.337046,18.045795,-62.435692,5.897401,-0.126474,1.720897,12.000000,-0.250111,-0.080475,-0.337046,18.045795,-62.435692,5.897401,-0.126474,1.720897,26.686842,-0.250111,-0.080475,87.000000,87.000000,87.000000,87.000000,12.000000,12.000000,12.000000,200.000000,200.000000,0.000000,0.000000,0.000000,0.000000,0.000000,0.000000,0.000000,0.000000,0.000000
345,2.522445,1.296820,-7.313550,-0.329271,0.938702,0.500973,4.935494,1.302709,-0.147265,-2.897243,-3.057470,0.465244,3.265839,2.897303,0.000086,0.000074,-0.125111,0.214193,-0.000569,-0.078153,0.028245,-0.002835,-0.000002,0.000983,-0.000851,-5.498198,-0.030410,-0.014680,0.602260,0.829699,-1.130710,-0.002100,-0.000336,-0.002614,-3.296489,17.345596,-60.761776,6.869507,0.301723,1.660964,12.000000,-0.264644,-0.074436,-3.296489,17.345596,-60.761776,6.869507,0.301723,1.660964,24.915447,-0.264644,-0.074436,87.000000,87.000000,87.000000,87.000000,12.000000,12.000000,12.000000,200.000000,200.000000,0.000000,0.000000,0.000000,0.000000,0.000000,0.000000,0.000000,0.000000,0.000000
346,2.644467,1.283071,-7.302160,-0.292357,0.921785,0.461512,4.981226,1.300402,-0.146021,-2.897307,-3.057821,0.465624,3.257053,2.897303,0.000080,0.000079,-0.021366,0.171686,-0.000006,0.028633,0.008758,-0.238107,0.000003,0.000911,-0.000762,3.429025,-1.903184,-0.068981,2.272394,-0.217234,3.777359,-0.003737,0.004634,-0.004908,2.002955,16.702427,-60.305843,8.185232,-0.413444,1.691160,12.000000,-0.240858,-0.092815,2.002955,16.702427,-60.305843,8.185232,-0.413444,1.691160,26.744619,-0.240858,-0.092815,87.000000,87.000000,87.000000,87.000000,12.000000,12.000000,12.000000,200.000000,200.000000,0.000000,0.000000,0.000000,0.000000,0.000000,0.000000,0.000000,0.000000,0.000000
347,2.626350,1.310065,-7.347671,-0.271551,0.904994,0.487605,4.946929,1.300293,-0.146337,-2.897290,-3.055794,0.461577,3.256394,2.897302,0.000086,0.000074,0.022457,0.148119,-0.000025,0.097316,-0.118891,0.032105,-0.000004,0.000784,-0.000656,1.957694,-0.140874,-0.034798,2.388230,1.410089,1.308371,0.001885,-0.007517,0.007918,1.085865,17.969780,-62.125519,8.677786,-0.332433,1.940789,12.000000,-0.263614,-0.068998,1.085865,17.969780,-62.125519,8.677786,-0.332433,1.940789,25.373030,-0.263614,-0.068998,87.000000,87.000000,87.000000,87.000000,12.000000,12.000000,12.000000,200.000000,200.000000,0.000000,0.000000,0.000000,0.000000,0.000000,0.000000,0.000000,0.000000,0.000000
348,2.613136,1.323987,-7.305496,-0.277071,0.889146,0.496398,4.893640,1.301015,-0.146371,-2.897279,-3.051816,0.454830,3.258986,2.897302,0.000086,0.000075,0.031909,0.176394,-0.000092,0.139924,-0.170420,0.078027,-0.000004,0.000752,-0.000592,0.984217,1.014012,-0.044862,1.282090,3.123117,-0.847987,0.000383,-0.002443,0.003903,0.418908,18.520153,-60.439865,7.962153,-0.189585,1.835589,12.000000,-0.253384,-0.080915,0.418908,18.520153,-60.439865,7.962153,-0.189585,1.835589,23.241447,-0.253384,-0.080915,87.000000,87.000000,87.000000,87.000000,12.000000,12.000000,12.000000,200.000000,200.000000,0.000000,0.000000,0.000000,0.000000,0.000000,0.000000,0.000000,0.000000,0.000000
349,2.567497,1.268650,-7.265313,-0.409560,0.936439,0.498639,4.976708,1.302170,-0.145817,-2.897267,-3.050247,0.459948,3.263940,2.897301,0.000081,0.000079,-0.013051,0.183732,-0.000357,-0.023006,0.166920,0.126063,0.000001,0.000649,-0.000519,-3.479843,0.342945,0.136794,-4.432311,-1.811221,-2.645300,0.002154,0.008777,-0.007017,-1.633872,16.205368,-58.821640,2.644056,0.119874,1.299091,12.000000,-0.219841,-0.111498,-1.633872,16.205368,-58.821640,2.644056,0.119874,1.299091,26.564299,-0.219841,-0.111498,87.000000,87.000000,87.000000,87.000000,12.000000,12.000000,12.000000,200.000000,200.000000,0.000000,0.000000,0.000000,0.000000,0.000000,0.000000,0.000000,0.000000,0.000000
350,2.597011,1.294712,-7.313850,-0.265175,0.905080,0.460747,4.933754,1.300167,-0.145066,-2.897278,-3.048644,0.457952,3.255879,2.897303,0.000080,0.000080,-0.064036,0.165611,-0.000156,0.086397,-0.069600,-0.237999,0.000002,0.001078,-0.000924,0.482739,-1.383304,-0.166695,2.073364,1.116521,3.312509,-0.005359,-0.000026,-0.003546,0.068631,17.137932,-60.781536,8.371719,-0.187532,1.727563,12.000000,-0.257890,-0.082114,0.068631,17.137932,-60.781536,8.371719,-0.187532,1.727563,24.845596,-0.257890,-0.082114,87.000000,87.000000,87.000000,87.000000,12.000000,12.000000,12.000000,200.000000,200.000000,0.000000,0.000000,0.000000,0.000000,0.000000,0.000000,0.000000,0.000000,0.000000
351,2.594518,1.296386,-7.338270,-0.291030,0.911608,0.494279,4.953032,1.298657,-0.145799,-2.897283,-3.046208,0.457786,3.258086,2.897302,0.000087,0.000074,-0.047515,0.133827,-0.000204,0.079253,0.001886,0.107253,-0.000007,0.000718,-0.000599,-0.140980,-0.196449,0.053637,0.449145,0.002244,-0.092320,0.003370,-0.006164,0.008036,0.010032,17.414871,-61.744114,7.067379,-0.164057,1.796813,12.000000,-0.257870,-0.072134,0.010032,17.414871,-61.744114,7.067379,-0.164057,1.796813,25.617374,-0.257870,-0.072134,87.000000,87.000000,87.000000,87.000000,12.000000,12.000000,12.000000,200.000000,200.000000,0.000000,0.000000,0.000000,0.000000,0.000000,0.000000,0.000000,0.000000,0.000000
352,2.627794,1.294276,-7.337145,-0.340248,0.917307,0.471712,4.987732,1.298571,-0.146064,-2.897295,-3.044569,0.459859,3.256550,2.897302,0.000078,0.000081,0.022351,0.162377,-0.000039,0.018289,0.057290,-0.059473,0.000005,0.000733,-0.000609,1.658690,0.444605,0.013342,-2.163956,-1.009104,0.206897,-0.001577,0.006439,-0.006661,1.264794,17.313232,-61.701054,4.981308,-0.305594,1.467008,12.000000,-0.221875,-0.109405,1.264794,17.313232,-61.701054,4.981308,-0.305594,1.467008,27.005013,-0.221875,-0.109405,87.000000,87.000000,87.000000,87.000000,12.000000,12.000000,12.000000,200.000000,200.000000,0.000000,0.000000,0.000000,0.000000,0.000000,0.000000,0.000000,0.000000,0.000000
353,2.624186,1.285320,-7.332190,-0.311474,0.923500,0.467225,4.972873,1.300262,-0.146348,-2.897292,-3.044180,0.462329,3.253704,2.897302,0.000077,0.000082,0.063899,0.143348,-0.000008,0.006486,0.057538,-0.068447,0.000002,0.000838,-0.000703,0.907101,-0.646073,0.011648,-0.478323,-1.442032,1.295595,-0.000527,0.000712,-0.000940,0.831470,16.965847,-61.503326,6.228522,-0.282526,1.605277,12.000000,-0.236552,-0.095133,0.831470,16.965847,-61.503326,6.228522,-0.282526,1.605277,26.410688,-0.236552,-0.095133,87.000000,87.000000,87.000000,87.000000,12.000000,12.000000,12.000000,200.000000,200.000000,0.000000,0.000000,0.000000,0.000000,0.000000,0.000000,0.000000,0.000000,0.000000
354,2.558198,1.313883,-7.350383,-0.311145,0.923421,0.525128,4.948173,1.300421,-0.147111,-2.897262,-3.045421,0.462033,3.264105,2.897302,0.000088,0.000073,-0.047616,0.157136,-0.000298,-0.045340,-0.019268,0.307232,-0.000005,0.000714,-0.000552,-3.210684,1.395070,0.024960,-0.325603,-0.067325,-4.134552,0.005085,-0.007776,0.011796,-1.759738,18.248468,-62.231812,6.487186,0.016595,1.788128,12.000000,-0.262691,-0.068118,-1.759738,18.248468,-62.231812,6.487186,0.016595,1.788128,25.423046,-0.262691,-0.068118,87.000000,87.000000,87.000000,87.000000,12.000000,12.000000,12.000000,200.000000,200.000000,0.000000,0.000000,0.000000,0.000000,0.000000,0.000000,0.000000,0.000000,0.000000
355,2.616881,1.303747,-7.321888,-0.275494,0.913740,0.468383,4.950942,1.299256,-0.146455,-2.897289,-3.044985,0.460984,3.258565,2.897303,0.000079,0.000081,-0.016330,0.178114,-0.000110,0.038393,-0.016556,-0.202038,0.000006,0.000976,-0.000836,1.547772,-0.478355,-0.069629,1.204792,0.930577,1.473251,-0.005753,0.007288,-0.010850,0.870188,17.629057,-61.096291,7.744437,-0.231171,1.615233,12.000000,-0.238699,-0.100244,0.870188,17.629057,-61.096291,7.744437,-0.231171,1.615233,25.533115,-0.238699,-0.100244,87.000000,87.000000,87.000000,87.000000,12.000000,12.000000,12.000000,200.000000,200.000000,0.000000,0.000000,0.000000,0.000000,0.000000,0.000000,0.000000,0.000000,0.000000
356,2.613070,1.288962,-7.337642,-0.340730,0.930080,0.489476,4.970136,1.299985,-0.146354,-2.897289,-3.045429,0.464019,3.259577,2.897302,0.000081,0.000078,0.026914,0.163936,-0.000113,-0.040906,0.080633,0.063292,-0.000002,0.000680,-0.000566,0.184962,0.058832,0.073603,-1.706574,-1.706798,0.023231,0.002802,-0.001796,0.003591,0.466162,17.097090,-61.717548,5.213961,-0.230638,1.607589,12.000000,-0.237895,-0.090391,0.466162,17.097090,-61.717548,5.213961,-0.230638,1.607589,26.301464,-0.237895,-0.090391,87.000000,87.000000,87.000000,87.000000,12.000000,12.000000,12.000000,200.000000,200.000000,0.000000,0.000000,0.000000,0.000000,0.000000,0.000000,0.000000,0.000000,0.000000
357,2.598177,1.280767,-7.356702,-0.292994,0.930014,0.461373,4.979055,1.300335,-0.146546,-2.897280,-3.045709,0.465411,3.254078,2.897303,0.000079,0.000080,0.001263,0.137197,-0.000142,0.007717,0.032654,-0.161667,0.000002,0.000958,-0.000808,-0.337258,-1.317277,-0.037051,0.754791,-0.502004,2.120253,-0.003086,0.002329,-0.003536,-0.119088,16.777939,-62.487408,7.157800,-0.149312,1.630571,12.000000,-0.245658,-0.089184,-0.119088,16.777939,-62.487408,7.157800,-0.149312,1.630571,26.657824,-0.245658,-0.089184,87.000000,87.000000,87.000000,87.000000,12.000000,12.000000,12.000000,200.000000,200.000000,0.000000,0.000000,0.000000,0.000000,0.000000,0.000000,0.000000,0.000000,0.000000
358,2.613339,1.314652,-7.342296,-0.317413,0.919748,0.507930,4.954230,1.300757,-0.147405,-2.897286,-3.046902,0.464384,3.260426,2.897302,0.000085,0.000075,0.016815,0.154157,-0.000089,-0.047526,-0.040233,0.208536,-0.000002,0.000644,-0.000516,0.420540,1.356653,0.020928,-0.579128,-0.082428,-2.210800,0.004372,-0.005283,0.008011,0.455036,18.308479,-61.907253,6.346584,-0.262878,1.766539,12.000000,-0.247964,-0.080938,0.455036,18.308479,-61.907253,6.346584,-0.262878,1.766539,25.665335,-0.247964,-0.080938,87.000000,87.000000,87.000000,87.000000,12.000000,12.000000,12.000000,200.000000,200.000000,0.000000,0.000000,0.000000,0.000000,0.000000,0.000000,0.000000,0.000000,0.000000
359,2.631125,1.300582,-7.316116,-0.279724,0.907626,0.454584,4.934277,0.000000,-0.697268,0.000000,-1.674071,0.000000,3.613857,0.862628,0.039663,0.040000,0.000000,0.000000,0.000000,0.000000,0.000000,0.000000,0.000000,0.000000,0.000000,0.000000,0.000000,0.000000,0.000000,0.000000,0.000000,0.000000,0.000000,0.000000,87.000000,62.284714,-87.000000,-87.000000,12.000000,-12.000000,12.000000,-79.326645,-80.000000,105.245018,62.284714,-292.644623,-102.063278,36.305035,-27.965221,187.640778,-79.326645,-80.000000,87.000000,87.000000,87.000000,87.000000,12.000000,12.000000,12.000000,200.000000,200.000000,0.000000,0.000000,0.000000,0.000000,0.000000,0.000000,0.000000,0.000000,0.000000
