Timestep,agent_joint_pos_J1,agent_joint_pos_J2,agent_joint_pos_J3,agent_joint_pos_J4,agent_joint_pos_J5,agent_joint_pos_J6,agent_joint_pos_J7,joint_pos_J1,joint_pos_J2,joint_pos_J3,joint_pos_J4,joint_pos_J5,joint_pos_J6,joint_pos_J7,joint_pos_J8,joint_pos_J9,joint_vel_J1,joint_vel_J2,joint_vel_J3,joint_vel_J4,joint_vel_J5,joint_vel_J6,joint_vel_J7,joint_vel_J8,joint_vel_J9,joint_acc_J1,joint_acc_J2,joint_acc_J3,joint_acc_J4,joint_acc_J5,joint_acc_J6,joint_acc_J7,joint_acc_J8,joint_acc_J9,joint_applied_torque_J1,joint_applied_torque_J2,joint_applied_torque_J3,joint_applied_torque_J4,joint_applied_torque_J5,joint_applied_torque_J6,joint_applied_torque_J7,joint_applied_torque_J8,joint_applied_torque_J9,joint_computed_torque_J1,joint_computed_torque_J2,joint_computed_torque_J3,joint_computed_torque_J4,joint_computed_torque_J5,joint_computed_torque_J6,joint_computed_torque_J7,joint_computed_torque_J8,joint_computed_torque_J9,joint_effort_limits_J1,joint_effort_limits_J2,joint_effort_limits_J3,joint_effort_limits_J4,joint_effort_limits_J5,joint_effort_limits_J6,joint_effort_limits_J7,joint_effort_limits_J8,joint_effort_limits_J9,joint_effort_target_J1,joint_effort_target_J2,joint_effort_target_J3,joint_effort_target_J4,joint_effort_target_J5,joint_effort_target_J6,joint_effort_target_J7,joint_effort_target_J8,joint_effort_target_J9
0,2.280302,6.202298,2.613222,2.861217,-0.900048,-1.474950,1.761275,0.038191,-0.464142,0.047309,-2.584863,-0.079566,2.001629,0.502275,0.032323,0.033196,1.836315,2.169492,2.178085,2.165148,-2.600179,2.611406,2.612240,-0.198317,-0.198781,-17.742861,0.146599,88.218605,1.500420,0.915685,82.091698,-0.308104,0.653316,0.515347,81.398285,87.000000,87.000000,87.000000,-12.000000,12.000000,12.000000,-50.354126,-52.290688,81.398285,233.959946,100.683853,90.664429,-22.484972,22.321480,82.563881,-50.354126,-52.290688,87.000000,87.000000,87.000000,87.000000,12.000000,12.000000,12.000000,200.000000,200.000000,0.000000,0.000000,0.000000,0.000000,0.000000,0.000000,0.000000,0.000000,0.000000
1,-1.502880,5.164633,-1.736499,1.905921,1.444864,-1.122882,1.428508,0.070801,-0.389634,0.070366,-2.514271,0.005955,2.088605,0.587077,0.025760,0.026625,0.480219,2.208357,-0.478726,2.178175,2.601828,2.608963,2.361569,-0.207501,-0.200416,-32.998653,-0.074544,-73.974625,-0.497074,-0.700021,0.069308,16.505369,-1.324684,-0.330293,-68.901802,87.000000,-78.116333,46.674625,12.000000,12.000000,12.000000,-39.911339,-40.452766,-68.901802,186.383636,-78.116333,46.674625,50.358097,24.002783,64.539726,-39.911339,-40.452766,87.000000,87.000000,87.000000,87.000000,12.000000,12.000000,12.000000,200.000000,200.000000,0.000000,0.000000,0.000000,0.000000,0.000000,0.000000,0.000000,0.000000,0.000000
2,0.948398,4.856687,1.001508,0.208998,0.340651,-2.491264,1.436912,0.084532,-0.319602,0.080416,-2.457025,0.080856,2.012357,0.674218,0.019201,0.020188,0.512821,2.029537,0.760428,1.115648,2.156168,-2.610185,2.612336,-0.188116,-0.200592,8.095657,0.862999,26.068792,-44.247742,-25.565699,-17.996548,-0.071039,0.971901,-0.938179,30.239843,87.000000,33.089931,-25.488327,-0.129704,-11.896363,12.000000,-24.259609,-28.581884,30.239843,169.054077,33.089931,-25.488327,-0.129704,-11.896363,55.848930,-24.259609,-28.581884,87.000000,87.000000,87.000000,87.000000,12.000000,12.000000,12.000000,200.000000,200.000000,0.000000,0.000000,0.000000,0.000000,0.000000,0.000000,0.000000,0.000000,0.000000
3,0.069805,3.165880,0.091888,1.634815,0.307211,-0.489564,1.173916,0.099179,-0.245301,0.102982,-2.426233,0.118956,2.068814,0.761159,0.012726,0.013378,0.300380,2.230861,0.654899,1.508570,0.300541,0.421909,2.609592,-0.197769,-0.201442,-6.113074,-0.283656,-4.693043,14.231421,-24.797041,20.150743,0.050583,-0.494171,0.252967,-6.272644,87.000000,-6.606454,31.043346,0.814967,12.000000,12.000000,-13.109982,-12.925158,-6.272644,94.769455,-6.606454,31.043346,0.814967,59.879097,38.387943,-13.109982,-12.925158,87.000000,87.000000,87.000000,87.000000,12.000000,12.000000,12.000000,200.000000,200.000000,0.000000,0.000000,0.000000,0.000000,0.000000,0.000000,0.000000,0.000000,0.000000
4,-0.407527,2.648596,-0.751963,0.498221,0.604120,-0.515061,0.987643,0.156068,-0.172580,0.060769,-2.415162,0.198530,2.155840,0.848099,0.006807,0.007445,1.445336,2.183850,-1.549824,-0.032659,2.300821,2.612990,2.605201,-0.135456,-0.133867,-29.675158,0.042415,-6.954989,-30.503174,-16.330217,0.070968,-0.081553,3.275754,3.850274,-34.153355,68.410866,-31.392963,-13.485227,1.240979,12.000000,12.000000,0.128214,-0.304068,-34.153355,68.410866,-31.392963,-13.485227,1.240979,42.926964,23.984867,0.128214,-0.304068,87.000000,87.000000,87.000000,87.000000,12.000000,12.000000,12.000000,200.000000,200.000000,0.000000,0.000000,0.000000,0.000000,0.000000,0.000000,0.000000,0.000000,0.000000
5,0.281984,1.266017,0.394159,1.716531,-0.053202,0.137775,0.717738,0.116579,-0.098246,0.092131,-2.395154,0.125002,2.208107,0.934975,0.003628,0.004009,-1.220451,2.222770,1.057802,1.195336,-2.612244,0.340739,2.611462,-0.066263,-0.080902,24.470278,-0.196295,-13.952586,15.190901,0.040870,29.031603,-0.007339,1.361163,1.293948,6.580265,7.040890,4.870814,32.718697,-4.994965,12.000000,6.227951,-0.923951,-0.905259,6.580265,7.040890,4.870814,32.718697,-4.994965,74.669472,6.227951,-0.923951,-0.905259,87.000000,87.000000,87.000000,87.000000,12.000000,12.000000,12.000000,200.000000,200.000000,0.000000,0.000000,0.000000,0.000000,0.000000,0.000000,0.000000,0.000000,0.000000
6,0.588898,-0.728347,0.091030,0.481884,-0.171302,1.128971,0.447009,0.159365,-0.066576,0.047343,-2.420924,0.037864,2.295151,0.949240,0.001938,0.002097,1.081192,-0.175037,-1.159540,-1.919874,-2.420580,2.608588,0.267327,-0.035575,-0.042673,-27.714928,-66.440910,25.578030,-77.029144,15.630540,-0.115814,-6.739068,0.964159,0.801000,6.324423,-72.567856,4.399570,-11.254248,-2.648742,12.000000,0.121326,-0.123261,-0.217504,6.324423,-72.567856,4.399570,-11.254248,-2.648742,97.544342,0.121326,-0.123261,-0.217504,87.000000,87.000000,87.000000,87.000000,12.000000,12.000000,12.000000,200.000000,200.000000,0.000000,0.000000,0.000000,0.000000,0.000000,0.000000,0.000000,0.000000,0.000000
7,0.008667,0.642553,-0.216331,2.243959,0.160273,1.038980,0.591651,0.168568,-0.045833,0.031626,-2.434273,0.032273,2.302931,0.990880,0.001130,0.001008,0.075939,1.098121,-0.394807,1.162295,0.021312,-2.607629,0.938732,-0.017888,-0.023955,-9.179092,34.419487,1.500526,69.065933,15.306717,0.129004,-20.942076,0.504701,0.382193,-13.829489,-17.007120,-10.062001,59.920448,5.362587,12.000000,-0.006591,-0.292159,0.067806,-13.829489,-17.007120,-10.062001,59.920448,5.362587,110.973404,-0.006591,-0.292159,0.067806,87.000000,87.000000,87.000000,87.000000,12.000000,12.000000,12.000000,200.000000,200.000000,0.000000,0.000000,0.000000,0.000000,0.000000,0.000000,0.000000,0.000000,0.000000
8,0.868015,-0.420685,0.630160,0.606248,-0.461216,1.406628,0.663666,0.138820,-0.037206,0.058252,-2.454415,-0.048141,2.389180,1.030796,0.000665,0.000471,-0.606247,-0.575858,0.754482,-1.381369,-2.611060,2.519701,0.844760,-0.010119,-0.011274,24.001732,-47.032024,-8.633751,-54.221066,1.137500,-5.365004,-19.598495,0.098707,0.416681,26.588589,-60.410583,18.043541,-3.738028,-7.598241,12.000000,-0.022130,-0.546737,0.443104,26.588589,-60.410583,18.043541,-3.738028,-7.598241,101.101234,-0.022130,-0.546737,0.443104,87.000000,87.000000,87.000000,87.000000,12.000000,12.000000,12.000000,200.000000,200.000000,0.000000,0.000000,0.000000,0.000000,0.000000,0.000000,0.000000,0.000000,0.000000
9,0.280175,0.900673,-0.239121,2.016767,0.093236,0.743828,0.581791,0.191262,-0.028273,0.011978,-2.457690,-0.028298,2.411730,1.031206,0.000418,0.000194,1.267260,0.788342,-1.126644,1.334285,0.691399,-1.970457,0.034313,-0.009872,-0.002693,-30.189096,38.513393,25.638348,66.364281,-0.714476,-20.533245,0.903150,-0.102252,0.268766,-9.195716,-7.003786,-6.064176,52.191090,4.711143,12.000000,0.036942,-0.318158,0.157942,-9.195716,-7.003786,-6.064176,52.191090,4.711143,87.000916,0.036942,-0.318158,0.157942,87.000000,87.000000,87.000000,87.000000,12.000000,12.000000,12.000000,200.000000,200.000000,0.000000,0.000000,0.000000,0.000000,0.000000,0.000000,0.000000,0.000000,0.000000
10,0.173067,-0.061766,-0.006392,0.306644,0.089767,1.046552,0.553950,0.176181,-0.026301,0.026991,-2.477611,0.014809,2.498727,1.024332,0.000178,0.000152,-0.474739,-0.678153,0.362105,-1.476697,0.835040,2.611023,-0.143158,-0.006434,0.000842,5.829024,-40.427330,-12.425168,-60.107998,-27.308969,-0.064631,3.252810,0.064768,0.145651,-5.564124,-46.271828,-4.094748,-13.936687,-1.471095,12.000000,0.054156,0.127427,-0.100989,-5.564124,-46.271828,-4.094748,-13.936687,-1.471095,77.958046,0.054156,0.127427,-0.100989,87.000000,87.000000,87.000000,87.000000,12.000000,12.000000,12.000000,200.000000,200.000000,0.000000,0.000000,0.000000,0.000000,0.000000,0.000000,0.000000,0.000000,0.000000
11,1.068649,1.038934,0.722476,1.747605,-0.387896,0.220965,0.533574,0.155965,-0.018583,0.054773,-2.483914,-0.062628,2.559289,1.018371,0.000191,0.000068,-0.204330,0.756212,0.835379,0.992866,-2.601624,0.208594,-0.183709,0.002823,-0.001040,29.202572,39.498737,-2.762035,54.505894,0.024619,11.545153,3.820300,0.238817,0.103198,32.498951,-2.086518,22.115576,43.896500,-3.339642,12.000000,-0.120602,-0.126412,0.025595,32.498951,-2.086518,22.115576,43.896500,-3.339642,49.445686,-0.120602,-0.126412,0.025595,87.000000,87.000000,87.000000,87.000000,12.000000,12.000000,12.000000,200.000000,200.000000,0.000000,0.000000,0.000000,0.000000,0.000000,0.000000,0.000000,0.000000,0.000000
12,-0.548786,-0.030550,-1.180529,0.392740,0.724117,0.732102,0.424242,0.233092,-0.016118,-0.016657,-2.506304,0.019126,2.645857,0.984503,0.000081,0.000142,1.771053,-0.619303,-2.164591,-1.429670,2.594535,2.559594,-0.676742,-0.005848,0.004610,-35.816528,-37.365719,0.417151,-51.723240,11.090082,-3.194747,15.461643,-0.225215,0.052516,-47.357857,-45.815701,-40.084915,-7.839722,12.000000,12.000000,0.157560,-0.202481,-0.500514,-47.357857,-45.815701,-40.084915,-7.839722,21.216110,53.587704,0.157560,-0.202481,-0.500514,87.000000,87.000000,87.000000,87.000000,12.000000,12.000000,12.000000,200.000000,200.000000,0.000000,0.000000,0.000000,0.000000,0.000000,0.000000,0.000000,0.000000,0.000000
13,0.835212,1.022314,0.959875,1.644719,-0.178156,-0.213296,0.496552,0.157713,-0.007930,0.053039,-2.515577,-0.022570,2.733068,0.988856,0.000151,0.000047,-1.980393,0.741748,2.163059,0.653403,-1.401737,2.608979,0.034758,0.005295,-0.006280,24.290005,36.511959,0.429311,52.137775,19.924213,-0.213203,-3.444832,0.246094,-0.377618,27.452394,-3.757696,28.409306,43.375477,-0.503041,8.812489,-0.267459,-0.242935,-0.333283,27.452394,-3.757696,28.409306,43.375477,-0.503041,8.812489,-0.267459,-0.242935,-0.333283,87.000000,87.000000,87.000000,87.000000,12.000000,12.000000,12.000000,200.000000,200.000000,0.000000,0.000000,0.000000,0.000000,0.000000,0.000000,0.000000,0.000000,0.000000
14,0.408286,0.319375,-0.310759,-0.178219,0.244999,-0.413653,0.295855,0.225603,-0.005700,-0.007647,-2.545442,0.040570,2.798409,0.939223,0.000108,0.000066,1.684406,-0.620772,-1.601916,-1.840216,1.853621,1.151507,-1.030392,-0.002958,0.002685,-41.492470,-36.307487,31.547260,-61.355320,-31.231611,-49.301357,26.595617,-0.222867,0.225456,-8.594651,-32.579609,-5.725298,-26.979925,-0.209260,-3.279120,0.259290,-0.425074,0.085681,-8.594651,-32.579609,-5.725298,-26.979925,-0.209260,-3.279120,0.259290,-0.425074,0.085681,87.000000,87.000000,87.000000,87.000000,12.000000,12.000000,12.000000,200.000000,200.000000,0.000000,0.000000,0.000000,0.000000,0.000000,0.000000,0.000000,0.000000,0.000000
15,0.381603,0.251066,0.604506,2.419328,-0.097306,0.341198,0.290315,0.158069,-0.001580,0.061979,-2.553113,-0.001785,2.868425,0.916038,0.000183,0.000034,-1.972614,0.431213,2.157505,1.342684,-1.705464,0.681168,-0.541158,0.001668,0.001216,11.888186,28.137669,0.554180,78.082428,27.222775,42.286289,11.260678,0.097456,0.084432,8.581940,-34.688591,13.511708,76.742035,2.829140,12.000000,-0.350667,-0.256195,-0.067335,8.581940,-34.688591,13.511708,76.742035,2.829140,30.125027,-0.350667,-0.256195,-0.067335,87.000000,87.000000,87.000000,87.000000,12.000000,12.000000,12.000000,200.000000,200.000000,0.000000,0.000000,0.000000,0.000000,0.000000,0.000000,0.000000,0.000000,0.000000
16,0.169628,0.640339,-0.587633,-0.195625,0.352274,-0.243889,0.406885,0.232215,-0.000909,-0.006622,-2.560606,0.068396,2.908837,0.926979,0.000098,0.000124,2.082496,-0.487974,-2.165383,-1.139889,2.228255,0.647408,0.344296,-0.004616,0.005744,-17.298916,-24.836773,-0.286646,-61.473381,-16.325354,-33.066116,-5.521434,-0.347508,0.372255,-18.323315,-19.818523,-17.212257,-28.368567,1.805213,-3.021293,0.144056,-0.504015,0.000259,-18.323315,-19.818523,-17.212257,-28.368567,1.805213,-3.021293,0.144056,-0.504015,0.000259,87.000000,87.000000,87.000000,87.000000,12.000000,12.000000,12.000000,200.000000,200.000000,0.000000,0.000000,0.000000,0.000000,0.000000,0.000000,0.000000,0.000000,0.000000
17,0.642075,0.444256,0.970779,2.048760,-0.269767,-0.153953,0.281711,0.158991,0.003187,0.063133,-2.549936,-0.002146,2.895752,0.908386,0.000190,0.000050,-2.004204,0.419315,2.151217,1.411617,-2.400133,-0.351002,-0.489552,0.002278,-0.000910,17.951887,24.640102,0.096102,61.723385,-0.584392,13.253655,11.134892,-0.086084,0.087494,19.332855,-27.572769,28.048828,60.796963,-4.264067,6.964711,-0.174088,-0.687725,0.088735,19.332855,-27.572769,28.048828,60.796963,-4.264067,6.964711,-0.174088,-0.687725,0.088735,87.000000,87.000000,87.000000,87.000000,12.000000,12.000000,12.000000,200.000000,200.000000,0.000000,0.000000,0.000000,0.000000,0.000000,0.000000,0.000000,0.000000,0.000000
18,0.356373,0.429742,-0.429939,-0.587397,0.308466,-0.366165,0.382638,0.235139,-0.006683,-0.004614,-2.571492,0.062346,2.899780,0.916723,0.000128,0.000104,2.138197,-1.026545,-2.068479,-1.953308,2.137438,-0.235444,0.298348,-0.001829,0.001876,-20.013126,-37.367027,5.631752,-84.079460,-19.993271,-16.260719,-4.063734,-0.136006,0.025528,-11.350502,-27.039867,-11.038847,-42.261230,0.521483,-3.845143,0.201804,-0.400607,-0.293801,-11.350502,-27.039867,-11.038847,-42.261230,0.521483,-3.845143,0.201804,-0.400607,-0.293801,87.000000,87.000000,87.000000,87.000000,12.000000,12.000000,12.000000,200.000000,200.000000,0.000000,0.000000,0.000000,0.000000,0.000000,0.000000,0.000000,0.000000,0.000000
19,0.007794,0.745556,0.144460,2.814872,0.120655,0.167863,0.320973,0.178624,0.000801,0.049074,-2.567998,0.055483,2.949578,0.912007,0.000203,0.000000,-1.679243,0.953918,1.557516,1.924213,-0.528105,1.502545,-0.186773,-0.000358,-0.000778,9.721898,53.481285,-12.101625,120.699738,-19.199574,-38.370636,5.585577,-0.210345,0.118122,-8.939025,-15.090827,-3.019718,87.000000,0.400038,7.402371,0.050179,-0.730479,0.237949,-8.939025,-15.090827,-3.019718,94.971886,0.400038,7.402371,0.050179,-0.730479,0.237949,87.000000,87.000000,87.000000,87.000000,12.000000,12.000000,12.000000,200.000000,200.000000,0.000000,0.000000,0.000000,0.000000,0.000000,0.000000,0.000000,0.000000,0.000000
20,0.871866,0.327504,0.263753,-1.141066,-0.198098,-0.873634,0.291178,0.199987,-0.007258,0.024268,-2.575100,-0.002704,2.872403,0.898627,0.000099,0.000092,0.649919,-1.270632,-0.589761,-2.106888,-1.359709,-2.613914,-0.292567,-0.002703,0.003679,-7.844181,-59.522366,17.660826,-117.993309,13.358023,-69.443130,9.598395,-0.138276,0.242286,16.688944,-31.759514,11.181980,-65.625153,-3.514531,-12.000000,0.369821,-0.288073,0.001362,16.688944,-31.759514,11.181980,-65.625153,-3.514531,-19.374939,0.369821,-0.288073,0.001362,87.000000,87.000000,87.000000,87.000000,12.000000,12.000000,12.000000,200.000000,200.000000,0.000000,0.000000,0.000000,0.000000,0.000000,0.000000,0.000000,0.000000,0.000000
21,-0.040237,0.166583,-0.110730,3.804922,0.280432,1.076853,0.222914,0.184317,-0.016665,0.045729,-2.585499,0.041200,2.884766,0.876726,0.000049,0.000127,-0.482700,-0.095867,0.521033,1.105743,1.448695,-1.337489,-0.559559,0.000308,-0.000988,4.806332,33.367062,-15.426939,102.451019,-22.087597,4.347710,11.643443,0.431157,-0.494796,-14.731588,-34.915356,-10.413868,87.000000,2.666682,12.000000,0.402708,0.660589,-1.083290,-14.731588,-34.915356,-10.413868,137.315826,2.666682,61.597790,0.402708,0.660589,-1.083290,87.000000,87.000000,87.000000,87.000000,12.000000,12.000000,12.000000,200.000000,200.000000,0.000000,0.000000,0.000000,0.000000,0.000000,0.000000,0.000000,0.000000,0.000000
22,0.614804,1.098366,0.181216,0.555517,-0.201779,-0.071324,0.463031,0.192873,-0.004305,0.033336,-2.561901,-0.014971,2.934218,0.923353,0.000097,0.000065,0.233795,0.450901,-0.257984,0.608982,-1.781740,1.504198,0.976881,0.001416,-0.001646,-2.813159,10.392926,10.400418,-10.126118,16.323416,-17.701097,-26.047806,0.022126,-0.026242,8.367881,-1.707853,5.860374,0.064560,-1.312918,0.544337,-0.186004,-0.247087,-0.074707,8.367881,-1.707853,5.860374,0.064560,-1.312918,0.544337,-0.186004,-0.247087,-0.074707,87.000000,87.000000,87.000000,87.000000,12.000000,12.000000,12.000000,200.000000,200.000000,0.000000,0.000000,0.000000,0.000000,0.000000,0.000000,0.000000,0.000000,0.000000
23,0.038776,0.535510,-0.298508,-0.005185,0.587986,-0.818117,0.282774,0.211491,-0.007298,0.016436,-2.572956,0.063061,2.854364,0.901803,0.000134,0.000043,0.323172,-0.547670,-0.490641,-1.090368,2.573345,-2.611693,-0.417756,0.004117,-0.002945,-18.988546,-21.494883,3.533942,-52.496601,0.762691,0.026693,10.329045,0.260981,-0.191071,-17.315592,-23.153997,-11.752193,-19.359669,11.631150,-11.148433,0.148568,-0.110200,-0.208912,-17.315592,-23.153997,-11.752193,-19.359669,11.631150,-11.148433,0.148568,-0.110200,-0.208912,87.000000,87.000000,87.000000,87.000000,12.000000,12.000000,12.000000,200.000000,200.000000,0.000000,0.000000,0.000000,0.000000,0.000000,0.000000,0.000000,0.000000,0.000000
24,0.718121,-0.101654,0.820135,3.084672,-0.384050,0.878096,0.196188,0.137461,-0.001427,0.085760,-2.553165,-0.004684,2.862437,0.875244,0.000245,0.000097,-1.998811,0.221397,2.154946,2.137479,-2.607889,-2.323143,-0.718394,-0.004770,0.005754,23.767488,19.125492,-0.000358,85.208214,0.145168,8.742212,15.553761,-0.723078,0.706771,24.484962,-48.612518,20.185429,87.000000,-7.603851,12.000000,-0.000269,-1.335860,0.602513,24.484962,-48.612518,20.185429,101.745743,-7.603851,59.404598,-0.000269,-1.335860,0.602513,87.000000,87.000000,87.000000,87.000000,12.000000,12.000000,12.000000,200.000000,200.000000,0.000000,0.000000,0.000000,0.000000,0.000000,0.000000,0.000000,0.000000,0.000000
25,0.203875,0.756954,-0.699894,-0.682950,0.277996,-0.001481,0.497028,0.214568,-0.006878,0.015851,-2.565088,0.057609,2.943230,0.926607,0.000006,0.000311,2.140933,-0.736914,-2.165878,-1.738413,1.914574,2.610750,1.257533,-0.008916,0.009450,-17.475613,-28.246466,-0.302052,-88.712234,-32.762173,0.171175,-26.533998,-0.297876,0.349284,-15.711861,-14.194889,-23.502781,-47.450504,-0.518957,0.489297,0.140540,0.048118,-0.666448,-15.711861,-14.194889,-23.502781,-47.450504,-0.518957,0.489297,0.140540,0.048118,-0.666448,87.000000,87.000000,87.000000,87.000000,12.000000,12.000000,12.000000,200.000000,200.000000,0.000000,0.000000,0.000000,0.000000,0.000000,0.000000,0.000000,0.000000,0.000000
26,0.496548,1.172867,0.567099,1.977764,0.098489,-0.844922,0.430189,0.152352,0.000720,0.080490,-2.553895,0.050036,2.860754,0.942827,0.000046,0.000184,-1.518270,0.945351,1.810731,1.667637,-0.196592,-2.608013,0.309208,0.002872,-0.006292,35.569492,51.320431,-20.804613,77.508415,6.553035,-0.057607,-8.038086,0.160905,-0.373387,13.683344,1.888413,10.296841,58.517059,0.773311,-12.000000,-0.232133,-0.019029,-0.608453,13.683344,1.888413,10.296841,58.517059,0.773311,-12.746190,-0.232133,-0.019029,-0.608453,87.000000,87.000000,87.000000,87.000000,12.000000,12.000000,12.000000,200.000000,200.000000,0.000000,0.000000,0.000000,0.000000,0.000000,0.000000,0.000000,0.000000,0.000000
27,0.271945,-0.682819,-0.396732,0.124566,0.064609,0.483051,0.198934,0.221139,-0.002705,0.012742,-2.569527,0.049454,2.944005,0.893547,0.000072,0.000118,1.745970,-1.260669,-1.955307,-1.622651,-0.284287,2.607620,-1.102766,0.004345,-0.003396,-27.103113,-65.924286,13.152887,-77.792557,-3.945537,14.240526,24.841202,0.401834,-0.235213,-12.940388,-72.884880,-11.001176,-14.491485,-0.893852,12.000000,0.112044,0.208880,-0.396035,-12.940388,-72.884880,-11.001176,-14.491485,-0.893852,20.757172,0.112044,0.208880,-0.396035,87.000000,87.000000,87.000000,87.000000,12.000000,12.000000,12.000000,200.000000,200.000000,0.000000,0.000000,0.000000,0.000000,0.000000,0.000000,0.000000,0.000000,0.000000
28,0.220594,1.733741,0.243850,1.809104,0.078249,-0.833920,0.391122,0.169150,-0.001846,0.060180,-2.553807,0.027205,2.862025,0.914338,0.000142,0.000025,-1.260087,1.027736,1.226636,1.843301,-0.202599,-2.607782,0.481233,0.000638,-0.001102,32.721024,69.612335,-27.080374,80.419945,18.657286,0.050340,-10.424279,-0.202347,0.187516,0.535482,25.353882,0.108476,51.462055,2.540147,-12.000000,-0.105134,-0.671235,0.332799,0.535482,25.353882,0.108476,51.462055,2.540147,-12.401726,-0.105134,-0.671235,0.332799,87.000000,87.000000,87.000000,87.000000,12.000000,12.000000,12.000000,200.000000,200.000000,0.000000,0.000000,0.000000,0.000000,0.000000,0.000000,0.000000,0.000000,0.000000
29,0.168141,-0.323810,-0.416958,-0.086553,0.269388,0.210930,0.333259,0.222899,0.001574,0.000460,-2.568392,0.082320,2.943743,0.910105,0.000006,0.000173,1.138722,-0.931202,-1.585725,-1.661006,1.259412,2.609779,-0.061931,-0.004916,0.006242,-42.841385,-58.490467,25.953983,-79.525108,-33.546085,0.016594,1.986897,-0.141647,0.242071,-16.589993,-59.326130,-11.000422,-23.005051,-1.153676,8.939299,0.080273,0.045687,-0.329583,-16.589993,-59.326130,-11.000422,-23.005051,-1.153676,8.939299,0.080273,0.045687,-0.329583,87.000000,87.000000,87.000000,87.000000,12.000000,12.000000,12.000000,200.000000,200.000000,0.000000,0.000000,0.000000,0.000000,0.000000,0.000000,0.000000,0.000000,0.000000
30,1.081881,1.036956,1.257127,1.792080,-0.460770,-0.795919,0.270130,0.146183,-0.001800,0.070957,-2.560345,0.001650,2.861274,0.896322,0.000058,0.000157,-1.814781,0.499082,2.142077,1.394225,-2.451806,-2.607795,-0.357116,0.000877,0.001200,33.565155,44.562828,0.389128,66.967133,0.089149,0.008898,8.132258,-0.084612,0.170989,38.339653,-2.534925,38.920792,51.737759,-12.000000,-10.823338,-0.194760,-0.316257,-0.118805,38.339653,-2.534925,38.920792,51.737759,-12.033865,-10.823338,-0.194760,-0.316257,-0.118805,87.000000,87.000000,87.000000,87.000000,12.000000,12.000000,12.000000,200.000000,200.000000,0.000000,0.000000,0.000000,0.000000,0.000000,0.000000,0.000000,0.000000,0.000000
31,0.109192,0.129516,-0.584126,0.124739,0.347153,0.227229,0.360359,0.225482,-0.000610,0.002842,-2.576349,0.071939,2.943748,0.905680,0.000000,0.000309,2.177495,-0.611351,-2.147595,-1.294759,2.089394,2.611006,0.313895,-0.002632,0.003140,-23.042149,-33.469673,0.931334,-52.955368,-30.277431,0.137558,-4.806803,0.119866,-0.232767,-20.794233,-40.430672,-17.817774,-13.368697,0.772320,9.593222,0.110134,0.462943,-1.221588,-20.794233,-40.430672,-17.817774,-13.368697,0.772320,9.593222,0.110134,0.462943,-1.221588,87.000000,87.000000,87.000000,87.000000,12.000000,12.000000,12.000000,200.000000,200.000000,0.000000,0.000000,0.000000,0.000000,0.000000,0.000000,0.000000,0.000000,0.000000
32,0.521536,1.008296,0.726755,1.872034,-0.176205,-0.560553,0.279526,0.155133,0.005546,0.071712,-2.555823,0.000805,2.865112,0.896239,0.000000,0.000280,-1.965325,0.734818,2.164890,1.761768,-2.045238,-2.609816,-0.297048,-0.000259,0.000445,17.541639,40.976738,0.601115,64.664413,24.082659,-0.128245,4.706522,-0.030104,0.048363,14.689582,-5.108559,17.595879,53.459644,-0.409305,-1.718620,-0.176299,-0.024321,-0.539509,14.689582,-5.108559,17.595879,53.459644,-0.409305,-1.718620,-0.176299,-0.024321,-0.539509,87.000000,87.000000,87.000000,87.000000,12.000000,12.000000,12.000000,200.000000,200.000000,0.000000,0.000000,0.000000,0.000000,0.000000,0.000000,0.000000,0.000000,0.000000
33,0.339664,-0.050809,-0.414252,-0.078137,0.302534,0.165733,0.277911,0.231945,0.006267,0.004049,-2.570683,0.069061,2.946549,0.886203,0.000000,0.000317,2.108423,-0.829266,-2.047189,-1.548286,1.904497,2.610032,-0.130764,-0.002396,0.001025,-23.099684,-46.280083,7.310943,-70.948387,-38.174549,0.134525,5.261145,-0.010919,-0.106866,-11.857790,-48.344952,-11.074037,-22.291515,-0.772266,6.912649,0.147047,0.221362,-0.893103,-11.857790,-48.344952,-11.074037,-22.291515,-0.772266,6.912649,0.147047,0.221362,-0.893103,87.000000,87.000000,87.000000,87.000000,12.000000,12.000000,12.000000,200.000000,200.000000,0.000000,0.000000,0.000000,0.000000,0.000000,0.000000,0.000000,0.000000,0.000000
34,-0.103464,0.916625,0.077174,2.054120,0.173192,-0.355882,0.181881,0.181821,0.006146,0.049762,-2.556648,0.066188,2.881789,0.861743,0.000000,0.000236,-1.482575,0.578884,1.297614,1.709793,-0.043084,-2.066838,-0.571293,-0.000010,-0.001965,7.572999,44.093651,-10.154985,71.814232,11.835813,32.504551,13.419928,0.032071,-0.056038,-14.297790,-8.225984,-4.932868,61.352802,2.394630,5.576056,-0.093194,0.054430,-0.469582,-14.297790,-8.225984,-4.932868,61.352802,2.394630,5.576056,-0.093194,0.054430,-0.469582,87.000000,87.000000,87.000000,87.000000,12.000000,12.000000,12.000000,200.000000,200.000000,0.000000,0.000000,0.000000,0.000000,0.000000,0.000000,0.000000,0.000000,0.000000
35,0.763484,0.089183,0.271199,-0.231321,-0.266599,-0.105885,0.293390,0.189526,0.003230,0.034280,-2.563273,-0.009628,2.932117,0.874023,0.000101,0.000096,0.257873,-0.923009,-0.372208,-1.399328,-2.219060,1.510134,0.229355,0.005660,-0.004930,-3.281956,-46.854393,12.405679,-77.900055,23.874020,-24.708344,-7.882447,0.310821,-0.165380,14.495239,-42.289871,9.797741,-29.826912,-2.723709,-1.072751,0.013387,-0.057320,-0.158954,14.495239,-42.289871,9.797741,-29.826912,-2.723709,-1.072751,0.013387,-0.057320,-0.158954,87.000000,87.000000,87.000000,87.000000,12.000000,12.000000,12.000000,200.000000,200.000000,0.000000,0.000000,0.000000,0.000000,0.000000,0.000000,0.000000,0.000000,0.000000
36,0.240430,1.046724,-0.012067,1.822986,0.358153,-0.364861,0.423644,0.192188,-0.000158,0.039015,-2.562560,0.053058,2.877687,0.910770,0.000270,0.000000,0.107588,0.490685,0.118425,1.186356,2.315883,-1.864054,0.909910,0.008209,-0.004595,0.103155,45.026596,-3.718262,66.817238,-10.656780,19.999172,-16.982706,0.344781,-0.155633,-6.022578,-2.234864,-4.143541,53.684204,3.412253,4.290058,-0.026870,-0.514192,0.074475,-6.022578,-2.234864,-4.143541,53.684204,3.412253,4.290058,-0.026870,-0.514192,0.074475,87.000000,87.000000,87.000000,87.000000,12.000000,12.000000,12.000000,200.000000,200.000000,0.000000,0.000000,0.000000,0.000000,0.000000,0.000000,0.000000,0.000000,0.000000
37,0.257254,0.028375,0.039720,0.608168,-0.135978,0.214252,0.322384,0.182439,0.006481,0.043239,-2.557037,0.011139,2.957875,0.908287,0.000304,0.000000,-0.343601,-0.358344,0.074114,-0.306617,-1.664172,2.608225,-0.148235,0.001494,-0.002958,0.424907,-29.415472,-4.157358,-34.181053,10.462488,-0.277977,-0.374626,-0.029936,-0.157537,-3.373155,-45.492065,-2.315390,2.865119,-1.456410,7.927149,-0.136348,-0.794352,0.033238,-3.373155,-45.492065,-2.315390,2.865119,-1.456410,7.927149,-0.136348,-0.794352,0.033238,87.000000,87.000000,87.000000,87.000000,12.000000,12.000000,12.000000,200.000000,200.000000,0.000000,0.000000,0.000000,0.000000,0.000000,0.000000,0.000000,0.000000,0.000000
38,0.530276,1.126848,0.130147,0.364653,0.210920,-1.151944,0.240440,0.191796,-0.002357,0.034484,-2.567310,0.045192,2.876851,0.884385,0.000259,0.000000,0.303677,-0.187323,-0.198282,-0.476219,1.403808,-2.560607,-0.456949,-0.001215,-0.000799,-2.920736,11.489211,5.075969,-12.363372,-12.554568,-19.199537,14.047536,-0.180374,0.128653,4.900177,1.020599,3.251854,-4.338583,0.350286,-12.000000,0.183971,-0.771828,0.294332,4.900177,1.020599,3.251854,-4.338583,0.350286,-27.772026,0.183971,-0.771828,0.294332,87.000000,87.000000,87.000000,87.000000,12.000000,12.000000,12.000000,200.000000,200.000000,0.000000,0.000000,0.000000,0.000000,0.000000,0.000000,0.000000,0.000000,0.000000
39,0.530554,0.056553,0.506683,2.392580,-0.100391,0.529353,0.172343,0.147931,0.011793,0.082883,-2.547439,0.005105,2.921268,0.859421,0.000229,0.000065,-0.951539,0.529853,1.235589,1.986561,-1.811371,-0.168854,-0.601541,-0.002732,0.003910,34.796867,17.795519,-19.456915,62.734310,23.138443,82.641846,12.231069,-0.165684,0.360884,13.952898,-44.345695,9.255039,72.545708,2.330698,12.000000,-0.304160,-0.543769,0.210427,13.952898,-44.345695,9.255039,72.545708,2.330698,38.922035,-0.304160,-0.543769,0.210427,87.000000,87.000000,87.000000,87.000000,12.000000,12.000000,12.000000,200.000000,200.000000,0.000000,0.000000,0.000000,0.000000,0.000000,0.000000,0.000000,0.000000,0.000000
40,0.144711,0.406688,-0.633443,-1.254526,0.324329,-0.462088,0.248443,0.224560,-0.005923,0.013145,-2.570808,0.069844,2.902556,0.859048,0.000143,0.000085,2.077816,-1.376144,-2.173538,-2.159197,1.821990,-1.583226,0.149914,-0.001325,0.000758,-19.723490,-42.916950,-1.360745,-91.660889,-34.102261,-55.743992,4.343853,-0.067446,0.064211,-18.832136,-27.485298,-20.663969,-69.141586,0.783221,-6.222627,0.308773,-0.370893,-0.100515,-18.832136,-27.485298,-20.663969,-69.141586,0.783221,-6.222627,0.308773,-0.370893,-0.100515,87.000000,87.000000,87.000000,87.000000,12.000000,12.000000,12.000000,200.000000,200.000000,0.000000,0.000000,0.000000,0.000000,0.000000,0.000000,0.000000,0.000000,0.000000
41,-0.059020,1.040001,0.037145,2.996388,0.112983,0.113846,0.285022,0.178539,-0.000459,0.049444,-2.568869,0.055585,2.933363,0.873113,0.000199,0.000004,-1.424331,1.071105,1.078452,1.841770,-0.486562,1.618604,0.164618,-0.003138,0.000284,5.714199,67.149429,-9.041561,122.485321,-2.714309,13.540999,-8.775185,-0.380702,0.217955,-12.507977,-2.701792,-5.905002,87.000000,0.791660,9.004296,0.008917,-0.790519,0.334906,-12.507977,-2.701792,-5.905002,102.759552,0.791660,9.004296,0.008917,-0.790519,0.334906,87.000000,87.000000,87.000000,87.000000,12.000000,12.000000,12.000000,200.000000,200.000000,0.000000,0.000000,0.000000,0.000000,0.000000,0.000000,0.000000,0.000000,0.000000
42,0.886765,0.027816,0.388266,-0.161630,-0.131352,-0.377908,0.195758,0.182546,0.003923,0.038722,-2.553890,0.010824,2.908597,0.856255,0.000137,0.000048,0.241715,-0.766360,-0.229016,-0.771266,-1.030232,-1.020436,-0.386803,-0.000809,0.001668,3.251658,-49.155457,11.248209,-83.863800,25.239513,5.753874,9.750160,0.050076,0.067577,20.411999,-45.353817,13.683512,-29.800455,-1.954888,-1.701981,0.197443,-0.152033,-0.087480,20.411999,-45.353817,13.683512,-29.800455,-1.954888,-1.701981,0.197443,-0.152033,-0.087480,87.000000,87.000000,87.000000,87.000000,12.000000,12.000000,12.000000,200.000000,200.000000,0.000000,0.000000,0.000000,0.000000,0.000000,0.000000,0.000000,0.000000,0.000000
43,0.347001,0.721651,0.149215,1.303736,0.248089,-0.098914,0.410414,0.176105,-0.004427,0.053906,-2.569201,0.054176,2.924166,0.898721,0.000113,0.000104,-0.097361,-0.031307,0.387724,0.136414,1.334278,0.385076,1.000107,0.000497,0.001947,6.911171,20.056297,-6.879243,34.135277,-19.944841,-8.562780,-22.147192,0.125200,0.013032,0.458902,-14.933467,0.221394,34.362377,0.896958,3.684304,-0.137591,-0.060599,-0.316900,0.458902,-14.933467,0.221394,34.362377,0.896958,3.684304,-0.137591,-0.060599,-0.316900,87.000000,87.000000,87.000000,87.000000,12.000000,12.000000,12.000000,200.000000,200.000000,0.000000,0.000000,0.000000,0.000000,0.000000,0.000000,0.000000,0.000000,0.000000
44,0.034074,0.649551,-0.344464,1.063132,0.244266,-0.206583,0.238146,0.208733,0.001781,0.020618,-2.558469,0.079700,2.916280,0.880995,0.000051,0.000126,0.626822,0.187116,-0.878333,0.551111,0.550627,-0.345499,-0.414724,-0.000839,-0.000423,-27.295183,6.579828,12.840610,8.259543,-11.552405,4.898571,9.453284,0.039102,-0.130625,-18.567665,-19.665804,-12.352644,21.297527,1.221517,2.708134,-0.027766,0.001128,-0.445243,-18.567665,-19.665804,-12.352644,21.297527,1.221517,2.708134,-0.027766,0.001128,-0.445243,87.000000,87.000000,87.000000,87.000000,12.000000,12.000000,12.000000,200.000000,200.000000,0.000000,0.000000,0.000000,0.000000,0.000000,0.000000,0.000000,0.000000,0.000000
45,0.730774,0.543615,0.677645,0.127999,-0.257960,-0.641343,0.376281,0.146055,-0.002763,0.076558,-2.562009,-0.001509,2.834953,0.904412,0.000036,0.000148,-1.388095,-0.524606,1.458349,-0.773980,-2.225517,-2.376593,0.470683,-0.001480,0.002733,44.459026,-17.485134,-25.661907,-47.377834,24.220131,14.005679,-12.713055,-0.162892,0.264065,23.801649,-23.022543,15.610080,-15.447221,-3.024052,-2.377070,-0.012153,-0.262494,-0.025056,23.801649,-23.022543,15.610080,-15.447221,-3.024052,-2.377070,-0.012153,-0.262494,-0.025056,87.000000,87.000000,87.000000,87.000000,12.000000,12.000000,12.000000,200.000000,200.000000,0.000000,0.000000,0.000000,0.000000,0.000000,0.000000,0.000000,0.000000,0.000000
46,0.251046,0.127970,-0.321250,2.343146,0.281043,0.717788,0.272312,0.211235,-0.000035,0.018311,-2.558894,0.044216,2.874434,0.891535,0.000032,0.000151,1.540030,0.222614,-1.479928,1.607307,0.985187,-1.242210,-0.228666,0.000683,-0.001566,-40.344742,20.263821,31.381321,71.801132,-14.051856,25.709251,7.333345,0.285424,-0.389361,-13.239095,-39.582417,-8.548257,72.957954,5.008811,12.000000,-0.119372,0.407403,-0.901820,-13.239095,-39.582417,-8.548257,72.957954,5.008811,50.148594,-0.119372,0.407403,-0.901820,87.000000,87.000000,87.000000,87.000000,12.000000,12.000000,12.000000,200.000000,200.000000,0.000000,0.000000,0.000000,0.000000,0.000000,0.000000,0.000000,0.000000,0.000000
47,0.474674,0.739258,0.433975,-0.200635,-0.076350,-0.267632,0.445231,0.162740,-0.000694,0.068206,-2.553599,0.019713,2.899333,0.925922,0.000042,0.000119,-1.167521,-0.454403,1.282947,-0.782200,-0.886216,0.712873,0.734661,0.000168,-0.000523,31.740538,-21.265690,-26.325893,-63.238094,1.837134,-13.118537,-18.906622,-0.015141,0.021176,10.899819,-15.764233,6.961810,-30.181828,-2.258457,-2.165107,-0.041288,-0.126873,-0.167465,10.899819,-15.764233,6.961810,-30.181828,-2.258457,-2.165107,-0.041288,-0.126873,-0.167465,87.000000,87.000000,87.000000,87.000000,12.000000,12.000000,12.000000,200.000000,200.000000,0.000000,0.000000,0.000000,0.000000,0.000000,0.000000,0.000000,0.000000,0.000000
48,0.447945,0.708565,-0.158830,1.360002,0.263422,-0.321635,0.300259,0.218936,-0.002240,0.019478,-2.559237,0.059299,2.872946,0.909205,0.000078,0.000082,1.393218,0.149897,-1.194743,0.424591,1.317972,-0.966287,-0.333989,0.001601,-0.001422,-31.437246,19.300409,28.298384,31.259220,-10.357310,9.808634,9.927088,0.031652,-0.015917,-5.105893,-16.159382,-3.106399,34.886337,1.717919,3.477014,0.020536,-0.207834,-0.098733,-5.105893,-16.159382,-3.106399,34.886337,1.717919,3.477014,0.020536,-0.207834,-0.098733,87.000000,87.000000,87.000000,87.000000,12.000000,12.000000,12.000000,200.000000,200.000000,0.000000,0.000000,0.000000,0.000000,0.000000,0.000000,0.000000,0.000000,0.000000
49,-0.093241,0.463093,-0.069351,0.859053,0.198028,-0.012885,0.312343,0.185941,0.005461,0.050818,-2.560158,0.077908,2.930504,0.903792,0.000050,0.000108,-1.046640,0.042348,0.785897,-0.030286,0.169898,1.573014,-0.132464,-0.001400,0.001322,2.114253,-6.175667,-15.141230,-3.344732,-19.535889,-25.830915,1.425845,-0.072596,0.062055,-15.698477,-27.758059,-9.796764,14.153781,0.019987,2.508153,-0.100881,-0.140541,-0.190516,-15.698477,-27.758059,-9.796764,14.153781,0.019987,2.508153,-0.100881,-0.140541,-0.190516,87.000000,87.000000,87.000000,87.000000,12.000000,12.000000,12.000000,200.000000,200.000000,0.000000,0.000000,0.000000,0.000000,0.000000,0.000000,0.000000,0.000000,0.000000
50,1.024605,0.429591,0.607253,0.681231,-0.285347,-0.560770,0.267885,0.173539,0.000700,0.058475,-2.558170,-0.005536,2.853894,0.890932,0.000035,0.000178,-0.089594,-0.390766,0.284030,-0.109978,-2.417185,-2.473547,-0.329659,-0.001907,0.005316,18.045916,-8.460031,4.555563,-16.844862,8.939909,8.204082,6.628282,-0.224411,0.426206,28.380306,-27.699541,19.109657,6.349870,-4.103795,-0.756764,-0.015768,-0.327054,0.007581,28.380306,-27.699541,19.109657,6.349870,-4.103795,-0.756764,-0.015768,-0.327054,0.007581,87.000000,87.000000,87.000000,87.000000,12.000000,12.000000,12.000000,200.000000,200.000000,0.000000,0.000000,0.000000,0.000000,0.000000,0.000000,0.000000,0.000000,0.000000
51,-0.557181,0.336621,-0.993816,1.861021,0.739333,0.671125,0.309123,0.240920,0.004098,-0.009620,-2.553971,0.077370,2.913389,0.891575,0.000009,0.000273,1.346418,0.186351,-1.893379,1.094533,2.612141,0.467858,0.083366,0.000574,-0.000771,-45.761429,15.295246,18.939198,37.714783,91.903717,63.678555,-13.880799,0.330605,-0.607711,-47.691418,-31.789698,-32.825188,52.779514,12.000000,12.000000,-0.863519,0.493628,-1.547750,-47.691418,-31.789698,-32.825188,52.779514,22.770786,41.827484,-0.863519,0.493628,-1.547750,87.000000,87.000000,87.000000,87.000000,12.000000,12.000000,12.000000,200.000000,200.000000,0.000000,0.000000,0.000000,0.000000,0.000000,0.000000,0.000000,0.000000,0.000000
52,1.165609,0.863273,1.275762,-0.777417,-0.492549,-1.122152,0.452826,0.156317,-0.006061,0.061023,-2.562205,-0.006472,2.837847,0.928916,0.000023,0.000192,-2.103017,-0.798308,2.151027,-1.644846,-2.614601,-1.660333,0.761581,0.002780,-0.005183,31.765135,-24.925844,-3.737826,-80.319626,-41.414234,-45.607555,-8.875121,0.137287,-0.363012,41.557487,-9.681485,40.151096,-51.012787,-12.000000,-12.000000,0.640388,-0.052510,-0.644219,41.557487,-9.681485,40.151096,-51.012787,-15.180739,-28.570326,0.640388,-0.052510,-0.644219,87.000000,87.000000,87.000000,87.000000,12.000000,12.000000,12.000000,200.000000,200.000000,0.000000,0.000000,0.000000,0.000000,0.000000,0.000000,0.000000,0.000000,0.000000
53,0.095718,0.240517,-0.469566,3.053887,0.333611,0.852981,0.321826,0.219237,-0.003447,0.002987,-2.563603,0.044551,2.849195,0.916073,0.000058,0.000149,1.456025,0.351966,-1.500804,1.750941,1.512015,-2.597058,-0.361395,0.001705,-0.002686,-43.242916,33.715366,29.071268,107.331032,-26.421108,-34.655441,8.227683,0.356855,-0.435079,-20.001553,-34.303085,-13.392975,87.000000,4.536371,12.000000,0.513242,0.424223,-0.924470,-20.001553,-34.303085,-13.392975,103.648949,4.536371,57.532825,0.513242,0.424223,-0.924470,87.000000,87.000000,87.000000,87.000000,12.000000,12.000000,12.000000,200.000000,200.000000,0.000000,0.000000,0.000000,0.000000,0.000000,0.000000,0.000000,0.000000,0.000000
54,0.765276,0.772160,0.763818,-0.174221,-0.345030,-0.299662,0.457553,0.150372,0.003165,0.070791,-2.553807,-0.030744,2.873119,0.942602,0.000155,0.000034,-1.792213,-0.209565,2.008458,-0.640779,-2.469147,0.940515,0.515614,0.003233,-0.002718,26.849260,-20.131294,-9.057454,-62.263950,11.238140,-8.861138,-14.492196,0.049468,0.020340,24.813560,-15.343537,19.082340,-29.433121,-4.236655,-1.686138,-0.037583,-0.443928,0.135898,24.813560,-15.343537,19.082340,-29.433121,-4.236655,-1.686138,-0.037583,-0.443928,0.135898,87.000000,87.000000,87.000000,87.000000,12.000000,12.000000,12.000000,200.000000,200.000000,0.000000,0.000000,0.000000,0.000000,0.000000,0.000000,0.000000,0.000000,0.000000
55,-0.013065,0.025102,-0.687512,1.850234,0.521032,0.420513,0.285361,0.227361,0.003294,0.002009,-2.562669,0.054641,2.958318,0.913274,0.000083,0.000106,2.140730,-0.024838,-2.165393,0.486121,2.803404,2.611532,-0.577499,-0.003520,0.003465,-18.480934,6.356391,0.671453,38.435085,10.244292,47.533848,12.010963,-0.123487,0.066951,-25.467911,-44.185825,-21.836073,54.971645,9.691333,12.000000,-0.169740,-0.155574,-0.330597,-25.467911,-44.185825,-21.836073,54.971645,9.691333,19.318462,-0.169740,-0.155574,-0.330597,87.000000,87.000000,87.000000,87.000000,12.000000,12.000000,12.000000,200.000000,200.000000,0.000000,0.000000,0.000000,0.000000,0.000000,0.000000,0.000000,0.000000,0.000000
56,0.588305,1.217929,0.732426,-0.295270,-0.185535,-1.335163,0.345986,0.153935,-0.001017,0.071066,-2.564706,0.002420,2.887573,0.914236,0.000006,0.000185,-2.086991,-0.241422,2.171145,-0.940056,-1.399563,-1.259350,-0.041351,0.001219,-0.001205,14.792875,-2.163744,0.351534,-54.836121,22.785978,0.238731,-0.783292,0.304478,-0.376881,17.598675,3.890688,17.842384,-32.023129,-2.889202,-12.000000,0.037914,0.382779,-0.908624,17.598675,3.890688,17.842384,-32.023129,-2.889202,-39.308411,0.037914,0.382779,-0.908624,87.000000,87.000000,87.000000,87.000000,12.000000,12.000000,12.000000,200.000000,200.000000,0.000000,0.000000,0.000000,0.000000,0.000000,0.000000,0.000000,0.000000,0.000000
57,0.357066,0.018689,-0.175200,2.589247,0.139478,0.542333,0.201160,0.204459,0.011864,0.026122,-2.555381,0.016815,2.944498,0.880317,0.000025,0.000155,1.266437,0.531945,-1.165215,1.901247,0.100944,-0.237917,-0.710457,0.000190,-0.000586,-29.487776,19.735680,26.902798,81.335808,1.590378,28.339067,17.800018,0.136694,-0.166745,-7.109103,-45.771156,-4.430331,82.368622,4.683852,12.000000,-0.206680,0.208838,-0.603085,-7.109103,-45.771156,-4.430331,82.368622,4.683852,34.323883,-0.206680,0.208838,-0.603085,87.000000,87.000000,87.000000,87.000000,12.000000,12.000000,12.000000,200.000000,200.000000,0.000000,0.000000,0.000000,0.000000,0.000000,0.000000,0.000000,0.000000,0.000000
58,0.278262,0.717550,0.065899,-0.990505,0.213416,-0.790977,0.264572,0.192742,0.001938,0.041393,-2.561425,0.064254,2.861084,0.874897,0.000070,0.000103,-0.364371,-1.054822,0.364117,-1.858120,1.353657,-2.611816,-0.060407,0.003310,-0.002767,4.219349,-40.123047,-13.206189,-109.287712,-25.861700,0.155010,3.830577,0.178115,-0.120708,-3.066523,-16.327097,-2.418647,-60.897148,-1.701726,-10.591825,0.257520,-0.069581,-0.223106,-3.066523,-16.327097,-2.418647,-60.897148,-1.701726,-10.591825,0.257520,-0.069581,-0.223106,87.000000,87.000000,87.000000,87.000000,12.000000,12.000000,12.000000,200.000000,200.000000,0.000000,0.000000,0.000000,0.000000,0.000000,0.000000,0.000000,0.000000,0.000000
59,0.124999,0.430991,-0.096089,3.172911,0.040760,0.795045,0.268199,0.188574,0.004500,0.037248,-2.558684,0.033618,2.869357,0.877207,0.000123,0.000050,-0.230243,0.473943,-0.112819,1.873588,-1.194551,-2.150949,-0.138719,-0.003773,0.003872,-2.735317,42.119156,0.064605,108.515472,6.941428,-6.568908,-1.750558,-0.422645,0.423390,-9.560907,-27.145805,-6.553296,87.000000,2.629504,12.000000,0.281693,-0.646515,0.291530,-9.560907,-27.145805,-6.553296,107.838799,2.629504,53.801857,0.281693,-0.646515,0.291530,87.000000,87.000000,87.000000,87.000000,12.000000,12.000000,12.000000,200.000000,200.000000,0.000000,0.000000,0.000000,0.000000,0.000000,0.000000,0.000000,0.000000,0.000000
60,1.081853,0.455732,0.709181,-0.448822,-0.345294,-0.200575,0.517166,0.165624,0.003146,0.059391,-2.562718,-0.042641,2.912375,0.935213,0.000146,0.000019,-0.351659,-0.735561,0.666849,-1.382040,-2.044789,1.272700,1.262721,0.001337,-0.001483,25.274315,-37.829853,-3.091546,-81.600578,25.981291,-24.332626,-31.220539,0.089792,-0.101603,32.405270,-27.607756,21.646971,-38.828770,-3.549079,-2.637141,-0.025677,-0.228343,-0.118077,32.405270,-27.607756,21.646971,-38.828770,-3.549079,-2.637141,-0.025677,-0.228343,-0.118077,87.000000,87.000000,87.000000,87.000000,12.000000,12.000000,12.000000,200.000000,200.000000,0.000000,0.000000,0.000000,0.000000,0.000000,0.000000,0.000000,0.000000,0.000000
61,-0.487369,0.546315,-0.998965,2.487851,0.773682,0.290302,0.319989,0.239655,0.008371,-0.010975,-2.560481,0.033313,2.992471,0.919112,0.000055,0.000104,1.769215,0.661833,-2.215321,1.704539,1.492838,1.873623,-0.134121,-0.002409,0.002251,-27.260805,36.815434,0.227852,92.644112,52.595608,-26.940378,6.533323,-0.048558,0.030182,-44.870262,-23.864138,-33.058052,80.096832,12.000000,8.919569,-1.024590,-0.066794,-0.278688,-44.870262,-23.864138,-33.058052,80.096832,29.163115,8.919569,-1.024590,-0.066794,-0.278688,87.000000,87.000000,87.000000,87.000000,12.000000,12.000000,12.000000,200.000000,200.000000,0.000000,0.000000,0.000000,0.000000,0.000000,0.000000,0.000000,0.000000,0.000000
62,1.212449,0.560995,1.354746,-1.160755,-0.300404,-1.502892,0.312461,0.162662,-0.002815,0.059969,-2.571051,-0.019478,2.939334,0.908698,0.000065,0.000119,-1.864815,-1.102312,2.127870,-2.136819,-1.519120,-0.435731,-0.211135,0.004524,-0.003847,29.677834,-44.648178,-1.116729,-107.604195,4.945786,-37.555645,9.555846,0.383172,-0.415593,42.102646,-22.439137,43.670078,-65.983551,-6.430212,-12.000000,0.145234,0.162421,-0.640498,42.102646,-22.439137,43.670078,-65.983551,-6.430212,-55.263084,0.145234,0.162421,-0.640498,87.000000,87.000000,87.000000,87.000000,12.000000,12.000000,12.000000,200.000000,200.000000,0.000000,0.000000,0.000000,0.000000,0.000000,0.000000,0.000000,0.000000,0.000000
63,0.111071,0.514629,-0.324185,2.952424,0.273113,0.291232,0.197867,0.209478,-0.002627,0.024797,-2.582955,0.027280,2.999726,0.876059,0.000021,0.000156,1.151678,0.561200,-0.914122,1.250949,1.676810,2.031265,-0.781248,-0.001641,0.001055,-29.821449,44.808846,19.881042,115.584503,-28.353336,-34.321873,17.548634,0.070378,-0.158795,-17.065691,-23.457546,-11.414609,87.000000,2.229595,6.754439,0.374536,0.208978,-0.686133,-17.065691,-23.457546,-11.414609,103.351341,2.229595,6.754439,0.374536,0.208978,-0.686133,87.000000,87.000000,87.000000,87.000000,12.000000,12.000000,12.000000,200.000000,200.000000,0.000000,0.000000,0.000000,0.000000,0.000000,0.000000,0.000000,0.000000,0.000000
64,-0.030803,0.841632,-0.092556,-0.259320,0.221682,-0.869502,0.232202,0.186533,0.000906,0.046342,-2.570825,0.065457,2.918894,0.866021,0.000034,0.000163,-0.714385,-0.301542,0.455673,-0.576769,1.013425,-2.611255,-0.198287,0.002042,-0.002089,4.514912,-19.705965,-20.067192,-60.997993,-25.457924,-34.685596,6.131394,0.215080,-0.221181,-13.985457,-12.130219,-9.790539,-31.518177,-0.634275,-12.000000,0.174060,0.154220,-0.556822,-13.985457,-12.130219,-9.790539,-31.518177,-0.634275,-20.681097,0.174060,0.154220,-0.556822,87.000000,87.000000,87.000000,87.000000,12.000000,12.000000,12.000000,200.000000,200.000000,0.000000,0.000000,0.000000,0.000000,0.000000,0.000000,0.000000,0.000000,0.000000
65,0.347425,0.070615,0.164099,2.139451,-0.113511,0.508001,0.311736,0.165819,0.009518,0.053140,-2.563452,0.010865,2.983507,0.882778,0.000144,0.000041,-0.514062,0.338628,0.132476,1.288173,-1.912704,1.791777,0.339332,0.000683,-0.000233,10.320109,14.826738,-2.505930,48.677380,36.590130,113.800331,-9.073498,-0.197847,0.258194,2.606067,-43.304520,1.844215,64.914513,2.133912,12.000000,-0.354824,-0.636909,0.330875,2.606067,-43.304520,1.844215,64.914513,2.133912,28.228664,-0.354824,-0.636909,0.330875,87.000000,87.000000,87.000000,87.000000,12.000000,12.000000,12.000000,200.000000,200.000000,0.000000,0.000000,0.000000,0.000000,0.000000,0.000000,0.000000,0.000000,0.000000
66,0.738186,0.757178,0.207030,-1.065812,0.138573,-1.216124,0.392011,0.188526,-0.006779,0.029520,-2.585663,0.042578,2.923603,0.906449,0.000160,0.000046,0.658825,-1.081372,-0.564962,-2.153395,1.236739,-1.340639,0.667783,0.001637,0.000527,-8.822335,-33.792282,12.163241,-84.351784,-35.206768,-84.165207,-6.355172,-0.069095,0.203017,12.172050,-13.732000,8.113038,-59.706711,-3.385199,-12.000000,0.269954,-0.600677,0.255771,12.172050,-13.732000,8.113038,-59.706711,-3.385199,-42.600163,0.269954,-0.600677,0.255771,87.000000,87.000000,87.000000,87.000000,12.000000,12.000000,12.000000,200.000000,200.000000,0.000000,0.000000,0.000000,0.000000,0.000000,0.000000,0.000000,0.000000,0.000000
67,0.169096,0.346960,0.125691,3.577169,0.063303,0.652942,0.258552,0.160595,-0.005212,0.057518,-2.591202,0.030836,2.981150,0.891445,0.000221,0.000001,-0.735948,0.394327,0.732481,1.233838,-0.419244,1.445410,-0.491276,-0.003377,0.000086,16.560015,41.085880,-15.203379,98.980247,4.518198,68.788658,7.719247,-0.330791,0.135485,-3.123688,-29.539585,-2.446611,87.000000,1.240443,12.000000,0.205922,-0.696740,0.217244,-3.123688,-29.539585,-2.446611,128.148514,1.240443,32.230213,0.205922,-0.696740,0.217244,87.000000,87.000000,87.000000,87.000000,12.000000,12.000000,12.000000,200.000000,200.000000,0.000000,0.000000,0.000000,0.000000,0.000000,0.000000,0.000000,0.000000,0.000000
68,0.496633,0.758276,-0.090401,0.116258,0.083248,-0.539501,0.287253,0.204760,-0.001675,0.012913,-2.569758,0.032820,2.904528,0.887092,0.000145,0.000023,1.064968,-0.208141,-1.083288,0.013945,0.347174,-2.588221,-0.063807,-0.001834,0.001060,-25.672407,-12.234920,24.193960,-45.661591,4.946252,1.486359,3.594538,-0.077420,0.104094,-0.821558,-15.063929,-0.378880,-17.312515,0.065544,-3.992223,0.183147,-0.316682,0.063221,-0.821558,-15.063929,-0.378880,-17.312515,0.065544,-3.992223,0.183147,-0.316682,0.063221,87.000000,87.000000,87.000000,87.000000,12.000000,12.000000,12.000000,200.000000,200.000000,0.000000,0.000000,0.000000,0.000000,0.000000,0.000000,0.000000,0.000000,0.000000
69,0.558394,0.111492,0.649398,1.741973,-0.083962,0.341752,0.290671,0.141462,0.003853,0.081486,-2.561055,0.005492,2.978913,0.888149,0.000227,0.000000,-1.636883,0.143056,2.002269,0.913031,-0.972889,2.611358,-0.011422,0.002847,-0.002166,24.281864,5.725905,-8.253936,31.225100,21.687490,64.044823,-3.554715,0.150347,-0.090382,16.694218,-41.262642,13.724121,48.958820,0.087742,12.000000,-0.354266,-0.384832,0.065931,16.694218,-41.262642,13.724121,48.958820,0.087742,15.614193,-0.354266,-0.384832,0.065931,87.000000,87.000000,87.000000,87.000000,12.000000,12.000000,12.000000,200.000000,200.000000,0.000000,0.000000,0.000000,0.000000,0.000000,0.000000,0.000000,0.000000,0.000000
70,0.247592,1.317587,-0.651695,-0.870721,0.456388,-1.330474,0.222173,0.222093,-0.003134,0.011884,-2.578125,0.077572,2.924944,0.868187,0.000137,0.000055,2.290391,-0.460683,-2.157067,-1.868614,2.589201,-0.545464,-0.360070,-0.002862,0.002472,-15.744123,-12.213013,0.185208,-75.582169,0.219440,-52.550980,9.485886,-0.266874,0.268076,-14.911512,8.022968,-21.244904,-52.545376,4.901120,-12.000000,0.181060,-0.578897,0.199596,-14.911512,8.022968,-21.244904,-52.545376,4.901120,-48.185974,0.181060,-0.578897,0.199596,87.000000,87.000000,87.000000,87.000000,12.000000,12.000000,12.000000,200.000000,200.000000,0.000000,0.000000,0.000000,0.000000,0.000000,0.000000,0.000000,0.000000,0.000000
71,-0.174769,-0.299836,0.029575,3.456471,0.117717,0.855044,0.108795,0.176800,0.000976,0.050906,-2.575764,0.062974,2.947482,0.835680,0.000152,0.000045,-1.402611,0.007691,1.079506,1.418251,-0.759960,-1.376900,-0.907167,-0.004958,0.003498,5.121946,12.170678,-10.679276,88.859741,0.663267,-0.772562,15.916363,-0.403255,0.280095,-17.061794,-56.506985,-6.394501,87.000000,1.675190,12.000000,0.277830,-0.588358,0.117030,-17.061794,-56.506985,-6.394501,120.853378,1.675190,47.704342,0.277830,-0.588358,0.117030,87.000000,87.000000,87.000000,87.000000,12.000000,12.000000,12.000000,200.000000,200.000000,0.000000,0.000000,0.000000,0.000000,0.000000,0.000000,0.000000,0.000000,0.000000
72,1.184715,0.837155,0.662028,-0.307005,-0.421314,-0.477499,0.455565,0.167796,-0.006330,0.057405,-2.568830,-0.026257,2.893328,0.899039,0.000144,0.000030,-0.111950,-0.583222,0.384182,-0.769674,-2.663967,-1.385623,1.403219,-0.000302,-0.000058,8.793234,-15.710752,13.612159,-66.711739,0.272469,23.831440,-32.701248,-0.050478,0.038981,34.764427,-10.732703,21.649124,-33.443474,-7.653244,-2.410525,-0.048344,-0.367715,0.011845,34.764427,-10.732703,21.649124,-33.443474,-7.653244,-2.410525,-0.048344,-0.367715,0.011845,87.000000,87.000000,87.000000,87.000000,12.000000,12.000000,12.000000,200.000000,200.000000,0.000000,0.000000,0.000000,0.000000,0.000000,0.000000,0.000000,0.000000,0.000000
73,-0.246142,0.686660,-0.613817,2.280134,0.564203,0.246989,0.377896,0.220432,0.006401,0.015382,-2.561641,0.060159,2.971465,0.913285,0.000000,0.000245,1.113623,0.882325,-1.110571,1.619249,2.805497,2.208931,0.372169,-0.005664,0.008630,-39.156952,36.818031,19.193836,85.281944,10.527190,-24.081400,-12.088932,-0.117707,0.264730,-32.687935,-18.670479,-21.702173,71.795807,10.968612,7.932947,-0.395833,0.201470,-0.611380,-32.687935,-18.670479,-21.702173,71.795807,10.968612,7.932947,-0.395833,0.201470,-0.611380,87.000000,87.000000,87.000000,87.000000,12.000000,12.000000,12.000000,200.000000,200.000000,0.000000,0.000000,0.000000,0.000000,0.000000,0.000000,0.000000,0.000000,0.000000
74,0.250671,0.391042,0.206709,-0.630218,0.009560,-0.869130,0.275989,0.172333,0.002059,0.053106,-2.560055,0.047673,2.891696,0.897012,0.000000,0.000316,-1.269363,-0.960951,0.895313,-1.427739,-0.545090,-2.613177,-0.408399,-0.000895,-0.002561,22.304132,-46.533291,-26.055771,-94.671616,-6.960600,-41.857899,9.266953,0.275120,-0.567462,0.902555,-30.025396,0.121457,-46.865570,-2.572707,-12.000000,0.180070,0.548045,-1.429173,0.902555,-30.025396,0.121457,-46.865570,-2.572707,-18.962631,0.180070,0.548045,-1.429173,87.000000,87.000000,87.000000,87.000000,12.000000,12.000000,12.000000,200.000000,200.000000,0.000000,0.000000,0.000000,0.000000,0.000000,0.000000,0.000000,0.000000,0.000000
75,0.989952,0.450341,0.674015,2.657090,-0.261286,0.242723,0.236641,0.152810,0.006430,0.071055,-2.553964,-0.024241,2.936320,0.881295,0.000142,0.000116,-0.195349,0.710781,0.549449,1.777231,-2.254083,2.275541,-0.381647,0.005481,-0.003436,26.021252,45.758545,2.190631,86.426552,19.408192,154.713150,8.630531,0.277829,0.038928,29.400814,-27.127308,19.936829,85.803535,-1.186618,12.000000,-0.245102,-0.170494,0.010720,29.400814,-27.127308,19.936829,85.803535,-1.186618,21.536392,-0.245102,-0.170494,0.010720,87.000000,87.000000,87.000000,87.000000,12.000000,12.000000,12.000000,200.000000,200.000000,0.000000,0.000000,0.000000,0.000000,0.000000,0.000000,0.000000,0.000000,0.000000
76,0.027313,0.568567,-0.574685,-1.002690,0.512463,-0.804508,0.204770,0.228090,-0.004146,0.004898,-2.563911,0.046548,2.867218,0.859533,0.000174,0.000040,1.761658,-1.171106,-1.817991,-2.005851,2.449432,-2.614242,-0.385496,-0.002738,0.001578,-43.703560,-46.539062,20.234533,-106.135452,-7.226901,-67.937218,10.064734,-0.673244,0.526803,-24.327606,-21.851229,-17.417187,-60.539761,9.656362,-12.000000,0.300340,-1.329764,0.691425,-24.327606,-21.851229,-17.417187,-60.539761,9.656362,-16.011326,0.300340,-1.329764,0.691425,87.000000,87.000000,87.000000,87.000000,12.000000,12.000000,12.000000,200.000000,200.000000,0.000000,0.000000,0.000000,0.000000,0.000000,0.000000,0.000000,0.000000,0.000000
77,-0.078836,0.763947,0.067986,3.131738,0.154279,0.447466,0.283038,0.177661,0.003504,0.047415,-2.564665,0.055555,2.912631,0.872871,0.000248,0.000000,-1.533310,0.897776,1.210015,1.731364,-0.228584,0.844363,0.145244,-0.003958,-0.000087,6.624941,57.882175,-9.659192,108.499573,-9.297815,80.751411,-6.857292,-0.544549,0.286336,-12.859003,-14.018134,-4.868129,87.000000,1.884060,12.000000,0.142319,-1.093727,0.485897,-12.859003,-14.018134,-4.868129,107.137146,1.884060,32.399479,0.142319,-1.093727,0.485897,87.000000,87.000000,87.000000,87.000000,12.000000,12.000000,12.000000,200.000000,200.000000,0.000000,0.000000,0.000000,0.000000,0.000000,0.000000,0.000000,0.000000,0.000000
78,0.871772,0.049639,0.307614,-0.574424,-0.274723,-0.298643,0.339623,0.188841,-0.000245,0.025709,-2.570389,-0.018178,2.920422,0.890584,0.000166,0.000027,0.369675,-1.117340,-0.503752,-1.689149,-1.914600,-0.046194,0.356151,-0.000193,0.000363,-3.164769,-56.382542,16.338493,-100.952957,33.863464,-10.327877,-8.934981,0.170608,-0.056038,18.594387,-43.626232,12.522327,-43.525349,-2.549617,-2.950381,0.143445,-0.053292,-0.170057,18.594387,-43.626232,12.522327,-43.525349,-2.549617,-2.950381,0.143445,-0.053292,-0.170057,87.000000,87.000000,87.000000,87.000000,12.000000,12.000000,12.000000,200.000000,200.000000,0.000000,0.000000,0.000000,0.000000,0.000000,0.000000,0.000000,0.000000,0.000000
79,0.441484,0.756543,0.291230,2.717971,0.235801,0.140351,0.372496,0.168410,0.001750,0.057133,-2.565277,0.025443,2.960145,0.908585,0.000127,0.000073,-0.346148,0.797201,0.832245,2.008080,1.441148,0.922738,0.454846,-0.001850,0.003033,20.729549,53.777363,-13.467116,119.536545,-27.006367,-35.731071,-5.387778,-0.066689,0.135609,6.315201,-14.305972,4.068790,87.000000,1.942365,7.270921,0.018816,-0.250996,-0.126804,6.315201,-14.305972,4.068790,90.533791,1.942365,7.270921,0.018816,-0.250996,-0.126804,87.000000,87.000000,87.000000,87.000000,12.000000,12.000000,12.000000,200.000000,200.000000,0.000000,0.000000,0.000000,0.000000,0.000000,0.000000,0.000000,0.000000,0.000000
80,0.036116,0.742804,-0.581598,-1.194729,0.355468,-0.950327,0.197759,0.236660,-0.002810,-0.007935,-2.571226,0.095704,2.887223,0.874067,0.000021,0.000191,1.490701,-0.954465,-1.743932,-2.056986,1.991186,-2.048062,-0.755168,0.001289,-0.000837,-48.708038,-47.369633,24.461580,-112.672913,-34.753658,-80.881691,17.436117,0.383771,-0.353626,-24.247963,-15.661865,-16.609135,-67.804512,-1.076650,-12.000000,0.292362,0.510102,-0.881814,-24.247963,-15.661865,-16.609135,-67.804512,-1.076650,-26.511864,0.292362,0.510102,-0.881814,87.000000,87.000000,87.000000,87.000000,12.000000,12.000000,12.000000,200.000000,200.000000,0.000000,0.000000,0.000000,0.000000,0.000000,0.000000,0.000000,0.000000,0.000000
81,0.593728,0.021929,0.843321,3.618474,-0.314864,0.829491,0.177449,0.158890,-0.003660,0.061433,-2.572191,0.025397,2.902438,0.856012,0.000160,0.000065,-2.190418,0.107506,2.158099,1.463302,-2.611624,-1.440941,-0.528925,-0.002311,0.003881,19.134878,29.605267,-0.032687,102.632973,0.121450,0.665545,10.731900,-0.462216,0.590205,18.057972,-42.500893,23.043900,87.000000,-7.236352,12.000000,0.027520,-0.869785,0.535645,18.057972,-42.500893,23.043900,127.782089,-7.236352,50.501701,0.027520,-0.869785,0.535645,87.000000,87.000000,87.000000,87.000000,12.000000,12.000000,12.000000,200.000000,200.000000,0.000000,0.000000,0.000000,0.000000,0.000000,0.000000,0.000000,0.000000,0.000000
82,0.216453,0.640757,-0.575259,0.339120,0.180704,0.268236,0.418537,0.227827,-0.000220,-0.007597,-2.564878,0.045781,2.986176,0.899134,0.000000,0.000238,1.967429,-0.176041,-2.165616,-0.265713,0.827489,2.611007,1.032124,-0.007362,0.007786,-14.074844,-10.903128,-0.290537,-33.606823,-9.932152,0.115385,-22.188742,-0.398584,0.295288,-15.609476,-19.890974,-16.644875,-7.355659,0.781174,7.839592,0.065318,-0.198658,-0.508932,-15.609476,-19.890974,-16.644875,-7.355659,0.781174,7.839592,0.065318,-0.198658,-0.508932,87.000000,87.000000,87.000000,87.000000,12.000000,12.000000,12.000000,200.000000,200.000000,0.000000,0.000000,0.000000,0.000000,0.000000,0.000000,0.000000,0.000000,0.000000
83,0.935018,1.018920,1.143822,0.591382,-0.150540,-1.182136,0.482478,0.158640,-0.001451,0.063420,-2.561112,-0.001115,2.901781,0.939865,0.000033,0.000176,-1.700653,0.047045,2.156117,0.079149,-1.126356,-2.610149,0.856484,0.002391,-0.003885,26.341837,11.899962,0.199900,-7.400574,23.201986,-0.060983,-20.506746,0.217748,-0.303895,30.741119,-3.959452,34.943714,3.018731,-1.678336,-12.000000,-0.079694,0.123819,-0.615517,30.741119,-3.959452,34.943714,3.018731,-1.678336,-29.511551,-0.079694,0.123819,-0.615517,87.000000,87.000000,87.000000,87.000000,12.000000,12.000000,12.000000,200.000000,200.000000,0.000000,0.000000,0.000000,0.000000,0.000000,0.000000,0.000000,0.000000,0.000000
84,-0.153764,0.006613,-0.715144,1.483251,0.504115,0.458330,0.293964,0.233940,0.004246,-0.001434,-2.569553,0.087393,2.980385,0.914286,0.000000,0.000207,1.763384,-0.031177,-1.821226,0.126407,2.737522,2.611202,-0.517013,-0.000768,0.000962,-43.792187,-4.597119,20.179745,13.395599,7.690830,73.851906,13.015679,0.176659,-0.097616,-32.032898,-45.615742,-22.506882,40.343945,6.427236,12.000000,0.003016,0.371233,-0.642128,-32.032898,-45.615742,-22.506882,40.343945,6.427236,20.820719,0.003016,0.371233,-0.642128,87.000000,87.000000,87.000000,87.000000,12.000000,12.000000,12.000000,200.000000,200.000000,0.000000,0.000000,0.000000,0.000000,0.000000,0.000000,0.000000,0.000000,0.000000
85,0.474635,1.054306,0.636393,0.159778,-0.146268,-1.125621,0.312213,0.156213,0.002569,0.067666,-2.566803,0.025080,2.899459,0.907190,0.000000,0.000263,-2.251941,-0.115225,2.173059,-0.354398,-1.776401,-2.349080,-0.236392,-0.000048,-0.000035,14.026593,1.969744,0.483184,-30.788958,28.110643,-11.873144,3.166248,0.148835,-0.218806,13.294991,-3.009408,14.272870,-13.921731,-1.654249,-12.000000,0.007212,0.252885,-0.894155,13.294991,-3.009408,14.272870,-13.921731,-1.654249,-28.832394,0.007212,0.252885,-0.894155,87.000000,87.000000,87.000000,87.000000,12.000000,12.000000,12.000000,200.000000,200.000000,0.000000,0.000000,0.000000,0.000000,0.000000,0.000000,0.000000,0.000000,0.000000
86,0.495907,-0.406597,-0.023554,2.277126,0.094497,0.795584,0.183357,0.195404,0.005149,0.031206,-2.557400,0.024106,2.938400,0.872127,0.000010,0.000223,1.026832,-0.160066,-0.945250,1.498871,-0.332961,-1.266912,-0.751478,-0.000195,-0.001066,-21.279972,-3.109373,23.731880,53.818481,6.086787,22.517279,18.378695,0.151388,-0.203856,0.285501,-61.682487,0.463850,69.484848,3.753754,12.000000,-0.101469,0.271805,-0.775314,0.285501,-61.682487,0.463850,69.484848,3.753754,47.977131,-0.101469,0.271805,-0.775314,87.000000,87.000000,87.000000,87.000000,12.000000,12.000000,12.000000,200.000000,200.000000,0.000000,0.000000,0.000000,0.000000,0.000000,0.000000,0.000000,0.000000,0.000000
87,0.025165,1.276737,-0.305709,-1.001249,0.305913,-0.858562,0.432954,0.212173,-0.011370,0.013582,-2.569775,0.081095,2.852565,0.910461,0.000162,0.000109,0.212035,-0.869311,-0.488169,-1.790017,1.700350,-2.610242,0.928234,0.009711,-0.005664,-19.058437,-16.270819,0.403461,-91.922653,-29.741877,-4.313249,-18.749241,0.538079,-0.266598,-17.616343,7.968583,-11.999977,-59.844154,-0.484779,-12.000000,0.216197,-0.098615,-0.290465,-17.616343,7.968583,-11.999977,-59.844154,-0.484779,-12.915715,0.216197,-0.098615,-0.290465,87.000000,87.000000,87.000000,87.000000,12.000000,12.000000,12.000000,200.000000,200.000000,0.000000,0.000000,0.000000,0.000000,0.000000,0.000000,0.000000,0.000000,0.000000
88,0.500661,0.291003,0.446973,3.347596,-0.200835,0.701779,0.302194,0.155252,-0.004614,0.059497,-2.564084,0.015040,2.866077,0.905028,0.000277,0.000081,-1.346176,0.514919,1.180879,1.803662,-2.417412,-1.398611,-0.294425,-0.006707,0.004921,37.349243,37.913006,-21.827509,101.860748,11.494488,28.156090,2.428121,-0.975884,0.828030,13.402905,-32.342216,8.705561,87.000000,-1.809052,12.000000,-0.008863,-1.682289,0.887980,13.402905,-32.342216,8.705561,115.155678,-1.809052,50.113216,-0.008863,-1.682289,0.887980,87.000000,87.000000,87.000000,87.000000,12.000000,12.000000,12.000000,200.000000,200.000000,0.000000,0.000000,0.000000,0.000000,0.000000,0.000000,0.000000,0.000000,0.000000
89,0.895289,0.218253,0.233714,-0.373439,-0.156774,-0.044539,0.437391,0.188478,-0.008952,0.029482,-2.574477,-0.019109,2.941631,0.929697,0.000175,0.000047,1.021818,-0.921973,-0.783640,-1.540651,-0.760725,2.083160,0.576452,-0.002251,-0.001237,-2.616083,-43.647179,11.339259,-79.298904,11.050751,-31.493408,-13.158820,0.031065,-0.086131,17.854275,-35.977818,9.723794,-34.315086,-2.121749,-1.400982,0.100278,-0.176500,-0.171721,17.854275,-35.977818,9.723794,-34.315086,-2.121749,-1.400982,0.100278,-0.176500,-0.171721,87.000000,87.000000,87.000000,87.000000,12.000000,12.000000,12.000000,200.000000,200.000000,0.000000,0.000000,0.000000,0.000000,0.000000,0.000000,0.000000,0.000000,0.000000
90,-0.014708,1.374665,-0.189295,2.011798,0.442211,-0.665945,0.259242,0.194350,-0.003213,0.036220,-2.562024,0.060528,2.861882,0.901222,0.000176,0.000005,0.085981,1.018526,0.159481,1.806088,2.669368,-2.606810,-0.568329,0.002411,-0.002242,-5.512736,59.759445,-6.087954,84.324066,-6.018190,0.084214,14.652521,0.185498,-0.087983,-16.685928,10.558112,-11.248240,60.542057,5.408033,-5.673542,-0.106411,-0.202659,-0.019275,-16.685928,10.558112,-11.248240,60.542057,5.408033,-5.673542,-0.106411,-0.202659,-0.019275,87.000000,87.000000,87.000000,87.000000,12.000000,12.000000,12.000000,200.000000,200.000000,0.000000,0.000000,0.000000,0.000000,0.000000,0.000000,0.000000,0.000000,0.000000
91,0.309900,-0.547162,0.086618,0.365218,-0.134012,0.567466,0.267360,0.181590,0.002353,0.043572,-2.558333,0.020254,2.942837,0.889504,0.000244,0.000000,-0.407594,-0.850948,0.140898,-0.799912,-1.710190,2.397269,-0.325100,0.002801,-0.001976,3.057960,-57.139599,-5.927822,-65.979073,13.257636,24.812756,4.711384,0.094572,-0.086683,-0.872242,-68.442192,-0.738208,-7.309300,-1.701194,12.000000,-0.078803,-0.527473,0.053087,-0.872242,-68.442192,-0.738208,-7.309300,-1.701194,25.738911,-0.078803,-0.527473,0.053087,87.000000,87.000000,87.000000,87.000000,12.000000,12.000000,12.000000,200.000000,200.000000,0.000000,0.000000,0.000000,0.000000,0.000000,0.000000,0.000000,0.000000,0.000000
92,0.767739,1.646573,0.371359,0.859533,0.057646,-1.050401,0.475332,0.182201,-0.001162,0.046649,-2.556015,0.013639,2.859651,0.931321,0.000302,0.000000,0.213104,0.478427,0.166565,0.532641,0.396712,-2.608096,0.980452,0.001384,-0.002668,10.414121,43.701077,4.292115,24.614143,10.753693,0.150175,-20.302275,-0.147669,0.061886,16.173569,21.790628,10.911555,13.954389,0.798018,-12.000000,0.012134,-0.964949,0.369978,16.173569,21.790628,10.911555,13.954389,0.798018,-20.864405,0.012134,-0.964949,0.369978,87.000000,87.000000,87.000000,87.000000,12.000000,12.000000,12.000000,200.000000,200.000000,0.000000,0.000000,0.000000,0.000000,0.000000,0.000000,0.000000,0.000000,0.000000
93,0.200328,-0.303625,-0.027106,1.191903,0.205729,0.419722,0.300118,0.189664,0.006193,0.049811,-2.562748,0.057759,2.938361,0.912643,0.000202,0.000019,0.134590,-0.290993,0.042892,-0.212676,0.882283,2.611351,-0.415198,-0.003469,0.001335,-5.230121,-24.263988,-2.255588,-11.448609,-12.133973,73.707924,8.415661,-0.090791,0.134076,-7.806112,-58.613300,-5.308956,27.634842,0.672484,12.000000,-0.155895,-0.353563,0.089991,-7.806112,-58.613300,-5.308956,27.634842,0.672484,22.629620,-0.155895,-0.353563,0.089991,87.000000,87.000000,87.000000,87.000000,12.000000,12.000000,12.000000,200.000000,200.000000,0.000000,0.000000,0.000000,0.000000,0.000000,0.000000,0.000000,0.000000,0.000000
94,-0.111172,0.847925,-0.495658,0.501792,0.271853,-0.587327,0.337471,0.222365,-0.004061,0.010088,-2.566608,0.081011,2.865394,0.910587,0.000095,0.000076,0.557660,-0.372541,-1.062210,-0.261727,0.816560,-2.603965,-0.021057,0.000322,-0.000663,-31.640570,3.637562,12.006911,-15.694895,-3.976543,0.477204,2.583040,0.257139,-0.194418,-25.528687,-9.943460,-17.114971,0.303963,1.994442,-2.781333,0.139559,0.199131,-0.425423,-25.528687,-9.943460,-17.114971,0.303963,1.994442,-2.781333,0.139559,0.199131,-0.425423,87.000000,87.000000,87.000000,87.000000,12.000000,12.000000,12.000000,200.000000,200.000000,0.000000,0.000000,0.000000,0.000000,0.000000,0.000000,0.000000,0.000000,0.000000
95,0.814163,0.467483,0.864610,1.877031,-0.334116,0.117165,0.423669,0.143733,0.006520,0.079026,-2.554133,0.007678,2.925926,0.933166,0.000266,0.000000,-2.061345,0.549155,2.134047,1.257946,-2.430937,2.093495,0.445439,0.003130,-0.002226,25.432734,19.300041,-0.324984,50.952965,-0.169902,-5.352301,-12.081429,-0.136417,0.170772,28.020355,-27.566814,22.559753,54.022011,-7.480983,7.879747,-0.314856,-0.954844,0.507256,28.020355,-27.566814,22.559753,54.022011,-7.480983,7.879747,-0.314856,-0.954844,0.507256,87.000000,87.000000,87.000000,87.000000,12.000000,12.000000,12.000000,200.000000,200.000000,0.000000,0.000000,0.000000,0.000000,0.000000,0.000000,0.000000,0.000000,0.000000
96,0.295009,0.663262,-0.583463,-0.443957,0.406942,-0.718648,0.237020,0.218786,0.001815,0.009752,-2.558812,0.075440,2.853632,0.895181,0.000204,0.000006,2.166949,-0.731708,-2.160426,-1.308271,2.509451,-2.612817,-0.760019,-0.002214,0.000508,-13.494886,-28.661366,0.038953,-78.798851,1.167984,0.061555,18.924532,-0.251888,0.179215,-12.260208,-18.683725,-18.352190,-38.961517,3.576433,-7.067382,0.252692,-0.709514,0.247876,-12.260208,-18.683725,-18.352190,-38.961517,3.576433,-7.067382,0.252692,-0.709514,0.247876,87.000000,87.000000,87.000000,87.000000,12.000000,12.000000,12.000000,200.000000,200.000000,0.000000,0.000000,0.000000,0.000000,0.000000,0.000000,0.000000,0.000000,0.000000
97,0.133539,0.427884,0.329874,2.584255,-0.051824,0.428736,0.214570,0.149485,0.011309,0.073268,-2.550224,0.030821,2.895051,0.875735,0.000236,0.000064,-1.913908,0.721517,1.742845,2.005136,-2.110299,-0.235035,-0.500851,-0.003668,0.003924,26.228069,37.962845,-18.728277,83.500336,24.396885,86.827591,8.874914,-0.464063,0.515046,-0.052627,-28.823021,1.737201,81.549072,3.138171,12.000000,-0.377518,-0.988290,0.465990,-0.052627,-28.823021,1.737201,81.549072,3.138171,37.448860,-0.377518,-0.988290,0.465990,87.000000,87.000000,87.000000,87.000000,12.000000,12.000000,12.000000,200.000000,200.000000,0.000000,0.000000,0.000000,0.000000,0.000000,0.000000,0.000000,0.000000,0.000000
98,0.669144,0.158316,-0.128151,-0.938533,-0.019289,-0.314243,0.379882,0.212984,-0.000732,0.006127,-2.568329,0.016977,2.914401,0.899940,0.000133,0.000071,1.790028,-1.371410,-1.927636,-2.135897,-0.272196,-0.122004,0.640868,-0.002747,0.000893,-16.576021,-56.334457,14.218868,-103.117958,-5.648654,-46.716801,-8.512741,-0.140805,0.097576,4.066006,-38.601341,0.283224,-57.323483,-1.615822,-4.759542,0.249779,-0.374454,-0.028063,4.066006,-38.601341,0.283224,-57.323483,-1.615822,-4.759542,0.249779,-0.374454,-0.028063,87.000000,87.000000,87.000000,87.000000,12.000000,12.000000,12.000000,200.000000,200.000000,0.000000,0.000000,0.000000,0.000000,0.000000,0.000000,0.000000,0.000000,0.000000
99,0.247985,1.123501,0.324601,2.871684,0.184431,-0.111212,0.448430,0.157001,0.001809,0.065852,-2.561253,0.035821,2.900231,0.932445,0.000173,0.000014,-1.322549,1.026105,1.556426,2.065868,0.803265,-0.148694,0.667187,0.000571,0.000161,38.072918,68.789490,-32.681820,123.965187,-14.686782,-7.750823,-12.929416,0.038745,0.067195,3.087489,0.642747,1.649501,87.000000,1.226904,6.095320,0.225194,-0.302072,0.047624,3.087489,0.642747,1.649501,96.596252,1.226904,6.095320,0.225194,-0.302072,0.047624,87.000000,87.000000,87.000000,87.000000,12.000000,12.000000,12.000000,200.000000,200.000000,0.000000,0.000000,0.000000,0.000000,0.000000,0.000000,0.000000,0.000000,0.000000
100,0.509252,-0.088501,-0.084809,-0.508389,-0.154491,-0.164135,0.317024,0.203182,0.001242,0.018034,-2.563645,-0.002097,2.938967,0.916650,0.000126,0.000061,1.070940,-1.101417,-1.200864,-1.609383,-1.258395,0.905593,-0.398596,0.001840,-0.001070,-29.925133,-61.931580,26.550106,-101.069977,9.304254,-23.604074,7.793591,0.324359,-0.271457,-0.458958,-49.628407,-0.116070,-41.646557,-2.214427,-2.322135,0.128193,0.148572,-0.495073,-0.458958,-49.628407,-0.116070,-41.646557,-2.214427,-2.322135,0.128193,0.148572,-0.495073,87.000000,87.000000,87.000000,87.000000,12.000000,12.000000,12.000000,200.000000,200.000000,0.000000,0.000000,0.000000,0.000000,0.000000,0.000000,0.000000,0.000000,0.000000
101,0.599907,1.291518,0.535530,2.098058,0.089618,-0.557522,0.453669,0.159391,0.002741,0.072608,-2.551607,0.004114,2.857535,0.941348,0.000208,0.000000,-0.857478,0.888700,1.459337,1.844946,0.611635,-2.606428,0.590856,0.002794,-0.001880,38.834679,59.738766,-23.176580,88.027168,6.201767,0.107989,-12.067661,0.019840,0.016549,15.767282,7.106994,10.378107,63.274158,1.995235,-0.986710,-0.146661,-0.569106,0.167146,15.767282,7.106994,10.378107,63.274158,1.995235,-0.986710,-0.146661,-0.569106,0.167146,87.000000,87.000000,87.000000,87.000000,12.000000,12.000000,12.000000,200.000000,200.000000,0.000000,0.000000,0.000000,0.000000,0.000000,0.000000,0.000000,0.000000,0.000000
102,-0.056550,-0.048359,-0.674328,0.008857,0.400017,0.195469,0.224556,0.236080,0.008989,0.004240,-2.559922,0.088066,2.939357,0.898171,0.000053,0.000123,1.901187,-0.670555,-2.052052,-1.329093,2.252362,2.609456,-0.919267,-0.004625,0.004328,-31.603086,-47.645172,6.359467,-71.484856,-18.773645,0.135183,23.974434,-0.061754,0.089537,-27.968977,-48.980286,-21.519606,-20.306274,1.915025,8.678454,0.227370,0.055799,-0.357225,-27.968977,-48.980286,-21.519606,-20.306274,1.915025,8.678454,0.227370,0.055799,-0.357225,87.000000,87.000000,87.000000,87.000000,12.000000,12.000000,12.000000,200.000000,200.000000,0.000000,0.000000,0.000000,0.000000,0.000000,0.000000,0.000000,0.000000,0.000000
103,0.708902,1.080189,0.895823,1.280585,-0.262487,-0.838871,0.322707,0.161349,0.006479,0.073119,-2.558951,0.009341,2.857047,0.902140,0.000040,0.000158,-2.038049,0.332052,2.153285,0.719364,-2.510871,-2.608432,0.036885,-0.000580,0.001943,20.136465,32.524048,0.136085,38.295677,0.045991,-0.007138,-1.052567,-0.050426,0.100140,22.037624,-1.712892,24.248892,31.336908,-4.568322,-12.000000,-0.139090,-0.135647,-0.279394,22.037624,-1.712892,24.248892,31.336908,-4.568322,-12.202762,-0.139090,-0.135647,-0.279394,87.000000,87.000000,87.000000,87.000000,12.000000,12.000000,12.000000,200.000000,200.000000,0.000000,0.000000,0.000000,0.000000,0.000000,0.000000,0.000000,0.000000,0.000000
104,-0.104936,-0.502750,-0.747090,1.620666,0.353743,1.025413,0.232704,0.232002,0.008325,0.003693,-2.549189,0.067341,2.898736,0.879633,0.000009,0.000229,1.821626,-0.517665,-2.171289,0.783178,1.411554,-1.045177,-0.423948,0.000569,-0.001028,-24.534693,-25.130381,-0.507588,12.903656,-25.943169,-8.602706,12.262429,0.372446,-0.498397,-28.964542,-66.118034,-24.417990,42.196430,4.040169,12.000000,0.063189,0.563803,-1.255018,-28.964542,-66.118034,-24.417990,42.196430,4.040169,57.306519,0.063189,0.563803,-1.255018,87.000000,87.000000,87.000000,87.000000,12.000000,12.000000,12.000000,200.000000,200.000000,0.000000,0.000000,0.000000,0.000000,0.000000,0.000000,0.000000,0.000000,0.000000
105,0.575736,1.210603,0.646520,-0.116895,-0.158442,-0.588045,0.617321,0.154447,-0.004027,0.070704,-2.548159,0.012698,2.842751,0.958188,0.000058,0.000124,-2.071514,-0.411243,1.977921,-0.645343,-1.526611,-1.437953,1.826322,0.002248,-0.002831,28.464945,6.219901,-11.392964,-48.765770,26.872343,28.851927,-42.709335,0.065037,-0.024395,17.764393,4.849857,14.356321,-26.799154,-1.765481,-2.284673,-0.018126,-0.174941,-0.102143,17.764393,4.849857,14.356321,-26.799154,-1.765481,-2.284673,-0.018126,-0.174941,-0.102143,87.000000,87.000000,87.000000,87.000000,12.000000,12.000000,12.000000,200.000000,200.000000,0.000000,0.000000,0.000000,0.000000,0.000000,0.000000,0.000000,0.000000,0.000000
106,0.533242,0.429801,-0.175600,1.993980,0.197513,0.147698,0.286303,0.218897,0.004285,0.008858,-2.549263,0.043075,2.921391,0.923742,0.000112,0.000054,1.653585,0.506614,-1.575771,1.010519,0.804550,2.336647,-0.757828,0.000683,-0.000908,-35.486404,21.607567,34.783291,62.686340,-17.330317,-16.510777,17.658541,-0.071749,0.076192,-2.612271,-28.645838,-1.549551,59.683983,1.270203,8.071906,-0.131949,-0.396530,0.079862,-2.612271,-28.645838,-1.549551,59.683983,1.270203,8.071906,-0.131949,-0.396530,0.079862,87.000000,87.000000,87.000000,87.000000,12.000000,12.000000,12.000000,200.000000,200.000000,0.000000,0.000000,0.000000,0.000000,0.000000,0.000000,0.000000,0.000000,0.000000
107,0.628440,0.325718,0.694623,-0.571727,-0.112910,-0.807163,0.398171,0.154138,-0.009962,0.078089,-2.561404,0.009539,2.843154,0.930778,0.000049,0.000115,-1.796423,-1.229458,2.119475,-1.752345,-0.768229,-2.612746,0.152009,-0.001683,0.002025,15.371746,-43.064144,-3.036947,-92.971886,17.027477,0.035062,-2.662890,-0.090124,0.116462,18.438570,-30.752724,15.740489,-43.498573,-2.310804,-9.809704,0.182606,-0.158043,-0.154091,18.438570,-30.752724,15.740489,-43.498573,-2.310804,-9.809704,0.182606,-0.158043,-0.154091,87.000000,87.000000,87.000000,87.000000,12.000000,12.000000,12.000000,200.000000,200.000000,0.000000,0.000000,0.000000,0.000000,0.000000,0.000000,0.000000,0.000000,0.000000
108,-0.114437,0.645412,-0.723996,3.099825,0.341065,0.738181,0.266032,0.228891,-0.009209,0.008643,-2.559933,0.057595,2.860562,0.904314,0.000032,0.000130,1.957610,0.586159,-2.133106,1.932415,1.169958,-1.709726,-0.687469,-0.000819,0.000505,-22.340433,52.487675,-0.019026,114.136795,-28.915949,4.483444,14.553547,0.210248,-0.238729,-29.306564,-17.192650,-24.012249,87.000000,4.460233,12.000000,0.441834,0.415158,-0.765412,-29.306564,-17.192650,-24.012249,105.136559,4.460233,51.688469,0.441834,0.415158,-0.765412,87.000000,87.000000,87.000000,87.000000,12.000000,12.000000,12.000000,200.000000,200.000000,0.000000,0.000000,0.000000,0.000000,0.000000,0.000000,0.000000,0.000000,0.000000
109,0.470315,0.558481,0.530255,-0.421011,-0.177660,-0.316391,0.445255,0.157653,-0.005774,0.071896,-2.556060,0.008350,2.882108,0.932647,0.000058,0.000101,-1.847004,-0.530689,1.713405,-1.130257,-1.615532,0.712709,0.586361,0.000987,-0.000935,36.120350,-34.042789,-27.146544,-83.189003,12.662386,-11.316056,-15.931033,0.014834,-0.012451,13.175208,-23.119747,9.357841,-39.032795,-2.789271,-2.653511,-0.011478,-0.161626,-0.159495,13.175208,-23.119747,9.357841,-39.032795,-2.789271,-2.653511,-0.011478,-0.161626,-0.159495,87.000000,87.000000,87.000000,87.000000,12.000000,12.000000,12.000000,200.000000,200.000000,0.000000,0.000000,0.000000,0.000000,0.000000,0.000000,0.000000,0.000000,0.000000
110,0.545881,0.704904,-0.066475,2.137633,0.197031,-0.017841,0.310955,0.209242,0.004271,0.023429,-2.550736,0.034082,2.915687,0.915727,0.000101,0.000061,1.343859,0.768174,-1.185325,1.459000,0.952371,0.697901,-0.341413,0.000549,-0.000588,-27.562464,35.367397,30.203974,76.826042,-6.419513,-14.061273,9.197241,-0.079310,0.057511,-0.060544,-17.551886,0.353388,65.159065,2.251892,6.440673,-0.096314,-0.371567,0.010653,-0.060544,-17.551886,0.353388,65.159065,2.251892,6.440673,-0.096314,-0.371567,0.010653,87.000000,87.000000,87.000000,87.000000,12.000000,12.000000,12.000000,200.000000,200.000000,0.000000,0.000000,0.000000,0.000000,0.000000,0.000000,0.000000,0.000000,0.000000
111,0.432944,0.234348,0.420831,-0.566117,-0.048473,-0.602876,0.303199,0.160938,-0.002356,0.075102,-2.558382,0.019593,2.855038,0.903998,0.000025,0.000138,-1.153003,-1.078847,1.297731,-1.700918,-0.404035,-1.872364,-0.268166,-0.001848,0.002162,31.406956,-47.730789,-28.257242,-99.598946,7.596385,23.544230,6.887464,-0.028225,0.048245,9.322949,-35.679676,5.735304,-44.044441,-2.031795,-3.119828,0.195393,0.010833,-0.327173,9.322949,-35.679676,5.735304,-44.044441,-2.031795,-3.119828,0.195393,0.010833,-0.327173,87.000000,87.000000,87.000000,87.000000,12.000000,12.000000,12.000000,200.000000,200.000000,0.000000,0.000000,0.000000,0.000000,0.000000,0.000000,0.000000,0.000000,0.000000
112,0.028887,0.566620,-0.435718,2.955067,0.137982,0.630845,0.227995,0.213650,0.000473,0.021055,-2.555853,0.021522,2.892925,0.881773,0.000020,0.000142,1.127045,0.603238,-1.379345,2.004034,-0.245369,-1.235952,-0.569596,-0.000869,0.000846,-38.024265,46.957233,25.630930,113.625694,-10.757463,-20.861910,14.793658,0.111044,-0.115008,-21.068205,-21.531546,-13.982493,87.000000,4.133510,12.000000,0.369193,0.253771,-0.585141,-21.068205,-21.531546,-13.982493,98.727531,4.133510,41.875099,0.369193,0.253771,-0.585141,87.000000,87.000000,87.000000,87.000000,12.000000,12.000000,12.000000,200.000000,200.000000,0.000000,0.000000,0.000000,0.000000,0.000000,0.000000,0.000000,0.000000,0.000000
113,0.664885,0.514385,0.485385,-0.996986,-0.053614,-0.585622,0.455256,0.173182,-0.008344,0.058981,-2.566282,0.014284,2.853663,0.921781,0.000063,0.000103,-0.933951,-1.122238,0.988732,-2.063439,-0.137138,-1.115135,0.911031,0.002112,-0.001652,27.799965,-46.853176,-20.129906,-114.939087,-0.616573,11.376221,-20.409027,0.078518,-0.047184,16.828503,-23.836805,10.894765,-60.565430,-2.985286,-4.994727,0.143198,-0.144555,-0.168681,16.828503,-23.836805,10.894765,-60.565430,-2.985286,-4.994727,0.143198,-0.144555,-0.168681,87.000000,87.000000,87.000000,87.000000,12.000000,12.000000,12.000000,200.000000,200.000000,0.000000,0.000000,0.000000,0.000000,0.000000,0.000000,0.000000,0.000000,0.000000
114,0.093025,0.584419,-0.303782,3.416625,0.179931,0.701374,0.318702,0.206627,-0.004775,0.024030,-2.567966,0.030424,2.893607,0.912967,0.000104,0.000055,0.694615,0.589633,-0.880682,1.610077,0.471363,-0.279657,-0.335289,-0.001959,0.001650,-25.556339,48.599720,16.543167,110.807915,-10.257895,9.389759,4.862791,-0.121812,0.110518,-16.070059,-20.185452,-10.820778,87.000000,2.841552,12.000000,0.348514,-0.205811,-0.109560,-16.070059,-20.185452,-10.820778,119.387886,2.841552,43.042599,0.348514,-0.205811,-0.109560,87.000000,87.000000,87.000000,87.000000,12.000000,12.000000,12.000000,200.000000,200.000000,0.000000,0.000000,0.000000,0.000000,0.000000,0.000000,0.000000,0.000000,0.000000
115,0.858419,0.703289,0.661787,-0.538258,-0.258883,-0.680512,0.379724,0.162421,-0.003560,0.066492,-2.562134,-0.026826,2.825934,0.921248,0.000061,0.000116,-0.926292,-0.542165,1.151531,-1.109261,-1.491682,-1.880184,0.154248,-0.001609,0.002837,36.091324,-29.103846,-17.005941,-87.827469,27.344131,30.475901,-3.818152,-0.102303,0.177435,25.884399,-17.188847,17.103321,-43.531006,-2.724190,-3.453498,0.130803,-0.197815,-0.114057,25.884399,-17.188847,17.103321,-43.531006,-2.724190,-3.453498,0.130803,-0.197815,-0.114057,87.000000,87.000000,87.000000,87.000000,12.000000,12.000000,12.000000,200.000000,200.000000,0.000000,0.000000,0.000000,0.000000,0.000000,0.000000,0.000000,0.000000,0.000000
116,-0.166539,0.071991,-0.663337,2.754564,0.532248,0.861537,0.198741,0.228899,0.000764,0.005165,-2.555863,0.063265,2.840133,0.882279,0.000052,0.000127,1.437204,0.339770,-1.618031,2.036598,2.591385,-2.608877,-0.831460,0.002149,-0.002204,-48.983326,26.801838,26.992785,96.033821,-4.134578,0.087390,20.327360,0.430047,-0.462462,-31.585861,-41.807919,-21.087620,87.000000,9.439126,12.000000,0.076228,0.501872,-0.919997,-31.585861,-41.807919,-21.087620,89.389343,9.439126,61.214306,0.076228,0.501872,-0.919997,87.000000,87.000000,87.000000,87.000000,12.000000,12.000000,12.000000,200.000000,200.000000,0.000000,0.000000,0.000000,0.000000,0.000000,0.000000,0.000000,0.000000,0.000000
117,0.567150,0.840906,0.538415,-0.474069,-0.260715,-0.196546,0.546783,0.160650,0.005074,0.062315,-2.550109,-0.001002,2.897733,0.946077,0.000094,0.000077,-1.682215,-0.361223,1.473932,-1.027194,-2.298207,1.859513,1.337581,-0.000372,-0.000382,41.094070,-25.454760,-30.243835,-78.786148,12.012018,-25.304789,-35.661549,-0.179871,0.080183,16.701420,-12.644509,10.854944,-41.646866,-3.639580,-2.947881,-0.174439,-0.466813,-0.003539,16.701420,-12.644509,10.854944,-41.646866,-3.639580,-2.947881,-0.174439,-0.466813,-0.003539,87.000000,87.000000,87.000000,87.000000,12.000000,12.000000,12.000000,200.000000,200.000000,0.000000,0.000000,0.000000,0.000000,0.000000,0.000000,0.000000,0.000000,0.000000
118,0.640997,0.453204,0.013300,1.643952,0.213795,-0.375064,0.227261,0.207122,0.002932,0.019659,-2.553827,0.033206,2.856164,0.902194,0.000117,0.000044,1.256666,0.076472,-1.031039,0.643144,1.422432,-1.552179,-0.922930,0.000284,-0.000504,-22.401630,16.311331,27.271828,40.519146,-0.740747,14.872726,25.061655,-0.099723,0.088170,4.446454,-26.760715,3.264538,45.762817,2.131558,4.495783,0.106628,-0.414806,0.085205,4.446454,-26.760715,3.264538,45.762817,2.131558,4.495783,0.106628,-0.414806,0.085205,87.000000,87.000000,87.000000,87.000000,12.000000,12.000000,12.000000,200.000000,200.000000,0.000000,0.000000,0.000000,0.000000,0.000000,0.000000,0.000000,0.000000,0.000000
119,0.280653,0.436725,0.281305,0.570792,-0.067335,-0.054578,0.330382,0.163498,0.004450,0.066176,-2.558817,0.011638,2.916116,0.904563,0.000135,0.000026,-1.089877,-0.254726,1.158714,-0.430141,-0.955251,1.741650,0.020082,0.001296,-0.001098,25.604944,-13.295138,-25.655857,-20.481886,-3.133646,-25.628771,-3.212393,0.108880,-0.091558,2.518854,-28.346760,1.386188,2.600720,-1.382052,1.580322,-0.120337,-0.179682,-0.128125,2.518854,-28.346760,1.386188,2.600720,-1.382052,1.580322,-0.120337,-0.179682,-0.128125,87.000000,87.000000,87.000000,87.000000,12.000000,12.000000,12.000000,200.000000,200.000000,0.000000,0.000000,0.000000,0.000000,0.000000,0.000000,0.000000,0.000000,0.000000
120,0.324523,0.724246,-0.261229,1.131535,0.283680,-0.387927,0.223473,0.219485,0.003625,0.014067,-2.557915,0.057094,2.875806,0.879049,0.000131,0.000031,1.337291,0.065291,-1.307472,0.389216,1.579571,-1.500798,-0.507800,0.000244,-0.000172,-34.694401,13.275748,27.197540,15.983232,-8.918795,13.256206,14.942736,-0.030389,0.020084,-10.121417,-16.119278,-6.534201,24.868008,2.116223,2.188338,0.115927,-0.333378,-0.016218,-10.121417,-16.119278,-6.534201,24.868008,2.116223,2.188338,0.115927,-0.333378,-0.016218,87.000000,87.000000,87.000000,87.000000,12.000000,12.000000,12.000000,200.000000,200.000000,0.000000,0.000000,0.000000,0.000000,0.000000,0.000000,0.000000,0.000000,0.000000
121,-2.438882,-4.952666,-1.558479,4.753837,0.950251,5.218830,-0.640581,0.272580,-0.011445,-0.057633,-2.506919,0.151645,2.819926,0.792053,0.000058,0.000100,1.024869,-0.753067,-2.145768,2.133411,2.607466,-2.611040,-2.610041,-0.003262,0.003074,-31.637569,-29.438505,1.398396,31.563461,39.262768,-0.491681,-0.029597,-0.023644,0.007316,-87.000000,-87.000000,-51.921280,87.000000,12.000000,12.000000,-12.000000,0.090985,-0.424547,-123.840111,-242.527542,-51.921280,162.031281,21.885550,234.292770,-22.749371,0.090985,-0.424547,87.000000,87.000000,87.000000,87.000000,12.000000,12.000000,12.000000,200.000000,200.000000,0.000000,0.000000,0.000000,0.000000,0.000000,0.000000,0.000000,0.000000,0.000000
122,-0.254619,-3.129931,0.664002,2.395258,-0.614964,4.116307,0.263178,0.165810,-0.053182,0.013219,-2.451022,0.075506,2.790033,0.831938,0.000101,0.000062,-2.926013,-1.349259,2.159819,2.057386,-2.392728,-2.606021,0.865706,0.001840,-0.001936,31.318600,2.414911,-0.786467,-7.090201,-3.026504,-30.456446,-16.434849,0.025311,-0.064947,-13.603879,-87.000000,19.673227,60.202850,-12.000000,12.000000,0.033546,-0.312750,-0.078455,-13.603879,-162.680435,19.673227,60.202850,-24.414055,191.546616,0.033546,-0.312750,-0.078455,87.000000,87.000000,87.000000,87.000000,12.000000,12.000000,12.000000,200.000000,200.000000,0.000000,0.000000,0.000000,0.000000,0.000000,0.000000,0.000000,0.000000,0.000000
123,-0.218397,-1.645318,-0.088132,0.723424,-0.182327,2.930037,0.651479,0.119134,-0.115923,0.033721,-2.454269,-0.001422,2.856140,0.918927,0.000028,0.000139,-1.404653,-2.167892,0.471708,-0.498571,-2.128114,2.454403,2.609873,-0.002468,0.002860,-2.371838,-0.635920,-6.542739,-29.988832,29.158072,106.495422,0.004549,-0.136235,0.149838,-14.690529,-87.000000,-7.838771,-0.213693,0.278850,12.000000,4.865562,-0.130860,-0.210298,-14.690529,-96.309715,-7.838771,-0.213693,0.278850,132.323349,4.865562,-0.130860,-0.210298,87.000000,87.000000,87.000000,87.000000,12.000000,12.000000,12.000000,200.000000,200.000000,0.000000,0.000000,0.000000,0.000000,0.000000,0.000000,0.000000,0.000000,0.000000
124,-0.193018,-0.364080,-0.016094,1.962909,-0.031992,1.409419,0.547318,0.065682,-0.182088,0.053053,-2.445069,-0.026082,2.901586,0.965385,0.000000,0.000242,-1.531911,-1.993516,0.415951,1.191133,-0.580772,-0.615991,1.017081,-0.001977,0.001934,6.883771,7.117896,-13.767052,39.211819,17.798649,1.064547,-22.929352,0.177595,-0.212829,-8.464302,-39.608326,-6.814721,48.004333,3.826263,12.000000,-0.090261,0.493685,-0.999215,-8.464302,-39.608326,-6.814721,48.004333,3.826263,71.559250,-0.090261,0.493685,-0.999215,87.000000,87.000000,87.000000,87.000000,12.000000,12.000000,12.000000,200.000000,200.000000,0.000000,0.000000,0.000000,0.000000,0.000000,0.000000,0.000000,0.000000,0.000000
125,0.999450,1.946295,0.734549,-0.443371,-0.062143,-1.105718,0.790162,0.073268,-0.229835,0.031071,-2.436436,-0.015336,2.826991,1.044377,0.000045,0.000236,0.630299,-1.032802,-0.543759,-0.585608,0.746605,-1.326231,1.830582,0.004371,0.000313,16.298328,26.745600,14.084797,-49.974380,-9.338672,-32.334286,-41.748581,0.167592,0.150866,33.355053,55.018448,29.137817,-48.887909,-4.201686,-12.000000,0.087344,-0.167476,-0.202991,33.355053,55.018448,29.137817,-48.887909,-4.201686,-27.362988,0.087344,-0.167476,-0.202991,87.000000,87.000000,87.000000,87.000000,12.000000,12.000000,12.000000,200.000000,200.000000,0.000000,0.000000,0.000000,0.000000,0.000000,0.000000,0.000000,0.000000,0.000000
126,-0.591686,0.202860,-0.207810,2.081757,0.360364,0.477391,0.411049,0.030077,-0.243890,0.065967,-2.438649,0.063508,2.899900,0.999011,0.000061,0.000144,-1.467824,-0.058888,0.911537,1.081921,1.605283,1.326754,-0.993460,-0.002926,0.001139,-2.313730,27.545864,-15.749207,52.301052,-33.287350,47.737293,24.220331,-0.274199,0.188654,-22.286695,-16.064350,-16.893074,53.283894,3.529549,12.000000,-0.178464,-0.344184,-0.126572,-22.286695,-16.064350,-16.893074,53.283894,3.529549,31.097725,-0.178464,-0.344184,-0.126572,87.000000,87.000000,87.000000,87.000000,12.000000,12.000000,12.000000,200.000000,200.000000,0.000000,0.000000,0.000000,0.000000,0.000000,0.000000,0.000000,0.000000,0.000000
127,1.038983,0.394253,0.989288,-0.019364,-0.544915,-0.365937,0.416581,0.028235,-0.259119,0.062929,-2.443552,-0.022242,2.899679,0.976027,0.000166,0.000072,0.473515,-0.841055,-0.051311,-1.098759,-2.691734,-0.291307,-0.550270,0.006210,-0.002658,23.403606,-21.601545,12.203264,-69.263489,-8.576602,-9.613356,15.733394,0.348028,-0.095939,39.390537,-7.973572,35.350483,-31.321888,-12.000000,-3.316567,0.256781,-0.166627,-0.137424,39.390537,-7.973572,35.350483,-31.321888,-13.441531,-3.316567,0.256781,-0.166627,-0.137424,87.000000,87.000000,87.000000,87.000000,12.000000,12.000000,12.000000,200.000000,200.000000,0.000000,0.000000,0.000000,0.000000,0.000000,0.000000,0.000000,0.000000,0.000000
128,-0.973989,0.233457,-0.747834,2.300657,0.537167,0.702163,0.376359,0.017909,-0.262724,0.077448,-2.452015,0.058814,2.968384,0.952334,0.000038,0.000177,-0.662948,0.331811,0.223495,1.168152,2.590174,0.571865,-0.445788,-0.004177,0.002516,-15.585003,32.560310,-18.130310,68.367241,30.810297,15.990964,3.542883,0.023242,-0.272890,-39.496212,-14.076432,-37.702942,63.757717,12.000000,12.000000,-0.538428,0.247857,-1.029606,-39.496212,-14.076432,-37.702942,63.757717,12.158998,35.147205,-0.538428,0.247857,-1.029606,87.000000,87.000000,87.000000,87.000000,12.000000,12.000000,12.000000,200.000000,200.000000,0.000000,0.000000,0.000000,0.000000,0.000000,0.000000,0.000000,0.000000,0.000000
129,0.672323,-0.085997,0.754891,0.078359,-0.440994,0.003904,0.387914,0.007225,-0.272349,0.074521,-2.462694,-0.019342,3.009641,0.945393,0.000158,0.000072,-0.024614,-0.895128,-0.030860,-1.332318,-2.658386,0.973618,-0.223551,0.007177,-0.005930,15.618338,-36.202450,8.400873,-72.350403,-0.001431,-24.652689,5.238042,0.454130,-0.439455,27.255791,-26.812880,24.807663,-25.446886,-9.024156,-1.504095,0.058405,-0.041045,-0.503200,27.255791,-26.812880,24.807663,-25.446886,-9.024156,-1.504095,0.058405,-0.041045,-0.503200,87.000000,87.000000,87.000000,87.000000,12.000000,12.000000,12.000000,200.000000,200.000000,0.000000,0.000000,0.000000,0.000000,0.000000,0.000000,0.000000,0.000000,0.000000
130,-0.182994,0.737544,0.033629,1.909900,0.282158,-0.112776,0.327160,0.001726,-0.275346,0.088062,-2.469154,0.028276,2.981557,0.924956,0.000167,0.000033,-0.157116,0.570383,0.382519,0.980556,1.845169,-1.093445,-0.364544,0.000273,-0.001714,0.354917,44.258297,-4.393252,63.429119,-6.760804,7.825183,12.179127,-0.126933,-0.050918,-7.055642,7.058639,-6.926493,49.938019,3.798944,3.338376,0.054933,-0.581316,-0.049986,-7.055642,7.058639,-6.926493,49.938019,3.798944,3.338376,0.054933,-0.581316,-0.049986,87.000000,87.000000,87.000000,87.000000,12.000000,12.000000,12.000000,200.000000,200.000000,0.000000,0.000000,0.000000,0.000000,0.000000,0.000000,0.000000,0.000000,0.000000
131,0.066553,-0.503577,0.287077,0.925912,-0.132615,0.738357,0.319716,-0.009388,-0.270803,0.098718,-2.471110,-0.003459,3.064418,0.914559,0.000217,0.000000,-0.256601,-0.391428,0.236163,-0.431658,-1.312762,2.386679,-0.280066,0.002804,-0.002177,7.372119,-30.447147,-4.298369,-36.726818,11.510031,24.063290,4.102641,0.211057,-0.148648,4.491314,-44.639500,2.735945,8.732715,-0.880279,12.000000,-0.141289,-0.267677,-0.062545,4.491314,-44.639500,2.735945,8.732715,-0.880279,22.840300,-0.141289,-0.267677,-0.062545,87.000000,87.000000,87.000000,87.000000,12.000000,12.000000,12.000000,200.000000,200.000000,0.000000,0.000000,0.000000,0.000000,0.000000,0.000000,0.000000,0.000000,0.000000
132,0.156070,0.767417,0.218415,0.995836,0.004841,-0.473840,0.286465,0.009613,-0.275704,0.088452,-2.473703,-0.011912,2.986434,0.899410,0.000182,0.000029,0.708322,0.143027,-0.312158,0.184748,0.202577,-2.609771,-0.297271,-0.003377,0.001963,-1.156261,20.855042,7.222950,6.442974,11.450998,0.154238,9.421922,-0.377921,0.287112,3.515260,8.081661,2.916648,12.608591,1.276050,-7.939686,0.127310,-0.787845,0.282206,3.515260,8.081661,2.916648,12.608591,1.276050,-7.939686,0.127310,-0.787845,0.282206,87.000000,87.000000,87.000000,87.000000,12.000000,12.000000,12.000000,200.000000,200.000000,0.000000,0.000000,0.000000,0.000000,0.000000,0.000000,0.000000,0.000000,0.000000
133,-0.607823,-0.300065,-0.327265,1.710642,0.279928,0.884237,0.262101,-0.002649,-0.267528,0.100806,-2.475191,0.043422,3.051700,0.886510,0.000051,0.000119,-0.692264,0.115202,0.260625,0.543313,1.106418,0.964244,-0.250514,-0.002546,0.002382,-10.839736,-2.771485,-14.410829,18.180851,-24.153175,36.814659,6.562462,0.149891,-0.075415,-22.878597,-36.472019,-22.625072,40.841038,3.737790,12.000000,-0.119976,0.321638,-0.534129,-22.878597,-36.472019,-22.625072,40.841038,3.737790,35.719013,-0.119976,0.321638,-0.534129,87.000000,87.000000,87.000000,87.000000,12.000000,12.000000,12.000000,200.000000,200.000000,0.000000,0.000000,0.000000,0.000000,0.000000,0.000000,0.000000,0.000000,0.000000
134,0.388740,0.210650,0.418630,0.562269,-0.190562,-0.046537,0.327400,0.004800,-0.271390,0.081358,-2.477858,-0.009761,3.037927,0.895819,0.000080,0.000094,0.461091,-0.343254,-0.594718,-0.492100,-1.511517,-0.562159,0.161070,0.000947,-0.000578,6.197998,-12.007091,9.590342,-37.040916,23.601713,5.488862,-4.993933,0.060935,-0.049479,14.298787,-15.112738,12.362846,-5.092022,-1.539568,-0.014472,-0.015205,-0.122241,-0.238147,14.298787,-15.112738,12.362846,-5.092022,-1.539568,-0.014472,-0.015205,-0.122241,-0.238147,87.000000,87.000000,87.000000,87.000000,12.000000,12.000000,12.000000,200.000000,200.000000,0.000000,0.000000,0.000000,0.000000,0.000000,0.000000,0.000000,0.000000,0.000000
135,-0.117151,0.097467,0.264302,2.091294,0.016457,0.452093,0.332408,-0.023137,-0.264268,0.106184,-2.471911,-0.014996,3.109313,0.901769,0.000079,0.000085,-0.888249,0.530484,0.836999,1.228091,-0.011412,1.959972,0.142525,0.000434,-0.000804,7.701755,21.049532,-4.452009,58.332775,0.580840,-28.681139,-3.816441,0.016403,-0.048955,-0.113511,-20.642332,-0.329161,56.464931,1.878386,5.566774,-0.165314,-0.160092,-0.202934,-0.113511,-20.642332,-0.329161,56.464931,1.878386,5.566774,-0.165314,-0.160092,-0.202934,87.000000,87.000000,87.000000,87.000000,12.000000,12.000000,12.000000,200.000000,200.000000,0.000000,0.000000,0.000000,0.000000,0.000000,0.000000,0.000000,0.000000,0.000000
136,0.222223,0.278432,0.053683,-0.140698,0.090583,-0.512852,0.211963,0.023727,-0.270574,0.067984,-2.478583,0.016120,3.029820,0.874419,0.000078,0.000081,1.542681,-0.699511,-1.287128,-1.301143,0.963347,-2.610955,-0.564236,0.000618,-0.000574,-16.042162,-30.381315,11.509394,-77.000717,-18.472286,-13.910693,16.218302,0.063447,-0.048923,1.985648,-12.585732,0.775661,-33.264076,-1.318554,-12.000000,0.254773,-0.089195,-0.207103,1.985648,-12.585732,0.775661,-33.264076,-1.318554,-13.905572,0.254773,-0.089195,-0.207103,87.000000,87.000000,87.000000,87.000000,12.000000,12.000000,12.000000,200.000000,200.000000,0.000000,0.000000,0.000000,0.000000,0.000000,0.000000,0.000000,0.000000,0.000000
137,-0.299458,0.079634,0.298497,2.653935,0.083410,0.751128,0.210176,-0.031103,-0.263300,0.118527,-2.476576,0.018638,3.092268,0.862801,0.000116,0.000051,-1.933455,0.755120,1.742383,1.737356,-0.366680,1.408044,-0.263611,0.000474,0.000031,12.249219,39.540112,-9.141361,83.180153,8.576645,93.035767,5.524649,-0.076759,0.103374,-3.649116,-20.907824,-2.647904,79.215744,3.699051,12.000000,-0.355807,-0.367215,0.045901,-3.649116,-20.907824,-2.647904,79.215744,3.699051,29.264992,-0.355807,-0.367215,0.045901,87.000000,87.000000,87.000000,87.000000,12.000000,12.000000,12.000000,200.000000,200.000000,0.000000,0.000000,0.000000,0.000000,0.000000,0.000000,0.000000,0.000000,0.000000
138,0.632932,-0.149326,0.346546,-0.290045,-0.382266,-0.041821,0.334171,0.012618,-0.269744,0.079147,-2.481920,-0.061893,3.075206,0.883888,0.000148,0.000041,1.647856,-1.016376,-1.317829,-1.600186,-2.116809,-0.788130,0.440553,-0.001267,0.002276,-2.338500,-49.372837,14.644210,-101.330437,33.738567,1.687850,-11.438256,-0.102604,0.172516,19.774553,-29.990370,11.888861,-39.581760,-2.821778,-2.441571,0.094584,-0.394840,0.059919,19.774553,-29.990370,11.888861,-39.581760,-2.821778,-2.441571,0.094584,-0.394840,0.059919,87.000000,87.000000,87.000000,87.000000,12.000000,12.000000,12.000000,200.000000,200.000000,0.000000,0.000000,0.000000,0.000000,0.000000,0.000000,0.000000,0.000000,0.000000
139,-1.275661,0.344923,-0.938621,2.872636,0.813273,0.701913,0.250455,0.003512,-0.266723,0.079718,-2.483431,-0.008352,3.158711,0.876414,0.000025,0.000164,-0.694263,0.878116,-0.398929,1.916728,-0.003428,2.568094,0.109008,0.001510,-0.002645,-8.552094,51.918953,-28.146599,110.586052,51.101868,5.777549,7.365602,0.359012,-0.448515,-49.857964,-9.731518,-44.254192,87.000000,12.000000,11.917338,-1.027727,0.408455,-0.811426,-49.857964,-9.731518,-44.254192,89.651321,39.069763,11.917338,-1.027727,0.408455,-0.811426,87.000000,87.000000,87.000000,87.000000,12.000000,12.000000,12.000000,200.000000,200.000000,0.000000,0.000000,0.000000,0.000000,0.000000,0.000000,0.000000,0.000000,0.000000
140,1.351484,0.396702,1.451901,-0.575592,-0.593462,-1.178111,0.387421,-0.006856,-0.265804,0.078432,-2.475742,-0.094602,3.095209,0.904332,0.000146,0.000043,0.164469,-0.533330,0.344379,-1.380572,-2.316251,-0.947527,0.583139,0.004037,-0.003441,26.422192,-36.170654,28.349291,-104.865036,17.294367,-11.433881,-14.610553,0.107401,-0.064506,55.666626,-9.062666,52.501938,-52.150593,-9.232468,-12.000000,0.022865,-0.371856,0.018232,55.666626,-9.062666,52.501938,-52.150593,-9.232468,-51.392944,0.022865,-0.371856,0.018232,87.000000,87.000000,87.000000,87.000000,12.000000,12.000000,12.000000,200.000000,200.000000,0.000000,0.000000,0.000000,0.000000,0.000000,0.000000,0.000000,0.000000,0.000000
141,-0.816092,-0.064232,-0.533528,2.501545,0.698339,0.617241,0.193913,-0.011880,-0.260128,0.096894,-2.489455,-0.022202,3.168683,0.872810,0.000018,0.000166,-0.435130,0.571412,0.291787,1.105850,1.315310,1.904374,-0.456042,0.001079,-0.002259,-7.649965,25.526535,-15.690253,80.899521,53.612358,-26.367586,14.474445,0.327205,-0.463548,-30.853586,-27.297682,-30.670382,75.778389,12.000000,7.855120,-1.062569,0.382668,-0.885398,-30.853586,-27.297682,-30.670382,75.778389,31.226280,7.855120,-1.062569,0.382668,-0.885398,87.000000,87.000000,87.000000,87.000000,12.000000,12.000000,12.000000,200.000000,200.000000,0.000000,0.000000,0.000000,0.000000,0.000000,0.000000,0.000000,0.000000,0.000000
142,0.234629,0.044291,0.260008,0.048593,0.024006,-0.424776,0.165817,0.004439,-0.267328,0.079807,-2.492740,0.003055,3.087474,0.848926,0.000032,0.000133,0.598723,-0.763069,-0.565854,-1.074240,0.629749,-2.610785,-0.512131,0.001768,-0.002164,-4.203397,-31.868860,6.105233,-70.157875,-16.258156,-5.282435,13.336586,0.166675,-0.173030,7.185563,-22.113390,5.878749,-24.777300,-1.929659,-12.000000,0.134528,0.101022,-0.423398,7.185563,-22.113390,5.878749,-24.777300,-1.929659,-14.419595,0.134528,0.101022,-0.423398,87.000000,87.000000,87.000000,87.000000,12.000000,12.000000,12.000000,200.000000,200.000000,0.000000,0.000000,0.000000,0.000000,0.000000,0.000000,0.000000,0.000000,0.000000
143,-0.074868,0.095305,0.439156,2.895070,-0.177103,0.793019,0.155118,-0.041991,-0.257582,0.119644,-2.474701,-0.045743,3.151922,0.836656,0.000158,0.000048,-1.344447,0.886145,1.289079,2.118381,-1.430697,2.608919,-0.379434,0.003938,-0.001284,22.982731,44.114262,-7.790100,83.150490,40.119370,140.050186,3.902060,0.159188,0.015241,5.169839,-20.809067,4.210664,87.000000,2.734763,12.000000,-0.177838,-0.276954,-0.020302,5.169839,-20.809067,4.210664,87.890167,2.734763,24.759882,-0.177838,-0.276954,-0.020302,87.000000,87.000000,87.000000,87.000000,12.000000,12.000000,12.000000,200.000000,200.000000,0.000000,0.000000,0.000000,0.000000,0.000000,0.000000,0.000000,0.000000,0.000000
144,0.318263,0.168998,-0.005394,-1.021836,0.199804,-0.608143,0.283416,0.022537,-0.269875,0.072578,-2.491452,0.019781,3.083493,0.855588,0.000262,0.000020,2.124773,-1.179985,-1.647341,-2.167070,2.088657,-2.606776,0.596957,0.002446,0.000162,-7.777948,-51.622952,0.161955,-103.565117,-29.852369,-115.308853,-5.908391,-0.204341,0.343251,4.822736,-17.070631,-1.626771,-66.801506,-0.873382,-12.000000,0.182980,-1.089749,0.555911,4.822736,-17.070631,-1.626771,-66.801506,-0.873382,-28.703903,0.182980,-1.089749,0.555911,87.000000,87.000000,87.000000,87.000000,12.000000,12.000000,12.000000,200.000000,200.000000,0.000000,0.000000,0.000000,0.000000,0.000000,0.000000,0.000000,0.000000,0.000000
145,-0.664681,0.445424,0.000544,3.251192,0.171784,0.643403,0.232378,-0.023741,-0.264224,0.112953,-2.496100,0.036336,3.138260,0.858960,0.000273,0.000007,-1.643414,0.992002,1.273732,1.586354,0.268277,2.607671,-0.076744,-0.006270,0.001309,1.754887,61.497505,-10.678832,111.794609,-10.032689,93.773041,-1.483000,-0.742622,0.446244,-20.258030,-5.527188,-12.975677,87.000000,2.431149,12.000000,0.114915,-1.325039,0.612847,-20.258030,-5.527188,-12.975677,107.107124,2.431149,16.551941,0.114915,-1.325039,0.612847,87.000000,87.000000,87.000000,87.000000,12.000000,12.000000,12.000000,200.000000,200.000000,0.000000,0.000000,0.000000,0.000000,0.000000,0.000000,0.000000,0.000000,0.000000
146,0.889384,-0.475909,0.849659,0.347562,-0.499215,0.081286,0.249602,-0.005908,-0.262184,0.097797,-2.481303,-0.048317,3.116127,0.862820,0.000229,0.000036,0.983598,-0.703926,-0.445047,-0.498091,-2.580514,-1.065030,0.059795,-0.000933,0.002161,4.176914,-45.356087,23.533154,-70.367882,2.061639,1.772418,-0.424354,0.105798,0.082126,33.680187,-44.254696,28.689308,-15.287941,-9.109459,-0.095941,0.054803,-0.240371,-0.107200,33.680187,-44.254696,28.689308,-15.287941,-9.109459,-0.095941,0.054803,-0.240371,-0.107200,87.000000,87.000000,87.000000,87.000000,12.000000,12.000000,12.000000,200.000000,200.000000,0.000000,0.000000,0.000000,0.000000,0.000000,0.000000,0.000000,0.000000,0.000000
147,-1.331361,0.747294,-1.229734,1.621901,0.951360,0.191257,0.257234,0.016554,-0.263114,0.074988,-2.482608,0.000968,3.109174,0.865863,0.000000,0.000222,-0.081422,0.461179,-0.998560,0.901812,-0.332530,-0.408055,0.320734,0.000002,0.000064,-41.605545,32.249657,-13.069217,41.709980,16.887026,5.166687,-3.090770,0.335118,-0.387954,-56.562248,6.070817,-53.150204,38.303169,12.000000,3.662455,-1.041323,0.424114,-1.023312,-56.562248,6.070817,-53.150204,38.303169,42.602566,3.662455,-1.041323,0.424114,-1.023312,87.000000,87.000000,87.000000,87.000000,12.000000,12.000000,12.000000,200.000000,200.000000,0.000000,0.000000,0.000000,0.000000,0.000000,0.000000,0.000000,0.000000,0.000000
148,1.226106,-0.273415,1.584917,1.129163,-0.489222,-0.076692,0.437497,-0.028776,-0.259465,0.106242,-2.459572,-0.079723,3.043804,0.912063,0.000161,0.000031,-0.901493,-0.177540,1.369880,0.542138,-2.255198,-1.742173,0.973244,0.003380,-0.003332,43.363121,-15.139503,15.951539,-20.324238,15.322937,32.624722,-24.551052,-0.158968,0.207188,56.148438,-36.047028,52.229214,14.333382,-6.402493,2.979388,-0.191340,-0.801932,0.482649,56.148438,-36.047028,52.229214,14.333382,-6.402493,2.979388,-0.191340,-0.801932,0.482649,87.000000,87.000000,87.000000,87.000000,12.000000,12.000000,12.000000,200.000000,200.000000,0.000000,0.000000,0.000000,0.000000,0.000000,0.000000,0.000000,0.000000,0.000000
149,-0.938043,0.112699,-1.144760,0.821760,0.688530,0.568969,0.406380,0.031183,-0.266041,0.056732,-2.482433,-0.001761,3.127358,0.925721,0.000000,0.000284,1.524213,-0.400740,-1.966977,-0.878748,2.139831,2.618605,0.484780,-0.003413,0.007088,-40.656136,-12.232881,-3.750937,-22.868731,45.830666,-0.103827,-8.638371,0.162198,0.041130,-46.279564,-19.335440,-45.299694,7.455305,12.000000,8.527562,-0.515968,0.495378,-0.902316,-46.279564,-19.335440,-45.299694,7.455305,25.550774,8.527562,-0.515968,0.495378,-0.902316,87.000000,87.000000,87.000000,87.000000,12.000000,12.000000,12.000000,200.000000,200.000000,0.000000,0.000000,0.000000,0.000000,0.000000,0.000000,0.000000,0.000000,0.000000
150,0.917602,0.804132,1.554589,1.433048,-0.457663,-1.017981,0.200355,-0.037953,-0.264844,0.114744,-2.470818,-0.078192,3.042103,0.888517,0.000045,0.000263,-1.703929,0.536035,2.175387,1.060680,-2.405894,-2.610987,-0.940805,0.002263,-0.001270,56.557415,32.870090,0.244989,33.352650,8.483075,-0.047178,19.896605,-0.003823,-0.093226,47.545113,8.303827,47.191677,29.064909,-5.209499,-12.000000,-0.096707,-0.238295,-0.636085,47.545113,8.303827,47.191677,29.064909,-5.209499,-34.164795,-0.096707,-0.238295,-0.636085,87.000000,87.000000,87.000000,87.000000,12.000000,12.000000,12.000000,200.000000,200.000000,0.000000,0.000000,0.000000,0.000000,0.000000,0.000000,0.000000,0.000000,0.000000
151,-0.525382,-0.621102,-0.750584,1.288370,0.439085,1.041172,0.224713,0.023874,-0.257507,0.075447,-2.475027,0.005177,3.112941,0.869343,0.000000,0.000383,1.932692,-0.310568,-1.756965,-0.190710,2.602532,1.336354,-0.325976,-0.000489,-0.000514,-28.817774,-30.019642,-7.617352,-19.184326,0.391245,21.495108,8.614291,0.480083,-0.692667,-29.675650,-50.563381,-31.850647,23.800444,10.358170,12.000000,0.084435,0.849044,-1.915310,-29.675650,-50.563381,-31.850647,23.800444,10.358170,34.710217,0.084435,0.849044,-1.915310,87.000000,87.000000,87.000000,87.000000,12.000000,12.000000,12.000000,200.000000,200.000000,0.000000,0.000000,0.000000,0.000000,0.000000,0.000000,0.000000,0.000000,0.000000
152,0.096955,0.307549,0.697105,1.114516,-0.185747,-0.072998,0.304253,-0.033434,-0.268750,0.123321,-2.470220,-0.031446,3.056727,0.882331,0.000006,0.000267,-1.807119,-0.269863,1.720315,0.311226,-1.134040,-1.688612,0.216300,0.000872,-0.004247,26.527775,7.711819,-8.410913,-2.465742,19.797205,29.585930,-6.916995,0.114855,-0.117687,12.818707,-10.519398,13.007604,16.227049,-0.829459,1.788445,-0.119952,0.104194,-0.474684,12.818707,-10.519398,13.007604,16.227049,-0.829459,1.788445,-0.119952,0.104194,-0.474684,87.000000,87.000000,87.000000,87.000000,12.000000,12.000000,12.000000,200.000000,200.000000,0.000000,0.000000,0.000000,0.000000,0.000000,0.000000,0.000000,0.000000,0.000000
153,0.005299,0.376147,-0.252809,1.120238,0.135706,0.250708,0.400831,0.026916,-0.266595,0.074393,-2.475822,0.003217,3.092476,0.909778,0.000000,0.000230,2.049966,0.150921,-1.824696,0.025491,0.998676,1.031038,0.663465,-0.001349,0.001887,-20.628002,5.514424,7.941312,5.051092,-21.591656,-18.130144,-14.388999,-0.014749,0.157823,-8.572838,-9.197744,-10.754161,18.082026,1.213398,1.923926,-0.070011,0.086237,-0.342436,-8.572838,-9.197744,-10.754161,18.082026,1.213398,1.923926,-0.070011,0.086237,-0.342436,87.000000,87.000000,87.000000,87.000000,12.000000,12.000000,12.000000,200.000000,200.000000,0.000000,0.000000,0.000000,0.000000,0.000000,0.000000,0.000000,0.000000,0.000000
154,-0.321958,0.307965,0.286983,1.145301,0.035468,-0.154758,0.315752,-0.026545,-0.264686,0.117891,-2.468873,0.004244,3.026494,0.905412,0.000002,0.000202,-1.946934,0.086560,1.575545,0.361687,0.106516,-1.987107,-0.125675,0.000634,-0.002293,8.281301,5.227357,-9.044107,-2.689883,7.308714,30.528135,3.524287,0.078025,-0.080771,-5.125514,-11.923903,-2.628486,17.203501,1.205413,1.748734,0.013917,0.066636,-0.404714,-5.125514,-11.923903,-2.628486,17.203501,1.205413,1.748734,0.013917,0.066636,-0.404714,87.000000,87.000000,87.000000,87.000000,12.000000,12.000000,12.000000,200.000000,200.000000,0.000000,0.000000,0.000000,0.000000,0.000000,0.000000,0.000000,0.000000,0.000000
155,0.492689,-0.279226,0.396711,1.489621,-0.323887,0.683999,0.322057,0.001551,-0.257337,0.089300,-2.467464,-0.062853,3.105541,0.905028,0.000198,0.000009,1.291849,0.080630,-1.053341,0.290410,-2.044474,2.609818,-0.058051,0.006100,-0.004477,6.376633,-6.482613,10.737876,1.856262,32.442352,54.694164,-1.304240,0.275855,-0.120237,16.570473,-36.624569,12.087299,31.275705,-0.614635,12.000000,-0.180961,-0.325085,0.053265,16.570473,-36.624569,12.087299,31.275705,-0.614635,18.563450,-0.180961,-0.325085,0.053265,87.000000,87.000000,87.000000,87.000000,12.000000,12.000000,12.000000,200.000000,200.000000,0.000000,0.000000,0.000000,0.000000,0.000000,0.000000,0.000000,0.000000,0.000000
156,-0.569854,0.238312,-0.342091,0.387849,0.365342,-0.308670,0.255339,0.004893,-0.273482,0.089434,-2.485649,0.009711,3.034045,0.885370,0.000195,0.000001,-0.297394,-0.786243,0.031812,-1.072209,2.593736,-2.610833,-0.354610,0.001432,-0.001166,-19.363001,-14.891012,-6.187160,-42.717804,0.710578,0.026307,8.960489,-0.091763,0.068554,-23.574957,-12.828020,-21.209091,-10.209618,6.944993,-5.147052,0.121933,-0.659503,0.190467,-23.574957,-12.828020,-21.209091,-10.209618,6.944993,-5.147052,0.121933,-0.659503,0.190467,87.000000,87.000000,87.000000,87.000000,12.000000,12.000000,12.000000,200.000000,200.000000,0.000000,0.000000,0.000000,0.000000,0.000000,0.000000,0.000000,0.000000,0.000000
157,0.372921,0.301804,0.762884,2.617675,-0.309700,0.569151,0.285967,-0.032399,-0.261564,0.116207,-2.469183,-0.051848,3.096081,0.888062,0.000388,0.000000,-0.841156,1.068906,0.899713,2.090184,-2.300153,2.612224,-0.037881,0.001894,-0.001514,28.417381,48.554417,1.097320,82.406540,15.941204,118.680054,-1.606043,-0.316329,0.246490,21.323460,-12.515621,18.944523,76.309250,-1.097050,12.000000,-0.322195,-1.424735,0.562253,21.323460,-12.515621,18.944523,76.309250,-1.097050,18.795183,-0.322195,-1.424735,0.562253,87.000000,87.000000,87.000000,87.000000,12.000000,12.000000,12.000000,200.000000,200.000000,0.000000,0.000000,0.000000,0.000000,0.000000,0.000000,0.000000,0.000000,0.000000
158,0.060362,0.155875,-0.321383,-1.189841,0.295713,-0.663784,0.279242,0.043944,-0.270241,0.056268,-2.491636,0.016623,3.030551,0.880835,0.000307,0.000023,2.396145,-1.033295,-2.087095,-2.192266,2.487688,-2.609244,0.004025,-0.003495,0.000860,-15.776581,-47.432606,-0.169201,-88.645500,-5.305867,-127.916885,5.873035,-0.371630,0.414742,-8.416319,-17.744070,-11.805329,-72.622726,3.376937,-12.000000,0.249251,-1.087820,0.605229,-8.416319,-17.744070,-11.805329,-72.622726,3.376937,-27.462841,0.249251,-1.087820,0.605229,87.000000,87.000000,87.000000,87.000000,12.000000,12.000000,12.000000,200.000000,200.000000,0.000000,0.000000,0.000000,0.000000,0.000000,0.000000,0.000000,0.000000,0.000000
159,-0.547381,-0.196368,0.234352,3.803079,0.013498,1.214393,0.122158,-0.016236,-0.270854,0.103402,-2.491795,0.002769,3.053857,0.845883,0.000277,0.000035,-2.001750,0.252600,1.549211,1.502711,-0.608881,-0.911386,-0.975364,-0.006536,0.002098,4.089102,33.432251,-4.185440,102.133636,-1.709869,-0.113297,17.311970,-0.626780,0.507122,-15.070862,-30.133749,-3.227533,87.000000,1.568249,12.000000,0.264142,-1.128139,0.635440,-15.070862,-30.133749,-3.227533,128.589752,1.568249,51.923248,0.264142,-1.128139,0.635440,87.000000,87.000000,87.000000,87.000000,12.000000,12.000000,12.000000,200.000000,200.000000,0.000000,0.000000,0.000000,0.000000,0.000000,0.000000,0.000000,0.000000,0.000000
160,0.912496,0.215804,0.653367,0.450314,-0.336353,0.302374,0.463812,0.015815,-0.265853,0.077802,-2.481487,-0.059407,3.114771,0.906328,0.000251,0.000000,1.282624,-0.142292,-0.687532,-0.239627,-1.719834,1.678192,1.330773,-0.002426,-0.000144,0.025392,-17.738026,24.253023,-42.207226,19.440678,-28.951054,-33.251148,-0.037342,-0.008967,31.800661,-16.209034,23.133593,-10.244340,-3.092081,-0.091793,-0.146778,-0.407029,-0.001817,31.800661,-16.209034,23.133593,-10.244340,-3.092081,-0.091793,-0.146778,-0.407029,-0.001817,87.000000,87.000000,87.000000,87.000000,12.000000,12.000000,12.000000,200.000000,200.000000,0.000000,0.000000,0.000000,0.000000,0.000000,0.000000,0.000000,0.000000,0.000000
161,-1.382567,0.675033,-1.136974,1.204378,0.916673,-0.163560,0.357947,0.017208,-0.264624,0.072198,-2.480311,-0.003014,3.047345,0.912427,0.000010,0.000162,-0.343027,0.288979,-0.709129,0.492383,0.713614,-2.525141,0.336364,-0.001436,0.001261,-7.794431,18.593081,-36.992012,10.081845,65.725426,4.301004,-3.909945,0.121504,-0.050045,-56.121918,2.972027,-51.320408,20.737997,12.000000,-0.215005,-0.813667,0.151351,-0.412751,-56.121918,2.972027,-51.320408,20.737997,41.172104,-0.215005,-0.813667,0.151351,-0.412751,87.000000,87.000000,87.000000,87.000000,12.000000,12.000000,12.000000,200.000000,200.000000,0.000000,0.000000,0.000000,0.000000,0.000000,0.000000,0.000000,0.000000,0.000000
162,1.386540,-0.889418,1.848258,1.947947,-0.740044,0.711009,0.354506,-0.043774,-0.257897,0.121522,-2.462907,-0.077464,3.115252,0.917910,0.000354,0.000000,-1.286224,-0.076364,1.930254,0.957694,-2.420208,2.611470,0.059968,0.006560,-0.001674,51.768826,-12.330812,13.253982,10.852224,-10.938834,123.082741,3.388538,-0.227245,0.428160,65.236618,-60.885441,59.913338,47.935738,-12.000000,12.000000,0.115602,-1.487426,0.880998,65.236618,-60.885441,59.913338,47.935738,-17.606234,23.330563,0.115602,-1.487426,0.880998,87.000000,87.000000,87.000000,87.000000,12.000000,12.000000,12.000000,200.000000,200.000000,0.000000,0.000000,0.000000,0.000000,0.000000,0.000000,0.000000,0.000000,0.000000
163,-0.366182,0.997784,-0.844893,-0.601549,0.546759,-0.791683,0.298155,0.045636,-0.272112,0.060753,-2.486289,-0.003440,3.051876,0.900907,0.000269,0.000052,2.537697,-0.590985,-2.189375,-1.923797,2.586735,-1.233581,-0.255815,-0.006446,0.002718,-41.541809,-7.734630,0.408125,-72.337471,0.214148,-39.149315,7.380827,-0.737007,0.556110,-27.624069,17.334360,-32.720188,-48.905357,12.000000,-12.000000,0.184664,-1.422608,0.655039,-27.624069,17.334360,-32.720188,-48.905357,15.031656,-33.483376,0.184664,-1.422608,0.655039,87.000000,87.000000,87.000000,87.000000,12.000000,12.000000,12.000000,200.000000,200.000000,0.000000,0.000000,0.000000,0.000000,0.000000,0.000000,0.000000,0.000000,0.000000
164,-0.782252,-0.188321,-0.006427,3.468423,0.322387,0.912673,0.152966,-0.004683,-0.261624,0.100737,-2.481740,0.056952,3.109580,0.862949,0.000200,0.000004,-1.703246,0.645186,1.180257,1.676286,1.394706,0.922570,-0.968291,-0.005392,0.000148,1.790757,34.470570,-13.258065,99.554993,-32.928497,40.996494,20.748466,-0.337348,0.168679,-26.311729,-31.612549,-12.163527,87.000000,2.654654,12.000000,0.309858,-0.542800,0.262457,-26.311729,-31.612549,-12.163527,113.679680,2.654654,32.410797,0.309858,-0.542800,0.262457,87.000000,87.000000,87.000000,87.000000,12.000000,12.000000,12.000000,200.000000,200.000000,0.000000,0.000000,0.000000,0.000000,0.000000,0.000000,0.000000,0.000000,0.000000
165,0.756393,-0.135279,0.638737,-0.203522,-0.513145,-0.048437,0.301639,0.014107,-0.269340,0.072544,-2.482377,-0.027518,3.079346,0.877054,0.000168,0.000036,1.055214,-0.985032,-0.965419,-1.354151,-2.640902,-1.045392,0.282823,-0.000929,0.001115,9.274266,-44.797073,13.909814,-94.209572,1.464686,7.572941,-5.765218,0.091505,-0.004240,26.887918,-29.277189,23.086006,-36.334084,-11.209177,-2.009031,0.095249,-0.136521,-0.159332,26.887918,-29.277189,23.086006,-36.334084,-11.209177,-2.009031,0.095249,-0.136521,-0.159332,87.000000,87.000000,87.000000,87.000000,12.000000,12.000000,12.000000,200.000000,200.000000,0.000000,0.000000,0.000000,0.000000,0.000000,0.000000,0.000000,0.000000,0.000000
166,-0.659480,0.593367,-0.328722,2.542287,0.536985,0.283755,0.236136,-0.002629,-0.265762,0.092297,-2.477691,0.051596,3.091650,0.867808,0.000026,0.000173,-0.831437,0.914529,0.626083,1.842152,2.763452,0.330588,-0.133835,-0.000849,0.001061,-6.713347,52.437904,-9.099633,95.700653,40.334541,3.385005,-6.770385,0.130883,-0.180327,-24.387640,0.082840,-22.630943,75.445763,12.000000,6.462653,-0.849175,0.198788,-0.714561,-24.387640,0.082840,-22.630943,75.445763,12.641266,6.462653,-0.849175,0.198788,-0.714561,87.000000,87.000000,87.000000,87.000000,12.000000,12.000000,12.000000,200.000000,200.000000,0.000000,0.000000,0.000000,0.000000,0.000000,0.000000,0.000000,0.000000,0.000000
167,1.032357,0.097339,1.120077,-0.487652,-0.735566,-0.460369,0.310860,-0.001364,-0.267939,0.093299,-2.479115,-0.023397,3.007541,0.882311,0.000087,0.000102,0.554410,-0.803540,0.134030,-1.579471,-2.061806,-2.621262,0.119590,-0.000053,-0.001253,17.102518,-43.121513,12.204962,-101.868279,-82.367447,0.177283,-3.084244,0.004767,-0.177047,40.801498,-20.466154,37.636116,-47.726162,-12.000000,-9.039075,0.914102,-0.121499,-0.476508,40.801498,-20.466154,37.636116,-47.726162,-28.229675,-9.039075,0.914102,-0.121499,-0.476508,87.000000,87.000000,87.000000,87.000000,12.000000,12.000000,12.000000,200.000000,200.000000,0.000000,0.000000,0.000000,0.000000,0.000000,0.000000,0.000000,0.000000,0.000000
168,-1.408461,-0.209884,-1.120704,3.337374,0.712931,1.549698,0.281692,-0.003097,-0.267872,0.099004,-2.481859,0.044065,3.010981,0.881792,0.000003,0.000312,-0.329053,0.258436,-0.436485,1.637700,1.435992,-2.571829,0.139103,0.000165,-0.000191,-8.213579,30.240288,-34.982323,94.897812,91.218391,-1.508174,-1.115735,0.416220,-0.782024,-55.639397,-31.163038,-53.403290,87.000000,12.000000,12.000000,-0.640307,0.677188,-1.936631,-55.639397,-31.163038,-53.403290,107.960686,28.544399,74.417847,-0.640307,0.677188,-1.936631,87.000000,87.000000,87.000000,87.000000,12.000000,12.000000,12.000000,200.000000,200.000000,0.000000,0.000000,0.000000,0.000000,0.000000,0.000000,0.000000,0.000000,0.000000
169,1.144220,0.233173,1.212907,0.416522,-0.730311,0.207020,0.594926,-0.000874,-0.261696,0.088394,-2.468971,-0.030790,3.065493,0.956261,0.000134,0.000087,0.426098,-0.097911,0.029338,-0.235576,-2.150287,1.834294,1.562209,-0.001602,0.000004,14.032199,-16.818970,23.690342,-41.396683,-63.348267,-30.428551,-36.489407,-0.473226,0.506542,45.394768,-15.906623,42.714516,-12.506524,-12.000000,-0.580364,0.527825,-0.926209,0.604628,45.394768,-15.906623,42.714516,-12.506524,-25.750839,-0.580364,0.527825,-0.926209,0.604628,87.000000,87.000000,87.000000,87.000000,12.000000,12.000000,12.000000,200.000000,200.000000,0.000000,0.000000,0.000000,0.000000,0.000000,0.000000,0.000000,0.000000,0.000000
170,-0.729774,0.195611,-0.563712,1.091426,0.487702,-0.007802,0.301643,0.009853,-0.268302,0.088462,-2.483823,0.047154,3.050115,0.924227,0.000043,0.000135,0.045289,-0.244517,-0.188367,-0.296083,2.660242,-0.932064,-0.656055,-0.000436,0.000480,-19.750523,0.422686,-11.778684,-1.098744,2.260909,-1.207741,16.141211,0.078977,-0.003876,-31.262968,-15.514318,-29.756727,18.091387,8.764253,1.099311,0.083862,0.053666,-0.301186,-31.262968,-15.514318,-29.756727,18.091387,8.764253,1.099311,0.083862,0.053666,-0.301186,87.000000,87.000000,87.000000,87.000000,12.000000,12.000000,12.000000,200.000000,200.000000,0.000000,0.000000,0.000000,0.000000,0.000000,0.000000,0.000000,0.000000,0.000000
171,0.444352,-0.080464,0.802952,1.924971,-0.517104,0.404095,0.183763,-0.024239,-0.262667,0.113535,-2.471372,-0.026271,3.103014,0.883301,0.000379,0.000000,-0.802998,0.335693,0.891462,1.179720,-2.491716,1.651058,-0.984491,0.012166,-0.005723,22.478180,11.266004,2.761352,42.598465,-2.573218,-16.574978,22.326468,0.366281,-0.059141,23.056513,-27.925335,20.886717,48.996395,-12.000000,5.728137,-0.130431,-0.943250,0.414031,23.056513,-27.925335,20.886717,48.996395,-12.110729,5.728137,-0.130431,-0.943250,0.414031,87.000000,87.000000,87.000000,87.000000,12.000000,12.000000,12.000000,200.000000,200.000000,0.000000,0.000000,0.000000,0.000000,0.000000,0.000000,0.000000,0.000000,0.000000
172,-0.496088,0.461413,-0.764713,-0.216113,0.495113,-0.256978,0.335567,0.040380,-0.271772,0.057173,-2.486472,0.045223,3.042572,0.891764,0.000356,0.000000,1.824188,-0.717077,-2.038373,-1.520242,2.549557,-2.244321,0.311831,-0.002372,-0.001075,-39.960712,-23.790649,5.799093,-76.904846,3.293938,15.738286,-5.415598,-0.389309,0.072599,-30.294003,-4.724911,-29.316904,-35.056782,9.549081,-3.703357,0.199354,-1.240180,0.228543,-30.294003,-4.724911,-29.316904,-35.056782,9.549081,-3.703357,0.199354,-1.240180,0.228543,87.000000,87.000000,87.000000,87.000000,12.000000,12.000000,12.000000,200.000000,200.000000,0.000000,0.000000,0.000000,0.000000,0.000000,0.000000,0.000000,0.000000,0.000000
173,0.165241,0.073112,0.942203,3.221797,-0.380489,0.655843,0.160934,-0.038947,-0.260748,0.116260,-2.473648,-0.021855,3.095506,0.862720,0.000476,0.000010,-2.436182,0.942065,2.165773,1.979006,-2.529644,2.587153,-0.765384,-0.003252,0.000494,30.805876,47.708054,-0.097818,92.374611,4.309144,152.871506,19.670584,-0.734873,0.507832,18.072561,-21.385355,22.611200,87.000000,-6.107538,12.000000,-0.050389,-1.931882,0.796944,18.072561,-21.385355,22.611200,101.789764,-6.107538,24.559772,-0.050389,-1.931882,0.796944,87.000000,87.000000,87.000000,87.000000,12.000000,12.000000,12.000000,200.000000,200.000000,0.000000,0.000000,0.000000,0.000000,0.000000,0.000000,0.000000,0.000000,0.000000
174,0.582467,-0.238753,0.222851,-0.566073,-0.070473,-0.082948,0.348794,0.012614,-0.273082,0.079089,-2.492750,-0.022686,3.075863,0.885378,0.000419,0.000000,1.822688,-1.318986,-1.287584,-2.145470,0.293352,-1.323944,0.623857,-0.006444,-0.001103,-4.822583,-56.518414,7.951962,-108.735405,1.209544,-18.358969,-7.889521,-0.598159,0.405531,17.162239,-32.933941,6.484034,-48.809929,-1.585765,-3.799247,0.262429,-1.464543,0.786220,17.162239,-32.933941,6.484034,-48.809929,-1.585765,-3.799247,0.262429,-1.464543,0.786220,87.000000,87.000000,87.000000,87.000000,12.000000,12.000000,12.000000,200.000000,200.000000,0.000000,0.000000,0.000000,0.000000,0.000000,0.000000,0.000000,0.000000,0.000000
175,-0.958137,0.742621,-0.461097,3.178170,0.359531,0.451660,0.249633,-0.013627,-0.268491,0.105009,-2.493821,0.036376,3.119039,0.877233,0.000133,0.000108,-1.075633,1.124894,0.642367,1.881279,1.793055,1.690013,-0.285454,-0.008917,0.006650,-3.601348,68.032135,-24.164148,131.401733,-37.172268,-30.718222,4.983564,-0.127079,0.352054,-34.667747,6.665246,-29.869144,87.000000,4.118256,4.782708,0.313524,0.125098,-0.126504,-34.667747,6.665246,-29.869144,104.390442,4.118256,4.782708,0.313524,0.125098,-0.126504,87.000000,87.000000,87.000000,87.000000,12.000000,12.000000,12.000000,200.000000,200.000000,0.000000,0.000000,0.000000,0.000000,0.000000,0.000000,0.000000,0.000000,0.000000
176,0.863966,-0.051910,0.879379,0.045815,-0.626172,-0.293529,0.233573,-0.003979,-0.259275,0.089631,-2.471049,-0.047114,3.040274,0.868887,0.000075,0.000148,0.747533,-0.384661,-0.436291,-0.440218,-2.634448,-2.611136,-0.234383,-0.001754,0.002634,12.451968,-38.838085,15.239851,-79.931427,-30.122005,0.451283,13.202312,0.120162,-0.038904,33.604988,-28.005342,30.014231,-28.859905,-12.000000,-5.009110,0.580142,0.161682,-0.552938,33.604988,-28.005342,30.014231,-28.859905,-16.269489,-5.009110,0.580142,0.161682,-0.552938,87.000000,87.000000,87.000000,87.000000,12.000000,12.000000,12.000000,200.000000,200.000000,0.000000,0.000000,0.000000,0.000000,0.000000,0.000000,0.000000,0.000000,0.000000
177,-0.850674,-0.181628,-0.629867,2.147459,0.575426,1.000920,0.227930,-0.000628,-0.257899,0.091373,-2.476701,0.033055,3.101505,0.860967,0.000007,0.000302,-0.292341,0.158089,-0.065819,0.903216,2.614926,0.698536,-0.103593,0.000455,-0.001089,-15.180963,13.849741,-10.533798,43.540005,79.356903,60.801270,-10.116560,0.418753,-0.664215,-34.015789,-31.643648,-32.883209,58.866848,12.000000,12.000000,-0.945375,0.652389,-1.667220,-34.015789,-31.643648,-32.883209,58.866848,18.832901,38.962215,-0.945375,0.652389,-1.667220,87.000000,87.000000,87.000000,87.000000,12.000000,12.000000,12.000000,200.000000,200.000000,0.000000,0.000000,0.000000,0.000000,0.000000,0.000000,0.000000,0.000000,0.000000
178,0.991209,0.272824,1.143757,0.034391,-0.731967,-0.392165,0.332287,-0.008903,-0.269625,0.094808,-2.478459,-0.044519,3.018526,0.884526,0.000069,0.000151,0.165501,-0.731798,0.296344,-0.935352,-2.547895,-2.611797,0.433843,0.001755,-0.004206,20.177248,-20.516115,11.851818,-61.868130,-83.509247,0.529246,-2.302903,0.133377,-0.229512,41.000248,-12.212996,38.040520,-26.347662,-12.000000,-7.202693,0.685234,-0.023916,-0.456206,41.000248,-12.212996,38.040520,-26.347662,-24.571232,-7.202693,0.685234,-0.023916,-0.456206,87.000000,87.000000,87.000000,87.000000,12.000000,12.000000,12.000000,200.000000,200.000000,0.000000,0.000000,0.000000,0.000000,0.000000,0.000000,0.000000,0.000000,0.000000
179,-1.081668,-0.117198,-0.957317,2.691415,0.702717,1.236535,0.232121,0.004770,-0.269133,0.086845,-2.474101,0.019392,3.045788,0.871520,0.000000,0.000316,-0.067909,0.348588,-0.575722,1.957492,0.601437,-1.871422,0.024529,-0.000911,-0.000339,-23.660326,28.751516,-13.372213,80.120354,77.765503,29.628609,4.307931,0.269508,-0.594277,-44.601669,-27.780022,-44.389984,79.467613,12.000000,12.000000,-1.411240,0.540250,-1.589952,-44.601669,-27.780022,-44.389984,79.467613,32.298908,59.430580,-1.411240,0.540250,-1.589952,87.000000,87.000000,87.000000,87.000000,12.000000,12.000000,12.000000,200.000000,200.000000,0.000000,0.000000,0.000000,0.000000,0.000000,0.000000,0.000000,0.000000,0.000000
180,0.911242,0.282279,0.930699,-0.169226,-0.418530,-0.127853,0.596673,0.011017,-0.273367,0.071017,-2.466366,-0.057277,3.023179,0.949368,0.000102,0.000100,0.431998,-0.621775,-0.191529,-0.971340,-2.173115,-0.417957,1.787282,0.002131,-0.003680,13.460290,-29.245407,22.368814,-85.462540,28.527874,12.261598,-43.111923,-0.067418,0.149164,35.166649,-12.332609,33.352375,-36.769550,-4.812603,-2.021308,-0.055703,-0.465429,0.262366,35.166649,-12.332609,33.352375,-36.769550,-4.812603,-2.021308,-0.055703,-0.465429,0.262366,87.000000,87.000000,87.000000,87.000000,12.000000,12.000000,12.000000,200.000000,200.000000,0.000000,0.000000,0.000000,0.000000,0.000000,0.000000,0.000000,0.000000,0.000000
181,-0.751026,0.325267,-0.486037,2.320214,0.445864,0.373102,0.344622,0.000124,-0.267675,0.086462,-2.468008,0.026120,3.083861,0.931910,0.000000,0.000212,-0.590776,0.706785,0.336963,1.321472,2.746042,1.542149,-0.343814,-0.003274,0.004417,-10.896484,34.958725,-14.228072,77.693901,-1.515012,-26.098028,7.793514,-0.054614,0.184505,-29.130379,-10.935277,-28.023415,66.158905,8.313763,5.684942,-0.131276,0.154444,-0.399718,-29.130379,-10.935277,-28.023415,66.158905,8.313763,5.684942,-0.131276,0.154444,-0.399718,87.000000,87.000000,87.000000,87.000000,12.000000,12.000000,12.000000,200.000000,200.000000,0.000000,0.000000,0.000000,0.000000,0.000000,0.000000,0.000000,0.000000,0.000000
182,0.876277,-0.169948,1.029813,0.003428,-0.576285,-0.216971,0.378623,-0.009380,-0.274614,0.092613,-2.468708,-0.053769,3.024757,0.932440,0.000015,0.000213,0.134360,-0.890086,0.280568,-1.174027,-2.619439,-1.851434,-0.052112,0.000709,-0.000033,22.064953,-39.595112,9.768670,-82.698776,-27.467049,19.114000,8.643395,0.113271,-0.158476,36.682446,-30.201593,33.596149,-28.955154,-12.000000,-1.636406,0.544719,0.106274,-0.710938,36.682446,-30.201593,33.596149,-28.955154,-13.612790,-1.636406,0.544719,0.106274,-0.710938,87.000000,87.000000,87.000000,87.000000,12.000000,12.000000,12.000000,200.000000,200.000000,0.000000,0.000000,0.000000,0.000000,0.000000,0.000000,0.000000,0.000000,0.000000
183,-1.221443,0.462425,-1.222408,2.190467,0.896187,0.564878,0.270402,0.016950,-0.272310,0.066149,-2.483166,-0.000989,3.107110,0.905794,0.000041,0.000283,0.233949,0.676294,-1.234589,0.976035,-0.240888,2.629278,-0.314896,0.002482,-0.005041,-36.004650,37.851547,-14.325116,72.922768,31.575291,-0.149860,12.610380,0.391407,-0.755846,-52.695431,-4.860132,-51.613766,62.707325,12.000000,9.940558,-1.153789,0.404179,-1.440778,-52.695431,-4.860132,-51.613766,62.707325,41.270786,9.940558,-1.153789,0.404179,-1.440778,87.000000,87.000000,87.000000,87.000000,12.000000,12.000000,12.000000,200.000000,200.000000,0.000000,0.000000,0.000000,0.000000,0.000000,0.000000,0.000000,0.000000,0.000000
184,1.563172,-0.180935,1.936077,0.405323,-0.611623,-0.636809,0.296655,-0.026785,-0.275794,0.104049,-2.473168,-0.087255,3.024621,0.898883,0.000134,0.000131,-0.764595,-0.604343,1.675864,-0.422141,-2.582048,-2.611032,-0.179080,0.001849,0.000481,49.795280,-28.826727,21.573700,-55.067299,0.494184,-0.007596,4.400745,-0.175882,0.555830,69.485458,-30.698914,65.950150,-12.949635,-10.587589,-12.000000,-0.037163,-0.684789,0.596848,69.485458,-30.698914,65.950150,-12.949635,-10.587589,-17.520035,-0.037163,-0.684789,0.596848,87.000000,87.000000,87.000000,87.000000,12.000000,12.000000,12.000000,200.000000,200.000000,0.000000,0.000000,0.000000,0.000000,0.000000,0.000000,0.000000,0.000000,0.000000
185,-1.262285,0.167123,-1.387856,1.738560,0.836273,0.876355,0.281154,0.024580,-0.277632,0.070145,-2.488874,-0.034071,3.097535,0.890211,0.000016,0.000336,1.097650,0.142090,-1.671147,0.439315,-0.293698,1.440985,0.108341,0.000966,-0.001741,-40.770691,15.326000,-16.706221,32.319859,39.141411,39.943550,3.874582,0.752583,-0.976817,-57.451450,-16.052725,-57.568390,44.025787,12.000000,12.000000,-1.128679,1.157662,-2.159103,-57.451450,-16.052725,-57.568390,44.025787,42.314468,30.291794,-1.128679,1.157662,-2.159103,87.000000,87.000000,87.000000,87.000000,12.000000,12.000000,12.000000,200.000000,200.000000,0.000000,0.000000,0.000000,0.000000,0.000000,0.000000,0.000000,0.000000,0.000000
186,0.138080,0.715835,0.516469,0.854333,0.071344,-0.697396,0.392143,-0.010636,-0.271373,0.090167,-2.473064,-0.004864,3.013539,0.912232,0.000118,0.000128,-1.192743,0.350595,0.926163,0.510597,1.092905,-2.608792,0.522568,0.007418,-0.007609,8.399419,12.974667,3.506884,-6.756059,-8.351640,0.090537,-10.241611,0.491418,-0.145261,9.921494,4.666804,11.280860,5.277785,-0.126573,-12.000000,0.009265,0.077239,-0.029056,9.921494,4.666804,11.280860,5.277785,-0.126573,-19.056877,0.009265,0.077239,-0.029056,87.000000,87.000000,87.000000,87.000000,12.000000,12.000000,12.000000,200.000000,200.000000,0.000000,0.000000,0.000000,0.000000,0.000000,0.000000,0.000000,0.000000,0.000000
187,0.417495,-0.278372,0.515151,1.294606,-0.189330,0.579282,0.293258,-0.010621,-0.259093,0.088789,-2.475697,-0.031766,3.092152,0.902033,0.000263,0.000000,0.340810,0.150720,-0.146135,0.003789,-1.132278,2.609879,-0.283432,0.002023,-0.002441,13.269365,-11.974287,3.600727,-5.913488,9.149393,24.366001,2.767607,-0.149272,0.159810,17.402489,-36.960281,14.088404,24.478838,-1.558033,12.000000,-0.264093,-0.912859,0.510465,17.402489,-36.960281,14.088404,24.478838,-1.558033,13.424206,-0.264093,-0.912859,0.510465,87.000000,87.000000,87.000000,87.000000,12.000000,12.000000,12.000000,200.000000,200.000000,0.000000,0.000000,0.000000,0.000000,0.000000,0.000000,0.000000,0.000000,0.000000
188,-0.087461,-0.252094,0.197975,1.140615,0.021714,0.230941,0.233882,-0.018725,-0.265769,0.104627,-2.484157,-0.022365,3.113958,0.880420,0.000193,0.000012,-0.256614,-0.483647,0.472511,-0.231660,0.521921,0.067664,-0.442894,-0.002600,0.000764,2.874430,-14.837610,-4.556223,-8.746234,2.580054,-18.086519,12.180697,-0.221315,0.164722,-1.195011,-33.858765,-1.925639,19.468277,1.432587,1.926802,0.087677,-0.612633,0.198153,-1.195011,-33.858765,-1.925639,19.468277,1.432587,1.926802,0.087677,-0.612633,0.198153,87.000000,87.000000,87.000000,87.000000,12.000000,12.000000,12.000000,200.000000,200.000000,0.000000,0.000000,0.000000,0.000000,0.000000,0.000000,0.000000,0.000000,0.000000
189,-0.257499,0.681982,-0.180541,1.210511,0.274232,-0.067732,0.367097,0.003543,-0.268766,0.090612,-2.482397,0.036508,3.058684,0.901020,0.000200,0.000009,0.638152,0.229986,-0.575026,0.481663,1.717142,-1.668653,0.508368,0.004152,-0.001880,-13.763859,22.898474,-0.854555,16.610325,-20.020472,21.836006,-9.806971,0.408395,-0.201580,-13.079251,3.998798,-12.971328,21.678719,2.365012,1.311117,-0.032063,-0.004297,-0.227795,-13.079251,3.998798,-12.971328,21.678719,2.365012,1.311117,-0.032063,-0.004297,-0.227795,87.000000,87.000000,87.000000,87.000000,12.000000,12.000000,12.000000,200.000000,200.000000,0.000000,0.000000,0.000000,0.000000,0.000000,0.000000,0.000000,0.000000,0.000000
190,0.334621,-0.337184,0.736714,1.594707,-0.474374,0.578704,0.229879,-0.029176,-0.259347,0.118418,-2.468948,-0.037334,3.135637,0.882036,0.000433,0.000000,-0.915213,0.139947,1.023812,0.725258,-2.495649,2.610835,-0.501359,0.009661,-0.007049,17.360500,-7.901316,1.855756,12.158782,-0.654502,-0.020270,11.366858,0.354598,-0.288884,19.040081,-39.042633,17.467089,35.080536,-9.390702,8.293253,-0.104495,-0.926306,0.223399,19.040081,-39.042633,17.467089,35.080536,-9.390702,8.293253,-0.104495,-0.926306,0.223399,87.000000,87.000000,87.000000,87.000000,12.000000,12.000000,12.000000,200.000000,200.000000,0.000000,0.000000,0.000000,0.000000,0.000000,0.000000,0.000000,0.000000,0.000000
191,-0.424184,0.216480,-0.666703,0.019669,0.424322,-0.264944,0.309305,0.034451,-0.276931,0.065874,-2.489297,0.033046,3.065578,0.885183,0.000391,0.000000,1.833711,-0.976178,-1.907880,-1.495416,2.570613,-2.610808,0.187908,-0.003080,-0.001317,-38.536217,-23.637316,7.025463,-63.375660,0.929861,0.062656,-2.832583,-0.442087,0.204568,-26.905172,-13.395850,-26.357918,-24.670555,7.487648,-5.879742,0.154056,-1.350127,0.472609,-26.905172,-13.395850,-26.357918,-24.670555,7.487648,-5.879742,0.154056,-1.350127,0.472609,87.000000,87.000000,87.000000,87.000000,12.000000,12.000000,12.000000,200.000000,200.000000,0.000000,0.000000,0.000000,0.000000,0.000000,0.000000,0.000000,0.000000,0.000000
192,-0.108780,0.475656,0.563841,2.911662,-0.246754,0.448718,0.277969,-0.034980,-0.267516,0.113409,-2.472826,-0.030652,3.095305,0.886482,0.000458,0.000000,-2.345012,1.089702,1.859021,2.108937,-2.132087,2.009831,-0.152971,-0.003912,-0.000666,11.849169,53.780769,7.576017,89.391083,25.982464,97.615326,-4.829230,-0.689342,0.428302,5.355446,-4.833546,9.013812,87.000000,-0.256234,12.000000,-0.333786,-1.790640,0.780444,5.355446,-4.833546,9.013812,88.860596,-0.256234,13.770565,-0.333786,-1.790640,0.780444,87.000000,87.000000,87.000000,87.000000,12.000000,12.000000,12.000000,200.000000,200.000000,0.000000,0.000000,0.000000,0.000000,0.000000,0.000000,0.000000,0.000000,0.000000
193,0.782467,-0.179411,0.356568,-0.681431,-0.001080,-0.445812,0.217781,0.012372,-0.277046,0.078373,-2.487454,-0.007207,3.018603,0.866635,0.000360,0.000000,1.653135,-1.236367,-1.122914,-2.147685,0.914236,-2.609447,-0.323576,-0.004348,-0.001105,-4.064984,-56.747433,10.113508,-116.085281,-13.358806,0.342021,14.228828,-0.223831,0.223093,25.668287,-30.480757,11.572075,-54.241508,-2.573611,-9.383788,0.329066,-0.850283,0.482335,25.668287,-30.480757,11.572075,-54.241508,-2.573611,-9.383788,0.329066,-0.850283,0.482335,87.000000,87.000000,87.000000,87.000000,12.000000,12.000000,12.000000,200.000000,200.000000,0.000000,0.000000,0.000000,0.000000,0.000000,0.000000,0.000000,0.000000,0.000000
194,-0.663943,0.168078,-0.120054,3.405941,0.236380,1.077568,0.195735,-0.026684,-0.279860,0.117997,-2.495823,0.027750,3.051265,0.854831,0.000181,0.000021,-1.497125,0.472556,1.214778,1.485618,0.825719,-0.245542,-0.395400,-0.004935,0.002785,0.168121,49.601959,-16.702621,108.784218,-19.884075,41.582249,6.808138,0.067479,0.113435,-20.491997,-14.558771,-18.353407,87.000000,3.868236,12.000000,0.360374,0.116337,-0.116193,-20.491997,-14.558771,-18.353407,113.264854,3.868236,47.500751,0.360374,0.116337,-0.116193,87.000000,87.000000,87.000000,87.000000,12.000000,12.000000,12.000000,200.000000,200.000000,0.000000,0.000000,0.000000,0.000000,0.000000,0.000000,0.000000,0.000000,0.000000
195,0.879745,0.151995,0.741516,0.558342,-0.526437,0.297510,0.482178,0.002971,-0.268179,0.093679,-2.478711,-0.054246,3.110914,0.916553,0.000228,0.000000,1.219057,0.052456,-0.648372,0.040698,-2.604650,1.588086,1.333216,0.000894,-0.001323,-1.035232,-18.270609,25.311811,-37.452526,-1.167440,-30.271051,-31.627483,0.135658,-0.100473,31.618435,-19.126879,25.358299,-6.621038,-9.859370,0.177979,-0.139056,-0.289352,-0.048194,31.618435,-19.126879,25.358299,-6.621038,-9.859370,0.177979,-0.139056,-0.289352,-0.048194,87.000000,87.000000,87.000000,87.000000,12.000000,12.000000,12.000000,200.000000,200.000000,0.000000,0.000000,0.000000,0.000000,0.000000,0.000000,0.000000,0.000000,0.000000
196,-1.354808,0.151762,-1.188513,1.223500,0.927629,0.222253,0.349435,0.013449,-0.269279,0.079977,-2.484566,0.002016,3.123642,0.915605,0.000003,0.000166,-0.288186,-0.090378,-0.830196,0.118425,0.511659,-0.253478,0.196967,-0.003030,0.001864,-25.597916,-1.262686,-25.948065,0.442958,50.575256,-9.397900,-0.709742,-0.031211,-0.017545,-55.899967,-17.707245,-53.017746,22.266535,12.000000,2.435151,-0.852122,0.019869,-0.392645,-55.899967,-17.707245,-53.017746,22.266535,40.927143,2.435151,-0.852122,0.019869,-0.392645,87.000000,87.000000,87.000000,87.000000,12.000000,12.000000,12.000000,200.000000,200.000000,0.000000,0.000000,0.000000,0.000000,0.000000,0.000000,0.000000,0.000000,0.000000
197,1.340707,0.153261,1.693684,1.397224,-0.629326,-0.443457,0.245261,-0.028392,-0.268180,0.108128,-2.464004,-0.079496,3.037656,0.892872,0.000165,0.000125,-0.715311,0.143544,1.297090,0.997916,-2.517434,-2.609661,-0.553687,0.000849,0.007379,46.666470,9.005299,19.162815,14.180796,0.331392,0.019441,12.972300,-0.393434,0.813722,60.417439,-17.762587,56.793995,26.172279,-12.000000,-10.830659,-0.119804,-1.014112,0.514247,60.417439,-17.762587,56.793995,26.172279,-12.093171,-10.830659,-0.119804,-1.014112,0.514247,87.000000,87.000000,87.000000,87.000000,12.000000,12.000000,12.000000,200.000000,200.000000,0.000000,0.000000,0.000000,0.000000,0.000000,0.000000,0.000000,0.000000,0.000000
198,-0.626673,0.180688,-0.879147,0.642355,0.673623,0.411071,0.249873,0.038986,-0.265048,0.061883,-2.481158,0.001920,3.115707,0.877370,0.000000,0.000316,1.888015,-0.160396,-1.827354,-0.902494,2.602790,2.483706,-0.244175,-0.001843,0.002245,-35.575401,-15.636228,-1.269064,-32.914177,38.755852,-7.924804,1.331755,0.371707,-0.478270,-35.243561,-17.523720,-35.293499,-0.309232,12.000000,3.125034,-0.278085,0.747806,-1.572768,-35.243561,-17.523720,-35.293499,-0.309232,22.410339,3.125034,-0.278085,0.747806,-1.572768,87.000000,87.000000,87.000000,87.000000,12.000000,12.000000,12.000000,200.000000,200.000000,0.000000,0.000000,0.000000,0.000000,0.000000,0.000000,0.000000,0.000000,0.000000
199,-0.188990,0.438382,0.479107,1.745220,-0.102622,-0.222828,0.274190,-0.028216,-0.260918,0.111807,-2.468549,-0.026019,3.038520,0.879676,0.000000,0.000270,-2.288264,0.469823,1.864313,1.209566,-0.835003,-2.609088,-0.014738,0.000348,-0.002944,7.058515,23.614553,3.983681,39.657734,14.040326,-0.047994,-0.733855,0.186322,-0.191329,1.195750,-6.987930,5.503516,41.332520,0.933385,-2.074478,-0.129536,0.275747,-0.701482,1.195750,-6.987930,5.503516,41.332520,0.933385,-2.074478,-0.129536,0.275747,-0.701482,87.000000,87.000000,87.000000,87.000000,12.000000,12.000000,12.000000,200.000000,200.000000,0.000000,0.000000,0.000000,0.000000,0.000000,0.000000,0.000000,0.000000,0.000000
200,0.629081,-0.596268,0.407999,0.940122,-0.116255,0.728654,0.265468,0.010570,-0.258647,0.081385,-2.474602,-0.029618,3.118891,0.876787,0.000075,0.000112,1.538219,-0.487013,-1.065830,-0.593677,-0.227218,2.610461,-0.052055,0.001837,-0.003119,-1.730339,-32.763027,14.357621,-37.260883,2.859165,37.928463,-0.129102,0.132490,-0.097680,20.113583,-49.201675,13.477583,9.993721,-1.502773,12.000000,-0.128125,-0.054929,-0.200631,20.113583,-49.201675,13.477583,9.993721,-1.502773,18.162066,-0.128125,-0.054929,-0.200631,87.000000,87.000000,87.000000,87.000000,12.000000,12.000000,12.000000,200.000000,200.000000,0.000000,0.000000,0.000000,0.000000,0.000000,0.000000,0.000000,0.000000,0.000000
201,-0.488626,0.923566,-0.117243,0.929940,0.228279,-0.597314,0.209406,-0.004171,-0.267516,0.102667,-2.482192,0.016434,3.037757,0.861254,0.000062,0.000105,-0.746504,0.080105,0.699743,0.054092,1.570046,-2.609074,-0.296999,0.002133,-0.002104,-7.377673,24.919737,-9.500491,8.797447,-13.462185,0.137944,9.589130,0.125982,-0.098138,-17.723763,14.072241,-15.233840,11.139915,2.901386,-12.000000,0.106428,-0.061691,-0.233205,-17.723763,14.072241,-15.233840,11.139915,2.901386,-16.987465,0.106428,-0.061691,-0.233205,87.000000,87.000000,87.000000,87.000000,12.000000,12.000000,12.000000,200.000000,200.000000,0.000000,0.000000,0.000000,0.000000,0.000000,0.000000,0.000000,0.000000,0.000000
202,-0.149882,-0.378392,0.056214,2.180231,-0.031529,0.994252,0.173256,-0.015422,-0.253205,0.105224,-2.465147,-0.001222,3.096231,0.847049,0.000133,0.000044,-0.243869,0.420502,-0.124005,1.491741,-1.108056,0.598788,-0.357040,-0.000807,0.001312,6.020371,5.889564,-7.839504,38.891762,9.022507,59.746861,6.392047,-0.222586,0.238897,-3.710528,-41.033859,-6.287711,57.442909,2.673326,12.000000,-0.256806,-0.568475,0.204222,-3.710528,-41.033859,-6.287711,57.442909,2.673326,39.381149,-0.256806,-0.568475,0.204222,87.000000,87.000000,87.000000,87.000000,12.000000,12.000000,12.000000,200.000000,200.000000,0.000000,0.000000,0.000000,0.000000,0.000000,0.000000,0.000000,0.000000,0.000000
203,0.413983,0.325053,0.337630,-0.554724,-0.055222,-0.399437,0.361648,0.017140,-0.267376,0.072704,-2.481340,-0.004843,3.016526,0.880996,0.000195,0.000000,1.044329,-1.062572,-0.884405,-1.963248,0.210842,-2.610965,0.802755,0.002660,-0.002320,-9.884998,-37.053341,17.445662,-101.697815,2.986863,0.139475,-16.048767,0.072045,-0.056268,11.830923,-10.382010,11.057367,-49.264198,-2.199465,-7.362316,0.207829,-0.457222,0.101491,11.830923,-10.382010,11.057367,-49.264198,-2.199465,-7.362316,0.207829,-0.457222,0.101491,87.000000,87.000000,87.000000,87.000000,12.000000,12.000000,12.000000,200.000000,200.000000,0.000000,0.000000,0.000000,0.000000,0.000000,0.000000,0.000000,0.000000,0.000000
204,-0.412606,-0.165128,0.076471,3.453741,0.077393,1.166946,0.159997,-0.027288,-0.271922,0.110786,-2.487574,-0.003886,3.036831,0.854265,0.000152,0.000039,-1.516209,0.191465,1.189749,1.461811,-0.051284,-1.345148,-0.768888,-0.004371,0.003991,6.450011,35.173222,-12.601089,103.932861,-5.485905,-7.064445,13.827695,-0.268055,0.267330,-10.019124,-28.583845,-9.592014,87.000000,3.126570,12.000000,0.380842,-0.417957,0.046441,-10.019124,-28.583845,-9.592014,114.312553,3.126570,52.509422,0.380842,-0.417957,0.046441,87.000000,87.000000,87.000000,87.000000,12.000000,12.000000,12.000000,200.000000,200.000000,0.000000,0.000000,0.000000,0.000000,0.000000,0.000000,0.000000,0.000000,0.000000
205,0.794347,0.340187,0.588753,0.619290,-0.339967,0.285542,0.424794,0.008910,-0.263019,0.080923,-2.471491,-0.064486,3.098361,0.901854,0.000208,0.000000,1.376261,0.102970,-0.830306,0.115800,-1.784096,1.787614,1.028420,0.000643,-0.001118,-0.618346,-9.955958,22.537542,-30.728865,16.853262,-26.368803,-26.830908,0.066647,-0.079830,27.340693,-11.668954,20.579628,-4.574588,-2.828176,0.418767,-0.175480,-0.344124,-0.029749,27.340693,-11.668954,20.579628,-4.574588,-2.828176,0.418767,-0.175480,-0.344124,-0.029749,87.000000,87.000000,87.000000,87.000000,12.000000,12.000000,12.000000,200.000000,200.000000,0.000000,0.000000,0.000000,0.000000,0.000000,0.000000,0.000000,0.000000,0.000000
206,-0.892550,0.473641,-0.657576,0.643151,0.828896,-0.330217,0.256281,0.011040,-0.268216,0.084054,-2.483739,0.008342,3.023642,0.884898,0.000068,0.000101,-0.468614,-0.233148,-0.007197,-0.550036,1.891506,-2.603609,-0.227895,-0.000473,-0.000025,-22.244846,-1.842155,-12.411995,-24.804356,30.946661,-0.000486,7.939475,0.091811,-0.097819,-36.600624,-4.571410,-33.625683,-0.570786,12.000000,-5.196519,-0.361485,-0.005074,-0.328000,-36.600624,-4.571410,-33.625683,-0.570786,30.216516,-5.196519,-0.361485,-0.005074,-0.328000,87.000000,87.000000,87.000000,87.000000,12.000000,12.000000,12.000000,200.000000,200.000000,0.000000,0.000000,0.000000,0.000000,0.000000,0.000000,0.000000,0.000000,0.000000
207,0.670937,-0.598223,1.131945,2.408404,-0.523362,0.900767,0.240743,-0.041701,-0.263529,0.125994,-2.473645,-0.062538,3.075626,0.876766,0.000291,0.000035,-1.210228,0.161122,1.433172,1.525725,-2.584446,0.204616,-0.264268,0.001050,0.002049,38.423420,8.156171,1.020355,53.691288,-0.051670,59.374100,5.712575,-0.487075,0.588539,35.562435,-48.178577,31.494335,67.979568,-8.753757,12.000000,-0.182264,-1.423743,0.775968,35.562435,-48.178577,31.494335,67.979568,-8.753757,38.627293,-0.182264,-1.423743,0.775968,87.000000,87.000000,87.000000,87.000000,12.000000,12.000000,12.000000,200.000000,200.000000,0.000000,0.000000,0.000000,0.000000,0.000000,0.000000,0.000000,0.000000,0.000000
208,-0.458675,0.763729,-0.966144,-0.290685,0.629350,-0.246065,0.341077,0.037630,-0.269177,0.061930,-2.482539,0.012892,3.031070,0.889766,0.000218,0.000040,2.159164,-0.471647,-2.181591,-1.324643,2.518120,-1.611619,0.403544,-0.002422,0.001228,-34.310959,-15.175090,0.602388,-77.152611,7.526679,12.759826,-9.363223,-0.142916,0.097481,-29.094887,7.005570,-37.730537,-38.917202,12.000000,-4.119210,0.077292,-0.555049,-0.005510,-29.094887,7.005570,-37.730537,-38.917202,17.863949,-4.119210,0.077292,-0.555049,-0.005510,87.000000,87.000000,87.000000,87.000000,12.000000,12.000000,12.000000,200.000000,200.000000,0.000000,0.000000,0.000000,0.000000,0.000000,0.000000,0.000000,0.000000,0.000000
209,-0.354681,-0.239474,0.401376,3.131950,-0.124364,0.880573,0.163587,-0.029153,-0.259628,0.106056,-2.468812,-0.024289,3.079809,0.861342,0.000295,0.000028,-2.259835,0.640697,1.614258,2.127379,-1.659413,0.177597,-0.794822,-0.003664,0.001713,4.105539,32.847378,5.326166,94.887062,4.675011,52.857567,18.394863,-0.693769,0.439130,-5.622542,-33.968868,3.644958,87.000000,1.865479,12.000000,0.218114,-1.476435,0.560554,-5.622542,-33.968868,3.644958,97.400032,1.865479,37.030540,0.218114,-1.476435,0.560554,87.000000,87.000000,87.000000,87.000000,12.000000,12.000000,12.000000,200.000000,200.000000,0.000000,0.000000,0.000000,0.000000,0.000000,0.000000,0.000000,0.000000,0.000000
210,1.293126,-0.126136,0.995026,-0.456838,-0.457990,-0.091379,0.441484,-0.009132,-0.271479,0.093736,-2.474641,-0.093449,3.057698,0.908056,0.000301,0.000007,0.845431,-1.210999,-0.081835,-1.780399,-1.645146,-0.800614,1.049595,-0.003141,0.000392,3.379186,-51.195244,30.005720,-110.845169,30.790735,3.055694,-24.186886,-0.299706,0.168380,50.386551,-28.509050,34.248943,-46.904682,-4.716592,-2.897790,0.099506,-0.909121,0.241478,50.386551,-28.509050,34.248943,-46.904682,-4.716592,-2.897790,0.099506,-0.909121,0.241478,87.000000,87.000000,87.000000,87.000000,12.000000,12.000000,12.000000,200.000000,200.000000,0.000000,0.000000,0.000000,0.000000,0.000000,0.000000,0.000000,0.000000,0.000000
211,-1.521351,0.556277,-1.384046,2.652113,1.061071,0.645078,0.304631,0.004450,-0.270766,0.077619,-2.482395,-0.072640,3.141989,0.903235,0.000106,0.000099,-0.172731,0.875774,-1.125296,1.732510,-2.304098,2.604706,0.090542,0.002630,-0.002849,-28.053144,53.296322,-32.315723,104.897148,-1.135597,-1.547341,3.731792,0.693102,-0.509967,-62.243828,-0.883329,-60.159740,80.873329,12.000000,10.358871,-1.117683,0.655907,-0.784558,-62.243828,-0.883329,-60.159740,80.873329,58.077797,10.358871,-1.117683,0.655907,-0.784558,87.000000,87.000000,87.000000,87.000000,12.000000,12.000000,12.000000,200.000000,200.000000,0.000000,0.000000,0.000000,0.000000,0.000000,0.000000,0.000000,0.000000,0.000000
212,1.358124,0.424648,1.398662,-0.376322,-0.161752,-1.382354,0.401144,0.008402,-0.267377,0.072837,-2.479588,-0.049963,3.077325,0.919755,0.000282,0.000000,0.284129,-0.371425,0.510151,-1.270176,1.176356,-1.322454,0.447214,0.003761,-0.000630,5.362832,-30.413744,42.063374,-86.172295,-14.812302,-35.995667,-6.711771,-0.289001,0.485761,53.173878,-7.917902,51.177242,-43.107986,-6.627028,-12.000000,0.179436,-1.293676,0.872583,53.173878,-7.917902,51.177242,-43.107986,-6.627028,-58.450912,0.179436,-1.293676,0.872583,87.000000,87.000000,87.000000,87.000000,12.000000,12.000000,12.000000,200.000000,200.000000,0.000000,0.000000,0.000000,0.000000,0.000000,0.000000,0.000000,0.000000,0.000000
213,-0.889658,-0.073937,-0.516945,2.404002,0.471149,0.663536,0.102170,-0.011904,-0.257573,0.104053,-2.490921,0.043192,3.157433,0.859529,0.000106,0.000076,-0.815756,0.646868,0.648125,0.983365,2.678877,2.592419,-1.316397,-0.004689,0.003253,-5.409457,23.395456,-24.497944,74.161072,-4.350371,7.999534,31.491528,-0.090669,0.137197,-32.786915,-28.210838,-32.088272,72.053276,8.049367,10.548833,-0.089221,-0.096767,-0.120888,-32.786915,-28.210838,-32.088272,72.053276,8.049367,10.548833,-0.089221,-0.096767,-0.120888,87.000000,87.000000,87.000000,87.000000,12.000000,12.000000,12.000000,200.000000,200.000000,0.000000,0.000000,0.000000,0.000000,0.000000,0.000000,0.000000,0.000000,0.000000
214,0.525477,-0.211646,0.645323,0.551225,-0.529287,-0.051081,0.110739,-0.014567,-0.259606,0.098065,-2.477623,-0.037446,3.094419,0.830535,0.000052,0.000192,0.280981,-0.571457,-0.230890,-0.236969,-2.573344,-2.089465,-0.690704,-0.001846,0.005860,14.690066,-28.342705,6.517801,-52.076084,2.263126,24.417513,17.114939,0.053055,0.178449,22.294781,-33.266685,18.953312,-7.079659,-11.188481,0.363312,0.092639,0.098927,-0.478499,22.294781,-33.266685,18.953312,-7.079659,-11.188481,0.363312,0.092639,0.098927,-0.478499,87.000000,87.000000,87.000000,87.000000,12.000000,12.000000,12.000000,200.000000,200.000000,0.000000,0.000000,0.000000,0.000000,0.000000,0.000000,0.000000,0.000000,0.000000
215,-0.021963,0.383889,0.173607,1.731155,0.171094,0.327966,0.278648,-0.004530,-0.258465,0.103341,-2.475824,0.001292,3.119431,0.853330,0.000000,0.000265,0.262615,0.389561,0.229563,0.859717,1.405082,0.797207,0.590677,-0.000211,-0.000401,-3.743723,23.882162,3.069805,43.920719,-15.505477,-11.265574,-11.782425,0.154893,-0.353795,-1.464211,-9.109425,-1.716974,42.526348,2.136864,3.899205,-0.083868,0.279242,-1.125725,-1.464211,-9.109425,-1.716974,42.526348,2.136864,3.899205,-0.083868,0.279242,-1.125725,87.000000,87.000000,87.000000,87.000000,12.000000,12.000000,12.000000,200.000000,200.000000,0.000000,0.000000,0.000000,0.000000,0.000000,0.000000,0.000000,0.000000,0.000000
216,-0.277433,0.092635,-0.147777,0.090992,0.086043,-0.120899,0.242324,0.008025,-0.267852,0.095429,-2.489392,0.020210,3.064788,0.857409,0.000020,0.000212,0.260827,-0.790358,-0.387356,-1.325344,0.426857,-1.738419,0.081698,0.001199,-0.002831,-12.157779,-28.517551,-4.707438,-68.714928,-7.683162,20.410936,-1.184995,0.152967,-0.221922,-13.147690,-19.870722,-12.760468,-22.610441,0.228003,-1.193557,0.092617,0.135078,-0.624468,-13.147690,-19.870722,-12.760468,-22.610441,0.228003,-1.193557,0.092617,0.135078,-0.624468,87.000000,87.000000,87.000000,87.000000,12.000000,12.000000,12.000000,200.000000,200.000000,0.000000,0.000000,0.000000,0.000000,0.000000,0.000000,0.000000,0.000000,0.000000
217,-0.492013,0.296254,-0.163598,2.879145,0.120955,0.652880,0.161749,-0.016774,-0.255579,0.104919,-2.478404,0.019493,3.138360,0.842174,0.000058,0.000114,-0.875172,1.090092,0.210909,2.083032,-0.146244,2.611390,-0.384256,0.000515,-0.001233,-0.161244,50.023697,-10.082441,100.485283,6.978869,62.722088,6.981100,-0.002484,0.062435,-16.072130,-13.178888,-16.011553,87.000000,4.054324,12.000000,-0.178941,-0.141922,-0.065893,-16.072130,-13.178888,-16.011553,88.636749,4.054324,15.180462,-0.178941,-0.141922,-0.065893,87.000000,87.000000,87.000000,87.000000,12.000000,12.000000,12.000000,200.000000,200.000000,0.000000,0.000000,0.000000,0.000000,0.000000,0.000000,0.000000,0.000000,0.000000
218,0.844794,-0.114728,0.772042,-0.711883,-0.312443,-0.515545,0.229270,0.004904,-0.263183,0.076218,-2.481152,-0.036779,3.060864,0.847669,0.000103,0.000068,0.985557,-1.212741,-0.756922,-1.946151,-1.354769,-2.612829,0.115733,-0.000378,0.000792,4.600210,-60.722885,21.939291,-123.711266,17.053019,-41.720463,-1.467807,-0.144255,0.186356,31.036943,-29.275061,28.047989,-56.831547,-5.105748,-12.000000,0.248840,-0.421611,0.118621,31.036943,-29.275061,28.047989,-56.831547,-5.105748,-18.345064,0.248840,-0.421611,0.118621,87.000000,87.000000,87.000000,87.000000,12.000000,12.000000,12.000000,200.000000,200.000000,0.000000,0.000000,0.000000,0.000000,0.000000,0.000000,0.000000,0.000000,0.000000
219,-0.666379,0.328794,-0.158084,3.159060,0.230445,0.779364,0.266479,-0.032000,-0.261488,0.113785,-2.489864,0.002647,3.131315,0.860958,0.000000,0.000200,-1.330561,0.797669,1.104721,1.474731,1.366571,2.608180,0.234644,-0.001924,0.002264,0.523109,57.043903,-16.074198,109.099930,-9.999053,90.652946,-4.965691,0.285999,-0.276037,-20.632679,-10.156153,-19.177723,87.000000,4.694695,12.000000,0.307849,0.669091,-1.060572,-20.632679,-10.156153,-19.177723,102.988213,4.694695,22.684443,0.307849,0.669091,-1.060572,87.000000,87.000000,87.000000,87.000000,12.000000,12.000000,12.000000,200.000000,200.000000,0.000000,0.000000,0.000000,0.000000,0.000000,0.000000,0.000000,0.000000,0.000000
220,0.671769,0.151288,0.497484,-0.194134,-0.350043,-0.438910,0.223025,0.004855,-0.262249,0.077519,-2.484226,-0.059029,3.052818,0.857228,0.000000,0.000229,1.428667,-0.636550,-1.118726,-1.052129,-1.741132,-2.612765,-0.135609,-0.000915,0.001553,-1.805570,-36.865952,20.349411,-86.407898,21.881403,-12.812590,2.237903,0.133305,-0.099920,22.556532,-18.868565,17.854717,-36.142143,-3.513681,-12.000000,0.107784,0.313682,-0.738885,22.556532,-18.868565,17.854717,-36.142143,-3.513681,-12.708431,0.107784,0.313682,-0.738885,87.000000,87.000000,87.000000,87.000000,12.000000,12.000000,12.000000,200.000000,200.000000,0.000000,0.000000,0.000000,0.000000,0.000000,0.000000,0.000000,0.000000,0.000000
221,-0.791435,-0.069324,-0.363971,2.971597,0.582957,1.094657,0.220659,-0.019720,-0.255533,0.104929,-2.475972,0.022856,3.095121,0.854088,0.000016,0.000275,-1.151545,0.622870,0.854682,2.114916,2.622690,-0.799569,-0.025287,0.000988,-0.002424,-3.543849,36.357296,-11.571388,97.566658,88.618423,19.132139,-8.011625,0.344049,-0.447146,-27.211901,-27.250505,-25.795120,87.000000,12.000000,12.000000,-0.732833,0.474639,-1.174023,-27.211901,-27.250505,-25.795120,91.600967,20.572067,45.531128,-0.732833,0.474639,-1.174023,87.000000,87.000000,87.000000,87.000000,12.000000,12.000000,12.000000,200.000000,200.000000,0.000000,0.000000,0.000000,0.000000,0.000000,0.000000,0.000000,0.000000,0.000000
222,1.014449,0.047923,0.842443,-0.531222,-0.553937,-0.126085,0.359639,0.003694,-0.263430,0.079121,-2.475179,-0.054885,3.055828,0.886991,0.000093,0.000123,0.930414,-1.026888,-0.590471,-1.601356,-2.674510,-1.014099,0.662904,0.000951,-0.002767,-1.940188,-47.409115,25.624104,-110.296082,-37.567459,11.834363,-6.618386,0.076539,-0.154979,37.646919,-22.462305,30.420403,-50.262245,-12.000000,-3.086697,0.657427,-0.134086,-0.353631,37.646919,-22.462305,30.420403,-50.262245,-13.145542,-3.086697,0.657427,-0.134086,-0.353631,87.000000,87.000000,87.000000,87.000000,12.000000,12.000000,12.000000,200.000000,200.000000,0.000000,0.000000,0.000000,0.000000,0.000000,0.000000,0.000000,0.000000,0.000000
223,-0.952126,0.234179,-0.613867,2.969564,0.553246,0.783293,0.318329,-0.009584,-0.261326,0.096870,-2.477646,0.022784,3.134894,0.892818,0.000000,0.000250,-0.772791,0.770131,0.431608,1.743512,2.753650,2.464269,0.203970,-0.001354,0.001508,-9.551779,51.368359,-12.589542,102.379395,97.134468,75.573898,-11.876239,0.228879,-0.236197,-35.799332,-14.272543,-34.081245,87.000000,12.000000,12.000000,-0.788108,0.516896,-0.997493,-35.799332,-14.272543,-34.081245,93.123146,19.403919,22.136826,-0.788108,0.516896,-0.997493,87.000000,87.000000,87.000000,87.000000,12.000000,12.000000,12.000000,200.000000,200.000000,0.000000,0.000000,0.000000,0.000000,0.000000,0.000000,0.000000,0.000000,0.000000
224,0.954078,0.426833,0.930620,-0.956855,-0.525850,-1.035061,0.323087,0.005674,-0.268982,0.077350,-2.489966,-0.057190,3.074682,0.898321,0.000055,0.000223,0.845813,-0.866219,-0.476171,-2.139021,-2.610050,-1.078881,0.076377,0.004382,-0.005366,7.815506,-42.272099,20.765757,-110.418724,-31.071150,-62.282719,7.396177,0.605793,-0.764990,35.865757,-7.114131,33.479759,-64.586227,-11.732833,-12.000000,0.619542,0.571482,-1.382591,35.865757,-7.114131,33.479759,-64.586227,-11.732833,-47.017899,0.619542,0.571482,-1.382591,87.000000,87.000000,87.000000,87.000000,12.000000,12.000000,12.000000,200.000000,200.000000,0.000000,0.000000,0.000000,0.000000,0.000000,0.000000,0.000000,0.000000,0.000000
225,-1.045114,-0.059515,-0.608104,3.579410,0.512025,0.950976,0.162708,-0.016392,-0.265692,0.103513,-2.507598,0.020261,3.145428,0.861447,0.000000,0.000307,-0.896029,0.485014,0.501725,0.918205,2.597817,1.818410,-0.796122,-0.000182,-0.001157,-1.624292,38.424080,-25.323685,97.577354,53.680935,47.208729,12.378440,0.259667,-0.480648,-38.202698,-25.469061,-35.285286,87.000000,12.000000,12.000000,-0.313782,0.450943,-1.396209,-38.202698,-25.469061,-35.285286,122.210556,15.689238,28.387020,-0.313782,0.450943,-1.396209,87.000000,87.000000,87.000000,87.000000,12.000000,12.000000,12.000000,200.000000,200.000000,0.000000,0.000000,0.000000,0.000000,0.000000,0.000000,0.000000,0.000000,0.000000
226,0.735613,0.106773,0.836326,0.870968,-0.466685,-0.044502,0.214042,-0.016674,-0.257954,0.095338,-2.478707,-0.056883,3.084550,0.856710,0.000031,0.000217,0.428269,0.040332,-0.208934,0.659069,-2.554164,-1.903918,-0.161461,0.001027,-0.000323,19.096376,-8.775359,12.840411,-25.309727,1.585021,26.508184,4.347298,0.111316,0.052973,30.729906,-21.170183,27.113089,4.942214,-7.220471,1.054083,-0.015759,0.046162,-0.359413,30.729906,-21.170183,27.113089,4.942214,-7.220471,1.054083,-0.015759,0.046162,-0.359413,87.000000,87.000000,87.000000,87.000000,12.000000,12.000000,12.000000,200.000000,200.000000,0.000000,0.000000,0.000000,0.000000,0.000000,0.000000,0.000000,0.000000,0.000000
227,-0.406608,-0.086921,-0.233660,1.260095,0.295487,0.533569,0.295063,-0.003084,-0.255772,0.093930,-2.481908,0.015802,3.160793,0.870314,0.000000,0.000383,0.183463,-0.086166,-0.096733,0.038984,2.259432,2.254785,0.404193,-0.004996,0.006041,-15.480447,-7.808586,-4.466579,2.719184,-25.623449,-21.365831,-7.280137,-0.197774,0.138138,-17.409222,-28.699795,-16.819798,24.004930,3.111022,4.307885,-0.042444,0.169981,-0.952073,-17.409222,-28.699795,-16.819798,24.004930,3.111022,4.307885,-0.042444,0.169981,-0.952073,87.000000,87.000000,87.000000,87.000000,12.000000,12.000000,12.000000,200.000000,200.000000,0.000000,0.000000,0.000000,0.000000,0.000000,0.000000,0.000000,0.000000,0.000000
228,0.144169,0.422296,0.436843,0.736654,-0.182492,-0.486325,0.138272,-0.019812,-0.264084,0.105084,-2.479953,-0.025253,3.078325,0.842956,0.000000,0.000370,-0.367359,-0.276790,0.346325,-0.083343,-1.282352,-2.611498,-0.679027,-0.002465,-0.000160,13.227325,0.845869,-0.919180,-19.522226,15.564379,-0.097361,14.081400,0.023857,-0.120222,9.058004,-6.673459,8.116532,1.980630,-1.081592,-12.000000,-0.015144,0.286249,-0.961810,9.058004,-6.673459,8.116532,1.980630,-1.081592,-15.801250,-0.015144,0.286249,-0.961810,87.000000,87.000000,87.000000,87.000000,12.000000,12.000000,12.000000,200.000000,200.000000,0.000000,0.000000,0.000000,0.000000,0.000000,0.000000,0.000000,0.000000,0.000000
229,-0.104633,-0.104266,0.070005,1.842254,0.176570,0.695589,0.284777,-0.012141,-0.259432,0.105186,-2.481394,0.014517,3.156212,0.861935,0.000000,0.000343,0.261452,0.257843,-0.081626,0.668264,1.156348,2.613077,0.479249,-0.002472,-0.000028,-2.509054,9.883458,-1.786811,34.714207,-11.644914,33.211494,-11.601214,0.080736,-0.052170,-4.056781,-28.998430,-5.479921,47.383533,2.205101,12.000000,-0.240693,0.381776,-0.812041,-4.056781,-28.998430,-5.479921,47.383533,2.205101,13.532059,-0.240693,0.381776,-0.812041,87.000000,87.000000,87.000000,87.000000,12.000000,12.000000,12.000000,200.000000,200.000000,0.000000,0.000000,0.000000,0.000000,0.000000,0.000000,0.000000,0.000000,0.000000
230,0.135235,0.622216,0.272210,-0.108964,-0.016839,-0.773154,0.254742,0.000331,-0.266789,0.096544,-2.492387,0.011038,3.081224,0.864865,0.000005,0.000255,0.409914,-0.462914,-0.239027,-1.250376,-0.003784,-1.942200,0.048612,0.001244,-0.004016,-3.361487,-14.562928,5.806689,-63.412918,-2.372177,-20.266312,-0.917649,0.312121,-0.284171,4.051167,1.111631,4.160933,-30.184160,-1.877330,-12.000000,0.098719,0.395781,-0.750235,4.051167,1.111631,4.160933,-30.184160,-1.877330,-31.302588,0.098719,0.395781,-0.750235,87.000000,87.000000,87.000000,87.000000,12.000000,12.000000,12.000000,200.000000,200.000000,0.000000,0.000000,0.000000,0.000000,0.000000,0.000000,0.000000,0.000000,0.000000
231,-0.623879,-0.221017,-0.220345,3.054267,0.206787,0.919843,0.064687,-0.027162,-0.255650,0.117779,-2.485168,0.029620,3.137251,0.822606,0.000004,0.000185,-1.029135,0.682749,0.514334,1.907294,0.230127,0.594707,-0.983969,0.000155,-0.000222,-3.241077,32.255581,-15.052548,96.655579,-13.883537,43.780903,26.744991,0.019383,-0.006507,-20.258657,-33.699276,-20.394402,87.000000,4.711972,12.000000,0.327269,0.016768,-0.419051,-20.258657,-33.699276,-20.394402,96.326164,4.711972,31.984850,0.327269,0.016768,-0.419051,87.000000,87.000000,87.000000,87.000000,12.000000,12.000000,12.000000,200.000000,200.000000,0.000000,0.000000,0.000000,0.000000,0.000000,0.000000,0.000000,0.000000,0.000000
232,0.992357,0.200375,0.839462,-0.542943,-0.457436,-0.494451,0.223547,-0.001689,-0.262332,0.089059,-2.483924,-0.056325,3.053729,0.836690,0.000081,0.000111,0.973063,-0.908114,-0.622252,-1.504120,-2.502915,-2.612427,0.283845,-0.001031,0.002198,0.605761,-42.846813,27.772306,-104.431679,7.225699,-20.439133,-7.077720,-0.244424,0.352518,37.250198,-16.517788,29.717506,-49.936436,-6.849216,-12.000000,0.132089,-0.500489,0.211612,37.250198,-16.517788,29.717506,-49.936436,-6.849216,-15.511726,0.132089,-0.500489,0.211612,87.000000,87.000000,87.000000,87.000000,12.000000,12.000000,12.000000,200.000000,200.000000,0.000000,0.000000,0.000000,0.000000,0.000000,0.000000,0.000000,0.000000,0.000000
233,-1.070336,-0.099131,-0.700461,3.266128,0.552405,1.193406,0.234744,-0.015938,-0.263069,0.104966,-2.485824,0.018608,3.082348,0.846349,0.000031,0.000275,-0.763262,0.337827,0.253465,1.624308,2.604077,-0.933828,0.236917,0.001893,-0.001727,-6.395473,36.146935,-20.491266,95.546234,99.766869,31.214216,-13.541667,0.480175,-0.726346,-39.890953,-27.013151,-38.129181,87.000000,12.000000,12.000000,-0.525492,0.611039,-1.670578,-39.890953,-27.013151,-38.129181,105.579880,20.446444,51.348217,-0.525492,0.611039,-1.670578,87.000000,87.000000,87.000000,87.000000,12.000000,12.000000,12.000000,200.000000,200.000000,0.000000,0.000000,0.000000,0.000000,0.000000,0.000000,0.000000,0.000000,0.000000
234,1.060798,0.085687,1.079630,0.064695,-0.656398,0.111870,0.537945,-0.005722,-0.266330,0.088867,-2.478665,-0.056964,3.091207,0.923216,0.000143,0.000089,0.673406,-0.596668,-0.270728,-0.763342,-2.623549,0.333214,1.756458,0.000459,-0.003304,7.563064,-29.751621,23.142742,-66.746002,-73.902939,-13.560463,-30.922993,-0.116858,-0.061843,41.503452,-20.850918,38.078403,-25.872360,-12.000000,-1.469715,0.621117,-0.499441,-0.110509,41.503452,-20.850918,38.078403,-25.872360,-19.611584,-1.469715,0.621117,-0.499441,-0.110509,87.000000,87.000000,87.000000,87.000000,12.000000,12.000000,12.000000,200.000000,200.000000,0.000000,0.000000,0.000000,0.000000,0.000000,0.000000,0.000000,0.000000,0.000000
235,-0.937311,0.548788,-0.795475,1.698192,0.646281,0.036686,0.341479,0.009102,-0.269090,0.080605,-2.483799,0.014294,3.062526,0.916817,0.000015,0.000165,0.035958,0.335478,-0.418945,0.709440,2.452677,-1.064644,-0.028869,0.000901,0.000067,-20.813095,28.688320,-7.471395,37.566051,107.933594,19.887270,-5.245100,0.178229,-0.044377,-39.448429,-1.255182,-37.507153,41.813042,12.000000,3.632643,-0.865025,0.113862,-0.368998,-39.448429,-1.255182,-37.507153,41.813042,25.528315,3.632643,-0.865025,0.113862,-0.368998,87.000000,87.000000,87.000000,87.000000,12.000000,12.000000,12.000000,200.000000,200.000000,0.000000,0.000000,0.000000,0.000000,0.000000,0.000000,0.000000,0.000000,0.000000
236,0.885002,-0.313130,1.272494,1.348337,-0.709285,0.297378,0.285865,-0.031493,-0.261433,0.113763,-2.465292,-0.059593,3.094367,0.903680,0.000297,0.000000,-0.876209,0.004705,1.278032,0.652255,-2.520147,1.053983,-0.373001,0.007002,-0.003015,30.089794,-12.890020,8.051111,-0.062742,-46.966835,-15.079142,14.195152,-0.020896,0.103459,41.846611,-37.833523,38.924614,24.432430,-12.000000,3.748843,0.314698,-1.073213,0.367154,41.846611,-37.833523,38.924614,24.432430,-20.001240,3.748843,0.314698,-1.073213,0.367154,87.000000,87.000000,87.000000,87.000000,12.000000,12.000000,12.000000,200.000000,200.000000,0.000000,0.000000,0.000000,0.000000,0.000000,0.000000,0.000000,0.000000,0.000000
237,-0.619883,0.404409,-0.853435,0.157844,0.645467,-0.024657,0.362140,0.034688,-0.272636,0.064261,-2.488508,0.016344,3.080076,0.909321,0.000193,0.000058,1.856144,-0.629946,-1.901267,-1.368897,2.572039,-0.864996,0.234430,-0.004805,0.002680,-39.298206,-14.914348,2.849858,-52.332870,34.755039,0.004163,-8.452471,-0.401494,0.135487,-34.820572,-6.650552,-33.965275,-18.943560,12.000000,-1.968682,-0.173766,-0.787743,-0.063753,-34.820572,-6.650552,-33.965275,-18.943560,19.912582,-1.968682,-0.173766,-0.787743,-0.063753,87.000000,87.000000,87.000000,87.000000,12.000000,12.000000,12.000000,200.000000,200.000000,0.000000,0.000000,0.000000,0.000000,0.000000,0.000000,0.000000,0.000000,0.000000
238,0.286649,0.254824,1.003999,2.637251,-0.348368,0.135134,0.142453,-0.037496,-0.265571,0.122833,-2.469902,-0.051531,3.048654,0.867047,0.000310,0.000049,-2.211980,0.843775,2.189200,2.099526,-2.387543,-0.537808,-1.060054,-0.000351,0.002903,31.039351,39.755371,0.036707,82.549744,0.368099,30.496132,22.619490,-0.575918,0.584900,22.167967,-14.034317,24.483250,77.170212,-3.432411,7.777543,-0.216526,-1.563593,0.684523,22.167967,-14.034317,24.483250,77.170212,-3.432411,7.777543,-0.216526,-1.563593,0.684523,87.000000,87.000000,87.000000,87.000000,12.000000,12.000000,12.000000,200.000000,200.000000,0.000000,0.000000,0.000000,0.000000,0.000000,0.000000,0.000000,0.000000,0.000000
239,0.017592,-0.018979,-0.492986,-0.382452,0.315027,0.168370,0.333433,0.039104,-0.264923,0.063297,-2.487984,0.022685,3.098480,0.882679,0.000168,0.000129,2.467777,-0.794207,-2.186697,-1.995188,2.531199,1.094266,0.471497,-0.007185,0.004655,-18.361429,-49.647728,0.404763,-97.445030,1.285472,-36.117466,-9.679544,-0.303391,0.147774,-10.081614,-25.772102,-18.907154,-41.507492,4.082629,-3.118552,0.151681,-0.396667,-0.314741,-10.081614,-25.772102,-18.907154,-41.507492,4.082629,-3.118552,0.151681,-0.396667,-0.314741,87.000000,87.000000,87.000000,87.000000,12.000000,12.000000,12.000000,200.000000,200.000000,0.000000,0.000000,0.000000,0.000000,0.000000,0.000000,0.000000,0.000000,0.000000
240,-0.623569,0.370644,0.130293,2.897829,0.080687,0.258545,0.063205,-0.016269,-0.256191,0.104137,-2.472413,0.016762,3.091959,0.832667,0.000139,0.000097,-1.844753,0.959976,1.337691,2.098879,-0.167995,0.112175,-1.245843,-0.001172,0.000193,3.591842,46.792042,-5.187056,95.766037,8.885306,20.648273,24.740257,-0.130336,0.065182,-18.558090,-9.988022,-6.952932,87.000000,2.581416,6.619648,0.013040,-0.397029,-0.161106,-18.558090,-9.988022,-6.952932,88.759315,2.581416,6.619648,0.013040,-0.397029,-0.161106,87.000000,87.000000,87.000000,87.000000,12.000000,12.000000,12.000000,200.000000,200.000000,0.000000,0.000000,0.000000,0.000000,0.000000,0.000000,0.000000,0.000000,0.000000
241,0.890152,-0.347089,0.745115,-0.272792,-0.385647,0.110833,0.351587,0.006711,-0.258465,0.081425,-2.475063,-0.054713,3.103166,0.872137,0.000202,0.000000,1.052732,-1.014729,-0.641972,-1.619388,-1.940806,0.156305,0.863651,-0.000034,-0.000346,-0.506408,-57.842529,25.298912,-106.171486,26.693163,-10.437134,-21.458868,-0.092679,0.139297,32.210060,-39.288853,26.465139,-39.669189,-4.418349,-1.744327,0.024391,-0.563575,0.266785,32.210060,-39.288853,26.465139,-39.669189,-4.418349,-1.744327,0.024391,-0.563575,0.266785,87.000000,87.000000,87.000000,87.000000,12.000000,12.000000,12.000000,200.000000,200.000000,0.000000,0.000000,0.000000,0.000000,0.000000,0.000000,0.000000,0.000000,0.000000
242,-3.551546,8.748816,-4.973442,0.459019,3.760415,-4.922070,0.644446,0.003399,-0.226443,0.062578,-2.497200,-0.105053,3.052897,0.954896,0.000025,0.000163,-2.154881,1.739091,0.715629,-0.371859,-2.054606,-1.148766,2.178445,0.001537,-0.003004,0.492969,87.308327,-36.960400,30.387005,26.198442,12.092120,-25.898079,0.085606,-0.179002,-87.000000,87.000000,-87.000000,-3.688587,12.000000,-12.000000,1.416000,-0.103301,-0.266639,-134.064651,323.652985,-210.228104,-3.688587,167.139877,-194.675110,1.416000,-0.103301,-0.266639,87.000000,87.000000,87.000000,87.000000,12.000000,12.000000,12.000000,200.000000,200.000000,0.000000,0.000000,0.000000,0.000000,0.000000,0.000000,0.000000,0.000000,0.000000
243,-1.840580,4.898062,-2.647613,3.143142,2.771916,-3.162587,0.383240,0.012688,-0.149334,-0.007831,-2.452162,-0.109002,2.966074,0.945594,0.000000,0.000237,-0.393618,2.200170,-2.177209,2.163225,-1.243902,-2.602172,-0.172700,-0.004173,0.004527,13.486700,-2.267732,-36.021008,41.396832,74.056442,-0.009685,7.012431,-0.496300,0.188611,-72.138168,87.000000,-87.000000,87.000000,12.000000,-12.000000,-0.296563,-0.547671,-0.444599,-72.138168,156.439835,-101.847504,93.730995,129.975342,-113.902481,-0.296563,-0.547671,-0.444599,87.000000,87.000000,87.000000,87.000000,12.000000,12.000000,12.000000,200.000000,200.000000,0.000000,0.000000,0.000000,0.000000,0.000000,0.000000,0.000000,0.000000,0.000000
244,0.142881,5.155676,-0.289263,0.992219,1.757532,-4.082017,0.500989,0.016785,-0.076833,-0.079905,-2.397278,-0.025844,2.879004,0.966085,0.000390,0.000000,0.141311,2.175059,-2.103987,1.541365,2.618075,-2.609373,0.517969,0.019751,-0.011356,1.430296,-0.062456,4.274683,-13.986081,7.031064,0.027566,-11.542360,0.928291,-0.446008,4.143245,87.000000,0.639220,1.618413,12.000000,-12.000000,-0.018106,-0.550038,0.056933,4.143245,161.051849,0.639220,1.618413,65.854599,-143.681976,-0.018106,-0.550038,0.056933,87.000000,87.000000,87.000000,87.000000,12.000000,12.000000,12.000000,200.000000,200.000000,0.000000,0.000000,0.000000,0.000000,0.000000,0.000000,0.000000,0.000000,0.000000
245,0.948078,3.812506,0.864672,1.322263,0.942668,-3.183983,0.354699,-0.058434,-0.003959,-0.046855,-2.349707,0.062838,2.792017,0.943917,0.000701,0.000000,-1.690873,2.182380,1.073503,1.518368,2.655256,-2.610936,-0.495288,0.002162,-0.005956,45.990326,-0.388455,1.892710,-1.347313,-0.578699,0.015693,11.759414,-0.906689,0.257056,49.732056,87.000000,35.714836,11.803473,12.000000,-12.000000,-0.062569,-3.062871,1.024009,49.732056,101.450302,35.714836,11.803473,25.515038,-100.799232,-0.062569,-3.062871,1.024009,87.000000,87.000000,87.000000,87.000000,12.000000,12.000000,12.000000,200.000000,200.000000,0.000000,0.000000,0.000000,0.000000,0.000000,0.000000,0.000000,0.000000,0.000000
246,0.754422,2.729464,0.198022,1.342384,0.594786,-1.859455,0.121730,-0.045227,0.068904,-0.070748,-2.306295,0.151091,2.705045,0.876166,0.000566,0.000000,0.432760,2.183595,-0.538227,1.325369,2.633464,-2.611626,-1.493805,-0.006573,-0.001910,0.798937,-0.148287,12.394022,-6.755704,-0.131421,0.046091,35.291798,-0.416809,0.285362,32.683598,52.315033,15.711783,9.317916,4.657008,-12.000000,0.061276,-1.425875,0.666555,32.683598,52.315033,15.711783,9.317916,4.657008,-40.855911,0.061276,-1.425875,0.666555,87.000000,87.000000,87.000000,87.000000,12.000000,12.000000,12.000000,200.000000,200.000000,0.000000,0.000000,0.000000,0.000000,0.000000,0.000000,0.000000,0.000000,0.000000
247,-0.309043,1.419520,-0.740958,1.783029,0.571618,-0.319376,0.016903,0.008187,0.143297,-0.136223,-2.274592,0.218500,2.756726,0.816080,0.000308,0.000021,1.142951,2.223686,-1.712285,1.239702,1.183143,1.753264,-1.324088,-0.006870,0.000273,-41.066505,-0.221930,27.629656,13.782155,-48.214371,-15.450839,28.872290,-0.085799,0.157615,-18.486633,-6.142859,-12.533534,25.797668,-0.622917,4.187609,-0.148000,-0.370093,0.235366,-18.486633,-6.142859,-12.533534,25.797668,-0.622917,4.187609,-0.148000,-0.370093,0.235366,87.000000,87.000000,87.000000,87.000000,12.000000,12.000000,12.000000,200.000000,200.000000,0.000000,0.000000,0.000000,0.000000,0.000000,0.000000,0.000000,0.000000,0.000000
248,0.767365,0.622552,0.699365,1.271493,-0.147313,-0.460235,-0.107213,-0.052049,0.199469,-0.081555,-2.252747,0.136173,2.780924,0.755540,0.000282,0.000067,-1.336971,1.234937,1.548046,0.227904,-2.597614,0.351851,-1.376969,0.001303,0.004020,51.278477,-21.694492,-26.919584,-30.812937,1.056919,-17.137182,32.537666,0.224465,0.231992,41.453148,-40.963547,28.744188,3.844111,-9.820704,0.294834,0.091423,-0.283157,-0.021526,41.453148,-40.963547,28.744188,3.844111,-9.820704,0.294834,0.091423,-0.283157,-0.021526,87.000000,87.000000,87.000000,87.000000,12.000000,12.000000,12.000000,200.000000,200.000000,0.000000,0.000000,0.000000,0.000000,0.000000,0.000000,0.000000,0.000000,0.000000
249,-0.215556,0.172437,-0.968785,1.562460,0.605327,0.389056,-0.137591,0.016682,0.231330,-0.148106,-2.270887,0.199369,2.864184,0.713653,0.000105,0.000154,2.086747,0.480310,-2.194978,-0.710349,1.916125,2.123551,-0.799676,-0.003517,-0.001489,-10.955185,-22.194170,-0.832286,-15.416076,-25.542152,15.531191,22.946089,-0.010469,-0.363850,-16.180553,-59.517982,-21.040812,20.250164,1.887950,12.000000,0.125781,-0.037735,-0.797520,-16.180553,-59.517982,-21.040812,20.250164,1.887950,25.318424,0.125781,-0.037735,-0.797520,87.000000,87.000000,87.000000,87.000000,12.000000,12.000000,12.000000,200.000000,200.000000,0.000000,0.000000,0.000000,0.000000,0.000000,0.000000,0.000000,0.000000,0.000000
250,-0.337217,1.016005,-0.350217,2.335105,0.111651,-0.156274,-0.013364,-0.013833,0.268478,-0.125967,-2.247936,0.131771,2.885123,0.725149,0.000099,0.000103,-1.196841,1.394454,0.879247,1.622216,-1.992259,0.312475,0.184914,0.000182,-0.000024,6.235570,25.010864,-10.216638,53.392010,26.665039,-5.409177,-6.880529,0.101304,0.012789,-8.864619,-28.477236,-6.826763,47.126480,0.633196,4.874475,-0.161723,-0.046974,-0.197632,-8.864619,-28.477236,-6.826763,47.126480,0.633196,4.874475,-0.161723,-0.046974,-0.197632,87.000000,87.000000,87.000000,87.000000,12.000000,12.000000,12.000000,200.000000,200.000000,0.000000,0.000000,0.000000,0.000000,0.000000,0.000000,0.000000,0.000000,0.000000
251,0.804531,-0.320065,0.231600,0.386035,0.053123,-0.110875,-0.030869,-0.000608,0.269759,-0.138903,-2.276060,0.093970,2.934110,0.724406,0.000160,0.000023,0.704989,-1.160158,-0.389273,-2.187942,-1.034704,0.515134,0.037020,0.002912,-0.003040,8.834002,-66.594734,11.232569,-82.279564,0.865631,-70.494385,3.682174,0.021009,-0.030079,30.896461,-80.533760,22.013327,-26.433321,-2.525978,-1.216702,0.189503,-0.490055,0.104478,30.896461,-80.533760,22.013327,-26.433321,-2.525978,-1.216702,0.189503,-0.490055,0.104478,87.000000,87.000000,87.000000,87.000000,12.000000,12.000000,12.000000,200.000000,200.000000,0.000000,0.000000,0.000000,0.000000,0.000000,0.000000,0.000000,0.000000,0.000000
252,-0.546900,1.848794,-0.954603,2.967396,0.724462,-0.316554,-0.051079,0.033553,0.285284,-0.167622,-2.260570,0.176824,2.879442,0.719757,0.000142,0.000053,0.730118,1.427825,-0.849305,2.113958,2.753239,-1.112927,-0.062979,0.002522,-0.001076,-27.035868,67.206100,7.471465,95.619957,-4.381914,67.624908,-0.346471,0.329736,-0.235143,-28.087626,5.894863,-22.060236,74.757065,7.268282,6.591796,-0.193533,0.107293,-0.442175,-28.087626,5.894863,-22.060236,74.757065,7.268282,6.591796,-0.193533,0.107293,-0.442175,87.000000,87.000000,87.000000,87.000000,12.000000,12.000000,12.000000,200.000000,200.000000,0.000000,0.000000,0.000000,0.000000,0.000000,0.000000,0.000000,0.000000,0.000000
253,0.610690,-0.457554,0.558880,0.802998,-0.346671,0.224931,-0.099049,-0.021704,0.289882,-0.104819,-2.263039,0.102521,2.961960,0.707621,0.000310,0.000000,-1.533413,-1.105434,2.087013,-1.560644,-2.575830,2.608806,-0.342906,0.006107,-0.004575,22.927055,-70.470551,-5.234584,-94.813576,-35.511665,0.482569,13.318163,0.257490,-0.264174,31.528585,-87.000000,24.878376,-12.932562,-12.000000,8.077306,0.454598,-0.593396,0.003545,31.528585,-87.916084,24.878376,-12.932562,-17.582912,8.077306,0.454598,-0.593396,0.003545,87.000000,87.000000,87.000000,87.000000,12.000000,12.000000,12.000000,200.000000,200.000000,0.000000,0.000000,0.000000,0.000000,0.000000,0.000000,0.000000,0.000000,0.000000
254,-0.470294,1.793209,-1.182914,2.103084,0.694988,-0.530165,-0.032501,0.041219,0.288970,-0.164475,-2.258865,0.169804,2.886863,0.714072,0.000286,0.000000,1.940734,0.675848,-2.127809,1.286343,2.721111,-2.608452,0.238603,0.000571,-0.001898,-19.927631,53.223843,0.743837,70.035614,6.782941,-0.058379,-6.195765,-0.191088,0.038712,-28.431490,4.518479,-28.435904,40.580360,7.383554,-2.244722,-0.159274,-0.959111,0.231161,-28.431490,4.518479,-28.435904,40.580360,7.383554,-2.244722,-0.159274,-0.959111,0.231161,87.000000,87.000000,87.000000,87.000000,12.000000,12.000000,12.000000,200.000000,200.000000,0.000000,0.000000,0.000000,0.000000,0.000000,0.000000,0.000000,0.000000,0.000000
255,0.102902,0.382090,0.131296,1.470330,0.094334,0.056594,-0.140148,-0.011312,0.301887,-0.109409,-2.244790,0.133031,2.948200,0.695262,0.000364,0.000000,-1.683347,-0.108494,1.855644,0.038976,-1.735764,1.904192,-0.509351,0.001096,-0.003781,22.816557,-22.871628,-17.708128,-24.453297,-6.339004,-24.227556,6.696739,-0.061615,-0.041030,10.747610,-55.219631,8.103658,12.046274,-2.812879,3.115891,-0.222072,-0.928783,0.309722,10.747610,-55.219631,8.103658,12.046274,-2.812879,3.115891,-0.222072,-0.928783,0.309722,87.000000,87.000000,87.000000,87.000000,12.000000,12.000000,12.000000,200.000000,200.000000,0.000000,0.000000,0.000000,0.000000,0.000000,0.000000,0.000000,0.000000,0.000000
256,-0.019421,1.143219,-0.798511,0.676807,0.608480,-0.785865,-0.155331,0.046235,0.289794,-0.170382,-2.268369,0.195250,2.867898,0.677672,0.000294,0.000000,1.969712,-0.705006,-2.171721,-1.418880,2.299162,-2.610211,-0.285243,0.000846,-0.002776,-6.045098,-12.041068,-0.890965,-44.827694,-15.126657,0.335798,11.274305,0.023885,-0.028666,-10.054073,-21.609253,-12.578825,-15.076953,1.807700,-10.926083,0.268980,-0.628235,0.221415,-10.054073,-21.609253,-12.578825,-15.076953,1.807700,-10.926083,0.268980,-0.628235,0.221415,87.000000,87.000000,87.000000,87.000000,12.000000,12.000000,12.000000,200.000000,200.000000,0.000000,0.000000,0.000000,0.000000,0.000000,0.000000,0.000000,0.000000,0.000000
257,0.113288,0.923839,0.202069,3.322829,-0.053336,0.314455,-0.086408,-0.012479,0.308078,-0.109948,-2.245967,0.130145,2.927786,0.690522,0.000324,0.000005,-1.964455,1.102153,2.114995,2.143618,-2.494711,2.613962,0.189063,-0.003317,0.000294,9.841346,46.330528,-1.214132,79.482567,5.169897,162.631302,-5.594385,-0.457943,0.332128,11.251593,-33.188328,11.296771,86.679749,-5.243571,12.000000,-0.222872,-1.228623,0.524151,11.251593,-33.188328,11.296771,86.679749,-5.243571,24.909346,-0.222872,-1.228623,0.524151,87.000000,87.000000,87.000000,87.000000,12.000000,12.000000,12.000000,200.000000,200.000000,0.000000,0.000000,0.000000,0.000000,0.000000,0.000000,0.000000,0.000000,0.000000
258,0.015767,0.148315,-0.861293,-0.277262,0.519622,-0.387145,-0.268078,0.046963,0.295225,-0.171520,-2.267791,0.179255,2.914901,0.647870,0.000242,0.000006,2.012789,-1.526939,-2.171993,-2.196758,1.587143,-1.825934,-0.803179,-0.003326,0.000885,-5.993728,-59.857147,-0.144825,-92.478287,-33.936428,-73.061989,29.164877,-0.458236,0.459956,-8.785110,-62.519028,-14.969604,-54.300564,0.454840,-4.664938,0.559368,-1.065219,0.678084,-8.785110,-62.519028,-14.969604,-54.300564,0.454840,-4.664938,0.559368,-1.065219,0.678084,87.000000,87.000000,87.000000,87.000000,12.000000,12.000000,12.000000,200.000000,200.000000,0.000000,0.000000,0.000000,0.000000,0.000000,0.000000,0.000000,0.000000,0.000000
259,-0.213058,1.849715,-0.259468,3.171286,0.307460,-0.197476,-0.005995,0.010700,0.303223,-0.137127,-2.246631,0.164265,2.885813,0.692509,0.000195,0.000017,-1.427113,1.170164,1.347067,2.132644,-0.299782,0.280066,0.913916,-0.003179,0.001614,6.394722,64.713875,-9.394791,84.358932,23.058641,82.774940,-28.420357,-0.083608,0.188520,-5.324659,5.104102,-3.427540,81.228722,1.084514,7.975051,-0.432462,-0.327410,0.152785,-5.324659,5.104102,-3.427540,81.228722,1.084514,7.975051,-0.432462,-0.327410,0.152785,87.000000,87.000000,87.000000,87.000000,12.000000,12.000000,12.000000,200.000000,200.000000,0.000000,0.000000,0.000000,0.000000,0.000000,0.000000,0.000000,0.000000,0.000000
260,0.326020,-0.268766,-0.275594,0.128081,0.182156,-0.025832,-0.105736,0.028853,0.294428,-0.160069,-2.270051,0.140202,2.955667,0.690070,0.000144,0.000031,0.799473,-1.519154,-0.881061,-2.192939,-0.987240,1.026732,-0.034842,0.002755,-0.002802,0.295079,-69.774513,5.392212,-89.229149,-13.331487,-87.799950,4.360546,0.291251,-0.235670,8.693794,-79.700905,4.359628,-37.668091,-2.049090,-1.876133,0.170052,-0.010147,-0.254259,8.693794,-79.700905,4.359628,-37.668091,-2.049090,-1.876133,0.170052,-0.010147,-0.254259,87.000000,87.000000,87.000000,87.000000,12.000000,12.000000,12.000000,200.000000,200.000000,0.000000,0.000000,0.000000,0.000000,0.000000,0.000000,0.000000,0.000000,0.000000
261,0.378403,2.025138,0.145239,2.726242,0.210010,-0.810216,0.060490,0.008461,0.295389,-0.132171,-2.251660,0.113620,2.871335,0.729611,0.000186,0.000000,-0.635800,1.005403,1.055203,2.171002,-0.218601,-2.609583,0.836652,0.000024,-0.000488,15.014787,69.251335,-5.240421,97.600487,24.351784,-0.263271,-23.558907,0.002654,-0.020014,16.938877,13.383715,13.339235,64.313942,1.186674,-12.000000,-0.223813,-0.369629,0.015456,16.938877,13.383715,13.339235,64.313942,1.186674,-12.208879,-0.223813,-0.369629,0.015456,87.000000,87.000000,87.000000,87.000000,12.000000,12.000000,12.000000,200.000000,200.000000,0.000000,0.000000,0.000000,0.000000,0.000000,0.000000,0.000000,0.000000,0.000000
262,-0.895894,0.070404,-1.474524,0.447821,0.871261,0.236407,-0.171705,0.059982,0.297076,-0.187238,-2.268793,0.200085,2.953093,0.692215,0.000000,0.000201,1.440740,-1.040810,-1.970751,-2.091063,2.582236,2.604327,-0.802310,-0.004367,0.004567,-32.930859,-60.237896,9.637226,-98.442711,1.771731,0.051870,19.458714,-0.054942,0.093432,-46.303169,-66.962112,-38.243984,-25.479822,12.000000,9.226234,0.288625,0.231008,-0.521902,-46.303169,-66.962112,-38.243984,-25.479822,12.040072,9.226234,0.288625,0.231008,-0.521902,87.000000,87.000000,87.000000,87.000000,12.000000,12.000000,12.000000,200.000000,200.000000,0.000000,0.000000,0.000000,0.000000,0.000000,0.000000,0.000000,0.000000,0.000000
263,0.671457,1.443179,0.679199,2.542028,-0.142269,-0.780224,-0.026322,-0.002604,0.295237,-0.131229,-2.255971,0.122871,2.871148,0.711867,0.000086,0.000112,-2.013742,0.627250,2.165762,1.822486,-2.432398,-2.604411,0.380484,-0.000265,-0.000593,21.087854,52.435810,-0.437450,86.300018,-0.439539,-0.031629,-9.350555,0.014575,-0.135507,33.659401,-9.890266,31.854214,57.411526,-9.076359,-10.997294,-0.272218,-0.139059,-0.427212,33.659401,-9.890266,31.854214,57.411526,-9.076359,-10.997294,-0.272218,-0.139059,-0.427212,87.000000,87.000000,87.000000,87.000000,12.000000,12.000000,12.000000,200.000000,200.000000,0.000000,0.000000,0.000000,0.000000,0.000000,0.000000,0.000000,0.000000,0.000000
264,0.193898,0.111029,-0.396495,0.893039,0.375177,0.340953,0.050904,0.023852,0.294605,-0.150791,-2.264282,0.152502,2.953677,0.736399,0.000000,0.000243,1.224186,-0.885332,-1.016762,-1.341070,0.993884,2.610271,0.602447,-0.002161,0.002341,1.183784,-46.529026,0.413611,-67.716301,-12.285049,0.141306,-12.293951,-0.008336,-0.015941,2.741655,-64.776047,-1.160930,-8.273656,-0.566424,12.000000,0.093793,0.202231,-0.669345,2.741655,-64.776047,-1.160930,-8.273656,-0.566424,13.351695,0.093793,0.202231,-0.669345,87.000000,87.000000,87.000000,87.000000,12.000000,12.000000,12.000000,200.000000,200.000000,0.000000,0.000000,0.000000,0.000000,0.000000,0.000000,0.000000,0.000000,0.000000
265,-0.332607,2.056087,-0.607245,1.595116,0.524702,-1.205466,0.030605,0.032727,0.293768,-0.156876,-2.263424,0.190752,2.869742,0.746170,0.000071,0.000146,-0.102756,0.564819,0.040428,0.755038,1.192725,-2.607802,0.231223,0.004266,-0.005011,-13.687960,45.555141,1.591762,43.439438,-14.747779,0.095701,-4.097615,0.387948,-0.389153,-16.456505,14.490278,-11.734653,20.520895,1.688864,-12.000000,-0.037431,0.219937,-0.628356,-16.456505,14.490278,-11.734653,20.520895,1.688864,-27.878300,-0.037431,0.219937,-0.628356,87.000000,87.000000,87.000000,87.000000,12.000000,12.000000,12.000000,200.000000,200.000000,0.000000,0.000000,0.000000,0.000000,0.000000,0.000000,0.000000,0.000000,0.000000
266,0.282898,-0.299485,0.164609,2.173584,-0.046598,0.586119,-0.163804,-0.012342,0.304309,-0.108934,-2.248315,0.122287,2.933319,0.706704,0.000231,0.000035,-1.050880,-0.229768,1.234629,0.632277,-2.608504,0.956099,-0.948869,0.004868,-0.000239,25.826366,-23.671177,-16.307043,-2.285331,0.341778,52.033298,22.453461,-0.031665,0.339647,16.430487,-82.356552,11.286784,39.939766,-4.409245,12.000000,0.025508,-0.869171,0.524500,16.430487,-82.356552,11.286784,39.939766,-4.409245,34.348793,0.025508,-0.869171,0.524500,87.000000,87.000000,87.000000,87.000000,12.000000,12.000000,12.000000,200.000000,200.000000,0.000000,0.000000,0.000000,0.000000,0.000000,0.000000,0.000000,0.000000,0.000000
267,-0.574960,1.646951,-1.395396,0.344661,0.825342,-0.847798,-0.127397,0.046299,0.292313,-0.174188,-2.261992,0.192391,2.851502,0.689397,0.000229,0.000006,1.665923,-0.603075,-2.151505,-1.288619,2.522471,-2.614059,-0.281838,0.000213,-0.001597,-18.625559,-5.829377,-0.153279,-55.875546,0.681968,-0.685329,7.242529,-0.279440,0.036179,-32.197945,-1.579802,-36.161819,-29.847359,10.906003,-12.000000,0.197139,-0.964204,0.132331,-32.197945,-1.579802,-36.161819,-29.847359,10.906003,-12.147627,0.197139,-0.964204,0.132331,87.000000,87.000000,87.000000,87.000000,12.000000,12.000000,12.000000,200.000000,200.000000,0.000000,0.000000,0.000000,0.000000,0.000000,0.000000,0.000000,0.000000,0.000000
268,0.328119,0.536917,0.460385,3.269766,-0.184079,0.387032,-0.041717,-0.020370,0.304820,-0.111710,-2.242650,0.125092,2.903941,0.707507,0.000316,0.000018,-2.073919,0.773388,2.131247,2.173327,-2.583583,1.136065,0.303571,-0.002585,0.001051,14.305915,36.493248,0.643673,81.188187,-0.216608,123.877991,-8.165965,-0.627745,0.432224,21.060436,-48.122952,21.819084,84.048653,-10.047854,12.000000,-0.236066,-1.577682,0.615237,21.060436,-48.122952,21.819084,84.048653,-10.047854,32.630421,-0.236066,-1.577682,0.615237,87.000000,87.000000,87.000000,87.000000,12.000000,12.000000,12.000000,200.000000,200.000000,0.000000,0.000000,0.000000,0.000000,0.000000,0.000000,0.000000,0.000000,0.000000
269,0.380226,0.621253,-0.523308,-0.620622,0.372375,-0.621259,-0.005184,0.038776,0.287008,-0.172697,-2.266706,0.147296,2.853954,0.719719,0.000254,0.000000,2.083850,-1.453616,-2.115391,-2.198574,0.909409,-2.608613,0.389217,-0.000043,-0.001403,-2.748656,-44.388050,4.201312,-84.480598,-23.184437,-56.627651,-0.059613,-0.120558,0.210223,6.450295,-42.277813,-1.278464,-67.688866,-0.533476,-6.221258,0.477431,-0.744858,0.490649,6.450295,-42.277813,-1.278464,-67.688866,-0.533476,-6.221258,0.477431,-0.744858,0.490649,87.000000,87.000000,87.000000,87.000000,12.000000,12.000000,12.000000,200.000000,200.000000,0.000000,0.000000,0.000000,0.000000,0.000000,0.000000,0.000000,0.000000,0.000000
270,-0.246909,1.635087,-0.329767,3.511498,0.387882,0.078224,0.013351,0.010597,0.298675,-0.138960,-2.253082,0.164813,2.896756,0.734942,0.000209,0.000031,-1.122425,1.301865,1.213212,2.113458,0.469402,2.510443,0.255337,-0.005063,0.002926,2.479627,71.758278,-8.992738,111.111252,1.168336,88.428925,-8.234885,-0.297970,0.377465,-7.702450,-3.063414,-5.720563,87.000000,0.913332,12.000000,-0.064130,-0.579650,0.336546,-7.702450,-3.063414,-5.720563,96.920006,0.913332,12.644892,-0.064130,-0.579650,0.336546,87.000000,87.000000,87.000000,87.000000,12.000000,12.000000,12.000000,200.000000,200.000000,0.000000,0.000000,0.000000,0.000000,0.000000,0.000000,0.000000,0.000000,0.000000
271,-0.024723,0.048745,-0.548806,0.228460,0.212334,-0.248623,-0.078224,0.030174,0.298402,-0.165458,-2.257756,0.141258,2.922059,0.718310,0.000090,0.000095,0.663214,-1.301337,-0.892158,-2.013232,-0.611092,0.181257,-0.388708,0.000706,-0.000884,-8.729106,-72.842125,9.501156,-120.270630,12.230768,-22.667339,9.537323,0.306146,-0.236639,-5.639333,-67.972679,-5.831203,-36.612587,-0.523381,-2.412118,0.267913,0.263179,-0.521737,-5.639333,-67.972679,-5.831203,-36.612587,-0.523381,-2.412118,0.267913,0.263179,-0.521737,87.000000,87.000000,87.000000,87.000000,12.000000,12.000000,12.000000,200.000000,200.000000,0.000000,0.000000,0.000000,0.000000,0.000000,0.000000,0.000000,0.000000,0.000000
272,0.485220,1.616725,0.283082,2.862753,0.070814,-0.466972,0.014394,-0.002718,0.300179,-0.129329,-2.238863,0.087333,2.843220,0.733773,0.000115,0.000058,-0.987096,0.879446,1.351549,2.112240,-0.987602,-2.014557,0.274772,-0.002107,0.002123,18.631718,60.056793,-2.983131,91.968102,41.682377,35.431835,-11.536755,-0.181577,0.206666,23.248802,-3.542682,17.962545,68.588165,0.673513,3.940249,-0.214270,-0.385909,0.073287,23.248802,-3.542682,17.962545,68.588165,0.673513,3.940249,-0.214270,-0.385909,0.073287,87.000000,87.000000,87.000000,87.000000,12.000000,12.000000,12.000000,200.000000,200.000000,0.000000,0.000000,0.000000,0.000000,0.000000,0.000000,0.000000,0.000000,0.000000
273,-0.094587,-0.055969,-0.802684,0.281685,0.699301,0.256688,-0.173835,0.051056,0.291552,-0.175656,-2.266340,0.171350,2.927418,0.693570,0.000000,0.000168,1.708278,-1.317042,-1.581074,-2.238728,2.721637,2.607608,-0.817639,-0.001074,0.001181,-20.732143,-57.245750,18.423199,-86.462982,11.702785,0.221829,22.163303,0.038796,-0.032434,-13.498897,-70.765022,-12.892220,-31.452251,7.589589,12.000000,0.276449,0.114986,-0.444545,-13.498897,-70.765022,-12.892220,-31.452251,7.589589,12.091281,0.276449,0.114986,-0.444545,87.000000,87.000000,87.000000,87.000000,12.000000,12.000000,12.000000,200.000000,200.000000,0.000000,0.000000,0.000000,0.000000,0.000000,0.000000,0.000000,0.000000,0.000000
274,-0.127372,1.908340,-0.115477,2.760982,0.134339,-0.678975,0.029277,0.007207,0.296690,-0.129586,-2.240221,0.119221,2.847507,0.725120,0.000026,0.000145,-1.602884,0.970776,1.689330,2.166558,-1.346066,-2.612038,0.587662,-0.001461,0.001018,12.997898,59.125774,-12.938518,79.170975,32.028877,-0.512023,-20.732531,-0.024989,-0.043938,-0.797044,8.162393,0.650352,63.833858,1.065829,-5.062306,-0.307122,0.008289,-0.445927,-0.797044,8.162393,0.650352,63.833858,1.065829,-5.062306,-0.307122,0.008289,-0.445927,87.000000,87.000000,87.000000,87.000000,12.000000,12.000000,12.000000,200.000000,200.000000,0.000000,0.000000,0.000000,0.000000,0.000000,0.000000,0.000000,0.000000,0.000000
275,-0.103430,-0.104574,-0.780608,0.504768,0.463992,0.274739,-0.083138,0.047955,0.293952,-0.172786,-2.260448,0.172358,2.930444,0.711268,0.000000,0.000233,1.436632,-1.235347,-1.644024,-2.186479,1.376875,2.609041,-0.247981,-0.002534,0.001626,-14.728939,-64.186928,8.751332,-98.165726,-28.910978,0.190701,8.282884,-0.100484,0.082109,-12.554872,-73.434998,-12.611839,-23.629309,-0.584550,12.000000,0.186750,0.085920,-0.428813,-12.554872,-73.434998,-12.611839,-23.629309,-0.584550,12.567137,0.186750,0.085920,-0.428813,87.000000,87.000000,87.000000,87.000000,12.000000,12.000000,12.000000,200.000000,200.000000,0.000000,0.000000,0.000000,0.000000,0.000000,0.000000,0.000000,0.000000,0.000000
276,0.141865,1.748089,0.061604,2.385134,-0.015057,-0.835524,0.027104,0.005408,0.290814,-0.134650,-2.251857,0.094496,2.848586,0.733988,0.000022,0.000173,-1.547197,0.696824,1.533071,1.689461,-2.293688,-2.607360,0.442804,-0.002031,0.001390,11.845457,58.620026,-6.427316,85.782249,9.417070,-0.138760,-12.134437,-0.125210,0.122338,9.921989,2.812310,8.914057,51.136417,-1.592279,-11.402532,-0.229252,-0.131084,-0.247140,9.921989,2.812310,8.914057,51.136417,-1.592279,-11.402532,-0.229252,-0.131084,-0.247140,87.000000,87.000000,87.000000,87.000000,12.000000,12.000000,12.000000,200.000000,200.000000,0.000000,0.000000,0.000000,0.000000,0.000000,0.000000,0.000000,0.000000,0.000000
277,0.192350,0.202515,-0.431899,0.965886,0.516843,0.176341,-0.175398,0.034338,0.294568,-0.159098,-2.261714,0.168908,2.929825,0.693800,0.000000,0.000234,1.196226,-0.668891,-1.067844,-1.254418,2.127906,2.609930,-0.812038,-0.000793,0.000173,-3.232505,-41.199055,4.271864,-58.877682,-29.541176,0.196867,21.312155,0.077823,-0.073233,1.637840,-61.385639,-1.519111,-5.288429,-0.190896,8.679184,0.153751,0.209027,-0.599771,1.637840,-61.385639,-1.519111,-5.288429,-0.190896,8.679184,0.153751,0.209027,-0.599771,87.000000,87.000000,87.000000,87.000000,12.000000,12.000000,12.000000,200.000000,200.000000,0.000000,0.000000,0.000000,0.000000,0.000000,0.000000,0.000000,0.000000,0.000000
278,-0.540091,1.606920,-0.636451,1.812789,0.282230,-0.764329,-0.055523,0.016750,0.295188,-0.147691,-2.254815,0.146576,2.850026,0.703843,0.000000,0.000195,-0.931553,0.438461,0.569479,0.929010,-0.585943,-2.609924,0.193671,-0.000519,-0.000596,-8.400739,34.991932,-4.105736,41.336815,11.595500,-0.063186,-5.254727,0.096962,-0.099124,-21.012508,-3.854991,-15.319550,27.957911,1.705418,-8.659480,-0.071670,0.213478,-0.525141,-21.012508,-3.854991,-15.319550,27.957911,1.705418,-8.659480,-0.071670,0.213478,-0.525141,87.000000,87.000000,87.000000,87.000000,12.000000,12.000000,12.000000,200.000000,200.000000,0.000000,0.000000,0.000000,0.000000,0.000000,0.000000,0.000000,0.000000,0.000000
279,0.680806,-0.093215,0.268317,1.707927,0.136014,0.418289,-0.172942,-0.000912,0.298103,-0.130291,-2.255431,0.123817,2.928283,0.680884,0.000125,0.000061,-0.147947,-0.515794,0.397644,-0.335877,-0.777273,2.610467,-0.527843,0.005338,-0.004567,17.659754,-29.057537,1.685434,-27.691589,20.599493,71.893364,10.542114,0.119929,-0.037222,28.674337,-73.199051,20.236820,23.151825,-1.127287,12.000000,-0.116600,-0.403861,0.111959,28.674337,-73.199051,20.236820,23.151825,-1.127287,23.259960,-0.116600,-0.403861,0.111959,87.000000,87.000000,87.000000,87.000000,12.000000,12.000000,12.000000,200.000000,200.000000,0.000000,0.000000,0.000000,0.000000,0.000000,0.000000,0.000000,0.000000,0.000000
280,-0.232151,2.116590,-0.763815,0.949455,0.647826,-1.143523,-0.068392,0.041693,0.297602,-0.170927,-2.256074,0.193069,2.848141,0.691395,0.000220,0.000000,1.137852,0.272295,-1.213672,-0.031236,2.532148,-2.517000,0.312221,0.004447,-0.002084,-20.023153,26.218456,9.655373,0.231162,-4.376006,-22.153814,-6.227379,0.136520,0.001369,-16.718412,16.273893,-13.190641,-6.238561,3.428956,-12.000000,0.035729,-0.512597,0.147176,-16.718412,16.273893,-13.190641,-6.238561,3.428956,-25.506802,0.035729,-0.512597,0.147176,87.000000,87.000000,87.000000,87.000000,12.000000,12.000000,12.000000,200.000000,200.000000,0.000000,0.000000,0.000000,0.000000,0.000000,0.000000,0.000000,0.000000,0.000000
281,0.162817,-0.201354,0.237642,2.542111,-0.062429,0.673967,-0.204967,-0.018063,0.307338,-0.106745,-2.243634,0.128562,2.897424,0.668988,0.000309,0.000050,-1.799191,-0.033203,2.018494,1.121135,-2.605257,-0.405096,-0.599194,-0.001035,0.002947,15.666524,-9.028240,-6.967048,30.315336,-0.018797,18.075634,13.449396,-0.521824,0.505944,13.576464,-78.336792,12.400599,54.795959,-5.537831,12.000000,-0.047797,-1.495651,0.548536,13.576464,-78.336792,12.400599,54.795959,-5.537831,43.125107,-0.047797,-1.495651,0.548536,87.000000,87.000000,87.000000,87.000000,12.000000,12.000000,12.000000,200.000000,200.000000,0.000000,0.000000,0.000000,0.000000,0.000000,0.000000,0.000000,0.000000,0.000000
282,-0.100231,0.998996,-1.031555,0.481304,0.600473,-0.143889,-0.091413,0.043579,0.295023,-0.168343,-2.264431,0.193663,2.938832,0.678805,0.000102,0.000171,2.045443,-0.913170,-2.176082,-1.642025,2.202802,0.892837,0.328342,-0.005667,0.004298,-7.586102,-25.339096,-0.498662,-62.263596,-19.588980,-31.448977,-4.889985,-0.344171,0.343151,-13.357011,-28.000137,-22.025688,-23.631027,1.614161,-1.933013,0.161423,-0.430186,-0.066451,-13.357011,-28.000137,-22.025688,-23.631027,1.614161,-1.933013,0.161423,-0.430186,-0.066451,87.000000,87.000000,87.000000,87.000000,12.000000,12.000000,12.000000,200.000000,200.000000,0.000000,0.000000,0.000000,0.000000,0.000000,0.000000,0.000000,0.000000,0.000000
283,-0.343030,1.697127,-0.366902,2.349442,0.401601,-0.740288,-0.138484,0.010573,0.300503,-0.140116,-2.249769,0.192392,2.855186,0.677136,0.000103,0.000097,-1.462619,0.883983,1.224459,1.773838,-0.189177,-2.607828,-0.078210,-0.001574,-0.000164,-1.576381,53.858654,-6.905951,79.813316,-2.320915,-0.125585,0.289686,-0.045614,-0.039364,-10.858755,-0.774037,-7.022334,48.972836,0.944101,-8.119885,-0.210881,-0.196232,-0.271848,-10.858755,-0.774037,-7.022334,48.972836,0.944101,-8.119885,-0.210881,-0.196232,-0.271848,87.000000,87.000000,87.000000,87.000000,12.000000,12.000000,12.000000,200.000000,200.000000,0.000000,0.000000,0.000000,0.000000,0.000000,0.000000,0.000000,0.000000,0.000000
284,0.754706,-0.426061,0.326286,1.147000,-0.139050,0.499108,-0.220623,-0.005522,0.300127,-0.124697,-2.253684,0.113905,2.935637,0.655722,0.000264,0.000000,0.004221,-1.079407,0.242981,-1.203542,-2.610373,2.335599,-0.500635,0.010252,-0.006406,22.288736,-59.581753,-3.249224,-72.507774,0.616350,17.202229,13.085768,0.509727,-0.232022,31.893358,-86.922417,22.192867,0.346318,-7.600308,12.000000,0.072646,-0.365759,0.091687,31.893358,-86.922417,22.192867,0.346318,-7.600308,23.311073,0.072646,-0.365759,0.091687,87.000000,87.000000,87.000000,87.000000,12.000000,12.000000,12.000000,200.000000,200.000000,0.000000,0.000000,0.000000,0.000000,0.000000,0.000000,0.000000,0.000000,0.000000
285,-0.286277,2.006293,-0.734910,1.807200,0.533682,-0.772213,-0.110295,0.030793,0.296330,-0.155964,-2.246979,0.156854,2.856133,0.668425,0.000313,0.000000,0.965156,0.534258,-0.956433,1.089599,1.949684,-2.607199,0.386936,0.000273,-0.001402,-16.687624,49.421928,4.725004,53.999287,-3.545909,0.389185,-4.160934,-0.245673,0.061043,-17.382366,12.602396,-14.163330,27.399879,3.490061,-9.442737,0.140106,-1.092378,0.241973,-17.382366,12.602396,-14.163330,27.399879,3.490061,-9.442737,0.140106,-1.092378,0.241973,87.000000,87.000000,87.000000,87.000000,12.000000,12.000000,12.000000,200.000000,200.000000,0.000000,0.000000,0.000000,0.000000,0.000000,0.000000,0.000000,0.000000,0.000000
286,-0.268550,0.398852,-0.413657,0.999197,0.376820,-0.001775,0.043988,0.010510,0.298516,-0.134437,-2.260481,0.181276,2.925025,0.714012,0.000160,0.000108,-0.703790,-0.592236,0.632264,-1.186232,0.110201,2.074003,0.982432,-0.007495,0.006710,4.897989,-33.531479,-12.847716,-47.309139,-31.169834,-32.411926,-25.819786,-0.477593,0.497205,-9.454602,-53.614971,-8.189537,-3.580274,-1.665439,1.594811,-0.196997,-0.664268,0.157642,-9.454602,-53.614971,-8.189537,-3.580274,-1.665439,1.594811,-0.196997,-0.664268,0.157642,87.000000,87.000000,87.000000,87.000000,12.000000,12.000000,12.000000,200.000000,200.000000,0.000000,0.000000,0.000000,0.000000,0.000000,0.000000,0.000000,0.000000,0.000000
287,0.149872,0.999193,-0.285149,2.425264,0.135657,-0.305812,-0.091540,0.014483,0.302324,-0.149309,-2.245524,0.122814,2.883157,0.706644,0.000071,0.000139,0.132968,0.462539,-0.399442,1.479357,-1.354194,-1.360572,-0.220120,-0.001475,0.001738,-4.400723,29.978201,10.355125,59.206753,36.777798,24.528627,4.744310,0.031287,0.078393,4.217932,-29.079916,2.210083,51.262703,1.259515,5.180059,-0.056998,-0.010005,-0.269153,4.217932,-29.079916,2.210083,51.262703,1.259515,5.180059,-0.056998,-0.010005,-0.269153,87.000000,87.000000,87.000000,87.000000,12.000000,12.000000,12.000000,200.000000,200.000000,0.000000,0.000000,0.000000,0.000000,0.000000,0.000000,0.000000,0.000000,0.000000
288,0.402104,0.591257,-0.072453,0.381433,0.467342,-0.404581,-0.167439,0.022973,0.290952,-0.152790,-2.264246,0.178476,2.871943,0.681215,0.000098,0.000086,0.363152,-1.188736,-0.058504,-1.930683,1.620256,-0.450623,-0.491167,0.001427,-0.001553,4.700466,-44.595760,3.528422,-86.043938,-28.452271,-5.169538,13.999743,0.049798,-0.036267,13.561530,-44.364670,9.666693,-28.234995,-1.526356,-1.943254,0.210334,-0.213787,-0.138100,13.561530,-44.364670,9.666693,-28.234995,-1.526356,-1.943254,0.210334,-0.213787,-0.138100,87.000000,87.000000,87.000000,87.000000,12.000000,12.000000,12.000000,200.000000,200.000000,0.000000,0.000000,0.000000,0.000000,0.000000,0.000000,0.000000,0.000000,0.000000
289,-0.240039,1.481114,-0.498562,2.872094,0.232555,-0.040909,0.025047,0.017194,0.299433,-0.146511,-2.253883,0.144541,2.896923,0.717788,0.000091,0.000073,-0.293071,1.113760,0.173577,2.077688,-1.084114,0.909133,0.746850,-0.000616,0.000179,-3.087664,60.994896,-4.809459,107.769394,12.166693,6.150283,-21.385424,-0.078302,0.062500,-10.389588,-9.524632,-8.950286,70.999252,1.192822,7.632040,-0.365562,-0.275925,-0.057370,-10.389588,-9.524632,-8.950286,70.999252,1.192822,7.632040,-0.365562,-0.275925,-0.057370,87.000000,87.000000,87.000000,87.000000,12.000000,12.000000,12.000000,200.000000,200.000000,0.000000,0.000000,0.000000,0.000000,0.000000,0.000000,0.000000,0.000000,0.000000
290,0.045553,0.078458,-0.456362,0.106752,0.450200,-0.299332,-0.068732,0.033969,0.291775,-0.164146,-2.269815,0.182048,2.909954,0.710759,0.000071,0.000095,0.552018,-1.443860,-0.580747,-2.169978,1.021850,-0.422270,-0.059605,0.000563,-0.000032,-4.931935,-67.420799,4.317569,-106.744843,-26.614292,-43.090542,8.384124,0.026897,0.011465,-2.620472,-65.615074,-3.345781,-39.462868,-0.714562,-2.846486,0.288174,-0.166082,-0.141503,-2.620472,-65.615074,-3.345781,-39.462868,-0.714562,-2.846486,0.288174,-0.166082,-0.141503,87.000000,87.000000,87.000000,87.000000,12.000000,12.000000,12.000000,200.000000,200.000000,0.000000,0.000000,0.000000,0.000000,0.000000,0.000000,0.000000,0.000000,0.000000
291,-0.143681,1.800037,-0.380515,3.051487,0.218620,-0.325552,0.034734,0.016007,0.298670,-0.153261,-2.248485,0.141475,2.857677,0.735255,0.000091,0.000071,-0.697327,1.111458,0.458176,2.123408,-0.806630,-0.564650,0.449378,-0.002038,0.001748,0.750110,63.435490,-1.841435,84.204834,40.635624,85.699379,-16.640179,-0.225835,0.196750,-5.196269,3.542092,-4.224582,76.562393,1.715590,7.499137,-0.300542,-0.412867,0.055408,-5.196269,3.542092,-4.224582,76.562393,1.715590,7.499137,-0.300542,-0.412867,0.055408,87.000000,87.000000,87.000000,87.000000,12.000000,12.000000,12.000000,200.000000,200.000000,0.000000,0.000000,0.000000,0.000000,0.000000,0.000000,0.000000,0.000000,0.000000
292,0.890069,0.086122,0.401036,0.304146,0.082678,-0.214280,-0.129600,0.008994,0.295648,-0.139479,-2.261200,0.113267,2.901590,0.706481,0.000192,0.000000,0.148003,-1.303521,0.414556,-2.128660,-0.850530,0.995572,-0.648404,0.004705,-0.003282,21.126459,-68.027672,1.903583,-109.703186,4.368124,-31.309710,14.837293,0.182189,-0.095671,35.703403,-65.978035,26.184500,-32.405128,-3.311750,-2.009485,0.153594,-0.392322,0.073778,35.703403,-65.978035,26.184500,-32.405128,-3.311750,-2.009485,0.153594,-0.392322,0.073778,87.000000,87.000000,87.000000,87.000000,12.000000,12.000000,12.000000,200.000000,200.000000,0.000000,0.000000,0.000000,0.000000,0.000000,0.000000,0.000000,0.000000,0.000000
293,-0.825808,1.606741,-1.290996,2.672612,0.755378,-0.130699,-0.067141,0.051544,0.298911,-0.177279,-2.262246,0.196566,2.904480,0.706162,0.000075,0.000129,1.030577,0.980423,-1.318518,1.697774,2.793629,-0.131394,0.062944,-0.001151,0.002395,-32.073303,63.438381,4.646852,105.012253,-1.129503,3.759697,-1.220904,0.109475,-0.065677,-41.736752,-3.964142,-33.677464,64.525383,6.961776,6.047372,-0.148004,0.081639,-0.515987,-41.736752,-3.964142,-33.677464,64.525383,6.961776,6.047372,-0.148004,0.081639,-0.515987,87.000000,87.000000,87.000000,87.000000,12.000000,12.000000,12.000000,200.000000,200.000000,0.000000,0.000000,0.000000,0.000000,0.000000,0.000000,0.000000,0.000000,0.000000
294,0.370087,0.224557,0.271878,0.461285,-0.089390,-0.390857,-0.062058,-0.000202,0.293866,-0.128127,-2.266801,0.120089,2.883529,0.709077,0.000108,0.000110,-1.588976,-1.193063,1.749861,-1.635807,-2.639363,-0.712424,-0.007525,-0.000471,0.000885,23.352346,-55.613518,-9.314603,-96.686737,1.616349,0.737690,0.690226,-0.051573,-0.011617,20.302103,-59.869987,16.024593,-26.224922,-6.070098,-1.285808,0.130373,-0.279877,-0.312828,20.302103,-59.869987,16.024593,-26.224922,-6.070098,-1.285808,0.130373,-0.279877,-0.312828,87.000000,87.000000,87.000000,87.000000,12.000000,12.000000,12.000000,200.000000,200.000000,0.000000,0.000000,0.000000,0.000000,0.000000,0.000000,0.000000,0.000000,0.000000
295,-0.094562,1.113552,-0.748084,2.865917,0.489339,0.222050,0.018142,0.038933,0.297753,-0.168833,-2.266721,0.156238,2.960166,0.728521,0.000000,0.000274,1.416505,0.811919,-1.622808,1.686379,1.353453,2.200879,0.494187,-0.003219,0.003587,-12.378294,50.676910,3.063776,106.644569,-11.826732,-24.757732,-10.213004,-0.034837,0.005019,-11.286250,-23.875011,-12.016170,72.746307,2.783966,7.811331,-0.174348,0.263797,-0.780460,-11.286250,-23.875011,-12.016170,72.746307,2.783966,7.811331,-0.174348,0.263797,-0.780460,87.000000,87.000000,87.000000,87.000000,12.000000,12.000000,12.000000,200.000000,200.000000,0.000000,0.000000,0.000000,0.000000,0.000000,0.000000,0.000000,0.000000,0.000000
296,0.538179,0.808271,0.451496,0.230436,-0.015242,-1.018463,0.050464,-0.005104,0.293104,-0.118958,-2.257426,0.098320,2.881559,0.746627,0.000022,0.000189,-1.440439,-0.998088,1.966413,-1.279354,-1.581013,-2.376586,0.340581,0.000359,-0.001701,23.889053,-45.146030,-5.160613,-96.232758,13.752908,-39.977680,-9.622318,0.182540,-0.225253,27.082542,-36.401302,22.077057,-37.051216,-3.755019,-12.000000,0.112082,0.230912,-0.677118,27.082542,-36.401302,22.077057,-37.051216,-3.755019,-24.906366,0.112082,0.230912,-0.677118,87.000000,87.000000,87.000000,87.000000,12.000000,12.000000,12.000000,200.000000,200.000000,0.000000,0.000000,0.000000,0.000000,0.000000,0.000000,0.000000,0.000000,0.000000
297,-0.915414,1.054332,-1.551651,2.862955,0.786801,0.391883,-0.027914,0.048854,0.302505,-0.175442,-2.254936,0.188125,2.953725,0.736923,0.000000,0.000304,1.525291,0.946235,-2.090525,1.652024,2.836771,2.612371,-0.165334,-0.000740,0.000681,-31.624994,51.472126,3.919515,87.597153,12.531151,121.728821,3.871434,0.144738,-0.048215,-46.432617,-26.914066,-42.166523,70.578140,9.773643,12.000000,-0.130611,0.315256,-0.744511,-46.432617,-26.914066,-42.166523,70.578140,9.773643,23.404888,-0.130611,0.315256,-0.744511,87.000000,87.000000,87.000000,87.000000,12.000000,12.000000,12.000000,200.000000,200.000000,0.000000,0.000000,0.000000,0.000000,0.000000,0.000000,0.000000,0.000000,0.000000
298,0.718467,1.020291,0.661969,-0.295378,-0.120369,-1.473076,-0.039383,-0.006658,0.295058,-0.124042,-2.267802,0.106999,2.895076,0.730068,0.000046,0.000221,-1.822809,-1.079356,2.126340,-2.156868,-2.603676,-1.346102,-0.163801,0.003563,-0.003805,23.951674,-45.995815,-1.256246,-102.140625,1.572518,-82.767029,8.037408,0.591002,-0.547742,35.528465,-27.997976,30.590405,-55.295834,-6.555989,-12.000000,0.151763,0.628677,-1.126353,35.528465,-27.997976,30.590405,-55.295834,-6.555989,-50.430004,0.151763,0.628677,-1.126353,87.000000,87.000000,87.000000,87.000000,12.000000,12.000000,12.000000,200.000000,200.000000,0.000000,0.000000,0.000000,0.000000,0.000000,0.000000,0.000000,0.000000,0.000000
299,-0.195449,0.514965,-0.677441,3.824902,0.444711,0.703845,-0.204355,0.016451,0.300059,-0.144374,-2.270635,0.135738,2.936421,0.686661,0.000000,0.000269,1.095166,0.539624,-1.205667,1.683240,1.045777,-0.669774,-1.037509,-0.000122,-0.003205,-4.220702,43.662441,-6.082541,121.590004,-10.673539,-19.204283,23.827263,0.289284,-0.527524,-12.315632,-47.475990,-12.633086,87.000000,3.673694,12.000000,0.506743,0.494320,-1.240872,-12.315632,-47.475990,-12.633086,112.380257,3.673694,39.268623,0.506743,0.494320,-1.240872,87.000000,87.000000,87.000000,87.000000,12.000000,12.000000,12.000000,200.000000,200.000000,0.000000,0.000000,0.000000,0.000000,0.000000,0.000000,0.000000,0.000000,0.000000
300,0.386348,0.861112,0.107751,0.653182,0.106719,-0.367808,-0.098022,0.006641,0.301116,-0.130820,-2.256162,0.110713,2.905195,0.688900,0.000063,0.000122,-0.397658,-0.595212,0.714169,-0.625502,-0.807664,-0.893795,0.035840,0.000718,-0.001637,5.967827,-30.631443,6.472914,-69.576958,6.282910,12.014597,-1.635638,-0.067487,0.150182,16.267115,-35.160320,13.298648,-20.539587,-2.154295,-0.968333,0.052823,-0.286303,0.097044,16.267115,-35.160320,13.298648,-20.539587,-2.154295,-0.968333,0.052823,-0.286303,0.097044,87.000000,87.000000,87.000000,87.000000,12.000000,12.000000,12.000000,200.000000,200.000000,0.000000,0.000000,0.000000,0.000000,0.000000,0.000000,0.000000,0.000000,0.000000
301,-0.862947,0.996252,-1.350546,1.862035,0.725286,-0.025327,-0.046605,0.047650,0.299214,-0.176137,-2.267749,0.194601,2.937600,0.701470,0.000000,0.000270,1.107310,0.099024,-1.662744,0.196003,2.689938,0.866130,0.338539,-0.000926,0.003858,-28.615013,17.868429,3.135330,34.041027,-3.034544,-12.082667,-7.616645,-0.017100,0.108766,-42.880341,-28.660995,-35.344368,32.484650,6.086117,4.084040,-0.056280,0.064133,-0.603667,-42.880341,-28.660995,-35.344368,32.484650,6.086117,4.084040,-0.056280,0.064133,-0.603667,87.000000,87.000000,87.000000,87.000000,12.000000,12.000000,12.000000,200.000000,200.000000,0.000000,0.000000,0.000000,0.000000,0.000000,0.000000,0.000000,0.000000,0.000000
302,1.026262,0.828933,1.065745,1.440420,-0.445631,-0.711748,-0.105096,-0.012810,0.297648,-0.116524,-2.252956,0.116601,2.854381,0.697446,0.000080,0.000158,-1.670488,-0.289584,2.134634,0.285030,-2.548727,-2.607783,-0.162548,-0.000733,-0.000842,28.233160,-5.316882,-1.907287,-11.178040,-51.585793,0.474944,9.163453,-0.102211,-0.097628,48.139679,-35.517307,46.114567,11.638388,-12.000000,-6.871840,0.326851,-0.299775,-0.447163,48.139679,-35.517307,46.114567,11.638388,-23.786863,-6.871840,0.326851,-0.299775,-0.447163,87.000000,87.000000,87.000000,87.000000,12.000000,12.000000,12.000000,200.000000,200.000000,0.000000,0.000000,0.000000,0.000000,0.000000,0.000000,0.000000,0.000000,0.000000
303,-0.644848,0.501109,-1.364525,1.828310,0.845980,0.682360,-0.161643,0.044828,0.296036,-0.172286,-2.260193,0.201730,2.922961,0.677906,0.000000,0.000315,1.821628,-0.221293,-2.153065,0.073328,2.604050,1.233938,-0.366181,-0.000966,-0.001123,-21.302389,-0.807967,0.266862,8.837356,0.141921,33.401161,8.655794,0.188371,-0.380815,-35.469612,-48.393726,-34.986778,29.252163,10.950187,12.000000,0.067171,0.410568,-1.186282,-35.469612,-48.393726,-34.986778,29.252163,10.950187,36.721684,0.067171,0.410568,-1.186282,87.000000,87.000000,87.000000,87.000000,12.000000,12.000000,12.000000,200.000000,200.000000,0.000000,0.000000,0.000000,0.000000,0.000000,0.000000,0.000000,0.000000,0.000000
304,0.236648,1.610933,0.221280,1.106500,-0.111708,-1.011103,0.079439,-0.005236,0.295328,-0.128359,-2.246224,0.119943,2.838948,0.728456,0.000024,0.000186,-1.791847,0.015389,1.810524,0.275860,-2.602521,-2.608422,1.063934,-0.000422,-0.001780,15.778111,11.868261,-5.519907,-11.389480,-0.182462,-6.565060,-24.656923,0.067503,-0.097989,15.431300,-3.897430,14.128031,-2.248670,-7.165714,-12.000000,-0.077630,0.073871,-0.445464,15.431300,-3.897430,14.128031,-2.248670,-7.165714,-18.082138,-0.077630,0.073871,-0.445464,87.000000,87.000000,87.000000,87.000000,12.000000,12.000000,12.000000,200.000000,200.000000,0.000000,0.000000,0.000000,0.000000,0.000000,0.000000,0.000000,0.000000,0.000000
305,0.242136,0.326687,-0.324659,1.879056,0.429416,0.279759,0.058139,0.016615,0.299313,-0.146151,-2.255933,0.158972,2.919263,0.747816,0.000000,0.000247,1.063645,-0.132598,-0.927140,-0.162939,1.261237,2.613200,0.480728,-0.000725,0.000916,0.375581,-7.862791,2.772224,5.537637,-7.377526,31.251095,-11.087720,0.110894,0.010209,5.599006,-56.313416,1.283005,31.518425,0.750312,12.000000,-0.151946,0.257291,-0.541746,5.599006,-56.313416,1.283005,31.518425,0.750312,15.723110,-0.151946,0.257291,-0.541746,87.000000,87.000000,87.000000,87.000000,12.000000,12.000000,12.000000,200.000000,200.000000,0.000000,0.000000,0.000000,0.000000,0.000000,0.000000,0.000000,0.000000,0.000000
306,-0.490233,1.245248,-0.788920,1.032115,0.426420,-0.833828,-0.055587,0.029408,0.293401,-0.163966,-2.259904,0.175202,2.840113,0.731153,0.000005,0.000226,-0.017189,-0.337016,-0.313917,-0.424366,0.526237,-2.611435,-0.373163,0.000304,-0.002127,-19.272102,-1.169316,6.434993,-21.891336,-5.405674,0.089335,9.901942,0.215005,-0.278841,-23.041922,-18.184105,-17.211695,-2.878090,1.289323,-10.633148,0.130501,0.327914,-0.793832,-23.041922,-18.184105,-17.211695,-2.878090,1.289323,-10.633148,0.130501,0.327914,-0.793832,87.000000,87.000000,87.000000,87.000000,12.000000,12.000000,12.000000,200.000000,200.000000,0.000000,0.000000,0.000000,0.000000,0.000000,0.000000,0.000000,0.000000,0.000000
307,0.805354,0.339029,0.634665,2.806892,-0.234686,0.471925,-0.130339,-0.022569,0.301415,-0.107636,-2.240439,0.101467,2.893718,0.707172,0.000170,0.000072,-1.130422,0.367052,1.575116,1.811895,-2.591397,0.361594,-0.589616,0.004515,-0.001154,36.504013,19.081732,-13.896803,60.190441,0.230727,62.272465,13.694704,-0.057801,0.348474,38.927330,-55.717621,29.268181,65.011223,-10.232444,12.000000,-0.128139,-0.764018,0.524812,38.927330,-55.717621,29.268181,65.011223,-10.232444,35.664162,-0.128139,-0.764018,0.524812,87.000000,87.000000,87.000000,87.000000,12.000000,12.000000,12.000000,200.000000,200.000000,0.000000,0.000000,0.000000,0.000000,0.000000,0.000000,0.000000,0.000000,0.000000
308,-0.424665,1.253680,-1.395800,-0.432166,0.934943,-0.625395,-0.107460,0.046614,0.286794,-0.173376,-2.263527,0.174655,2.850650,0.693980,0.000164,0.000057,2.023202,-1.118790,-2.157970,-2.171099,2.535385,-2.097864,-0.174312,-0.000519,-0.000823,-15.191244,-31.497192,0.682568,-92.322426,8.805684,-29.765015,7.258620,-0.385145,0.127293,-26.962254,-17.040060,-36.178951,-60.772568,12.000000,-5.816637,0.328709,-0.976948,0.146757,-26.962254,-17.040060,-36.178951,-60.772568,17.101917,-5.816637,0.328709,-0.976948,0.146757,87.000000,87.000000,87.000000,87.000000,12.000000,12.000000,12.000000,200.000000,200.000000,0.000000,0.000000,0.000000,0.000000,0.000000,0.000000,0.000000,0.000000,0.000000
309,0.013364,1.076056,0.074296,3.662241,0.017431,0.262590,-0.123047,-0.009969,0.298588,-0.115121,-2.252351,0.115472,2.908732,0.690466,0.000292,0.000011,-1.887894,1.108653,1.986452,2.095289,-2.201884,2.610510,-0.215200,-0.001260,0.001347,15.062376,64.120903,-10.507249,113.023643,23.718552,134.427826,2.557818,-0.421739,0.418435,7.095784,-25.335913,6.449529,87.000000,-1.065203,12.000000,-0.098374,-1.220118,0.562678,7.095784,-25.335913,6.449529,102.866829,-1.065203,22.486357,-0.098374,-1.220118,0.562678,87.000000,87.000000,87.000000,87.000000,12.000000,12.000000,12.000000,200.000000,200.000000,0.000000,0.000000,0.000000,0.000000,0.000000,0.000000,0.000000,0.000000,0.000000
310,-0.353945,0.307126,-1.205869,-0.001407,0.726551,-0.243026,-0.140773,0.045143,0.294510,-0.177608,-2.267431,0.187518,2.937016,0.677655,0.000190,0.000066,1.738904,-1.272497,-2.156276,-2.181991,2.558319,-0.197740,-0.185715,-0.004314,0.003776,-12.022604,-62.802654,0.654917,-109.960495,6.186532,-49.476616,6.694295,-0.554872,0.596424,-23.077839,-56.865761,-28.244501,-44.110512,7.555248,-3.775545,0.307135,-1.074046,0.616450,-23.077839,-56.865761,-28.244501,-44.110512,7.555248,-3.775545,0.307135,-1.074046,0.616450,87.000000,87.000000,87.000000,87.000000,12.000000,12.000000,12.000000,200.000000,200.000000,0.000000,0.000000,0.000000,0.000000,0.000000,0.000000,0.000000,0.000000,0.000000
311,0.798250,1.563591,0.884802,3.058114,-0.301602,-0.572810,0.043369,-0.014674,0.298764,-0.117086,-2.243649,0.111307,2.852645,0.721426,0.000251,0.000027,-1.750264,0.868253,2.143767,2.173689,-2.535825,-2.460697,0.868465,-0.003700,0.001573,24.628206,53.896168,-1.937914,85.298775,-10.842761,8.406657,-24.430845,-0.357627,0.161757,39.179790,-5.798442,38.930695,76.359344,-12.000000,-1.199303,-0.404799,-0.865919,0.112276,39.179790,-5.798442,38.930695,76.359344,-14.781539,-1.199303,-0.404799,-0.865919,0.112276,87.000000,87.000000,87.000000,87.000000,12.000000,12.000000,12.000000,200.000000,200.000000,0.000000,0.000000,0.000000,0.000000,0.000000,0.000000,0.000000,0.000000,0.000000
312,-0.001889,-0.047028,-0.826918,0.579726,0.706509,0.415027,-0.180490,0.049143,0.296049,-0.171768,-2.260909,0.192412,2.936814,0.685318,0.000021,0.000167,2.272239,-1.172012,-2.127851,-2.033166,2.599538,2.606148,-0.736297,-0.002456,0.001114,-8.029088,-59.394737,2.294583,-94.425591,1.936855,0.070767,18.007771,0.072920,-0.085698,-10.526348,-71.167259,-13.533733,-20.754387,6.035117,12.000000,0.224439,0.202019,-0.539992,-10.526348,-71.167259,-13.533733,-20.754387,6.035117,17.669231,0.224439,0.202019,-0.539992,87.000000,87.000000,87.000000,87.000000,12.000000,12.000000,12.000000,200.000000,200.000000,0.000000,0.000000,0.000000,0.000000,0.000000,0.000000,0.000000,0.000000,0.000000
313,-0.441038,2.090235,-0.514755,2.378006,0.374792,-0.834797,0.028492,0.027483,0.303039,-0.150801,-2.241215,0.180674,2.855015,0.720097,0.000059,0.000113,-1.212456,1.144727,1.045022,2.113611,-0.346209,-2.607441,0.737833,0.001180,-0.001655,-8.260438,67.359192,-3.557267,91.125816,5.270696,-0.125356,-18.785948,0.208904,-0.234257,-17.183807,14.825971,-11.405940,49.182339,1.672374,-11.887153,-0.238390,0.149003,-0.515402,-17.183807,14.825971,-11.405940,49.182339,1.672374,-11.887153,-0.238390,0.149003,-0.515402,87.000000,87.000000,87.000000,87.000000,12.000000,12.000000,12.000000,200.000000,200.000000,0.000000,0.000000,0.000000,0.000000,0.000000,0.000000,0.000000,0.000000,0.000000
314,0.064227,-0.472615,-0.405642,0.563752,0.266974,0.310467,-0.208135,0.026769,0.299383,-0.156043,-2.262473,0.169242,2.937550,0.680036,0.000115,0.000062,0.221004,-1.384559,-0.409147,-2.225349,-0.603691,2.608770,-0.878479,0.005157,-0.004092,1.644089,-74.181274,0.092694,-101.507629,-1.938844,0.052042,21.553865,0.262381,-0.185847,-0.024607,-87.000000,-2.701869,-21.254602,-1.432311,12.000000,0.094221,-0.156543,-0.146464,-0.024607,-88.797760,-2.701869,-21.254602,-1.432311,13.417515,0.094221,-0.156543,-0.146464,87.000000,87.000000,87.000000,87.000000,12.000000,12.000000,12.000000,200.000000,200.000000,0.000000,0.000000,0.000000,0.000000,0.000000,0.000000,0.000000,0.000000,0.000000
315,0.653309,2.127544,0.416418,2.556420,-0.041273,-0.952833,0.047038,-0.002491,0.303408,-0.125073,-2.243230,0.087219,2.854542,0.721735,0.000169,0.000036,-0.823908,1.106069,1.181714,2.170557,-2.142178,-2.609169,0.862567,-0.002472,0.002112,19.534723,70.122124,-1.238015,96.299835,17.581171,-0.406737,-25.753912,-0.329450,0.227289,29.567402,16.590506,23.520315,56.713398,-2.056052,-12.000000,-0.332269,-0.729714,0.167618,29.567402,16.590506,23.520315,56.713398,-2.056052,-16.580032,-0.332269,-0.729714,0.167618,87.000000,87.000000,87.000000,87.000000,12.000000,12.000000,12.000000,200.000000,200.000000,0.000000,0.000000,0.000000,0.000000,0.000000,0.000000,0.000000,0.000000,0.000000
316,-0.540491,-0.647821,-1.173821,0.863130,0.931995,0.779436,-0.173720,0.051089,0.302901,-0.175226,-2.257039,0.172393,2.935540,0.687232,0.000000,0.000208,1.677514,-1.164953,-1.877040,-1.730665,2.588528,2.093746,-0.702508,-0.001889,0.002320,-27.049618,-68.648590,12.739705,-89.696068,11.351408,-3.941216,14.239840,0.224539,-0.178567,-31.712675,-87.000000,-27.190643,-10.376603,12.000000,12.000000,-0.001607,0.524254,-0.860791,-31.712675,-96.359009,-27.190643,-10.376603,17.370613,33.935223,-0.001607,0.524254,-0.860791,87.000000,87.000000,87.000000,87.000000,12.000000,12.000000,12.000000,200.000000,200.000000,0.000000,0.000000,0.000000,0.000000,0.000000,0.000000,0.000000,0.000000,0.000000
317,0.057116,2.285492,-0.059597,1.756897,0.231904,-1.165097,0.011327,0.018274,0.300859,-0.147043,-2.253397,0.147194,2.851150,0.716961,0.000059,0.000124,-1.371166,0.716775,1.303377,1.102025,-0.782951,-2.607935,0.618203,0.001061,-0.002396,2.574041,57.883072,-0.286238,58.683224,7.836552,-0.151949,-16.127972,0.121584,-0.237364,4.505608,23.404043,6.010501,26.144815,-0.074013,-12.000000,-0.206286,0.008547,-0.501221,4.505608,23.404043,6.010501,26.144815,-0.074013,-24.790867,-0.206286,0.008547,-0.501221,87.000000,87.000000,87.000000,87.000000,12.000000,12.000000,12.000000,200.000000,200.000000,0.000000,0.000000,0.000000,0.000000,0.000000,0.000000,0.000000,0.000000,0.000000
318,-0.040552,-0.502022,-0.506590,1.803591,0.448568,0.795609,-0.125450,0.021982,0.307261,-0.153766,-2.252271,0.181706,2.911747,0.698421,0.000035,0.000125,0.464570,-0.566491,-0.678031,-0.164597,0.580936,0.447643,-0.386281,0.001112,-0.001250,1.608446,-40.404060,-5.233311,-25.328770,-15.626627,7.901084,9.500520,0.043578,-0.018789,-4.605459,-87.000000,-6.317980,26.242445,1.341415,12.000000,-0.047183,-0.095790,-0.179000,-4.605459,-90.790474,-6.317980,26.242445,1.341415,43.134991,-0.047183,-0.095790,-0.179000,87.000000,87.000000,87.000000,87.000000,12.000000,12.000000,12.000000,200.000000,200.000000,0.000000,0.000000,0.000000,0.000000,0.000000,0.000000,0.000000,0.000000,0.000000
319,0.402675,1.513577,0.064570,1.137951,-0.048394,-0.688597,-0.105829,0.010866,0.296389,-0.148428,-2.250840,0.099023,2.829627,0.694311,0.000031,0.000168,-0.426240,-0.299720,0.455429,-0.056049,-2.398980,-2.611366,-0.142955,-0.002771,0.005174,4.161004,10.396281,8.685191,-8.773294,12.687892,-0.106001,1.965370,-0.247285,0.394061,16.549522,-7.126237,13.807222,0.410984,-2.841501,-3.992105,-0.000864,-0.296662,-0.019394,16.549522,-7.126237,13.807222,0.410984,-2.841501,-3.992105,-0.000864,-0.296662,-0.019394,87.000000,87.000000,87.000000,87.000000,12.000000,12.000000,12.000000,200.000000,200.000000,0.000000,0.000000,0.000000,0.000000,0.000000,0.000000,0.000000,0.000000,0.000000
320,-0.350154,0.721791,-0.847790,2.132931,0.783434,0.384293,-0.110771,0.035028,0.302805,-0.171297,-2.252705,0.186015,2.906535,0.688842,0.000000,0.000309,0.803881,0.273975,-0.985017,0.579809,2.657188,2.157076,-0.028709,-0.001643,0.000926,-14.761043,14.067629,3.528120,31.344006,2.371073,61.032867,2.514264,0.162718,-0.271536,-19.826199,-40.600811,-17.316143,40.830563,9.713246,12.000000,-0.052030,0.435475,-1.127409,-19.826199,-40.600811,-17.316143,40.830563,9.713246,24.654785,-0.052030,0.435475,-1.127409,87.000000,87.000000,87.000000,87.000000,12.000000,12.000000,12.000000,200.000000,200.000000,0.000000,0.000000,0.000000,0.000000,0.000000,0.000000,0.000000,0.000000,0.000000
321,0.391760,0.960480,0.306277,0.888541,-0.231406,-0.739290,-0.011047,-0.011370,0.298494,-0.126984,-2.244497,0.102551,2.827908,0.712445,0.000000,0.000260,-1.478168,-0.577572,1.671987,-0.463966,-2.614787,-2.609817,0.460565,-0.001091,-0.000553,19.534412,-18.266808,-4.963288,-47.954441,1.073127,0.005608,-10.236800,0.111233,-0.182068,21.529573,-30.310392,17.792137,-11.233657,-10.447606,-5.884917,0.023329,0.294470,-0.819246,21.529573,-30.310392,17.792137,-11.233657,-10.447606,-5.884917,0.023329,0.294470,-0.819246,87.000000,87.000000,87.000000,87.000000,12.000000,12.000000,12.000000,200.000000,200.000000,0.000000,0.000000,0.000000,0.000000,0.000000,0.000000,0.000000,0.000000,0.000000
322,-0.518380,0.861583,-1.104925,2.452010,0.581272,0.503009,0.064527,0.031732,0.306781,-0.174723,-2.241271,0.167501,2.891100,0.740826,0.000014,0.000325,1.500919,0.544575,-2.002186,1.227189,1.772707,0.810063,0.720583,0.000848,-0.001834,-22.237093,28.601284,3.313250,57.518162,-17.264835,49.853054,-13.463981,0.297669,-0.267173,-28.573822,-35.184917,-24.604488,52.316578,4.698285,12.000000,-0.107282,0.411290,-0.975538,-28.573822,-35.184917,-24.604488,52.316578,4.698285,34.773342,-0.107282,0.411290,-0.975538,87.000000,87.000000,87.000000,87.000000,12.000000,12.000000,12.000000,200.000000,200.000000,0.000000,0.000000,0.000000,0.000000,0.000000,0.000000,0.000000,0.000000,0.000000
323,0.964857,0.602338,0.807033,0.423123,-0.189518,-0.749589,-0.138043,-0.016727,0.293936,-0.123666,-2.245533,0.085675,2.811782,0.709175,0.000012,0.000285,-1.485144,-1.254764,2.064723,-1.521394,-2.672204,-2.612057,-0.770144,-0.002853,0.004083,28.894520,-43.848328,0.560217,-90.276711,1.857290,0.072026,18.915630,-0.138700,0.336343,45.482224,-43.921207,36.763676,-29.370987,-7.225180,-4.970743,0.170333,-0.075299,-0.313939,45.482224,-43.921207,36.763676,-29.370987,-7.225180,-4.970743,0.170333,-0.075299,-0.313939,87.000000,87.000000,87.000000,87.000000,12.000000,12.000000,12.000000,200.000000,200.000000,0.000000,0.000000,0.000000,0.000000,0.000000,0.000000,0.000000,0.000000,0.000000
324,-0.800720,1.075001,-1.472749,2.961926,0.805466,0.692815,0.021296,0.040666,0.297552,-0.179879,-2.243855,0.169715,2.848948,0.728267,0.000064,0.000360,1.723843,0.789553,-2.161983,1.977164,2.624629,-0.862084,0.493304,0.003863,-0.008381,-28.037287,53.855240,5.016846,96.261826,59.470856,70.519051,-23.999563,0.664818,-1.037434,-41.551880,-25.090187,-38.306129,72.973175,12.000000,12.000000,-0.951799,0.721690,-1.880664,-41.551880,-25.090187,-38.306129,72.973175,15.930294,52.772789,-0.951799,0.721690,-1.880664,87.000000,87.000000,87.000000,87.000000,12.000000,12.000000,12.000000,200.000000,200.000000,0.000000,0.000000,0.000000,0.000000,0.000000,0.000000,0.000000,0.000000,0.000000
325,0.950904,0.815431,0.815664,0.215814,-0.264238,-0.585328,0.020298,-0.010552,0.294584,-0.124466,-2.239833,0.089646,2.819890,0.740487,0.000137,0.000163,-1.515046,-0.976184,2.124423,-1.488020,-2.708656,-0.843325,0.193084,0.000004,-0.003727,28.955254,-45.854462,-1.696372,-102.623245,-21.994856,1.616671,1.271559,-0.071376,-0.010061,44.581291,-36.313969,36.794079,-38.928982,-12.000000,-3.614584,0.471645,-0.405237,-0.108533,44.581291,-36.313969,36.794079,-38.928982,-12.009860,-3.614584,0.471645,-0.405237,-0.108533,87.000000,87.000000,87.000000,87.000000,12.000000,12.000000,12.000000,200.000000,200.000000,0.000000,0.000000,0.000000,0.000000,0.000000,0.000000,0.000000,0.000000,0.000000
326,-1.014907,1.042247,-1.725376,2.786541,0.883933,0.487757,0.063854,0.047413,0.302287,-0.184472,-2.242512,0.170385,2.884042,0.754927,0.000010,0.000261,1.561193,0.805084,-2.149671,1.592784,2.623014,0.352407,0.382497,0.000591,-0.001961,-30.404518,45.735703,5.186519,84.803192,99.158630,40.628357,-22.543364,0.323688,-0.368213,-50.336674,-27.313215,-48.075829,66.320747,12.000000,12.000000,-1.057562,0.480398,-0.999397,-50.336674,-27.313215,-48.075829,66.320747,21.552515,35.737656,-1.057562,0.480398,-0.999397,87.000000,87.000000,87.000000,87.000000,12.000000,12.000000,12.000000,200.000000,200.000000,0.000000,0.000000,0.000000,0.000000,0.000000,0.000000,0.000000,0.000000,0.000000
327,0.868559,0.512888,0.818847,0.470300,-0.229883,-0.603492,0.053272,-0.010200,0.296647,-0.128328,-2.239127,0.090300,2.830688,0.762296,0.000055,0.000184,-1.714140,-1.095181,2.133634,-1.360930,-2.651810,-1.656735,0.089834,-0.000253,-0.000451,27.203642,-47.758801,0.759473,-95.864998,2.366438,16.921448,-1.323594,0.019701,-0.131282,41.683182,-48.366779,37.373623,-28.762259,-9.226616,-2.144484,0.113429,-0.083213,-0.579920,41.683182,-48.366779,37.373623,-28.762259,-9.226616,-2.144484,0.113429,-0.083213,-0.579920,87.000000,87.000000,87.000000,87.000000,12.000000,12.000000,12.000000,200.000000,200.000000,0.000000,0.000000,0.000000,0.000000,0.000000,0.000000,0.000000,0.000000,0.000000
328,-0.600715,0.990358,-1.309738,2.773201,0.775935,0.502593,-0.038979,0.043667,0.299167,-0.183531,-2.242756,0.176612,2.892282,0.742039,0.000007,0.000271,1.726429,0.627892,-2.163826,1.534920,2.619414,0.336067,-0.393709,0.000442,-0.002289,-21.962978,44.797729,0.747700,88.024727,5.310473,33.030460,7.519572,0.235359,-0.346243,-33.413559,-28.712322,-31.810181,66.193039,10.587027,12.000000,-0.156656,0.348019,-0.973265,-33.413559,-28.712322,-31.810181,66.193039,10.587027,35.201424,-0.156656,0.348019,-0.973265,87.000000,87.000000,87.000000,87.000000,12.000000,12.000000,12.000000,200.000000,200.000000,0.000000,0.000000,0.000000,0.000000,0.000000,0.000000,0.000000,0.000000,0.000000
329,1.012307,0.908763,0.959191,0.191345,-0.290858,-0.907485,-0.101181,-0.009550,0.290544,-0.125803,-2.242430,0.093861,2.808455,0.718326,0.000024,0.000234,-1.482842,-1.085740,2.119231,-1.542367,-2.714912,-2.612412,-0.587532,-0.002258,0.004112,30.112072,-41.685013,-1.974692,-98.934380,-28.120392,0.644774,21.272717,-0.120459,0.288271,46.936226,-31.725357,42.636475,-39.329128,-12.000000,-11.005608,0.636704,-0.121014,-0.277243,46.936226,-31.725357,42.636475,-39.329128,-13.800411,-11.005608,0.636704,-0.121014,-0.277243,87.000000,87.000000,87.000000,87.000000,12.000000,12.000000,12.000000,200.000000,200.000000,0.000000,0.000000,0.000000,0.000000,0.000000,0.000000,0.000000,0.000000,0.000000
330,-1.139416,1.012151,-1.869262,2.875440,1.106883,0.704911,-0.091637,0.048669,0.297193,-0.187261,-2.244496,0.162343,2.841643,0.706804,0.000000,0.000410,1.474253,0.807155,-2.233463,1.835386,0.913127,-1.291979,0.013589,-0.000822,-0.003726,-29.823866,48.778690,0.375552,88.639565,85.038994,67.681664,3.634355,0.399138,-0.811086,-55.102394,-27.926241,-53.590034,69.388611,12.000000,12.000000,-1.111719,0.747443,-1.916356,-55.102394,-27.926241,-53.590034,69.388611,36.570435,55.218018,-1.111719,0.747443,-1.916356,87.000000,87.000000,87.000000,87.000000,12.000000,12.000000,12.000000,200.000000,200.000000,0.000000,0.000000,0.000000,0.000000,0.000000,0.000000,0.000000,0.000000,0.000000
331,1.285834,0.393900,1.189540,0.840528,-0.314143,-0.218951,-0.043154,-0.009772,0.298200,-0.124702,-2.237187,0.080773,2.882370,0.713927,0.000220,0.000047,-1.417223,-0.793166,2.119718,-0.897973,-2.632474,1.062875,0.108379,0.006469,-0.008534,35.484852,-42.804935,0.056491,-70.447853,-0.191331,-26.092371,-2.570874,0.217919,-0.036712,58.016064,-53.773026,51.903694,-13.896706,-12.000000,-0.550011,-0.001771,-0.500391,0.376360,58.016064,-53.773026,51.903694,-13.896706,-12.044236,-0.550011,-0.001771,-0.500391,0.376360,87.000000,87.000000,87.000000,87.000000,12.000000,12.000000,12.000000,200.000000,200.000000,0.000000,0.000000,0.000000,0.000000,0.000000,0.000000,0.000000,0.000000,0.000000
332,-1.050433,1.608802,-1.826354,1.368607,1.103356,-0.451963,0.067804,0.053003,0.291909,-0.187598,-2.257185,0.148563,2.849682,0.741170,0.000099,0.000115,1.621008,0.078738,-2.156475,-0.269610,1.886142,-1.296657,0.785118,-0.000724,-0.000052,-27.878679,25.382719,0.449696,12.722700,62.360111,15.381595,-15.566539,-0.019024,-0.071481,-52.137016,-3.110150,-52.202164,11.845901,12.000000,1.518272,-0.486428,-0.214287,-0.355625,-52.137016,-3.110150,-52.202164,11.845901,32.133423,1.518272,-0.486428,-0.214287,-0.355625,87.000000,87.000000,87.000000,87.000000,12.000000,12.000000,12.000000,200.000000,200.000000,0.000000,0.000000,0.000000,0.000000,0.000000,0.000000,0.000000,0.000000,0.000000
333,0.915191,0.538115,1.009499,2.331409,-0.181965,-0.168995,-0.024639,-0.008593,0.304317,-0.122909,-2.240497,0.078976,2.863425,0.738072,0.000302,0.000000,-1.661341,0.382198,2.162060,1.140880,-2.429276,0.513456,-0.147931,0.001725,-0.000443,26.685982,8.934109,-0.657406,38.070786,-1.943564,0.094192,2.876745,-0.313709,0.277300,43.253906,-48.659729,44.401535,46.784672,-7.255233,5.930590,-0.196154,-1.253248,0.506513,43.253906,-48.659729,44.401535,46.784672,-7.255233,5.930590,-0.196154,-1.253248,0.506513,87.000000,87.000000,87.000000,87.000000,12.000000,12.000000,12.000000,200.000000,200.000000,0.000000,0.000000,0.000000,0.000000,0.000000,0.000000,0.000000,0.000000,0.000000
334,-0.721166,0.558223,-1.493527,0.532586,0.866500,-0.007010,-0.103239,0.051003,0.297232,-0.182145,-2.269124,0.158790,2.944889,0.711984,0.000061,0.000155,1.787535,-0.968779,-2.143059,-1.998774,2.552647,2.031538,-0.500636,-0.006852,0.005323,-21.135061,-38.874718,0.761962,-70.778030,6.458144,-34.532715,10.777623,-0.399341,0.317656,-38.885056,-46.431416,-39.404938,-20.734556,12.000000,-0.201376,0.126180,-0.382196,-0.133918,-38.885056,-46.431416,-39.404938,-20.734556,15.553785,-0.201376,0.126180,-0.382196,-0.133918,87.000000,87.000000,87.000000,87.000000,12.000000,12.000000,12.000000,200.000000,200.000000,0.000000,0.000000,0.000000,0.000000,0.000000,0.000000,0.000000,0.000000,0.000000
335,0.729876,1.668115,0.787788,2.625051,-0.094219,-0.913028,-0.066131,-0.006004,0.303776,-0.123289,-2.248020,0.085742,2.861469,0.712871,0.000096,0.000120,-1.754213,0.978102,2.158226,2.144813,-2.386545,-2.606765,-0.064450,-0.002560,0.003107,22.121250,57.979229,-0.749602,90.840759,2.041597,-0.159302,-0.968957,-0.121297,0.130571,35.615959,-2.176430,35.577103,59.552032,-4.186197,-12.000000,-0.268728,-0.239520,-0.238863,35.615959,-2.176430,35.577103,59.552032,-4.186197,-15.535594,-0.268728,-0.239520,-0.238863,87.000000,87.000000,87.000000,87.000000,12.000000,12.000000,12.000000,200.000000,200.000000,0.000000,0.000000,0.000000,0.000000,0.000000,0.000000,0.000000,0.000000,0.000000
336,-0.318091,-0.488303,-0.947791,0.846457,0.595178,0.725024,-0.104278,0.041052,0.301190,-0.163318,-2.261544,0.165729,2.941618,0.698826,0.000000,0.000292,1.693287,-1.282078,-1.705016,-1.771911,2.512477,2.005372,-0.225044,-0.002922,0.001775,-15.704375,-69.099915,5.157358,-89.229996,-4.599809,-7.424812,6.445873,0.023454,-0.212423,-21.350121,-87.000000,-20.062527,-10.492304,3.666297,12.000000,0.163052,0.331339,-1.052797,-21.350121,-89.490677,-20.062527,-10.492304,3.666297,31.391132,0.163052,0.331339,-1.052797,87.000000,87.000000,87.000000,87.000000,12.000000,12.000000,12.000000,200.000000,200.000000,0.000000,0.000000,0.000000,0.000000,0.000000,0.000000,0.000000,0.000000,0.000000
337,-0.311160,2.085398,-0.485459,2.076553,0.392352,-0.871411,-0.038633,0.028451,0.298029,-0.155756,-2.250801,0.172843,2.858711,0.711060,0.000026,0.000185,-0.860874,0.729622,0.593750,1.571397,0.104974,-2.607727,0.243318,0.001552,-0.003738,-10.577456,60.327190,1.085822,74.669098,-4.190974,-0.076990,-6.647054,0.207007,-0.322756,-13.115303,15.731304,-8.394938,38.384781,1.268028,-12.000000,-0.184743,0.180431,-0.690959,-13.115303,15.731304,-8.394938,38.384781,1.268028,-13.644050,-0.184743,0.180431,-0.690959,87.000000,87.000000,87.000000,87.000000,12.000000,12.000000,12.000000,200.000000,200.000000,0.000000,0.000000,0.000000,0.000000,0.000000,0.000000,0.000000,0.000000,0.000000
338,0.394666,0.049493,0.067486,1.172594,0.115251,0.204109,-0.073102,0.003633,0.302210,-0.133474,-2.251683,0.134370,2.938357,0.708372,0.000137,0.000044,-0.428341,-0.677236,0.505635,-0.898632,-1.307622,2.608322,-0.101458,0.004912,-0.004662,19.226650,-42.659382,-8.384688,-55.193283,10.920552,-0.195222,-0.050457,0.137022,-0.059919,17.748533,-68.179832,11.519508,1.442990,-2.163623,9.087885,-0.061378,-0.370026,0.110661,17.748533,-68.179832,11.519508,1.442990,-2.163623,9.087885,-0.061378,-0.370026,0.110661,87.000000,87.000000,87.000000,87.000000,12.000000,12.000000,12.000000,200.000000,200.000000,0.000000,0.000000,0.000000,0.000000,0.000000,0.000000,0.000000,0.000000,0.000000
339,-0.402850,1.452505,-0.956708,1.657722,0.638838,-0.608909,-0.137560,0.043367,0.296912,-0.180400,-2.252362,0.195877,2.863365,0.689779,0.000170,0.000015,1.046866,0.113970,-1.480615,0.473387,2.236756,-2.608369,-0.327718,0.002625,-0.001770,-23.659391,26.113115,8.255517,28.616346,-13.456148,0.365167,12.331613,0.090847,-0.044054,-23.655037,-9.804926,-19.494423,22.040422,3.229691,-3.487720,0.193697,-0.372238,0.014776,-23.655037,-9.804926,-19.494423,22.040422,3.229691,-3.487720,0.193697,-0.372238,0.014776,87.000000,87.000000,87.000000,87.000000,12.000000,12.000000,12.000000,200.000000,200.000000,0.000000,0.000000,0.000000,0.000000,0.000000,0.000000,0.000000,0.000000,0.000000
340,0.558180,0.292271,0.575004,1.918283,-0.212392,0.211025,-0.006240,-0.020130,0.300183,-0.117232,-2.244724,0.123550,2.940243,0.714885,0.000320,0.000000,-1.878691,-0.197540,2.167057,0.306416,-2.468973,2.613181,0.491157,0.002491,-0.003227,18.409445,-10.035634,-0.359845,4.525569,-0.425992,-0.034475,-11.647987,-0.112767,0.002408,29.994324,-57.704704,26.572109,30.918718,-11.843381,9.210505,-0.146302,-1.003483,0.326710,29.994324,-57.704704,26.572109,30.918718,-11.843381,9.210505,-0.146302,-1.003483,0.326710,87.000000,87.000000,87.000000,87.000000,12.000000,12.000000,12.000000,200.000000,200.000000,0.000000,0.000000,0.000000,0.000000,0.000000,0.000000,0.000000,0.000000,0.000000
341,-0.104085,1.479603,-0.942388,0.328178,0.605444,-1.054304,0.024179,0.041322,0.285482,-0.179171,-2.267516,0.183234,2.862489,0.730458,0.000299,0.000000,2.039114,-0.764219,-2.153172,-1.648848,2.503028,-2.395944,0.435149,0.002049,-0.001257,-7.552442,-12.066811,-0.279293,-55.975460,-5.015158,-40.114674,-8.299718,-0.001327,0.117226,-13.301114,-7.672323,-17.678364,-29.052198,2.507288,-12.000000,0.173507,-0.757439,0.321108,-13.301114,-7.672323,-17.678364,-29.052198,2.507288,-24.749262,0.173507,-0.757439,0.321108,87.000000,87.000000,87.000000,87.000000,12.000000,12.000000,12.000000,200.000000,200.000000,0.000000,0.000000,0.000000,0.000000,0.000000,0.000000,0.000000,0.000000,0.000000
342,0.072917,0.957385,0.130837,3.275490,0.083029,0.146488,-0.078737,-0.014821,0.302037,-0.119223,-2.249987,0.130642,2.907423,0.720055,0.000392,0.000011,-1.926621,1.131907,2.142942,2.091181,-1.861104,2.502468,-0.382844,-0.004169,0.000630,8.387431,50.089024,1.246376,87.724335,41.456837,145.778717,0.235021,-0.695165,0.454512,9.623535,-31.276943,9.242454,85.726662,0.244576,12.000000,-0.439412,-1.667399,0.694477,9.623535,-31.276943,9.242454,85.726662,0.244576,18.434755,-0.439412,-1.667399,0.694477,87.000000,87.000000,87.000000,87.000000,12.000000,12.000000,12.000000,200.000000,200.000000,0.000000,0.000000,0.000000,0.000000,0.000000,0.000000,0.000000,0.000000,0.000000
343,0.356904,0.436690,-0.453538,-0.184221,0.399002,-0.594919,-0.059583,0.041206,0.296197,-0.172325,-2.262545,0.157696,2.861202,0.713165,0.000301,0.000000,1.972415,-1.302538,-1.830620,-2.162342,1.109236,-2.330194,-0.012427,-0.002686,-0.001084,-8.151919,-60.700645,12.737745,-113.891090,-11.574904,-26.358389,10.673644,-0.360285,0.363721,5.288312,-51.646122,1.234214,-52.170357,-0.081343,-4.696332,0.473284,-1.083415,0.714568,5.288312,-51.646122,1.234214,-52.170357,-0.081343,-4.696332,0.473284,-1.083415,0.714568,87.000000,87.000000,87.000000,87.000000,12.000000,12.000000,12.000000,200.000000,200.000000,0.000000,0.000000,0.000000,0.000000,0.000000,0.000000,0.000000,0.000000,0.000000
344,-0.208105,1.298623,-0.237279,3.546593,0.273909,0.252514,-0.079623,0.006384,0.306093,-0.126740,-2.252698,0.146792,2.922854,0.709724,0.000244,0.000000,-1.268166,1.154922,1.521036,2.130146,-0.540020,2.609507,-0.175917,-0.003142,0.000997,4.635601,68.434341,-8.934867,117.065834,10.616362,108.392250,2.563041,-0.057057,0.209349,-5.365672,-16.928013,-3.723042,87.000000,1.218870,12.000000,0.016116,-0.394318,0.249172,-5.365672,-16.928013,-3.723042,98.420555,1.218870,19.240879,0.016116,-0.394318,0.249172,87.000000,87.000000,87.000000,87.000000,12.000000,12.000000,12.000000,200.000000,200.000000,0.000000,0.000000,0.000000,0.000000,0.000000,0.000000,0.000000,0.000000,0.000000
345,-0.408329,0.171823,-1.100954,-0.128762,0.590706,-0.372221,-0.334573,0.059273,0.297511,-0.185767,-2.268395,0.205254,2.914181,0.642551,0.000106,0.000065,1.621315,-1.457722,-2.065650,-2.188673,1.599034,-1.403345,-1.371471,-0.001845,0.000881,-20.675388,-65.357086,5.381727,-108.339203,-35.196339,-49.324780,41.335735,-0.080078,0.101172,-26.509499,-62.211323,-23.412571,-49.132690,1.081584,-3.782174,0.514611,-0.269313,0.007170,-26.509499,-62.211323,-23.412571,-49.132690,1.081584,-3.782174,0.514611,-0.269313,0.007170,87.000000,87.000000,87.000000,87.000000,12.000000,12.000000,12.000000,200.000000,200.000000,0.000000,0.000000,0.000000,0.000000,0.000000,0.000000,0.000000,0.000000,0.000000
346,0.355762,1.501734,0.404167,3.147064,-0.131626,-0.227321,0.041164,-0.003509,0.299184,-0.127163,-2.249556,0.130239,2.876909,0.701830,0.000180,0.000002,-2.089362,0.881331,2.182866,2.132682,-2.437270,-0.214878,1.255926,-0.001170,0.000278,13.953094,60.264648,-1.516571,91.404610,-7.192969,66.787758,-32.353233,-0.091969,0.071586,20.886787,-7.998102,20.427071,80.800903,-9.560064,7.914416,-0.420202,-0.430313,0.091492,20.886787,-7.998102,20.427071,80.800903,-9.560064,7.914416,-0.420202,-0.430313,0.091492,87.000000,87.000000,87.000000,87.000000,12.000000,12.000000,12.000000,200.000000,200.000000,0.000000,0.000000,0.000000,0.000000,0.000000,0.000000,0.000000,0.000000,0.000000
347,0.245311,0.563500,-0.500731,0.061392,0.350923,-0.348101,0.062293,0.042246,0.296268,-0.172543,-2.262845,0.148923,2.889479,0.733461,0.000100,0.000081,1.712559,-1.113260,-1.681309,-2.134829,0.837043,0.018802,0.766974,-0.000004,0.000901,-7.638480,-55.899841,10.524916,-108.861160,-8.105013,-22.157988,-13.675975,0.019712,0.042287,1.536296,-46.750107,-1.251423,-41.952175,-0.518483,-3.244340,0.261106,-0.190478,-0.135150,1.536296,-46.750107,-1.251423,-41.952175,-0.518483,-3.244340,0.261106,-0.190478,-0.135150,87.000000,87.000000,87.000000,87.000000,12.000000,12.000000,12.000000,200.000000,200.000000,0.000000,0.000000,0.000000,0.000000,0.000000,0.000000,0.000000,0.000000,0.000000
348,0.051574,1.230560,0.054156,3.311019,0.076630,-0.088950,0.008948,-0.003953,0.304886,-0.117572,-2.245335,0.096413,2.893457,0.741614,0.000183,0.000005,-1.570029,0.972870,1.931835,2.104963,-1.319416,0.732281,0.054284,-0.000751,0.001060,18.368689,54.018356,-14.010529,97.385696,30.945616,36.824024,-6.728930,-0.144301,0.151304,7.522558,-19.907871,5.695392,87.000000,0.334688,7.796951,-0.180839,-0.541946,0.146220,7.522558,-19.907871,5.695392,87.468925,0.334688,7.796951,-0.180839,-0.541946,0.146220,87.000000,87.000000,87.000000,87.000000,12.000000,12.000000,12.000000,200.000000,200.000000,0.000000,0.000000,0.000000,0.000000,0.000000,0.000000,0.000000,0.000000,0.000000
349,-0.407804,0.235924,-1.309579,0.238672,0.909690,-0.038725,-0.200387,0.056682,0.301842,-0.179339,-2.261667,0.177599,2.964235,0.690903,0.000039,0.000126,1.875579,-1.220353,-2.155122,-2.162770,2.529261,1.460971,-1.066315,-0.003254,0.002893,-13.672192,-62.209873,0.342407,-104.450821,1.892137,-50.107845,25.726374,-0.237594,0.209501,-26.613407,-60.362148,-32.272690,-34.600132,12.000000,-2.322207,0.310222,-0.285465,-0.078671,-26.613407,-60.362148,-32.272690,-34.600132,15.518095,-2.322207,0.310222,-0.285465,-0.078671,87.000000,87.000000,87.000000,87.000000,12.000000,12.000000,12.000000,200.000000,200.000000,0.000000,0.000000,0.000000,0.000000,0.000000,0.000000,0.000000,0.000000,0.000000
350,0.093171,1.701436,0.125730,2.452957,0.052573,-0.875645,-0.046534,0.000936,0.299469,-0.128721,-2.252585,0.111055,2.880004,0.705868,0.000081,0.000099,-2.064024,0.723795,2.042934,1.752166,-1.993008,-2.608075,0.261004,-0.002879,0.003116,14.031800,59.439949,-7.367234,88.623322,24.214338,-0.256476,-9.319793,-0.208241,0.185816,9.888360,0.241628,9.531083,53.908066,-0.218229,-12.000000,-0.290065,-0.321413,-0.101570,9.888360,0.241628,9.531083,53.908066,-0.218229,-15.526608,-0.290065,-0.321413,-0.101570,87.000000,87.000000,87.000000,87.000000,12.000000,12.000000,12.000000,200.000000,200.000000,0.000000,0.000000,0.000000,0.000000,0.000000,0.000000,0.000000,0.000000,0.000000
351,0.086992,-0.092337,-0.531025,0.975564,0.474051,0.371265,-0.118925,0.028861,0.299018,-0.157138,-2.264329,0.168378,2.962561,0.692688,0.000000,0.000232,1.232035,-0.950324,-1.301232,-1.439606,1.648154,2.609997,-0.224641,-0.001745,0.002145,-2.934336,-50.796192,1.407559,-67.446022,-25.374340,3.416705,7.193636,0.012578,-0.010975,-2.193004,-73.331024,-5.212128,-4.692338,-0.363298,12.000000,0.124469,0.195417,-0.616005,-2.193004,-73.331024,-5.212128,-4.692338,-0.363298,14.072230,0.124469,0.195417,-0.616005,87.000000,87.000000,87.000000,87.000000,12.000000,12.000000,12.000000,200.000000,200.000000,0.000000,0.000000,0.000000,0.000000,0.000000,0.000000,0.000000,0.000000,0.000000
352,0.302814,2.142370,0.127487,1.619892,0.109200,-1.311537,0.023003,0.006017,0.297734,-0.133369,-2.260226,0.118102,2.877707,0.722513,0.000031,0.000154,-0.923982,0.590983,1.135631,0.888176,-1.326689,-2.608644,0.613902,-0.000344,-0.000936,6.641031,48.267750,3.610790,44.851467,20.519806,-0.134096,-15.795077,0.020261,-0.071365,14.377401,17.712952,13.047462,20.989574,-0.480519,-12.000000,-0.152346,-0.013378,-0.382808,14.377401,17.712952,13.047462,20.989574,-0.480519,-32.770226,-0.152346,-0.013378,-0.382808,87.000000,87.000000,87.000000,87.000000,12.000000,12.000000,12.000000,200.000000,200.000000,0.000000,0.000000,0.000000,0.000000,0.000000,0.000000,0.000000,0.000000,0.000000
353,-0.505529,-0.560468,-0.961385,1.776819,0.707467,0.803189,-0.167435,0.030847,0.299963,-0.156405,-2.267842,0.204375,2.939141,0.690273,0.000000,0.000213,0.930902,-0.671327,-1.184755,-0.377449,2.392909,0.386537,-0.653384,-0.000285,-0.000414,-13.365901,-39.448315,-2.548249,-21.227356,-12.367071,-3.319959,17.183231,0.081199,-0.109902,-25.998108,-87.000000,-22.813351,27.223724,5.141459,12.000000,0.085915,0.163868,-0.571829,-25.998108,-92.216072,-22.813351,27.223724,5.141459,40.713238,0.085915,0.163868,-0.571829,87.000000,87.000000,87.000000,87.000000,12.000000,12.000000,12.000000,200.000000,200.000000,0.000000,0.000000,0.000000,0.000000,0.000000,0.000000,0.000000,0.000000,0.000000
354,0.854794,1.864902,0.726744,1.461926,-0.415555,-0.934728,-0.025025,-0.013760,0.298750,-0.109345,-2.250012,0.122656,2.853469,0.710437,0.000086,0.000108,-1.350740,0.325373,1.842221,0.914213,-2.573335,-2.606928,0.392274,-0.000738,0.000397,26.472801,32.309162,-4.292507,22.030470,-31.332233,0.346541,-4.638714,-0.187243,0.162297,40.306263,6.338349,32.750839,12.486149,-12.000000,-12.000000,0.192993,-0.439187,0.012128,40.306263,6.338349,32.750839,12.486149,-21.662647,-15.730005,0.192993,-0.439187,0.012128,87.000000,87.000000,87.000000,87.000000,12.000000,12.000000,12.000000,200.000000,200.000000,0.000000,0.000000,0.000000,0.000000,0.000000,0.000000,0.000000,0.000000,0.000000
355,-0.536040,-0.078262,-1.178152,1.590281,0.665676,0.735972,-0.159559,0.044736,0.298342,-0.162184,-2.260271,0.200807,2.923710,0.685241,0.000000,0.000269,1.963499,-0.635964,-2.165104,-0.577712,2.183388,1.225050,-0.464707,-0.000845,-0.000937,-20.034441,-28.937078,-0.356455,-24.711319,-24.545616,20.884344,14.271247,0.166492,-0.360271,-31.420223,-72.255371,-28.337147,19.556288,3.642500,12.000000,0.135590,0.361953,-1.058348,-31.420223,-72.255371,-28.337147,19.556288,3.642500,38.006279,0.135590,0.361953,-1.058348,87.000000,87.000000,87.000000,87.000000,12.000000,12.000000,12.000000,200.000000,200.000000,0.000000,0.000000,0.000000,0.000000,0.000000,0.000000,0.000000,0.000000,0.000000
356,-0.317721,1.792439,-0.421574,1.659930,0.248682,-0.766499,0.004721,0.020785,0.300252,-0.149172,-2.240424,0.162798,2.841386,0.714021,0.000010,0.000176,-1.224616,0.465221,0.836049,1.158274,-1.106225,-2.609889,0.590793,-0.000333,-0.001456,-6.997797,34.457283,1.764893,31.548344,15.348701,-0.146270,-15.461178,0.061959,-0.101360,-11.613750,3.060155,-6.940988,19.526876,0.638870,-8.060206,-0.125391,0.092233,-0.441539,-11.613750,3.060155,-6.940988,19.526876,0.638870,-8.060206,-0.125391,0.092233,-0.441539,87.000000,87.000000,87.000000,87.000000,12.000000,12.000000,12.000000,200.000000,200.000000,0.000000,0.000000,0.000000,0.000000,0.000000,0.000000,0.000000,0.000000,0.000000
357,0.533566,-0.073456,0.070859,1.117622,0.104611,0.212318,-0.073275,0.009195,0.293500,-0.142608,-2.259699,0.123937,2.922044,0.709501,0.000110,0.000065,0.032999,-1.051155,0.009359,-1.491183,-1.144505,2.608486,-0.124041,0.005356,-0.004805,16.274000,-45.547394,-2.705543,-57.226372,14.288713,-0.110307,1.523431,0.196420,-0.127295,21.481110,-71.572601,14.010426,1.343634,-1.967281,10.725962,-0.004283,-0.243858,-0.032092,21.481110,-71.572601,14.010426,1.343634,-1.967281,10.725962,-0.004283,-0.243858,-0.032092,87.000000,87.000000,87.000000,87.000000,12.000000,12.000000,12.000000,200.000000,200.000000,0.000000,0.000000,0.000000,0.000000,0.000000,0.000000,0.000000,0.000000,0.000000
358,0.336471,2.159723,-0.037875,1.946319,0.245997,-1.082376,-0.011644,0.013411,0.296242,-0.141316,-2.248321,0.111491,2.838974,0.721786,0.000162,0.000003,0.135881,0.865009,0.173550,1.427448,0.175321,-2.607230,0.300808,-0.000400,0.000013,3.678846,57.348061,3.558998,65.579964,13.987614,0.124640,-5.200263,-0.188550,0.157262,12.226064,18.314137,9.535864,32.836075,1.248057,-12.000000,-0.023384,-0.619830,0.255810,12.226064,18.314137,9.535864,32.836075,1.248057,-20.492792,-0.023384,-0.619830,0.255810,87.000000,87.000000,87.000000,87.000000,12.000000,12.000000,12.000000,200.000000,200.000000,0.000000,0.000000,0.000000,0.000000,0.000000,0.000000,0.000000,0.000000,0.000000
359,-0.506313,-0.369370,-0.832742,1.198409,0.579676,0.581245,-0.086569,0.000000,-0.697268,0.000000,-1.674071,0.000000,3.613857,0.862628,0.039663,0.040000,0.000000,0.000000,0.000000,0.000000,0.000000,0.000000,0.000000,0.000000,0.000000,0.000000,0.000000,0.000000,0.000000,0.000000,0.000000,0.000000,0.000000,0.000000,-20.252516,-4.513373,-33.309689,-42.937946,12.000000,-12.000000,-12.000000,-79.326645,-80.000000,-20.252516,-4.513373,-33.309689,-42.937946,23.187038,-22.898769,-13.193026,-79.326645,-80.000000,87.000000,87.000000,87.000000,87.000000,12.000000,12.000000,12.000000,200.000000,200.000000,0.000000,0.000000,0.000000,0.000000,0.000000,0.000000,0.000000,0.000000,0.000000
