Timestep,agent_joint_pos_J1,agent_joint_pos_J2,agent_joint_pos_J3,agent_joint_pos_J4,agent_joint_pos_J5,agent_joint_pos_J6,agent_joint_pos_J7,joint_pos_J1,joint_pos_J2,joint_pos_J3,joint_pos_J4,joint_pos_J5,joint_pos_J6,joint_pos_J7,joint_pos_J8,joint_pos_J9,joint_vel_J1,joint_vel_J2,joint_vel_J3,joint_vel_J4,joint_vel_J5,joint_vel_J6,joint_vel_J7,joint_vel_J8,joint_vel_J9,joint_acc_J1,joint_acc_J2,joint_acc_J3,joint_acc_J4,joint_acc_J5,joint_acc_J6,joint_acc_J7,joint_acc_J8,joint_acc_J9,joint_applied_torque_J1,joint_applied_torque_J2,joint_applied_torque_J3,joint_applied_torque_J4,joint_applied_torque_J5,joint_applied_torque_J6,joint_applied_torque_J7,joint_applied_torque_J8,joint_applied_torque_J9,joint_computed_torque_J1,joint_computed_torque_J2,joint_computed_torque_J3,joint_computed_torque_J4,joint_computed_torque_J5,joint_computed_torque_J6,joint_computed_torque_J7,joint_computed_torque_J8,joint_computed_torque_J9,joint_effort_limits_J1,joint_effort_limits_J2,joint_effort_limits_J3,joint_effort_limits_J4,joint_effort_limits_J5,joint_effort_limits_J6,joint_effort_limits_J7,joint_effort_limits_J8,joint_effort_limits_J9,joint_effort_target_J1,joint_effort_target_J2,joint_effort_target_J3,joint_effort_target_J4,joint_effort_target_J5,joint_effort_target_J6,joint_effort_target_J7,joint_effort_target_J8,joint_effort_target_J9
0,0.707858,1.958758,-0.014909,0.452246,1.163625,1.851181,2.528240,0.057680,-0.487443,-0.038154,-2.646676,0.081296,1.996757,0.502269,0.032245,0.033169,2.084365,2.179736,-1.247771,0.327223,2.497904,1.782214,2.610383,-0.203013,-0.200860,-2.638721,46.072838,10.611226,3.849792,50.525433,35.218704,0.076218,0.386267,0.551223,17.975031,68.753983,6.367373,4.116999,12.000000,12.000000,12.000000,-50.331284,-52.040710,17.975031,68.753983,6.367373,4.116999,36.865509,155.319916,113.273346,-50.331284,-52.040710,87.000000,87.000000,87.000000,87.000000,12.000000,12.000000,12.000000,200.000000,200.000000,0.000000,0.000000,0.000000,0.000000,0.000000,0.000000,0.000000,0.000000,0.000000
1,-0.723749,0.033226,-1.138517,0.865122,1.451195,2.195926,2.445621,0.086199,-0.419115,-0.081755,-2.639550,0.163747,2.043919,0.584002,0.025727,0.026580,-0.171189,1.958471,-1.303745,0.503250,2.009033,0.143077,2.219439,-0.191436,-0.197033,-59.171947,-6.218233,-3.984825,0.123689,-9.807199,-13.280149,12.519964,0.422921,0.015001,-38.723801,-16.238190,-35.778008,19.247078,12.000000,12.000000,12.000000,-38.006901,-40.016930,-38.723801,-16.238190,-35.778008,19.247078,39.549488,167.620987,105.654785,-38.006901,-40.016930,87.000000,87.000000,87.000000,87.000000,12.000000,12.000000,12.000000,200.000000,200.000000,0.000000,0.000000,0.000000,0.000000,0.000000,0.000000,0.000000,0.000000,0.000000
2,-0.077128,-0.253577,-0.832996,1.023769,1.661302,2.128692,2.801550,0.098318,-0.361748,-0.150508,-2.630534,0.243880,2.084291,0.670991,0.019625,0.020231,0.189956,1.472301,-2.187771,0.608567,1.821273,-0.181861,2.608071,-0.181161,-0.189309,-16.129206,-15.156976,-0.136013,1.520505,3.933019,-4.380056,-0.001616,0.160533,0.109097,-12.318830,-31.490353,-15.445521,24.646965,12.000000,12.000000,12.000000,-26.924448,-27.668087,-12.318830,-31.490353,-15.445521,24.646965,43.150738,163.374466,110.709747,-26.924448,-27.668087,87.000000,87.000000,87.000000,87.000000,12.000000,12.000000,12.000000,200.000000,200.000000,0.000000,0.000000,0.000000,0.000000,0.000000,0.000000,0.000000,0.000000,0.000000
3,0.458397,-0.208998,-0.726613,1.047994,1.537634,1.844486,3.032947,0.116825,-0.319656,-0.223378,-2.619533,0.329807,2.132173,0.758070,0.013523,0.014032,0.737459,1.016042,-2.192525,0.619728,2.287298,0.407720,2.610538,-0.184466,-0.184830,14.593226,-14.222853,-0.137744,0.597804,10.372280,8.253423,-0.006094,-0.231124,0.109696,7.931442,-31.787687,-5.350423,24.707624,12.000000,12.000000,12.000000,-15.150835,-15.566191,7.931442,-31.787687,-5.350423,24.707624,30.136791,147.047073,112.992737,-15.150835,-15.566191,87.000000,87.000000,87.000000,87.000000,12.000000,12.000000,12.000000,200.000000,200.000000,0.000000,0.000000,0.000000,0.000000,0.000000,0.000000,0.000000,0.000000,0.000000
4,0.567137,-0.077112,-0.854919,0.824558,1.431781,1.445282,3.178540,0.153081,-0.293457,-0.296371,-2.615254,0.418214,2.204376,0.845131,0.007631,0.008209,1.246120,0.530312,-2.182931,0.191770,2.606566,1.600315,2.612242,-0.142208,-0.141146,11.838891,-13.881536,-0.070539,-7.469333,0.005765,-2.475993,-0.003862,2.672549,2.598629,7.842870,-27.281645,-4.680213,16.223997,12.000000,12.000000,12.000000,-2.129093,-3.452417,7.842870,-27.281645,-4.680213,16.223997,16.898508,120.734337,111.843803,-2.129093,-3.452417,87.000000,87.000000,87.000000,87.000000,12.000000,12.000000,12.000000,200.000000,200.000000,0.000000,0.000000,0.000000,0.000000,0.000000,0.000000,0.000000,0.000000,0.000000
5,0.975099,0.314433,-0.879464,0.749515,1.398926,0.987436,3.625162,0.209837,-0.274545,-0.369461,-2.616794,0.505596,2.282663,0.932196,0.004111,0.004675,1.924710,0.525323,-2.185750,0.086369,2.607965,1.901624,2.612346,-0.077074,-0.075892,12.431072,-0.213518,0.067649,-1.087155,0.011516,-13.019098,-0.047293,1.553138,1.701919,17.812887,-12.339744,0.204832,14.027639,8.563218,12.000000,12.000000,-0.944122,-1.902530,17.812887,-12.339744,0.204832,14.027639,8.563218,94.437187,122.740074,-0.944122,-1.902530,87.000000,87.000000,87.000000,87.000000,12.000000,12.000000,12.000000,200.000000,200.000000,0.000000,0.000000,0.000000,0.000000,0.000000,0.000000,0.000000,0.000000,0.000000
6,1.463554,0.893153,-0.807432,0.640873,1.357147,0.411596,4.057231,0.272041,-0.242893,-0.437173,-2.617231,0.588360,2.363473,1.019187,0.002212,0.002770,1.787742,1.219013,-1.866588,0.194983,2.005123,2.133238,2.610801,-0.040474,-0.040639,-5.075855,19.800541,9.962424,3.735780,-34.916550,-0.216451,-0.029039,0.880074,0.966397,31.720114,7.583567,8.209629,9.712648,-0.015259,12.000000,12.000000,-0.527919,-1.455168,31.720114,7.583567,8.209629,9.712648,-0.015259,65.029617,133.068222,-0.527919,-1.455168,87.000000,87.000000,87.000000,87.000000,12.000000,12.000000,12.000000,200.000000,200.000000,0.000000,0.000000,0.000000,0.000000,0.000000,0.000000,0.000000,0.000000,0.000000
7,1.852617,1.066376,-0.823924,0.522627,1.270181,0.205320,4.528304,0.327633,-0.187498,-0.493575,-2.616243,0.618335,2.449436,1.106151,0.001107,0.001722,1.586060,1.900080,-1.463741,0.092113,0.539907,2.609403,2.611401,-0.024040,-0.023613,-6.629691,18.928984,14.607238,-4.080118,-15.037947,8.359980,0.032115,0.358433,0.449422,43.247162,8.245646,11.251034,4.779899,-0.978683,12.000000,12.000000,-0.183412,-1.244037,43.247162,8.245646,11.251034,4.779899,-0.978683,48.818947,144.956070,-0.183412,-1.244037,87.000000,87.000000,87.000000,87.000000,12.000000,12.000000,12.000000,200.000000,200.000000,0.000000,0.000000,0.000000,0.000000,0.000000,0.000000,0.000000,0.000000,0.000000
8,1.927758,0.885638,-0.819180,0.745366,1.382534,-0.057295,4.767753,0.375323,-0.115604,-0.530677,-2.615317,0.656683,2.534406,1.193087,0.000525,0.001135,1.343868,2.187340,-0.833029,0.154638,0.934757,2.370932,2.611927,-0.011644,-0.012240,-8.182682,4.328899,19.136513,-0.298070,-18.293186,-0.395122,-0.015163,0.349237,0.307294,42.989498,-6.363850,13.024299,13.643860,-0.698312,12.000000,12.000000,0.214366,-1.013877,42.989498,-6.363850,13.024299,13.643860,-0.698312,31.804474,147.575302,0.214366,-1.013877,87.000000,87.000000,87.000000,87.000000,12.000000,12.000000,12.000000,200.000000,200.000000,0.000000,0.000000,0.000000,0.000000,0.000000,0.000000,0.000000,0.000000,0.000000
9,1.889596,0.650751,-0.901775,0.891822,1.389370,-0.132894,4.854595,0.421275,-0.045178,-0.553765,-2.613660,0.681066,2.620088,1.280132,0.000220,0.000780,1.298987,1.971457,-0.445482,0.179026,0.499752,2.458173,2.611640,-0.006664,-0.007780,-6.364316,-3.815353,16.827440,1.071178,-10.198173,9.444851,-0.016050,0.133445,0.105988,38.012886,-21.222775,10.405327,19.418306,-0.763969,12.000000,12.000000,0.191038,-0.926871,38.012886,-21.222775,10.405327,19.418306,-0.763969,22.287748,144.087418,0.191038,-0.926871,87.000000,87.000000,87.000000,87.000000,12.000000,12.000000,12.000000,200.000000,200.000000,0.000000,0.000000,0.000000,0.000000,0.000000,0.000000,0.000000,0.000000,0.000000
10,1.713029,0.498948,-1.149867,0.795930,1.455077,-0.167080,5.029328,0.482961,0.016073,-0.584113,-2.614319,0.706155,2.707053,1.367022,0.000026,0.000584,1.776928,1.505040,-0.747630,-0.061935,0.637422,2.607806,2.611152,-0.003644,-0.004244,-6.325199,-14.078285,10.347011,-6.983641,-11.704597,-0.010257,-0.016479,0.086461,0.117805,24.747658,-31.503750,3.320353,15.861800,-0.685373,12.000000,12.000000,0.284118,-0.700304,24.747658,-31.503750,3.320353,15.861800,-0.685373,12.760289,144.126312,0.284118,-0.700304,87.000000,87.000000,87.000000,87.000000,12.000000,12.000000,12.000000,200.000000,200.000000,0.000000,0.000000,0.000000,0.000000,0.000000,0.000000,0.000000,0.000000,0.000000
11,1.679260,0.606461,-1.177716,0.835375,1.468903,-0.489023,5.089016,0.540715,0.064493,-0.608569,-2.615143,0.721501,2.744072,1.453693,0.000000,0.000420,1.682121,1.158011,-0.598716,0.033902,0.448450,0.647612,2.610596,0.001012,-0.006289,-3.785870,-11.248011,8.547384,-0.932034,-3.862257,-22.927832,2.920160,0.196215,-0.139674,19.187138,-29.982788,3.656167,17.609528,-0.422805,0.771053,12.000000,0.225873,-0.654633,19.187138,-29.982788,3.656167,17.609528,-0.422805,0.771053,139.777527,0.225873,-0.654633,87.000000,87.000000,87.000000,87.000000,12.000000,12.000000,12.000000,200.000000,200.000000,0.000000,0.000000,0.000000,0.000000,0.000000,0.000000,0.000000,0.000000,0.000000
12,1.656354,0.595848,-1.262138,0.960377,1.512476,-0.404659,5.198942,0.602459,0.101992,-0.631097,-2.614418,0.741626,2.773961,1.540711,0.000022,0.000255,1.822226,0.837067,-0.574004,0.143009,0.500225,0.757172,2.610452,0.001108,-0.003851,-3.143341,-10.360085,6.449901,4.629166,-10.844475,-14.165514,-0.011458,-0.049493,0.116716,12.998014,-32.490906,1.897752,22.583714,-0.841807,1.999675,12.000000,-0.236503,-0.053063,12.998014,-32.490906,1.897752,22.583714,-0.841807,1.999675,137.018799,-0.236503,-0.053063,87.000000,87.000000,87.000000,87.000000,12.000000,12.000000,12.000000,200.000000,200.000000,0.000000,0.000000,0.000000,0.000000,0.000000,0.000000,0.000000,0.000000,0.000000
13,1.449382,0.588094,-1.452124,0.858765,1.494640,-0.499106,5.232745,0.668584,0.126677,-0.659108,-2.610547,0.745151,2.770726,1.627013,0.000036,0.000171,1.689277,0.385073,-0.528687,0.133740,0.123059,-0.162269,2.558519,0.002820,-0.003300,-25.790510,-14.372573,26.326660,-2.352343,-1.264946,-0.191018,0.919032,0.056858,-0.031790,-1.609535,-33.799458,-2.340406,17.841389,-0.290145,1.723208,12.000000,-0.211780,-0.164602,-1.609535,-33.799458,-2.340406,17.841389,-0.290145,1.723208,131.710541,-0.211780,-0.164602,87.000000,87.000000,87.000000,87.000000,12.000000,12.000000,12.000000,200.000000,200.000000,0.000000,0.000000,0.000000,0.000000,0.000000,0.000000,0.000000,0.000000,0.000000
14,1.481795,0.801069,-1.418364,0.955603,1.557698,-0.602502,5.276127,0.711821,0.142700,-0.664673,-2.601012,0.760564,2.742748,1.713120,0.000108,0.000094,1.129042,0.311107,-0.005520,0.427317,0.478903,-0.756729,2.610404,0.004373,-0.003426,-14.228038,-2.414494,12.808406,5.235754,-6.966061,11.703496,8.097552,0.068320,-0.019653,-1.611606,-25.682701,-2.715861,20.608660,-0.264872,2.094616,12.000000,-0.434430,0.029665,-1.611606,-25.682701,-2.715861,20.608660,-0.264872,2.094616,126.853943,-0.434430,0.029665,87.000000,87.000000,87.000000,87.000000,12.000000,12.000000,12.000000,200.000000,200.000000,0.000000,0.000000,0.000000,0.000000,0.000000,0.000000,0.000000,0.000000,0.000000
15,1.500986,0.720266,-1.511623,0.921072,1.480062,-0.386526,5.346474,0.754690,0.154165,-0.671488,-2.592666,0.753557,2.772215,1.799605,0.000135,0.000059,1.238082,0.101743,-0.206884,0.310904,-0.306078,1.006922,2.510661,-0.000619,0.000519,-12.335994,-7.178714,8.119966,2.487543,-2.467484,-7.085208,-5.987749,-0.197786,0.156593,-4.433880,-29.542253,-5.652826,18.705219,-0.500808,2.676765,12.000000,-0.597503,0.125746,-4.433880,-29.542253,-5.652826,18.705219,-0.500808,2.676765,122.166451,-0.597503,0.125746,87.000000,87.000000,87.000000,87.000000,12.000000,12.000000,12.000000,200.000000,200.000000,0.000000,0.000000,0.000000,0.000000,0.000000,0.000000,0.000000,0.000000,0.000000
16,1.469077,0.907228,-1.541821,0.879287,1.477671,-0.609468,5.418817,0.786921,0.162219,-0.676699,-2.577088,0.741874,2.747850,1.884264,0.000099,0.000081,0.773118,0.099243,-0.029827,0.545643,-0.110051,-0.839243,2.487017,0.002252,-0.001937,-15.133026,-0.561479,10.653059,0.488666,9.778072,6.424376,9.745673,0.100873,-0.104007,-7.240857,-22.328392,-6.737784,15.056637,0.549216,1.311566,12.000000,-0.225742,-0.177441,-7.240857,-22.328392,-6.737784,15.056637,0.549216,1.311566,119.415573,-0.225742,-0.177441,87.000000,87.000000,87.000000,87.000000,12.000000,12.000000,12.000000,200.000000,200.000000,0.000000,0.000000,0.000000,0.000000,0.000000,0.000000,0.000000,0.000000,0.000000
17,1.521867,0.819804,-1.495977,0.910916,1.466235,-0.563168,5.396426,0.804695,0.167222,-0.671097,-2.562717,0.736680,2.738078,1.970735,0.000129,0.000060,0.547172,-0.046960,0.107976,0.442295,-0.102624,-0.136470,2.547797,0.001399,-0.000776,-3.741477,-4.186347,0.102301,-2.175940,1.129086,7.159893,-0.878406,-0.046389,0.042419,-5.271168,-26.043962,-6.344701,15.285179,-0.011193,2.180034,12.000000,-0.467295,0.024595,-5.271168,-26.043962,-6.344701,15.285179,-0.011193,2.180034,110.686920,-0.467295,0.024595,87.000000,87.000000,87.000000,87.000000,12.000000,12.000000,12.000000,200.000000,200.000000,0.000000,0.000000,0.000000,0.000000,0.000000,0.000000,0.000000,0.000000,0.000000
18,1.631230,0.959410,-1.453872,0.830561,1.363061,-0.596659,5.408590,0.824639,0.170508,-0.672807,-2.551634,0.710115,2.730083,2.056977,0.000109,0.000071,0.591890,-0.036368,-0.050134,0.316734,-0.625868,-0.169507,2.486291,0.000255,-0.000311,-5.559725,-0.411487,5.312745,-4.245071,13.478332,5.270236,-3.711562,-0.058506,0.014904,-2.716278,-20.537716,-3.801745,11.400040,0.083360,1.458625,12.000000,-0.373107,-0.075474,-2.716278,-20.537716,-3.801745,11.400040,0.083360,1.458625,104.310150,-0.373107,-0.075474,87.000000,87.000000,87.000000,87.000000,12.000000,12.000000,12.000000,200.000000,200.000000,0.000000,0.000000,0.000000,0.000000,0.000000,0.000000,0.000000,0.000000,0.000000
19,1.562541,0.917335,-1.498188,0.828282,1.370808,-0.644610,5.449986,0.837602,0.172233,-0.670034,-2.544808,0.694689,2.715227,2.142975,0.000098,0.000087,0.375772,-0.108597,0.056332,0.172914,-0.255206,-0.414225,2.518366,0.001437,-0.000647,-4.504074,-1.923715,1.631772,-5.644849,8.993242,5.795306,2.737226,0.042251,-0.018751,-5.864396,-22.254848,-6.287756,11.064609,0.396724,1.403949,12.000000,-0.257905,-0.137402,-5.864396,-22.254848,-6.287756,11.064609,0.396724,1.403949,99.398476,-0.257905,-0.137402,87.000000,87.000000,87.000000,87.000000,12.000000,12.000000,12.000000,200.000000,200.000000,0.000000,0.000000,0.000000,0.000000,0.000000,0.000000,0.000000,0.000000,0.000000
20,1.618706,0.903969,-1.422239,0.964690,1.325979,-0.694413,5.430964,0.841176,0.173004,-0.661420,-2.538585,0.678240,2.692705,2.229101,0.000114,0.000081,0.151724,-0.095671,0.197626,0.249778,-0.326946,-0.580275,2.511341,0.001662,-0.000944,0.548547,0.695680,-1.637697,0.184284,9.448783,10.571354,0.465817,-0.021808,-0.000339,-3.017150,-22.736267,-4.502475,16.150511,0.136068,1.934892,12.000000,-0.409461,-0.083699,-3.017150,-22.736267,-4.502475,16.150511,0.136068,1.934892,91.621971,-0.409461,-0.083699,87.000000,87.000000,87.000000,87.000000,12.000000,12.000000,12.000000,200.000000,200.000000,0.000000,0.000000,0.000000,0.000000,0.000000,0.000000,0.000000,0.000000,0.000000
21,1.598980,0.721633,-1.492589,1.062235,1.269096,-0.482572,5.457926,0.849367,0.171594,-0.658496,-2.535522,0.657535,2.723352,2.315823,0.000145,0.000061,0.357136,-0.237766,-0.079012,0.180944,-0.561710,0.959002,2.521763,-0.000022,0.000714,0.129617,-4.433655,-4.143591,3.652262,6.112210,-8.782907,-4.924063,-0.073316,0.081384,-5.004898,-29.828812,-6.985712,20.181215,-0.072693,2.803061,12.000000,-0.441253,-0.024974,-5.004898,-29.828812,-6.985712,20.181215,-0.072693,2.803061,85.373825,-0.441253,-0.024974,87.000000,87.000000,87.000000,87.000000,12.000000,12.000000,12.000000,200.000000,200.000000,0.000000,0.000000,0.000000,0.000000,0.000000,0.000000,0.000000,0.000000,0.000000
22,1.564504,0.871448,-1.458427,0.881350,1.235356,-0.837824,5.439531,0.850458,0.166019,-0.657012,-2.525728,0.632744,2.672649,2.401971,0.000091,0.000116,-0.045672,-0.337131,0.104689,0.270051,-0.353722,-1.606524,2.530933,0.002491,-0.001126,-4.447254,-2.274080,3.801229,-7.192079,20.470205,16.395199,6.451392,0.088557,-0.073685,-5.704057,-23.006914,-5.725548,11.317828,0.877873,0.819853,12.000000,-0.243278,-0.258923,-5.704057,-23.006914,-5.725548,11.317828,0.877873,0.819853,78.469810,-0.243278,-0.258923,87.000000,87.000000,87.000000,87.000000,12.000000,12.000000,12.000000,200.000000,200.000000,0.000000,0.000000,0.000000,0.000000,0.000000,0.000000,0.000000,0.000000,0.000000
23,1.696572,0.894504,-1.388582,0.925237,1.179383,-0.628528,5.406109,0.852775,0.159661,-0.655173,-2.525995,0.613924,2.681020,2.488913,0.000139,0.000074,0.221733,-0.297979,-0.093596,0.001447,-0.533639,0.479690,2.576082,-0.000043,0.000142,3.315409,1.017669,-3.595488,-1.491709,4.039596,2.859356,-2.043442,-0.116789,0.049441,-0.821550,-21.493279,-3.029146,14.117158,-0.358917,2.314107,12.000000,-0.499512,-0.076343,-0.821550,-21.493279,-3.029146,14.117158,-0.358917,2.314107,69.445396,-0.499512,-0.076343,87.000000,87.000000,87.000000,87.000000,12.000000,12.000000,12.000000,200.000000,200.000000,0.000000,0.000000,0.000000,0.000000,0.000000,0.000000,0.000000,0.000000,0.000000
24,1.702769,0.875347,-1.372384,1.025478,1.103969,-0.746388,5.395720,0.854525,0.155063,-0.655510,-2.522113,0.582344,2.665182,2.575787,0.000104,0.000093,0.066066,-0.234765,-0.004088,0.223807,-0.656568,-0.536031,2.610080,0.000422,-0.000279,-0.648098,1.814024,2.175393,2.164802,18.842102,5.526201,3.821769,-0.029393,-0.003869,-0.552433,-22.016979,-2.235271,17.440048,0.359041,1.657701,12.000000,-0.316443,-0.165028,-0.552433,-22.016979,-2.235271,17.440048,0.359041,1.657701,62.340618,-0.316443,-0.165028,87.000000,87.000000,87.000000,87.000000,12.000000,12.000000,12.000000,200.000000,200.000000,0.000000,0.000000,0.000000,0.000000,0.000000,0.000000,0.000000,0.000000,0.000000
25,1.820544,0.929373,-1.290676,1.069470,1.086870,-0.620061,5.458065,0.857663,0.154332,-0.653275,-2.516672,0.564541,2.681295,2.662794,0.000127,0.000078,0.219380,-0.072833,-0.010658,0.300880,-0.426283,0.500104,2.610174,0.000648,0.000095,3.000194,4.474758,-0.495418,5.672851,6.043210,-4.360124,0.004563,0.004006,0.005567,3.728076,-20.075748,0.695346,18.751984,-0.263590,2.147919,12.000000,-0.314778,-0.150628,3.728076,-20.075748,0.695346,18.751984,-0.263590,2.147919,57.618919,-0.314778,-0.150628,87.000000,87.000000,87.000000,87.000000,12.000000,12.000000,12.000000,200.000000,200.000000,0.000000,0.000000,0.000000,0.000000,0.000000,0.000000,0.000000,0.000000,0.000000
26,1.818354,0.958891,-1.299535,0.905029,0.978237,-0.711757,5.459224,0.864435,0.156539,-0.654322,-2.508884,0.528294,2.677213,2.749801,0.000084,0.000104,0.242484,-0.053791,-0.005341,0.219658,-0.822960,-0.208413,2.610192,-0.000678,0.000406,-0.218934,0.203789,4.650171,-5.294733,20.107811,0.961258,-0.000815,-0.071725,0.011104,2.837073,-19.368883,0.721766,11.144943,0.166383,0.970140,12.000000,-0.270947,-0.209902,2.837073,-19.368883,0.721766,11.144943,0.166383,0.970140,50.704292,-0.270947,-0.209902,87.000000,87.000000,87.000000,87.000000,12.000000,12.000000,12.000000,200.000000,200.000000,0.000000,0.000000,0.000000,0.000000,0.000000,0.000000,0.000000,0.000000,0.000000
27,1.686818,0.844257,-1.366611,0.945140,1.066167,-0.794227,5.541675,0.865898,0.156502,-0.646971,-2.504959,0.526347,2.653234,2.836809,0.000075,0.000134,0.095495,-0.168212,0.174117,0.094380,0.134078,-0.724638,2.610136,0.001735,0.000238,1.014634,-2.595173,-1.289378,-5.948600,4.127999,8.569929,-0.003276,0.083238,0.003484,-2.075529,-23.806519,-3.369177,12.730755,0.401139,1.394286,12.000000,-0.147501,-0.272571,-2.075529,-23.806519,-3.369177,12.730755,0.401139,1.394286,47.041748,-0.147501,-0.272571,87.000000,87.000000,87.000000,87.000000,12.000000,12.000000,12.000000,200.000000,200.000000,0.000000,0.000000,0.000000,0.000000,0.000000,0.000000,0.000000,0.000000,0.000000
28,1.755670,0.841218,-1.352739,1.069658,0.949271,-0.676716,5.511684,0.871847,0.155941,-0.644928,-2.505037,0.505351,2.660390,2.897300,0.000104,0.000102,0.270651,-0.124307,-0.030452,0.094196,-0.606166,0.284320,-0.000003,-0.000142,-0.000226,1.241078,0.831984,-0.997343,2.913366,10.505129,0.543630,-156.603500,-0.085682,-0.016516,-0.241346,-23.804363,-2.418099,18.214731,-0.195716,2.455861,12.000000,-0.360498,-0.226653,-0.241346,-23.804363,-2.418099,18.214731,-0.195716,2.455861,38.882515,-0.360498,-0.226653,87.000000,87.000000,87.000000,87.000000,12.000000,12.000000,12.000000,200.000000,200.000000,0.000000,0.000000,0.000000,0.000000,0.000000,0.000000,0.000000,0.000000,0.000000
29,1.712736,0.874918,-1.400337,0.935914,1.039813,-0.676741,5.813046,0.881468,0.155309,-0.646033,-2.506734,0.508493,2.671354,2.897300,0.000071,0.000096,0.303120,-0.154429,-0.070970,-0.031233,0.186142,0.170375,-0.000178,-0.000188,-0.000311,-3.786808,-0.822597,1.696797,-2.453939,-1.037425,-7.266202,0.001116,0.022941,-0.007433,-3.102528,-22.420403,-3.979117,13.036077,0.326493,1.373168,12.000000,-0.108532,-0.180183,-3.102528,-22.420403,-3.979117,13.036077,0.326493,1.373168,60.018600,-0.108532,-0.180183,87.000000,87.000000,87.000000,87.000000,12.000000,12.000000,12.000000,200.000000,200.000000,0.000000,0.000000,0.000000,0.000000,0.000000,0.000000,0.000000,0.000000,0.000000
30,1.645758,0.886815,-1.406516,1.055802,1.011704,-0.910707,5.710565,0.880338,0.155465,-0.642277,-2.501320,0.503520,2.621555,2.897300,0.000067,0.000107,-0.066530,-0.082567,0.111856,0.249653,0.023575,-1.445222,-0.000060,0.002096,-0.001088,-1.795563,2.488036,-0.197820,-0.218380,8.729351,21.162207,0.003965,0.067086,-0.013632,-4.611791,-21.958687,-5.102393,16.782696,0.610309,1.896005,12.000000,-0.170956,-0.155814,-4.611791,-21.958687,-5.102393,16.782696,0.610309,1.896005,55.919044,-0.170956,-0.155814,87.000000,87.000000,87.000000,87.000000,12.000000,12.000000,12.000000,200.000000,200.000000,0.000000,0.000000,0.000000,0.000000,0.000000,0.000000,0.000000,0.000000,0.000000
31,1.853858,0.848459,-1.302462,1.026306,1.003992,-0.572397,5.733746,0.886012,0.156911,-0.641566,-2.505343,0.506301,2.665565,2.897301,0.000105,0.000073,0.331164,-0.077896,-0.120632,-0.056489,-0.111769,1.375848,-0.000070,-0.001134,0.001202,2.356215,-0.118143,-1.926677,2.738703,-11.085825,-14.625949,-0.004929,-0.062658,0.074532,2.473730,-23.767664,-0.517827,16.898520,-0.765541,2.444998,12.000000,-0.247618,-0.103530,2.473730,-23.767664,-0.517827,16.898520,-0.765541,2.444998,56.845768,-0.247618,-0.103530,87.000000,87.000000,87.000000,87.000000,12.000000,12.000000,12.000000,200.000000,200.000000,0.000000,0.000000,0.000000,0.000000,0.000000,0.000000,0.000000,0.000000,0.000000
32,1.718656,0.927595,-1.376701,0.976882,0.973799,-0.870617,5.734741,0.889200,0.159170,-0.642840,-2.500834,0.492274,2.633696,2.897300,0.000058,0.000112,0.032879,-0.039423,0.019640,0.184226,-0.143447,-1.138416,-0.000097,0.001460,-0.001163,-4.146854,1.182043,4.166990,-2.945075,15.115505,9.666194,0.004392,0.082863,-0.090634,-2.808298,-20.814661,-3.364183,13.607470,0.810668,1.042404,12.000000,-0.092836,-0.286450,-2.808298,-20.814661,-3.364183,13.607470,0.810668,1.042404,56.886208,-0.092836,-0.286450,87.000000,87.000000,87.000000,87.000000,12.000000,12.000000,12.000000,200.000000,200.000000,0.000000,0.000000,0.000000,0.000000,0.000000,0.000000,0.000000,0.000000,0.000000
33,1.754064,0.767330,-1.375464,1.018278,1.018547,-0.617043,5.744683,0.891806,0.159488,-0.640467,-2.505692,0.500905,2.662980,2.897301,0.000091,0.000077,0.197677,-0.168153,-0.067953,-0.112070,0.126133,0.897026,-0.000084,-0.000484,0.000343,1.339814,-3.571107,-3.364833,0.164580,-10.834312,-10.441467,-0.003579,-0.043248,0.042287,-1.690445,-27.176590,-3.739306,16.608503,-0.351795,2.361172,12.000000,-0.228829,-0.106549,-1.690445,-27.176590,-3.739306,16.608503,-0.351795,2.361172,57.283386,-0.228829,-0.106549,87.000000,87.000000,87.000000,87.000000,12.000000,12.000000,12.000000,200.000000,200.000000,0.000000,0.000000,0.000000,0.000000,0.000000,0.000000,0.000000,0.000000,0.000000
34,1.573398,0.767380,-1.466324,1.058000,0.993799,-0.863869,5.741244,0.887237,0.156371,-0.638178,-2.503268,0.493750,2.628848,2.897300,0.000066,0.000101,-0.183320,-0.251336,0.047057,0.146092,-0.016056,-1.129010,-0.000099,0.001537,-0.000989,-2.706944,-1.931382,-1.395165,-1.082029,10.521290,12.180060,0.004675,0.053328,-0.036978,-7.798424,-26.611324,-7.717376,17.253635,0.885719,1.826954,12.000000,-0.159292,-0.187928,-7.798424,-26.611324,-7.717376,17.253635,0.885719,1.826954,57.146397,-0.159292,-0.187928,87.000000,87.000000,87.000000,87.000000,12.000000,12.000000,12.000000,200.000000,200.000000,0.000000,0.000000,0.000000,0.000000,0.000000,0.000000,0.000000,0.000000,0.000000
35,1.812887,0.820173,-1.303468,1.132657,1.026773,-0.669758,5.700144,0.884516,0.153384,-0.636527,-2.503165,0.504286,2.646593,2.897301,0.000098,0.000069,0.060519,-0.179304,-0.081530,0.146711,0.192864,0.596818,-0.000035,-0.000153,-0.000025,3.303002,1.921879,-3.233574,6.593903,-10.452085,-4.218281,-0.002191,-0.030811,0.019266,1.724592,-24.231506,-1.132377,20.659538,-0.442030,2.713362,12.000000,-0.243384,-0.103712,1.724592,-24.231506,-1.132377,20.659538,-0.442030,2.713362,55.501759,-0.243384,-0.103712,87.000000,87.000000,87.000000,87.000000,12.000000,12.000000,12.000000,200.000000,200.000000,0.000000,0.000000,0.000000,0.000000,0.000000,0.000000,0.000000,0.000000,0.000000
36,1.914155,0.984981,-1.258608,0.941211,0.906461,-0.730647,5.687717,0.890518,0.153797,-0.644100,-2.499674,0.481250,2.653515,2.897301,0.000071,0.000092,0.213982,-0.067959,-0.192221,0.135157,-0.574905,0.084544,-0.000031,-0.000307,0.000461,-1.534527,2.530255,6.236751,-2.372720,11.967794,-3.116850,-0.001049,0.011857,0.002104,4.592493,-17.936699,2.120163,12.243467,-0.073019,1.120238,12.000000,-0.115437,-0.201899,4.592493,-17.936699,2.120163,12.243467,-0.073019,1.120238,55.004650,-0.115437,-0.201899,87.000000,87.000000,87.000000,87.000000,12.000000,12.000000,12.000000,200.000000,200.000000,0.000000,0.000000,0.000000,0.000000,0.000000,0.000000,0.000000,0.000000,0.000000
37,1.724445,0.854103,-1.368560,0.995521,1.024357,-0.798076,5.795279,0.889850,0.154331,-0.641796,-2.497153,0.491469,2.639484,2.897300,0.000057,0.000105,0.005029,-0.122981,0.034700,0.102664,0.421625,-0.508356,-0.000161,0.000827,-0.000623,-0.612325,-0.944412,-0.662983,-2.833940,-2.003063,3.549020,0.003273,0.025953,-0.026324,-2.333762,-23.266710,-3.458589,14.274893,0.404558,1.486640,12.000000,-0.138145,-0.201931,-2.333762,-23.266710,-3.458589,14.274893,0.404558,1.486640,59.307980,-0.138145,-0.201931,87.000000,87.000000,87.000000,87.000000,12.000000,12.000000,12.000000,200.000000,200.000000,0.000000,0.000000,0.000000,0.000000,0.000000,0.000000,0.000000,0.000000,0.000000
38,1.759877,0.901556,-1.343181,0.988838,0.951771,-0.809706,5.659428,0.888530,0.155020,-0.640893,-2.496597,0.484586,2.626281,2.897301,0.000068,0.000093,0.018300,-0.085863,-0.028185,0.042440,-0.200549,-0.323867,-0.000008,0.000353,-0.000349,0.699026,0.933916,-0.493874,-2.463793,2.787873,7.961928,-0.000201,-0.015707,0.009077,-0.767774,-21.415487,-2.342542,14.142286,-0.047950,1.867956,12.000000,-0.192690,-0.143662,-0.767774,-21.415487,-2.342542,14.142286,-0.047950,1.867956,53.873062,-0.192690,-0.143662,87.000000,87.000000,87.000000,87.000000,12.000000,12.000000,12.000000,200.000000,200.000000,0.000000,0.000000,0.000000,0.000000,0.000000,0.000000,0.000000,0.000000,0.000000
39,1.691570,0.720448,-1.393263,1.062168,1.009494,-0.656533,5.695366,0.886334,0.153332,-0.637599,-2.501821,0.492635,2.651767,2.897301,0.000083,0.000079,0.022860,-0.233460,-0.026022,-0.088218,0.185318,0.658918,-0.000038,0.000010,0.000065,1.179401,-3.875345,-4.149867,1.461484,-7.218229,-11.386781,-0.002453,-0.002075,0.012972,-3.299019,-28.404829,-4.833857,18.064995,0.011974,2.239937,12.000000,-0.179380,-0.135383,-3.299019,-28.404829,-4.833857,18.064995,0.011974,2.239937,55.310581,-0.179380,-0.135383,87.000000,87.000000,87.000000,87.000000,12.000000,12.000000,12.000000,200.000000,200.000000,0.000000,0.000000,0.000000,0.000000,0.000000,0.000000,0.000000,0.000000,0.000000
40,1.803099,0.853069,-1.324035,1.071411,0.973014,-0.788354,5.741349,0.887742,0.150798,-0.641190,-2.500855,0.488107,2.639840,2.897300,0.000064,0.000095,0.057607,-0.176608,-0.102119,0.141743,-0.030065,-0.469173,-0.000095,0.000557,-0.000438,-1.664266,1.337879,3.105320,2.207736,5.527845,4.034840,0.002015,0.012951,-0.016111,0.779370,-22.752155,-1.145030,17.791307,0.241535,1.770297,12.000000,-0.155315,-0.179198,0.779370,-22.752155,-1.145030,17.791307,0.241535,1.770297,57.150421,-0.155315,-0.179198,87.000000,87.000000,87.000000,87.000000,12.000000,12.000000,12.000000,200.000000,200.000000,0.000000,0.000000,0.000000,0.000000,0.000000,0.000000,0.000000,0.000000,0.000000
41,1.742160,0.879521,-1.361134,0.958913,0.975003,-0.790032,5.729291,0.887263,0.148913,-0.642411,-2.500749,0.486778,2.631943,2.897300,0.000066,0.000092,0.031766,-0.175565,-0.085480,0.013762,-0.007330,-0.212243,-0.000081,0.000249,-0.000221,-0.336860,0.157050,-0.140761,-3.272843,0.279558,4.279967,-0.000253,-0.004175,0.002879,-1.466528,-21.614273,-2.770148,13.306667,0.054491,1.690714,12.000000,-0.165132,-0.158804,-1.466528,-21.614273,-2.770148,13.306667,0.054491,1.690714,56.667904,-0.165132,-0.158804,87.000000,87.000000,87.000000,87.000000,12.000000,12.000000,12.000000,200.000000,200.000000,0.000000,0.000000,0.000000,0.000000,0.000000,0.000000,0.000000,0.000000,0.000000
42,1.695173,0.737571,-1.412884,1.053060,0.977032,-0.610688,5.673711,0.887070,0.145390,-0.643711,-2.506525,0.487055,2.665110,2.897301,0.000087,0.000078,0.060359,-0.264880,-0.144660,-0.086679,-0.055141,0.878420,-0.000006,-0.000161,0.000390,-0.546788,-2.479698,-2.497509,2.662292,-4.238297,-13.960818,-0.003293,-0.010062,0.030669,-3.409526,-26.921831,-4.723818,18.139330,-0.040401,2.280051,12.000000,-0.188747,-0.125171,-3.409526,-26.921831,-4.723818,18.139330,-0.040401,2.280051,54.444214,-0.188747,-0.125171,87.000000,87.000000,87.000000,87.000000,12.000000,12.000000,12.000000,200.000000,200.000000,0.000000,0.000000,0.000000,0.000000,0.000000,0.000000,0.000000,0.000000,0.000000
43,1.840395,0.898910,-1.304543,0.986212,0.935269,-0.748205,5.697637,0.887996,0.141942,-0.648614,-2.507113,0.476195,2.659058,2.897301,0.000057,0.000102,0.044136,-0.194096,-0.119862,0.059669,-0.166897,-0.348707,-0.000042,0.000375,-0.000360,-1.149407,1.943764,3.961373,-0.125966,8.941238,0.327673,0.001639,0.021221,-0.032016,2.317788,-20.130722,0.321838,14.967123,0.243079,1.302766,12.000000,-0.118677,-0.222733,2.317788,-20.130722,0.321838,14.967123,0.243079,1.302766,55.401699,-0.118677,-0.222733,87.000000,87.000000,87.000000,87.000000,12.000000,12.000000,12.000000,200.000000,200.000000,0.000000,0.000000,0.000000,0.000000,0.000000,0.000000,0.000000,0.000000,0.000000
44,1.709643,0.838977,-1.388353,0.962186,0.961315,-0.718824,5.649934,0.885469,0.139042,-0.648661,-2.509700,0.476568,2.658090,2.897301,0.000066,0.000093,-0.025833,-0.210625,-0.067373,-0.045255,0.048074,-0.049092,-0.000008,0.000361,-0.000332,0.079510,-0.178379,-1.592303,-1.872369,-0.653183,0.512554,-0.000429,-0.004210,0.003823,-2.442810,-22.373291,-3.495134,14.388335,0.120889,1.794581,12.000000,-0.171177,-0.151311,-2.442810,-22.373291,-3.495134,14.388335,0.120889,1.794581,53.493294,-0.171177,-0.151311,87.000000,87.000000,87.000000,87.000000,12.000000,12.000000,12.000000,200.000000,200.000000,0.000000,0.000000,0.000000,0.000000,0.000000,0.000000,0.000000,0.000000,0.000000
45,1.881121,0.992794,-1.236949,1.013918,0.980563,-0.854655,5.710248,0.881611,0.139961,-0.646930,-2.507746,0.482144,2.628487,2.897300,0.000056,0.000107,-0.048421,0.008051,0.048587,0.169154,0.251666,-0.872855,-0.000059,0.001024,-0.000498,2.587431,6.450826,1.188680,1.808261,0.603509,12.707537,0.002803,0.023655,-0.003384,4.919845,-16.497711,2.280040,15.943511,-0.005424,1.597444,12.000000,-0.151129,-0.178146,4.919845,-16.497711,2.280040,15.943511,-0.005424,1.597444,55.906277,-0.151129,-0.178146,87.000000,87.000000,87.000000,87.000000,12.000000,12.000000,12.000000,200.000000,200.000000,0.000000,0.000000,0.000000,0.000000,0.000000,0.000000,0.000000,0.000000,0.000000
46,1.851792,0.854487,-1.298082,0.995943,0.931854,-0.665971,5.676271,0.884479,0.144264,-0.647541,-2.510271,0.477300,2.650850,2.897301,0.000079,0.000087,0.195144,0.003281,-0.091638,-0.026306,-0.244238,0.702306,-0.000003,-0.000577,0.000540,1.479349,-0.487830,0.391491,0.349592,-3.316191,-6.652021,-0.004449,-0.037799,0.038654,2.818618,-22.756418,0.197018,15.858415,-0.518509,2.111534,12.000000,-0.190153,-0.142717,2.818618,-22.756418,0.197018,15.858415,-0.518509,2.111534,54.546513,-0.190153,-0.142717,87.000000,87.000000,87.000000,87.000000,12.000000,12.000000,12.000000,200.000000,200.000000,0.000000,0.000000,0.000000,0.000000,0.000000,0.000000,0.000000,0.000000,0.000000
47,1.752293,0.782188,-1.369454,0.990760,0.961377,-0.679857,5.701087,0.887636,0.146196,-0.647370,-2.513449,0.476275,2.664988,2.897301,0.000059,0.000100,0.122385,-0.115827,-0.024698,-0.041385,0.051795,0.202813,-0.000045,0.000149,-0.000185,-1.392205,-3.301031,0.861915,-0.762915,1.660140,-9.156729,0.001013,0.017833,-0.024962,-1.396353,-25.646557,-2.808268,15.887824,0.275655,1.563910,12.000000,-0.113107,-0.220923,-1.396353,-25.646557,-2.808268,15.887824,0.275655,1.563910,55.539665,-0.113107,-0.220923,87.000000,87.000000,87.000000,87.000000,12.000000,12.000000,12.000000,200.000000,200.000000,0.000000,0.000000,0.000000,0.000000,0.000000,0.000000,0.000000,0.000000,0.000000
48,1.808807,0.858757,-1.334972,0.973402,0.952257,-0.708061,5.685345,0.891336,0.146406,-0.648021,-2.516396,0.475207,2.665113,2.897301,0.000056,0.000101,0.150547,-0.116351,-0.041793,-0.027625,0.015318,-0.087506,-0.000023,0.000401,-0.000343,-0.862364,-0.068836,1.724312,-0.352016,1.161320,-0.897189,0.000496,0.006284,-0.004473,0.523553,-22.414257,-1.282394,15.416297,0.060908,1.675575,12.000000,-0.139298,-0.179402,0.523553,-22.414257,-1.282394,15.416297,0.060908,1.675575,54.909828,-0.139298,-0.179402,87.000000,87.000000,87.000000,87.000000,12.000000,12.000000,12.000000,200.000000,200.000000,0.000000,0.000000,0.000000,0.000000,0.000000,0.000000,0.000000,0.000000,0.000000
49,1.681583,0.843302,-1.417245,1.034271,0.985933,-0.722238,5.737112,0.891381,0.147298,-0.646176,-2.517129,0.480939,2.658980,2.897300,0.000069,0.000091,0.022458,-0.074339,-0.011372,0.084909,0.199015,-0.222939,-0.000083,0.000765,-0.000635,-1.521355,1.331393,-1.781038,2.548851,-2.022831,2.560075,0.000864,-0.002535,0.001954,-4.265120,-23.134781,-5.001744,17.776361,0.281537,2.156140,12.000000,-0.200763,-0.129825,-4.265120,-23.134781,-5.001744,17.776361,0.281537,2.156140,56.980827,-0.200763,-0.129825,87.000000,87.000000,87.000000,87.000000,12.000000,12.000000,12.000000,200.000000,200.000000,0.000000,0.000000,0.000000,0.000000,0.000000,0.000000,0.000000,0.000000,0.000000
50,1.809247,0.826107,-1.337215,1.053108,0.946957,-0.691806,5.703599,0.892316,0.149093,-0.646860,-2.515667,0.477691,2.662072,2.897301,0.000075,0.000085,0.092159,-0.069292,-0.069460,0.142115,-0.096069,0.077211,-0.000046,0.000063,-0.000060,0.266832,-0.151420,0.514280,2.409069,0.428408,0.056483,-0.001394,-0.012614,0.012723,0.684312,-24.063662,-1.462013,18.251583,-0.105416,2.197457,12.000000,-0.182627,-0.138568,0.684312,-24.063662,-1.462013,18.251583,-0.105416,2.197457,55.640026,-0.182627,-0.138568,87.000000,87.000000,87.000000,87.000000,12.000000,12.000000,12.000000,200.000000,200.000000,0.000000,0.000000,0.000000,0.000000,0.000000,0.000000,0.000000,0.000000,0.000000
51,1.718576,0.811940,-1.402763,1.050588,0.970075,-0.637635,5.742382,0.892625,0.150527,-0.646876,-2.513121,0.479290,2.676866,2.897300,0.000079,0.000082,0.053319,-0.087904,-0.074992,0.174152,0.061612,0.332891,-0.000090,0.000143,-0.000056,-1.084449,-0.603431,-1.277373,2.522322,-1.722355,-6.662921,-0.000935,-0.000620,0.005235,-2.940344,-24.720808,-4.170276,17.869032,0.151508,2.110997,12.000000,-0.177907,-0.143832,-2.940344,-24.720808,-4.170276,17.869032,0.151508,2.110997,57.191536,-0.177907,-0.143832,87.000000,87.000000,87.000000,87.000000,12.000000,12.000000,12.000000,200.000000,200.000000,0.000000,0.000000,0.000000,0.000000,0.000000,0.000000,0.000000,0.000000,0.000000
52,1.787365,0.961144,-1.308638,0.900611,0.973330,-0.918954,5.712799,0.888410,0.152025,-0.645259,-2.505389,0.479923,2.628132,2.897300,0.000048,0.000121,-0.110238,-0.062700,0.068170,0.206079,0.192577,-1.458429,-0.000065,0.001522,-0.000542,0.501178,1.224988,1.742532,-7.472838,6.253098,19.438246,0.004054,0.064236,-0.023210,0.656888,-18.836037,-0.724974,10.600883,0.376356,0.977142,12.000000,-0.104220,-0.231854,0.656888,-18.836037,-0.724974,10.600883,0.376356,0.977142,56.008430,-0.104220,-0.231854,87.000000,87.000000,87.000000,87.000000,12.000000,12.000000,12.000000,200.000000,200.000000,0.000000,0.000000,0.000000,0.000000,0.000000,0.000000,0.000000,0.000000,0.000000
53,1.892365,0.859058,-1.311615,1.016544,0.916031,-0.478241,5.663038,0.894856,0.154839,-0.648576,-2.512275,0.474642,2.689672,2.897301,0.000108,0.000083,0.352846,-0.027069,-0.236578,-0.124532,-0.388868,1.875726,0.000001,-0.001056,0.001836,1.418597,0.450915,-0.698896,4.394147,-9.281073,-21.473106,-0.006687,-0.060871,0.111033,3.196601,-23.278986,0.051329,17.336670,-0.928419,2.576709,12.000000,-0.255903,-0.105433,3.196601,-23.278986,0.051329,17.336670,-0.928419,2.576709,54.017040,-0.255903,-0.105433,87.000000,87.000000,87.000000,87.000000,12.000000,12.000000,12.000000,200.000000,200.000000,0.000000,0.000000,0.000000,0.000000,0.000000,0.000000,0.000000,0.000000,0.000000
54,1.619781,0.923335,-1.365594,0.983676,1.021772,-1.116308,5.748121,0.882387,0.157499,-0.637434,-2.503042,0.482389,2.612486,2.897300,0.000035,0.000166,-0.413769,-0.022567,0.341345,0.338168,0.552224,-2.611417,-0.000093,0.002215,-0.000496,4.436391,2.285007,-8.171092,-1.843824,1.894902,0.137100,0.005121,0.112659,0.006984,-4.531326,-20.828407,-4.925067,13.710220,0.925180,-3.716832,12.000000,-0.044498,-0.283089,-4.531326,-20.828407,-4.925067,13.710220,0.925180,-3.716832,57.421539,-0.044498,-0.283089,87.000000,87.000000,87.000000,87.000000,12.000000,12.000000,12.000000,200.000000,200.000000,0.000000,0.000000,0.000000,0.000000,0.000000,0.000000,0.000000,0.000000,0.000000
55,1.889989,0.682542,-1.310798,1.196367,0.937450,-0.280433,5.639989,0.888112,0.160042,-0.639500,-2.508570,0.484104,2.690270,2.897301,0.000137,0.000082,0.383845,-0.092155,-0.248048,-0.029390,-0.291582,2.608455,0.000006,-0.000473,0.000967,-0.916629,-3.485610,3.096096,7.261603,-6.767468,-0.130334,-0.003253,-0.000075,0.004793,3.419932,-30.805071,-0.395978,24.162495,-0.956511,9.558959,12.000000,-0.269962,-0.224301,3.419932,-30.805071,-0.395978,24.162495,-0.956511,9.558959,53.095291,-0.269962,-0.224301,87.000000,87.000000,87.000000,87.000000,12.000000,12.000000,12.000000,200.000000,200.000000,0.000000,0.000000,0.000000,0.000000,0.000000,0.000000,0.000000,0.000000,0.000000
56,1.680784,0.945052,-1.332400,0.924437,1.020653,-1.075490,5.800224,0.882081,0.160149,-0.634785,-2.496403,0.487249,2.617434,2.897301,0.000031,0.000176,-0.263485,-0.121985,0.222189,0.374460,0.461688,-2.610391,-0.000154,0.001755,-0.000980,1.157573,0.888900,-2.375369,-5.999965,6.684821,0.149660,0.007840,0.062649,-0.061477,-2.664724,-19.987005,-3.147706,10.476409,1.021179,-2.481924,12.000000,-0.094432,-0.391866,-2.664724,-19.987005,-3.147706,10.476409,1.021179,-2.481924,59.506027,-0.094432,-0.391866,87.000000,87.000000,87.000000,87.000000,12.000000,12.000000,12.000000,200.000000,200.000000,0.000000,0.000000,0.000000,0.000000,0.000000,0.000000,0.000000,0.000000,0.000000
57,1.869957,0.833441,-1.277117,1.105081,0.982868,-0.531081,5.642020,0.884808,0.161375,-0.633033,-2.499127,0.495886,2.666814,2.897301,0.000115,0.000085,0.306766,-0.066078,-0.155479,0.015025,-0.106055,1.715327,0.000010,-0.001172,0.000506,4.959451,0.967597,-4.696675,5.934332,-18.851107,-12.555992,-0.007566,-0.127847,0.061073,3.436910,-24.692839,-0.261612,19.542942,-1.260986,3.245383,12.000000,-0.373554,-0.120754,3.436910,-24.692839,-0.261612,19.542942,-1.260986,3.245383,53.176239,-0.373554,-0.120754,87.000000,87.000000,87.000000,87.000000,12.000000,12.000000,12.000000,200.000000,200.000000,0.000000,0.000000,0.000000,0.000000,0.000000,0.000000,0.000000,0.000000,0.000000
58,1.558707,0.799082,-1.451534,0.931768,0.992534,-0.925679,5.748528,0.882112,0.159598,-0.632408,-2.493753,0.488636,2.623946,2.897300,0.000047,0.000132,-0.174956,-0.259654,0.059251,0.115658,0.087440,-1.516625,-0.000115,0.001705,-0.001390,-4.718123,-4.827155,1.563707,-9.442126,14.360345,12.365019,0.007136,0.096626,-0.098484,-8.121777,-25.745579,-7.441256,11.049807,1.207932,0.767274,12.000000,-0.070703,-0.325248,-8.121777,-25.745579,-7.441256,11.049807,1.207932,0.767274,57.438015,-0.070703,-0.325248,87.000000,87.000000,87.000000,87.000000,12.000000,12.000000,12.000000,200.000000,200.000000,0.000000,0.000000,0.000000,0.000000,0.000000,0.000000,0.000000,0.000000,0.000000
59,1.769229,0.793991,-1.382798,0.990065,0.970873,-0.533880,5.669416,0.887934,0.154436,-0.639000,-2.504708,0.490184,2.674999,2.897301,0.000106,0.000078,0.303519,-0.298931,-0.349118,-0.289257,-0.174373,1.581231,-0.000004,-0.000776,0.000901,-0.762849,-1.615628,-1.367488,1.642399,-11.614927,-17.505905,-0.006154,-0.056515,0.073950,-1.162521,-25.245441,-3.302665,15.954918,-0.672524,2.530523,12.000000,-0.261563,-0.097537,-1.162521,-25.245441,-3.302665,15.954918,-0.672524,2.530523,54.272255,-0.261563,-0.097537,87.000000,87.000000,87.000000,87.000000,12.000000,12.000000,12.000000,200.000000,200.000000,0.000000,0.000000,0.000000,0.000000,0.000000,0.000000,0.000000,0.000000,0.000000
60,1.854455,1.021572,-1.231803,1.034963,0.990139,-0.988886,5.725825,0.883606,0.152494,-0.638807,-2.500068,0.487395,2.613406,2.897300,0.000046,0.000141,-0.176996,-0.069659,0.120904,0.276196,0.250934,-2.011332,-0.000089,0.002448,-0.001051,-0.431509,7.519996,4.881860,1.404413,13.777077,21.176418,0.007800,0.110667,-0.060800,3.835882,-16.077761,1.884551,15.875824,0.751404,0.888650,12.000000,-0.092631,-0.299698,3.835882,-16.077761,1.884551,15.875824,0.751404,0.888650,56.529804,-0.092631,-0.299698,87.000000,87.000000,87.000000,87.000000,12.000000,12.000000,12.000000,200.000000,200.000000,0.000000,0.000000,0.000000,0.000000,0.000000,0.000000,0.000000,0.000000,0.000000
61,1.887050,0.763351,-1.322019,1.132082,0.909446,-0.323000,5.659597,0.891872,0.154499,-0.643609,-2.506350,0.478764,2.691960,2.897301,0.000132,0.000081,0.404237,-0.072215,-0.273509,-0.074514,-0.491729,2.608312,0.000000,-0.000428,0.001678,-2.617553,-1.134904,4.640700,5.498089,-0.825389,-0.123997,-0.003820,0.018717,0.067679,2.848450,-27.050003,-0.359618,21.430359,-0.771054,7.721957,12.000000,-0.228892,-0.156966,2.848450,-27.050003,-0.359618,21.430359,-0.771054,7.721957,53.879578,-0.228892,-0.156966,87.000000,87.000000,87.000000,87.000000,12.000000,12.000000,12.000000,200.000000,200.000000,0.000000,0.000000,0.000000,0.000000,0.000000,0.000000,0.000000,0.000000,0.000000
62,1.666500,0.858327,-1.357829,0.929658,1.018978,-1.028044,5.801087,0.885723,0.153185,-0.638352,-2.497132,0.483291,2.622223,2.897300,0.000031,0.000179,-0.275053,-0.211366,0.246211,0.265364,0.548075,-2.497976,-0.000196,0.002378,-0.001478,-0.160199,-2.156945,-0.838837,-7.950046,9.933283,6.908526,0.009990,0.104222,-0.106017,-3.568351,-22.836409,-3.862256,10.925266,1.226172,-0.929400,12.000000,-0.084823,-0.426092,-3.568351,-22.836409,-3.862256,10.925266,1.226172,-0.929400,59.540882,-0.084823,-0.426092,87.000000,87.000000,87.000000,87.000000,12.000000,12.000000,12.000000,200.000000,200.000000,0.000000,0.000000,0.000000,0.000000,0.000000,0.000000,0.000000,0.000000,0.000000
63,1.796819,0.758590,-1.322518,1.139672,0.996077,-0.540643,5.639567,0.885031,0.150670,-0.634187,-2.501668,0.495861,2.666188,2.897300,0.000117,0.000081,0.188031,-0.190591,-0.097000,-0.014480,0.011373,1.543816,0.000013,-0.000849,-0.000070,4.979634,0.161100,-6.646118,7.130918,-19.725689,-10.801791,-0.006101,-0.120372,0.038630,0.812582,-26.547258,-2.253701,21.274664,-1.088505,3.462473,12.000000,-0.384696,-0.111016,0.812582,-26.547258,-2.253701,21.274664,-1.088505,3.462473,53.078247,-0.384696,-0.111016,87.000000,87.000000,87.000000,87.000000,12.000000,12.000000,12.000000,200.000000,200.000000,0.000000,0.000000,0.000000,0.000000,0.000000,0.000000,0.000000,0.000000,0.000000
64,1.626581,0.888573,-1.403180,0.953382,0.995053,-0.958825,5.756269,0.882324,0.148247,-0.635242,-2.494720,0.490162,2.615527,2.897300,0.000054,0.000127,-0.160139,-0.195031,0.017303,0.216326,0.123296,-1.690498,-0.000128,0.001866,-0.001219,-4.017557,0.333635,2.395102,-6.345296,13.768612,17.036217,0.006619,0.094916,-0.068647,-5.417611,-21.136387,-5.128847,11.897713,1.058043,0.844691,12.000000,-0.095949,-0.276038,-5.417611,-21.136387,-5.128847,11.897713,1.058043,0.844691,57.747669,-0.095949,-0.276038,87.000000,87.000000,87.000000,87.000000,12.000000,12.000000,12.000000,200.000000,200.000000,0.000000,0.000000,0.000000,0.000000,0.000000,0.000000,0.000000,0.000000,0.000000
65,1.797518,0.855731,-1.319719,1.119106,1.006419,-0.538677,5.687705,0.882598,0.148153,-0.635633,-2.498279,0.499857,2.666921,2.897301,0.000122,0.000065,0.164889,-0.064444,-0.180454,0.042920,0.025901,1.611454,-0.000013,-0.000504,0.000640,2.307182,3.520430,-3.999705,8.371408,-15.888107,-16.857889,-0.005535,-0.051072,0.063588,0.940108,-22.605740,-1.648805,20.099854,-0.801673,2.940042,12.000000,-0.301389,-0.073628,0.940108,-22.605740,-1.648805,20.099854,-0.801673,2.940042,55.003880,-0.301389,-0.073628,87.000000,87.000000,87.000000,87.000000,12.000000,12.000000,12.000000,200.000000,200.000000,0.000000,0.000000,0.000000,0.000000,0.000000,0.000000,0.000000,0.000000,0.000000
66,1.727394,0.891399,-1.341306,0.894227,0.952077,-0.925409,5.762864,0.880871,0.148431,-0.639622,-2.492786,0.484075,2.625651,2.897300,0.000051,0.000121,-0.107616,-0.153432,-0.037043,0.111159,-0.167014,-1.433590,-0.000130,0.001243,-0.000958,-2.838799,-2.286534,5.025194,-10.007454,17.570263,12.934097,0.005547,0.079562,-0.090738,-1.340993,-21.300699,-2.008715,9.445948,0.806269,0.460825,12.000000,-0.075920,-0.317818,-1.340993,-21.300699,-2.008715,9.445948,0.806269,0.460825,58.011333,-0.075920,-0.317818,87.000000,87.000000,87.000000,87.000000,12.000000,12.000000,12.000000,200.000000,200.000000,0.000000,0.000000,0.000000,0.000000,0.000000,0.000000,0.000000,0.000000,0.000000
67,1.880455,0.816339,-1.312252,1.026149,0.967174,-0.463826,5.696436,0.888404,0.147393,-0.645680,-2.504233,0.487677,2.692104,2.897301,0.000113,0.000077,0.373996,-0.153491,-0.306822,-0.260431,-0.119817,1.976612,-0.000019,-0.000761,0.001509,0.227244,-0.312394,0.219718,4.622644,-13.565343,-25.074711,-0.005589,-0.035417,0.094887,3.117696,-24.101780,0.029188,17.450842,-0.880946,2.480564,12.000000,-0.242968,-0.098819,3.117696,-24.101780,0.029188,17.450842,-0.880946,2.480564,55.353138,-0.242968,-0.098819,87.000000,87.000000,87.000000,87.000000,12.000000,12.000000,12.000000,200.000000,200.000000,0.000000,0.000000,0.000000,0.000000,0.000000,0.000000,0.000000,0.000000,0.000000
68,1.614174,0.853031,-1.434018,0.908580,0.928617,-0.950690,5.697914,0.884383,0.144465,-0.647365,-2.503793,0.469287,2.633303,2.897300,0.000051,0.000136,-0.233007,-0.241439,0.040123,0.003596,-0.149087,-1.983922,-0.000059,0.002649,-0.001607,-4.057192,-1.481384,3.135188,-8.029226,22.273148,18.913235,0.005846,0.125486,-0.110593,-5.895244,-22.236864,-5.402185,11.303686,1.284309,0.619264,12.000000,-0.094441,-0.337320,-5.895244,-22.236864,-5.402185,11.303686,1.284309,0.619264,55.413090,-0.094441,-0.337320,87.000000,87.000000,87.000000,87.000000,12.000000,12.000000,12.000000,200.000000,200.000000,0.000000,0.000000,0.000000,0.000000,0.000000,0.000000,0.000000,0.000000,0.000000
69,1.937434,0.835464,-1.253745,1.115484,0.981104,-0.555663,5.638399,0.886420,0.142740,-0.648336,-2.513647,0.483271,2.671939,2.897301,0.000113,0.000070,0.247930,-0.118482,-0.161479,-0.125748,0.189361,1.288355,0.000004,-0.000581,0.000092,3.737879,3.158629,-1.299477,9.570001,-17.073017,-11.540586,-0.005037,-0.069748,0.031785,6.090393,-22.861115,2.111274,21.700569,-0.979053,3.019983,12.000000,-0.310715,-0.100355,6.090393,-22.861115,2.111274,21.700569,-0.979053,3.019983,53.031609,-0.310715,-0.100355,87.000000,87.000000,87.000000,87.000000,12.000000,12.000000,12.000000,200.000000,200.000000,0.000000,0.000000,0.000000,0.000000,0.000000,0.000000,0.000000,0.000000,0.000000
70,1.734580,0.916883,-1.348420,0.988247,0.924034,-0.897392,5.699733,0.883612,0.144101,-0.647872,-2.509285,0.469425,2.630259,2.897300,0.000066,0.000107,-0.121621,-0.046658,0.064113,0.203874,-0.156718,-1.385356,-0.000056,0.001601,-0.001066,-1.148926,2.394516,2.365353,-1.920048,15.522461,14.881395,0.004382,0.076641,-0.056687,-1.137092,-19.950567,-2.057944,14.740897,0.705036,1.201086,12.000000,-0.128148,-0.225736,-1.137092,-19.950567,-2.057944,14.740897,0.705036,1.201086,55.485767,-0.128148,-0.225736,87.000000,87.000000,87.000000,87.000000,12.000000,12.000000,12.000000,200.000000,200.000000,0.000000,0.000000,0.000000,0.000000,0.000000,0.000000,0.000000,0.000000,0.000000
71,1.898941,0.799874,-1.299259,1.091917,0.964586,-0.437610,5.713379,0.889974,0.147057,-0.649248,-2.515325,0.479233,2.698777,2.897301,0.000126,0.000065,0.361015,-0.026271,-0.185397,-0.038878,0.044778,2.025769,-0.000039,-0.000668,0.001546,1.719355,0.178053,-1.153404,8.373899,-16.410334,-25.951593,-0.005102,-0.026312,0.095039,3.847534,-25.042234,0.435965,20.595385,-0.909027,2.806056,12.000000,-0.261188,-0.076596,3.847534,-25.042234,0.435965,20.595385,-0.909027,2.806056,56.030964,-0.261188,-0.076596,87.000000,87.000000,87.000000,87.000000,12.000000,12.000000,12.000000,200.000000,200.000000,0.000000,0.000000,0.000000,0.000000,0.000000,0.000000,0.000000,0.000000,0.000000
72,1.707819,0.915306,-1.316618,0.987636,0.991109,-1.062019,5.764272,0.881749,0.149811,-0.640836,-2.502890,0.479871,2.623139,2.897300,0.000044,0.000152,-0.283364,-0.027400,0.295073,0.432677,0.316580,-2.610930,-0.000111,0.001860,-0.000497,4.091690,1.614288,-4.773280,-2.460052,5.822029,0.118933,0.004628,0.019873,-0.005958,-1.326588,-20.561708,-2.376410,13.567591,0.746363,-2.400105,12.000000,-0.193100,-0.276273,-1.326588,-20.561708,-2.376410,13.567591,0.746363,-2.400105,58.067577,-0.193100,-0.276273,87.000000,87.000000,87.000000,87.000000,12.000000,12.000000,12.000000,200.000000,200.000000,0.000000,0.000000,0.000000,0.000000,0.000000,0.000000,0.000000,0.000000,0.000000
73,1.770019,0.710321,-1.335009,1.161185,1.022724,-0.445373,5.677587,0.881194,0.151982,-0.633581,-2.504984,0.500093,2.687118,2.897300,0.000144,0.000062,0.219566,-0.083171,-0.046109,0.061786,0.185986,2.093907,0.000007,-0.000675,0.000607,5.546728,-1.906460,-8.501030,8.143017,-25.595335,-19.896038,-0.006993,-0.091656,0.054957,-0.002738,-28.984676,-3.045356,22.257221,-1.171988,3.616716,12.000000,-0.403464,-0.088880,-0.002738,-28.984676,-3.045356,22.257221,-1.171988,3.616716,54.598984,-0.403464,-0.088880,87.000000,87.000000,87.000000,87.000000,12.000000,12.000000,12.000000,200.000000,200.000000,0.000000,0.000000,0.000000,0.000000,0.000000,0.000000,0.000000,0.000000,0.000000
74,1.594083,0.876952,-1.449241,0.932838,0.957774,-0.928396,5.768260,0.882493,0.152327,-0.638756,-2.494499,0.483272,2.635616,2.897300,0.000067,0.000117,-0.088618,-0.143922,-0.067116,0.293301,-0.155171,-1.770470,-0.000135,0.001808,-0.001492,-7.203565,-1.667779,5.430824,-8.542756,20.510891,16.788132,0.005859,0.096226,-0.112555,-7.111851,-22.177967,-6.281965,10.730764,1.242934,0.642875,12.000000,-0.120299,-0.312841,-7.111851,-22.177967,-6.281965,10.730764,1.242934,0.642875,58.227287,-0.120299,-0.312841,87.000000,87.000000,87.000000,87.000000,12.000000,12.000000,12.000000,200.000000,200.000000,0.000000,0.000000,0.000000,0.000000,0.000000,0.000000,0.000000,0.000000,0.000000
75,1.813444,0.866862,-1.284400,0.992003,1.007061,-0.770946,5.633604,0.879716,0.151152,-0.636730,-2.494641,0.494080,2.629951,2.897301,0.000085,0.000084,0.050012,-0.159204,-0.038339,-0.004280,0.232153,0.025449,-0.000005,-0.000325,-0.000208,3.666269,-0.218410,-2.260028,-2.796677,-9.969770,6.187890,-0.002905,-0.045102,0.013618,2.178399,-22.364365,-0.412255,14.213876,-0.483144,2.116015,12.000000,-0.233271,-0.133872,2.178399,-22.364365,-0.412255,14.213876,-0.483144,2.116015,52.839947,-0.233271,-0.133872,87.000000,87.000000,87.000000,87.000000,12.000000,12.000000,12.000000,200.000000,200.000000,0.000000,0.000000,0.000000,0.000000,0.000000,0.000000,0.000000,0.000000,0.000000
76,1.780877,0.794267,-1.343809,1.084618,0.963148,-0.677424,5.724440,0.883213,0.149713,-0.640106,-2.497478,0.488629,2.650000,2.897300,0.000084,0.000080,0.157834,-0.174158,-0.150925,0.018150,-0.188071,0.505816,-0.000068,-0.000369,0.000382,-1.075642,-0.752539,1.107728,3.058816,0.286931,-7.875405,-0.002805,-0.010062,0.028856,0.032023,-25.143522,-2.021178,18.422089,-0.102445,2.153323,12.000000,-0.169421,-0.130984,0.032023,-25.143522,-2.021178,18.422089,-0.102445,2.153323,56.473644,-0.169421,-0.130984,87.000000,87.000000,87.000000,87.000000,12.000000,12.000000,12.000000,200.000000,200.000000,0.000000,0.000000,0.000000,0.000000,0.000000,0.000000,0.000000,0.000000,0.000000
77,1.652796,0.879398,-1.402654,0.945201,1.019195,-0.845042,5.777248,0.881501,0.147528,-0.640552,-2.497091,0.493943,2.628881,2.897301,0.000057,0.000105,-0.066054,-0.187882,-0.031106,0.020677,0.291498,-0.746240,-0.000144,0.000969,-0.000611,-2.417548,0.079337,0.033779,-4.578009,2.053776,6.205966,0.003822,0.043908,-0.035446,-4.446385,-21.481014,-4.706069,12.375439,0.580628,1.233069,12.000000,-0.119397,-0.217636,-4.446385,-21.481014,-4.706069,12.375439,0.580628,1.233069,58.586681,-0.119397,-0.217636,87.000000,87.000000,87.000000,87.000000,12.000000,12.000000,12.000000,200.000000,200.000000,0.000000,0.000000,0.000000,0.000000,0.000000,0.000000,0.000000,0.000000,0.000000
78,1.898651,0.929626,-1.279863,1.030195,0.939671,-0.668433,5.687716,0.886517,0.148171,-0.646880,-2.501801,0.485718,2.650540,2.897301,0.000082,0.000084,0.240619,-0.041055,-0.232959,-0.039919,-0.327628,0.679918,-0.000022,-0.000545,0.000518,-0.166605,3.600437,2.919473,3.560539,-1.270103,-5.920050,-0.004408,-0.042558,0.041240,4.314793,-19.711937,1.394312,16.771540,-0.539863,2.138382,12.000000,-0.205698,-0.131384,4.314793,-19.711937,1.394312,16.771540,-0.539863,2.138382,55.004448,-0.205698,-0.131384,87.000000,87.000000,87.000000,87.000000,12.000000,12.000000,12.000000,200.000000,200.000000,0.000000,0.000000,0.000000,0.000000,0.000000,0.000000,0.000000,0.000000,0.000000
79,1.794641,0.790327,-1.352977,1.031827,0.939648,-0.667407,5.731902,0.889700,0.149083,-0.649511,-2.504764,0.476208,2.667195,2.897301,0.000063,0.000099,0.120603,-0.134886,-0.086429,-0.015151,-0.169378,0.284772,-0.000082,-0.000002,0.000013,-1.289359,-2.600546,2.110176,0.538139,5.586583,-9.767115,0.000297,0.015030,-0.018182,0.142190,-25.461359,-1.741459,16.839622,0.221538,1.635788,12.000000,-0.113978,-0.219475,0.142190,-25.461359,-1.741459,16.839622,0.221538,1.635788,56.772369,-0.113978,-0.219475,87.000000,87.000000,87.000000,87.000000,12.000000,12.000000,12.000000,200.000000,200.000000,0.000000,0.000000,0.000000,0.000000,0.000000,0.000000,0.000000,0.000000,0.000000
80,1.610165,0.769160,-1.448154,0.912775,0.980999,-0.785372,5.693619,0.885437,0.145065,-0.646620,-2.508551,0.478623,2.650430,2.897301,0.000050,0.000110,-0.116636,-0.315338,0.027668,-0.146458,0.185128,-0.595207,-0.000040,0.000981,-0.000675,-0.805811,-4.421961,-2.625278,-6.844530,2.171669,4.648489,0.002597,0.031973,-0.022079,-6.238134,-25.610588,-6.350925,12.309608,0.559451,1.410800,12.000000,-0.125206,-0.202263,-6.238134,-25.610588,-6.350925,12.309608,0.559451,1.410800,55.241058,-0.125206,-0.202263,87.000000,87.000000,87.000000,87.000000,12.000000,12.000000,12.000000,200.000000,200.000000,0.000000,0.000000,0.000000,0.000000,0.000000,0.000000,0.000000,0.000000,0.000000
81,1.835854,0.828097,-1.324093,1.140528,0.980875,-0.628885,5.682101,0.886699,0.141400,-0.649130,-2.514257,0.485360,2.668089,2.897300,0.000086,0.000078,0.131417,-0.168172,-0.154826,0.030748,0.108071,0.529358,-0.000017,0.000162,-0.000221,0.504575,3.769565,-0.083444,9.705184,-7.109065,-5.129567,-0.002390,-0.032212,0.023128,2.118439,-22.882500,-0.574693,22.345556,-0.346033,2.747276,12.000000,-0.241988,-0.101119,2.118439,-22.882500,-0.574693,22.345556,-0.346033,2.747276,54.779934,-0.241988,-0.101119,87.000000,87.000000,87.000000,87.000000,12.000000,12.000000,12.000000,200.000000,200.000000,0.000000,0.000000,0.000000,0.000000,0.000000,0.000000,0.000000,0.000000,0.000000
82,1.767383,0.903948,-1.342663,1.058027,0.952246,-0.791840,5.726718,0.884386,0.142072,-0.650010,-2.508134,0.478882,2.647894,2.897300,0.000067,0.000094,-0.059839,-0.045600,-0.023325,0.304567,-0.057192,-0.679487,-0.000074,0.000794,-0.000601,-0.406417,3.555273,1.235793,2.292518,7.279507,7.959952,0.002537,0.020246,-0.019252,0.002700,-20.241993,-1.501278,17.407715,0.322987,1.764086,12.000000,-0.165181,-0.170310,0.002700,-20.241993,-1.501278,17.407715,0.322987,1.764086,56.565159,-0.165181,-0.170310,87.000000,87.000000,87.000000,87.000000,12.000000,12.000000,12.000000,200.000000,200.000000,0.000000,0.000000,0.000000,0.000000,0.000000,0.000000,0.000000,0.000000,0.000000
83,2.007217,0.953352,-1.202528,0.988065,0.927604,-0.589975,5.669402,0.889338,0.146557,-0.652133,-2.506409,0.475330,2.680936,2.897301,0.000079,0.000088,0.290929,0.055047,-0.109022,0.114793,-0.182208,0.960545,-0.000005,-0.000827,0.001107,2.864763,2.414948,2.721704,1.378138,-4.048417,-12.085604,-0.004684,-0.021470,0.051385,8.470677,-18.956371,4.564659,14.918083,-0.738363,1.742895,12.000000,-0.148058,-0.159411,8.470677,-18.956371,4.564659,14.918083,-0.738363,1.742895,54.271729,-0.148058,-0.159411,87.000000,87.000000,87.000000,87.000000,12.000000,12.000000,12.000000,200.000000,200.000000,0.000000,0.000000,0.000000,0.000000,0.000000,0.000000,0.000000,0.000000,0.000000
84,1.685207,0.890786,-1.385108,0.860816,0.983184,-0.896100,5.789940,0.887940,0.149868,-0.647830,-2.501789,0.477508,2.638190,2.897300,0.000036,0.000135,-0.069283,-0.071707,0.149874,0.065102,0.290680,-1.415192,-0.000158,0.001745,-0.000920,-1.435689,-2.762162,0.792117,-10.838669,7.178286,13.809313,0.005344,0.083659,-0.064761,-3.613213,-21.683901,-3.848827,8.903338,0.763976,0.637097,12.000000,-0.065856,-0.304061,-3.613213,-21.683901,-3.848827,8.903338,0.763976,0.637097,59.094521,-0.065856,-0.304061,87.000000,87.000000,87.000000,87.000000,12.000000,12.000000,12.000000,200.000000,200.000000,0.000000,0.000000,0.000000,0.000000,0.000000,0.000000,0.000000,0.000000,0.000000
85,1.719557,0.782854,-1.399130,1.050978,0.992906,-0.640219,5.712580,0.888947,0.150903,-0.644872,-2.508479,0.487884,2.657774,2.897301,0.000087,0.000082,0.141963,-0.107009,-0.060248,-0.123681,0.125655,0.690358,-0.000049,-0.000172,-0.000245,0.980211,-1.205053,-3.977321,2.638002,-12.005570,-4.585179,-0.003013,-0.066899,0.026589,-2.712394,-25.898577,-4.391843,18.308128,-0.405315,2.741320,12.000000,-0.280381,-0.108316,-2.712394,-25.898577,-4.391843,18.308128,-0.405315,2.741320,55.999176,-0.280381,-0.108316,87.000000,87.000000,87.000000,87.000000,12.000000,12.000000,12.000000,200.000000,200.000000,0.000000,0.000000,0.000000,0.000000,0.000000,0.000000,0.000000,0.000000,0.000000
86,1.714365,0.743495,-1.378528,1.108439,1.007259,-0.761404,5.770880,0.887033,0.149919,-0.642395,-2.508590,0.492311,2.647593,2.897300,0.000066,0.000095,-0.040280,-0.184505,0.040171,0.121071,0.212776,-0.449752,-0.000129,0.000740,-0.000631,-0.486019,-1.989303,-0.769746,2.937084,1.373545,2.243577,0.002894,0.026293,-0.021174,-2.386436,-27.233116,-3.827777,19.988106,0.394162,2.067121,12.000000,-0.150904,-0.174506,-2.386436,-27.233116,-3.827777,19.988106,0.394162,2.067121,58.331894,-0.150904,-0.174506,87.000000,87.000000,87.000000,87.000000,12.000000,12.000000,12.000000,200.000000,200.000000,0.000000,0.000000,0.000000,0.000000,0.000000,0.000000,0.000000,0.000000,0.000000
87,1.773484,0.891072,-1.358809,1.037417,0.964399,-0.707366,5.726686,0.888884,0.149890,-0.645017,-2.506989,0.487894,2.652199,2.897300,0.000080,0.000081,0.114234,-0.081277,-0.141817,0.142013,-0.148771,0.161124,-0.000067,-0.000041,-0.000005,-0.893651,2.476596,0.447628,2.366843,0.046976,0.404208,-0.001810,-0.025519,0.023760,-0.592822,-21.347385,-2.287796,16.926601,-0.109355,2.169279,12.000000,-0.207634,-0.117382,-0.592822,-21.347385,-2.287796,16.926601,-0.109355,2.169279,56.563564,-0.207634,-0.117382,87.000000,87.000000,87.000000,87.000000,12.000000,12.000000,12.000000,200.000000,200.000000,0.000000,0.000000,0.000000,0.000000,0.000000,0.000000,0.000000,0.000000,0.000000
88,1.726133,0.890001,-1.378280,0.942198,0.969509,-0.769722,5.707844,0.888156,0.150892,-0.646318,-2.504984,0.484031,2.645609,2.897301,0.000064,0.000094,0.000060,-0.097129,-0.068341,0.069721,-0.017981,-0.273955,-0.000054,0.000308,-0.000244,-1.200231,-0.302080,0.500586,-3.806281,3.587842,1.770378,0.001285,0.017252,-0.017026,-2.150179,-21.588112,-3.145764,12.799501,0.279513,1.414899,12.000000,-0.131005,-0.191444,-2.150179,-21.588112,-3.145764,12.799501,0.279513,1.414899,55.810028,-0.131005,-0.191444,87.000000,87.000000,87.000000,87.000000,12.000000,12.000000,12.000000,200.000000,200.000000,0.000000,0.000000,0.000000,0.000000,0.000000,0.000000,0.000000,0.000000,0.000000
89,1.849807,0.874347,-1.260779,1.070299,0.997155,-0.799795,5.698261,0.883647,0.152382,-0.642083,-2.502381,0.490383,2.631803,2.897301,0.000061,0.000098,-0.040842,-0.053952,0.081889,0.175100,0.223333,-0.411250,-0.000042,0.000556,-0.000375,3.653540,1.504826,-0.906925,1.785101,-2.114436,6.275707,0.001573,0.008646,-0.004656,3.545151,-22.344416,0.732367,17.753891,-0.089947,1.942950,12.000000,-0.153454,-0.172016,3.545151,-22.344416,0.732367,17.753891,-0.089947,1.942950,55.426678,-0.153454,-0.172016,87.000000,87.000000,87.000000,87.000000,12.000000,12.000000,12.000000,200.000000,200.000000,0.000000,0.000000,0.000000,0.000000,0.000000,0.000000,0.000000,0.000000,0.000000
90,1.743292,0.832241,-1.341629,1.032827,0.972078,-0.759875,5.677924,0.881515,0.154078,-0.638987,-2.500262,0.488407,2.632494,2.897301,0.000070,0.000089,0.019181,-0.086328,0.008103,0.110949,-0.075394,0.030639,-0.000017,0.000079,-0.000099,1.658620,-1.019321,-1.961831,-0.729817,-0.563504,1.283273,-0.001480,-0.016116,0.013244,-0.814086,-24.222126,-2.617263,16.111305,-0.067937,2.040920,12.000000,-0.179497,-0.144992,-0.814086,-24.222126,-2.617263,16.111305,-0.067937,2.040920,54.612911,-0.179497,-0.144992,87.000000,87.000000,87.000000,87.000000,12.000000,12.000000,12.000000,200.000000,200.000000,0.000000,0.000000,0.000000,0.000000,0.000000,0.000000,0.000000,0.000000,0.000000
91,1.775191,0.745547,-1.375628,1.024409,0.967202,-0.562860,5.737631,0.888160,0.152919,-0.643262,-2.504961,0.486348,2.678026,2.897301,0.000083,0.000087,0.273054,-0.221087,-0.210746,-0.086381,-0.125537,1.187958,-0.000085,-0.000476,0.001004,-1.853637,-4.204696,0.803887,1.010677,-3.885693,-19.846436,-0.004440,-0.002221,0.045874,-0.938329,-27.418192,-2.904193,16.774807,-0.174248,2.003074,12.000000,-0.148435,-0.157153,-0.938329,-27.418192,-2.904193,16.774807,-0.174248,2.003074,57.001213,-0.148435,-0.157153,87.000000,87.000000,87.000000,87.000000,12.000000,12.000000,12.000000,200.000000,200.000000,0.000000,0.000000,0.000000,0.000000,0.000000,0.000000,0.000000,0.000000,0.000000
92,1.847435,1.013121,-1.290356,0.963834,0.960350,-0.855254,5.741653,0.891423,0.152618,-0.646623,-2.501178,0.479861,2.644670,2.897301,0.000043,0.000124,0.063829,-0.055381,-0.020111,0.185630,0.046881,-1.159886,-0.000097,0.001441,-0.001019,-2.662837,4.994459,5.733026,-1.496594,10.885494,10.626024,0.004870,0.063648,-0.065838,2.172120,-16.610115,0.580998,13.189481,0.517248,0.893675,12.000000,-0.092330,-0.278101,2.172120,-16.610115,0.580998,13.189481,0.517248,0.893675,57.162769,-0.092330,-0.278101,87.000000,87.000000,87.000000,87.000000,12.000000,12.000000,12.000000,200.000000,200.000000,0.000000,0.000000,0.000000,0.000000,0.000000,0.000000,0.000000,0.000000,0.000000
93,1.884464,0.934238,-1.282275,0.942772,0.947001,-0.688074,5.689535,0.895267,0.155523,-0.645742,-2.504246,0.479071,2.655796,2.897301,0.000069,0.000095,0.228636,-0.017014,-0.044649,-0.081188,-0.101278,0.418690,-0.000025,-0.000388,0.000127,2.022661,1.010186,0.184795,-2.051522,-4.645002,-1.911270,-0.003793,-0.047363,0.031282,3.200729,-20.326406,0.553794,13.261715,-0.503323,1.853600,12.000000,-0.198249,-0.145173,3.200729,-20.326406,0.553794,13.261715,-0.503323,1.853600,55.077209,-0.198249,-0.145173,87.000000,87.000000,87.000000,87.000000,12.000000,12.000000,12.000000,200.000000,200.000000,0.000000,0.000000,0.000000,0.000000,0.000000,0.000000,0.000000,0.000000,0.000000
94,1.669939,0.768471,-1.434247,1.081099,0.982423,-0.661852,5.795347,0.896426,0.157634,-0.642519,-2.507221,0.481557,2.668071,2.897300,0.000071,0.000089,0.055373,-0.089556,0.019187,0.023618,0.113826,0.199807,-0.000158,0.000437,-0.000423,-1.708686,-1.911934,-2.294184,3.206109,-0.753824,-7.084210,0.000397,0.003952,-0.004168,-5.235554,-27.098679,-6.081465,19.059412,0.388230,2.167670,12.000000,-0.174373,-0.150788,-5.235554,-27.098679,-6.081465,19.059412,0.388230,2.167670,59.310467,-0.174373,-0.150788,87.000000,87.000000,87.000000,87.000000,12.000000,12.000000,12.000000,200.000000,200.000000,0.000000,0.000000,0.000000,0.000000,0.000000,0.000000,0.000000,0.000000,0.000000
95,1.713120,0.835527,-1.384903,1.041502,0.997540,-0.779651,5.782656,0.894426,0.158380,-0.640237,-2.504915,0.486857,2.649377,2.897300,0.000064,0.000097,-0.035662,-0.107990,0.020007,0.141767,0.225525,-0.608639,-0.000141,0.000912,-0.000617,-0.825142,-0.383105,-0.896108,-0.112413,0.283325,7.252539,0.002278,0.019720,-0.010505,-3.060535,-24.339504,-4.206915,16.788815,0.343785,1.911094,12.000000,-0.165615,-0.162307,-3.060535,-24.339504,-4.206915,16.788815,0.343785,1.911094,58.802937,-0.165615,-0.162307,87.000000,87.000000,87.000000,87.000000,12.000000,12.000000,12.000000,200.000000,200.000000,0.000000,0.000000,0.000000,0.000000,0.000000,0.000000,0.000000,0.000000,0.000000
96,1.755001,0.829134,-1.376391,1.008061,0.965092,-0.641583,5.691827,0.894953,0.158364,-0.641195,-2.506810,0.485569,2.667694,2.897301,0.000084,0.000079,0.098734,-0.140190,-0.129861,-0.008606,-0.114294,0.548933,-0.000028,-0.000301,0.000283,0.098504,-1.186731,-1.548980,0.209341,-3.500629,-5.716588,-0.003469,-0.029051,0.030641,-1.718098,-24.553265,-3.443815,16.017200,-0.200049,2.188846,12.000000,-0.203420,-0.122799,-1.718098,-24.553265,-3.443815,16.017200,-0.200049,2.188846,55.168949,-0.203420,-0.122799,87.000000,87.000000,87.000000,87.000000,12.000000,12.000000,12.000000,200.000000,200.000000,0.000000,0.000000,0.000000,0.000000,0.000000,0.000000,0.000000,0.000000,0.000000
97,1.632224,0.846641,-1.412586,0.945681,0.991030,-0.917921,5.714791,0.887686,0.156092,-0.639101,-2.504207,0.484983,2.621820,2.897300,0.000054,0.000117,-0.238593,-0.220790,0.052059,0.070813,0.192951,-1.424823,-0.000072,0.001700,-0.000704,-1.187478,-1.497431,-0.873884,-6.233942,7.797194,17.023479,0.004783,0.068385,-0.028459,-5.247266,-23.475029,-5.478219,12.742255,0.772038,1.291243,12.000000,-0.121480,-0.221926,-5.247266,-23.475029,-5.478219,12.742255,0.772038,1.291243,56.088177,-0.121480,-0.221926,87.000000,87.000000,87.000000,87.000000,12.000000,12.000000,12.000000,200.000000,200.000000,0.000000,0.000000,0.000000,0.000000,0.000000,0.000000,0.000000,0.000000,0.000000
98,1.948415,0.860627,-1.249316,1.164984,0.938954,-0.510577,5.662861,0.890120,0.156128,-0.642380,-2.509353,0.482940,2.676115,2.897301,0.000115,0.000072,0.258100,-0.051148,-0.234878,0.051906,-0.280938,1.680516,0.000003,-0.000842,0.001285,3.468591,4.156502,-0.996197,11.971984,-9.758674,-17.535803,-0.006213,-0.060984,0.085593,6.187566,-23.043364,2.027089,23.005194,-0.982340,3.107398,12.000000,-0.281345,-0.092129,6.187566,-23.043364,2.027089,23.005194,-0.982340,3.107398,54.009983,-0.281345,-0.092129,87.000000,87.000000,87.000000,87.000000,12.000000,12.000000,12.000000,200.000000,200.000000,0.000000,0.000000,0.000000,0.000000,0.000000,0.000000,0.000000,0.000000,0.000000
99,1.798463,0.925030,-1.307494,0.995222,0.935290,-0.848726,5.749974,0.888838,0.158727,-0.643194,-2.500212,0.470973,2.645984,2.897300,0.000048,0.000123,-0.070081,-0.037535,0.047602,0.327513,-0.052646,-1.148603,-0.000117,0.001126,-0.001172,-1.511172,0.747532,4.283062,-2.950516,15.042294,7.795572,0.005130,0.069766,-0.112567,0.836548,-20.911074,-0.634354,13.909754,0.734277,0.848753,12.000000,-0.077612,-0.344510,0.836548,-20.911074,-0.634354,13.909754,0.734277,0.848753,57.495678,-0.077612,-0.344510,87.000000,87.000000,87.000000,87.000000,12.000000,12.000000,12.000000,200.000000,200.000000,0.000000,0.000000,0.000000,0.000000,0.000000,0.000000,0.000000,0.000000,0.000000
100,1.776001,0.821604,-1.289205,1.103039,1.044416,-0.712255,5.704466,0.881714,0.160756,-0.632674,-2.494929,0.495016,2.648140,2.897301,0.000079,0.000087,-0.060410,-0.067855,0.168761,0.237357,0.595279,0.132980,-0.000042,0.000582,-0.000683,5.899749,-0.365591,-6.370173,1.963200,-15.076793,0.964839,-0.000667,-0.008288,0.004348,0.936819,-25.191383,-1.708920,18.311815,-0.315535,2.408341,12.000000,-0.217997,-0.119625,0.936819,-25.191383,-1.708920,18.311815,-0.315535,2.408341,55.674755,-0.217997,-0.119625,87.000000,87.000000,87.000000,87.000000,12.000000,12.000000,12.000000,200.000000,200.000000,0.000000,0.000000,0.000000,0.000000,0.000000,0.000000,0.000000,0.000000,0.000000
101,1.930272,0.972894,-1.252936,0.972471,0.888049,-0.700386,5.688076,0.891157,0.164645,-0.639643,-2.490726,0.474001,2.658758,2.897301,0.000075,0.000090,0.346830,0.016939,-0.206262,0.143153,-0.615752,0.278016,-0.000028,-0.000394,0.000631,-1.591809,1.223115,6.229939,-2.623511,8.306321,-2.346335,-0.003542,-0.012701,0.038946,4.831242,-19.587059,2.024429,12.742363,-0.344411,1.459574,12.000000,-0.155576,-0.151127,4.831242,-19.587059,2.024429,12.742363,-0.344411,1.459574,55.018890,-0.155576,-0.151127,87.000000,87.000000,87.000000,87.000000,12.000000,12.000000,12.000000,200.000000,200.000000,0.000000,0.000000,0.000000,0.000000,0.000000,0.000000,0.000000,0.000000,0.000000
102,1.575869,0.778748,-1.460228,0.898722,1.025941,-0.795700,5.737138,0.889834,0.163962,-0.634566,-2.492068,0.485994,2.645133,2.897301,0.000053,0.000110,-0.048909,-0.251000,0.094658,-0.126065,0.484654,-0.551663,-0.000095,0.000892,-0.000675,-2.055145,-6.505656,-2.931290,-9.897476,-2.199356,1.416117,0.003906,0.035313,-0.040037,-8.218357,-27.027357,-7.986838,10.204592,0.730580,1.118789,12.000000,-0.121769,-0.230926,-8.218357,-27.027357,-7.986838,10.204592,0.730580,1.118789,56.982090,-0.121769,-0.230926,87.000000,87.000000,87.000000,87.000000,12.000000,12.000000,12.000000,200.000000,200.000000,0.000000,0.000000,0.000000,0.000000,0.000000,0.000000,0.000000,0.000000,0.000000
103,1.838008,0.895661,-1.332148,1.001961,0.934789,-0.697945,5.675615,0.896289,0.161376,-0.640237,-2.500615,0.479152,2.653176,2.897301,0.000075,0.000087,0.257650,-0.173216,-0.220906,-0.189164,-0.266743,0.278994,-0.000007,-0.000166,0.000004,-1.724181,1.528433,2.623477,1.152251,-0.109261,-0.612727,-0.003005,-0.040549,0.025630,0.967293,-21.891167,-1.269019,15.812531,-0.297095,2.108516,12.000000,-0.213753,-0.130173,0.967293,-21.891167,-1.269019,15.812531,-0.297095,2.108516,54.520416,-0.213753,-0.130173,87.000000,87.000000,87.000000,87.000000,12.000000,12.000000,12.000000,200.000000,200.000000,0.000000,0.000000,0.000000,0.000000,0.000000,0.000000,0.000000,0.000000,0.000000
104,1.750708,0.789787,-1.361772,1.146990,1.018185,-0.706358,5.793462,0.895566,0.159626,-0.637669,-2.504110,0.490011,2.655709,2.897300,0.000074,0.000087,0.010373,-0.164494,0.025185,0.068959,0.372321,-0.065496,-0.000155,0.000728,-0.000615,-0.165704,0.765645,-1.640244,6.892419,-3.773501,-3.065413,0.001960,0.018268,-0.015851,-1.728737,-26.052307,-3.547536,21.537857,0.292677,2.305585,12.000000,-0.175312,-0.151665,-1.728737,-26.052307,-3.547536,21.537857,0.292677,2.305585,59.235218,-0.175312,-0.151665,87.000000,87.000000,87.000000,87.000000,12.000000,12.000000,12.000000,200.000000,200.000000,0.000000,0.000000,0.000000,0.000000,0.000000,0.000000,0.000000,0.000000,0.000000
105,1.788342,0.816545,-1.364890,1.056347,0.927737,-0.595218,5.718585,0.898540,0.158381,-0.640642,-2.505478,0.478868,2.681999,2.897300,0.000087,0.000079,0.155084,-0.167910,-0.165346,0.051610,-0.375365,0.710971,-0.000058,-0.000439,0.000684,-0.797948,-0.632110,0.118468,2.812681,1.906861,-9.550938,-0.003520,-0.029123,0.050509,-0.874375,-24.952053,-2.837632,17.831129,-0.158466,2.244941,12.000000,-0.202386,-0.113499,-0.874375,-24.952053,-2.837632,17.831129,-0.158466,2.244941,56.239376,-0.202386,-0.113499,87.000000,87.000000,87.000000,87.000000,12.000000,12.000000,12.000000,200.000000,200.000000,0.000000,0.000000,0.000000,0.000000,0.000000,0.000000,0.000000,0.000000,0.000000
106,1.605788,0.824942,-1.410383,0.908269,1.037737,-0.936872,5.740005,0.889256,0.153623,-0.634819,-2.501531,0.490514,2.627484,2.897300,0.000046,0.000135,-0.301722,-0.319568,0.158643,0.068538,0.580486,-1.723656,-0.000099,0.002236,-0.000667,-0.454806,-2.800215,-2.540302,-9.319112,3.685899,18.676399,0.006834,0.103808,-0.039183,-6.221255,-23.956106,-6.112162,10.862214,0.946283,0.953953,12.000000,-0.086513,-0.275911,-6.221255,-23.956106,-6.112162,10.862214,0.946283,0.953953,57.097008,-0.086513,-0.275911,87.000000,87.000000,87.000000,87.000000,12.000000,12.000000,12.000000,200.000000,200.000000,0.000000,0.000000,0.000000,0.000000,0.000000,0.000000,0.000000,0.000000,0.000000
107,1.943141,0.816347,-1.278400,1.120284,0.896257,-0.416300,5.613513,0.895569,0.149741,-0.641846,-2.511064,0.478191,2.698188,2.897301,0.000126,0.000083,0.372874,-0.193564,-0.358422,-0.121654,-0.655052,2.242891,0.000013,-0.001238,0.002251,1.547080,2.491943,0.155268,10.274685,-7.442007,-21.961525,-0.008935,-0.080936,0.131829,5.134792,-24.018501,1.198472,21.724592,-1.216746,3.310273,12.000000,-0.315858,-0.104039,5.134792,-24.018501,1.198472,21.724592,-1.216746,3.310273,52.035866,-0.315858,-0.104039,87.000000,87.000000,87.000000,87.000000,12.000000,12.000000,12.000000,200.000000,200.000000,0.000000,0.000000,0.000000,0.000000,0.000000,0.000000,0.000000,0.000000,0.000000
108,1.695959,0.973094,-1.340331,0.909359,1.006449,-1.082451,5.765234,0.888783,0.147762,-0.639277,-2.502553,0.480310,2.623262,2.897300,0.000030,0.000175,-0.275995,-0.142320,0.148409,0.284519,0.457791,-2.610749,-0.000116,0.001914,-0.000806,1.622506,3.437044,-3.163723,-4.366557,6.204478,0.151048,0.005976,0.089032,-0.045180,-2.522621,-17.676401,-2.967486,10.694673,0.986484,-3.225561,12.000000,-0.057001,-0.371647,-2.522621,-17.676401,-2.967486,10.694673,0.986484,-3.225561,58.106197,-0.057001,-0.371647,87.000000,87.000000,87.000000,87.000000,12.000000,12.000000,12.000000,200.000000,200.000000,0.000000,0.000000,0.000000,0.000000,0.000000,0.000000,0.000000,0.000000,0.000000
109,1.848955,0.812309,-1.308389,1.053218,0.943331,-0.568137,5.630949,0.889839,0.147734,-0.640035,-2.508121,0.482475,2.662253,2.897301,0.000107,0.000088,0.220379,-0.115850,-0.196731,-0.096644,-0.247977,1.431438,0.000004,-0.001191,0.000251,3.544802,0.127120,-3.350607,3.768521,-14.512509,-8.345932,-0.006945,-0.131083,0.038212,2.343076,-24.365715,-0.765906,18.357481,-1.139646,3.121825,12.000000,-0.361681,-0.147284,2.343076,-24.365715,-0.765906,18.357481,-1.139646,3.121825,52.733513,-0.361681,-0.147284,87.000000,87.000000,87.000000,87.000000,12.000000,12.000000,12.000000,200.000000,200.000000,0.000000,0.000000,0.000000,0.000000,0.000000,0.000000,0.000000,0.000000,0.000000
110,1.767820,0.920191,-1.343851,1.005247,0.957889,-0.800292,5.720194,0.890910,0.149428,-0.643085,-2.505409,0.476245,2.647281,2.897300,0.000054,0.000114,-0.000325,-0.034530,-0.050526,0.176677,0.041584,-0.695713,-0.000076,0.000777,-0.001029,-3.013117,2.411222,3.550304,0.293553,9.861773,2.022553,0.004163,0.049550,-0.067347,-0.814621,-20.275595,-1.891304,15.308554,0.659709,1.162643,12.000000,-0.097219,-0.263048,-0.814621,-20.275595,-1.891304,15.308554,0.659709,1.162643,56.304272,-0.097219,-0.263048,87.000000,87.000000,87.000000,87.000000,12.000000,12.000000,12.000000,200.000000,200.000000,0.000000,0.000000,0.000000,0.000000,0.000000,0.000000,0.000000,0.000000,0.000000
111,1.857712,0.885853,-1.270509,1.057410,0.986459,-0.737721,5.710790,0.889265,0.153194,-0.640396,-2.502627,0.484793,2.645354,2.897301,0.000066,0.000095,0.053248,0.015109,0.017600,0.169149,0.214654,-0.018272,-0.000056,0.000229,-0.000340,2.796973,1.444784,-0.788326,1.786208,-5.982449,2.486348,-0.000684,-0.012865,0.012998,3.117877,-22.136335,0.380298,17.272209,-0.282091,2.096603,12.000000,-0.177410,-0.141821,3.117877,-22.136335,0.380298,17.272209,-0.282091,2.096603,55.927742,-0.177410,-0.141821,87.000000,87.000000,87.000000,87.000000,12.000000,12.000000,12.000000,200.000000,200.000000,0.000000,0.000000,0.000000,0.000000,0.000000,0.000000,0.000000,0.000000,0.000000
112,1.721065,0.804741,-1.345806,1.034509,0.990909,-0.822817,5.727967,0.885278,0.155873,-0.635442,-2.497868,0.488140,2.627405,2.897300,0.000059,0.000101,-0.068048,-0.084521,0.092142,0.171188,0.142948,-0.555908,-0.000081,0.000699,-0.000491,1.392901,-2.617360,-1.879455,-2.826580,0.328863,7.586127,0.001682,0.015228,-0.006715,-1.795163,-25.561760,-3.278344,15.709737,0.194566,1.830250,12.000000,-0.148718,-0.172581,-1.795163,-25.561760,-3.278344,15.709737,0.194566,1.830250,56.615063,-0.148718,-0.172581,87.000000,87.000000,87.000000,87.000000,12.000000,12.000000,12.000000,200.000000,200.000000,0.000000,0.000000,0.000000,0.000000,0.000000,0.000000,0.000000,0.000000,0.000000
113,1.794017,0.818911,-1.330778,1.040026,0.994275,-0.633846,5.738096,0.888304,0.156622,-0.635729,-2.499892,0.493516,2.657621,2.897300,0.000083,0.000082,0.195419,-0.116431,-0.115277,0.004328,0.041607,0.855550,-0.000082,-0.000331,0.000453,0.485921,-1.215316,-1.100937,1.594293,-7.922989,-11.368145,-0.003682,-0.022038,0.035675,0.144020,-24.888325,-2.075380,16.785847,-0.338199,2.170309,12.000000,-0.188151,-0.130847,0.144020,-24.888325,-2.075380,16.785847,-0.338199,2.170309,57.019890,-0.188151,-0.130847,87.000000,87.000000,87.000000,87.000000,12.000000,12.000000,12.000000,200.000000,200.000000,0.000000,0.000000,0.000000,0.000000,0.000000,0.000000,0.000000,0.000000,0.000000
114,1.717443,0.839642,-1.388170,1.001982,0.976893,-0.778207,5.781570,0.891172,0.156011,-0.639186,-2.498327,0.487882,2.647404,2.897301,0.000057,0.000103,0.061750,-0.163666,-0.095139,0.088864,-0.032068,-0.466578,-0.000144,0.000637,-0.000569,-3.669696,-1.393013,2.725169,-2.317206,6.740145,1.920181,0.002418,0.026653,-0.036284,-3.050647,-23.896610,-3.906450,14.695655,0.492291,1.438408,12.000000,-0.126197,-0.218012,-3.050647,-23.896610,-3.906450,14.695655,0.492291,1.438408,58.759510,-0.126197,-0.218012,87.000000,87.000000,87.000000,87.000000,12.000000,12.000000,12.000000,200.000000,200.000000,0.000000,0.000000,0.000000,0.000000,0.000000,0.000000,0.000000,0.000000,0.000000
115,1.750073,0.905705,-1.320330,0.991619,1.012215,-0.867280,5.698638,0.886300,0.155061,-0.635435,-2.496540,0.494545,2.618697,2.897301,0.000058,0.000106,-0.092019,-0.128749,0.065103,0.082931,0.259120,-0.800142,-0.000043,0.000996,-0.000548,1.713619,1.526762,-1.651077,-2.718582,-1.097311,12.681508,0.002504,0.017133,-0.000007,-0.633018,-21.103920,-2.176159,14.129141,0.149305,1.689530,12.000000,-0.162766,-0.168554,-0.633018,-21.103920,-2.176159,14.129141,0.149305,1.689530,55.441833,-0.162766,-0.168554,87.000000,87.000000,87.000000,87.000000,12.000000,12.000000,12.000000,200.000000,200.000000,0.000000,0.000000,0.000000,0.000000,0.000000,0.000000,0.000000,0.000000,0.000000
116,1.739932,0.781530,-1.382097,1.059273,0.953740,-0.639425,5.678981,0.888191,0.154216,-0.638043,-2.501534,0.487943,2.649373,2.897301,0.000091,0.000078,0.149155,-0.168734,-0.195076,-0.073356,-0.308686,0.927703,-0.000011,-0.000554,0.000640,-0.252286,-1.530280,-1.630751,2.490820,-3.148157,-9.922406,-0.004374,-0.044927,0.054544,-1.926734,-26.069908,-3.763906,17.943285,-0.317878,2.509008,12.000000,-0.227217,-0.106996,-1.926734,-26.069908,-3.763906,17.943285,-0.317878,2.509008,54.654961,-0.227217,-0.106996,87.000000,87.000000,87.000000,87.000000,12.000000,12.000000,12.000000,200.000000,200.000000,0.000000,0.000000,0.000000,0.000000,0.000000,0.000000,0.000000,0.000000,0.000000
117,1.747323,0.871620,-1.368671,0.961415,0.968161,-0.742113,5.717846,0.889885,0.152417,-0.642634,-2.504202,0.482593,2.652266,2.897301,0.000059,0.000102,0.045632,-0.180910,-0.135221,-0.033912,-0.008949,-0.135530,-0.000071,0.000287,-0.000381,-2.975043,-0.265233,2.631911,-1.691732,5.887268,-4.770004,0.001936,0.028733,-0.044537,-1.665310,-22.220156,-2.754172,13.904491,0.454912,1.233546,12.000000,-0.103998,-0.242229,-1.665310,-22.220156,-2.754172,13.904491,0.454912,1.233546,56.210209,-0.103998,-0.242229,87.000000,87.000000,87.000000,87.000000,12.000000,12.000000,12.000000,200.000000,200.000000,0.000000,0.000000,0.000000,0.000000,0.000000,0.000000,0.000000,0.000000,0.000000
118,1.812244,0.894265,-1.302236,1.001117,0.963654,-0.850073,5.679756,0.887066,0.151165,-0.642974,-2.504521,0.480878,2.625692,2.897301,0.000053,0.000109,-0.040075,-0.137310,-0.018372,0.046906,0.051504,-0.775087,-0.000019,0.000939,-0.000560,0.962557,1.506468,1.196587,-1.197152,3.612719,11.489534,0.002118,0.020606,-0.004899,1.609360,-21.228565,-0.462624,15.330253,0.120835,1.680554,12.000000,-0.144465,-0.179992,1.609360,-21.228565,-0.462624,15.330253,0.120835,1.680554,54.686401,-0.144465,-0.179992,87.000000,87.000000,87.000000,87.000000,12.000000,12.000000,12.000000,200.000000,200.000000,0.000000,0.000000,0.000000,0.000000,0.000000,0.000000,0.000000,0.000000,0.000000
119,1.829327,0.850805,-1.303596,1.132194,0.978026,-0.641231,5.704944,0.886537,0.152571,-0.641480,-2.506546,0.486122,2.652134,2.897300,0.000089,0.000077,0.103817,-0.031703,-0.062605,0.109019,0.046886,0.784809,-0.000041,-0.000140,0.000153,2.398851,2.876013,-2.186865,8.102215,-7.748740,-8.805770,-0.002869,-0.034040,0.035699,2.050721,-23.280420,-0.730500,21.096903,-0.399047,2.649350,12.000000,-0.230182,-0.104364,2.050721,-23.280420,-0.730500,21.096903,-0.399047,2.649350,55.693695,-0.230182,-0.104364,87.000000,87.000000,87.000000,87.000000,12.000000,12.000000,12.000000,200.000000,200.000000,0.000000,0.000000,0.000000,0.000000,0.000000,0.000000,0.000000,0.000000,0.000000
120,1.740358,0.824279,-1.365025,0.970100,0.941603,-0.764040,5.696354,0.887028,0.153726,-0.642992,-2.503660,0.476616,2.648044,2.897301,0.000059,0.000101,0.027129,-0.137105,-0.054052,0.096390,-0.156429,-0.284301,-0.000041,0.000290,-0.000292,-1.517800,-3.084232,1.818885,-4.149500,7.659972,-0.407640,0.001474,0.023839,-0.032247,-1.585707,-24.495527,-2.839580,13.720951,0.359754,1.342782,12.000000,-0.111220,-0.225804,-1.585707,-24.495527,-2.839580,13.720951,0.359754,1.342782,55.350376,-0.111220,-0.225804,87.000000,87.000000,87.000000,87.000000,12.000000,12.000000,12.000000,200.000000,200.000000,0.000000,0.000000,0.000000,0.000000,0.000000,0.000000,0.000000,0.000000,0.000000
121,1.865392,-0.839537,-1.075087,2.459982,-1.800732,-1.895005,3.213217,0.844610,0.127760,-0.600914,-2.469199,0.398792,2.561418,2.810302,0.000195,0.000132,-0.893161,-1.477740,1.056598,1.617128,-2.325690,-2.614859,-2.610276,0.009735,0.000495,34.216522,-35.472393,-23.480965,32.496750,-0.089750,0.104885,0.004249,0.431844,0.148182,11.285942,-87.000000,1.013918,68.611824,-12.000000,-12.000000,-12.000000,-0.318277,-0.049087,11.285942,-87.220757,1.013918,68.611824,-97.733208,-30.772625,-30.054390,-0.318277,-0.049087,87.000000,87.000000,87.000000,87.000000,12.000000,12.000000,12.000000,200.000000,200.000000,0.000000,0.000000,0.000000,0.000000,0.000000,0.000000,0.000000,0.000000,0.000000
122,2.002229,-0.411950,-0.692449,1.854759,-1.591430,-2.086874,3.092709,0.802219,0.067607,-0.540326,-2.411573,0.317251,2.474502,2.723301,0.000199,0.000320,-0.507484,-2.158668,1.299684,1.951787,-2.459550,-2.615440,-2.610286,0.002273,0.005036,51.357494,-10.356602,-35.914082,12.231366,-3.054027,-0.384922,-0.015707,0.038946,0.013674,20.102345,-62.099735,10.125006,37.716412,-12.000000,-12.000000,-12.000000,-0.565745,-0.913845,20.102345,-62.099735,10.125006,37.716412,-82.672913,-31.517323,-27.915730,-0.565745,-0.913845,87.000000,87.000000,87.000000,87.000000,12.000000,12.000000,12.000000,200.000000,200.000000,0.000000,0.000000,0.000000,0.000000,0.000000,0.000000,0.000000,0.000000,0.000000
123,1.536672,0.351898,-1.045059,1.205091,-1.284339,-2.394712,3.243177,0.803673,0.000829,-0.514452,-2.354140,0.231094,2.387655,2.636302,0.000221,0.000459,0.259991,-2.160863,0.579362,1.570747,-2.582917,-2.609652,-2.610036,0.003572,0.001981,11.663163,-0.237079,-9.708534,-11.678288,-0.461926,-0.054388,-0.000958,0.162379,-0.237632,-2.836846,-25.574837,-2.747114,6.836487,-12.000000,-12.000000,-12.000000,-0.470854,-1.435631,-2.836846,-25.574837,-2.747114,6.836487,-63.019585,-36.879654,-14.937004,-0.470854,-1.435631,87.000000,87.000000,87.000000,87.000000,12.000000,12.000000,12.000000,200.000000,200.000000,0.000000,0.000000,0.000000,0.000000,0.000000,0.000000,0.000000,0.000000,0.000000
124,1.277016,0.587393,-1.232335,1.104710,-1.008263,-2.445297,3.411979,0.815058,-0.063188,-0.501312,-2.311120,0.143562,2.300742,2.552320,0.000331,0.000400,0.282986,-1.942985,0.336265,1.117813,-2.618067,-2.613058,-2.136201,0.005286,-0.003027,-3.707630,6.091132,-3.134896,-14.576318,-0.980186,-0.194564,28.428324,0.040115,-0.150323,-15.067647,-11.293870,-10.270675,0.391572,-12.000000,-12.000000,-1.224881,-1.005050,-0.847524,-15.067647,-11.293870,-10.270675,0.391572,-44.921036,-31.949814,-1.224881,-1.005050,-0.847524,87.000000,87.000000,87.000000,87.000000,12.000000,12.000000,12.000000,200.000000,200.000000,0.000000,0.000000,0.000000,0.000000,0.000000,0.000000,0.000000,0.000000,0.000000
125,1.060213,0.552447,-1.401744,1.036135,-0.803651,-2.366418,3.476530,0.820643,-0.122864,-0.494198,-2.288858,0.055185,2.213955,2.516653,0.000343,0.000221,-0.033969,-1.810612,0.182172,0.431088,-2.614015,-2.592055,-0.759230,0.000925,-0.006185,-13.341307,4.207448,-1.447168,-20.117769,0.089936,-1.417150,17.865978,-0.195609,-0.054859,-23.907936,-8.425131,-17.099522,-2.659539,-12.000000,-12.000000,0.059379,-1.147726,-0.106472,-23.907936,-8.425131,-17.099522,-2.659539,-29.627779,-22.012602,0.059379,-1.147726,-0.106472,87.000000,87.000000,87.000000,87.000000,12.000000,12.000000,12.000000,200.000000,200.000000,0.000000,0.000000,0.000000,0.000000,0.000000,0.000000,0.000000,0.000000,0.000000
126,1.065678,0.370344,-1.423794,1.347476,-0.693761,-2.023538,3.466961,0.818162,-0.177352,-0.496283,-2.280686,-0.031249,2.127988,2.496150,0.000302,0.000058,-0.312238,-1.576809,-0.089092,0.274447,-2.554609,-2.517722,-0.441993,0.000872,-0.005137,-14.826184,7.457542,-2.347614,-5.202952,0.791874,5.796718,10.372255,-0.003549,0.047951,-22.802547,-11.819961,-17.182297,10.376009,-12.000000,-1.159848,0.038097,-0.748187,0.338459,-22.802547,-11.819961,-17.182297,10.376009,-18.436317,-1.159848,0.038097,-0.748187,0.338459,87.000000,87.000000,87.000000,87.000000,12.000000,12.000000,12.000000,200.000000,200.000000,0.000000,0.000000,0.000000,0.000000,0.000000,0.000000,0.000000,0.000000,0.000000
127,1.296642,0.362825,-1.242242,1.399679,-0.705589,-1.853963,3.352520,0.806617,-0.224433,-0.505005,-2.284128,-0.116046,2.107295,2.458286,0.000297,0.000000,-0.504912,-1.309873,-0.273461,0.000321,-2.563040,-0.378730,-0.833787,0.000885,-0.001776,-7.522612,9.256767,-4.398456,-0.877135,-1.010656,14.285767,19.589630,0.076568,0.100906,-11.680229,-8.988892,-8.897970,13.666189,-12.000000,2.292498,0.066957,-0.584102,0.345772,-11.680229,-8.988892,-8.897970,13.666189,-12.194409,2.292498,0.066957,-0.584102,0.345772,87.000000,87.000000,87.000000,87.000000,12.000000,12.000000,12.000000,200.000000,200.000000,0.000000,0.000000,0.000000,0.000000,0.000000,0.000000,0.000000,0.000000,0.000000
128,1.511929,0.459888,-0.987772,1.514470,-0.521350,-1.914907,3.483124,0.783470,-0.257617,-0.511234,-2.282177,-0.191948,2.086008,2.469221,0.000206,0.000007,-0.777069,-0.795815,-0.142998,0.309106,-1.684287,-0.680705,0.252921,-0.001551,0.000146,1.608478,14.295709,-5.115427,5.364483,39.653404,12.168080,-6.010610,-0.149764,0.113519,0.049852,-3.541687,1.363351,17.628592,1.212723,2.210516,0.045737,-0.617343,0.174645,0.049852,-3.541687,1.363351,17.628592,1.212723,2.210516,0.045737,-0.617343,0.174645,87.000000,87.000000,87.000000,87.000000,12.000000,12.000000,12.000000,200.000000,200.000000,0.000000,0.000000,0.000000,0.000000,0.000000,0.000000,0.000000,0.000000,0.000000
129,1.501501,0.257841,-1.049795,1.365238,-0.643354,-1.889212,3.336259,0.768841,-0.283193,-0.528309,-2.282937,-0.258295,2.083840,2.440573,0.000151,0.000027,-0.477436,-0.757958,-0.480103,0.006217,-1.557686,-0.133821,-0.653013,0.000745,-0.000602,-0.519792,2.207772,-1.476477,-8.115870,32.470661,2.531343,15.009827,0.162389,-0.094617,-0.117162,-10.380995,1.352222,11.745152,0.866723,1.427289,0.090405,-0.125938,-0.145878,-0.117162,-10.380995,1.352222,11.745152,0.866723,1.427289,0.090405,-0.125938,-0.145878,87.000000,87.000000,87.000000,87.000000,12.000000,12.000000,12.000000,200.000000,200.000000,0.000000,0.000000,0.000000,0.000000,0.000000,0.000000,0.000000,0.000000,0.000000
130,1.681503,0.451815,-0.869677,1.315911,-0.569019,-2.045361,3.375593,0.754182,-0.302718,-0.543427,-2.287309,-0.280246,2.049214,2.434390,0.000095,0.000074,-0.470490,-0.476017,-0.330542,-0.048374,-0.229541,-1.159554,-0.119623,0.001019,-0.000374,3.011529,7.792578,1.213174,-6.231999,17.219276,12.506110,3.504739,0.026397,-0.002858,8.428655,-1.498764,9.524327,10.372342,1.224888,1.202947,0.078311,-0.254541,-0.097816,8.428655,-1.498764,9.524327,10.372342,1.224888,1.202947,0.078311,-0.254541,-0.097816,87.000000,87.000000,87.000000,87.000000,12.000000,12.000000,12.000000,200.000000,200.000000,0.000000,0.000000,0.000000,0.000000,0.000000,0.000000,0.000000,0.000000,0.000000
131,1.671873,0.127435,-0.901076,1.529316,-0.613730,-1.636160,3.346616,0.748754,-0.318962,-0.563724,-2.304351,-0.295376,2.110138,2.424870,0.000152,0.000045,-0.083356,-0.468532,-0.540897,-0.262591,-0.507201,1.655274,-0.218918,-0.000214,0.001362,6.298275,2.412125,1.672314,7.907259,-1.090675,-24.824701,4.267512,-0.009332,0.086063,7.655535,-13.509414,10.455344,21.637405,0.260539,3.150201,-0.013629,-0.342110,-0.018952,7.655535,-13.509414,10.455344,21.637405,0.260539,3.150201,-0.013629,-0.342110,-0.018952,87.000000,87.000000,87.000000,87.000000,12.000000,12.000000,12.000000,200.000000,200.000000,0.000000,0.000000,0.000000,0.000000,0.000000,0.000000,0.000000,0.000000,0.000000
132,1.813751,0.490350,-0.746235,1.389631,-0.594075,-2.221955,3.360783,0.746007,-0.326250,-0.572802,-2.300946,-0.306842,2.034885,2.422966,0.000068,0.000133,-0.199743,-0.054079,0.020234,0.289106,0.052776,-2.615445,-0.034946,0.002783,-0.000965,-0.224720,10.491847,9.856708,-0.446729,12.009420,0.041471,1.971771,-0.001439,0.014611,13.455794,0.949367,16.382202,13.850760,1.280949,-1.684856,0.087861,-0.364684,-0.152184,13.455794,0.949367,16.382202,13.850760,1.280949,-1.684856,0.087861,-0.364684,-0.152184,87.000000,87.000000,87.000000,87.000000,12.000000,12.000000,12.000000,200.000000,200.000000,0.000000,0.000000,0.000000,0.000000,0.000000,0.000000,0.000000,0.000000,0.000000
133,1.529976,0.050232,-0.950599,1.574626,-0.484458,-1.565035,3.389438,0.734731,-0.329456,-0.573054,-2.316488,-0.277864,2.108285,2.428982,0.000198,0.000034,-0.237461,-0.115928,0.001331,-0.225246,0.575983,2.305760,0.142844,0.000692,0.000090,10.841771,-0.519654,-4.093780,8.598373,-23.643456,-17.926554,-3.966947,0.032459,-0.009197,3.779783,-16.870218,7.451421,24.372175,-0.146589,4.626623,-0.072061,-0.426655,-0.083774,3.779783,-16.870218,7.451421,24.372175,-0.146589,4.626623,-0.072061,-0.426655,-0.083774,87.000000,87.000000,87.000000,87.000000,12.000000,12.000000,12.000000,200.000000,200.000000,0.000000,0.000000,0.000000,0.000000,0.000000,0.000000,0.000000,0.000000,0.000000
134,1.561663,0.207425,-0.986693,1.451816,-0.638153,-2.040804,3.351240,0.738806,-0.331545,-0.578424,-2.312444,-0.303349,2.065524,2.423320,0.000099,0.000097,0.008476,-0.034497,0.013385,0.273456,-0.485351,-1.624289,-0.144398,0.002199,-0.001913,-4.978995,1.864423,5.984373,-5.795502,21.760818,16.654779,3.684943,0.031588,-0.093330,3.124745,-10.494763,7.007976,16.975828,1.237897,1.521241,0.062221,-0.342538,-0.199749,3.124745,-10.494763,7.007976,16.975828,1.237897,1.521241,0.062221,-0.342538,-0.199749,87.000000,87.000000,87.000000,87.000000,12.000000,12.000000,12.000000,200.000000,200.000000,0.000000,0.000000,0.000000,0.000000,0.000000,0.000000,0.000000,0.000000,0.000000
135,1.446146,0.004781,-0.973855,1.673910,-0.370363,-1.547927,3.486079,0.726558,-0.332112,-0.572357,-2.322314,-0.253753,2.134169,2.451881,0.000237,0.000000,-0.321897,-0.015347,0.218879,0.051094,1.271750,1.869469,0.662330,0.004124,-0.001531,10.113445,0.327347,-4.454512,15.274666,-31.548920,-32.680855,-15.446644,0.253357,-0.062023,1.255588,-18.696026,5.873960,28.446247,0.215463,3.607408,-0.080159,-0.371878,0.022446,1.255588,-18.696026,5.873960,28.446247,0.215463,3.607408,-0.080159,-0.371878,0.022446,87.000000,87.000000,87.000000,87.000000,12.000000,12.000000,12.000000,200.000000,200.000000,0.000000,0.000000,0.000000,0.000000,0.000000,0.000000,0.000000,0.000000,0.000000
136,1.627413,0.159482,-0.921788,1.418581,-0.681609,-2.142138,3.305986,0.736369,-0.334171,-0.575265,-2.308113,-0.297711,2.060381,2.424983,0.000175,0.000048,0.223667,-0.104095,0.097910,0.483308,-1.079509,-2.497182,-0.642178,0.004410,-0.002722,-2.613006,-2.395488,7.630811,-10.524916,26.166906,7.035126,14.792912,0.076879,-0.070946,5.536201,-12.260895,9.208675,14.488005,0.824673,-0.463475,0.083113,-0.590454,0.004495,5.536201,-12.260895,9.208675,14.488005,0.824673,-0.463475,0.083113,-0.590454,0.004495,87.000000,87.000000,87.000000,87.000000,12.000000,12.000000,12.000000,200.000000,200.000000,0.000000,0.000000,0.000000,0.000000,0.000000,0.000000,0.000000,0.000000,0.000000
137,1.248407,0.064487,-1.159833,1.382822,-0.358987,-1.603999,3.545832,0.721193,-0.338621,-0.563602,-2.325158,-0.247261,2.125932,2.466643,0.000293,0.000000,-0.484008,-0.166012,0.317370,-0.394198,1.336562,1.849004,0.969365,0.003332,-0.001497,7.483445,-1.874883,-10.422270,1.886757,-33.672844,-33.503521,-22.509304,0.236066,-0.050066,-5.948106,-15.515103,-2.862915,17.447168,-0.140553,2.042358,-0.095353,-0.483143,0.066303,-5.948106,-15.515103,-2.862915,17.447168,-0.140553,2.042358,-0.095353,-0.483143,0.066303,87.000000,87.000000,87.000000,87.000000,12.000000,12.000000,12.000000,200.000000,200.000000,0.000000,0.000000,0.000000,0.000000,0.000000,0.000000,0.000000,0.000000,0.000000
138,1.870601,0.260651,-0.747230,1.606521,-0.688274,-2.079774,3.253349,0.743638,-0.341044,-0.574865,-2.314851,-0.296650,2.058205,2.420322,0.000286,0.000000,0.743681,0.022274,-0.175045,0.605128,-1.232135,-2.164715,-1.082804,0.006581,-0.003710,1.372597,6.313297,10.239087,2.382817,31.941353,27.264046,25.139170,0.172376,-0.059928,13.538788,-7.508483,17.020239,22.943668,1.237844,2.569463,0.119329,-0.787008,0.182882,13.538788,-7.508483,17.020239,22.943668,1.237844,2.569463,0.119329,-0.787008,0.182882,87.000000,87.000000,87.000000,87.000000,12.000000,12.000000,12.000000,200.000000,200.000000,0.000000,0.000000,0.000000,0.000000,0.000000,0.000000,0.000000,0.000000,0.000000
139,1.152387,0.038054,-1.206518,1.382015,-0.323316,-1.538733,3.711293,0.726718,-0.340198,-0.558271,-2.330080,-0.238742,2.135576,2.500617,0.000435,0.000000,-0.722175,-0.007644,0.572164,-0.374794,1.590995,2.302414,1.961731,0.005868,-0.003810,-0.887804,-2.447941,-6.680445,-1.228469,-33.719742,-18.302263,-38.906162,0.427438,-0.153911,-10.104365,-16.899616,-5.592038,17.581297,-0.046053,3.488667,0.266118,-0.601119,0.124522,-10.104365,-16.899616,-5.592038,17.581297,-0.046053,3.488667,0.266118,-0.601119,0.124522,87.000000,87.000000,87.000000,87.000000,12.000000,12.000000,12.000000,200.000000,200.000000,0.000000,0.000000,0.000000,0.000000,0.000000,0.000000,0.000000,0.000000,0.000000
140,1.780813,0.206337,-0.817931,1.649408,-0.690685,-2.133503,3.194120,0.746265,-0.338255,-0.566612,-2.314857,-0.292236,2.060569,2.425123,0.000436,0.000000,0.695494,0.129774,-0.163823,0.790655,-1.401199,-2.606203,-1.781252,0.006903,-0.005090,3.525302,4.947110,6.040256,6.213583,30.050566,0.825448,41.108242,0.157792,-0.019442,10.003332,-10.267371,13.252813,24.397615,1.096397,-0.184785,0.144547,-1.131491,0.433967,10.003332,-10.267371,13.252813,24.397615,1.096397,-0.184785,0.144547,-1.131491,0.433967,87.000000,87.000000,87.000000,87.000000,12.000000,12.000000,12.000000,200.000000,200.000000,0.000000,0.000000,0.000000,0.000000,0.000000,0.000000,0.000000,0.000000,0.000000
141,1.164255,0.045288,-1.181487,1.330116,-0.325972,-1.523583,3.728528,0.727390,-0.335309,-0.549223,-2.328520,-0.236835,2.138110,2.506163,0.000544,0.000000,-0.762655,0.021045,0.586647,-0.405208,1.544375,2.438211,2.024181,0.003245,-0.003444,0.215203,-4.528975,-7.222727,-6.054044,-31.748848,-10.208572,-35.156006,0.267635,-0.063867,-9.515524,-17.195826,-5.380137,15.189511,-0.069238,3.966227,0.592372,-0.918581,0.237906,-9.515524,-17.195826,-5.380137,15.189511,-0.069238,3.966227,0.592372,-0.918581,0.237906,87.000000,87.000000,87.000000,87.000000,12.000000,12.000000,12.000000,200.000000,200.000000,0.000000,0.000000,0.000000,0.000000,0.000000,0.000000,0.000000,0.000000,0.000000
142,1.661401,0.111036,-0.961650,1.576474,-0.752433,-2.111738,3.181753,0.749135,-0.335606,-0.562726,-2.317205,-0.304775,2.065378,2.426776,0.000529,0.000000,0.725294,-0.010117,-0.359519,0.568741,-1.763613,-2.488187,-1.945350,0.008860,-0.006988,-0.169212,0.459551,4.760822,-1.071589,38.568676,7.676167,39.866543,0.384145,-0.156008,4.714009,-14.175920,7.642011,21.844841,1.074570,0.355775,-0.156573,-1.096775,0.381321,4.714009,-14.175920,7.642011,21.844841,1.074570,0.355775,-0.156573,-1.096775,0.381321,87.000000,87.000000,87.000000,87.000000,12.000000,12.000000,12.000000,200.000000,200.000000,0.000000,0.000000,0.000000,0.000000,0.000000,0.000000,0.000000,0.000000,0.000000
143,1.167589,0.013388,-1.118003,1.519223,-0.200905,-1.561106,3.800853,0.723845,-0.333938,-0.544832,-2.331303,-0.225553,2.135561,2.513290,0.000659,0.000000,-0.962969,0.047280,0.638589,-0.215238,2.481008,1.931967,2.584515,0.005320,-0.005792,1.538583,-0.603222,-6.021906,7.588950,-11.778530,-37.498425,-1.544323,0.366360,-0.183868,-8.492676,-18.426085,-3.258035,23.240223,2.760701,2.485805,3.285563,-1.143500,0.272731,-8.492676,-18.426085,-3.258035,23.240223,2.760701,2.485805,3.285563,-1.143500,0.272731,87.000000,87.000000,87.000000,87.000000,12.000000,12.000000,12.000000,200.000000,200.000000,0.000000,0.000000,0.000000,0.000000,0.000000,0.000000,0.000000,0.000000,0.000000
144,1.775443,0.009454,-0.916395,1.569218,-0.901365,-2.024224,3.024762,0.754179,-0.337955,-0.567640,-2.317424,-0.302707,2.075917,2.426282,0.000685,0.000000,1.098750,-0.209261,-0.672433,0.585820,-2.512951,-1.873908,-2.609648,0.005396,-0.005039,3.966543,-4.966203,5.347616,-5.769932,0.814919,30.320641,0.013304,-0.054694,0.124073,8.118073,-17.835003,10.704569,21.236176,-5.112903,2.817121,-6.872378,-1.897918,0.710660,8.118073,-17.835003,10.704569,21.236176,-5.112903,2.817121,-6.872378,-1.897918,0.710660,87.000000,87.000000,87.000000,87.000000,12.000000,12.000000,12.000000,200.000000,200.000000,0.000000,0.000000,0.000000,0.000000,0.000000,0.000000,0.000000,0.000000,0.000000
145,1.136722,0.244450,-1.148692,1.256145,-0.178749,-1.711649,3.890346,0.724400,-0.339100,-0.545910,-2.332729,-0.226710,2.119763,2.513291,0.000736,0.000000,-1.272627,0.034706,0.855137,-0.397981,2.627326,1.029451,2.610004,0.002195,-0.005585,-6.419656,3.423018,-3.089418,-3.290441,-0.304313,-27.499136,-0.001674,0.041232,-0.034680,-9.437508,-8.509013,-4.786619,12.683596,3.936558,0.828609,6.870186,-1.640665,0.500685,-9.437508,-8.509013,-4.786619,12.683596,3.936558,0.828609,6.870186,-1.640665,0.500685,87.000000,87.000000,87.000000,87.000000,12.000000,12.000000,12.000000,200.000000,200.000000,0.000000,0.000000,0.000000,0.000000,0.000000,0.000000,0.000000,0.000000,0.000000
146,1.949924,0.050891,-0.813391,1.728362,-0.939385,-1.862825,2.986901,0.761156,-0.341810,-0.574578,-2.324132,-0.301991,2.093910,2.426296,0.000760,0.000000,1.485714,-0.090772,-0.943598,0.631518,-2.493438,-0.792250,-2.609611,0.002651,-0.004488,12.178852,0.296878,2.886207,8.953090,-0.578842,18.375462,0.004878,-0.142314,0.044082,13.994513,-15.888888,15.937504,28.856684,-6.826653,4.304977,-8.388479,-2.006403,0.522223,13.994513,-15.888888,15.937504,28.856684,-6.826653,4.304977,-8.388479,-2.006403,0.522223,87.000000,87.000000,87.000000,87.000000,12.000000,12.000000,12.000000,200.000000,200.000000,0.000000,0.000000,0.000000,0.000000,0.000000,0.000000,0.000000,0.000000,0.000000
147,0.969261,0.153035,-1.257914,1.236249,-0.207846,-1.815224,3.949486,0.726575,-0.339513,-0.547756,-2.333786,-0.229251,2.112196,2.513290,0.000709,0.000000,-1.645373,0.087989,1.129821,-0.298782,2.540906,0.144354,2.610042,0.001570,-0.004939,-17.259377,-0.393739,0.804148,-8.969234,-4.104237,-20.842991,0.013890,0.080605,-0.052920,-15.986036,-12.490264,-9.478018,11.385830,3.039139,-0.008579,9.236777,-1.491163,0.405725,-15.986036,-12.490264,-9.478018,11.385830,3.039139,-0.008579,9.236777,-1.491163,0.405725,87.000000,87.000000,87.000000,87.000000,12.000000,12.000000,12.000000,200.000000,200.000000,0.000000,0.000000,0.000000,0.000000,0.000000,0.000000,0.000000,0.000000,0.000000
148,1.970894,-0.016412,-0.806447,1.813202,-0.945372,-1.668864,2.938322,0.760560,-0.342295,-0.577131,-2.328013,-0.302867,2.127567,2.426303,0.000763,0.000000,1.562166,-0.108380,-1.087638,0.627796,-2.490991,0.464843,-2.609676,0.000952,-0.003474,19.578329,-0.204403,-2.471967,16.351345,-1.838364,1.876280,-0.003290,-0.186005,0.037349,15.109373,-18.523060,16.480116,32.992168,-7.078966,5.121545,-10.332598,-1.967405,0.409609,15.109373,-18.523060,16.480116,32.992168,-7.078966,5.121545,-10.332598,-1.967405,0.409609,87.000000,87.000000,87.000000,87.000000,12.000000,12.000000,12.000000,200.000000,200.000000,0.000000,0.000000,0.000000,0.000000,0.000000,0.000000,0.000000,0.000000,0.000000
149,1.133330,0.319436,-1.100402,1.213919,-0.192180,-2.057464,3.950944,0.728903,-0.337183,-0.548667,-2.323814,-0.232556,2.080690,2.513276,0.000637,0.000000,-1.630108,0.235646,1.310764,0.088039,2.647273,-1.780542,2.610218,0.002921,-0.003771,-22.019918,3.571173,7.650826,-13.975990,3.064699,8.464521,0.031214,0.116845,0.009946,-9.949784,-6.179431,-3.184248,8.394245,4.019250,-0.443069,9.296814,-1.377856,0.361673,-9.949784,-6.179431,-3.184248,8.394245,4.019250,-0.443069,9.296814,-1.377856,0.361673,87.000000,87.000000,87.000000,87.000000,12.000000,12.000000,12.000000,200.000000,200.000000,0.000000,0.000000,0.000000,0.000000,0.000000,0.000000,0.000000,0.000000,0.000000
150,1.716556,-0.143988,-0.943968,1.742875,-0.849930,-1.687392,2.926365,0.748426,-0.339061,-0.565179,-2.321239,-0.301094,2.104204,2.426294,0.000743,0.000000,1.062885,-0.177446,-0.757900,0.381628,-2.515866,0.944151,-2.609830,0.000966,-0.003794,17.873604,-5.970082,-8.123963,8.800953,-2.964892,2.086701,-0.013533,-0.149517,-0.085506,7.117785,-24.025702,8.837284,29.851444,-3.406416,5.041784,-10.810325,-1.863134,0.236921,7.117785,-24.025702,8.837284,29.851444,-3.406416,5.041784,-10.810325,-1.863134,0.236921,87.000000,87.000000,87.000000,87.000000,12.000000,12.000000,12.000000,200.000000,200.000000,0.000000,0.000000,0.000000,0.000000,0.000000,0.000000,0.000000,0.000000,0.000000
151,1.229632,0.239377,-1.012256,1.404992,-0.136282,-1.915569,3.926011,0.720879,-0.336911,-0.542060,-2.320243,-0.227671,2.094759,2.513276,0.000662,0.000000,-1.267555,0.153373,1.019458,0.180367,2.665895,-0.805050,2.610230,0.003116,-0.005179,-11.465835,4.375819,3.867781,-2.164711,2.299948,-6.886804,0.022101,0.103394,-0.059351,-5.774269,-9.142205,0.340610,16.176378,5.767233,0.649052,8.298920,-1.456334,0.418979,-5.774269,-9.142205,0.340610,16.176378,5.767233,0.649052,8.298920,-1.456334,0.418979,87.000000,87.000000,87.000000,87.000000,12.000000,12.000000,12.000000,200.000000,200.000000,0.000000,0.000000,0.000000,0.000000,0.000000,0.000000,0.000000,0.000000,0.000000
152,1.765127,-0.099045,-0.942437,1.667414,-0.899126,-1.677751,2.985926,0.751198,-0.341231,-0.565853,-2.313670,-0.299451,2.119889,2.426288,0.000733,0.000000,1.300588,-0.251293,-0.890261,0.435750,-2.527009,0.839364,-2.609859,0.001019,-0.003356,12.742660,-6.265770,-2.908087,4.044553,-2.284412,-2.134609,-0.009971,-0.115181,0.035051,7.908387,-21.877171,9.609779,25.813814,-5.434631,4.183687,-8.427197,-1.794666,0.394000,7.908387,-21.877171,9.609779,25.813814,-5.434631,4.183687,-8.427197,-1.794666,0.394000,87.000000,87.000000,87.000000,87.000000,12.000000,12.000000,12.000000,200.000000,200.000000,0.000000,0.000000,0.000000,0.000000,0.000000,0.000000,0.000000,0.000000,0.000000
153,1.231532,0.423240,-1.046008,1.177211,-0.185104,-2.094936,3.926796,0.725434,-0.340018,-0.541870,-2.312680,-0.230064,2.069728,2.513259,0.000621,0.000000,-1.323583,0.160505,1.094313,0.004323,2.644677,-1.915536,2.610230,0.003699,-0.004283,-17.018078,6.526738,5.182392,-14.005101,3.240938,9.733857,0.032229,0.124785,-0.025051,-6.251068,-1.433526,-1.137543,6.256963,4.121102,-0.640223,8.332306,-1.381965,0.334852,-6.251068,-1.433526,-1.137543,6.256963,4.121102,-0.640223,8.332306,-1.381965,0.334852,87.000000,87.000000,87.000000,87.000000,12.000000,12.000000,12.000000,200.000000,200.000000,0.000000,0.000000,0.000000,0.000000,0.000000,0.000000,0.000000,0.000000,0.000000
154,1.740426,-0.036773,-0.943386,1.765408,-0.821241,-1.570094,2.996960,0.750555,-0.340961,-0.562910,-2.315063,-0.296228,2.123236,2.426281,0.000764,0.000000,1.186576,-0.057400,-0.869338,0.315118,-2.520691,1.784534,-2.609850,0.000796,-0.002652,14.923134,-0.061850,-6.612811,14.978436,-3.594575,-10.416984,-0.018353,-0.166725,0.001564,7.395957,-19.567469,9.063702,30.785814,-2.673338,5.281889,-7.985742,-1.920208,0.267768,7.395957,-19.567469,9.063702,30.785814,-2.673338,5.281889,-7.985742,-1.920208,0.267768,87.000000,87.000000,87.000000,87.000000,12.000000,12.000000,12.000000,200.000000,200.000000,0.000000,0.000000,0.000000,0.000000,0.000000,0.000000,0.000000,0.000000,0.000000
155,1.267091,0.350843,-1.005726,1.237636,-0.197222,-2.122246,3.950452,0.726400,-0.334875,-0.540562,-2.312083,-0.229324,2.066561,2.513244,0.000623,0.000006,-1.246871,0.260576,1.059472,0.086917,2.639423,-2.224318,2.610269,0.003893,-0.004141,-16.015976,3.646132,6.546618,-13.421092,2.925968,10.426425,0.039396,0.121991,-0.030734,-5.057272,-5.169701,0.543580,8.443854,3.586085,-0.641616,9.280084,-1.409335,0.256908,-5.057272,-5.169701,0.543580,8.443854,3.586085,-0.641616,9.280084,-1.409335,0.256908,87.000000,87.000000,87.000000,87.000000,12.000000,12.000000,12.000000,200.000000,200.000000,0.000000,0.000000,0.000000,0.000000,0.000000,0.000000,0.000000,0.000000,0.000000
156,1.685950,-0.126731,-0.960054,1.837157,-0.809338,-1.525058,2.974085,0.749237,-0.333578,-0.559792,-2.313698,-0.293945,2.127864,2.426268,0.000781,0.000000,1.073576,-0.023490,-0.793324,0.348155,-2.497525,2.083099,-2.609846,0.000918,-0.002443,12.724241,-2.001859,-5.690270,16.576712,-2.807765,-13.247322,-0.019298,-0.148054,-0.018264,5.497284,-23.952293,7.999069,33.564632,-2.410036,5.657058,-8.899806,-1.934521,0.213819,5.497284,-23.952293,7.999069,33.564632,-2.410036,5.657058,-8.899806,-1.934521,0.213819,87.000000,87.000000,87.000000,87.000000,12.000000,12.000000,12.000000,200.000000,200.000000,0.000000,0.000000,0.000000,0.000000,0.000000,0.000000,0.000000,0.000000,0.000000
157,1.141628,0.247517,-1.108460,1.192489,-0.188766,-2.137840,3.941472,0.721371,-0.329558,-0.536369,-2.311396,-0.227279,2.068785,2.513225,0.000622,0.000023,-1.348036,0.116249,1.032448,-0.013762,2.646629,-2.339417,2.610214,0.003967,-0.004088,-15.283090,-1.387399,2.500530,-18.768055,4.205088,10.534457,0.043430,0.144568,-0.053220,-9.359343,-9.629463,-4.061608,6.548120,3.805702,-1.138706,8.922791,-1.376276,0.181615,-9.359343,-9.629463,-4.061608,6.548120,3.805702,-1.138706,8.922791,-1.376276,0.181615,87.000000,87.000000,87.000000,87.000000,12.000000,12.000000,12.000000,200.000000,200.000000,0.000000,0.000000,0.000000,0.000000,0.000000,0.000000,0.000000,0.000000,0.000000
158,1.786757,-0.015417,-0.933658,1.722158,-0.879416,-1.620415,2.922769,0.751129,-0.332513,-0.563803,-2.315742,-0.296524,2.111083,2.426247,0.000762,0.000000,1.316510,-0.129061,-1.038499,0.207383,-2.522795,1.535969,-2.609864,0.000010,-0.002782,13.397826,-0.680345,-4.043469,12.359628,-3.496756,-5.904407,-0.017681,-0.246713,-0.033320,8.775747,-19.233700,10.119184,29.249376,-4.965313,5.158414,-10.950559,-1.996670,0.222666,8.775747,-19.233700,10.119184,29.249376,-4.965313,5.158414,-10.950559,-1.996670,0.222666,87.000000,87.000000,87.000000,87.000000,12.000000,12.000000,12.000000,200.000000,200.000000,0.000000,0.000000,0.000000,0.000000,0.000000,0.000000,0.000000,0.000000,0.000000
159,1.286994,0.294815,-1.019852,1.248031,-0.243782,-2.049427,3.920011,0.730424,-0.329979,-0.546430,-2.319368,-0.233530,2.074364,2.513216,0.000634,0.000000,-1.114364,0.131141,0.904441,-0.082677,2.368378,-1.670428,2.610237,0.003807,-0.004982,-12.874173,2.303388,5.616556,-10.057103,-13.443145,-1.725826,0.037065,0.176698,-0.097926,-4.744475,-7.534305,0.800347,10.082026,1.920726,-0.509588,8.064598,-1.336466,0.266741,-4.744475,-7.534305,0.800347,10.082026,1.920726,-0.509588,8.064598,-1.336466,0.266741,87.000000,87.000000,87.000000,87.000000,12.000000,12.000000,12.000000,200.000000,200.000000,0.000000,0.000000,0.000000,0.000000,0.000000,0.000000,0.000000,0.000000,0.000000
160,1.729521,-0.116946,-0.971430,1.753919,-0.856684,-1.548064,2.996595,0.757445,-0.333102,-0.569924,-2.325631,-0.301908,2.131543,2.426236,0.000749,0.000000,1.162798,-0.167312,-0.875319,0.177241,-2.519736,1.832783,-2.609872,0.000783,-0.002378,10.833488,-2.799839,-3.064795,14.109738,-3.294840,-14.327916,-0.016966,-0.083660,-0.001897,6.232455,-23.261808,8.725552,31.494314,-3.621523,5.132655,-7.996682,-1.754990,0.234643,6.232455,-23.261808,8.725552,31.494314,-3.621523,5.132655,-7.996682,-1.754990,0.234643,87.000000,87.000000,87.000000,87.000000,12.000000,12.000000,12.000000,200.000000,200.000000,0.000000,0.000000,0.000000,0.000000,0.000000,0.000000,0.000000,0.000000,0.000000
161,1.249151,0.331364,-1.045037,1.225468,-0.211772,-2.123250,3.949162,0.732008,-0.330603,-0.547134,-2.325775,-0.235387,2.070639,2.513198,0.000617,0.000011,-1.275594,0.153293,1.051066,0.010307,2.634302,-2.348255,2.610292,0.004644,-0.004320,-14.874494,3.926077,4.397635,-12.244286,2.530303,12.044348,0.040598,0.160828,-0.053111,-6.075242,-5.984805,-0.610682,9.327386,3.485777,-0.586827,9.232141,-1.382406,0.222176,-6.075242,-5.984805,-0.610682,9.327386,3.485777,-0.586827,9.232141,-1.382406,0.222176,87.000000,87.000000,87.000000,87.000000,12.000000,12.000000,12.000000,200.000000,200.000000,0.000000,0.000000,0.000000,0.000000,0.000000,0.000000,0.000000,0.000000,0.000000
162,1.722084,-0.209954,-0.953988,2.009930,-0.826521,-1.248068,2.983430,0.757451,-0.331820,-0.569974,-2.325572,-0.298716,2.145603,2.426229,0.000816,0.000000,1.156861,-0.078801,-0.886932,0.537291,-2.465426,2.600491,-2.609553,0.002304,-0.003557,6.869967,-1.378276,-1.473784,13.564558,8.551783,73.648727,0.063486,0.464408,-0.035488,5.693712,-27.241076,9.565330,40.681469,-1.991420,12.000000,-8.517898,-1.023721,0.296533,5.693712,-27.241076,9.565330,40.681469,-1.991420,19.359520,-8.517898,-1.023721,0.296533,87.000000,87.000000,87.000000,87.000000,12.000000,12.000000,12.000000,200.000000,200.000000,0.000000,0.000000,0.000000,0.000000,0.000000,0.000000,0.000000,0.000000,0.000000
163,1.243969,0.353693,-1.026559,1.148090,-0.259738,-2.256779,3.883329,0.728962,-0.327766,-0.543485,-2.313627,-0.239456,2.073726,2.513180,0.000629,0.000048,-1.385421,0.150211,1.183439,0.242368,2.360846,-2.610544,2.610098,0.002909,-0.004032,-12.048518,0.654845,2.890913,-17.515589,-14.593319,-0.026093,0.010986,-0.055094,-0.020228,-5.594098,-5.496060,-0.594001,4.349217,1.700956,-6.239850,6.598818,-1.639993,0.171582,-5.594098,-5.496060,-0.594001,4.349217,1.700956,-6.239850,6.598818,-1.639993,0.171582,87.000000,87.000000,87.000000,87.000000,12.000000,12.000000,12.000000,200.000000,200.000000,0.000000,0.000000,0.000000,0.000000,0.000000,0.000000,0.000000,0.000000,0.000000
164,1.638588,-0.155050,-1.038752,1.740219,-0.816445,-1.382858,2.992151,0.750499,-0.332278,-0.564178,-2.317306,-0.302747,2.148835,2.426205,0.000778,0.000000,1.051061,-0.243097,-0.888126,0.182971,-2.404346,2.603283,-2.609729,0.001663,-0.001615,10.900887,-4.650825,-6.589418,8.912400,5.642094,0.018740,0.002847,0.105602,-0.049703,3.469643,-24.752563,5.400667,30.011810,-1.784973,8.804443,-8.171202,-1.578452,0.078658,3.469643,-24.752563,5.400667,30.011810,-1.784973,8.804443,-8.171202,-1.578452,0.078658,87.000000,87.000000,87.000000,87.000000,12.000000,12.000000,12.000000,200.000000,200.000000,0.000000,0.000000,0.000000,0.000000,0.000000,0.000000,0.000000,0.000000,0.000000
165,1.186423,0.282473,-1.072052,1.214083,-0.185279,-2.219131,3.950519,0.722070,-0.333717,-0.541798,-2.314749,-0.235685,2.078353,2.513159,0.000614,0.000042,-1.375450,-0.000007,1.028763,0.035116,2.637424,-2.611950,2.610121,0.004337,-0.004481,-14.005701,1.783536,2.853913,-13.909203,0.614819,-0.095072,0.004749,0.039766,-0.051574,-7.463908,-7.405840,-2.153579,7.836560,4.415151,-5.092511,9.287749,-1.542068,0.158713,-7.463908,-7.405840,-2.153579,7.836560,4.415151,-5.092511,9.287749,-1.542068,0.158713,87.000000,87.000000,87.000000,87.000000,12.000000,12.000000,12.000000,200.000000,200.000000,0.000000,0.000000,0.000000,0.000000,0.000000,0.000000,0.000000,0.000000,0.000000
166,1.668547,-0.078936,-1.014457,1.735649,-0.843778,-1.610372,2.916550,0.744713,-0.340540,-0.566501,-2.318525,-0.302238,2.117831,2.426181,0.000759,0.000000,1.080271,-0.255612,-0.984929,0.225044,-2.521668,1.496239,-2.609854,-0.000570,-0.002632,12.994283,-1.455035,-6.717374,12.286911,-3.705940,-3.245079,-0.018883,-0.322091,-0.031220,5.159099,-20.839739,6.815934,29.958721,-3.098710,5.285979,-11.194171,-2.076665,0.211148,5.159099,-20.839739,6.815934,29.958721,-3.098710,5.285979,-11.194171,-2.076665,0.211148,87.000000,87.000000,87.000000,87.000000,12.000000,12.000000,12.000000,200.000000,200.000000,0.000000,0.000000,0.000000,0.000000,0.000000,0.000000,0.000000,0.000000,0.000000
167,1.369583,0.447659,-0.932334,1.231938,-0.234142,-2.210591,3.860715,0.721297,-0.338720,-0.549268,-2.315605,-0.237806,2.047026,2.513145,0.000625,0.000000,-1.177964,0.198300,0.916204,0.132401,2.517914,-2.612816,2.610187,0.004740,-0.004153,-11.963477,7.962473,6.668840,-8.474410,-7.023053,-0.055761,0.004849,0.106730,0.057995,-0.484891,-0.575527,4.547500,8.662248,2.575832,-2.200196,5.696490,-1.482550,0.411683,-0.484891,-0.575527,4.547500,8.662248,2.575832,-2.200196,5.696490,-1.482550,0.411683,87.000000,87.000000,87.000000,87.000000,12.000000,12.000000,12.000000,200.000000,200.000000,0.000000,0.000000,0.000000,0.000000,0.000000,0.000000,0.000000,0.000000,0.000000
168,1.744919,-0.114928,-0.961181,1.874826,-0.885878,-1.273018,2.954402,0.749493,-0.339153,-0.575523,-2.316898,-0.304205,2.121656,2.426175,0.000808,0.000000,1.257133,-0.056218,-0.997416,0.389058,-2.486962,2.601990,-2.609639,0.001712,-0.003635,8.370480,-1.591935,-2.456048,7.276623,7.278356,73.511833,0.053973,0.407175,-0.074835,7.066446,-22.932190,9.955989,34.617050,-3.954825,12.000000,-9.675052,-1.064839,0.238746,7.066446,-22.932190,9.955989,34.617050,-3.954825,20.264256,-9.675052,-1.064839,0.238746,87.000000,87.000000,87.000000,87.000000,12.000000,12.000000,12.000000,200.000000,200.000000,0.000000,0.000000,0.000000,0.000000,0.000000,0.000000,0.000000,0.000000,0.000000
169,1.233526,0.314048,-1.005546,1.195025,-0.191400,-2.172155,3.949492,0.720004,-0.333882,-0.549517,-2.310536,-0.237004,2.059654,2.513128,0.000623,0.000046,-1.478035,0.192928,1.242388,0.127767,2.647883,-2.513742,2.610220,0.003800,-0.004371,-18.284676,0.731003,8.949272,-17.388412,2.889018,5.544204,0.029154,0.062447,-0.062685,-5.413643,-6.705027,0.926033,6.286705,4.385365,-1.632141,9.250339,-1.509017,0.139606,-5.413643,-6.705027,0.926033,6.286705,4.385365,-1.632141,9.250339,-1.509017,0.139606,87.000000,87.000000,87.000000,87.000000,12.000000,12.000000,12.000000,200.000000,200.000000,0.000000,0.000000,0.000000,0.000000,0.000000,0.000000,0.000000,0.000000,0.000000
170,1.734610,-0.137045,-0.968410,1.789805,-0.867198,-1.434517,2.945882,0.746456,-0.337151,-0.572096,-2.314463,-0.303279,2.132970,2.426154,0.000797,0.000000,1.277226,-0.191128,-0.957237,0.222899,-2.496362,2.602925,-2.609685,0.001832,-0.001684,15.646640,-3.721900,-7.159652,12.448327,-0.421443,0.046864,0.004206,0.034715,-0.005494,7.310648,-23.731262,8.990295,31.860956,-3.822430,8.009546,-10.017904,-1.748200,0.159284,7.310648,-23.731262,8.990295,31.860956,-3.822430,8.009546,-10.017904,-1.748200,0.159284,87.000000,87.000000,87.000000,87.000000,12.000000,12.000000,12.000000,200.000000,200.000000,0.000000,0.000000,0.000000,0.000000,0.000000,0.000000,0.000000,0.000000,0.000000
171,1.243603,0.377426,-0.997567,1.252177,-0.159082,-2.218752,3.931389,0.719147,-0.333684,-0.546013,-2.309174,-0.234835,2.064357,2.513109,0.000625,0.000041,-1.397147,0.209747,1.217838,0.173950,2.641934,-2.612630,2.610151,0.003205,-0.004180,-16.733892,5.316911,7.121579,-10.940922,0.611529,-0.096788,0.004492,-0.076217,-0.006697,-5.057492,-3.968925,0.916200,8.710781,5.383151,-3.942519,8.526466,-1.683118,0.216334,-5.057492,-3.968925,0.916200,8.710781,5.383151,-3.942519,8.526466,-1.683118,0.216334,87.000000,87.000000,87.000000,87.000000,12.000000,12.000000,12.000000,200.000000,200.000000,0.000000,0.000000,0.000000,0.000000,0.000000,0.000000,0.000000,0.000000,0.000000
172,1.678160,-0.110637,-1.031578,1.710629,-0.872597,-1.447282,2.967967,0.746191,-0.336606,-0.569310,-2.314516,-0.301642,2.136733,2.426135,0.000792,0.000000,1.259939,-0.186774,-0.991014,0.114543,-2.507730,2.603730,-2.609719,0.001702,-0.001754,13.685574,-4.089537,-8.118435,8.598601,-0.376682,0.044489,0.003605,0.048329,-0.015973,5.006078,-22.751602,6.277804,28.766441,-4.136941,7.195657,-9.132874,-1.708605,0.148736,5.006078,-22.751602,6.277804,28.766441,-4.136941,7.195657,-9.132874,-1.708605,0.148736,87.000000,87.000000,87.000000,87.000000,12.000000,12.000000,12.000000,200.000000,200.000000,0.000000,0.000000,0.000000,0.000000,0.000000,0.000000,0.000000,0.000000,0.000000
173,1.254334,0.404334,-1.011937,1.243227,-0.193856,-2.268828,3.900102,0.721009,-0.332604,-0.546656,-2.311649,-0.235668,2.064694,2.513090,0.000628,0.000038,-1.324815,0.241781,1.099918,0.099872,2.642500,-2.612843,2.610154,0.003585,-0.004138,-16.012480,6.410684,6.340270,-9.979607,0.557928,-0.086317,0.003419,-0.048656,0.003856,-4.921767,-3.002138,0.658427,8.807128,4.053620,-5.998390,7.276401,-1.666428,0.236726,-4.921767,-3.002138,0.658427,8.807128,4.053620,-5.998390,7.276401,-1.666428,0.236726,87.000000,87.000000,87.000000,87.000000,12.000000,12.000000,12.000000,200.000000,200.000000,0.000000,0.000000,0.000000,0.000000,0.000000,0.000000,0.000000,0.000000,0.000000
174,1.786316,-0.169573,-0.934778,1.764280,-0.877654,-1.411663,2.958843,0.751521,-0.335438,-0.572134,-2.318367,-0.302376,2.138392,2.426116,0.000800,0.000000,1.376951,-0.210284,-0.996789,0.108175,-2.495924,2.603239,-2.609696,0.001700,-0.001759,14.055984,-5.791949,-4.055643,10.171914,0.230227,2.326097,0.008197,0.059099,-0.019701,8.614031,-25.236744,10.622479,31.324833,-4.269742,8.640719,-9.496069,-1.703239,0.143065,8.614031,-25.236744,10.622479,31.324833,-4.269742,8.640719,-9.496069,-1.703239,0.143065,87.000000,87.000000,87.000000,87.000000,12.000000,12.000000,12.000000,200.000000,200.000000,0.000000,0.000000,0.000000,0.000000,0.000000,0.000000,0.000000,0.000000,0.000000
175,1.292637,0.480066,-0.977499,1.252727,-0.192090,-2.281089,3.926198,0.726819,-0.329933,-0.546340,-2.314084,-0.236158,2.065495,2.513072,0.000630,0.000039,-1.330919,0.336306,1.217798,0.178591,2.644853,-2.613381,2.610185,0.003011,-0.004088,-16.360638,9.443687,7.019798,-7.406436,0.511780,-0.081482,0.002718,-0.099744,0.001915,-3.863413,-0.264322,1.739279,9.320818,4.154276,-6.552823,8.321551,-1.718871,0.226326,-3.863413,-0.264322,1.739279,9.320818,4.154276,-6.552823,8.321551,-1.718871,0.226326,87.000000,87.000000,87.000000,87.000000,12.000000,12.000000,12.000000,200.000000,200.000000,0.000000,0.000000,0.000000,0.000000,0.000000,0.000000,0.000000,0.000000,0.000000
176,1.662727,-0.126485,-0.977924,1.834781,-0.807398,-1.549789,2.975082,0.747932,-0.326718,-0.562165,-2.313992,-0.299487,2.121682,2.426097,0.000789,0.000000,1.034155,0.019825,-0.714097,0.379688,-2.444855,1.984881,-2.609865,0.000992,-0.002889,12.996811,-2.757414,-6.729633,15.153730,0.217495,-8.634316,-0.021715,-0.126715,-0.093023,4.795877,-24.648359,7.199511,33.321217,-1.884976,5.758555,-8.846312,-1.915093,0.133824,4.795877,-24.648359,7.199511,33.321217,-1.884976,5.758555,-8.846312,-1.915093,0.133824,87.000000,87.000000,87.000000,87.000000,12.000000,12.000000,12.000000,200.000000,200.000000,0.000000,0.000000,0.000000,0.000000,0.000000,0.000000,0.000000,0.000000,0.000000
177,1.171496,0.219016,-1.090160,1.242475,-0.207284,-2.070640,3.942318,0.722095,-0.321982,-0.538566,-2.311527,-0.232408,2.078578,2.513060,0.000632,0.000000,-1.223203,0.121875,1.007743,0.029690,2.619301,-1.888478,2.610194,0.003082,-0.004483,-11.692728,-2.271658,1.274028,-15.690043,2.003774,3.438749,0.039382,0.109956,-0.074085,-8.341986,-11.440948,-3.162365,8.617131,3.438230,-0.828020,8.969657,-1.393641,0.219053,-8.341986,-11.440948,-3.162365,8.617131,3.438230,-0.828020,8.969657,-1.393641,0.219053,87.000000,87.000000,87.000000,87.000000,12.000000,12.000000,12.000000,200.000000,200.000000,0.000000,0.000000,0.000000,0.000000,0.000000,0.000000,0.000000,0.000000,0.000000
178,1.724736,-0.075639,-0.942959,1.788109,-0.820038,-1.638007,2.961664,0.748667,-0.324513,-0.560910,-2.311327,-0.298785,2.112939,2.426080,0.000756,0.000000,1.140139,-0.134077,-0.831943,0.357901,-2.493059,1.261482,-2.609823,0.000706,-0.003232,9.354600,-1.931224,-1.607090,12.246713,-1.946440,-1.713474,-0.015564,-0.193204,-0.022644,6.720278,-22.336630,9.116051,31.128428,-2.412219,5.265006,-9.381386,-1.942854,0.285457,6.720278,-22.336630,9.116051,31.128428,-2.412219,5.265006,-9.381386,-1.942854,0.285457,87.000000,87.000000,87.000000,87.000000,12.000000,12.000000,12.000000,200.000000,200.000000,0.000000,0.000000,0.000000,0.000000,0.000000,0.000000,0.000000,0.000000,0.000000
179,1.132667,0.174212,-1.145792,1.206772,-0.229264,-1.984716,3.889585,0.723343,-0.326010,-0.540777,-2.316735,-0.232293,2.091518,2.513051,0.000637,0.000000,-1.203869,-0.078377,0.879596,-0.217662,2.466933,-1.220368,2.610122,0.003286,-0.005044,-10.574769,-3.056446,-0.415717,-14.834107,-7.232966,-7.230541,0.033488,0.166871,-0.104518,-9.970550,-12.425175,-4.973925,8.304616,2.480433,-0.785977,6.860863,-1.322982,0.292016,-9.970550,-12.425175,-4.973925,8.304616,2.480433,-0.785977,6.860863,-1.322982,0.292016,87.000000,87.000000,87.000000,87.000000,12.000000,12.000000,12.000000,200.000000,200.000000,0.000000,0.000000,0.000000,0.000000,0.000000,0.000000,0.000000,0.000000,0.000000
180,1.763008,-0.089199,-0.934598,1.820747,-0.823314,-1.554606,3.000430,0.751949,-0.333910,-0.567902,-2.320894,-0.299517,2.138865,2.426071,0.000749,0.000000,1.212801,-0.262265,-0.965872,0.312896,-2.498276,1.512602,-2.609782,0.000295,-0.002234,9.866874,0.038783,-0.794595,17.624237,-2.599997,-9.524702,-0.013576,-0.211562,0.080146,7.822173,-21.674452,10.413971,33.628963,-2.498969,5.401977,-7.830056,-1.934087,0.357004,7.822173,-21.674452,10.413971,33.628963,-2.498969,5.401977,-7.830056,-1.934087,0.357004,87.000000,87.000000,87.000000,87.000000,12.000000,12.000000,12.000000,200.000000,200.000000,0.000000,0.000000,0.000000,0.000000,0.000000,0.000000,0.000000,0.000000,0.000000
181,1.233501,0.375072,-1.015020,1.336889,-0.182621,-2.152310,3.904068,0.723237,-0.331696,-0.543857,-2.313440,-0.231187,2.069041,2.513035,0.000621,0.000003,-1.407337,0.209822,1.114745,0.321559,2.658300,-2.591958,2.610246,0.004441,-0.004149,-14.973027,7.878778,4.712011,-5.468911,0.839767,1.224804,0.005579,0.044832,0.049102,-5.650465,-4.073786,0.172806,12.358436,4.115383,-1.614160,7.439275,-1.560427,0.389609,-5.650465,-4.073786,0.172806,12.358436,4.115383,-1.614160,7.439275,-1.560427,0.389609,87.000000,87.000000,87.000000,87.000000,12.000000,12.000000,12.000000,200.000000,200.000000,0.000000,0.000000,0.000000,0.000000,0.000000,0.000000,0.000000,0.000000,0.000000
182,1.805838,-0.107946,-0.921726,1.740825,-0.905624,-1.431140,2.940720,0.752330,-0.334775,-0.569886,-2.313203,-0.299795,2.141484,2.426060,0.000793,0.000000,1.340320,-0.199644,-1.016583,0.287398,-2.501929,2.603532,-2.609712,0.001602,-0.001484,15.050689,-4.655514,-4.514347,9.069957,-0.397024,0.040183,0.003977,0.013950,0.015424,9.488174,-22.787952,10.990388,29.436592,-5.622272,7.461532,-10.216785,-1.761529,0.174070,9.488174,-22.787952,10.990388,29.436592,-5.622272,7.461532,-10.216785,-1.761529,0.174070,87.000000,87.000000,87.000000,87.000000,12.000000,12.000000,12.000000,200.000000,200.000000,0.000000,0.000000,0.000000,0.000000,0.000000,0.000000,0.000000,0.000000,0.000000
183,1.105736,0.405501,-1.145427,1.075744,-0.199863,-2.323626,3.917006,0.721042,-0.332900,-0.543606,-2.311326,-0.234736,2.067956,2.513010,0.000616,0.000056,-1.583149,0.129248,1.187003,-0.092965,2.615818,-2.610729,2.610052,0.003411,-0.003876,-18.693079,3.242908,3.202185,-19.633293,0.817409,-0.123396,0.007710,-0.036585,-0.021309,-10.346278,-2.813390,-5.324425,2.043053,3.826853,-8.460803,7.959507,-1.613412,0.142022,-10.346278,-2.813390,-5.324425,2.043053,3.826853,-8.460803,7.959507,-1.613412,0.142022,87.000000,87.000000,87.000000,87.000000,12.000000,12.000000,12.000000,200.000000,200.000000,0.000000,0.000000,0.000000,0.000000,0.000000,0.000000,0.000000,0.000000,0.000000
184,1.815396,-0.177223,-0.912503,1.862476,-0.857638,-1.392750,2.920184,0.750497,-0.338115,-0.572125,-2.319610,-0.300468,2.140235,2.426039,0.000810,0.000000,1.419628,-0.243056,-1.135104,0.165422,-2.480523,2.601799,-2.609631,0.001421,-0.002441,14.965137,-3.584856,-4.439442,12.555120,7.269244,32.005947,0.054474,0.332870,-0.021529,9.781854,-25.119913,11.866772,35.293980,-3.172485,11.227935,-11.033197,-1.218327,0.208170,9.781854,-25.119913,11.866772,35.293980,-3.172485,11.227935,-11.033197,-1.218327,0.208170,87.000000,87.000000,87.000000,87.000000,12.000000,12.000000,12.000000,200.000000,200.000000,0.000000,0.000000,0.000000,0.000000,0.000000,0.000000,0.000000,0.000000,0.000000
185,1.273976,0.363850,-0.996025,1.202655,-0.218814,-2.239570,3.926637,0.725919,-0.337075,-0.549513,-2.317278,-0.236101,2.069421,2.512993,0.000629,0.000044,-1.352451,0.125719,1.153550,0.043800,2.588181,-2.612112,2.610153,0.003602,-0.004471,-17.655336,4.658561,8.581594,-12.521204,-2.408795,-0.084515,0.006065,-0.004506,-0.050038,-4.554591,-4.053588,1.511025,7.635644,3.094579,-5.196196,8.345706,-1.602289,0.159290,-4.554591,-4.053588,1.511025,7.635644,3.094579,-5.196196,8.345706,-1.602289,0.159290,87.000000,87.000000,87.000000,87.000000,12.000000,12.000000,12.000000,200.000000,200.000000,0.000000,0.000000,0.000000,0.000000,0.000000,0.000000,0.000000,0.000000,0.000000
186,1.646143,-0.045530,-0.992191,1.836347,-0.781451,-1.558534,2.957053,0.743583,-0.337452,-0.565805,-2.318845,-0.296884,2.121721,2.426019,0.000789,0.000000,0.926640,-0.009968,-0.739840,0.390253,-2.308555,1.880607,-2.609832,0.000266,-0.002804,12.962339,1.962838,-7.747120,18.220068,7.950267,-4.303922,-0.022616,-0.233044,-0.070629,4.762403,-20.206085,6.933977,33.913761,-1.025346,5.974898,-9.561341,-2.039668,0.162705,4.762403,-20.206085,6.933977,33.913761,-1.025346,5.974898,-9.561341,-2.039668,0.162705,87.000000,87.000000,87.000000,87.000000,12.000000,12.000000,12.000000,200.000000,200.000000,0.000000,0.000000,0.000000,0.000000,0.000000,0.000000,0.000000,0.000000,0.000000
187,1.236185,0.335321,-1.051445,1.095032,-0.228734,-2.212768,3.869676,0.717829,-0.332995,-0.544664,-2.316176,-0.232604,2.053306,2.512975,0.000611,0.000029,-1.226936,0.139162,0.960402,-0.048983,2.498638,-2.607738,2.610074,0.003841,-0.003699,-11.452982,-0.659195,2.544830,-19.957365,-6.518855,0.056319,0.010471,0.105230,0.039494,-5.390617,-5.862287,-0.930840,3.058806,2.457709,-2.793746,6.069191,-1.401243,0.292048,-5.390617,-5.862287,-0.930840,3.058806,2.457709,-2.793746,6.069191,-1.401243,0.292048,87.000000,87.000000,87.000000,87.000000,12.000000,12.000000,12.000000,200.000000,200.000000,0.000000,0.000000,0.000000,0.000000,0.000000,0.000000,0.000000,0.000000,0.000000
188,1.758571,-0.189173,-0.924114,1.949958,-0.823380,-1.318769,2.966185,0.746944,-0.335712,-0.571041,-2.321151,-0.296504,2.127104,2.426006,0.000807,0.000000,1.294926,-0.135158,-0.990027,0.335984,-2.473387,2.601135,-2.609595,0.001983,-0.003382,8.158285,-2.071083,-0.718367,11.853940,8.075265,66.794426,0.059910,0.443632,-0.062336,7.704692,-25.991833,11.161056,38.374760,-2.058860,12.000000,-9.189985,-1.027162,0.234356,7.704692,-25.991833,11.161056,38.374760,-2.058860,17.553764,-9.189985,-1.027162,0.234356,87.000000,87.000000,87.000000,87.000000,12.000000,12.000000,12.000000,200.000000,200.000000,0.000000,0.000000,0.000000,0.000000,0.000000,0.000000,0.000000,0.000000,0.000000
189,1.264566,0.362879,-1.027871,1.165493,-0.233537,-2.089955,3.921762,0.724007,-0.332519,-0.549792,-2.317301,-0.233381,2.080315,2.512962,0.000629,0.000030,-1.229930,0.158086,1.052091,0.077105,2.478738,-2.093342,2.610218,0.003358,-0.005048,-15.745030,2.682391,6.755851,-15.482986,-5.529527,1.477260,0.046620,0.135794,-0.192363,-4.995547,-4.656860,0.426582,5.884208,2.466804,-1.321238,8.155546,-1.369540,0.002480,-4.995547,-4.656860,0.426582,5.884208,2.466804,-1.321238,8.155546,-1.369540,0.002480,87.000000,87.000000,87.000000,87.000000,12.000000,12.000000,12.000000,200.000000,200.000000,0.000000,0.000000,0.000000,0.000000,0.000000,0.000000,0.000000,0.000000,0.000000
190,1.782919,-0.060766,-0.909477,1.813650,-0.855644,-1.592901,2.967533,0.751350,-0.333534,-0.570718,-2.315679,-0.301358,2.122073,2.425985,0.000763,0.000000,1.229556,-0.072864,-0.817451,0.441558,-2.510688,1.491582,-2.609808,0.001165,-0.002984,13.946266,-0.936930,-3.776257,15.406139,-3.481536,-5.187070,-0.016479,-0.115476,-0.058853,8.863921,-21.128061,11.067606,32.455097,-3.658800,5.533762,-9.139142,-1.856105,0.200286,8.863921,-21.128061,11.067606,32.455097,-3.658800,5.533762,-9.139142,-1.856105,0.200286,87.000000,87.000000,87.000000,87.000000,12.000000,12.000000,12.000000,200.000000,200.000000,0.000000,0.000000,0.000000,0.000000,0.000000,0.000000,0.000000,0.000000,0.000000
191,1.175501,0.200385,-1.074502,1.247169,-0.168972,-1.966805,3.971210,0.723970,-0.331351,-0.544670,-2.316388,-0.230725,2.100063,2.512955,0.000636,0.000000,-1.324027,0.059626,1.136443,-0.047326,2.646372,-1.247111,2.610156,0.002474,-0.004686,-13.889586,-1.622918,4.061222,-13.656911,3.109874,-4.378616,0.032372,0.063563,-0.076612,-8.189802,-11.238041,-2.228652,9.509462,4.805369,-0.527081,10.133378,-1.434678,0.290120,-8.189802,-11.238041,-2.228652,9.509462,4.805369,-0.527081,10.133378,-1.434678,0.290120,87.000000,87.000000,87.000000,87.000000,12.000000,12.000000,12.000000,200.000000,200.000000,0.000000,0.000000,0.000000,0.000000,0.000000,0.000000,0.000000,0.000000,0.000000
192,1.745166,0.014162,-0.952280,1.722709,-0.842829,-1.725277,2.985190,0.751458,-0.334495,-0.565223,-2.312716,-0.300089,2.108804,2.425971,0.000733,0.000000,1.199389,-0.118233,-0.809849,0.440485,-2.514400,0.468311,-2.609750,0.001841,-0.004003,11.587872,-0.109838,-3.833678,9.321420,-2.474341,7.829389,-0.009398,-0.121428,-0.034105,7.292369,-17.889360,8.900329,28.237759,-3.176758,4.730202,-8.431407,-1.853371,0.343452,7.292369,-17.889360,8.900329,28.237759,-3.176758,4.730202,-8.431407,-1.853371,0.343452,87.000000,87.000000,87.000000,87.000000,12.000000,12.000000,12.000000,200.000000,200.000000,0.000000,0.000000,0.000000,0.000000,0.000000,0.000000,0.000000,0.000000,0.000000
193,1.085104,0.195489,-1.160734,1.167582,-0.182113,-2.052138,3.912266,0.721467,-0.334696,-0.540314,-2.318655,-0.229627,2.073035,2.512944,0.000629,0.000000,-1.420455,-0.023755,1.054965,-0.278937,2.637577,-1.488872,2.610127,0.003177,-0.004167,-14.824704,-2.316624,0.989513,-17.860592,2.888088,2.793731,0.029540,0.123117,-0.000133,-11.400749,-10.984763,-5.987086,6.880971,4.202019,-0.710030,7.776448,-1.367445,0.411447,-11.400749,-10.984763,-5.987086,6.880971,4.202019,-0.710030,7.776448,-1.367445,0.411447,87.000000,87.000000,87.000000,87.000000,12.000000,12.000000,12.000000,200.000000,200.000000,0.000000,0.000000,0.000000,0.000000,0.000000,0.000000,0.000000,0.000000,0.000000
194,1.838786,-0.039314,-0.915073,1.757449,-0.900445,-1.592148,2.940645,0.754704,-0.341764,-0.570394,-2.325810,-0.299791,2.120161,2.425964,0.000756,0.000000,1.469006,-0.234467,-1.131696,0.201323,-2.512876,1.553061,-2.609818,0.000107,-0.002270,15.446282,0.352293,-4.127597,16.700291,-3.142805,-9.628579,-0.014677,-0.249721,0.072340,10.285433,-19.112055,11.630129,31.733919,-5.549435,5.286715,-10.212858,-1.998808,0.347526,10.285433,-19.112055,11.630129,31.733919,-5.549435,5.286715,-10.212858,-1.998808,0.347526,87.000000,87.000000,87.000000,87.000000,12.000000,12.000000,12.000000,200.000000,200.000000,0.000000,0.000000,0.000000,0.000000,0.000000,0.000000,0.000000,0.000000,0.000000
195,1.273406,0.318782,-1.013483,1.290684,-0.211533,-1.999381,3.941929,0.732018,-0.340016,-0.550707,-2.328091,-0.231965,2.089127,2.512935,0.000637,0.000000,-1.264018,0.170136,1.039421,0.022514,2.584611,-1.502562,2.610264,0.003792,-0.005222,-18.122948,6.042593,9.206997,-6.293396,-1.271481,-1.481967,0.033860,0.165164,-0.132306,-5.325008,-5.664054,1.248862,12.419899,3.159364,-0.113749,8.963477,-1.355348,0.225956,-5.325008,-5.664054,1.248862,12.419899,3.159364,-0.113749,8.963477,-1.355348,0.225956,87.000000,87.000000,87.000000,87.000000,12.000000,12.000000,12.000000,200.000000,200.000000,0.000000,0.000000,0.000000,0.000000,0.000000,0.000000,0.000000,0.000000,0.000000
196,1.730205,-0.157097,-0.965578,1.785447,-0.838682,-1.450180,3.019048,0.756827,-0.342526,-0.571966,-2.330250,-0.298506,2.158248,2.425958,0.000777,0.000000,1.161146,-0.160805,-0.857464,0.320911,-2.511261,2.221315,-2.609826,0.001076,-0.001630,14.579393,-3.483827,-5.844093,16.130686,-3.261795,-20.236944,-0.015965,-0.113619,0.085383,6.541223,-24.169359,8.908352,32.885494,-3.200356,5.332495,-7.076391,-1.889759,0.305264,6.541223,-24.169359,8.908352,32.885494,-3.200356,5.332495,-7.076391,-1.889759,0.305264,87.000000,87.000000,87.000000,87.000000,12.000000,12.000000,12.000000,200.000000,200.000000,0.000000,0.000000,0.000000,0.000000,0.000000,0.000000,0.000000,0.000000,0.000000
197,1.264023,0.390208,-0.999041,1.216482,-0.208548,-2.303217,3.910965,0.728886,-0.338413,-0.545145,-2.322568,-0.233700,2.082077,2.512914,0.000622,0.000030,-1.398998,0.232784,1.214771,0.209968,2.611324,-2.612488,2.610162,0.003270,-0.003811,-14.918124,5.664331,5.311911,-10.920802,-1.239323,-0.072455,0.004292,-0.071797,0.039144,-4.905364,-3.121136,0.687431,8.264039,3.305972,-8.766506,7.724961,-1.674516,0.291604,-4.905364,-3.121136,0.687431,8.264039,3.305972,-8.766506,7.724961,-1.674516,0.291604,87.000000,87.000000,87.000000,87.000000,12.000000,12.000000,12.000000,200.000000,200.000000,0.000000,0.000000,0.000000,0.000000,0.000000,0.000000,0.000000,0.000000,0.000000
198,1.609002,-0.158545,-1.024865,1.775042,-0.808630,-1.576564,2.938691,0.746437,-0.339140,-0.560816,-2.321745,-0.297883,2.126892,2.425938,0.000769,0.000000,0.940145,-0.118881,-0.744361,0.356625,-2.460305,1.652997,-2.609870,0.000476,-0.003029,14.435823,-4.295746,-9.403631,11.776558,-0.341892,-4.075591,-0.020742,-0.191136,-0.096206,3.097129,-24.659399,5.146170,31.413027,-2.046511,5.452390,-10.289154,-1.947324,0.142581,3.097129,-24.659399,5.146170,31.413027,-2.046511,5.452390,-10.289154,-1.947324,0.142581,87.000000,87.000000,87.000000,87.000000,12.000000,12.000000,12.000000,200.000000,200.000000,0.000000,0.000000,0.000000,0.000000,0.000000,0.000000,0.000000,0.000000,0.000000
199,1.328393,0.384039,-0.959078,1.233622,-0.192104,-2.115317,3.902748,0.722677,-0.335043,-0.540193,-2.316427,-0.230172,2.068995,2.512902,0.000629,0.000000,-1.144339,0.213127,0.961714,0.172292,2.658207,-2.222371,2.610277,0.004309,-0.004391,-11.985061,4.722324,4.974085,-12.567023,3.705182,12.543153,0.036821,0.181340,-0.042295,-2.335625,-3.639377,2.536558,8.454319,3.842964,-0.439655,7.399080,-1.347770,0.268745,-2.335625,-3.639377,2.536558,8.454319,3.842964,-0.439655,7.399080,-1.347770,0.268745,87.000000,87.000000,87.000000,87.000000,12.000000,12.000000,12.000000,200.000000,200.000000,0.000000,0.000000,0.000000,0.000000,0.000000,0.000000,0.000000,0.000000,0.000000
200,1.712792,-0.084029,-0.979522,1.684114,-0.880384,-1.601217,2.964482,0.750506,-0.336593,-0.563590,-2.318200,-0.299112,2.117715,2.425923,0.000759,0.000000,1.204355,-0.138731,-0.897798,0.221710,-2.532062,1.681953,-2.609918,0.000443,-0.002758,11.880311,-4.019932,-4.586713,8.554166,-3.446374,-9.616126,-0.018697,-0.156161,-0.019288,6.070645,-21.815418,7.867262,27.667406,-4.769533,4.796888,-9.256114,-1.873250,0.243638,6.070645,-21.815418,7.867262,27.667406,-4.769533,4.796888,-9.256114,-1.873250,0.243638,87.000000,87.000000,87.000000,87.000000,12.000000,12.000000,12.000000,200.000000,200.000000,0.000000,0.000000,0.000000,0.000000,0.000000,0.000000,0.000000,0.000000,0.000000
201,1.260089,0.364144,-1.011741,1.262079,-0.215839,-2.183081,3.890584,0.726060,-0.332060,-0.541256,-2.315681,-0.233482,2.050398,2.512886,0.000623,0.000006,-1.255200,0.238733,1.051960,0.113255,2.590879,-2.542781,2.610271,0.004391,-0.004186,-14.613275,5.279454,5.069836,-9.751446,-2.279048,4.076542,0.015278,0.038973,0.055500,-5.200373,-4.709156,0.287241,9.854870,3.009364,-1.326887,6.912382,-1.584382,0.405888,-5.200373,-4.709156,0.287241,9.854870,3.009364,-1.326887,6.912382,-1.584382,0.405888,87.000000,87.000000,87.000000,87.000000,12.000000,12.000000,12.000000,200.000000,200.000000,0.000000,0.000000,0.000000,0.000000,0.000000,0.000000,0.000000,0.000000,0.000000
202,1.632684,-0.203829,-1.040502,1.800001,-0.857002,-1.415546,2.992878,0.750496,-0.333881,-0.564191,-2.321275,-0.299363,2.124811,2.425912,0.000798,0.000000,1.114723,-0.166350,-0.932029,0.169424,-2.497409,2.603155,-2.609690,0.001800,-0.002575,9.136451,-5.162249,-5.458148,9.333671,4.197220,18.875212,0.033388,0.267164,-0.046925,2.946084,-26.811232,5.521411,32.751102,-3.405341,10.673209,-8.116620,-1.342957,0.179317,2.946084,-26.811232,5.521411,32.751102,-3.405341,10.673209,-8.116620,-1.342957,0.179317,87.000000,87.000000,87.000000,87.000000,12.000000,12.000000,12.000000,200.000000,200.000000,0.000000,0.000000,0.000000,0.000000,0.000000,0.000000,0.000000,0.000000,0.000000
203,1.258611,0.358138,-1.033780,1.219301,-0.220217,-2.167039,3.914992,0.726162,-0.330978,-0.544738,-2.318160,-0.235089,2.061475,2.512867,0.000632,0.000034,-1.240298,0.170085,0.959546,0.105548,2.585001,-2.548002,2.610247,0.004626,-0.004788,-14.506412,4.176923,4.880186,-12.257639,-1.816792,3.666343,0.020871,0.082614,-0.058599,-5.299190,-4.914200,-0.082542,8.220659,3.010296,-1.584565,7.890614,-1.544961,0.197141,-5.299190,-4.914200,-0.082542,8.220659,3.010296,-1.584565,7.890614,-1.544961,0.197141,87.000000,87.000000,87.000000,87.000000,12.000000,12.000000,12.000000,200.000000,200.000000,0.000000,0.000000,0.000000,0.000000,0.000000,0.000000,0.000000,0.000000,0.000000
204,1.698788,-0.183307,-0.990937,1.765680,-0.867063,-1.441244,2.952502,0.751082,-0.334989,-0.569534,-2.324481,-0.301446,2.134192,2.425893,0.000799,0.000000,1.132761,-0.234054,-0.954045,0.123578,-2.497210,2.603194,-2.609696,0.001127,-0.001702,11.260417,-5.102153,-4.231588,11.157657,-0.337000,0.036163,0.004435,-0.027435,0.000647,5.630653,-25.716244,8.052701,31.888899,-3.956852,7.641392,-9.732180,-1.810340,0.171283,5.630653,-25.716244,8.052701,31.888899,-3.956852,7.641392,-9.732180,-1.810340,0.171283,87.000000,87.000000,87.000000,87.000000,12.000000,12.000000,12.000000,200.000000,200.000000,0.000000,0.000000,0.000000,0.000000,0.000000,0.000000,0.000000,0.000000,0.000000
205,1.277494,0.335841,-0.993077,1.277424,-0.199472,-2.229419,3.894902,0.724963,-0.333628,-0.547552,-2.320374,-0.235584,2.064029,2.512849,0.000633,0.000032,-1.311380,0.138444,1.066313,0.166065,2.649254,-2.613101,2.610168,0.003890,-0.004472,-13.927724,5.077854,5.714825,-8.589719,0.503397,-0.078864,0.002818,-0.013675,-0.014675,-4.219070,-5.458379,1.528402,10.775116,3.800570,-4.348101,7.087613,-1.640256,0.239260,-4.219070,-5.458379,1.528402,10.775116,3.800570,-4.348101,7.087613,-1.640256,0.239260,87.000000,87.000000,87.000000,87.000000,12.000000,12.000000,12.000000,200.000000,200.000000,0.000000,0.000000,0.000000,0.000000,0.000000,0.000000,0.000000,0.000000,0.000000
206,1.690890,-0.092639,-1.011312,1.673156,-0.887986,-1.496655,2.928865,0.749016,-0.337928,-0.570652,-2.325950,-0.303233,2.132301,2.425873,0.000791,0.000000,1.130490,-0.218634,-0.938313,0.110744,-2.527529,2.398677,-2.609891,0.000266,-0.001765,13.489311,-3.492890,-6.863093,10.088295,-1.870022,-12.232045,-0.008311,-0.086769,0.035950,5.612352,-21.805143,7.133255,28.267782,-4.656708,5.502602,-10.676235,-1.817472,0.236416,5.612352,-21.805143,7.133255,28.267782,-4.656708,5.502602,-10.676235,-1.817472,0.236416,87.000000,87.000000,87.000000,87.000000,12.000000,12.000000,12.000000,200.000000,200.000000,0.000000,0.000000,0.000000,0.000000,0.000000,0.000000,0.000000,0.000000,0.000000
207,1.341339,0.389580,-0.953701,1.304736,-0.218853,-2.164094,3.894011,0.726393,-0.334685,-0.550680,-2.321369,-0.238167,2.065519,2.512831,0.000635,0.000022,-1.178366,0.235022,1.010016,0.242766,2.604668,-2.613498,2.610215,0.003951,-0.004423,-13.523668,7.589045,6.983331,-5.584137,-2.328543,-0.072970,0.005050,-0.009597,0.010674,-2.111320,-3.338776,3.574422,11.908974,3.219085,-1.815907,7.053317,-1.643026,0.301819,-2.111320,-3.338776,3.574422,11.908974,3.219085,-1.815907,7.053317,-1.643026,0.301819,87.000000,87.000000,87.000000,87.000000,12.000000,12.000000,12.000000,200.000000,200.000000,0.000000,0.000000,0.000000,0.000000,0.000000,0.000000,0.000000,0.000000,0.000000
208,1.584213,-0.136476,-1.058501,1.763443,-0.837952,-1.545453,2.962263,0.744955,-0.334723,-0.568647,-2.321837,-0.303159,2.124111,2.425855,0.000785,0.000000,0.899099,-0.086363,-0.766047,0.315566,-2.525228,2.050033,-2.609892,0.000227,-0.002503,11.282257,-3.428038,-7.556050,12.760786,-3.886456,-11.850885,-0.021057,-0.183536,-0.043519,2.147254,-24.163118,4.594172,31.132853,-2.795981,5.338688,-9.339666,-1.957618,0.177720,2.147254,-24.163118,4.594172,31.132853,-2.795981,5.338688,-9.339666,-1.957618,0.177720,87.000000,87.000000,87.000000,87.000000,12.000000,12.000000,12.000000,200.000000,200.000000,0.000000,0.000000,0.000000,0.000000,0.000000,0.000000,0.000000,0.000000,0.000000
209,1.297411,0.280470,-0.957580,1.367709,-0.164036,-2.052663,3.914820,0.717685,-0.329938,-0.546526,-2.315017,-0.233319,2.079340,2.512821,0.000649,0.000000,-1.240971,0.211396,1.016265,0.304960,2.671792,-1.919191,2.610302,0.004055,-0.004844,-11.116898,3.221391,5.311517,-7.148849,3.568125,6.910221,0.035548,0.143457,-0.068790,-2.870122,-8.270799,2.980116,13.661428,5.172747,0.109188,7.888283,-1.431818,0.271967,-2.870122,-8.270799,2.980116,13.661428,5.172747,0.109188,7.888283,-1.431818,0.271967,87.000000,87.000000,87.000000,87.000000,12.000000,12.000000,12.000000,200.000000,200.000000,0.000000,0.000000,0.000000,0.000000,0.000000,0.000000,0.000000,0.000000,0.000000
210,1.756092,-0.168710,-0.918644,1.779768,-0.849525,-1.470578,2.973539,0.745002,-0.333013,-0.569112,-2.312320,-0.299954,2.148062,2.425843,0.000787,0.000000,1.221839,-0.219045,-0.854891,0.390107,-2.518109,2.275884,-2.609879,0.000870,-0.001429,13.228625,-5.952092,-2.620446,11.769087,-3.281579,-19.339254,-0.016780,-0.095832,0.091288,8.282644,-25.379597,10.737946,30.792496,-3.501410,5.217493,-8.887489,-1.868346,0.295038,8.282644,-25.379597,10.737946,30.792496,-3.501410,5.217493,-8.887489,-1.868346,0.295038,87.000000,87.000000,87.000000,87.000000,12.000000,12.000000,12.000000,200.000000,200.000000,0.000000,0.000000,0.000000,0.000000,0.000000,0.000000,0.000000,0.000000,0.000000
211,1.139200,0.320660,-1.128892,1.097033,-0.195214,-2.173296,3.929690,0.718508,-0.334549,-0.544237,-2.309480,-0.233825,2.080652,2.512795,0.000616,0.000041,-1.350969,-0.024721,1.101421,-0.054351,2.618210,-2.610421,2.610043,0.003180,-0.004059,-16.162060,0.299956,2.540724,-20.787916,0.872369,-0.124297,0.008683,-0.048595,-0.012767,-9.264099,-5.832437,-4.437787,2.573781,3.937337,-3.419645,8.484129,-1.617821,0.199680,-9.264099,-5.832437,-4.437787,2.573781,3.937337,-3.419645,8.484129,-1.617821,0.199680,87.000000,87.000000,87.000000,87.000000,12.000000,12.000000,12.000000,200.000000,200.000000,0.000000,0.000000,0.000000,0.000000,0.000000,0.000000,0.000000,0.000000,0.000000
212,1.814285,0.079980,-0.907261,1.735731,-0.838812,-1.625823,2.929842,0.747261,-0.339287,-0.568696,-2.313010,-0.300480,2.114648,2.425819,0.000771,0.000000,1.315795,-0.113419,-0.967706,0.281644,-2.516732,1.360580,-2.609796,0.000282,-0.002912,15.216393,3.548601,-5.185750,14.985827,-3.731932,-0.051048,-0.017982,-0.273018,-0.055402,10.290823,-14.678963,11.315093,29.524080,-3.054999,5.461105,-10.633619,-2.073623,0.198907,10.290823,-14.678963,11.315093,29.524080,-3.054999,5.461105,-10.633619,-2.073623,0.198907,87.000000,87.000000,87.000000,87.000000,12.000000,12.000000,12.000000,200.000000,200.000000,0.000000,0.000000,0.000000,0.000000,0.000000,0.000000,0.000000,0.000000,0.000000
213,1.188237,0.349385,-1.092446,1.125750,-0.217834,-2.147304,3.897142,0.722024,-0.336011,-0.547032,-2.316853,-0.233927,2.058179,2.512782,0.000624,0.000002,-1.328048,0.155167,1.037409,-0.202244,2.593869,-2.183660,2.610198,0.003839,-0.003988,-17.896885,2.293441,5.531466,-18.158464,1.019783,9.276279,0.039496,0.173445,-0.026126,-7.753607,-4.934339,-2.405540,4.846328,3.158141,-1.135881,7.184790,-1.324401,0.263396,-7.753607,-4.934339,-2.405540,4.846328,3.158141,-1.135881,7.184790,-1.324401,0.263396,87.000000,87.000000,87.000000,87.000000,12.000000,12.000000,12.000000,200.000000,200.000000,0.000000,0.000000,0.000000,0.000000,0.000000,0.000000,0.000000,0.000000,0.000000
214,1.700804,-0.201627,-0.965522,2.007493,-0.823077,-1.368738,2.972061,0.747420,-0.337096,-0.571305,-2.322631,-0.297790,2.132878,2.425813,0.000819,0.000000,1.185450,-0.061614,-0.961266,0.375046,-2.465854,2.600331,-2.609554,0.002166,-0.003081,9.875034,-0.274533,-3.737654,19.192671,8.177647,40.246674,0.061741,0.434300,-0.011426,5.760509,-26.468706,9.268381,41.145428,-1.976162,12.000000,-8.939612,-1.104878,0.289009,5.760509,-26.468706,9.268381,41.145428,-1.976162,13.329054,-8.939612,-1.104878,0.289009,87.000000,87.000000,87.000000,87.000000,12.000000,12.000000,12.000000,200.000000,200.000000,0.000000,0.000000,0.000000,0.000000,0.000000,0.000000,0.000000,0.000000,0.000000
215,1.368413,0.381225,-0.927836,1.209378,-0.273062,-2.226175,3.867865,0.725737,-0.331376,-0.550063,-2.313021,-0.242251,2.063134,2.512767,0.000626,0.000044,-1.156869,0.235569,1.076207,0.251045,2.255405,-2.611616,2.610144,0.002603,-0.003840,-12.094212,2.830679,7.506544,-13.290717,-14.977483,0.012689,0.011101,-0.053455,0.005620,-0.962997,-4.210793,4.424016,6.967136,1.638498,-4.141648,6.013314,-1.609121,0.209780,-0.962997,-4.210793,4.424016,6.967136,1.638498,-4.141648,6.013314,-1.609121,0.209780,87.000000,87.000000,87.000000,87.000000,12.000000,12.000000,12.000000,200.000000,200.000000,0.000000,0.000000,0.000000,0.000000,0.000000,0.000000,0.000000,0.000000,0.000000
216,1.661318,-0.103108,-0.988904,1.736418,-0.777258,-1.534648,2.991995,0.746707,-0.331764,-0.566023,-2.315427,-0.300987,2.125695,2.425790,0.000753,0.000000,0.992352,-0.099428,-0.689226,0.226072,-2.183071,2.182093,-2.609924,0.000686,-0.002094,10.872344,-3.430739,-5.133869,10.356384,11.147431,-10.221747,-0.023589,-0.044474,-0.086352,4.829742,-23.031157,7.095977,29.651442,-0.749748,5.341822,-8.145268,-1.687301,0.065510,4.829742,-23.031157,7.095977,29.651442,-0.749748,5.341822,-8.145268,-1.687301,0.065510,87.000000,87.000000,87.000000,87.000000,12.000000,12.000000,12.000000,200.000000,200.000000,0.000000,0.000000,0.000000,0.000000,0.000000,0.000000,0.000000,0.000000,0.000000
217,1.156566,0.322164,-1.095508,1.253554,-0.188375,-2.195876,3.911392,0.718800,-0.327295,-0.540836,-2.311369,-0.232717,2.057825,2.512748,0.000591,0.000035,-1.331017,0.200457,1.069541,0.131566,2.639322,-2.612279,2.610130,0.004013,-0.003980,-13.455197,3.103797,1.172497,-11.585505,0.654645,-0.096388,0.004964,0.054057,-0.003084,-8.489156,-6.791627,-3.368243,9.016751,4.052359,-2.482371,7.755535,-1.449226,0.221230,-8.489156,-6.791627,-3.368243,9.016751,4.052359,-2.482371,7.755535,-1.449226,0.221230,87.000000,87.000000,87.000000,87.000000,12.000000,12.000000,12.000000,200.000000,200.000000,0.000000,0.000000,0.000000,0.000000,0.000000,0.000000,0.000000,0.000000,0.000000
218,1.639658,-0.180822,-1.049775,1.772114,-0.857880,-1.367588,2.957952,0.745204,-0.330736,-0.567133,-2.317446,-0.298597,2.133440,2.425774,0.000779,0.000000,1.184274,-0.216221,-1.037464,0.135385,-2.500505,2.603420,-2.609706,0.001818,-0.002584,7.908804,-5.280346,-4.288047,6.567745,6.168980,26.833261,0.045834,0.329081,-0.015959,3.389370,-26.018028,5.735927,31.251232,-3.357038,12.000000,-9.501664,-1.195463,0.231822,3.389370,-26.018028,5.735927,31.251232,-3.357038,12.429815,-9.501664,-1.195463,0.231822,87.000000,87.000000,87.000000,87.000000,12.000000,12.000000,12.000000,200.000000,200.000000,0.000000,0.000000,0.000000,0.000000,0.000000,0.000000,0.000000,0.000000,0.000000
219,1.381561,0.454852,-0.885592,1.286996,-0.178976,-2.263202,3.886728,0.720172,-0.326641,-0.545215,-2.311494,-0.231937,2.061532,2.512731,0.000623,0.000031,-1.253287,0.267985,1.096980,0.244484,2.651639,-2.613584,2.610189,0.003966,-0.004364,-11.910088,8.020160,7.626667,-6.832654,0.419555,-0.065303,0.001359,-0.025471,-0.002003,0.283080,-1.434026,5.673136,10.341172,4.317046,-5.513936,6.769934,-1.642061,0.255406,0.283080,-1.434026,5.673136,10.341172,4.317046,-5.513936,6.769934,-1.642061,0.255406,87.000000,87.000000,87.000000,87.000000,12.000000,12.000000,12.000000,200.000000,200.000000,0.000000,0.000000,0.000000,0.000000,0.000000,0.000000,0.000000,0.000000,0.000000
220,1.674597,-0.119058,-1.000004,1.688300,-0.857334,-1.541234,2.963844,0.745089,-0.327926,-0.566015,-2.315269,-0.298823,2.123996,2.425753,0.000775,0.000000,1.131522,-0.160944,-0.844621,0.137513,-2.533451,2.169544,-2.609935,0.000564,-0.002274,12.149709,-5.507717,-5.494773,8.406768,-3.683038,-15.431642,-0.020556,-0.132880,-0.030508,5.190986,-23.930054,7.044824,27.837511,-3.886030,4.919724,-9.268147,-1.879334,0.176575,5.190986,-23.930054,7.044824,27.837511,-3.886030,4.919724,-9.268147,-1.879334,0.176575,87.000000,87.000000,87.000000,87.000000,12.000000,12.000000,12.000000,200.000000,200.000000,0.000000,0.000000,0.000000,0.000000,0.000000,0.000000,0.000000,0.000000,0.000000
221,1.203750,0.252570,-1.091828,1.232092,-0.203749,-2.044294,3.920412,0.722739,-0.327606,-0.546685,-2.319201,-0.231979,2.085599,2.512716,0.000634,0.000000,-1.136037,0.035739,0.901788,-0.116187,2.627049,-1.789098,2.610209,0.003700,-0.005121,-12.982671,0.709675,2.821580,-12.781281,2.345381,0.828366,0.039496,0.130840,-0.133002,-7.399006,-9.249809,-2.218109,9.370143,3.541128,-0.751374,8.120891,-1.403664,0.173617,-7.399006,-9.249809,-2.218109,9.370143,3.541128,-0.751374,8.120891,-1.403664,0.173617,87.000000,87.000000,87.000000,87.000000,12.000000,12.000000,12.000000,200.000000,200.000000,0.000000,0.000000,0.000000,0.000000,0.000000,0.000000,0.000000,0.000000,0.000000
222,1.688253,-0.136181,-1.014973,1.778333,-0.878557,-1.573857,2.975145,0.751345,-0.333638,-0.572955,-2.324307,-0.300858,2.131114,2.425737,0.000759,0.000000,1.190187,-0.250259,-0.961505,0.217985,-2.514481,1.539682,-2.609833,0.000134,-0.002477,9.263677,-2.652622,-2.832734,14.227864,-3.240323,-8.725132,-0.015793,-0.225633,0.041583,4.908136,-23.760979,7.471732,32.262634,-4.590986,5.236297,-8.814690,-1.966261,0.317037,4.908136,-23.760979,7.471732,32.262634,-4.590986,5.236297,-8.814690,-1.966261,0.317037,87.000000,87.000000,87.000000,87.000000,12.000000,12.000000,12.000000,200.000000,200.000000,0.000000,0.000000,0.000000,0.000000,0.000000,0.000000,0.000000,0.000000,0.000000
223,1.359484,0.353541,-0.933550,1.341783,-0.190889,-2.079336,3.901001,0.728063,-0.332102,-0.551882,-2.320842,-0.232325,2.075510,2.512704,0.000636,0.000000,-1.182449,0.171378,1.042546,0.215834,2.675232,-2.141546,2.610344,0.004639,-0.004831,-13.406284,6.868255,7.527608,-5.952637,3.554234,12.193207,0.034661,0.183303,-0.068325,-1.504600,-4.858073,4.423794,13.396404,4.008950,0.248339,7.344709,-1.378464,0.277223,-1.504600,-4.858073,4.423794,13.396404,4.008950,0.248339,7.344709,-1.378464,0.277223,87.000000,87.000000,87.000000,87.000000,12.000000,12.000000,12.000000,200.000000,200.000000,0.000000,0.000000,0.000000,0.000000,0.000000,0.000000,0.000000,0.000000,0.000000
224,1.663143,-0.068695,-0.997245,1.696195,-0.834505,-1.636445,2.992465,0.749170,-0.333865,-0.568620,-2.319148,-0.299300,2.113672,2.425723,0.000756,0.000000,0.965886,-0.131917,-0.684299,0.333778,-2.528782,1.380645,-2.609875,0.000833,-0.003336,10.914072,-3.289996,-4.932650,8.368752,-3.319402,-4.082157,-0.017166,-0.131008,-0.042403,4.763951,-21.394278,6.980443,27.917950,-2.920429,4.825394,-8.120833,-1.849993,0.262895,4.763951,-21.394278,6.980443,27.917950,-2.920429,4.825394,-8.120833,-1.849993,0.262895,87.000000,87.000000,87.000000,87.000000,12.000000,12.000000,12.000000,200.000000,200.000000,0.000000,0.000000,0.000000,0.000000,0.000000,0.000000,0.000000,0.000000,0.000000
225,1.290700,0.334908,-0.977399,1.309348,-0.156135,-2.053284,3.927895,0.722347,-0.329981,-0.543959,-2.316181,-0.228700,2.072907,2.512694,0.000641,0.000000,-1.221245,0.204225,1.062983,0.163241,2.662719,-1.721079,2.610271,0.003511,-0.004588,-10.412163,4.443897,3.483631,-8.096838,3.148570,6.009807,0.030956,0.096127,-0.020137,-3.521883,-6.002955,1.752688,11.740634,5.117452,0.036551,8.421246,-1.455995,0.380026,-3.521883,-6.002955,1.752688,11.740634,5.117452,0.036551,8.421246,-1.455995,0.380026,87.000000,87.000000,87.000000,87.000000,12.000000,12.000000,12.000000,200.000000,200.000000,0.000000,0.000000,0.000000,0.000000,0.000000,0.000000,0.000000,0.000000,0.000000
226,1.582242,-0.134230,-1.070067,1.672881,-0.830793,-1.634120,2.997544,0.744644,-0.332601,-0.563151,-2.316890,-0.296260,2.115324,2.425712,0.000743,0.000000,0.991429,-0.199206,-0.787690,0.224171,-2.535518,1.432802,-2.609917,0.000626,-0.003149,9.305527,-5.860834,-6.029688,5.826512,-3.094911,-7.392067,-0.016751,-0.119223,-0.008336,1.731489,-24.084827,3.842875,26.951866,-2.983686,4.452353,-7.916626,-1.792031,0.301028,1.731489,-24.084827,3.842875,26.951866,-2.983686,4.452353,-7.916626,-1.792031,0.301028,87.000000,87.000000,87.000000,87.000000,12.000000,12.000000,12.000000,200.000000,200.000000,0.000000,0.000000,0.000000,0.000000,0.000000,0.000000,0.000000,0.000000,0.000000
227,1.314070,0.328998,-0.963435,1.397658,-0.186521,-2.078221,3.889344,0.721200,-0.329783,-0.543339,-2.312770,-0.227874,2.065906,2.512683,0.000639,0.000000,-1.120917,0.204688,0.925677,0.268097,2.665036,-1.955803,2.610337,0.004570,-0.004875,-10.715174,6.571509,4.142968,-3.843296,2.632212,9.666251,0.032001,0.154326,-0.038286,-2.773752,-6.133033,2.658185,14.964538,3.807838,0.428804,6.879949,-1.425998,0.366472,-2.773752,-6.133033,2.658185,14.964538,3.807838,0.428804,6.879949,-1.425998,0.366472,87.000000,87.000000,87.000000,87.000000,12.000000,12.000000,12.000000,200.000000,200.000000,0.000000,0.000000,0.000000,0.000000,0.000000,0.000000,0.000000,0.000000,0.000000
228,1.668841,-0.097127,-0.982814,1.732159,-0.855699,-1.599549,2.949610,0.744850,-0.331129,-0.563839,-2.310321,-0.295986,2.116796,2.425703,0.000761,0.000000,1.030815,-0.130733,-0.777138,0.363907,-2.530545,1.703516,-2.609918,0.000498,-0.002757,9.942687,-3.944318,-3.431933,9.319877,-3.361630,-10.693109,-0.018125,-0.144347,0.014123,5.108170,-22.790501,7.508036,28.624086,-4.030984,4.816202,-9.833332,-1.862505,0.299265,5.108170,-22.790501,7.508036,28.624086,-4.030984,4.816202,-9.833332,-1.862505,0.299265,87.000000,87.000000,87.000000,87.000000,12.000000,12.000000,12.000000,200.000000,200.000000,0.000000,0.000000,0.000000,0.000000,0.000000,0.000000,0.000000,0.000000,0.000000
229,1.277362,0.315941,-1.011758,1.220325,-0.201907,-2.067359,3.912851,0.721130,-0.329464,-0.542986,-2.309022,-0.228967,2.075586,2.512668,0.000629,0.000000,-1.136551,0.087365,0.948918,0.014209,2.611096,-1.796401,2.610203,0.003600,-0.004789,-10.674387,1.333212,3.308959,-14.283453,1.307044,3.233843,0.036607,0.131466,-0.078498,-4.195242,-6.669927,0.592236,7.649362,3.363250,-0.706755,7.822068,-1.383667,0.265532,-4.195242,-6.669927,0.592236,7.649362,3.363250,-0.706755,7.822068,-1.383667,0.265532,87.000000,87.000000,87.000000,87.000000,12.000000,12.000000,12.000000,200.000000,200.000000,0.000000,0.000000,0.000000,0.000000,0.000000,0.000000,0.000000,0.000000,0.000000
230,1.711441,-0.047305,-0.998573,1.610417,-0.881091,-1.658559,2.972338,0.750068,-0.335063,-0.567121,-2.314691,-0.298983,2.111755,2.425685,0.000739,0.000000,1.212749,-0.260229,-0.904448,0.054544,-2.537276,1.274794,-2.609912,0.000466,-0.003060,10.069220,-4.128557,-3.345501,4.644560,-2.933492,-5.567615,-0.015550,-0.171705,0.002460,5.922462,-20.153400,7.483524,24.661869,-4.763208,4.277308,-8.922638,-1.860217,0.310086,5.922462,-20.153400,7.483524,24.661869,-4.763208,4.277308,-8.922638,-1.860217,0.310086,87.000000,87.000000,87.000000,87.000000,12.000000,12.000000,12.000000,200.000000,200.000000,0.000000,0.000000,0.000000,0.000000,0.000000,0.000000,0.000000,0.000000,0.000000
231,1.160144,0.302151,-1.117312,1.338226,-0.207394,-2.057149,3.915262,0.724389,-0.333997,-0.547133,-2.319828,-0.231146,2.070264,2.512658,0.000641,0.000000,-1.292594,0.156977,0.927964,-0.032773,2.604013,-1.743545,2.610296,0.004523,-0.004930,-15.537900,6.653378,2.640170,-4.610336,-0.373206,4.108092,0.032644,0.173849,-0.064850,-9.012732,-6.740376,-3.275557,13.905444,3.252104,0.044836,7.918880,-1.394823,0.333699,-9.012732,-6.740376,-3.275557,13.905444,3.252104,0.044836,7.918880,-1.394823,0.333699,87.000000,87.000000,87.000000,87.000000,12.000000,12.000000,12.000000,200.000000,200.000000,0.000000,0.000000,0.000000,0.000000,0.000000,0.000000,0.000000,0.000000,0.000000
232,1.723344,-0.155462,-0.946608,1.798366,-0.866272,-1.605924,2.938269,0.747723,-0.336973,-0.570450,-2.322141,-0.299645,2.114978,2.425678,0.000763,0.000000,1.088011,-0.180425,-0.880014,0.300964,-2.512845,1.516728,-2.609846,0.000004,-0.002857,13.272717,-4.058325,-3.813175,14.000212,-3.218007,-7.987575,-0.015707,-0.239588,0.006135,7.105427,-24.532358,9.729889,32.655205,-4.199324,5.349551,-10.284950,-1.989598,0.295957,7.105427,-24.532358,9.729889,32.655205,-4.199324,5.349551,-10.284950,-1.989598,0.295957,87.000000,87.000000,87.000000,87.000000,12.000000,12.000000,12.000000,200.000000,200.000000,0.000000,0.000000,0.000000,0.000000,0.000000,0.000000,0.000000,0.000000,0.000000
233,1.376344,0.377248,-0.909305,1.347187,-0.196381,-2.080667,3.884317,0.724075,-0.332958,-0.549457,-2.316596,-0.231430,2.066317,2.512648,0.000640,0.000000,-1.160675,0.249714,1.024400,0.282501,2.655076,-1.951743,2.610319,0.004186,-0.004817,-11.956322,7.004738,7.345933,-5.559232,2.367639,8.775222,0.033174,0.161501,-0.054081,-0.486134,-4.044518,5.238748,13.115486,3.713204,0.233790,6.681850,-1.392518,0.320267,-0.486134,-4.044518,5.238748,13.115486,3.713204,0.233790,6.681850,-1.392518,0.320267,87.000000,87.000000,87.000000,87.000000,12.000000,12.000000,12.000000,200.000000,200.000000,0.000000,0.000000,0.000000,0.000000,0.000000,0.000000,0.000000,0.000000,0.000000
234,1.686255,-0.178989,-0.992420,1.735055,-0.846479,-1.392927,3.013822,0.749851,-0.335236,-0.570010,-2.317332,-0.297569,2.143726,2.425671,0.000788,0.000000,1.137655,-0.203892,-0.809783,0.249452,-2.504563,2.603956,-2.609717,0.002272,-0.001751,10.262342,-6.610647,-3.743359,7.198792,-0.225463,0.020542,0.004663,0.104554,0.047238,5.153045,-25.690149,7.678736,29.529043,-3.417010,8.808436,-7.261511,-1.645136,0.253841,5.153045,-25.690149,7.678736,29.529043,-3.417010,8.808436,-7.261511,-1.645136,0.253841,87.000000,87.000000,87.000000,87.000000,12.000000,12.000000,12.000000,200.000000,200.000000,0.000000,0.000000,0.000000,0.000000,0.000000,0.000000,0.000000,0.000000,0.000000
235,1.310148,0.494170,-0.976924,1.157130,-0.184498,-2.319357,3.918622,0.724708,-0.331556,-0.544065,-2.311489,-0.231902,2.069514,2.512625,0.000622,0.000040,-1.265752,0.241612,1.160710,0.131322,2.631558,-2.612201,2.610126,0.002988,-0.004057,-12.757186,7.156913,4.339363,-13.078857,0.547485,-0.081954,0.003662,-0.110386,0.001405,-2.952965,0.550622,1.571522,5.091323,4.155778,-8.408236,8.054539,-1.717689,0.221919,-2.952965,0.550622,1.571522,5.091323,4.155778,-8.408236,8.054539,-1.717689,0.221919,87.000000,87.000000,87.000000,87.000000,12.000000,12.000000,12.000000,200.000000,200.000000,0.000000,0.000000,0.000000,0.000000,0.000000,0.000000,0.000000,0.000000,0.000000
236,1.615058,-0.177663,-0.995548,1.930978,-0.748339,-1.401174,2.976044,0.744219,-0.330391,-0.559797,-2.312474,-0.287767,2.142341,2.425653,0.000808,0.000000,0.945247,-0.018573,-0.698523,0.405264,-2.132226,2.601182,-2.609647,0.002127,-0.002546,7.560238,-1.483831,-4.254445,15.098570,21.137594,19.553904,0.029640,0.258696,-0.070412,3.104621,-26.225655,6.416155,36.991333,-0.133538,9.896209,-8.769566,-1.392985,0.137270,3.104621,-26.225655,6.416155,36.991333,-0.133538,9.896209,-8.769566,-1.392985,0.137270,87.000000,87.000000,87.000000,87.000000,12.000000,12.000000,12.000000,200.000000,200.000000,0.000000,0.000000,0.000000,0.000000,0.000000,0.000000,0.000000,0.000000,0.000000
237,1.243963,0.254936,-1.049161,1.117247,-0.252434,-2.140399,3.897353,0.722397,-0.328578,-0.538891,-2.307564,-0.230704,2.079541,2.512604,0.000590,0.000063,-1.088290,0.002982,0.946655,-0.007541,2.263813,-2.519262,2.610170,0.003285,-0.004327,-10.606838,-4.104564,2.123394,-22.787550,-10.379004,5.129485,0.038981,0.171748,-0.152465,-5.759915,-9.263728,-1.293220,2.986931,1.792711,-1.950897,7.207469,-1.228181,-0.043981,-5.759915,-9.263728,-1.293220,2.986931,1.792711,-1.950897,7.207469,-1.228181,-0.043981,87.000000,87.000000,87.000000,87.000000,12.000000,12.000000,12.000000,200.000000,200.000000,0.000000,0.000000,0.000000,0.000000,0.000000,0.000000,0.000000,0.000000,0.000000
238,1.656828,-0.078898,-0.990318,1.728720,-0.808183,-1.671525,2.954956,0.746061,-0.334853,-0.558734,-2.312690,-0.297253,2.105972,2.425625,0.000717,0.000000,1.022393,-0.243144,-0.768911,0.153379,-2.451540,1.118594,-2.609831,0.001179,-0.003365,8.845474,-1.879028,-3.555193,9.709721,0.774164,2.689984,-0.016708,-0.112512,-0.133069,4.490740,-21.349882,6.776442,29.259264,-2.041101,5.116388,-9.613363,-1.756082,0.114712,4.490740,-21.349882,6.776442,29.259264,-2.041101,5.116388,-9.613363,-1.756082,0.114712,87.000000,87.000000,87.000000,87.000000,12.000000,12.000000,12.000000,200.000000,200.000000,0.000000,0.000000,0.000000,0.000000,0.000000,0.000000,0.000000,0.000000,0.000000
239,1.243539,0.321947,-1.050596,1.252688,-0.191591,-2.067962,3.921900,0.722878,-0.335349,-0.540265,-2.317999,-0.228216,2.066016,2.512597,0.000621,0.000000,-1.127338,0.072690,0.848264,-0.115395,2.642214,-1.670819,2.610241,0.004540,-0.004967,-11.817737,4.542920,2.259571,-9.620296,2.325425,4.644892,0.030584,0.196958,-0.071840,-5.770550,-5.737947,-0.976543,10.271564,3.675539,-0.205342,8.189253,-1.314834,0.331314,-5.770550,-5.737947,-0.976543,10.271564,3.675539,-0.205342,8.189253,-1.314834,0.331314,87.000000,87.000000,87.000000,87.000000,12.000000,12.000000,12.000000,200.000000,200.000000,0.000000,0.000000,0.000000,0.000000,0.000000,0.000000,0.000000,0.000000,0.000000
240,1.652977,-0.100000,-0.995120,1.827416,-0.824998,-1.622953,2.967920,0.746263,-0.338088,-0.563291,-2.320484,-0.295131,2.108666,2.425618,0.000752,0.000000,1.014842,-0.106796,-0.858280,0.349871,-2.511056,1.451651,-2.609806,0.000441,-0.003007,9.278071,-0.018244,-3.712002,17.004532,-3.229065,-6.208634,-0.015235,-0.235897,0.022269,4.365597,-22.190123,7.173301,33.724598,-2.914769,5.448283,-9.094207,-1.989055,0.337793,4.365597,-22.190123,7.173301,33.724598,-2.914769,5.448283,-9.094207,-1.989055,0.337793,87.000000,87.000000,87.000000,87.000000,12.000000,12.000000,12.000000,200.000000,200.000000,0.000000,0.000000,0.000000,0.000000,0.000000,0.000000,0.000000,0.000000,0.000000
241,1.283771,0.242003,-1.025907,1.272283,-0.248608,-1.928710,3.892742,0.724408,-0.336415,-0.548217,-2.322374,-0.232893,2.098904,2.512593,0.000650,0.000000,-1.056776,0.081122,0.770219,-0.009342,2.277364,-0.914499,2.610173,0.003668,-0.005385,-8.634760,0.843622,3.392915,-7.810557,-19.076628,-13.702321,0.031271,0.196594,-0.122440,-4.280641,-9.086403,0.916218,11.223609,1.572474,-0.332180,7.023494,-1.322625,0.313782,-4.280641,-9.086403,0.916218,11.223609,1.572474,-0.332180,7.023494,-1.322625,0.313782,87.000000,87.000000,87.000000,87.000000,12.000000,12.000000,12.000000,200.000000,200.000000,0.000000,0.000000,0.000000,0.000000,0.000000,0.000000,0.000000,0.000000,0.000000
242,-0.489895,2.281480,-0.523314,0.322410,0.363230,0.593914,1.125111,0.634640,-0.299054,-0.481332,-2.351836,-0.145614,2.185845,2.425599,0.000513,0.000011,-2.615607,1.870372,1.992273,-0.824403,2.553392,2.606998,-2.609857,-0.009832,0.000647,4.400138,42.083214,0.167613,-5.848299,-0.193620,0.032687,0.001516,-0.606235,0.254230,-63.146801,66.970169,12.294796,-22.084589,12.000000,12.000000,-12.000000,-1.446673,0.358991,-63.146801,66.970169,12.294796,-22.084589,19.340223,84.902267,-82.804138,-1.446673,0.358991,87.000000,87.000000,87.000000,87.000000,12.000000,12.000000,12.000000,200.000000,200.000000,0.000000,0.000000,0.000000,0.000000,0.000000,0.000000,0.000000,0.000000,0.000000
243,-0.126412,1.420447,-0.089299,0.963830,-0.101989,0.891771,0.749350,0.550253,-0.232307,-0.409273,-2.373671,-0.098883,2.260871,2.339617,0.000284,0.000004,-2.397280,2.194243,2.163225,-0.400448,0.943042,1.935505,-2.519498,-0.005649,0.000482,8.491000,4.369754,-0.020771,3.752673,-23.757128,11.984352,-3.213701,0.114964,0.020843,-42.188541,24.199142,23.401558,4.740211,-0.014530,12.000000,-12.000000,0.026212,-0.044155,-42.188541,24.199142,23.401558,4.740211,-0.014530,93.873932,-91.500282,0.026212,-0.044155,87.000000,87.000000,87.000000,87.000000,12.000000,12.000000,12.000000,200.000000,200.000000,0.000000,0.000000,0.000000,0.000000,0.000000,0.000000,0.000000,0.000000,0.000000
244,-0.336793,0.887155,0.223228,1.413277,-0.401227,1.169636,-0.174569,0.475477,-0.159041,-0.338295,-2.376271,-0.147228,2.316976,2.254547,0.000359,0.000000,-2.178388,2.208604,2.146657,0.313818,-1.524144,0.802200,-2.610741,0.006516,-0.003124,5.112962,-0.305128,0.341334,6.684367,25.210775,21.469624,-16.101622,0.647140,-0.312806,-45.401703,-3.217953,30.288425,21.041529,1.452610,12.000000,-12.000000,-0.004170,-0.235794,-45.401703,-3.217953,30.288425,21.041529,1.452610,104.980789,-122.174515,-0.004170,-0.235794,87.000000,87.000000,87.000000,87.000000,12.000000,12.000000,12.000000,200.000000,200.000000,0.000000,0.000000,0.000000,0.000000,0.000000,0.000000,0.000000,0.000000,0.000000
245,-0.425736,0.728975,0.417184,1.411303,-0.863374,0.833612,-1.050749,0.404890,-0.085642,-0.266854,-2.368165,-0.231674,2.378316,2.167941,0.000584,0.000000,-2.076900,2.173265,2.151676,0.560399,-2.608470,0.955988,-2.584640,0.007031,-0.007098,2.969942,-1.869578,0.254760,4.925399,0.010757,4.599595,0.118861,0.195895,-0.172010,-43.711124,-15.400370,32.312683,19.588572,-8.959602,12.000000,-12.000000,-1.258032,0.423111,-43.711124,-15.400370,32.312683,19.588572,-8.959602,84.997795,-149.302505,-1.258032,0.423111,87.000000,87.000000,87.000000,87.000000,12.000000,12.000000,12.000000,200.000000,200.000000,0.000000,0.000000,0.000000,0.000000,0.000000,0.000000,0.000000,0.000000,0.000000
246,-0.496794,0.590308,0.782841,1.380052,-1.334242,0.394753,-2.076713,0.336652,-0.015575,-0.194857,-2.357957,-0.316623,2.449229,2.082268,0.000741,0.000000,-2.013978,1.969711,2.165570,0.476890,-2.608041,1.380887,-2.547468,0.002317,-0.004819,1.519432,-4.002649,0.453215,-0.037819,0.005107,1.811278,-0.291982,-0.132831,0.070959,-41.358902,-26.035423,41.154461,17.552427,-12.000000,12.000000,-12.000000,-1.826329,0.600120,-41.358902,-26.035423,41.154461,17.552427,-21.014618,60.255028,-183.628128,-1.826329,0.600120,87.000000,87.000000,87.000000,87.000000,12.000000,12.000000,12.000000,200.000000,200.000000,0.000000,0.000000,0.000000,0.000000,0.000000,0.000000,0.000000,0.000000,0.000000
247,-0.721419,0.475762,0.977333,1.409470,-1.741164,0.121503,-2.924795,0.269589,0.048085,-0.122501,-2.349240,-0.401567,2.525006,1.996348,0.000771,0.000000,-1.994475,1.674674,2.183241,0.350585,-2.607488,1.565676,-2.549683,-0.000766,-0.001381,0.389378,-9.168948,0.547042,-3.683463,0.004063,0.152056,-0.078664,-0.065503,0.131870,-45.095493,-35.192493,43.094757,18.187414,-12.000000,12.000000,-12.000000,-1.568858,0.357877,-45.095493,-35.192493,43.094757,18.187414,-30.492779,42.599724,-210.663422,-1.568858,0.357877,87.000000,87.000000,87.000000,87.000000,12.000000,12.000000,12.000000,200.000000,200.000000,0.000000,0.000000,0.000000,0.000000,0.000000,0.000000,0.000000,0.000000,0.000000
248,-0.996455,0.302924,1.098029,1.570259,-1.911201,-0.257283,-3.570716,0.202534,0.100480,-0.050193,-2.342777,-0.485186,2.611156,1.910419,0.000784,0.000000,-2.023431,1.280089,2.169122,0.247296,-2.514245,2.608214,-2.563987,0.001710,-0.001834,0.264502,-12.315988,-1.557140,-2.558440,5.326123,20.794342,-5.082521,0.259284,0.018308,-50.638584,-45.419380,42.049900,24.535881,-12.000000,12.000000,-12.000000,-1.298161,0.213910,-50.638584,-45.419380,42.049900,24.535881,-30.572781,18.207308,-229.917908,-1.298161,0.213910,87.000000,87.000000,87.000000,87.000000,12.000000,12.000000,12.000000,200.000000,200.000000,0.000000,0.000000,0.000000,0.000000,0.000000,0.000000,0.000000,0.000000,0.000000
249,-1.142089,0.489534,1.146257,1.315992,-1.987645,-0.789448,-3.886143,0.136836,0.138276,0.022964,-2.336180,-0.572255,2.625169,1.823362,0.000653,0.000066,-1.953320,0.811007,2.168251,0.084568,-2.557120,-0.101514,-2.610321,-0.002260,0.002613,-0.545769,-13.238592,-0.664344,-12.767214,1.335754,-12.095989,0.027008,-0.235839,0.267301,-51.451408,-39.767586,38.198517,13.701784,-12.000000,1.022518,-12.000000,-1.621601,0.157209,-51.451408,-39.767586,38.198517,13.701784,-26.840183,1.022518,-235.072693,-1.621601,0.157209,87.000000,87.000000,87.000000,87.000000,12.000000,12.000000,12.000000,200.000000,200.000000,0.000000,0.000000,0.000000,0.000000,0.000000,0.000000,0.000000,0.000000,0.000000
250,-1.334029,0.549138,1.139276,1.524914,-1.776116,-0.480557,-4.004875,0.068491,0.168136,0.094589,-2.339385,-0.655886,2.688829,1.738726,0.000645,0.000039,-2.074788,0.710511,2.169684,0.043731,-2.550274,1.651804,-2.529683,0.001552,-0.002006,0.153208,-4.381381,0.414033,7.167657,-1.198754,-29.010471,-7.481374,0.245481,-0.299728,-53.313255,-38.980503,32.251312,23.570896,-11.853670,2.713655,-12.000000,-1.031829,-0.444776,-53.313255,-38.980503,32.251312,23.570896,-11.853670,2.713655,-233.825531,-1.031829,-0.444776,87.000000,87.000000,87.000000,87.000000,12.000000,12.000000,12.000000,200.000000,200.000000,0.000000,0.000000,0.000000,0.000000,0.000000,0.000000,0.000000,0.000000,0.000000
251,-1.357057,0.591003,1.191024,1.403328,-1.760383,-0.852742,-4.167387,0.002385,0.189874,0.167920,-2.333929,-0.742923,2.649437,1.651683,0.000484,0.000174,-1.966134,0.397300,2.144684,0.124267,-2.539921,-1.392396,-2.605541,-0.004107,0.006004,-2.136290,-7.814900,-1.387553,-8.191616,1.655617,14.799220,0.306115,-0.363574,0.456078,-49.344479,-38.406334,28.411171,17.178871,-4.117607,1.489022,-12.000000,-1.356625,0.020348,-49.344479,-38.406334,28.411171,17.178871,-4.117607,1.489022,-232.587219,-1.356625,0.020348,87.000000,87.000000,87.000000,87.000000,12.000000,12.000000,12.000000,200.000000,200.000000,0.000000,0.000000,0.000000,0.000000,0.000000,0.000000,0.000000,0.000000,0.000000
252,-1.597030,0.601456,0.980838,1.732435,-1.606956,-0.656156,-4.144918,-0.065547,0.208811,0.238724,-2.329491,-0.783601,2.657111,1.564690,0.000389,0.000177,-2.069783,0.450348,2.141358,0.380234,-0.803382,0.334376,-2.610559,-0.003140,-0.001307,-0.740747,0.391307,0.377483,13.649940,20.636127,-0.210310,-0.031829,-0.014979,-0.313095,-53.170433,-39.167538,14.455280,30.556053,1.728944,3.349061,-12.000000,-0.620212,-0.804847,-53.170433,-39.167538,14.455280,30.556053,1.728944,3.349061,-224.732620,-0.620212,-0.804847,87.000000,87.000000,87.000000,87.000000,12.000000,12.000000,12.000000,200.000000,200.000000,0.000000,0.000000,0.000000,0.000000,0.000000,0.000000,0.000000,0.000000,0.000000
253,-1.573814,0.702793,1.189651,1.524986,-1.591169,-0.824855,-4.367452,-0.133992,0.225525,0.311000,-2.315678,-0.797056,2.633750,1.477647,0.000226,0.000166,-2.057081,0.300120,2.137443,0.444618,-0.162440,-0.751891,-2.610640,-0.004469,0.000610,-2.002744,-4.311084,-0.763063,-1.963069,11.863712,9.415318,0.008554,-0.124443,0.138516,-46.863037,-36.317444,16.966364,20.094362,1.241548,1.854495,-12.000000,-0.380790,-0.154787,-46.863037,-36.317444,16.966364,20.094362,1.241548,1.854495,-226.667709,-0.380790,-0.154787,87.000000,87.000000,87.000000,87.000000,12.000000,12.000000,12.000000,200.000000,200.000000,0.000000,0.000000,0.000000,0.000000,0.000000,0.000000,0.000000,0.000000,0.000000
254,-1.732763,0.661414,1.084111,1.547644,-1.611676,-0.628733,-4.493815,-0.205695,0.237347,0.381580,-2.306825,-0.804214,2.659888,1.392550,0.000181,0.000097,-2.182462,0.131180,2.141623,0.306018,-0.244605,0.771937,-2.573679,-0.000187,-0.001999,-0.214233,-5.918818,0.637178,0.403833,0.167385,-9.605648,-9.431519,0.214634,-0.146956,-47.056541,-38.554615,7.172842,20.794733,0.511233,2.511938,-12.000000,-0.001490,-0.324970,-47.056541,-38.554615,7.172842,20.794733,0.511233,2.511938,-225.659439,-0.001490,-0.324970,87.000000,87.000000,87.000000,87.000000,12.000000,12.000000,12.000000,200.000000,200.000000,0.000000,0.000000,0.000000,0.000000,0.000000,0.000000,0.000000,0.000000,0.000000
255,-1.711056,0.851380,1.063705,1.401667,-1.654570,-1.148972,-4.531870,-0.274391,0.242627,0.454275,-2.292419,-0.821570,2.579319,1.305506,0.000065,0.000192,-1.962394,-0.065125,2.016699,0.351428,-0.253299,-2.607352,-2.611360,-0.004182,0.005946,3.353419,-5.301857,-8.010205,-8.877884,12.799933,0.104771,-0.029168,-0.377331,0.461433,-41.090435,-30.818777,0.407422,13.158050,0.949320,-2.386369,-12.000000,-0.486667,-0.043246,-41.090435,-30.818777,0.407422,13.158050,0.949320,-2.386369,-219.473267,-0.486667,-0.043246,87.000000,87.000000,87.000000,87.000000,12.000000,12.000000,12.000000,200.000000,200.000000,0.000000,0.000000,0.000000,0.000000,0.000000,0.000000,0.000000,0.000000,0.000000
256,-1.892796,0.825589,0.981172,1.620662,-1.400255,-0.479723,-4.549865,-0.332598,0.244490,0.498118,-2.295954,-0.768435,2.654797,1.221116,0.000044,0.000184,-1.762236,-0.067279,1.202327,0.064300,1.213949,2.496041,-2.346947,-0.000786,0.000487,2.651589,0.433407,-9.073026,10.417298,-33.750412,-7.139353,3.460221,0.315210,-0.353262,-44.248825,-31.668633,-4.318860,24.058140,0.285558,4.382353,-12.000000,0.475303,-1.022274,-44.248825,-31.668633,-4.318860,24.058140,0.285558,4.382353,-214.133942,0.475303,-1.022274,87.000000,87.000000,87.000000,87.000000,12.000000,12.000000,12.000000,200.000000,200.000000,0.000000,0.000000,0.000000,0.000000,0.000000,0.000000,0.000000,0.000000,0.000000
257,-1.627475,1.042388,1.229684,1.243822,-1.684767,-1.417001,-4.838176,-0.402850,0.245862,0.559436,-2.283611,-0.804401,2.572768,1.135525,0.000000,0.000267,-1.981049,-0.163627,1.630902,0.197614,-0.890847,-2.609550,-2.611147,-0.002689,0.005556,4.765877,-4.249588,-10.202071,-15.585323,18.372805,-0.069695,-2.897329,-0.274454,0.514251,-27.315399,-23.117489,-0.485948,6.163400,0.342738,-12.000000,-12.000000,-0.251229,-0.080263,-27.315399,-23.117489,-0.485948,6.163400,0.342738,-12.588413,-218.318665,-0.251229,-0.080263,87.000000,87.000000,87.000000,87.000000,12.000000,12.000000,12.000000,200.000000,200.000000,0.000000,0.000000,0.000000,0.000000,0.000000,0.000000,0.000000,0.000000,0.000000
258,-1.688677,0.929576,1.191125,1.700630,-1.328316,-0.684362,-4.648262,-0.463237,0.246454,0.596130,-2.287209,-0.746558,2.610772,1.050534,0.000008,0.000249,-1.818298,-0.036750,1.012780,0.165004,1.485259,1.241060,-2.330584,0.000514,-0.001336,1.912472,4.915786,-6.138160,17.520645,-36.226292,-16.451260,13.099364,0.350985,-0.469735,-25.534256,-27.493000,-3.085721,26.686386,0.545032,2.582140,-12.000000,0.533551,-1.222844,-25.534256,-27.493000,-3.085721,26.686386,0.545032,2.582140,-203.833588,0.533551,-1.222844,87.000000,87.000000,87.000000,87.000000,12.000000,12.000000,12.000000,200.000000,200.000000,0.000000,0.000000,0.000000,0.000000,0.000000,0.000000,0.000000,0.000000,0.000000
259,-1.485326,1.055247,1.318803,1.336176,-1.672318,-1.129368,-4.958075,-0.529585,0.249659,0.639632,-2.273597,-0.787844,2.547486,0.966201,0.000000,0.000283,-1.921368,-0.103154,1.114106,0.270278,-1.098290,-1.798141,-2.611180,-0.002530,0.004385,2.896621,-4.204216,-11.874325,-16.003855,25.831209,33.086475,-13.301453,-0.173496,0.449834,-11.739590,-23.066071,-2.071748,8.831367,0.508950,0.704366,-12.000000,-0.047679,-0.152662,-11.739590,-23.066071,-2.071748,8.831367,0.508950,0.704366,-210.261917,-0.047679,-0.152662,87.000000,87.000000,87.000000,87.000000,12.000000,12.000000,12.000000,200.000000,200.000000,0.000000,0.000000,0.000000,0.000000,0.000000,0.000000,0.000000,0.000000,0.000000
260,-1.432784,0.998055,1.466128,1.590287,-1.350238,-0.600226,-4.907814,-0.595765,0.251940,0.669808,-2.279588,-0.741001,2.617884,0.881004,0.000006,0.000229,-1.981903,0.003496,0.892602,0.022141,1.185487,2.032975,-2.367445,0.000354,-0.001246,7.600750,4.321933,-6.081197,13.797866,-32.228127,-32.325779,10.169291,0.257055,-0.337714,-3.908682,-25.328041,2.323743,21.837172,0.234606,2.313298,-12.000000,0.373999,-0.972228,-3.908682,-25.328041,2.323743,21.837172,0.234606,2.313298,-200.721588,0.373999,-0.972228,87.000000,87.000000,87.000000,87.000000,12.000000,12.000000,12.000000,200.000000,200.000000,0.000000,0.000000,0.000000,0.000000,0.000000,0.000000,0.000000,0.000000,0.000000
261,-1.250470,0.978829,1.630358,1.341114,-1.630147,-1.147448,-5.180200,-0.648907,0.253510,0.695865,-2.267594,-0.776791,2.547853,0.795314,0.000000,0.000278,-1.175974,-0.218847,0.356521,0.248461,-0.830474,-2.157883,-2.610576,-0.003785,0.005682,29.361904,-8.579831,-31.069408,-14.035451,26.162876,27.082943,-3.248362,-0.257000,0.508586,6.865350,-26.387730,6.662873,8.729372,0.611054,0.539638,-12.000000,-0.066116,-0.127717,6.865350,-26.387730,6.662873,8.729372,0.611054,0.539638,-204.807373,-0.066116,-0.127717,87.000000,87.000000,87.000000,87.000000,12.000000,12.000000,12.000000,200.000000,200.000000,0.000000,0.000000,0.000000,0.000000,0.000000,0.000000,0.000000,0.000000,0.000000
262,-1.438895,0.976887,1.525440,1.699037,-1.252491,-0.801393,-4.984385,-0.681054,0.251576,0.695301,-2.268176,-0.713553,2.569703,0.710468,0.000001,0.000253,-1.032510,-0.094338,0.086405,0.231969,1.688428,0.706722,-2.285271,0.000066,-0.001415,3.275699,5.662399,0.012019,15.478340,-35.809719,-10.556595,17.081249,0.318006,-0.402303,-0.044949,-25.826540,5.078876,24.804319,0.425341,2.930271,-12.000000,0.523373,-1.128617,-0.044949,-25.826540,5.078876,24.804319,0.425341,2.930271,-189.970291,0.523373,-1.128617,87.000000,87.000000,87.000000,87.000000,12.000000,12.000000,12.000000,200.000000,200.000000,0.000000,0.000000,0.000000,0.000000,0.000000,0.000000,0.000000,0.000000,0.000000
263,-1.237553,1.060240,1.636925,1.344373,-1.520889,-1.057933,-5.240040,-0.705311,0.252175,0.693772,-2.256868,-0.732243,2.536184,0.627006,0.000000,0.000209,-0.609488,-0.147701,-0.105824,0.245384,-0.594183,-0.990474,-2.610337,-0.001002,0.001458,10.905975,-2.757692,-7.800345,-11.941673,11.712934,16.750858,-24.308037,-0.059854,0.235321,9.304853,-22.888680,9.671186,8.115216,-0.040513,1.421528,-12.000000,0.000435,-0.170367,9.304853,-22.888680,9.671186,8.115216,-0.040513,1.421528,-195.140671,0.000435,-0.170367,87.000000,87.000000,87.000000,87.000000,12.000000,12.000000,12.000000,200.000000,200.000000,0.000000,0.000000,0.000000,0.000000,0.000000,0.000000,0.000000,0.000000,0.000000
264,-1.201575,1.052812,1.736874,1.547841,-1.232138,-0.684846,-5.152842,-0.725514,0.254359,0.691057,-2.260845,-0.681588,2.592415,0.542968,0.000021,0.000163,-0.682677,0.058062,0.179106,0.058781,1.283478,1.496915,-2.223604,0.000099,-0.001471,4.540611,7.042035,8.054070,10.503759,-31.341339,-26.560247,15.068449,0.125977,-0.258671,12.132605,-23.341997,14.099619,18.337860,0.007919,2.774397,-12.000000,0.177662,-0.698021,12.132605,-23.341997,14.099619,18.337860,0.007919,2.774397,-183.653748,0.177662,-0.698021,87.000000,87.000000,87.000000,87.000000,12.000000,12.000000,12.000000,200.000000,200.000000,0.000000,0.000000,0.000000,0.000000,0.000000,0.000000,0.000000,0.000000,0.000000
265,-1.274057,1.058634,1.623352,1.299444,-1.391272,-1.277530,-5.229886,-0.735837,0.257451,0.693480,-2.251909,-0.689386,2.513566,0.456009,0.000000,0.000208,-0.139228,-0.122144,-0.050168,0.131798,-0.118218,-2.610229,-2.610263,-0.004567,0.006599,10.793404,-5.400691,-8.108291,-14.171896,7.690701,0.043030,0.005651,-0.343719,0.497046,9.035634,-23.597593,8.979496,6.101983,0.202919,-2.259595,-12.000000,-0.222151,-0.067283,9.035634,-23.597593,8.979496,6.101983,0.202919,-2.259595,-179.433792,-0.222151,-0.067283,87.000000,87.000000,87.000000,87.000000,12.000000,12.000000,12.000000,200.000000,200.000000,0.000000,0.000000,0.000000,0.000000,0.000000,0.000000,0.000000,0.000000,0.000000
266,-1.511412,0.762791,1.517073,1.884272,-0.974288,-0.385610,-5.015827,-0.739147,0.255780,0.681491,-2.262921,-0.602878,2.594738,0.371896,0.000000,0.000271,-0.363407,-0.129601,-0.044824,-0.020199,2.297648,2.607605,-2.281558,-0.000059,-0.000936,-3.209803,1.606412,5.229898,14.869558,-19.599436,26.453117,9.620131,0.267953,-0.441913,-0.435706,-34.873486,6.476012,32.389694,2.172162,12.000000,-12.000000,0.452528,-1.254657,-0.435706,-34.873486,6.476012,32.389694,2.172162,14.767991,-164.666016,0.452528,-1.254657,87.000000,87.000000,87.000000,87.000000,12.000000,12.000000,12.000000,200.000000,200.000000,0.000000,0.000000,0.000000,0.000000,0.000000,0.000000,0.000000,0.000000,0.000000
267,-1.454381,0.975432,1.504425,1.380706,-1.342456,-1.457313,-5.239256,-0.748920,0.252752,0.685516,-2.248333,-0.634433,2.513874,0.285546,0.000000,0.000304,-0.201574,-0.337738,0.008694,0.300750,-0.830892,-2.611998,-2.610440,-0.004922,0.007634,6.351959,-7.521750,-7.428831,-14.477274,17.006126,-0.072598,-1.733308,-0.272408,0.584951,2.765181,-26.093307,4.763314,8.597670,0.158442,-9.480346,-12.000000,0.023780,-0.189559,2.765181,-26.093307,4.763314,8.597670,0.158442,-9.480346,-166.287338,0.023780,-0.189559,87.000000,87.000000,87.000000,87.000000,12.000000,12.000000,12.000000,200.000000,200.000000,0.000000,0.000000,0.000000,0.000000,0.000000,0.000000,0.000000,0.000000,0.000000
268,-1.432852,1.042052,1.497289,1.741142,-0.878864,-0.553787,-4.978031,-0.746370,0.249462,0.670611,-2.255556,-0.551174,2.592952,0.201828,0.000000,0.000322,-0.131744,-0.021936,-0.136184,0.069982,2.244148,2.564673,-2.249984,-0.000286,-0.003412,-5.358678,12.607849,13.414744,16.611671,-29.596308,-2.575650,11.940578,0.291338,-0.612925,2.521371,-22.847691,7.313740,25.958019,1.313540,6.412496,-12.000000,0.514160,-1.486208,2.521371,-22.847691,7.313740,25.958019,1.313540,6.412496,-149.507965,0.514160,-1.486208,87.000000,87.000000,87.000000,87.000000,12.000000,12.000000,12.000000,200.000000,200.000000,0.000000,0.000000,0.000000,0.000000,0.000000,0.000000,0.000000,0.000000,0.000000
269,-1.311193,1.135354,1.550960,1.198728,-1.290586,-1.448873,-5.257856,-0.749264,0.251428,0.673284,-2.241764,-0.592690,2.512647,0.116130,0.000000,0.000308,-0.008497,-0.145447,0.035837,0.164230,-1.090008,-2.610593,-2.609564,-0.004905,0.008375,6.141482,-5.060953,-3.666582,-21.960220,21.731636,-0.060897,-6.421151,-0.296945,0.761554,7.983224,-19.965031,7.758414,0.726088,-0.145898,-9.046324,-12.000000,-0.088363,0.034635,7.983224,-19.965031,7.758414,0.726088,-0.145898,-9.046324,-153.792999,-0.088363,0.034635,87.000000,87.000000,87.000000,87.000000,12.000000,12.000000,12.000000,200.000000,200.000000,0.000000,0.000000,0.000000,0.000000,0.000000,0.000000,0.000000,0.000000,0.000000
270,-1.563201,0.873851,1.265822,1.845265,-0.756667,-0.526465,-4.832134,-0.729548,0.249109,0.644179,-2.253989,-0.506122,2.592969,0.029481,0.000008,0.000346,0.308924,-0.090261,-0.588572,-0.083450,2.523771,2.604337,-2.496198,0.000486,-0.004526,-14.873192,6.832503,16.739777,15.875027,-13.199042,-0.021544,6.972470,0.346370,-0.723580,-5.757605,-29.697670,1.566888,30.369349,2.815510,7.519352,-12.000000,0.528668,-1.646876,-5.757605,-29.697670,1.566888,30.369349,2.815510,7.519352,-129.361908,0.528668,-1.646876,87.000000,87.000000,87.000000,87.000000,12.000000,12.000000,12.000000,200.000000,200.000000,0.000000,0.000000,0.000000,0.000000,0.000000,0.000000,0.000000,0.000000,0.000000
271,-1.420819,1.007268,1.520141,1.352109,-1.150346,-1.388672,-5.217663,-0.744557,0.250571,0.659330,-2.242920,-0.536926,2.513418,-0.057253,0.000001,0.000288,-0.445069,-0.172114,0.462390,0.181179,-0.835167,-2.611814,-2.610125,-0.004550,0.007052,8.490170,-6.521557,-8.130911,-15.179806,16.081079,-0.077519,-0.551834,-0.216490,0.672293,4.494880,-25.028917,6.275363,7.297608,-0.005121,-6.697402,-12.000000,-0.039132,0.009957,4.494880,-25.028917,6.275363,7.297608,-0.005121,-6.697402,-137.922043,-0.039132,0.009957,87.000000,87.000000,87.000000,87.000000,12.000000,12.000000,12.000000,200.000000,200.000000,0.000000,0.000000,0.000000,0.000000,0.000000,0.000000,0.000000,0.000000,0.000000
272,-1.466843,0.963379,1.357516,1.789349,-0.716944,-0.581830,-4.878334,-0.733636,0.249633,0.641485,-2.253151,-0.458723,2.590333,-0.142288,0.000009,0.000318,0.170922,-0.002379,-0.328257,0.015773,1.957305,2.362083,-2.336725,0.000570,-0.004659,-8.034981,9.814124,12.979323,19.635937,-43.711037,-14.517745,10.646810,0.252400,-0.612440,-0.806553,-26.224276,4.520561,28.015495,0.280354,5.424807,-12.000000,0.363698,-1.377391,-0.806553,-26.224276,4.520561,28.015495,0.280354,5.424807,-117.780647,0.363698,-1.377391,87.000000,87.000000,87.000000,87.000000,12.000000,12.000000,12.000000,200.000000,200.000000,0.000000,0.000000,0.000000,0.000000,0.000000,0.000000,0.000000,0.000000,0.000000
273,-1.421633,0.950633,1.391925,1.375355,-1.055293,-1.471043,-5.136297,-0.732606,0.249705,0.640027,-2.239783,-0.491333,2.509530,-0.229249,0.000033,0.000259,-0.002463,-0.251879,-0.031080,0.216488,-0.800313,-2.611926,-2.610041,-0.004524,0.007534,0.393881,-8.274536,-1.512962,-17.156422,18.103786,-0.004420,0.001688,-0.265974,0.703450,1.875911,-27.114534,4.371423,7.770083,0.180367,-9.675538,-12.000000,-0.186230,0.090459,1.875911,-27.114534,4.371423,7.770083,0.180367,-9.675538,-120.871307,-0.186230,0.090459,87.000000,87.000000,87.000000,87.000000,12.000000,12.000000,12.000000,200.000000,200.000000,0.000000,0.000000,0.000000,0.000000,0.000000,0.000000,0.000000,0.000000,0.000000
274,-1.580906,0.870317,1.313809,1.851007,-0.550767,-0.513032,-4.870156,-0.732008,0.247203,0.632540,-2.251412,-0.403473,2.589370,-0.315970,0.000013,0.000309,-0.190428,-0.084962,-0.003331,-0.052239,2.536049,2.602102,-2.514799,0.000783,-0.003652,-4.917679,6.830604,6.870085,17.163656,-12.867579,-0.018282,5.788264,0.227669,-0.533200,-4.377925,-29.700401,2.303633,30.385469,2.819051,8.351418,-12.000000,0.301159,-1.306623,-4.377925,-29.700401,2.303633,30.385469,2.819051,8.351418,-103.257149,0.301159,-1.306623,87.000000,87.000000,87.000000,87.000000,12.000000,12.000000,12.000000,200.000000,200.000000,0.000000,0.000000,0.000000,0.000000,0.000000,0.000000,0.000000,0.000000,0.000000
275,-1.453388,0.992672,1.439876,1.320685,-1.006061,-1.525683,-5.164990,-0.745854,0.245641,0.644292,-2.238390,-0.448095,2.508247,-0.402492,0.000048,0.000264,-0.372650,-0.291849,0.292614,0.182485,-1.188491,-2.611490,-2.609941,-0.004207,0.007928,7.034388,-7.992503,-7.715218,-18.845539,22.644667,-0.104771,-1.902451,-0.216994,0.665460,3.021058,-24.984964,4.744873,5.465894,-0.032107,-11.765693,-12.000000,-0.156907,-0.008420,3.021058,-24.984964,4.744873,5.465894,-0.032107,-11.765693,-108.287155,-0.156907,-0.008420,87.000000,87.000000,87.000000,87.000000,12.000000,12.000000,12.000000,200.000000,200.000000,0.000000,0.000000,0.000000,0.000000,0.000000,0.000000,0.000000,0.000000,0.000000
276,-1.516062,1.006012,1.342472,1.702331,-0.507125,-0.676276,-4.872557,-0.743767,0.242086,0.635308,-2.251906,-0.366699,2.573877,-0.488785,0.000014,0.000303,-0.066955,-0.076565,-0.093654,-0.122135,2.206967,1.871322,-2.454420,0.000837,-0.004828,-4.842067,9.962477,9.672891,18.269054,-31.632870,-31.348541,8.415197,0.202546,-0.607875,-1.160253,-23.708548,3.613192,24.713528,1.393845,3.379084,-12.000000,0.253849,-1.335962,-1.160253,-23.708548,3.613192,24.713528,1.393845,3.379084,-89.569611,0.253849,-1.335962,87.000000,87.000000,87.000000,87.000000,12.000000,12.000000,12.000000,200.000000,200.000000,0.000000,0.000000,0.000000,0.000000,0.000000,0.000000,0.000000,0.000000,0.000000
277,-1.488764,0.935181,1.312864,1.438331,-0.875944,-1.514897,-5.072026,-0.741102,0.239979,0.628396,-2.240663,-0.399996,2.491997,-0.575782,0.000066,0.000236,0.030651,-0.280178,-0.191500,0.219690,-0.870334,-2.612583,-2.610014,-0.002851,0.006559,-2.321623,-5.900421,0.882654,-13.065283,17.832598,-0.023174,0.001230,-0.118876,0.592924,-0.375044,-26.744583,2.707391,10.583615,0.208438,-10.025664,-12.000000,-0.121943,0.020363,-0.375044,-26.744583,2.707391,10.583615,0.208438,-10.025664,-90.578613,-0.121943,0.020363,87.000000,87.000000,87.000000,87.000000,12.000000,12.000000,12.000000,200.000000,200.000000,0.000000,0.000000,0.000000,0.000000,0.000000,0.000000,0.000000,0.000000,0.000000
278,-1.631379,0.917870,1.264086,1.796611,-0.378660,-0.679290,-4.840530,-0.744027,0.237723,0.622441,-2.252747,-0.314167,2.560531,-0.662574,0.000017,0.000280,-0.289007,-0.058016,0.034625,-0.051039,2.408982,2.016207,-2.539014,0.001025,-0.003855,-5.210610,8.133559,7.779036,20.282072,-20.356119,-30.490978,4.263110,0.113512,-0.454846,-5.193859,-27.038773,1.078170,28.478388,2.472284,3.948346,-12.000000,0.086721,-1.095490,-5.193859,-27.038773,1.078170,28.478388,2.472284,3.948346,-74.357880,0.086721,-1.095490,87.000000,87.000000,87.000000,87.000000,12.000000,12.000000,12.000000,200.000000,200.000000,0.000000,0.000000,0.000000,0.000000,0.000000,0.000000,0.000000,0.000000,0.000000
279,-1.477024,0.920726,1.235017,1.414515,-0.844133,-1.403679,-5.062595,-0.737764,0.234834,0.606343,-2.238078,-0.363472,2.481481,-0.749595,0.000078,0.000242,0.131914,-0.320267,-0.461934,0.289966,-1.310580,-2.612048,-2.610016,-0.003068,0.007834,-5.226797,-6.708631,4.213661,-16.319595,26.868967,-0.038481,-0.000529,-0.140221,0.618067,-0.606304,-26.849636,2.270914,9.051888,0.243000,-4.737974,-12.000000,-0.167187,-0.033221,-0.606304,-26.849636,2.270914,9.051888,0.243000,-4.737974,-76.296768,-0.167187,-0.033221,87.000000,87.000000,87.000000,87.000000,12.000000,12.000000,12.000000,200.000000,200.000000,0.000000,0.000000,0.000000,0.000000,0.000000,0.000000,0.000000,0.000000,0.000000
280,-1.527464,0.952298,1.144393,1.798683,-0.359713,-0.774488,-4.774443,-0.725616,0.231613,0.580724,-2.245296,-0.286198,2.535025,-0.836574,0.000011,0.000286,0.120695,-0.046145,-0.493137,0.105762,2.064407,1.562352,-2.609821,0.000687,-0.004018,-12.440319,11.251726,16.117052,20.715345,-40.322483,-24.721203,-0.011358,0.080903,-0.477746,-4.013074,-25.026852,1.505493,27.571459,0.665565,3.774170,-12.000000,0.066167,-1.132236,-4.013074,-25.026852,1.505493,27.571459,0.665565,3.774170,-57.813267,0.066167,-1.132236,87.000000,87.000000,87.000000,87.000000,12.000000,12.000000,12.000000,200.000000,200.000000,0.000000,0.000000,0.000000,0.000000,0.000000,0.000000,0.000000,0.000000,0.000000
281,-1.338439,0.993227,1.404390,1.366490,-0.737636,-1.378196,-5.132879,-0.740234,0.234192,0.588218,-2.230958,-0.322640,2.457731,-0.923620,0.000124,0.000184,-0.443576,-0.108707,0.281553,0.276940,-0.962163,-2.558229,-2.609860,-0.000450,0.004501,7.792893,-4.788036,-4.545897,-16.112190,20.830034,3.116026,0.010214,0.013368,0.436317,7.382774,-24.352610,8.042561,6.608052,-0.033824,-1.780189,-12.000000,-0.168156,-0.004814,7.382774,-24.352610,8.042561,6.608052,-0.033824,-1.780189,-65.186249,-0.168156,-0.004814,87.000000,87.000000,87.000000,87.000000,12.000000,12.000000,12.000000,200.000000,200.000000,0.000000,0.000000,0.000000,0.000000,0.000000,0.000000,0.000000,0.000000,0.000000
282,-1.523585,0.821275,1.210712,1.836414,-0.271778,-0.533302,-4.791230,-0.738308,0.234225,0.577097,-2.242083,-0.242228,2.538846,-1.010554,0.000029,0.000242,-0.039996,-0.031056,-0.215946,-0.050564,2.144041,2.604772,-2.609207,-0.000545,-0.001673,-3.133751,5.786057,5.693363,16.534325,-35.245884,0.143108,0.006480,-0.156383,-0.197916,-1.872401,-30.833195,3.107633,29.023930,0.746730,11.586396,-12.000000,-0.274484,-0.741146,-1.872401,-30.833195,3.107633,29.023930,0.746730,11.586396,-44.566994,-0.274484,-0.741146,87.000000,87.000000,87.000000,87.000000,12.000000,12.000000,12.000000,200.000000,200.000000,0.000000,0.000000,0.000000,0.000000,0.000000,0.000000,0.000000,0.000000,0.000000
283,-1.524083,0.890439,1.186081,1.392063,-0.654143,-1.510756,-5.030605,-0.742437,0.232484,0.572578,-2.229029,-0.281547,2.460538,-1.097647,0.000184,0.000142,-0.186656,-0.314336,-0.120190,0.192058,-1.005247,-2.610592,-2.610419,0.000090,0.003731,-1.134671,-9.040016,-1.314485,-18.876217,21.863943,-0.041885,0.002704,0.004132,0.264526,-1.051995,-28.024317,1.806802,7.544428,0.203600,-7.349958,-12.000000,-0.356228,-0.140486,-1.051995,-28.024317,1.806802,7.544428,0.203600,-7.349958,-47.171921,-0.356228,-0.140486,87.000000,87.000000,87.000000,87.000000,12.000000,12.000000,12.000000,200.000000,200.000000,0.000000,0.000000,0.000000,0.000000,0.000000,0.000000,0.000000,0.000000,0.000000
284,-1.453528,0.893420,1.251571,1.882180,-0.170919,-0.720889,-4.765196,-0.742771,0.230750,0.563558,-2.238721,-0.199783,2.530768,-1.184538,0.000048,0.000223,-0.114333,0.013444,-0.080093,0.107452,2.233352,2.088616,-2.609255,0.000183,-0.001385,-2.053189,11.816881,9.254933,26.242676,-30.806320,-30.737799,-0.053201,-0.020190,-0.222538,1.532779,-27.440733,5.682670,30.707438,1.442627,4.422284,-12.000000,-0.150605,-0.756802,1.532779,-27.440733,5.682670,30.707438,1.442627,4.422284,-29.610554,-0.150605,-0.756802,87.000000,87.000000,87.000000,87.000000,12.000000,12.000000,12.000000,200.000000,200.000000,0.000000,0.000000,0.000000,0.000000,0.000000,0.000000,0.000000,0.000000,0.000000
285,-1.402905,0.893449,1.310788,1.433745,-0.564819,-1.465895,-5.035341,-0.751406,0.232024,0.567422,-2.221173,-0.236317,2.452284,-1.271644,0.000197,0.000119,-0.262010,-0.196592,0.135232,0.364148,-0.981726,-2.610960,-2.610191,0.001636,0.002506,4.385293,-7.637558,-2.841624,-16.622581,19.765837,-0.056820,0.003848,0.139485,0.169626,5.023816,-28.100986,6.444490,8.253794,-0.029933,-4.895624,-12.000000,-0.267253,-0.169116,5.023816,-28.100986,6.444490,8.253794,-0.029933,-4.895624,-33.442265,-0.267253,-0.169116,87.000000,87.000000,87.000000,87.000000,12.000000,12.000000,12.000000,200.000000,200.000000,0.000000,0.000000,0.000000,0.000000,0.000000,0.000000,0.000000,0.000000,0.000000
286,-1.494418,1.013220,1.184087,1.625236,-0.096972,-0.596521,-4.808974,-0.748417,0.231026,0.558986,-2.235045,-0.155512,2.532983,-1.358524,0.000096,0.000179,0.005594,-0.022010,-0.139157,-0.255447,2.217937,2.608576,-2.609148,-0.000524,-0.000597,-1.981435,8.194534,4.936206,9.001563,-28.407654,0.166154,-0.003319,-0.209200,-0.050129,0.039768,-22.790026,3.248929,20.129507,1.041491,9.517303,-12.000000,-0.504438,-0.439481,0.039768,-22.790026,3.248929,20.129507,1.041491,9.517303,-17.440247,-0.504438,-0.439481,87.000000,87.000000,87.000000,87.000000,12.000000,12.000000,12.000000,200.000000,200.000000,0.000000,0.000000,0.000000,0.000000,0.000000,0.000000,0.000000,0.000000,0.000000
287,-1.493698,0.877510,1.198796,1.448642,-0.414629,-1.458397,-4.995984,-0.751025,0.230675,0.556865,-2.227151,-0.179370,2.456210,-1.445655,0.000254,0.000054,-0.137284,-0.236093,-0.026304,0.114722,-0.623754,-2.610938,-2.610130,0.002886,0.000236,-0.133289,-6.936394,-0.877496,-14.232034,14.281089,-0.025620,0.005708,0.272753,-0.036978,0.772537,-28.487797,3.347547,10.127212,0.166814,-4.908508,-12.000000,-0.250573,-0.225564,0.772537,-28.487797,3.347547,10.127212,0.166814,-4.908508,-17.947113,-0.250573,-0.225564,87.000000,87.000000,87.000000,87.000000,12.000000,12.000000,12.000000,200.000000,200.000000,0.000000,0.000000,0.000000,0.000000,0.000000,0.000000,0.000000,0.000000,0.000000
288,-1.539877,0.842191,1.044848,1.769258,-0.076953,-0.712913,-4.718358,-0.736622,0.227049,0.534146,-2.242756,-0.117981,2.530473,-1.525189,0.000146,0.000116,0.264675,-0.128067,-0.518096,-0.199074,1.488182,2.281462,-1.877290,-0.001500,0.000599,-11.072922,6.764457,12.057304,17.374979,-39.445320,-19.522947,42.415119,-0.313161,0.099539,-3.928309,-29.110388,1.070753,26.831224,0.067692,4.906923,0.000520,-0.727103,-0.134947,-3.928309,-29.110388,1.070753,26.831224,0.067692,4.906923,0.000520,-0.727103,-0.134947,87.000000,87.000000,87.000000,87.000000,12.000000,12.000000,12.000000,200.000000,200.000000,0.000000,0.000000,0.000000,0.000000,0.000000,0.000000,0.000000,0.000000,0.000000
289,-1.323879,1.011903,1.257010,1.395564,-0.350152,-1.501645,-5.054685,-0.739865,0.227591,0.532198,-2.233915,-0.144557,2.451882,-1.612297,0.000263,0.000027,-0.160064,-0.108617,0.067771,0.178874,-0.644501,-2.611683,-2.609591,0.003829,0.000039,2.349113,-0.785798,1.817747,-11.224607,15.094062,-0.005107,0.002489,0.418219,-0.111183,6.863076,-22.852486,7.565228,8.547928,0.063861,-6.289524,-6.965284,-0.093097,-0.269410,6.863076,-22.852486,7.565228,8.547928,0.063861,-6.289524,-6.965284,-0.093097,-0.269410,87.000000,87.000000,87.000000,87.000000,12.000000,12.000000,12.000000,200.000000,200.000000,0.000000,0.000000,0.000000,0.000000,0.000000,0.000000,0.000000,0.000000,0.000000
290,-1.485582,0.885562,1.093396,1.760776,0.034061,-0.636400,-4.727541,-0.733025,0.230047,0.522502,-2.247917,-0.074297,2.531065,-1.619023,0.000204,0.000078,0.122239,0.074034,-0.188387,-0.153330,1.844418,2.608478,-0.065208,0.000065,0.000908,-3.535632,7.733732,5.477454,16.487764,-36.518101,0.091825,2.157447,-0.285360,0.168849,-1.238110,-28.099485,2.696803,26.746702,0.255608,8.071622,0.006063,-0.897606,0.030428,-1.238110,-28.099485,2.696803,26.746702,0.255608,8.071622,0.006063,-0.897606,0.030428,87.000000,87.000000,87.000000,87.000000,12.000000,12.000000,12.000000,200.000000,200.000000,0.000000,0.000000,0.000000,0.000000,0.000000,0.000000,0.000000,0.000000,0.000000
291,-1.398876,0.839684,1.220689,1.422544,-0.358373,-1.495238,-5.152163,-0.739847,0.232743,0.526562,-2.237133,-0.120818,2.453201,-1.706129,0.000356,0.000000,-0.258992,-0.164718,0.192209,0.171812,-1.255499,-2.612369,-2.595667,0.003694,-0.000187,3.390153,-8.454076,-1.665460,-15.830354,24.294804,-0.118661,0.861926,0.317480,-0.000615,4.182697,-30.439480,6.038669,9.643580,-0.026876,-6.143652,-3.354501,-0.440612,0.015039,4.182697,-30.439480,6.038669,9.643580,-0.026876,-6.143652,-3.354501,-0.440612,0.015039,87.000000,87.000000,87.000000,87.000000,12.000000,12.000000,12.000000,200.000000,200.000000,0.000000,0.000000,0.000000,0.000000,0.000000,0.000000,0.000000,0.000000,0.000000
292,-1.425820,0.905163,1.101972,1.784781,0.061945,-0.707156,-4.686732,-0.728793,0.233960,0.515001,-2.249481,-0.057443,2.528549,-1.658534,0.000321,0.000050,0.277925,0.063006,-0.249441,-0.050425,1.761257,2.349756,1.152998,0.002411,-0.000385,-4.092461,9.710559,7.600726,21.029253,-35.157677,-15.548243,-25.983480,-0.079378,0.087734,0.374287,-27.484692,3.914731,27.807129,0.343266,5.332705,-0.066634,-0.950703,0.066034,0.374287,-27.484692,3.914731,27.807129,0.343266,5.332705,-0.066634,-0.950703,0.066034,87.000000,87.000000,87.000000,87.000000,12.000000,12.000000,12.000000,200.000000,200.000000,0.000000,0.000000,0.000000,0.000000,0.000000,0.000000,0.000000,0.000000,0.000000
293,-1.313678,0.823001,1.253787,1.357087,-0.412572,-1.473964,-5.231786,-0.732311,0.235254,0.518705,-2.238353,-0.122219,2.450834,-1.745476,0.000457,0.000021,-0.175942,-0.239557,0.221067,0.112519,-1.775375,-2.612372,-2.604424,0.002806,0.001146,3.107350,-10.554078,0.504751,-20.413126,32.839958,-0.158901,0.341763,0.245645,0.109556,6.742804,-31.226347,8.049455,7.021979,-0.221744,-5.106186,-3.392815,-0.698772,0.067981,6.742804,-31.226347,8.049455,7.021979,-0.221744,-5.106186,-3.392815,-0.698772,0.067981,87.000000,87.000000,87.000000,87.000000,12.000000,12.000000,12.000000,200.000000,200.000000,0.000000,0.000000,0.000000,0.000000,0.000000,0.000000,0.000000,0.000000,0.000000
294,-1.506745,0.957755,1.044121,1.838575,0.226225,-0.734231,-4.607660,-0.722994,0.236107,0.513328,-2.251366,-0.039604,2.523565,-1.664476,0.000417,0.000097,0.233307,0.100448,-0.085563,0.000985,2.713751,2.167812,2.053180,0.003117,0.000509,-2.476607,12.563450,5.257020,25.495863,-0.799899,-26.263975,-33.502277,-0.025563,0.128669,-3.122850,-25.486860,1.172224,30.228706,4.910236,4.516919,0.828180,-1.109936,-0.019986,-3.122850,-25.486860,1.172224,30.228706,4.910236,4.516919,0.828180,-1.109936,-0.019986,87.000000,87.000000,87.000000,87.000000,12.000000,12.000000,12.000000,200.000000,200.000000,0.000000,0.000000,0.000000,0.000000,0.000000,0.000000,0.000000,0.000000,0.000000
295,-1.333712,0.781231,1.264732,1.335143,-0.445544,-1.413816,-5.298470,-0.730166,0.237497,0.522558,-2.239669,-0.112581,2.447321,-1.751627,0.000546,0.000045,-0.276883,-0.278174,0.354395,0.102967,-2.282184,-2.605386,-2.610038,0.001766,0.001520,4.610601,-13.182772,-2.439650,-22.325838,17.427147,0.168428,0.023532,0.147490,-0.022095,6.123486,-33.121979,7.657596,6.165253,-1.861300,-2.393881,-5.568317,-0.970499,-0.251903,6.123486,-33.121979,7.657596,6.165253,-1.861300,-2.393881,-5.568317,-0.970499,-0.251903,87.000000,87.000000,87.000000,87.000000,12.000000,12.000000,12.000000,200.000000,200.000000,0.000000,0.000000,0.000000,0.000000,0.000000,0.000000,0.000000,0.000000,0.000000
296,-1.504268,0.886524,1.059550,1.951718,0.248004,-0.457636,-4.601684,-0.719925,0.236930,0.517886,-2.251218,-0.030358,2.527951,-1.668660,0.000435,0.000154,0.283561,0.062022,-0.083314,0.096554,2.752159,2.608466,2.196310,-0.000104,0.001587,-1.320385,12.720146,3.763241,21.167328,7.848114,42.105473,-24.645866,-0.410782,0.321068,-3.321504,-28.294239,1.314539,34.196232,5.529868,12.000000,1.569631,-1.596535,0.128085,-3.321504,-28.294239,1.314539,34.196232,5.529868,18.265785,1.569631,-1.596535,0.128085,87.000000,87.000000,87.000000,87.000000,12.000000,12.000000,12.000000,200.000000,200.000000,0.000000,0.000000,0.000000,0.000000,0.000000,0.000000,0.000000,0.000000,0.000000
297,-1.453206,0.752142,1.271396,1.359387,-0.432554,-1.458130,-5.316532,-0.737937,0.237034,0.539072,-2.235847,-0.104434,2.450817,-1.755823,0.000582,0.000050,-0.597562,-0.341874,0.668864,0.197989,-2.326438,-2.611146,-2.610442,0.000805,0.001510,8.366664,-14.994566,-9.081165,-22.781998,14.702524,-0.189314,0.012388,-0.032319,0.118675,3.029035,-34.180756,5.392675,6.552218,-2.024263,-4.475226,-5.954766,-1.280164,-0.028600,3.029035,-34.180756,5.392675,6.552218,-2.024263,-4.475226,-5.954766,-1.280164,-0.028600,87.000000,87.000000,87.000000,87.000000,12.000000,12.000000,12.000000,200.000000,200.000000,0.000000,0.000000,0.000000,0.000000,0.000000,0.000000,0.000000,0.000000,0.000000
298,-1.643360,0.954073,0.931924,1.801179,0.267522,-0.722962,-4.559224,-0.724583,0.231372,0.526968,-2.248624,-0.023659,2.526005,-1.669670,0.000520,0.000105,0.366595,-0.124856,-0.368961,-0.055191,2.695176,2.277118,2.609820,0.003257,-0.001451,-6.665103,11.439012,5.492209,20.774416,-1.341548,-19.761757,-0.059981,0.063353,-0.053525,-9.037460,-24.716682,-3.654290,28.390354,5.306770,4.856479,3.521583,-1.183221,-0.210109,-9.037460,-24.716682,-3.654290,28.390354,5.306770,4.856479,3.521583,-1.183221,-0.210109,87.000000,87.000000,87.000000,87.000000,12.000000,12.000000,12.000000,200.000000,200.000000,0.000000,0.000000,0.000000,0.000000,0.000000,0.000000,0.000000,0.000000,0.000000
299,-1.366790,0.794732,1.297396,1.403705,-0.436385,-1.565059,-5.325584,-0.736949,0.228290,0.537399,-2.235228,-0.098693,2.446037,-1.756811,0.000613,0.000047,-0.456762,-0.355299,0.421727,0.223349,-2.448306,-2.611556,-2.609920,-0.000971,0.002211,5.478029,-9.862525,-3.113165,-16.849697,6.981167,-0.140190,0.008268,-0.097950,0.063900,5.864305,-31.451899,7.569222,8.542698,-2.717032,-8.365766,-6.239399,-1.342218,-0.156786,5.864305,-31.451899,7.569222,8.542698,-2.717032,-8.365766,-6.239399,-1.342218,-0.156786,87.000000,87.000000,87.000000,87.000000,12.000000,12.000000,12.000000,200.000000,200.000000,0.000000,0.000000,0.000000,0.000000,0.000000,0.000000,0.000000,0.000000,0.000000
300,-1.596780,0.867537,0.975733,1.910472,0.265005,-0.712810,-4.559559,-0.724436,0.222956,0.524571,-2.245128,-0.018338,2.521965,-1.670604,0.000526,0.000117,0.322806,-0.106085,-0.340153,0.092087,2.710696,2.332610,2.610836,0.003208,-0.001560,-6.508194,11.788197,7.232689,24.347988,-1.384663,-16.377523,-0.029941,0.119290,-0.102465,-7.067758,-27.535278,-1.677815,32.289146,4.738173,5.626958,3.581702,-1.103204,-0.306753,-7.067758,-27.535278,-1.677815,32.289146,4.738173,5.626958,3.581702,-1.103204,-0.306753,87.000000,87.000000,87.000000,87.000000,12.000000,12.000000,12.000000,200.000000,200.000000,0.000000,0.000000,0.000000,0.000000,0.000000,0.000000,0.000000,0.000000,0.000000
301,-1.305282,0.978510,1.335031,1.186536,-0.491133,-1.673560,-5.374683,-0.739972,0.221319,0.538457,-2.232125,-0.096794,2.440814,-1.757764,0.000640,0.000038,-0.512480,-0.288473,0.502383,0.077430,-2.597009,-2.608051,-2.610503,-0.000633,0.001796,8.570984,-8.401153,-5.266642,-24.911642,0.179443,-0.022745,0.001817,-0.134406,0.091409,8.891890,-23.641907,8.653996,-0.470309,-4.993581,-12.000000,-8.125906,-1.481938,-0.062264,8.891890,-23.641907,8.653996,-0.470309,-4.993581,-12.291708,-8.125906,-1.481938,-0.062264,87.000000,87.000000,87.000000,87.000000,12.000000,12.000000,12.000000,200.000000,200.000000,0.000000,0.000000,0.000000,0.000000,0.000000,0.000000,0.000000,0.000000,0.000000
302,-1.535112,0.956661,1.021034,1.882883,0.287544,-0.764667,-4.538961,-0.726352,0.219994,0.526716,-2.245311,-0.016591,2.511876,-1.671219,0.000529,0.000126,0.384177,0.063917,-0.303463,0.041516,2.705265,2.059303,2.611051,0.001329,-0.000415,-5.181289,14.643332,7.996421,28.480549,-1.658478,-32.765991,-0.037394,-0.030142,-0.029267,-4.538549,-24.027973,-0.089428,31.576674,5.486481,4.130523,4.453311,-1.229430,-0.283521,-4.538549,-24.027973,-0.089428,31.576674,5.486481,4.130523,4.453311,-1.229430,-0.283521,87.000000,87.000000,87.000000,87.000000,12.000000,12.000000,12.000000,200.000000,200.000000,0.000000,0.000000,0.000000,0.000000,0.000000,0.000000,0.000000,0.000000,0.000000
303,-1.438968,0.733391,1.157807,1.317920,-0.481493,-1.463405,-5.320537,-0.729191,0.218389,0.526547,-2.234854,-0.093915,2.434386,-1.758320,0.000626,0.000053,-0.226836,-0.396725,0.092822,0.020561,-2.575551,-2.607919,-2.610868,0.000215,0.001096,-1.126535,-15.017611,-0.506679,-24.741524,0.161347,-0.025620,0.003963,0.045520,-0.029538,1.374692,-33.302952,3.872950,5.160850,-4.897028,-3.352669,-5.914412,-1.208669,-0.249683,1.374692,-33.302952,3.872950,5.160850,-4.897028,-3.352669,-5.914412,-1.208669,-0.249683,87.000000,87.000000,87.000000,87.000000,12.000000,12.000000,12.000000,200.000000,200.000000,0.000000,0.000000,0.000000,0.000000,0.000000,0.000000,0.000000,0.000000,0.000000
304,-1.537663,0.967615,1.058525,1.927841,0.264687,-0.572400,-4.607495,-0.725774,0.216866,0.523441,-2.249231,-0.013606,2.515481,-1.674579,0.000499,0.000154,0.077529,0.103754,-0.022126,0.043202,2.742856,2.608386,2.257951,0.001239,-0.000096,-0.001049,17.119101,3.612893,28.795616,0.200829,0.243559,-21.249187,-0.005276,-0.022521,-3.580912,-23.304348,0.682601,33.709503,4.347892,11.882899,1.838695,-1.122262,-0.350031,-3.580912,-23.304348,0.682601,33.709503,4.347892,11.882899,1.838695,-1.122262,-0.350031,87.000000,87.000000,87.000000,87.000000,12.000000,12.000000,12.000000,200.000000,200.000000,0.000000,0.000000,0.000000,0.000000,0.000000,0.000000,0.000000,0.000000,0.000000
305,-1.328116,0.871147,1.273028,1.270809,-0.478258,-1.504496,-5.346904,-0.734921,0.219339,0.531218,-2.235281,-0.091801,2.437876,-1.761749,0.000622,0.000048,-0.314827,-0.206244,0.289605,0.148961,-2.583950,-2.608252,-2.610489,0.000227,0.001081,5.397261,-10.753606,-3.266326,-23.301310,0.144711,-0.020599,0.003548,-0.018483,0.063031,6.878213,-28.132517,7.422247,3.053868,-4.914769,-5.293367,-6.695775,-1.309707,-0.084253,6.878213,-28.132517,7.422247,3.053868,-4.914769,-5.293367,-6.695775,-1.309707,-0.084253,87.000000,87.000000,87.000000,87.000000,12.000000,12.000000,12.000000,200.000000,200.000000,0.000000,0.000000,0.000000,0.000000,0.000000,0.000000,0.000000,0.000000,0.000000
306,-1.624180,0.931458,0.965035,1.881902,0.329064,-0.716403,-4.531657,-0.725558,0.220378,0.522785,-2.248351,-0.010251,2.515285,-1.675013,0.000521,0.000133,0.223040,0.107313,-0.208178,0.002784,2.710417,2.431258,2.610883,0.001622,-0.000370,-4.653353,12.585863,4.850288,24.392487,-1.220112,-10.455836,-0.029397,-0.044012,0.002879,-7.708377,-25.302294,-2.443807,31.647818,6.665180,6.075428,5.050388,-1.262470,-0.240294,-7.708377,-25.302294,-2.443807,31.647818,6.665180,6.075428,5.050388,-1.262470,-0.240294,87.000000,87.000000,87.000000,87.000000,12.000000,12.000000,12.000000,200.000000,200.000000,0.000000,0.000000,0.000000,0.000000,0.000000,0.000000,0.000000,0.000000,0.000000
307,-1.271232,0.798125,1.318567,1.337647,-0.502160,-1.507530,-5.365972,-0.733477,0.222901,0.529147,-2.234824,-0.088617,2.436993,-1.762169,0.000630,0.000052,-0.292683,-0.214836,0.288532,0.170123,-2.572979,-2.608759,-2.610184,-0.000090,0.001087,5.305679,-11.434308,-1.600717,-20.838173,0.104585,-0.014534,0.001287,-0.030557,-0.007927,8.971416,-31.353142,9.509476,5.776233,-6.157134,-5.342397,-7.425883,-1.326296,-0.208900,8.971416,-31.353142,9.509476,5.776233,-6.157134,-5.342397,-7.425883,-1.326296,-0.208900,87.000000,87.000000,87.000000,87.000000,12.000000,12.000000,12.000000,200.000000,200.000000,0.000000,0.000000,0.000000,0.000000,0.000000,0.000000,0.000000,0.000000,0.000000
308,-1.534782,0.908906,0.893757,1.863396,0.177222,-0.719284,-4.509707,-0.707605,0.221798,0.503160,-2.246851,-0.019922,2.513937,-1.675005,0.000540,0.000119,0.656917,0.031640,-0.674931,0.011768,2.104259,2.425087,2.610498,0.002238,-0.001148,-13.764438,12.763775,13.803544,24.145136,-35.905880,-10.812005,-0.055790,0.013269,-0.052674,-7.242791,-26.103132,-1.972975,30.750799,0.997181,6.069634,5.927026,-1.247701,-0.254827,-7.242791,-26.103132,-1.972975,30.750799,0.997181,6.069634,5.927026,-1.247701,-0.254827,87.000000,87.000000,87.000000,87.000000,12.000000,12.000000,12.000000,200.000000,200.000000,0.000000,0.000000,0.000000,0.000000,0.000000,0.000000,0.000000,0.000000,0.000000
309,-1.313542,0.753731,1.339151,1.390858,-0.456944,-1.512901,-5.346448,-0.728191,0.223734,0.524089,-2.233493,-0.097720,2.435910,-1.762147,0.000637,0.000027,-0.680040,-0.233559,0.730540,0.196621,-2.550781,-2.609517,-2.610143,-0.000186,0.001428,11.429718,-11.944264,-8.501869,-18.604273,0.948272,-0.034661,-0.005264,-0.042194,0.122457,8.223769,-33.171841,9.180756,7.856118,-3.639972,-5.469241,-6.647275,-1.354659,0.042681,8.223769,-33.171841,9.180756,7.856118,-3.639972,-5.469241,-6.647275,-1.354659,0.042681,87.000000,87.000000,87.000000,87.000000,12.000000,12.000000,12.000000,200.000000,200.000000,0.000000,0.000000,0.000000,0.000000,0.000000,0.000000,0.000000,0.000000,0.000000
310,-1.578945,0.953637,0.933114,1.882893,0.273371,-0.681173,-4.514246,-0.714388,0.223176,0.512064,-2.244175,-0.017376,2.515139,-1.675108,0.000533,0.000113,0.398025,0.069182,-0.357473,0.056687,2.725398,2.605297,2.611521,0.001405,-0.000234,-6.009339,13.650002,6.452890,22.771032,-0.175853,-0.018539,0.011959,-0.023324,-0.017688,-7.330120,-24.475163,-2.381567,31.126736,5.021598,7.553422,5.754863,-1.228584,-0.252780,-7.330120,-24.475163,-2.381567,31.126736,5.021598,7.553422,5.754863,-1.228584,-0.252780,87.000000,87.000000,87.000000,87.000000,12.000000,12.000000,12.000000,200.000000,200.000000,0.000000,0.000000,0.000000,0.000000,0.000000,0.000000,0.000000,0.000000,0.000000
311,-1.319359,0.816955,1.308172,1.337727,-0.458523,-1.486197,-5.358040,-0.729595,0.225511,0.527372,-2.229352,-0.094202,2.438071,-1.762267,0.000649,0.000030,-0.510028,-0.219941,0.538020,0.204086,-2.575807,-2.608504,-2.610381,-0.000410,0.001467,8.505245,-11.637331,-6.138478,-21.449638,0.091224,-0.010128,-0.003076,-0.097746,0.053201,7.490712,-30.805397,8.319489,5.216583,-3.958014,-4.573906,-7.100489,-1.456052,-0.087667,7.490712,-30.805397,8.319489,5.216583,-3.958014,-4.573906,-7.100489,-1.456052,-0.087667,87.000000,87.000000,87.000000,87.000000,12.000000,12.000000,12.000000,200.000000,200.000000,0.000000,0.000000,0.000000,0.000000,0.000000,0.000000,0.000000,0.000000,0.000000
312,-1.594340,0.830026,0.857006,1.894841,0.240506,-0.727102,-4.460943,-0.706240,0.221876,0.503347,-2.241440,-0.015777,2.514365,-1.675112,0.000558,0.000100,0.604609,-0.091592,-0.666128,-0.012588,2.588918,2.344001,2.610264,0.002465,-0.001324,-13.101890,9.764878,11.996773,21.947626,-8.475894,-15.731935,-0.042100,0.034857,-0.073985,-9.553553,-29.106749,-3.585966,31.507784,3.533986,5.673987,7.887959,-1.269105,-0.234964,-9.553553,-29.106749,-3.585966,31.507784,3.533986,5.673987,7.887959,-1.269105,-0.234964,87.000000,87.000000,87.000000,87.000000,12.000000,12.000000,12.000000,200.000000,200.000000,0.000000,0.000000,0.000000,0.000000,0.000000,0.000000,0.000000,0.000000,0.000000
313,-1.256563,0.962812,1.246979,1.271536,-0.477395,-1.569858,-5.348004,-0.714076,0.221977,0.508552,-2.228661,-0.093660,2.435315,-1.762265,0.000658,0.000035,-0.341458,-0.204810,0.311368,0.146723,-2.586628,-2.608716,-2.610227,-0.000982,0.001740,4.491246,-6.432561,-0.582617,-20.698513,0.125613,-0.011430,-0.001602,-0.128545,0.073457,8.076534,-24.433083,8.304863,2.709777,-4.725438,-7.701257,-6.699532,-1.490389,-0.079725,8.076534,-24.433083,8.304863,2.709777,-4.725438,-7.701257,-6.699532,-1.490389,-0.079725,87.000000,87.000000,87.000000,87.000000,12.000000,12.000000,12.000000,200.000000,200.000000,0.000000,0.000000,0.000000,0.000000,0.000000,0.000000,0.000000,0.000000,0.000000
314,-1.621175,0.828819,0.952472,1.915504,0.278818,-0.753117,-4.512621,-0.712188,0.221546,0.507416,-2.242474,-0.013727,2.509058,-1.675151,0.000545,0.000122,0.020738,0.012032,-0.021738,-0.023376,2.710629,2.187350,2.610617,0.001405,-0.000286,-1.491251,9.313407,0.863589,25.388449,-1.466832,-25.106791,-0.036206,-0.035048,0.005181,-7.941019,-29.432829,-2.438614,32.648464,4.911307,4.935987,5.822943,-1.276082,-0.225484,-7.941019,-29.432829,-2.438614,32.648464,4.911307,4.935987,5.822943,-1.276082,-0.225484,87.000000,87.000000,87.000000,87.000000,12.000000,12.000000,12.000000,200.000000,200.000000,0.000000,0.000000,0.000000,0.000000,0.000000,0.000000,0.000000,0.000000,0.000000
315,-1.293338,0.815169,1.291931,1.308323,-0.487932,-1.471002,-5.366588,-0.727081,0.221185,0.520050,-2.231738,-0.091474,2.431855,-1.762310,0.000633,0.000052,-0.458668,-0.300342,0.419525,0.074329,-2.577813,-2.608500,-2.610341,-0.000236,0.001103,8.269264,-11.393057,-5.467765,-21.870136,0.147715,-0.019097,0.002632,0.010447,-0.034750,8.183740,-30.304461,8.604979,4.550427,-5.344116,-3.452867,-7.438775,-1.254471,-0.256213,8.183740,-30.304461,8.604979,4.550427,-5.344116,-3.452867,-7.438775,-1.254471,-0.256213,87.000000,87.000000,87.000000,87.000000,12.000000,12.000000,12.000000,200.000000,200.000000,0.000000,0.000000,0.000000,0.000000,0.000000,0.000000,0.000000,0.000000,0.000000
316,-1.542884,0.840375,0.974289,1.976009,0.246184,-0.461547,-4.557766,-0.714810,0.218589,0.508293,-2.244483,-0.012207,2.511182,-1.675952,0.000473,0.000177,0.323955,-0.001760,-0.300316,0.059768,2.617878,2.607103,2.611611,-0.001454,0.001929,-5.290244,12.573091,6.198689,18.647991,0.256834,62.249233,0.271769,-0.413669,0.299779,-5.609131,-28.517832,-0.610134,34.546589,4.010074,12.000000,4.100529,-1.607852,0.036558,-5.609131,-28.517832,-0.610134,34.546589,4.010074,20.796179,4.100529,-1.607852,0.036558,87.000000,87.000000,87.000000,87.000000,12.000000,12.000000,12.000000,200.000000,200.000000,0.000000,0.000000,0.000000,0.000000,0.000000,0.000000,0.000000,0.000000,0.000000
317,-1.416313,0.875530,1.105837,1.180022,-0.541063,-1.616360,-5.338224,-0.719362,0.216021,0.508132,-2.233335,-0.092237,2.432114,-1.762996,0.000646,0.000047,-0.266192,-0.394417,0.084071,-0.042739,-2.597283,-2.607236,-2.611140,-0.000316,0.001232,-0.461440,-12.975060,-1.075255,-29.428600,0.246091,-0.037179,0.008125,-0.243962,0.149421,1.633954,-27.318535,3.262077,-0.572726,-7.351449,-9.310627,-6.246918,-1.694009,0.049250,1.633954,-27.318535,3.262077,-0.572726,-7.351449,-9.310627,-6.246918,-1.694009,0.049250,87.000000,87.000000,87.000000,87.000000,12.000000,12.000000,12.000000,200.000000,200.000000,0.000000,0.000000,0.000000,0.000000,0.000000,0.000000,0.000000,0.000000,0.000000
318,-1.468280,1.018506,1.010963,1.895070,0.237663,-0.601475,-4.582897,-0.711722,0.215288,0.499299,-2.249278,-0.013830,2.512776,-1.677037,0.000510,0.000151,0.197016,0.157132,-0.172570,0.003373,2.595229,2.608894,2.555069,0.000961,0.000092,-2.124898,19.093971,6.774872,29.545334,-8.395957,0.276017,-3.429708,-0.011952,-0.006028,-2.371966,-21.173887,1.298027,32.550564,3.249833,10.935306,3.150939,-1.141062,-0.325423,-2.371966,-21.173887,1.298027,32.550564,3.249833,10.935306,3.150939,-1.141062,-0.325423,87.000000,87.000000,87.000000,87.000000,12.000000,12.000000,12.000000,200.000000,200.000000,0.000000,0.000000,0.000000,0.000000,0.000000,0.000000,0.000000,0.000000,0.000000
319,-1.302848,0.845425,1.273277,1.303708,-0.504023,-1.644576,-5.322742,-0.726706,0.220468,0.513415,-2.235174,-0.092613,2.432930,-1.763827,0.000647,0.000045,-0.469925,-0.124323,0.473292,0.165905,-2.578999,-2.608531,-2.610369,0.000162,0.000605,9.090446,-10.883007,-6.364272,-21.780651,0.113325,-0.013704,-0.000200,-0.088770,0.015941,7.851830,-29.476343,8.194504,4.403959,-5.895178,-10.499672,-5.563670,-1.473689,-0.122650,7.851830,-29.476343,8.194504,4.403959,-5.895178,-10.499672,-5.563670,-1.473689,-0.122650,87.000000,87.000000,87.000000,87.000000,12.000000,12.000000,12.000000,200.000000,200.000000,0.000000,0.000000,0.000000,0.000000,0.000000,0.000000,0.000000,0.000000,0.000000
320,-1.557924,0.851855,0.926009,1.871130,0.203958,-0.643587,-4.525311,-0.712367,0.221539,0.499695,-2.248933,-0.017831,2.512913,-1.676828,0.000540,0.000122,0.374391,0.059767,-0.374157,-0.064509,2.371858,2.608768,2.611058,0.000976,-0.000071,-7.375247,9.956921,7.152060,21.601326,-21.501301,0.168328,-0.010457,-0.081769,0.041361,-6.671954,-28.603365,-1.582855,31.291916,2.068653,9.236319,5.449810,-1.314557,-0.181456,-6.671954,-28.603365,-1.582855,31.291916,2.068653,9.236319,5.449810,-1.314557,-0.181456,87.000000,87.000000,87.000000,87.000000,12.000000,12.000000,12.000000,200.000000,200.000000,0.000000,0.000000,0.000000,0.000000,0.000000,0.000000,0.000000,0.000000,0.000000
321,-1.275053,0.833077,1.379254,1.399781,-0.427739,-1.491206,-5.319120,-0.734914,0.226397,0.523806,-2.234459,-0.093703,2.435977,-1.763686,0.000647,0.000032,-0.673093,-0.094145,0.790263,0.282872,-2.441139,-2.611819,-2.609631,-0.000435,0.001327,14.453179,-8.625315,-9.390806,-15.856976,7.483363,-0.137529,0.006309,-0.079215,0.069211,10.461535,-30.391256,10.589845,8.221442,-2.763241,-4.605876,-5.431816,-1.416229,-0.057307,10.461535,-30.391256,10.589845,8.221442,-2.763241,-4.605876,-5.431816,-1.416229,-0.057307,87.000000,87.000000,87.000000,87.000000,12.000000,12.000000,12.000000,200.000000,200.000000,0.000000,0.000000,0.000000,0.000000,0.000000,0.000000,0.000000,0.000000,0.000000
322,-1.621851,0.864954,1.020993,1.932850,0.317004,-0.509885,-4.547004,-0.732082,0.229470,0.526042,-2.243055,-0.011301,2.517227,-1.677180,0.000517,0.000132,0.116398,0.121352,0.018752,0.126363,2.732982,2.605451,2.611470,-0.000207,0.001231,0.992382,9.456098,-1.365620,18.601278,6.513047,29.644245,0.288076,-0.361163,0.301990,-6.473217,-28.908268,-1.444063,32.574345,6.725593,12.000000,4.629497,-1.664265,0.156145,-6.473217,-28.908268,-1.444063,32.574345,6.725593,16.214230,4.629497,-1.664265,0.156145,87.000000,87.000000,87.000000,87.000000,12.000000,12.000000,12.000000,200.000000,200.000000,0.000000,0.000000,0.000000,0.000000,0.000000,0.000000,0.000000,0.000000,0.000000
323,-1.462029,0.737904,1.113414,1.258157,-0.505459,-1.617385,-5.296762,-0.731571,0.226852,0.522075,-2.230258,-0.090416,2.437559,-1.763643,0.000656,0.000041,-0.118941,-0.473654,-0.053121,-0.005865,-2.585405,-2.607170,-2.611216,-0.000470,0.002421,-3.539845,-17.589111,0.526554,-30.117619,0.211072,-0.044475,0.012217,-0.143562,0.086497,0.223648,-33.740463,2.895745,2.171026,-6.106975,-9.787964,-4.536203,-1.537165,-0.131905,0.223648,-33.740463,2.895745,2.171026,-6.106975,-9.787964,-4.536203,-1.537165,-0.131905,87.000000,87.000000,87.000000,87.000000,12.000000,12.000000,12.000000,200.000000,200.000000,0.000000,0.000000,0.000000,0.000000,0.000000,0.000000,0.000000,0.000000,0.000000
324,-1.468706,0.994106,1.082902,1.921966,0.266722,-0.596582,-4.603297,-0.724898,0.223625,0.515682,-2.245025,-0.010417,2.518117,-1.678720,0.000512,0.000149,0.164296,0.072656,-0.079761,0.035186,2.732909,2.608474,2.386527,0.001107,-0.000245,-0.887449,18.538769,6.393462,29.312586,-0.344510,0.258965,-13.549832,0.032653,-0.061545,-1.177525,-22.618719,2.593139,33.191910,4.171620,10.704317,2.411851,-1.078213,-0.394500,-1.177525,-22.618719,2.593139,33.191910,4.171620,10.704317,2.411851,-1.078213,-0.394500,87.000000,87.000000,87.000000,87.000000,12.000000,12.000000,12.000000,200.000000,200.000000,0.000000,0.000000,0.000000,0.000000,0.000000,0.000000,0.000000,0.000000,0.000000
325,-1.308463,0.862764,1.173498,1.216472,-0.561254,-1.613279,-5.316710,-0.722034,0.222931,0.510395,-2.233195,-0.090790,2.438403,-1.765455,0.000642,0.000043,-0.019879,-0.329952,-0.051890,0.007984,-2.590777,-2.607777,-2.610705,-0.000012,0.001424,-1.802280,-12.210740,3.133047,-27.416655,0.222130,-0.035348,0.010085,-0.060847,0.096621,5.436425,-28.509007,6.381276,0.855628,-8.293282,-9.689067,-5.190558,-1.402966,-0.040766,5.436425,-28.509007,6.381276,0.855628,-8.293282,-9.689067,-5.190558,-1.402966,-0.040766,87.000000,87.000000,87.000000,87.000000,12.000000,12.000000,12.000000,200.000000,200.000000,0.000000,0.000000,0.000000,0.000000,0.000000,0.000000,0.000000,0.000000,0.000000
326,-1.495867,1.015209,1.053862,1.930934,0.293404,-0.639127,-4.578823,-0.717492,0.225102,0.509456,-2.247190,-0.010074,2.518192,-1.679273,0.000502,0.000154,0.101534,0.236053,0.065198,0.068422,2.734713,2.604326,2.608175,0.000226,0.000466,0.647170,18.228855,3.513365,30.092360,-0.304084,0.012102,-0.246749,-0.090162,0.019180,-2.603716,-22.349962,1.378015,33.680428,5.205160,8.995106,3.501531,-1.201935,-0.316781,-2.603716,-22.349962,1.378015,33.680428,5.205160,8.995106,3.501531,-1.201935,-0.316781,87.000000,87.000000,87.000000,87.000000,12.000000,12.000000,12.000000,200.000000,200.000000,0.000000,0.000000,0.000000,0.000000,0.000000,0.000000,0.000000,0.000000,0.000000
327,-1.355469,0.756902,1.219443,1.285313,-0.502361,-1.462295,-5.339594,-0.725179,0.228404,0.517703,-2.234665,-0.088747,2.441797,-1.766375,0.000644,0.000045,-0.288897,-0.264418,0.289454,0.055592,-2.579485,-2.607746,-2.610783,0.000821,0.000522,3.984902,-15.842588,-3.952809,-26.485691,0.181818,-0.027394,0.005007,-0.012236,0.002257,4.854722,-33.561523,6.320464,3.652713,-6.133067,-3.907598,-6.032477,-1.381030,-0.142445,4.854722,-33.561523,6.320464,3.652713,-6.133067,-3.907598,-6.032477,-1.381030,-0.142445,87.000000,87.000000,87.000000,87.000000,12.000000,12.000000,12.000000,200.000000,200.000000,0.000000,0.000000,0.000000,0.000000,0.000000,0.000000,0.000000,0.000000,0.000000
328,-1.600355,0.808384,0.930799,2.024211,0.282973,-0.534689,-4.512994,-0.712032,0.227091,0.506130,-2.247158,-0.008047,2.522117,-1.679198,0.000517,0.000144,0.324358,0.024818,-0.288071,0.092040,2.744628,2.604632,2.611805,-0.000114,0.000764,-6.300045,11.912714,6.328051,24.673651,5.666213,27.204149,0.260811,-0.345227,0.235528,-8.195486,-30.580362,-2.192791,36.999020,5.020029,12.000000,6.148661,-1.645535,0.053344,-8.195486,-30.580362,-2.192791,36.999020,5.020029,14.669962,6.148661,-1.645535,0.053344,87.000000,87.000000,87.000000,87.000000,12.000000,12.000000,12.000000,200.000000,200.000000,0.000000,0.000000,0.000000,0.000000,0.000000,0.000000,0.000000,0.000000,0.000000
329,-1.337334,0.797544,1.226464,1.252014,-0.552809,-1.616922,-5.358456,-0.722410,0.225293,0.514062,-2.234166,-0.088001,2.442117,-1.766373,0.000649,0.000040,-0.399350,-0.388755,0.325779,0.048835,-2.584946,-2.607789,-2.610743,-0.000500,0.001452,4.178926,-14.158355,-3.378303,-26.641598,0.175223,-0.026836,0.003233,-0.156937,0.112411,5.653904,-31.259056,6.839264,2.291917,-8.196910,-10.131298,-6.787370,-1.545052,-0.010227,5.653904,-31.259056,6.839264,2.291917,-8.196910,-10.131298,-6.787370,-1.545052,-0.010227,87.000000,87.000000,87.000000,87.000000,12.000000,12.000000,12.000000,200.000000,200.000000,0.000000,0.000000,0.000000,0.000000,0.000000,0.000000,0.000000,0.000000,0.000000
330,-1.606005,0.899876,0.882283,1.903507,0.253531,-0.686539,-4.502934,-0.709103,0.220218,0.499165,-2.249018,-0.009401,2.520287,-1.679197,0.000544,0.000120,0.328494,-0.063638,-0.396135,-0.034564,2.604578,2.529427,2.610826,0.002284,-0.001146,-7.789664,13.966882,7.680001,25.679077,-7.809219,-4.556880,-0.033603,0.045792,-0.074730,-8.756565,-26.013021,-3.199692,32.742775,3.540395,6.910690,6.534093,-1.209587,-0.287427,-8.756565,-26.013021,-3.199692,32.742775,3.540395,6.910690,6.534093,-1.209587,-0.287427,87.000000,87.000000,87.000000,87.000000,12.000000,12.000000,12.000000,200.000000,200.000000,0.000000,0.000000,0.000000,0.000000,0.000000,0.000000,0.000000,0.000000,0.000000
331,-1.252895,0.809616,1.270999,1.307211,-0.556386,-1.532993,-5.362924,-0.720131,0.218051,0.506475,-2.236489,-0.089029,2.441756,-1.766354,0.000658,0.000035,-0.396316,-0.341303,0.332326,0.128527,-2.576634,-2.608719,-2.610197,-0.001357,0.001903,5.931353,-10.555818,-2.113480,-21.225893,0.119390,-0.015736,0.000901,-0.207061,0.106011,8.938916,-30.118280,9.284917,4.781819,-8.282801,-6.742113,-6.969202,-1.594865,-0.038495,8.938916,-30.118280,9.284917,4.781819,-8.282801,-6.742113,-6.969202,-1.594865,-0.038495,87.000000,87.000000,87.000000,87.000000,12.000000,12.000000,12.000000,200.000000,200.000000,0.000000,0.000000,0.000000,0.000000,0.000000,0.000000,0.000000,0.000000,0.000000
332,-1.557835,1.000054,0.964584,1.826881,0.273717,-0.692461,-4.568027,-0.715232,0.216582,0.502480,-2.250202,-0.009463,2.520248,-1.679973,0.000535,0.000129,0.130118,0.073095,-0.091207,-0.030851,2.710328,2.561789,2.611264,0.001536,-0.000451,-1.476797,15.248714,3.081238,23.547173,-0.782518,-2.618522,-0.016479,0.019647,-0.040435,-5.454121,-22.010250,-1.247471,29.644150,4.413054,6.685420,3.992008,-1.177252,-0.302091,-5.454121,-22.010250,-1.247471,29.644150,4.413054,6.685420,3.992008,-1.177252,-0.302091,87.000000,87.000000,87.000000,87.000000,12.000000,12.000000,12.000000,200.000000,200.000000,0.000000,0.000000,0.000000,0.000000,0.000000,0.000000,0.000000,0.000000,0.000000
333,-1.249938,0.864663,1.348314,1.239270,-0.502603,-1.594431,-5.401592,-0.733083,0.218860,0.520684,-2.239300,-0.088300,2.440801,-1.767131,0.000655,0.000036,-0.523362,-0.210537,0.587742,0.044097,-2.584722,-2.608387,-2.610294,0.000232,0.000819,11.696126,-10.813621,-7.450733,-23.410460,0.175395,-0.021057,0.002561,-0.040699,0.006816,10.767268,-28.344622,10.249029,2.387612,-6.164532,-9.124418,-8.453362,-1.416224,-0.135397,10.767268,-28.344622,10.249029,2.387612,-6.164532,-9.124418,-8.453362,-1.416224,-0.135397,87.000000,87.000000,87.000000,87.000000,12.000000,12.000000,12.000000,200.000000,200.000000,0.000000,0.000000,0.000000,0.000000,0.000000,0.000000,0.000000,0.000000,0.000000
334,-1.589499,0.857407,1.033687,1.951927,0.305687,-0.625134,-4.555292,-0.729640,0.220007,0.522223,-2.253561,-0.007153,2.520732,-1.680568,0.000530,0.000130,0.120955,0.105972,0.034682,0.014365,2.740844,2.604684,2.611817,0.000016,0.000445,0.507803,12.247811,0.602613,26.969233,-0.231113,-0.012746,0.005665,-0.144336,0.058056,-5.424860,-28.249769,-0.548930,34.993702,5.451335,9.349224,4.548676,-1.334396,-0.204576,-5.424860,-28.249769,-0.548930,34.993702,5.451335,9.349224,4.548676,-1.334396,-0.204576,87.000000,87.000000,87.000000,87.000000,12.000000,12.000000,12.000000,200.000000,200.000000,0.000000,0.000000,0.000000,0.000000,0.000000,0.000000,0.000000,0.000000,0.000000
335,-1.332700,0.849633,1.242570,1.273331,-0.498342,-1.625942,-5.350457,-0.733214,0.221707,0.526520,-2.240036,-0.086070,2.440662,-1.767718,0.000652,0.000038,-0.171144,-0.238887,0.201899,0.126514,-2.581566,-2.608331,-2.610499,0.000096,0.001268,2.798303,-11.213773,-1.051404,-23.174715,0.137658,-0.021114,0.004034,-0.039602,0.041716,6.028186,-29.120882,6.938212,3.603812,-6.183475,-10.373899,-6.360332,-1.397241,-0.111290,6.028186,-29.120882,6.938212,3.603812,-6.183475,-10.373899,-6.360332,-1.397241,-0.111290,87.000000,87.000000,87.000000,87.000000,12.000000,12.000000,12.000000,200.000000,200.000000,0.000000,0.000000,0.000000,0.000000,0.000000,0.000000,0.000000,0.000000,0.000000
336,-1.534456,0.852219,1.092659,1.987934,0.298786,-0.625376,-4.570345,-0.728370,0.223164,0.527529,-2.250983,-0.005164,2.520473,-1.681336,0.000518,0.000140,0.126891,0.127863,0.084285,0.132340,2.744577,2.604377,2.612053,0.000367,0.000119,0.490039,12.890949,2.198159,28.167439,-0.300279,-0.005107,-0.000572,-0.087091,0.004597,-3.346812,-28.730307,1.348661,35.979683,5.002183,9.361434,4.007058,-1.238758,-0.290227,-3.346812,-28.730307,1.348661,35.979683,5.002183,9.361434,4.007058,-1.238758,-0.290227,87.000000,87.000000,87.000000,87.000000,12.000000,12.000000,12.000000,200.000000,200.000000,0.000000,0.000000,0.000000,0.000000,0.000000,0.000000,0.000000,0.000000,0.000000
337,-1.490511,0.751572,1.055452,1.288059,-0.498833,-1.573823,-5.263392,-0.723137,0.221381,0.519983,-2.236126,-0.084373,2.441272,-1.766882,0.000653,0.000042,0.000559,-0.422382,-0.153445,0.102003,-2.592402,-2.610670,-2.501814,-0.000380,0.002506,-6.104926,-15.863793,2.249238,-27.467367,-0.512195,-0.224104,6.570253,-0.119090,0.159813,-2.051852,-32.794209,1.107218,3.699609,-6.341883,-8.341677,-2.920367,-1.498275,-0.022815,-2.051852,-32.794209,1.107218,3.699609,-6.341883,-8.341677,-2.920367,-1.498275,-0.022815,87.000000,87.000000,87.000000,87.000000,12.000000,12.000000,12.000000,200.000000,200.000000,0.000000,0.000000,0.000000,0.000000,0.000000,0.000000,0.000000,0.000000,0.000000
338,-1.555833,0.935010,1.005493,1.977095,0.286654,-0.597291,-4.582592,-0.716748,0.219270,0.513442,-2.247000,-0.004100,2.521569,-1.680686,0.000517,0.000143,0.117346,0.082416,-0.087450,0.160556,2.732111,2.604952,2.601132,0.001716,-0.000565,-2.631341,16.900360,5.432067,29.722952,-0.797539,0.042973,-0.658765,0.080718,-0.072307,-5.289979,-24.754547,-0.356772,35.240311,4.441374,10.398011,3.463153,-1.047175,-0.378927,-5.289979,-24.754547,-0.356772,35.240311,4.441374,10.398011,3.463153,-1.047175,-0.378927,87.000000,87.000000,87.000000,87.000000,12.000000,12.000000,12.000000,200.000000,200.000000,0.000000,0.000000,0.000000,0.000000,0.000000,0.000000,0.000000,0.000000,0.000000
339,-1.374336,0.865898,1.195597,1.219061,-0.539200,-1.577532,-5.361421,-0.726504,0.219529,0.519330,-2.232104,-0.084161,2.442420,-1.767869,0.000655,0.000035,-0.364537,-0.307499,0.232802,0.096700,-2.592374,-2.607553,-2.610889,-0.000644,0.001373,3.572997,-12.876063,-3.542443,-27.710657,0.189157,-0.029826,0.005808,-0.180939,0.106341,4.380207,-28.209249,5.415881,0.617881,-7.939249,-8.580775,-6.785720,-1.587172,-0.005924,4.380207,-28.209249,5.415881,0.617881,-7.939249,-8.580775,-6.785720,-1.587172,-0.005924,87.000000,87.000000,87.000000,87.000000,12.000000,12.000000,12.000000,200.000000,200.000000,0.000000,0.000000,0.000000,0.000000,0.000000,0.000000,0.000000,0.000000,0.000000
340,-1.527953,0.920552,1.013888,1.868142,0.236664,-0.560383,-4.610594,-0.720048,0.217870,0.512004,-2.247064,-0.007016,2.523553,-1.682797,0.000534,0.000128,0.166124,0.038210,-0.169664,-0.055433,2.508428,2.611866,2.408446,0.001460,-0.000274,-2.441644,13.512270,4.670443,23.981342,-13.321651,0.393205,-12.193736,0.009676,-0.020853,-4.023111,-25.300613,0.265347,31.132643,2.635718,11.715646,2.458508,-1.184362,-0.280615,-4.023111,-25.300613,0.265347,31.132643,2.635718,11.715646,2.458508,-1.184362,-0.280615,87.000000,87.000000,87.000000,87.000000,12.000000,12.000000,12.000000,200.000000,200.000000,0.000000,0.000000,0.000000,0.000000,0.000000,0.000000,0.000000,0.000000,0.000000
341,-1.313801,0.867861,1.279333,1.227202,-0.502893,-1.564327,-5.372964,-0.733391,0.218241,0.522718,-2.237436,-0.086444,2.444880,-1.769965,0.000662,0.000024,-0.440127,-0.276453,0.384942,-0.012316,-2.586986,-2.608140,-2.610506,-0.000044,0.001457,7.184386,-11.266141,-4.772295,-24.708607,0.202489,-0.026093,0.004506,-0.086742,0.104071,7.757611,-28.018621,8.020848,1.831264,-6.317274,-8.247482,-7.080823,-1.486515,0.003716,7.757611,-28.018621,8.020848,1.831264,-6.317274,-8.247482,-7.080823,-1.486515,0.003716,87.000000,87.000000,87.000000,87.000000,12.000000,12.000000,12.000000,200.000000,200.000000,0.000000,0.000000,0.000000,0.000000,0.000000,0.000000,0.000000,0.000000,0.000000
342,-1.547355,0.899758,0.931080,1.920160,0.258553,-0.703263,-4.515090,-0.715374,0.217079,0.504534,-2.252747,-0.007793,2.521400,-1.682785,0.000547,0.000113,0.476223,0.064627,-0.473023,-0.005444,2.601472,2.372786,2.610867,0.001271,-0.000361,-8.795703,14.508347,10.544428,28.591759,-8.291945,-13.928732,-0.050039,-0.042544,-0.006451,-6.361312,-26.080763,-1.308636,33.789082,3.592405,6.086337,6.333810,-1.298966,-0.208712,-6.361312,-26.080763,-1.308636,33.789082,3.592405,6.086337,6.333810,-1.298966,-0.208712,87.000000,87.000000,87.000000,87.000000,12.000000,12.000000,12.000000,200.000000,200.000000,0.000000,0.000000,0.000000,0.000000,0.000000,0.000000,0.000000,0.000000,0.000000
343,-1.287170,0.802553,1.318146,1.287074,-0.493438,-1.457233,-5.402497,-0.731164,0.219075,0.519552,-2.241457,-0.086106,2.444536,-1.769938,0.000658,0.000031,-0.528907,-0.236100,0.546882,0.082054,-2.577098,-2.608481,-2.610318,0.000014,0.000935,9.279810,-11.988351,-5.983221,-22.283974,0.141692,-0.014577,-0.001402,-0.050849,-0.001979,8.996211,-30.844202,9.331125,4.434452,-5.995745,-3.923108,-8.265218,-1.424465,-0.145073,8.996211,-30.844202,9.331125,4.434452,-5.995745,-3.923108,-8.265218,-1.424465,-0.145073,87.000000,87.000000,87.000000,87.000000,12.000000,12.000000,12.000000,200.000000,200.000000,0.000000,0.000000,0.000000,0.000000,0.000000,0.000000,0.000000,0.000000,0.000000
344,-1.540434,0.835477,0.993092,1.944559,0.240200,-0.667570,-4.549613,-0.719624,0.218366,0.510796,-2.254272,-0.008512,2.522958,-1.683118,0.000540,0.000118,0.328955,0.043761,-0.238063,0.046898,2.514626,2.563927,2.611166,0.001148,-0.000405,-4.435737,12.237763,5.796591,26.864250,-13.754696,-2.463555,-0.032616,-0.048704,-0.009235,-5.100258,-28.829969,-0.230919,34.654297,2.866207,7.466427,4.979703,-1.285330,-0.223639,-5.100258,-28.829969,-0.230919,34.654297,2.866207,7.466427,4.979703,-1.285330,-0.223639,87.000000,87.000000,87.000000,87.000000,12.000000,12.000000,12.000000,200.000000,200.000000,0.000000,0.000000,0.000000,0.000000,0.000000,0.000000,0.000000,0.000000,0.000000
345,-1.438466,0.747976,1.210578,1.336330,-0.470082,-1.655676,-5.309356,-0.733826,0.217830,0.524053,-2.239820,-0.086926,2.442428,-1.769507,0.000663,0.000033,-0.505215,-0.342275,0.451459,0.164131,-2.572766,-2.608312,-2.610701,-0.000657,0.001956,5.956074,-13.810369,-6.754882,-22.239891,0.080295,-0.013146,-0.002475,-0.154049,0.132389,2.907391,-32.748844,4.875787,6.059136,-5.011620,-11.704087,-4.573117,-1.561396,0.014679,2.907391,-32.748844,4.875787,6.059136,-5.011620,-11.704087,-4.573117,-1.561396,0.014679,87.000000,87.000000,87.000000,87.000000,12.000000,12.000000,12.000000,200.000000,200.000000,0.000000,0.000000,0.000000,0.000000,0.000000,0.000000,0.000000,0.000000,0.000000
346,-1.503678,0.986591,1.023225,1.841277,0.227722,-0.592867,-4.613057,-0.723484,0.215875,0.515128,-2.251558,-0.010157,2.523030,-1.684367,0.000539,0.000124,0.301736,0.062728,-0.227428,0.046626,2.487099,2.611825,2.416108,0.001646,-0.000690,-3.219783,15.792560,6.094062,24.210255,-14.355182,0.396051,-11.739048,0.050938,-0.069701,-3.179322,-22.433989,0.618018,30.156759,2.527696,10.458448,2.489072,-1.139590,-0.325491,-3.179322,-22.433989,0.618018,30.156759,2.527696,10.458448,2.489072,-1.139590,-0.325491,87.000000,87.000000,87.000000,87.000000,12.000000,12.000000,12.000000,200.000000,200.000000,0.000000,0.000000,0.000000,0.000000,0.000000,0.000000,0.000000,0.000000,0.000000
347,-1.274880,0.953091,1.337241,1.224303,-0.468833,-1.611627,-5.369305,-0.737035,0.219521,0.530326,-2.237320,-0.088878,2.443667,-1.771527,0.000662,0.000025,-0.430804,-0.129607,0.530666,0.153422,-2.590222,-2.608379,-2.610329,0.000055,0.001471,9.591623,-8.346315,-5.536519,-22.976507,0.148015,-0.015550,0.000086,-0.069833,0.110230,9.719582,-24.935055,9.296329,1.363762,-4.754332,-10.041267,-6.810295,-1.466761,0.019121,9.719582,-24.935055,9.296329,1.363762,-4.754332,-10.041267,-6.810295,-1.466761,0.019121,87.000000,87.000000,87.000000,87.000000,12.000000,12.000000,12.000000,200.000000,200.000000,0.000000,0.000000,0.000000,0.000000,0.000000,0.000000,0.000000,0.000000,0.000000
348,-1.598831,0.820844,1.028692,2.000089,0.366913,-0.552250,-4.530327,-0.729145,0.222443,0.528154,-2.248014,-0.005897,2.524839,-1.684544,0.000539,0.000119,0.224856,0.139979,-0.056445,0.128476,2.745153,2.604703,2.611794,0.000140,0.000364,-1.913631,10.926749,2.473420,26.686607,-0.250268,-0.010557,0.007153,-0.135044,0.044703,-6.253540,-30.074785,-0.873926,36.152672,7.787320,11.936022,5.865568,-1.346311,-0.198027,-6.253540,-30.074785,-0.873926,36.152672,7.787320,11.936022,5.865568,-1.346311,-0.198027,87.000000,87.000000,87.000000,87.000000,12.000000,12.000000,12.000000,200.000000,200.000000,0.000000,0.000000,0.000000,0.000000,0.000000,0.000000,0.000000,0.000000,0.000000
349,-1.463565,0.736167,1.080436,1.291286,-0.492318,-1.519795,-5.299857,-0.724092,0.220950,0.520121,-2.233855,-0.084781,2.446456,-1.770855,0.000666,0.000039,-0.012859,-0.419721,-0.148244,0.077861,-2.580390,-2.607510,-2.611105,-0.000542,0.002320,-5.879016,-16.317289,2.738395,-27.871862,0.168772,-0.033016,0.008025,-0.115973,0.084904,-0.851843,-33.409374,2.112798,3.687805,-6.047803,-6.594563,-4.083586,-1.507737,-0.121611,-0.851843,-33.409374,2.112798,3.687805,-6.047803,-6.594563,-4.083586,-1.507737,-0.121611,87.000000,87.000000,87.000000,87.000000,12.000000,12.000000,12.000000,200.000000,200.000000,0.000000,0.000000,0.000000,0.000000,0.000000,0.000000,0.000000,0.000000,0.000000
350,-1.516125,1.003809,1.073751,1.902011,0.279303,-0.724823,-4.596457,-0.722711,0.219823,0.519775,-2.246386,-0.005402,2.520921,-1.684822,0.000527,0.000142,0.003965,0.123407,0.083911,0.101939,2.692190,2.246733,2.563116,0.001710,-0.000684,1.202039,17.446682,2.915873,30.674812,-2.580671,-21.462721,-2.942133,0.063818,-0.076118,-2.703624,-22.126137,1.265441,32.388233,4.261533,5.168996,3.232471,-1.103422,-0.369518,-2.703624,-22.126137,1.265441,32.388233,4.261533,5.168996,3.232471,-1.103422,-0.369518,87.000000,87.000000,87.000000,87.000000,12.000000,12.000000,12.000000,200.000000,200.000000,0.000000,0.000000,0.000000,0.000000,0.000000,0.000000,0.000000,0.000000,0.000000
351,-1.328625,0.832200,1.306044,1.275055,-0.475928,-1.573428,-5.343251,-0.736861,0.222032,0.533494,-2.232687,-0.083718,2.441133,-1.771773,0.000636,0.000052,-0.438657,-0.242004,0.439974,0.113774,-2.582886,-2.608137,-2.610531,0.000323,0.000681,8.143025,-12.580334,-6.207375,-24.368380,0.151806,-0.022087,0.003119,0.006166,-0.017352,7.498599,-29.914425,7.993086,3.049397,-5.470840,-8.311657,-5.747662,-1.302880,-0.200176,7.498599,-29.914425,7.993086,3.049397,-5.470840,-8.311657,-5.747662,-1.302880,-0.200176,87.000000,87.000000,87.000000,87.000000,12.000000,12.000000,12.000000,200.000000,200.000000,0.000000,0.000000,0.000000,0.000000,0.000000,0.000000,0.000000,0.000000,0.000000
352,-1.523015,0.984658,0.984086,1.801354,0.234437,-0.698202,-4.580032,-0.719909,0.221383,0.518357,-2.247892,-0.007221,2.519411,-1.685373,0.000533,0.000127,0.463075,0.067975,-0.399907,-0.108422,2.463539,2.537584,2.610763,0.001524,-0.000728,-7.133657,13.800389,8.739942,21.699594,-15.388025,-4.095253,-0.039024,-0.042895,-0.012613,-4.890532,-23.081049,-0.597527,28.533466,2.581503,6.515829,3.944061,-1.283965,-0.226586,-4.890532,-23.081049,-0.597527,28.533466,2.581503,6.515829,3.944061,-1.283965,-0.226586,87.000000,87.000000,87.000000,87.000000,12.000000,12.000000,12.000000,200.000000,200.000000,0.000000,0.000000,0.000000,0.000000,0.000000,0.000000,0.000000,0.000000,0.000000
353,-1.354824,0.778513,1.268946,1.362751,-0.436616,-1.476375,-5.333707,-0.730144,0.223235,0.528401,-2.237428,-0.084319,2.442335,-1.772180,0.000654,0.000029,-0.399120,-0.235807,0.404833,0.104600,-2.568036,-2.608827,-2.610318,0.000334,0.000906,5.323604,-11.659409,-3.743668,-19.408213,0.096931,-0.008798,-0.003119,-0.030723,0.036674,5.639913,-32.120667,7.158306,7.245009,-3.892614,-4.523012,-5.334291,-1.404270,-0.075349,5.639913,-32.120667,7.158306,7.245009,-3.892614,-4.523012,-5.334291,-1.404270,-0.075349,87.000000,87.000000,87.000000,87.000000,12.000000,12.000000,12.000000,200.000000,200.000000,0.000000,0.000000,0.000000,0.000000,0.000000,0.000000,0.000000,0.000000,0.000000
354,-1.514020,0.902190,0.994610,1.951960,0.240960,-0.768618,-4.520635,-0.714042,0.223680,0.514974,-2.247357,-0.007866,2.510334,-1.685002,0.000537,0.000117,0.439118,0.108971,-0.340638,0.185030,2.457928,1.946766,2.610806,0.001075,-0.000340,-6.621263,14.177219,8.721412,31.598694,-17.059235,-33.118633,-0.057535,-0.048608,-0.011270,-4.909564,-26.649233,-0.064634,34.288612,2.801242,4.420882,6.288744,-1.267050,-0.234569,-4.909564,-26.649233,-0.064634,34.288612,2.801242,4.420882,6.288744,-1.267050,-0.234569,87.000000,87.000000,87.000000,87.000000,12.000000,12.000000,12.000000,200.000000,200.000000,0.000000,0.000000,0.000000,0.000000,0.000000,0.000000,0.000000,0.000000,0.000000
355,-1.337834,0.746802,1.328928,1.340919,-0.448144,-1.444437,-5.360946,-0.731233,0.225871,0.533860,-2.232301,-0.084788,2.433578,-1.772154,0.000626,0.000046,-0.574033,-0.269484,0.638138,0.185123,-2.573717,-2.608218,-2.610531,0.000382,0.000966,9.400309,-14.527581,-7.880430,-23.023582,0.100536,-0.011601,-0.003963,0.051324,-0.016708,7.104053,-33.672276,8.264574,5.537560,-4.301125,-2.518227,-6.425398,-1.212311,-0.203206,7.104053,-33.672276,8.264574,5.537560,-4.301125,-2.518227,-6.425398,-1.212311,-0.203206,87.000000,87.000000,87.000000,87.000000,12.000000,12.000000,12.000000,200.000000,200.000000,0.000000,0.000000,0.000000,0.000000,0.000000,0.000000,0.000000,0.000000,0.000000
356,-1.696583,0.842179,0.859151,1.945582,0.304992,-0.546634,-4.505657,-0.715391,0.221930,0.518428,-2.243648,-0.003891,2.514671,-1.684991,0.000535,0.000120,0.406622,-0.082562,-0.458126,0.044258,2.734902,2.605504,2.611260,0.001488,-0.000452,-9.391137,10.508781,6.510045,20.429337,3.657689,16.803001,0.175753,-0.175429,0.094207,-12.163848,-28.609348,-5.585534,33.468632,5.448606,12.000000,6.901044,-1.497428,-0.059428,-12.163848,-28.609348,-5.585534,33.468632,5.448606,14.092866,6.901044,-1.497428,-0.059428,87.000000,87.000000,87.000000,87.000000,12.000000,12.000000,12.000000,200.000000,200.000000,0.000000,0.000000,0.000000,0.000000,0.000000,0.000000,0.000000,0.000000,0.000000
357,-1.328755,0.923481,1.278345,1.220837,-0.500948,-1.644088,-5.390166,-0.729587,0.220210,0.529006,-2.231205,-0.083244,2.434668,-1.772160,0.000660,0.000033,-0.504292,-0.312923,0.417365,0.065558,-2.592313,-2.608062,-2.610587,-0.000921,0.001986,6.560558,-9.761319,-4.447852,-24.733858,0.178342,-0.022273,0.001488,-0.193478,0.142892,6.984277,-25.767282,7.417344,0.869950,-6.483081,-10.621007,-7.593299,-1.603093,0.030301,6.984277,-25.767282,7.417344,0.869950,-6.483081,-10.621007,-7.593299,-1.603093,0.030301,87.000000,87.000000,87.000000,87.000000,12.000000,12.000000,12.000000,200.000000,200.000000,0.000000,0.000000,0.000000,0.000000,0.000000,0.000000,0.000000,0.000000,0.000000
358,-1.535816,0.899340,1.009376,1.916053,0.273809,-0.652302,-4.556168,-0.719694,0.217841,0.518807,-2.245527,-0.003776,2.514401,-1.685416,0.000537,0.000125,0.275247,0.020237,-0.263148,-0.015192,2.687556,2.606320,2.611696,0.001194,-0.000248,-4.023862,13.857775,6.462523,25.293030,-2.961173,0.072870,-0.002189,-0.010579,-0.016465,-4.743637,-26.077549,-0.114034,32.896130,3.918511,8.768801,4.901465,-1.207090,-0.268317,-4.743637,-26.077549,-0.114034,32.896130,3.918511,8.768801,4.901465,-1.207090,-0.268317,87.000000,87.000000,87.000000,87.000000,12.000000,12.000000,12.000000,200.000000,200.000000,0.000000,0.000000,0.000000,0.000000,0.000000,0.000000,0.000000,0.000000,0.000000
359,-1.289811,0.853195,1.339997,1.281837,-0.495228,-1.507983,-5.381992,0.000000,-0.697268,0.000000,-1.674071,0.000000,3.613857,0.862628,0.039663,0.040000,0.000000,0.000000,0.000000,0.000000,0.000000,0.000000,0.000000,0.000000,0.000000,0.000000,0.000000,0.000000,0.000000,0.000000,0.000000,0.000000,0.000000,0.000000,-51.592445,44.389198,53.599895,-39.600811,-12.000000,-12.000000,-12.000000,-79.326645,-80.000000,-51.592445,44.389198,53.599895,-39.600811,-19.809126,-106.467896,-225.009979,-79.326645,-80.000000,87.000000,87.000000,87.000000,87.000000,12.000000,12.000000,12.000000,200.000000,200.000000,0.000000,0.000000,0.000000,0.000000,0.000000,0.000000,0.000000,0.000000,0.000000
