Timestep,agent_joint_pos_J1,agent_joint_pos_J2,agent_joint_pos_J3,agent_joint_pos_J4,agent_joint_pos_J5,agent_joint_pos_J6,agent_joint_pos_J7,joint_pos_J1,joint_pos_J2,joint_pos_J3,joint_pos_J4,joint_pos_J5,joint_pos_J6,joint_pos_J7,joint_pos_J8,joint_pos_J9,joint_vel_J1,joint_vel_J2,joint_vel_J3,joint_vel_J4,joint_vel_J5,joint_vel_J6,joint_vel_J7,joint_vel_J8,joint_vel_J9,joint_acc_J1,joint_acc_J2,joint_acc_J3,joint_acc_J4,joint_acc_J5,joint_acc_J6,joint_acc_J7,joint_acc_J8,joint_acc_J9,joint_applied_torque_J1,joint_applied_torque_J2,joint_applied_torque_J3,joint_applied_torque_J4,joint_applied_torque_J5,joint_applied_torque_J6,joint_applied_torque_J7,joint_applied_torque_J8,joint_applied_torque_J9,joint_computed_torque_J1,joint_computed_torque_J2,joint_computed_torque_J3,joint_computed_torque_J4,joint_computed_torque_J5,joint_computed_torque_J6,joint_computed_torque_J7,joint_computed_torque_J8,joint_computed_torque_J9,joint_effort_limits_J1,joint_effort_limits_J2,joint_effort_limits_J3,joint_effort_limits_J4,joint_effort_limits_J5,joint_effort_limits_J6,joint_effort_limits_J7,joint_effort_limits_J8,joint_effort_limits_J9,joint_effort_target_J1,joint_effort_target_J2,joint_effort_target_J3,joint_effort_target_J4,joint_effort_target_J5,joint_effort_target_J6,joint_effort_target_J7,joint_effort_target_J8,joint_effort_target_J9
0,0.153212,0.504674,0.215583,0.999759,-0.141528,-0.739379,-0.464979,0.001748,-0.513414,0.006598,-2.641458,-0.036756,1.990310,0.460300,0.032193,0.033046,0.072116,1.059016,0.384152,0.754528,-1.266094,0.781340,0.988885,-0.205968,-0.206217,0.017017,28.128117,11.426058,18.058290,17.233385,18.082476,-23.844826,0.205776,0.194751,5.764193,14.482217,7.726433,25.065332,1.896120,12.000000,-0.151294,-50.331825,-52.046494,5.764193,14.482217,7.726433,25.065332,1.896120,54.775650,-0.151294,-50.331825,-52.046494,87.000000,87.000000,87.000000,87.000000,12.000000,12.000000,12.000000,200.000000,200.000000,0.000000,0.000000,0.000000,0.000000,0.000000,0.000000,0.000000,0.000000,0.000000
1,-0.293889,-0.023408,0.343904,1.132471,-0.140647,-1.018139,-1.336789,-0.050181,-0.478398,0.064439,-2.622296,-0.056250,2.066335,0.373268,0.025467,0.026261,-2.052897,1.095627,2.182325,1.022813,-0.693097,1.475823,-2.609329,-0.196991,-0.199538,-23.295727,0.414362,20.377657,8.339159,4.674815,11.917218,0.057964,0.507621,0.380321,-3.768716,-11.125685,4.074184,27.633972,1.218416,12.000000,-12.000000,-36.973183,-38.613533,-3.768716,-11.125685,4.074184,27.633972,1.218416,34.914040,-17.092510,-36.973183,-38.613533,87.000000,87.000000,87.000000,87.000000,12.000000,12.000000,12.000000,200.000000,200.000000,0.000000,0.000000,0.000000,0.000000,0.000000,0.000000,0.000000,0.000000,0.000000
2,-0.247035,0.276290,0.660247,0.941103,-0.317137,-1.130269,-3.212768,-0.114935,-0.437234,0.137071,-2.594591,-0.107590,2.152802,0.287017,0.019062,0.019694,-1.807624,1.344629,2.183926,1.012657,-1.291412,2.610801,-2.579403,-0.188066,-0.193900,8.326320,5.888865,0.200515,-1.331377,29.082741,15.817508,-7.027688,0.427261,0.292922,4.585496,-2.743664,9.635404,17.416435,0.953736,12.000000,-12.000000,-24.889565,-25.985538,4.585496,-2.743664,9.635404,17.416435,0.953736,19.618484,-85.812363,-24.889565,-25.985538,87.000000,87.000000,87.000000,87.000000,12.000000,12.000000,12.000000,200.000000,200.000000,0.000000,0.000000,0.000000,0.000000,0.000000,0.000000,0.000000,0.000000,0.000000
3,-0.333747,0.213406,0.520666,0.982533,-0.402477,-1.090819,-4.853913,-0.162692,-0.390534,0.200463,-2.565699,-0.158461,2.239852,0.200608,0.012817,0.013188,-0.955067,1.421731,1.523061,0.960703,-1.114055,2.610400,-2.609638,-0.186249,-0.194312,27.351599,1.476266,-21.259396,-3.645200,27.027096,-0.005307,-4.147667,0.083477,0.071552,3.641498,-9.433546,-0.361363,16.806547,1.003402,12.000000,-12.000000,-13.090506,-13.308609,3.641498,-9.433546,-0.361363,16.806547,1.003402,13.179604,-144.241562,-13.090506,-13.308609,87.000000,87.000000,87.000000,87.000000,12.000000,12.000000,12.000000,200.000000,200.000000,0.000000,0.000000,0.000000,0.000000,0.000000,0.000000,0.000000,0.000000,0.000000
4,-0.318872,0.249522,0.372742,1.020176,-0.313902,-1.081229,-5.976259,-0.164785,-0.340768,0.224383,-2.541196,-0.166049,2.326884,0.113637,0.007195,0.007117,0.431898,1.487081,0.235289,0.807527,0.062945,2.608378,-2.610851,-0.130578,-0.144380,22.991096,0.608833,-23.092537,-3.867477,8.168903,-0.055633,-0.031672,2.827906,2.984009,0.588110,-12.168938,-4.976549,16.751432,0.970893,6.603068,-12.000000,-1.674746,-0.425343,0.588110,-12.168938,-4.976549,16.751432,0.970893,6.603068,-181.899918,-1.674746,-0.425343,87.000000,87.000000,87.000000,87.000000,12.000000,12.000000,12.000000,200.000000,200.000000,0.000000,0.000000,0.000000,0.000000,0.000000,0.000000,0.000000,0.000000,0.000000
5,-0.292863,0.235187,0.299862,1.098384,-0.209076,-1.078634,-6.373244,-0.139069,-0.290852,0.220203,-2.518860,-0.143801,2.401010,0.026644,0.004002,0.003597,0.800786,1.419782,-0.222152,0.849028,0.637046,1.565593,-2.610784,-0.070692,-0.076203,-3.220178,-3.470678,-1.626963,2.803205,-11.185691,-39.136951,-0.009570,1.437276,1.723389,-2.893803,-16.780350,-5.131369,18.350044,0.756776,1.496655,-12.000000,-1.277669,0.347480,-2.893803,-16.780350,-5.131369,18.350044,0.756776,1.496655,-190.819107,-1.277669,0.347480,87.000000,87.000000,87.000000,87.000000,12.000000,12.000000,12.000000,200.000000,200.000000,0.000000,0.000000,0.000000,0.000000,0.000000,0.000000,0.000000,0.000000,0.000000
6,-0.161655,0.224287,0.213451,0.984061,-0.112797,-1.124226,-6.713920,-0.093354,-0.246977,0.193325,-2.500632,-0.107048,2.433975,-0.060341,0.002247,0.001797,1.235917,1.131350,-0.767037,0.553219,0.984129,0.478197,-2.610707,-0.039980,-0.037678,-16.448271,-9.958362,9.117707,-8.876216,-15.832775,-20.504852,-0.024605,0.748856,0.956549,-3.188635,-20.325073,-4.404716,12.445333,0.493224,0.983297,-12.000000,-0.778523,0.292859,-3.188635,-20.325073,-4.404716,12.445333,0.493224,0.983297,-197.488663,-0.778523,0.292859,87.000000,87.000000,87.000000,87.000000,12.000000,12.000000,12.000000,200.000000,200.000000,0.000000,0.000000,0.000000,0.000000,0.000000,0.000000,0.000000,0.000000,0.000000
7,-0.027935,0.195727,0.132404,1.059278,-0.084645,-1.074753,-7.088420,-0.039319,-0.212336,0.153016,-2.492391,-0.078159,2.456836,-0.147353,0.001265,0.000911,1.318201,0.856052,-1.003504,0.287821,0.668036,0.377614,-2.610697,-0.021653,-0.018779,-25.870569,-9.301703,18.916954,-5.993263,-15.636380,-12.691776,0.003848,0.500540,0.428652,-2.937814,-23.459145,-3.219125,15.669794,0.139156,1.869844,-12.000000,-0.353558,0.025584,-2.937814,-23.459145,-3.219125,15.669794,0.139156,1.869844,-205.506088,-0.353558,0.025584,87.000000,87.000000,87.000000,87.000000,12.000000,12.000000,12.000000,200.000000,200.000000,0.000000,0.000000,0.000000,0.000000,0.000000,0.000000,0.000000,0.000000,0.000000
8,0.105858,0.220795,0.088979,1.111743,-0.053292,-1.037465,-7.359347,0.012276,-0.185247,0.110965,-2.490247,-0.056121,2.475656,-0.234363,0.000734,0.000468,1.214374,0.667230,-0.987563,0.161377,0.530246,0.281118,-2.610607,-0.011993,-0.009136,-26.148125,-6.269849,21.778685,-2.207290,-11.776192,-10.580377,-0.019026,0.272176,0.203359,-1.470791,-23.937185,-1.454035,18.155302,0.220259,2.234174,-12.000000,-0.259284,-0.058335,-1.470791,-23.937185,-1.454035,18.155302,0.220259,2.234174,-209.384048,-0.259284,-0.058335,87.000000,87.000000,87.000000,87.000000,12.000000,12.000000,12.000000,200.000000,200.000000,0.000000,0.000000,0.000000,0.000000,0.000000,0.000000,0.000000,0.000000,0.000000
9,0.205085,0.229059,0.028257,1.128583,-0.030228,-1.024093,-7.692856,0.059812,-0.163765,0.070457,-2.490774,-0.039257,2.487911,-0.321370,0.000445,0.000249,1.105572,0.509691,-0.935700,0.094077,0.420762,0.119755,-2.610494,-0.006936,-0.004038,-24.569298,-5.100767,21.460327,-1.275480,-8.708816,-7.227882,0.003161,0.145453,0.102553,-0.931560,-24.830130,-0.792036,19.108440,0.262649,2.410533,-12.000000,-0.197912,-0.106344,-0.931560,-24.830130,-0.792036,19.108440,0.262649,2.410533,-215.762650,-0.197912,-0.106344,87.000000,87.000000,87.000000,87.000000,12.000000,12.000000,12.000000,200.000000,200.000000,0.000000,0.000000,0.000000,0.000000,0.000000,0.000000,0.000000,0.000000,0.000000
10,0.308314,0.261285,-0.026043,1.129539,-0.011755,-1.006868,-8.031176,0.104591,-0.146486,0.031370,-2.492954,-0.025884,2.497756,-0.408098,0.000285,0.000144,1.039443,0.402810,-0.889823,0.056767,0.336462,0.078578,-2.586986,-0.004052,-0.001643,-23.111700,-3.527092,21.296852,-0.218189,-7.165133,-5.671365,1.001558,0.089028,0.037118,-0.127799,-24.541824,0.033016,19.485369,0.243696,2.513448,-12.000000,-0.148398,-0.154343,-0.127799,-24.541824,0.033016,19.485369,0.243696,2.513448,-222.365250,-0.148398,-0.154343,87.000000,87.000000,87.000000,87.000000,12.000000,12.000000,12.000000,200.000000,200.000000,0.000000,0.000000,0.000000,0.000000,0.000000,0.000000,0.000000,0.000000,0.000000
11,0.380868,0.292937,-0.084035,1.129240,0.006937,-0.987849,-8.320132,0.145072,-0.131949,-0.004082,-2.495677,-0.014540,2.507149,-0.494820,0.000198,0.000094,0.931311,0.335983,-0.793947,0.052499,0.290412,0.073632,-2.584316,-0.002486,-0.000465,-20.818480,-2.250395,19.515459,0.765907,-6.176569,-5.257077,1.126270,0.054717,0.008764,-0.045732,-24.181831,0.192331,19.763245,0.263350,2.560586,-12.000000,-0.125004,-0.174922,-0.045732,-24.181831,0.192331,19.763245,0.263350,2.560586,-226.986618,-0.125004,-0.174922,87.000000,87.000000,87.000000,87.000000,12.000000,12.000000,12.000000,200.000000,200.000000,0.000000,0.000000,0.000000,0.000000,0.000000,0.000000,0.000000,0.000000,0.000000
12,0.441047,0.311466,-0.139982,1.121493,0.016295,-0.975552,-8.568066,0.181378,-0.119350,-0.035926,-2.498091,-0.006365,2.515092,-0.581569,0.000160,0.000083,0.830932,0.279907,-0.707211,0.058345,0.215092,0.039270,-2.599380,-0.000907,0.001252,-18.667795,-1.876736,17.587591,0.687576,-4.455632,-4.403908,0.015779,0.043904,0.023185,-0.152096,-24.273016,0.159301,19.630402,0.283442,2.557579,-12.000000,-0.178785,-0.258378,-0.152096,-24.273016,0.159301,19.630402,0.283442,2.557579,-229.986832,-0.178785,-0.258378,87.000000,87.000000,87.000000,87.000000,12.000000,12.000000,12.000000,200.000000,200.000000,0.000000,0.000000,0.000000,0.000000,0.000000,0.000000,0.000000,0.000000,0.000000
13,0.519744,0.336688,-0.180599,1.119764,0.027144,-0.937629,-8.702509,0.215384,-0.108020,-0.065533,-2.500529,0.000655,2.527791,-0.668092,0.000142,0.000090,0.782614,0.250421,-0.649036,0.067358,0.179039,0.173946,-2.585254,-0.000608,0.001017,-17.165485,-1.159494,16.804996,1.658749,-4.374725,-6.432756,-0.365596,0.007536,-0.034073,0.490473,-24.046879,0.701714,19.791256,0.256154,2.586533,-12.000000,-0.217037,-0.345226,0.490473,-24.046879,0.701714,19.791256,0.256154,2.586533,-228.515305,-0.217037,-0.345226,87.000000,87.000000,87.000000,87.000000,12.000000,12.000000,12.000000,200.000000,200.000000,0.000000,0.000000,0.000000,0.000000,0.000000,0.000000,0.000000,0.000000,0.000000
14,0.553804,0.351670,-0.233215,1.093836,0.012457,-0.940947,-8.915560,0.245002,-0.097967,-0.091118,-2.501889,0.000730,2.535007,-0.754689,0.000137,0.000099,0.674103,0.202044,-0.554902,0.073059,0.020046,0.014325,-2.609778,-0.000690,0.001642,-14.927480,-1.588004,14.380641,-0.181492,-0.159675,-3.980642,-1.521206,-0.002952,0.018607,-0.098707,-24.143904,0.252946,18.746090,0.330414,2.438210,-12.000000,-0.215390,-0.316786,-0.098707,-24.143904,0.252946,18.746090,0.330414,2.438210,-230.109116,-0.215390,-0.316786,87.000000,87.000000,87.000000,87.000000,12.000000,12.000000,12.000000,200.000000,200.000000,0.000000,0.000000,0.000000,0.000000,0.000000,0.000000,0.000000,0.000000,0.000000
15,0.591043,0.361980,-0.269195,1.112308,0.016294,-0.909806,-9.008135,0.270253,-0.088992,-0.112627,-2.503330,0.001314,2.544952,-0.841681,0.000126,0.000112,0.572993,0.178012,-0.461131,0.090151,0.036937,0.108117,-2.609624,-0.000593,0.001399,-12.675350,-0.929789,12.159885,1.449947,-0.880206,-4.973358,0.003233,0.007024,-0.014566,-0.230199,-24.344517,0.156133,19.650650,0.350016,2.584039,-12.000000,-0.183107,-0.384065,-0.230199,-24.344517,0.156133,19.650650,0.350016,2.584039,-226.751694,-0.183107,-0.384065,87.000000,87.000000,87.000000,87.000000,12.000000,12.000000,12.000000,200.000000,200.000000,0.000000,0.000000,0.000000,0.000000,0.000000,0.000000,0.000000,0.000000,0.000000
16,0.614741,0.369568,-0.272083,1.098247,0.000777,-0.915933,-9.146093,0.287128,-0.081106,-0.126163,-2.503465,-0.001960,2.549644,-0.928527,0.000122,0.000120,0.380652,0.136205,-0.272854,0.110502,-0.051288,-0.041252,-2.609491,-0.000701,0.001692,-7.884364,-1.347180,7.918667,0.117329,1.632107,-2.553671,0.004406,-0.002949,0.014371,0.154969,-24.581648,0.378309,18.971561,0.372944,2.496253,-12.000000,-0.183471,-0.372525,0.154969,-24.581648,0.378309,18.971561,0.372944,2.496253,-225.323532,-0.183471,-0.372525,87.000000,87.000000,87.000000,87.000000,12.000000,12.000000,12.000000,200.000000,200.000000,0.000000,0.000000,0.000000,0.000000,0.000000,0.000000,0.000000,0.000000,0.000000
17,0.646216,0.407478,-0.298593,1.086004,0.014002,-0.893766,-9.247635,0.303644,-0.073958,-0.139042,-2.504000,-0.000781,2.557237,-1.015522,0.000118,0.000126,0.383308,0.127403,-0.267699,0.101771,0.061803,0.050185,-2.609388,-0.000384,0.001329,-7.878345,-0.403274,7.734399,0.696900,-0.991166,-3.943192,0.002389,0.000804,-0.022543,0.086587,-23.557545,0.322960,18.583010,0.358237,2.454204,-12.000000,-0.194342,-0.427943,0.086587,-23.557545,0.322960,18.583010,0.358237,2.454204,-222.425522,-0.194342,-0.427943,87.000000,87.000000,87.000000,87.000000,12.000000,12.000000,12.000000,200.000000,200.000000,0.000000,0.000000,0.000000,0.000000,0.000000,0.000000,0.000000,0.000000,0.000000
18,0.660129,0.400984,-0.320437,1.085770,0.007391,-0.900820,-9.363539,0.317634,-0.067475,-0.149624,-2.503787,-0.001623,2.559958,-1.102498,0.000120,0.000126,0.320462,0.096544,-0.214425,0.114303,0.008922,-0.087533,-2.609256,-0.000421,0.001529,-6.592846,-0.978179,6.318230,-0.101766,0.545272,-1.599285,0.004334,0.000992,0.005632,-0.234778,-24.284618,0.072398,18.479925,0.392115,2.451576,-12.000000,-0.195491,-0.393025,-0.234778,-24.284618,0.072398,18.479925,0.392115,2.451576,-220.104538,-0.195491,-0.393025,87.000000,87.000000,87.000000,87.000000,12.000000,12.000000,12.000000,200.000000,200.000000,0.000000,0.000000,0.000000,0.000000,0.000000,0.000000,0.000000,0.000000,0.000000
19,0.660844,0.410621,-0.312161,1.088728,0.007760,-0.893399,-9.409082,0.324711,-0.061790,-0.153533,-2.503592,-0.002000,2.562650,-1.189501,0.000118,0.000128,0.159812,0.075437,-0.059091,0.116052,0.018253,-0.069193,-2.609145,-0.000457,0.001488,-2.813157,-0.720699,2.653000,0.268989,0.004264,-1.330347,0.002131,-0.001657,0.000175,-0.127456,-24.281193,0.091955,18.600775,0.381721,2.501620,-12.000000,-0.193745,-0.403473,-0.127456,-24.281193,0.091955,18.600775,0.381721,2.501620,-214.966644,-0.193745,-0.403473,87.000000,87.000000,87.000000,87.000000,12.000000,12.000000,12.000000,200.000000,200.000000,0.000000,0.000000,0.000000,0.000000,0.000000,0.000000,0.000000,0.000000,0.000000
20,0.665780,0.424757,-0.316613,1.086296,0.015005,-0.890666,-9.457026,0.330136,-0.056646,-0.155892,-2.503174,-0.000630,2.564941,-1.276503,0.000117,0.000127,0.128459,0.062101,-0.032272,0.123292,0.064911,-0.083889,-2.609066,-0.000390,0.001333,-2.131499,-0.455941,1.849479,0.359791,-0.734757,-1.243354,0.002160,0.001472,-0.007459,-0.241071,-24.075207,-0.015100,18.457609,0.397754,2.469918,-12.000000,-0.191602,-0.403405,-0.241071,-24.075207,-0.015100,18.457609,0.397754,2.469918,-209.924545,-0.191602,-0.403405,87.000000,87.000000,87.000000,87.000000,12.000000,12.000000,12.000000,200.000000,200.000000,0.000000,0.000000,0.000000,0.000000,0.000000,0.000000,0.000000,0.000000,0.000000
21,0.684356,0.445572,-0.316934,1.069249,0.017099,-0.887731,-9.516356,0.335573,-0.051813,-0.158354,-2.502850,0.000876,2.567302,-1.363506,0.000118,0.000125,0.131559,0.054108,-0.035209,0.110011,0.060533,-0.078978,-2.609042,-0.000328,0.001338,-2.078039,-0.307130,2.002191,-0.219298,-0.923193,-1.252509,0.001302,-0.000693,0.000189,0.061579,-23.598162,0.185862,17.753668,0.362002,2.384875,-12.000000,-0.201845,-0.386404,0.061579,-23.598162,0.185862,17.753668,0.362002,2.384875,-205.337677,-0.201845,-0.386404,87.000000,87.000000,87.000000,87.000000,12.000000,12.000000,12.000000,200.000000,200.000000,0.000000,0.000000,0.000000,0.000000,0.000000,0.000000,0.000000,0.000000,0.000000
22,0.695525,0.436082,-0.332261,1.088532,0.027363,-0.876654,-9.520959,0.342467,-0.047256,-0.162262,-2.502584,0.003871,2.570554,-1.450506,0.000116,0.000125,0.164492,0.043713,-0.070506,0.120762,0.099032,-0.055467,-2.608967,-0.000351,0.001290,-2.991400,-0.385251,2.723160,0.672997,-1.663218,-1.658989,0.000300,-0.002682,-0.004468,-0.183530,-24.317757,0.021122,18.527462,0.389328,2.480825,-12.000000,-0.202356,-0.389353,-0.183530,-24.317757,0.021122,18.527462,0.389328,2.480825,-198.562042,-0.202356,-0.389353,87.000000,87.000000,87.000000,87.000000,12.000000,12.000000,12.000000,200.000000,200.000000,0.000000,0.000000,0.000000,0.000000,0.000000,0.000000,0.000000,0.000000,0.000000
23,0.700812,0.443795,-0.323774,1.074427,0.019792,-0.874822,-9.527161,0.346142,-0.043178,-0.163189,-2.502081,0.004012,2.573177,-1.537509,0.000117,0.000127,0.087462,0.024098,0.002252,0.113493,0.019383,-0.071089,-2.608978,-0.000316,0.001473,-1.103061,-0.660321,1.081915,-0.239283,-0.254741,-1.271893,0.000000,-0.001098,0.008711,0.047289,-24.297792,0.146919,17.891626,0.367174,2.407568,-12.000000,-0.203987,-0.381832,0.047289,-24.297792,0.146919,17.891626,0.367174,2.407568,-191.849884,-0.203987,-0.381832,87.000000,87.000000,87.000000,87.000000,12.000000,12.000000,12.000000,200.000000,200.000000,0.000000,0.000000,0.000000,0.000000,0.000000,0.000000,0.000000,0.000000,0.000000
24,0.726839,0.459360,-0.357227,1.073953,0.028454,-0.863232,-9.555493,0.355883,-0.039449,-0.170187,-2.501986,0.005767,2.577296,-1.624510,0.000115,0.000128,0.232160,0.020131,-0.146244,0.106804,0.069507,-0.032449,-2.609012,-0.000306,0.001291,-4.705318,-0.201217,4.398099,0.261217,-1.046658,-2.148333,-0.001159,-0.005151,-0.003489,-0.283276,-23.935787,-0.045125,17.912626,0.396446,2.387314,-12.000000,-0.208399,-0.392989,-0.283276,-23.935787,-0.045125,17.912626,0.396446,2.387314,-186.023087,-0.208399,-0.392989,87.000000,87.000000,87.000000,87.000000,12.000000,12.000000,12.000000,200.000000,200.000000,0.000000,0.000000,0.000000,0.000000,0.000000,0.000000,0.000000,0.000000,0.000000
25,0.723118,0.440968,-0.354056,1.084230,0.017142,-0.862616,-9.564154,0.360883,-0.036219,-0.172911,-2.501490,0.004201,2.579400,-1.711514,0.000115,0.000130,0.111473,-0.005455,-0.039399,0.116183,-0.020434,-0.084505,-2.609003,-0.000212,0.001433,-2.042509,-0.825207,1.808647,0.015435,0.742112,-0.973399,-0.001001,0.003505,0.007250,-0.358021,-24.896320,-0.133470,18.246166,0.410428,2.447980,-12.000000,-0.203075,-0.386207,-0.358021,-24.896320,-0.133470,18.246166,0.410428,2.447980,-179.409210,-0.203075,-0.386207,87.000000,87.000000,87.000000,87.000000,12.000000,12.000000,12.000000,200.000000,200.000000,0.000000,0.000000,0.000000,0.000000,0.000000,0.000000,0.000000,0.000000,0.000000
26,0.726450,0.468738,-0.344852,1.067854,0.011437,-0.865839,-9.616610,0.362889,-0.033508,-0.172888,-2.501040,0.001925,2.580272,-1.798518,0.000116,0.000130,0.047935,-0.012826,0.019678,0.107381,-0.028396,-0.112141,-2.609070,-0.000108,0.001274,-0.449749,-0.257197,0.382392,-0.386661,1.176881,-0.439479,-0.001802,0.004873,-0.002516,-0.124237,-23.949669,-0.006621,17.556461,0.411826,2.352441,-12.000000,-0.211879,-0.391922,-0.124237,-23.949669,-0.006621,17.556461,0.411826,2.352441,-174.546936,-0.211879,-0.391922,87.000000,87.000000,87.000000,87.000000,12.000000,12.000000,12.000000,200.000000,200.000000,0.000000,0.000000,0.000000,0.000000,0.000000,0.000000,0.000000,0.000000,0.000000
27,0.757020,0.471453,-0.362025,1.073173,0.024440,-0.857067,-9.644009,0.369867,-0.030931,-0.177646,-2.501075,0.003661,2.582548,-1.885519,0.000114,0.000129,0.169813,-0.014826,-0.094835,0.100345,0.075868,-0.074901,-2.609139,-0.000128,0.001057,-3.178492,-0.094503,3.154768,0.236521,-0.902305,-1.257023,-0.002961,-0.005413,-0.005926,0.058651,-24.031879,0.151635,17.827185,0.397804,2.374102,-12.000000,-0.225907,-0.377817,0.058651,-24.031879,0.151635,17.827185,0.397804,2.374102,-168.682602,-0.225907,-0.377817,87.000000,87.000000,87.000000,87.000000,12.000000,12.000000,12.000000,200.000000,200.000000,0.000000,0.000000,0.000000,0.000000,0.000000,0.000000,0.000000,0.000000,0.000000
28,0.746505,0.458541,-0.359755,1.079580,0.018621,-0.856817,-9.643498,0.372870,-0.028672,-0.178602,-2.500827,0.003482,2.583664,-1.972523,0.000116,0.000127,0.068023,-0.031964,-0.001325,0.106871,0.014864,-0.103837,-2.609221,0.000032,0.001138,-1.001146,-0.546450,0.843644,0.044231,0.054017,-0.483863,-0.002761,0.004241,0.003288,-0.206151,-24.708485,-0.062799,18.036158,0.394599,2.415159,-12.000000,-0.225832,-0.362261,-0.206151,-24.708485,-0.062799,18.036158,0.394599,2.415159,-161.701523,-0.225832,-0.362261,87.000000,87.000000,87.000000,87.000000,12.000000,12.000000,12.000000,200.000000,200.000000,0.000000,0.000000,0.000000,0.000000,0.000000,0.000000,0.000000,0.000000,0.000000
29,0.762732,0.478523,-0.380616,1.067854,0.021385,-0.854739,-9.677368,0.379231,-0.026722,-0.183142,-2.500735,0.003878,2.585102,-2.059527,0.000116,0.000127,0.149587,-0.035214,-0.091752,0.098337,0.036902,-0.093989,-2.609366,0.000059,0.001014,-3.119101,-0.136059,2.797894,-0.110800,-0.211380,-0.760977,-0.003390,-0.001584,-0.002135,-0.404947,-24.032623,-0.180742,17.574310,0.400397,2.340204,-12.000000,-0.240993,-0.359670,-0.404947,-24.032623,-0.180742,17.574310,0.400397,2.340204,-156.095505,-0.240993,-0.359670,87.000000,87.000000,87.000000,87.000000,12.000000,12.000000,12.000000,200.000000,200.000000,0.000000,0.000000,0.000000,0.000000,0.000000,0.000000,0.000000,0.000000,0.000000
30,0.760611,0.472330,-0.354595,1.072122,0.006737,-0.862466,-9.715103,0.379185,-0.025027,-0.181553,-2.500389,0.000900,2.583986,-2.146533,0.000120,0.000125,-0.001920,-0.046916,0.058303,0.103450,-0.051070,-0.157090,-2.609411,0.000328,0.000974,0.718453,-0.363922,-0.554025,-0.358552,1.590680,0.692100,-0.003376,0.016435,-0.003259,0.137784,-24.397257,0.140485,17.690235,0.388944,2.370648,-12.000000,-0.240305,-0.352973,0.137784,-24.397257,0.140485,17.690235,0.388944,2.370648,-150.644211,-0.240305,-0.352973,87.000000,87.000000,87.000000,87.000000,12.000000,12.000000,12.000000,200.000000,200.000000,0.000000,0.000000,0.000000,0.000000,0.000000,0.000000,0.000000,0.000000,0.000000
31,0.758549,0.478887,-0.363256,1.078717,0.021424,-0.859737,-9.719793,0.380525,-0.023495,-0.181163,-2.500219,0.002308,2.583813,-2.233536,0.000120,0.000122,0.036751,-0.045953,0.020753,0.107407,0.073414,-0.130853,-2.609588,0.000208,0.000735,-0.334873,0.035587,0.124763,0.394330,-0.574826,0.029570,-0.004807,-0.007060,-0.007452,-0.215061,-24.236832,-0.098169,17.973413,0.410534,2.384953,-12.000000,-0.274745,-0.335814,-0.215061,-24.236832,-0.098169,17.973413,0.410534,2.384953,-143.870987,-0.274745,-0.335814,87.000000,87.000000,87.000000,87.000000,12.000000,12.000000,12.000000,200.000000,200.000000,0.000000,0.000000,0.000000,0.000000,0.000000,0.000000,0.000000,0.000000,0.000000
32,0.745650,0.474328,-0.352121,1.078622,0.022496,-0.860446,-9.708504,0.378821,-0.022070,-0.177953,-2.499748,0.003685,2.583588,-2.320543,0.000121,0.000120,-0.038649,-0.053688,0.087469,0.112686,0.057665,-0.130990,-2.609720,0.000322,0.000764,1.265030,-0.238198,-1.551023,0.130350,-0.681674,0.201075,-0.003891,0.002776,-0.000717,-0.302009,-24.527817,-0.183429,17.903416,0.376581,2.384595,-12.000000,-0.268559,-0.319108,-0.302009,-24.527817,-0.183429,17.903416,0.376581,2.384595,-136.458328,-0.268559,-0.319108,87.000000,87.000000,87.000000,87.000000,12.000000,12.000000,12.000000,200.000000,200.000000,0.000000,0.000000,0.000000,0.000000,0.000000,0.000000,0.000000,0.000000,0.000000
33,0.764838,0.484590,-0.349845,1.072594,0.031990,-0.844615,-9.668809,0.379767,-0.020728,-0.177383,-2.499701,0.006780,2.587282,-2.407548,0.000114,0.000125,0.029496,-0.053231,0.023932,0.101409,0.097994,-0.029967,-2.609823,0.000064,0.000939,-0.117145,-0.047155,0.099475,0.377754,-1.821786,-1.859555,-0.003347,-0.017904,0.011243,0.128710,-24.214693,0.126341,17.703081,0.334876,2.335680,-12.000000,-0.275403,-0.317652,0.128710,-24.214693,0.126341,17.703081,0.334876,2.335680,-127.909653,-0.275403,-0.317652,87.000000,87.000000,87.000000,87.000000,12.000000,12.000000,12.000000,200.000000,200.000000,0.000000,0.000000,0.000000,0.000000,0.000000,0.000000,0.000000,0.000000,0.000000
34,0.777208,0.492792,-0.373472,1.064733,0.028684,-0.841161,-9.686642,0.385134,-0.019354,-0.181409,-2.499583,0.007707,2.590546,-2.494556,0.000108,0.000126,0.126964,-0.052406,-0.082002,0.098240,0.042474,-0.050224,-2.609945,0.000261,0.000632,-2.672633,-0.039335,2.487931,-0.057729,-0.546712,-1.662606,-0.002689,0.008881,0.001292,-0.212760,-23.997990,-0.076740,17.363375,0.348202,2.276066,-12.000000,-0.232052,-0.310379,-0.212760,-23.997990,-0.076740,17.363375,0.348202,2.276066,-121.661873,-0.232052,-0.310379,87.000000,87.000000,87.000000,87.000000,12.000000,12.000000,12.000000,200.000000,200.000000,0.000000,0.000000,0.000000,0.000000,0.000000,0.000000,0.000000,0.000000,0.000000
35,0.771706,0.469028,-0.360320,1.080339,0.017671,-0.843006,-9.672362,0.385934,-0.018338,-0.181114,-2.499179,0.005560,2.591380,-2.581563,0.000112,0.000125,0.016292,-0.072576,0.024572,0.107568,-0.028322,-0.108401,-2.610031,0.000636,0.000445,0.015018,-0.614400,0.017809,-0.054567,1.148755,-0.315526,-0.003018,0.014627,-0.004860,-0.047675,-25.008574,-0.000231,17.930922,0.364518,2.366990,-12.000000,-0.257156,-0.303508,-0.047675,-25.008574,-0.000231,17.930922,0.364518,2.366990,-114.129784,-0.257156,-0.303508,87.000000,87.000000,87.000000,87.000000,12.000000,12.000000,12.000000,200.000000,200.000000,0.000000,0.000000,0.000000,0.000000,0.000000,0.000000,0.000000,0.000000,0.000000
36,0.767017,0.485333,-0.350028,1.076080,0.018616,-0.840257,-9.664172,0.384682,-0.017668,-0.178702,-2.498800,0.004497,2.592569,-2.668570,0.000113,0.000124,-0.025574,-0.074814,0.068973,0.108697,0.006408,-0.095146,-2.610131,0.000566,0.000380,1.089387,-0.082709,-1.055545,0.159812,0.563843,-0.569025,-0.002832,-0.002843,-0.000013,0.038526,-24.373404,0.038224,17.739719,0.361667,2.332110,-12.000000,-0.287965,-0.286513,0.038526,-24.373404,0.038224,17.739719,0.361667,2.332110,-106.841232,-0.287965,-0.286513,87.000000,87.000000,87.000000,87.000000,12.000000,12.000000,12.000000,200.000000,200.000000,0.000000,0.000000,0.000000,0.000000,0.000000,0.000000,0.000000,0.000000,0.000000
37,0.781715,0.492027,-0.359844,1.073653,0.027589,-0.830342,-9.654249,0.387167,-0.016954,-0.179862,-2.498600,0.006107,2.595623,-2.755577,0.000110,0.000125,0.064488,-0.071043,-0.016483,0.105446,0.070739,-0.050019,-2.610208,0.000445,0.000389,-0.999291,0.073419,0.994738,0.359532,-0.889794,-1.599925,-0.001888,-0.011596,0.004692,0.067613,-24.163805,0.084025,17.646923,0.336681,2.305004,-12.000000,-0.290170,-0.278193,0.067613,-24.163805,0.084025,17.646923,0.336681,2.305004,-99.483383,-0.290170,-0.278193,87.000000,87.000000,87.000000,87.000000,12.000000,12.000000,12.000000,200.000000,200.000000,0.000000,0.000000,0.000000,0.000000,0.000000,0.000000,0.000000,0.000000,0.000000
38,0.776782,0.494602,-0.362280,1.059109,0.008364,-0.852043,-9.737953,0.388628,-0.016383,-0.180298,-2.497907,0.002678,2.592832,-2.842584,0.000118,0.000121,0.033957,-0.081260,0.003754,0.100523,-0.055877,-0.203023,-2.610255,0.001303,-0.000087,-0.447406,-0.275525,0.431406,-1.135417,2.046901,1.448340,-0.002303,0.041619,-0.023915,-0.133787,-24.099129,-0.064504,16.937605,0.346410,2.241352,-12.000000,-0.277517,-0.282450,-0.133787,-24.099129,-0.064504,16.937605,0.346410,2.241352,-95.870796,-0.277517,-0.282450,87.000000,87.000000,87.000000,87.000000,12.000000,12.000000,12.000000,200.000000,200.000000,0.000000,0.000000,0.000000,0.000000,0.000000,0.000000,0.000000,0.000000,0.000000
39,0.799430,0.499856,-0.376843,1.077421,0.029487,-0.835433,-9.736279,0.393968,-0.015688,-0.184423,-2.498077,0.003630,2.593968,-2.897301,0.000118,0.000116,0.128614,-0.068044,-0.080057,0.089900,0.090298,-0.070729,-0.000058,0.000474,0.000245,-2.626067,0.292992,2.732316,0.269324,-2.518325,-0.218507,156.614975,-0.041169,0.020696,-0.034839,-23.946667,0.034756,17.801702,0.334464,2.330859,-12.000000,-0.362671,-0.221947,-0.034839,-23.946667,0.034756,17.801702,0.334464,2.330859,-88.842827,-0.362671,-0.221947,87.000000,87.000000,87.000000,87.000000,12.000000,12.000000,12.000000,200.000000,200.000000,0.000000,0.000000,0.000000,0.000000,0.000000,0.000000,0.000000,0.000000,0.000000
40,0.793649,0.530170,-0.380763,1.126368,0.027129,-0.902509,-10.005728,0.397239,-0.013541,-0.186491,-2.494084,0.004785,2.579231,-2.897301,0.000088,0.000083,0.074150,0.005168,-0.032375,0.255119,0.096216,-0.516888,-0.000048,0.000287,-0.000941,-1.431392,2.249629,1.203211,2.035988,1.215431,7.535780,0.003605,0.031883,0.031983,-0.311506,-22.989056,-0.167917,19.092710,0.483554,2.489734,-12.000000,-0.160994,-0.044650,-0.311506,-22.989056,-0.167917,19.092710,0.483554,2.489734,-109.164574,-0.160994,-0.044650,87.000000,87.000000,87.000000,87.000000,12.000000,12.000000,12.000000,200.000000,200.000000,0.000000,0.000000,0.000000,0.000000,0.000000,0.000000,0.000000,0.000000,0.000000
41,0.805228,0.523811,-0.396115,1.107234,0.058116,-0.925237,-10.141880,0.402463,-0.009763,-0.190510,-2.488475,0.013370,2.565830,-2.897301,0.000083,0.000077,0.119497,0.031012,-0.082702,0.261523,0.261365,-0.436668,-0.000053,0.000455,-0.000476,-2.840638,0.772898,2.229924,-0.171753,-3.796867,7.015983,0.002256,0.003858,0.009375,-0.468481,-23.698647,-0.267177,17.735086,0.306159,2.416890,-12.000000,-0.203358,-0.097686,-0.468481,-23.698647,-0.267177,17.735086,0.306159,2.416890,-114.610725,-0.203358,-0.097686,87.000000,87.000000,87.000000,87.000000,12.000000,12.000000,12.000000,200.000000,200.000000,0.000000,0.000000,0.000000,0.000000,0.000000,0.000000,0.000000,0.000000,0.000000
42,0.828905,0.519978,-0.407395,1.103193,0.068195,-0.924113,-10.173158,0.409194,-0.005488,-0.196416,-2.483523,0.021112,2.559211,-2.897301,0.000082,0.000076,0.151275,0.033412,-0.123753,0.229444,0.204938,-0.261977,-0.000052,0.000365,-0.000340,-3.666564,-0.044087,3.294581,-0.843708,-4.180097,3.832415,0.000507,-0.001205,0.002682,-0.192801,-24.246761,-0.074707,17.224562,0.211978,2.347769,-12.000000,-0.202990,-0.114713,-0.192801,-24.246761,-0.074707,17.224562,0.211978,2.347769,-115.861916,-0.202990,-0.114713,87.000000,87.000000,87.000000,87.000000,12.000000,12.000000,12.000000,200.000000,200.000000,0.000000,0.000000,0.000000,0.000000,0.000000,0.000000,0.000000,0.000000,0.000000
43,0.840408,0.515056,-0.425803,1.105738,0.076499,-0.911907,-10.145237,0.416436,-0.001412,-0.203186,-2.479962,0.027049,2.558915,-2.897300,0.000081,0.000076,0.159696,0.019699,-0.143632,0.186607,0.159440,-0.117755,-0.000054,0.000319,-0.000288,-4.061465,-0.519567,3.657346,-0.818126,-3.406235,0.425461,-0.000559,-0.000763,0.001316,-0.357492,-24.759956,-0.195069,17.157730,0.233410,2.280315,-12.000000,-0.197419,-0.119982,-0.357492,-24.759956,-0.195069,17.157730,0.233410,2.280315,-114.745232,-0.197419,-0.119982,87.000000,87.000000,87.000000,87.000000,12.000000,12.000000,12.000000,200.000000,200.000000,0.000000,0.000000,0.000000,0.000000,0.000000,0.000000,0.000000,0.000000,0.000000
44,0.854133,0.509108,-0.427504,1.112771,0.070171,-0.902674,-10.115806,0.421696,0.002046,-0.208327,-2.477411,0.028685,2.561077,-2.897300,0.000080,0.000077,0.114150,-0.003634,-0.103697,0.157920,0.053370,-0.067146,-0.000057,0.000263,-0.000233,-2.847974,-0.798744,2.800311,-0.734094,-1.157543,-0.858729,-0.000735,-0.001110,0.001232,-0.038617,-25.227791,-0.007216,17.316914,0.259740,2.267513,-12.000000,-0.191018,-0.125756,-0.038617,-25.227791,-0.007216,17.316914,0.259740,2.267513,-113.567993,-0.191018,-0.125756,87.000000,87.000000,87.000000,87.000000,12.000000,12.000000,12.000000,200.000000,200.000000,0.000000,0.000000,0.000000,0.000000,0.000000,0.000000,0.000000,0.000000,0.000000
45,0.840314,0.514728,-0.406764,1.117121,0.052718,-0.916045,-10.146690,0.420106,0.004761,-0.206756,-2.474997,0.025162,2.559373,-2.897301,0.000077,0.000079,-0.041957,-0.024016,0.052058,0.151885,-0.058203,-0.173131,-0.000059,0.000309,-0.000265,1.064508,-0.631756,-0.856140,-0.987635,1.980526,1.025580,-0.000159,0.001408,-0.000982,0.176865,-25.155933,0.071408,17.300077,0.322327,2.257230,-12.000000,-0.185227,-0.131484,0.176865,-25.155933,0.071408,17.300077,0.322327,2.257230,-114.803329,-0.185227,-0.131484,87.000000,87.000000,87.000000,87.000000,12.000000,12.000000,12.000000,200.000000,200.000000,0.000000,0.000000,0.000000,0.000000,0.000000,0.000000,0.000000,0.000000,0.000000
46,0.844091,0.523768,-0.408662,1.129030,0.067762,-0.911921,-10.165760,0.419894,0.007140,-0.206203,-2.473251,0.026407,2.559013,-2.897301,0.000077,0.000080,-0.000323,-0.025459,0.020677,0.145236,0.074547,-0.134050,-0.000058,0.000375,-0.000328,0.216122,-0.060104,-0.128340,0.072087,-0.500399,0.128535,0.000658,0.000669,-0.000752,0.185386,-24.947718,0.076597,17.715469,0.331239,2.295659,-12.000000,-0.189313,-0.128416,0.185386,-24.947718,0.076597,17.715469,0.331239,2.295659,-115.566040,-0.189313,-0.128416,87.000000,87.000000,87.000000,87.000000,12.000000,12.000000,12.000000,200.000000,200.000000,0.000000,0.000000,0.000000,0.000000,0.000000,0.000000,0.000000,0.000000,0.000000
47,0.849168,0.520829,-0.425222,1.129688,0.082580,-0.901675,-10.148038,0.422778,0.009369,-0.208608,-2.471936,0.030819,2.561211,-2.897301,0.000078,0.000079,0.068135,-0.033751,-0.048307,0.131931,0.137753,-0.070929,-0.000057,0.000382,-0.000334,-1.605938,-0.288774,1.417138,0.119777,-2.371307,-1.150126,0.000323,0.000267,-0.000074,-0.129660,-25.234156,-0.120300,17.675282,0.293879,2.288532,-12.000000,-0.191915,-0.125769,-0.129660,-25.234156,-0.120300,17.675282,0.293879,2.288532,-114.857155,-0.191915,-0.125769,87.000000,87.000000,87.000000,87.000000,12.000000,12.000000,12.000000,200.000000,200.000000,0.000000,0.000000,0.000000,0.000000,0.000000,0.000000,0.000000,0.000000,0.000000
48,0.850577,0.522640,-0.415867,1.129681,0.075476,-0.899934,-10.143826,0.423223,0.011294,-0.208708,-2.470579,0.031790,2.562935,-2.897300,0.000078,0.000079,0.008865,-0.044356,0.009993,0.129744,0.042099,-0.084262,-0.000056,0.000314,-0.000277,-0.079831,-0.370083,0.142468,-0.180522,-0.636411,-0.727829,-0.000374,-0.001451,0.001300,0.136423,-25.291777,0.033425,17.555632,0.284329,2.279797,-12.000000,-0.190031,-0.127240,0.136423,-25.291777,0.033425,17.555632,0.284329,2.279797,-114.688789,-0.190031,-0.127240,87.000000,87.000000,87.000000,87.000000,12.000000,12.000000,12.000000,200.000000,200.000000,0.000000,0.000000,0.000000,0.000000,0.000000,0.000000,0.000000,0.000000,0.000000
49,0.847720,0.527609,-0.426261,1.126445,0.061703,-0.916420,-10.205879,0.424517,0.012829,-0.209891,-2.468975,0.028781,2.560307,-2.897301,0.000077,0.000080,0.029418,-0.056792,-0.019229,0.127884,-0.041378,-0.196658,-0.000057,0.000350,-0.000305,-0.717642,-0.389364,0.695262,-0.871546,1.804644,1.405535,0.000314,0.001156,-0.000927,-0.172706,-25.183582,-0.177736,17.263708,0.338333,2.250916,-12.000000,-0.186559,-0.130536,-0.172706,-25.183582,-0.177736,17.263708,0.338333,2.250916,-117.170830,-0.186559,-0.130536,87.000000,87.000000,87.000000,87.000000,12.000000,12.000000,12.000000,200.000000,200.000000,0.000000,0.000000,0.000000,0.000000,0.000000,0.000000,0.000000,0.000000,0.000000
50,0.835533,0.525839,-0.413888,1.144425,0.080427,-0.907030,-10.185048,0.422428,0.014150,-0.207520,-2.467985,0.031266,2.560380,-2.897301,0.000077,0.000079,-0.049576,-0.057179,0.063489,0.127011,0.102317,-0.120122,-0.000058,0.000399,-0.000350,1.144635,0.005987,-1.356238,0.480918,-1.234932,-0.081835,0.000576,-0.000101,0.000074,-0.175260,-25.336187,-0.211147,17.983507,0.332800,2.332485,-12.000000,-0.193206,-0.124779,-0.175260,-25.336187,-0.211147,17.983507,0.332800,2.332485,-116.337563,-0.193206,-0.124779,87.000000,87.000000,87.000000,87.000000,12.000000,12.000000,12.000000,200.000000,200.000000,0.000000,0.000000,0.000000,0.000000,0.000000,0.000000,0.000000,0.000000,0.000000
51,0.834355,0.526096,-0.408767,1.137935,0.085130,-0.907609,-10.164795,0.420426,0.015327,-0.205325,-2.466869,0.034082,2.560637,-2.897301,0.000078,0.000079,-0.044604,-0.065772,0.055860,0.122924,0.096567,-0.120862,-0.000058,0.000362,-0.000318,1.024374,-0.256800,-1.178058,-0.082328,-1.439215,-0.116106,0.000117,-0.000223,0.000209,-0.082372,-25.412018,-0.151211,17.613758,0.297814,2.288491,-12.000000,-0.191267,-0.126397,-0.082372,-25.412018,-0.151211,17.613758,0.297814,2.288491,-115.527473,-0.191267,-0.126397,87.000000,87.000000,87.000000,87.000000,12.000000,12.000000,12.000000,200.000000,200.000000,0.000000,0.000000,0.000000,0.000000,0.000000,0.000000,0.000000,0.000000,0.000000
52,0.836810,0.527784,-0.408575,1.135389,0.070529,-0.920219,-10.202662,0.419457,0.016182,-0.204449,-2.465517,0.032263,2.558002,-2.897301,0.000077,0.000079,-0.021191,-0.077077,0.026040,0.121807,-0.019373,-0.191643,-0.000053,0.000332,-0.000291,0.479381,-0.355896,-0.436862,-0.710700,1.042401,1.497141,0.000154,-0.000252,0.000249,-0.000619,-25.388319,-0.091268,17.370913,0.309650,2.276009,-12.000000,-0.188418,-0.128806,-0.000619,-25.388319,-0.091268,17.370913,0.309650,2.276009,-117.042168,-0.188418,-0.128806,87.000000,87.000000,87.000000,87.000000,12.000000,12.000000,12.000000,200.000000,200.000000,0.000000,0.000000,0.000000,0.000000,0.000000,0.000000,0.000000,0.000000,0.000000
53,0.844471,0.530901,-0.403479,1.139329,0.084462,-0.910635,-10.188797,0.419113,0.016785,-0.203899,-2.465023,0.034300,2.558589,-2.897301,0.000077,0.000080,-0.004095,-0.080591,0.020382,0.104288,0.086331,-0.106841,-0.000059,0.000351,-0.000306,0.310828,-0.095614,-0.185339,0.028498,-1.128187,-0.357643,0.000083,0.000688,-0.000568,0.278242,-25.287664,0.097978,17.577930,0.299333,2.280943,-12.000000,-0.187200,-0.130054,0.278242,-25.287664,0.097978,17.577930,0.299333,2.280943,-116.487526,-0.187200,-0.130054,87.000000,87.000000,87.000000,87.000000,12.000000,12.000000,12.000000,200.000000,200.000000,0.000000,0.000000,0.000000,0.000000,0.000000,0.000000,0.000000,0.000000,0.000000
54,0.857614,0.534441,-0.431597,1.132931,0.090931,-0.902589,-10.188065,0.424217,0.017302,-0.208776,-2.465016,0.037079,2.561049,-2.897301,0.000077,0.000079,0.119731,-0.083803,-0.107132,0.088172,0.093390,-0.065596,-0.000056,0.000340,-0.000298,-2.864660,-0.139574,2.755099,-0.086321,-1.601444,-1.304812,-0.000213,0.000088,0.000072,-0.117100,-25.181314,-0.127293,17.357985,0.288497,2.241646,-12.000000,-0.188370,-0.128774,-0.117100,-25.181314,-0.127293,17.357985,0.288497,2.241646,-116.458336,-0.188370,-0.128774,87.000000,87.000000,87.000000,87.000000,12.000000,12.000000,12.000000,200.000000,200.000000,0.000000,0.000000,0.000000,0.000000,0.000000,0.000000,0.000000,0.000000,0.000000
55,0.863046,0.524211,-0.434191,1.135996,0.072729,-0.910974,-10.220377,0.427807,0.017487,-0.212430,-2.464818,0.034389,2.560411,-2.897301,0.000077,0.000080,0.078355,-0.099208,-0.071842,0.088828,-0.043871,-0.145264,-0.000058,0.000310,-0.000270,-1.867547,-0.480111,1.974788,-0.570576,1.391705,0.433547,-0.000305,-0.000318,0.000476,-0.019845,-25.583666,-0.077504,17.435364,0.312016,2.268435,-12.000000,-0.186229,-0.130696,-0.019845,-25.583666,-0.077504,17.435364,0.312016,2.268435,-117.750793,-0.186229,-0.130696,87.000000,87.000000,87.000000,87.000000,12.000000,12.000000,12.000000,200.000000,200.000000,0.000000,0.000000,0.000000,0.000000,0.000000,0.000000,0.000000,0.000000,0.000000
56,0.860065,0.533847,-0.417878,1.149543,0.085011,-0.897017,-10.196857,0.427273,0.017607,-0.211593,-2.464946,0.035441,2.562806,-2.897301,0.000077,0.000080,-0.012183,-0.088966,0.031867,0.099054,0.061760,-0.063130,-0.000056,0.000349,-0.000307,0.556786,0.299663,-0.408620,0.900631,-0.657133,-1.226398,0.000090,-0.000024,-0.000049,0.284592,-25.190424,0.094231,18.044336,0.321943,2.321543,-12.000000,-0.188632,-0.128777,0.284592,-25.190424,0.094231,18.044336,0.321943,2.321543,-116.809998,-0.188632,-0.128777,87.000000,87.000000,87.000000,87.000000,12.000000,12.000000,12.000000,200.000000,200.000000,0.000000,0.000000,0.000000,0.000000,0.000000,0.000000,0.000000,0.000000,0.000000
57,0.836424,0.533256,-0.413418,1.138085,0.083816,-0.904756,-10.184905,0.424118,0.017805,-0.208119,-2.464471,0.035863,2.562856,-2.897300,0.000077,0.000080,-0.072661,-0.092809,0.087215,0.102851,0.041825,-0.132106,-0.000057,0.000360,-0.000316,1.746525,-0.080192,-1.924243,-0.159226,-0.071363,-0.080405,0.000351,0.000299,-0.000303,-0.178831,-25.241383,-0.239986,17.477552,0.327241,2.255813,-12.000000,-0.188252,-0.129066,-0.178831,-25.241383,-0.239986,17.477552,0.327241,2.255813,-116.331856,-0.188252,-0.129066,87.000000,87.000000,87.000000,87.000000,12.000000,12.000000,12.000000,200.000000,200.000000,0.000000,0.000000,0.000000,0.000000,0.000000,0.000000,0.000000,0.000000,0.000000
58,0.844639,0.535031,-0.411409,1.140193,0.079021,-0.910207,-10.208757,0.422892,0.017969,-0.206723,-2.463876,0.035033,2.561435,-2.897301,0.000077,0.000080,-0.023921,-0.092332,0.037048,0.105767,0.010569,-0.160950,-0.000055,0.000347,-0.000305,0.695825,0.005615,-0.654809,-0.198781,0.507971,0.781321,0.000279,-0.000020,0.000034,0.057544,-25.179947,-0.064563,17.504162,0.317954,2.278549,-12.000000,-0.187959,-0.129240,0.057544,-25.179947,-0.064563,17.504162,0.317954,2.278549,-117.285973,-0.187959,-0.129240,87.000000,87.000000,87.000000,87.000000,12.000000,12.000000,12.000000,200.000000,200.000000,0.000000,0.000000,0.000000,0.000000,0.000000,0.000000,0.000000,0.000000,0.000000
59,0.825569,0.534704,-0.400389,1.147461,0.085127,-0.912104,-10.195686,0.419013,0.018203,-0.202614,-2.463218,0.035838,2.560052,-2.897301,0.000077,0.000080,-0.089092,-0.087828,0.101296,0.113197,0.056314,-0.159404,-0.000058,0.000383,-0.000337,2.121140,0.164703,-2.291260,0.191422,-0.287729,0.705923,0.000393,-0.000073,-0.000014,-0.139135,-25.214640,-0.217850,17.744785,0.331270,2.304742,-12.000000,-0.191058,-0.126654,-0.139135,-25.214640,-0.217850,17.744785,0.331270,2.304742,-116.763084,-0.191058,-0.126654,87.000000,87.000000,87.000000,87.000000,12.000000,12.000000,12.000000,200.000000,200.000000,0.000000,0.000000,0.000000,0.000000,0.000000,0.000000,0.000000,0.000000,0.000000
60,0.842934,0.535567,-0.406131,1.141129,0.089301,-0.911406,-10.199183,0.419399,0.018517,-0.202806,-2.462666,0.037474,2.559642,-2.897301,0.000077,0.000080,0.014692,-0.088338,-0.000886,0.104028,0.070453,-0.133872,-0.000058,0.000345,-0.000302,-0.220939,-0.030216,0.250334,-0.158160,-0.865378,0.212989,0.000080,0.000177,-0.000107,0.113288,-25.215101,-0.013665,17.451725,0.295734,2.269981,-12.000000,-0.188064,-0.129170,0.113288,-25.215101,-0.013665,17.451725,0.295734,2.269981,-116.902992,-0.188064,-0.129170,87.000000,87.000000,87.000000,87.000000,12.000000,12.000000,12.000000,200.000000,200.000000,0.000000,0.000000,0.000000,0.000000,0.000000,0.000000,0.000000,0.000000,0.000000
61,0.834634,0.530696,-0.404820,1.139834,0.075530,-0.921995,-10.215635,0.418692,0.018646,-0.202071,-2.462039,0.035196,2.557077,-2.897301,0.000077,0.000080,-0.017197,-0.097857,0.025224,0.099560,-0.029489,-0.189022,-0.000058,0.000335,-0.000293,0.425775,-0.279296,-0.402860,-0.698626,1.238936,1.421816,-0.000183,-0.000077,0.000088,-0.040138,-25.409126,-0.126903,17.330757,0.313118,2.267787,-12.000000,-0.187354,-0.129895,-0.040138,-25.409126,-0.126903,17.330757,0.313118,2.267787,-117.561119,-0.187354,-0.129895,87.000000,87.000000,87.000000,87.000000,12.000000,12.000000,12.000000,200.000000,200.000000,0.000000,0.000000,0.000000,0.000000,0.000000,0.000000,0.000000,0.000000,0.000000
62,0.842459,0.538082,-0.409428,1.150339,0.099292,-0.901910,-10.180830,0.419836,0.018844,-0.202919,-2.462276,0.039188,2.559941,-2.897301,0.000078,0.000079,0.029268,-0.085874,-0.013845,0.093503,0.134871,-0.049257,-0.000058,0.000379,-0.000331,-0.625844,0.342666,0.515033,0.834656,-2.241094,-1.555173,-0.000036,0.000787,-0.000531,-0.002720,-25.125881,-0.086672,17.873734,0.308326,2.299865,-12.000000,-0.190738,-0.126785,-0.002720,-25.125881,-0.086672,17.873734,0.308326,2.299865,-116.168900,-0.190738,-0.126785,87.000000,87.000000,87.000000,87.000000,12.000000,12.000000,12.000000,200.000000,200.000000,0.000000,0.000000,0.000000,0.000000,0.000000,0.000000,0.000000,0.000000,0.000000
63,0.843814,0.525040,-0.416576,1.144793,0.099370,-0.896191,-10.138182,0.421623,0.019035,-0.204545,-2.462326,0.041742,2.563149,-2.897301,0.000078,0.000079,0.039967,-0.097000,-0.030261,0.089193,0.082506,-0.050552,-0.000056,0.000322,-0.000284,-1.022878,-0.350536,0.874980,0.065487,-1.487309,-1.637721,-0.000351,-0.000675,0.000673,-0.143103,-25.672777,-0.177769,17.623535,0.287753,2.269806,-12.000000,-0.189858,-0.127418,-0.143103,-25.672777,-0.177769,17.623535,0.287753,2.269806,-114.463036,-0.189858,-0.127418,87.000000,87.000000,87.000000,87.000000,12.000000,12.000000,12.000000,200.000000,200.000000,0.000000,0.000000,0.000000,0.000000,0.000000,0.000000,0.000000,0.000000,0.000000
64,0.850786,0.535696,-0.408966,1.136523,0.087018,-0.894335,-10.139867,0.422138,0.018993,-0.205042,-2.462432,0.040266,2.565519,-2.897301,0.000077,0.000080,0.011549,-0.100725,-0.001432,0.082688,-0.016449,-0.069033,-0.000057,0.000273,-0.000235,-0.148651,-0.143427,0.327382,-0.279331,0.570571,-1.124766,-0.000657,-0.000596,0.000878,0.220434,-25.221445,0.058000,17.298885,0.292356,2.233178,-12.000000,-0.184600,-0.131878,0.220434,-25.221445,0.058000,17.298885,0.292356,2.233178,-114.530457,-0.184600,-0.131878,87.000000,87.000000,87.000000,87.000000,12.000000,12.000000,12.000000,200.000000,200.000000,0.000000,0.000000,0.000000,0.000000,0.000000,0.000000,0.000000,0.000000,0.000000
65,0.833405,0.535263,-0.407862,1.140556,0.073792,-0.911929,-10.189100,0.420509,0.018818,-0.203510,-2.462124,0.035947,2.562729,-2.897301,0.000076,0.000080,-0.039167,-0.103423,0.043303,0.093477,-0.067566,-0.203286,-0.000058,0.000365,-0.000316,0.897826,-0.045086,-0.896425,-0.522089,2.565244,1.396603,0.000415,0.001983,-0.001718,-0.148966,-25.212009,-0.210041,17.392973,0.362231,2.252745,-12.000000,-0.184786,-0.132432,-0.148966,-25.212009,-0.210041,17.392973,0.362231,2.252745,-116.499680,-0.184786,-0.132432,87.000000,87.000000,87.000000,87.000000,12.000000,12.000000,12.000000,200.000000,200.000000,0.000000,0.000000,0.000000,0.000000,0.000000,0.000000,0.000000,0.000000,0.000000
66,0.845935,0.531340,-0.417793,1.157512,0.103693,-0.888959,-10.141613,0.422318,0.018813,-0.205125,-2.462519,0.040458,2.565703,-2.897300,0.000078,0.000079,0.044920,-0.092376,-0.033592,0.093832,0.152831,-0.045608,-0.000056,0.000409,-0.000358,-1.093280,0.317647,0.900341,1.185425,-2.466397,-1.650331,0.000195,0.000832,-0.000586,-0.130743,-25.377167,-0.169987,18.199299,0.322692,2.340973,-12.000000,-0.193212,-0.124675,-0.130743,-25.377167,-0.169987,18.199299,0.322692,2.340973,-114.600197,-0.193212,-0.124675,87.000000,87.000000,87.000000,87.000000,12.000000,12.000000,12.000000,200.000000,200.000000,0.000000,0.000000,0.000000,0.000000,0.000000,0.000000,0.000000,0.000000,0.000000
67,0.859707,0.533950,-0.414822,1.130542,0.080173,-0.904157,-10.185642,0.424163,0.018759,-0.207047,-2.462220,0.038168,2.564816,-2.897300,0.000077,0.000080,0.042288,-0.105119,-0.033814,0.085151,-0.039264,-0.152869,-0.000057,0.000279,-0.000243,-0.856934,-0.395930,1.137780,-1.016191,1.171616,0.556825,-0.000316,-0.000714,0.000795,0.292471,-25.275394,0.117096,16.993977,0.281946,2.215372,-12.000000,-0.184719,-0.132018,0.292471,-25.275394,0.117096,16.993977,0.281946,2.215372,-116.361427,-0.184719,-0.132018,87.000000,87.000000,87.000000,87.000000,12.000000,12.000000,12.000000,200.000000,200.000000,0.000000,0.000000,0.000000,0.000000,0.000000,0.000000,0.000000,0.000000,0.000000
68,0.855439,0.538625,-0.422318,1.146920,0.087407,-0.896138,-10.192474,0.425877,0.018682,-0.208625,-2.462461,0.038009,2.565563,-2.897301,0.000077,0.000080,0.039495,-0.095006,-0.027572,0.088694,0.032677,-0.104264,-0.000053,0.000348,-0.000307,-0.871358,0.286216,0.875379,0.415992,0.044848,-0.401678,0.000052,-0.000062,-0.000029,-0.008528,-25.070160,-0.088370,17.740602,0.330025,2.292341,-12.000000,-0.188620,-0.128711,-0.008528,-25.070160,-0.088370,17.740602,0.330025,2.292341,-116.634705,-0.188620,-0.128711,87.000000,87.000000,87.000000,87.000000,12.000000,12.000000,12.000000,200.000000,200.000000,0.000000,0.000000,0.000000,0.000000,0.000000,0.000000,0.000000,0.000000,0.000000
69,0.853705,0.532229,-0.418794,1.140690,0.085750,-0.901011,-10.194399,0.426167,0.018649,-0.208759,-2.462502,0.037718,2.565105,-2.897300,0.000076,0.000080,0.006377,-0.100577,0.006332,0.085439,0.025266,-0.140557,-0.000056,0.000344,-0.000302,-0.055866,-0.141002,0.087502,-0.254509,0.230630,0.177188,0.000244,0.000576,-0.000546,0.034025,-25.332954,-0.072344,17.465105,0.317441,2.263094,-12.000000,-0.186231,-0.130850,0.034025,-25.332954,-0.072344,17.465105,0.317441,2.263094,-116.711639,-0.186231,-0.130850,87.000000,87.000000,87.000000,87.000000,12.000000,12.000000,12.000000,200.000000,200.000000,0.000000,0.000000,0.000000,0.000000,0.000000,0.000000,0.000000,0.000000,0.000000
70,0.853701,0.528128,-0.428743,1.153215,0.092906,-0.893319,-10.174947,0.427721,0.018591,-0.210165,-2.462626,0.039131,2.566167,-2.897301,0.000078,0.000079,0.035899,-0.098063,-0.026362,0.094800,0.066298,-0.096860,-0.000055,0.000365,-0.000322,-0.919876,0.055065,0.748169,0.575486,-0.792476,-0.526016,0.000053,-0.000522,0.000470,-0.218740,-25.487774,-0.232724,17.998362,0.322403,2.329798,-12.000000,-0.191794,-0.125696,-0.218740,-25.487774,-0.232724,17.998362,0.322403,2.329798,-115.933571,-0.191794,-0.125696,87.000000,87.000000,87.000000,87.000000,12.000000,12.000000,12.000000,200.000000,200.000000,0.000000,0.000000,0.000000,0.000000,0.000000,0.000000,0.000000,0.000000,0.000000
71,0.862077,0.538074,-0.428208,1.141553,0.091753,-0.885522,-10.163671,0.429277,0.018658,-0.211685,-2.462667,0.039854,2.568928,-2.897300,0.000078,0.000079,0.034989,-0.093752,-0.026812,0.091020,0.040739,-0.055287,-0.000056,0.000306,-0.000268,-0.848533,0.084589,0.826804,0.180647,-0.596078,-1.344108,-0.000876,-0.000645,0.000752,-0.001855,-25.105125,-0.084002,17.522739,0.296292,2.263500,-12.000000,-0.188477,-0.128339,-0.001855,-25.105125,-0.084002,17.522739,0.296292,2.263500,-115.482635,-0.188477,-0.128339,87.000000,87.000000,87.000000,87.000000,12.000000,12.000000,12.000000,200.000000,200.000000,0.000000,0.000000,0.000000,0.000000,0.000000,0.000000,0.000000,0.000000,0.000000
72,0.874949,0.532898,-0.430567,1.136581,0.083768,-0.886268,-10.170267,0.431647,0.018639,-0.214036,-2.462742,0.038369,2.570472,-2.897300,0.000077,0.000080,0.055959,-0.101877,-0.044512,0.082263,-0.009350,-0.091448,-0.000054,0.000290,-0.000252,-1.151942,-0.259190,1.386758,-0.380577,0.710894,-0.800626,-0.000456,0.000596,-0.000370,0.249941,-25.308695,0.089188,17.321148,0.304543,2.236552,-12.000000,-0.182989,-0.133516,0.249941,-25.308695,0.089188,17.321148,0.304543,2.236552,-115.746460,-0.182989,-0.133516,87.000000,87.000000,87.000000,87.000000,12.000000,12.000000,12.000000,200.000000,200.000000,0.000000,0.000000,0.000000,0.000000,0.000000,0.000000,0.000000,0.000000,0.000000
73,0.853990,0.528150,-0.429286,1.142344,0.071843,-0.902150,-10.206358,0.430709,0.018300,-0.213150,-2.462549,0.034507,2.567470,-2.897301,0.000076,0.000080,-0.024848,-0.111295,0.030163,0.089772,-0.057527,-0.205926,-0.000057,0.000372,-0.000324,0.548901,-0.231733,-0.579570,-0.531014,2.284794,1.515050,0.000235,0.001404,-0.001256,-0.200095,-25.444788,-0.242606,17.507580,0.356747,2.278009,-12.000000,-0.186403,-0.130931,-0.200095,-25.444788,-0.242606,17.507580,0.356747,2.278009,-117.190002,-0.186403,-0.130931,87.000000,87.000000,87.000000,87.000000,12.000000,12.000000,12.000000,200.000000,200.000000,0.000000,0.000000,0.000000,0.000000,0.000000,0.000000,0.000000,0.000000,0.000000
74,0.850211,0.535914,-0.420171,1.147599,0.071440,-0.911125,-10.244039,0.428477,0.017939,-0.210981,-2.462267,0.032246,2.563453,-2.897301,0.000077,0.000080,-0.050627,-0.104434,0.056423,0.099032,-0.012958,-0.221587,-0.000056,0.000389,-0.000343,1.214173,0.239186,-1.225069,-0.042897,1.399641,2.065213,0.000675,0.000194,-0.000324,-0.065457,-25.096806,-0.158877,17.698204,0.352815,2.314713,-12.000000,-0.190562,-0.127225,-0.065457,-25.096806,-0.158877,17.698204,0.352815,2.314713,-118.697205,-0.190562,-0.127225,87.000000,87.000000,87.000000,87.000000,12.000000,12.000000,12.000000,200.000000,200.000000,0.000000,0.000000,0.000000,0.000000,0.000000,0.000000,0.000000,0.000000,0.000000
75,0.862077,0.539296,-0.419230,1.150563,0.094167,-0.896587,-10.219959,0.428452,0.017960,-0.210680,-2.462389,0.036474,2.564500,-2.897300,0.000078,0.000079,0.004706,-0.089589,0.012315,0.096773,0.141211,-0.092285,-0.000056,0.000387,-0.000337,0.067977,0.438854,-0.061019,0.778767,-2.290025,-0.606756,0.000410,0.000629,-0.000249,0.197898,-24.991402,0.039027,17.879507,0.301214,2.316146,-12.000000,-0.191692,-0.125802,0.197898,-24.991402,0.039027,17.879507,0.301214,2.316146,-117.734032,-0.191692,-0.125802,87.000000,87.000000,87.000000,87.000000,12.000000,12.000000,12.000000,200.000000,200.000000,0.000000,0.000000,0.000000,0.000000,0.000000,0.000000,0.000000,0.000000,0.000000
76,0.869948,0.534601,-0.449758,1.132967,0.085653,-0.903184,-10.237342,0.433426,0.018077,-0.215703,-2.462301,0.037122,2.564231,-2.897300,0.000078,0.000079,0.113713,-0.098056,-0.111291,0.082788,0.036674,-0.134810,-0.000055,0.000316,-0.000280,-2.926888,-0.285845,2.723766,-0.701021,-0.377323,0.154411,0.000003,-0.000848,0.000736,-0.348311,-25.207520,-0.290202,17.121332,0.294799,2.230042,-12.000000,-0.189554,-0.127713,-0.348311,-25.207520,-0.290202,17.121332,0.294799,2.230042,-118.429382,-0.189554,-0.127713,87.000000,87.000000,87.000000,87.000000,12.000000,12.000000,12.000000,200.000000,200.000000,0.000000,0.000000,0.000000,0.000000,0.000000,0.000000,0.000000,0.000000,0.000000
77,0.857593,0.527103,-0.431192,1.148945,0.068518,-0.912084,-10.258542,0.432175,0.017954,-0.214822,-2.462038,0.033247,2.561529,-2.897301,0.000078,0.000079,-0.036266,-0.103087,0.032398,0.096377,-0.067541,-0.190532,-0.000058,0.000336,-0.000293,0.685683,-0.141757,-0.679166,-0.235151,2.071264,1.559064,-0.000259,-0.000082,0.000244,-0.135210,-25.475821,-0.196678,17.729727,0.337464,2.319330,-12.000000,-0.189479,-0.127737,-0.135210,-25.475821,-0.196678,17.729727,0.337464,2.319330,-119.277420,-0.189479,-0.127737,87.000000,87.000000,87.000000,87.000000,12.000000,12.000000,12.000000,200.000000,200.000000,0.000000,0.000000,0.000000,0.000000,0.000000,0.000000,0.000000,0.000000,0.000000
78,0.856884,0.538640,-0.420272,1.146210,0.088580,-0.900071,-10.224334,0.429833,0.017902,-0.212539,-2.462345,0.035578,2.562876,-2.897301,0.000078,0.000079,-0.051962,-0.094028,0.058336,0.086946,0.098668,-0.088497,-0.000053,0.000361,-0.000316,1.248495,0.300755,-1.282159,0.489497,-1.257003,-0.826519,0.000394,0.000972,-0.000882,0.098568,-25.009157,-0.046812,17.711432,0.322101,2.283905,-12.000000,-0.188985,-0.128469,0.098568,-25.009157,-0.046812,17.711432,0.322101,2.283905,-117.909019,-0.188985,-0.128469,87.000000,87.000000,87.000000,87.000000,12.000000,12.000000,12.000000,200.000000,200.000000,0.000000,0.000000,0.000000,0.000000,0.000000,0.000000,0.000000,0.000000,0.000000
79,0.836675,0.538169,-0.402419,1.142972,0.082741,-0.907580,-10.208287,0.424128,0.018064,-0.206921,-2.462127,0.035831,2.562149,-2.897301,0.000077,0.000079,-0.131206,-0.090161,0.135608,0.097115,0.032606,-0.147823,-0.000055,0.000344,-0.000303,3.090463,0.141599,-3.127722,-0.061956,-0.042779,0.403596,0.000414,-0.000600,0.000409,0.063683,-25.060255,-0.094184,17.506084,0.312291,2.269389,-12.000000,-0.189809,-0.127740,0.063683,-25.060255,-0.094184,17.506084,0.312291,2.269389,-117.267143,-0.189809,-0.127740,87.000000,87.000000,87.000000,87.000000,12.000000,12.000000,12.000000,200.000000,200.000000,0.000000,0.000000,0.000000,0.000000,0.000000,0.000000,0.000000,0.000000,0.000000
80,0.864695,0.544128,-0.430350,1.140770,0.093935,-0.898548,-10.215324,0.427600,0.018512,-0.210470,-2.462266,0.038455,2.563772,-2.897300,0.000078,0.000079,0.087167,-0.079393,-0.082123,0.088491,0.096211,-0.083406,-0.000056,0.000342,-0.000299,-2.107577,0.264000,2.082710,0.227787,-1.455471,-0.896367,-0.000087,0.000628,-0.000411,0.025857,-24.879499,-0.047341,17.468628,0.300229,2.255699,-12.000000,-0.188362,-0.128734,0.025857,-24.879499,-0.047341,17.468628,0.300229,2.255699,-117.548698,-0.188362,-0.128734,87.000000,87.000000,87.000000,87.000000,12.000000,12.000000,12.000000,200.000000,200.000000,0.000000,0.000000,0.000000,0.000000,0.000000,0.000000,0.000000,0.000000,0.000000
81,0.842129,0.522741,-0.405387,1.147254,0.081170,-0.908844,-10.192807,0.423945,0.018809,-0.206937,-2.461946,0.037061,2.562197,-2.897301,0.000077,0.000080,-0.089131,-0.095123,0.094194,0.095611,-0.008922,-0.169013,-0.000057,0.000333,-0.000292,2.135564,-0.422517,-2.038744,-0.379173,0.822276,0.874970,0.000066,-0.000275,0.000169,0.129149,-25.755796,-0.038191,17.648863,0.310887,2.298312,-12.000000,-0.187624,-0.129675,0.129149,-25.755796,-0.038191,17.648863,0.310887,2.298312,-116.647957,-0.187624,-0.129675,87.000000,87.000000,87.000000,87.000000,12.000000,12.000000,12.000000,200.000000,200.000000,0.000000,0.000000,0.000000,0.000000,0.000000,0.000000,0.000000,0.000000,0.000000
82,0.853008,0.535825,-0.416544,1.150311,0.098586,-0.890002,-10.152417,0.424540,0.019047,-0.207409,-2.462256,0.040121,2.565424,-2.897301,0.000078,0.000079,0.019443,-0.086536,-0.008151,0.090173,0.107714,-0.039566,-0.000060,0.000353,-0.000309,-0.396618,0.217781,0.365069,0.745737,-1.817465,-1.682818,-0.000719,0.000339,-0.000155,0.082129,-25.237799,-0.035951,17.874752,0.301204,2.304013,-12.000000,-0.189876,-0.127336,0.082129,-25.237799,-0.035951,17.874752,0.301204,2.304013,-115.032448,-0.189876,-0.127336,87.000000,87.000000,87.000000,87.000000,12.000000,12.000000,12.000000,200.000000,200.000000,0.000000,0.000000,0.000000,0.000000,0.000000,0.000000,0.000000,0.000000,0.000000
83,0.848103,0.527206,-0.425762,1.132872,0.069690,-0.916485,-10.214565,0.425560,0.019011,-0.208773,-2.461770,0.035299,2.561834,-2.897301,0.000077,0.000080,0.020402,-0.108654,-0.024247,0.086279,-0.093794,-0.223914,-0.000062,0.000327,-0.000281,-0.659395,-0.642951,0.676350,-1.389491,2.740891,1.899149,-0.000401,0.001241,-0.000823,-0.213754,-25.569950,-0.234237,17.026814,0.328460,2.226145,-12.000000,-0.184866,-0.131997,-0.213754,-25.569950,-0.234237,17.026814,0.328460,2.226145,-117.518333,-0.184866,-0.131997,87.000000,87.000000,87.000000,87.000000,12.000000,12.000000,12.000000,200.000000,200.000000,0.000000,0.000000,0.000000,0.000000,0.000000,0.000000,0.000000,0.000000,0.000000
84,0.846454,0.533253,-0.409732,1.155422,0.082662,-0.906801,-10.211246,0.423739,0.018792,-0.207038,-2.461980,0.035244,2.561163,-2.897301,0.000077,0.000079,-0.042021,-0.099028,0.048735,0.093146,0.041371,-0.134884,-0.000058,0.000366,-0.000324,1.062364,0.308749,-0.996401,0.664292,0.031164,0.327727,0.000176,-0.000558,0.000290,0.131610,-25.281792,-0.023068,18.044428,0.338385,2.341704,-12.000000,-0.191123,-0.126695,0.131610,-25.281792,-0.023068,18.044428,0.338385,2.341704,-117.385506,-0.191123,-0.126695,87.000000,87.000000,87.000000,87.000000,12.000000,12.000000,12.000000,200.000000,200.000000,0.000000,0.000000,0.000000,0.000000,0.000000,0.000000,0.000000,0.000000,0.000000
85,0.841349,0.538128,-0.406221,1.141162,0.085900,-0.910663,-10.210518,0.421792,0.018761,-0.205051,-2.461942,0.036282,2.560501,-2.897301,0.000077,0.000080,-0.042704,-0.096944,0.051582,0.089603,0.058217,-0.143794,-0.000060,0.000354,-0.000309,1.067321,0.087826,-1.067894,-0.118528,-0.468938,0.278083,0.000292,0.000521,-0.000393,0.085392,-25.102556,-0.053218,17.435827,0.310772,2.260395,-12.000000,-0.187695,-0.129507,0.085392,-25.102556,-0.053218,17.435827,0.310772,2.260395,-117.356384,-0.187695,-0.129507,87.000000,87.000000,87.000000,87.000000,12.000000,12.000000,12.000000,200.000000,200.000000,0.000000,0.000000,0.000000,0.000000,0.000000,0.000000,0.000000,0.000000,0.000000
86,0.851224,0.537817,-0.422295,1.145359,0.094482,-0.902196,-10.204590,0.423975,0.018910,-0.207192,-2.462160,0.038857,2.561905,-2.897301,0.000078,0.000079,0.052762,-0.089949,-0.045581,0.088080,0.091957,-0.088806,-0.000058,0.000354,-0.000311,-1.317993,0.175471,1.205506,0.347001,-1.444381,-0.735303,-0.000294,-0.000119,0.000206,-0.085881,-25.140461,-0.135158,17.651829,0.301511,2.283017,-12.000000,-0.190383,-0.126996,-0.085881,-25.140461,-0.135158,17.651829,0.301511,2.283017,-117.119308,-0.190383,-0.126996,87.000000,87.000000,87.000000,87.000000,12.000000,12.000000,12.000000,200.000000,200.000000,0.000000,0.000000,0.000000,0.000000,0.000000,0.000000,0.000000,0.000000,0.000000
87,0.848966,0.528767,-0.411895,1.148649,0.093217,-0.897812,-10.170191,0.423552,0.019089,-0.206735,-2.462183,0.040073,2.563660,-2.897300,0.000078,0.000079,-0.011471,-0.093770,0.020567,0.093101,0.053315,-0.083199,-0.000056,0.000322,-0.000283,0.313669,-0.121639,-0.269908,0.244563,-0.745134,-0.844650,-0.000042,-0.000623,0.000562,0.122462,-25.523535,-0.016750,17.766172,0.295734,2.296347,-12.000000,-0.188881,-0.128326,0.122462,-25.523535,-0.016750,17.766172,0.295734,2.296347,-115.743378,-0.188881,-0.128326,87.000000,87.000000,87.000000,87.000000,12.000000,12.000000,12.000000,200.000000,200.000000,0.000000,0.000000,0.000000,0.000000,0.000000,0.000000,0.000000,0.000000,0.000000
88,0.835881,0.533436,-0.410757,1.144137,0.088501,-0.901904,-10.164327,0.421809,0.019160,-0.205058,-2.461935,0.039474,2.563862,-2.897301,0.000077,0.000079,-0.041276,-0.096317,0.044857,0.096356,0.014265,-0.124175,-0.000058,0.000333,-0.000292,0.873354,-0.070551,-0.983932,-0.117761,0.352922,-0.086374,0.000029,-0.000051,0.000079,-0.149688,-25.332773,-0.211233,17.536470,0.322604,2.268399,-12.000000,-0.188012,-0.129086,-0.149688,-25.332773,-0.211233,17.536470,0.322604,2.268399,-115.508720,-0.188012,-0.129086,87.000000,87.000000,87.000000,87.000000,12.000000,12.000000,12.000000,200.000000,200.000000,0.000000,0.000000,0.000000,0.000000,0.000000,0.000000,0.000000,0.000000,0.000000
89,0.846380,0.535769,-0.398314,1.143459,0.089338,-0.898558,-10.158272,0.420160,0.019200,-0.203352,-2.461880,0.039397,2.564673,-2.897301,0.000076,0.000080,-0.033723,-0.095954,0.046709,0.091322,0.029168,-0.104898,-0.000058,0.000319,-0.000279,1.048538,0.010944,-0.807351,-0.005391,-0.020921,-0.416665,-0.000007,0.000407,-0.000342,0.392128,-25.238976,0.155055,17.524691,0.301149,2.267615,-12.000000,-0.184911,-0.131934,0.392128,-25.238976,0.155055,17.524691,0.301149,2.267615,-115.266586,-0.184911,-0.131934,87.000000,87.000000,87.000000,87.000000,12.000000,12.000000,12.000000,200.000000,200.000000,0.000000,0.000000,0.000000,0.000000,0.000000,0.000000,0.000000,0.000000,0.000000
90,0.837878,0.539172,-0.406302,1.137368,0.072167,-0.917505,-10.213663,0.419577,0.019204,-0.202807,-2.461401,0.035303,2.561017,-2.897300,0.000076,0.000080,-0.011804,-0.098242,0.018953,0.094176,-0.067708,-0.220514,-0.000056,0.000356,-0.000309,0.345763,-0.060592,-0.242108,-0.807813,2.362049,1.914140,0.000174,0.001382,-0.001092,-0.000190,-25.101221,-0.101309,17.189394,0.336879,2.242899,-12.000000,-0.184996,-0.132054,-0.000190,-25.101221,-0.101309,17.189394,0.336879,2.242899,-117.482216,-0.184996,-0.132054,87.000000,87.000000,87.000000,87.000000,12.000000,12.000000,12.000000,200.000000,200.000000,0.000000,0.000000,0.000000,0.000000,0.000000,0.000000,0.000000,0.000000,0.000000
91,0.842858,0.538286,-0.419557,1.150203,0.101571,-0.897630,-10.182613,0.421768,0.019364,-0.204758,-2.461941,0.039630,2.562999,-2.897301,0.000078,0.000079,0.052116,-0.087267,-0.040580,0.083278,0.149042,-0.070488,-0.000056,0.000407,-0.000355,-1.314249,0.331400,1.046387,0.779517,-2.341401,-1.191955,0.000531,0.000618,-0.000392,-0.241780,-25.156269,-0.242775,17.865561,0.321520,2.303147,-12.000000,-0.192622,-0.125326,-0.241780,-25.156269,-0.242775,17.865561,0.321520,2.303147,-116.240166,-0.192622,-0.125326,87.000000,87.000000,87.000000,87.000000,12.000000,12.000000,12.000000,200.000000,200.000000,0.000000,0.000000,0.000000,0.000000,0.000000,0.000000,0.000000,0.000000,0.000000
92,0.852967,0.534956,-0.427126,1.133039,0.081839,-0.910600,-10.218290,0.424822,0.019525,-0.208035,-2.461987,0.037999,2.561759,-2.897301,0.000077,0.000079,0.066920,-0.097765,-0.067495,0.077045,-0.021702,-0.160398,-0.000057,0.000304,-0.000268,-1.758811,-0.334671,1.737429,-0.852075,0.840927,0.714931,-0.000527,-0.000957,0.000842,-0.147358,-25.312403,-0.171545,17.106234,0.296731,2.231631,-12.000000,-0.187778,-0.129387,-0.147358,-25.312403,-0.171545,17.106234,0.296731,2.231631,-117.667389,-0.187778,-0.129387,87.000000,87.000000,87.000000,87.000000,12.000000,12.000000,12.000000,200.000000,200.000000,0.000000,0.000000,0.000000,0.000000,0.000000,0.000000,0.000000,0.000000,0.000000
93,0.858975,0.523099,-0.413373,1.156342,0.086951,-0.903055,-10.196058,0.425134,0.019440,-0.208355,-2.462355,0.037908,2.562009,-2.897301,0.000077,0.000080,0.007078,-0.101524,0.004261,0.086851,0.032580,-0.116117,-0.000054,0.000338,-0.000297,0.033713,-0.101401,0.208656,0.541247,0.006503,-0.112370,0.000072,0.000110,-0.000085,0.330645,-25.756422,0.124681,18.121239,0.317863,2.348436,-12.000000,-0.187669,-0.129495,0.330645,-25.756422,0.124681,18.121239,0.317863,2.348436,-116.778053,-0.187669,-0.129495,87.000000,87.000000,87.000000,87.000000,12.000000,12.000000,12.000000,200.000000,200.000000,0.000000,0.000000,0.000000,0.000000,0.000000,0.000000,0.000000,0.000000,0.000000
94,0.840944,0.534775,-0.413682,1.143828,0.081343,-0.911680,-10.207258,0.423596,0.019293,-0.206785,-2.462205,0.036600,2.560655,-2.897301,0.000077,0.000080,-0.036317,-0.101790,0.043701,0.093170,-0.000315,-0.161285,-0.000057,0.000349,-0.000306,0.843743,0.008974,-0.902740,-0.146764,0.781866,0.714936,0.000272,0.000131,-0.000132,-0.105195,-25.270561,-0.182271,17.552622,0.330130,2.278839,-12.000000,-0.188060,-0.129190,-0.105195,-25.270561,-0.182271,17.552622,0.330130,2.278839,-117.226013,-0.188060,-0.129190,87.000000,87.000000,87.000000,87.000000,12.000000,12.000000,12.000000,200.000000,200.000000,0.000000,0.000000,0.000000,0.000000,0.000000,0.000000,0.000000,0.000000,0.000000
95,0.842909,0.539674,-0.396121,1.142383,0.082089,-0.911059,-10.210217,0.420561,0.019231,-0.203564,-2.462174,0.036121,2.560024,-2.897301,0.000076,0.000080,-0.065911,-0.096655,0.082283,0.090683,0.021309,-0.138785,-0.000058,0.000336,-0.000294,1.850694,0.168435,-1.647785,-0.011288,0.233682,0.335805,0.000232,0.000216,-0.000169,0.353148,-25.074305,0.116611,17.506578,0.309244,2.273370,-12.000000,-0.186168,-0.130875,0.353148,-25.074305,0.116611,17.506578,0.309244,2.273370,-117.344345,-0.186168,-0.130875,87.000000,87.000000,87.000000,87.000000,12.000000,12.000000,12.000000,200.000000,200.000000,0.000000,0.000000,0.000000,0.000000,0.000000,0.000000,0.000000,0.000000,0.000000
96,0.828646,0.532052,-0.406337,1.152698,0.096508,-0.907506,-10.179508,0.419141,0.019324,-0.201814,-2.462104,0.039018,2.560298,-2.897300,0.000077,0.000079,-0.029999,-0.092343,0.043567,0.100062,0.108457,-0.120935,-0.000057,0.000401,-0.000351,0.676601,0.148437,-0.956097,0.540805,-1.394055,-0.237544,0.000500,0.000409,-0.000374,-0.266669,-25.399210,-0.289079,17.920336,0.330119,2.312385,-12.000000,-0.191863,-0.126012,-0.266669,-25.399210,-0.289079,17.920336,0.330119,2.312385,-116.115982,-0.191863,-0.126012,87.000000,87.000000,87.000000,87.000000,12.000000,12.000000,12.000000,200.000000,200.000000,0.000000,0.000000,0.000000,0.000000,0.000000,0.000000,0.000000,0.000000,0.000000
97,0.844318,0.539568,-0.413707,1.137207,0.089788,-0.909049,-10.198210,0.420879,0.019507,-0.203525,-2.461896,0.039437,2.560490,-2.897301,0.000077,0.000079,0.041466,-0.092437,-0.034581,0.090849,0.031916,-0.119578,-0.000056,0.000314,-0.000276,-1.033152,-0.041537,0.980427,-0.359874,-0.335880,-0.020038,-0.000199,-0.000886,0.000812,-0.067947,-25.123882,-0.127113,17.257055,0.289711,2.245202,-12.000000,-0.188533,-0.128662,-0.067947,-25.123882,-0.127113,17.257055,0.289711,2.245202,-116.864128,-0.188533,-0.128662,87.000000,87.000000,87.000000,87.000000,12.000000,12.000000,12.000000,200.000000,200.000000,0.000000,0.000000,0.000000,0.000000,0.000000,0.000000,0.000000,0.000000,0.000000
98,0.838048,0.532678,-0.411164,1.141351,0.076988,-0.918402,-10.220007,0.420784,0.019545,-0.203632,-2.461652,0.036460,2.558371,-2.897301,0.000077,0.000080,-0.005397,-0.099485,0.006093,0.090110,-0.043128,-0.179488,-0.000058,0.000333,-0.000290,0.019854,-0.202706,-0.025065,-0.549073,1.630487,1.149421,-0.000189,0.000522,-0.000298,-0.125842,-25.392918,-0.182901,17.394476,0.329215,2.266651,-12.000000,-0.186466,-0.130499,-0.125842,-25.392918,-0.182901,17.394476,0.329215,2.266651,-117.736023,-0.186466,-0.130499,87.000000,87.000000,87.000000,87.000000,12.000000,12.000000,12.000000,200.000000,200.000000,0.000000,0.000000,0.000000,0.000000,0.000000,0.000000,0.000000,0.000000,0.000000
99,0.851861,0.536536,-0.428432,1.143690,0.090474,-0.909285,-10.219980,0.424379,0.019529,-0.207401,-2.462102,0.037776,2.559135,-2.897301,0.000077,0.000079,0.082945,-0.096635,-0.082664,0.077956,0.070951,-0.103819,-0.000059,0.000357,-0.000313,-2.156761,0.076800,2.008990,0.183678,-0.729087,-0.505735,-0.000089,0.000521,-0.000432,-0.221366,-25.228996,-0.218625,17.598160,0.325642,2.274357,-12.000000,-0.188642,-0.128687,-0.221366,-25.228996,-0.218625,17.598160,0.325642,2.274357,-117.734894,-0.188642,-0.128687,87.000000,87.000000,87.000000,87.000000,12.000000,12.000000,12.000000,200.000000,200.000000,0.000000,0.000000,0.000000,0.000000,0.000000,0.000000,0.000000,0.000000,0.000000
100,0.837088,0.528781,-0.400461,1.149433,0.085677,-0.909868,-10.192332,0.420989,0.019486,-0.204182,-2.462250,0.037677,2.559348,-2.897301,0.000077,0.000080,-0.082925,-0.099847,0.086131,0.089266,0.023442,-0.121650,-0.000057,0.000336,-0.000296,1.950506,-0.067623,-1.892949,0.209797,0.022926,-0.043460,-0.000190,-0.000715,0.000547,0.136925,-25.535299,-0.031674,17.811275,0.309752,2.307566,-12.000000,-0.188925,-0.128476,0.136925,-25.535299,-0.031674,17.811275,0.309752,2.307566,-116.629028,-0.188925,-0.128476,87.000000,87.000000,87.000000,87.000000,12.000000,12.000000,12.000000,200.000000,200.000000,0.000000,0.000000,0.000000,0.000000,0.000000,0.000000,0.000000,0.000000,0.000000
101,0.850633,0.545121,-0.417972,1.140501,0.099818,-0.894162,-10.171268,0.422811,0.019651,-0.206040,-2.462773,0.040803,2.563292,-2.897301,0.000078,0.000079,0.046392,-0.087093,-0.040868,0.080627,0.106470,-0.026352,-0.000056,0.000342,-0.000299,-1.154704,0.333399,1.080642,0.538660,-1.842825,-2.092655,0.000011,0.000801,-0.000491,0.010099,-24.905987,-0.074146,17.537634,0.297508,2.249547,-12.000000,-0.188096,-0.128919,0.010099,-24.905987,-0.074146,17.537634,0.297508,2.249547,-115.786484,-0.188096,-0.128919,87.000000,87.000000,87.000000,87.000000,12.000000,12.000000,12.000000,200.000000,200.000000,0.000000,0.000000,0.000000,0.000000,0.000000,0.000000,0.000000,0.000000,0.000000
102,0.861574,0.527308,-0.430281,1.140525,0.094333,-0.889541,-10.151012,0.426572,0.019804,-0.209984,-2.463167,0.041419,2.566573,-2.897300,0.000077,0.000079,0.084967,-0.098869,-0.083074,0.077189,0.035828,-0.049878,-0.000055,0.000297,-0.000260,-2.119231,-0.386458,2.143485,-0.046740,-0.471900,-1.679044,-0.000507,-0.000543,0.000573,-0.011945,-25.640409,-0.077075,17.545908,0.294426,2.257204,-12.000000,-0.186748,-0.130123,-0.011945,-25.640409,-0.077075,17.545908,0.294426,2.257204,-114.976280,-0.186748,-0.130123,87.000000,87.000000,87.000000,87.000000,12.000000,12.000000,12.000000,200.000000,200.000000,0.000000,0.000000,0.000000,0.000000,0.000000,0.000000,0.000000,0.000000,0.000000
103,0.844199,0.528132,-0.406694,1.139030,0.068383,-0.910128,-10.186893,0.423493,0.019499,-0.207238,-2.462918,0.035573,2.563664,-2.897300,0.000076,0.000080,-0.075558,-0.112595,0.076424,0.088293,-0.114377,-0.204959,-0.000055,0.000334,-0.000284,1.860206,-0.365130,-1.586828,-0.763335,3.248591,1.579281,0.000211,0.001779,-0.001174,0.196013,-25.545223,0.007042,17.395678,0.338269,2.265092,-12.000000,-0.183031,-0.133761,0.196013,-25.545223,0.007042,17.395678,0.338269,2.265092,-116.411369,-0.183031,-0.133761,87.000000,87.000000,87.000000,87.000000,12.000000,12.000000,12.000000,200.000000,200.000000,0.000000,0.000000,0.000000,0.000000,0.000000,0.000000,0.000000,0.000000,0.000000
104,0.866894,0.541202,-0.424176,1.145899,0.087771,-0.898795,-10.205675,0.426477,0.019251,-0.210115,-2.463318,0.036552,2.564243,-2.897301,0.000076,0.000080,0.076644,-0.098673,-0.062363,0.085557,0.070400,-0.106360,-0.000060,0.000364,-0.000322,-1.580857,0.397684,1.761641,0.602036,-0.499315,-0.429510,-0.000023,0.000410,-0.000582,0.261988,-24.996172,0.100088,17.787544,0.330938,2.295685,-12.000000,-0.187897,-0.129710,0.261988,-24.996172,0.100088,17.787544,0.330938,2.295685,-117.162682,-0.187897,-0.129710,87.000000,87.000000,87.000000,87.000000,12.000000,12.000000,12.000000,200.000000,200.000000,0.000000,0.000000,0.000000,0.000000,0.000000,0.000000,0.000000,0.000000,0.000000
105,0.856199,0.532739,-0.424336,1.144906,0.090210,-0.895906,-10.192720,0.427337,0.019215,-0.210719,-2.463423,0.038045,2.565365,-2.897301,0.000077,0.000080,0.017999,-0.098399,-0.003308,0.090939,0.063943,-0.098770,-0.000054,0.000353,-0.000311,-0.357539,0.008925,0.314499,0.278416,-0.827153,-0.566785,0.000047,-0.000465,0.000483,-0.008269,-25.354733,-0.098362,17.723557,0.305483,2.293118,-12.000000,-0.189624,-0.127652,-0.008269,-25.354733,-0.098362,17.723557,0.305483,2.293118,-116.644531,-0.189624,-0.127652,87.000000,87.000000,87.000000,87.000000,12.000000,12.000000,12.000000,200.000000,200.000000,0.000000,0.000000,0.000000,0.000000,0.000000,0.000000,0.000000,0.000000,0.000000
106,0.862110,0.544209,-0.427209,1.133153,0.082593,-0.898638,-10.217288,0.428709,0.019273,-0.211948,-2.463400,0.037145,2.565693,-2.897301,0.000077,0.000080,0.032545,-0.094122,-0.020053,0.086575,0.003396,-0.118208,-0.000054,0.000314,-0.000275,-0.674358,0.100312,0.737073,-0.289771,0.406628,-0.123736,-0.000089,-0.000278,0.000374,0.061382,-24.906780,-0.046092,17.230667,0.304218,2.234850,-12.000000,-0.186319,-0.130484,0.061382,-24.906780,-0.046092,17.230667,0.304218,2.234850,-117.627281,-0.186319,-0.130484,87.000000,87.000000,87.000000,87.000000,12.000000,12.000000,12.000000,200.000000,200.000000,0.000000,0.000000,0.000000,0.000000,0.000000,0.000000,0.000000,0.000000,0.000000
107,0.868239,0.524028,-0.443530,1.151512,0.087831,-0.897419,-10.214424,0.432338,0.019274,-0.215451,-2.463349,0.037566,2.565619,-2.897301,0.000077,0.000079,0.083758,-0.100523,-0.073575,0.096293,0.046928,-0.129469,-0.000059,0.000365,-0.000321,-2.012226,-0.195143,1.923379,0.303519,-0.112514,-0.009888,0.000021,0.000408,-0.000430,-0.197193,-25.713884,-0.207710,17.968994,0.336158,2.325212,-12.000000,-0.189181,-0.128222,-0.197193,-25.713884,-0.207710,17.968994,0.336158,2.325212,-117.512657,-0.189181,-0.128222,87.000000,87.000000,87.000000,87.000000,12.000000,12.000000,12.000000,200.000000,200.000000,0.000000,0.000000,0.000000,0.000000,0.000000,0.000000,0.000000,0.000000,0.000000
108,0.862673,0.534769,-0.423131,1.134951,0.066007,-0.912121,-10.251160,0.430863,0.019020,-0.214012,-2.462889,0.033068,2.562624,-2.897301,0.000077,0.000080,-0.036639,-0.108828,0.046137,0.092431,-0.084852,-0.198338,-0.000061,0.000320,-0.000276,1.029489,-0.231301,-0.795796,-0.847871,2.366425,1.689435,-0.000330,0.000599,-0.000197,0.193665,-25.243910,0.017634,17.214111,0.314083,2.258425,-12.000000,-0.184777,-0.131982,0.193665,-25.243910,0.017634,17.214111,0.314083,2.258425,-118.982109,-0.184777,-0.131982,87.000000,87.000000,87.000000,87.000000,12.000000,12.000000,12.000000,200.000000,200.000000,0.000000,0.000000,0.000000,0.000000,0.000000,0.000000,0.000000,0.000000,0.000000
109,0.847610,0.539856,-0.425130,1.150273,0.090066,-0.897839,-10.220623,0.428979,0.018892,-0.211849,-2.463129,0.035674,2.563815,-2.897301,0.000078,0.000079,-0.041580,-0.094037,0.054402,0.094265,0.108406,-0.091889,-0.000061,0.000399,-0.000352,0.954819,0.464059,-1.233456,0.850045,-1.348279,-0.740227,0.000047,0.000121,-0.000293,-0.248568,-25.029911,-0.282949,17.938183,0.343160,2.311710,-12.000000,-0.192989,-0.125146,-0.248568,-25.029911,-0.282949,17.938183,0.343160,2.311710,-117.760590,-0.192989,-0.125146,87.000000,87.000000,87.000000,87.000000,12.000000,12.000000,12.000000,200.000000,200.000000,0.000000,0.000000,0.000000,0.000000,0.000000,0.000000,0.000000,0.000000,0.000000
110,0.840814,0.526768,-0.399027,1.148785,0.082317,-0.910423,-10.200903,0.423697,0.018859,-0.206379,-2.462466,0.035814,2.561810,-2.897301,0.000077,0.000080,-0.119280,-0.101259,0.133986,0.109903,0.031185,-0.180310,-0.000056,0.000350,-0.000309,3.038073,-0.169859,-2.939523,-0.115085,0.112031,1.078514,0.000477,-0.000258,0.000131,0.228831,-25.567745,0.013410,17.728983,0.309865,2.307461,-12.000000,-0.189237,-0.128249,0.228831,-25.567745,0.013410,17.728983,0.309865,2.307461,-116.971771,-0.189237,-0.128249,87.000000,87.000000,87.000000,87.000000,12.000000,12.000000,12.000000,200.000000,200.000000,0.000000,0.000000,0.000000,0.000000,0.000000,0.000000,0.000000,0.000000,0.000000
111,0.840473,0.542665,-0.424145,1.144976,0.096697,-0.900071,-10.193180,0.424361,0.018970,-0.206895,-2.462171,0.039003,2.563071,-2.897301,0.000078,0.000078,0.019227,-0.088568,-0.012904,0.103577,0.110122,-0.089040,-0.000055,0.000372,-0.000327,-0.666040,0.339616,0.280576,0.386627,-1.767078,-0.654688,-0.000034,-0.000067,0.000235,-0.419676,-24.945620,-0.373296,17.598392,0.311989,2.279962,-12.000000,-0.193039,-0.124465,-0.419676,-24.945620,-0.373296,17.598392,0.311989,2.279962,-116.662910,-0.193039,-0.124465,87.000000,87.000000,87.000000,87.000000,12.000000,12.000000,12.000000,200.000000,200.000000,0.000000,0.000000,0.000000,0.000000,0.000000,0.000000,0.000000,0.000000,0.000000
112,0.856222,0.540029,-0.420146,1.130476,0.085878,-0.902585,-10.209597,0.425647,0.019159,-0.208355,-2.461993,0.038592,2.563709,-2.897301,0.000077,0.000079,0.028685,-0.094910,-0.025940,0.084167,0.010073,-0.111017,-0.000057,0.000282,-0.000247,-0.729419,-0.209718,0.795072,-0.746333,0.081944,-0.278711,-0.000676,-0.000421,0.000439,0.078029,-25.080685,-0.031966,16.991182,0.282698,2.208151,-12.000000,-0.185593,-0.131159,0.078029,-25.080685,-0.031966,16.991182,0.282698,2.208151,-117.319649,-0.185593,-0.131159,87.000000,87.000000,87.000000,87.000000,12.000000,12.000000,12.000000,200.000000,200.000000,0.000000,0.000000,0.000000,0.000000,0.000000,0.000000,0.000000,0.000000,0.000000
113,0.849397,0.522559,-0.425932,1.149647,0.075359,-0.914617,-10.226894,0.426333,0.019014,-0.209394,-2.461712,0.035486,2.560761,-2.897301,0.000077,0.000080,0.012847,-0.107191,-0.016576,0.094912,-0.040869,-0.202478,-0.000059,0.000357,-0.000312,-0.476535,-0.344770,0.461297,-0.350891,1.846715,1.534206,0.000221,0.000971,-0.000882,-0.193096,-25.742828,-0.224321,17.729418,0.349370,2.309019,-12.000000,-0.187459,-0.129852,-0.193096,-25.742828,-0.224321,17.729418,0.349370,2.309019,-118.011452,-0.187459,-0.129852,87.000000,87.000000,87.000000,87.000000,12.000000,12.000000,12.000000,200.000000,200.000000,0.000000,0.000000,0.000000,0.000000,0.000000,0.000000,0.000000,0.000000,0.000000
114,0.851899,0.532366,-0.408084,1.153835,0.086694,-0.906360,-10.209240,0.424486,0.018785,-0.207603,-2.461711,0.036453,2.560786,-2.897301,0.000077,0.000080,-0.041494,-0.101004,0.050301,0.097564,0.061232,-0.118732,-0.000060,0.000355,-0.000312,1.126604,0.202353,-0.978318,0.541376,-0.552526,-0.010389,-0.000158,-0.000042,-0.000003,0.291901,-25.317493,0.084915,17.940666,0.316095,2.327243,-12.000000,-0.189153,-0.128273,0.291901,-25.317493,0.084915,17.940666,0.316095,2.327243,-117.305298,-0.189153,-0.128273,87.000000,87.000000,87.000000,87.000000,12.000000,12.000000,12.000000,200.000000,200.000000,0.000000,0.000000,0.000000,0.000000,0.000000,0.000000,0.000000,0.000000,0.000000
115,0.857252,0.544392,-0.417087,1.137105,0.098783,-0.890080,-10.171732,0.425376,0.018826,-0.208287,-2.462161,0.040074,2.565116,-2.897301,0.000077,0.000079,0.024545,-0.092332,-0.010541,0.078793,0.113457,-0.016003,-0.000056,0.000331,-0.000289,-0.474495,0.226209,0.474023,0.274252,-2.188564,-2.270753,-0.000410,0.000615,-0.000317,0.166857,-24.861603,0.025170,17.342291,0.275394,2.229198,-12.000000,-0.187399,-0.129507,0.166857,-24.861603,0.025170,17.342291,0.275394,2.229198,-115.805023,-0.187399,-0.129507,87.000000,87.000000,87.000000,87.000000,12.000000,12.000000,12.000000,200.000000,200.000000,0.000000,0.000000,0.000000,0.000000,0.000000,0.000000,0.000000,0.000000,0.000000
116,0.834928,0.531583,-0.406912,1.141067,0.080042,-0.906830,-10.181444,0.422275,0.018837,-0.205228,-2.461898,0.037623,2.563728,-2.897301,0.000077,0.000080,-0.074378,-0.100337,0.079509,0.092594,-0.035236,-0.170742,-0.000060,0.000334,-0.000292,1.722222,-0.209665,-1.748755,-0.514631,1.474829,0.749712,-0.000215,-0.000213,0.000206,-0.088207,-25.378408,-0.180088,17.398010,0.328191,2.253068,-12.000000,-0.187603,-0.129649,-0.088207,-25.378408,-0.180088,17.398010,0.328191,2.253068,-116.193481,-0.187603,-0.129649,87.000000,87.000000,87.000000,87.000000,12.000000,12.000000,12.000000,200.000000,200.000000,0.000000,0.000000,0.000000,0.000000,0.000000,0.000000,0.000000,0.000000,0.000000
117,0.843827,0.538020,-0.417794,1.145398,0.086470,-0.906592,-10.203257,0.422870,0.018846,-0.205909,-2.461877,0.037464,2.562639,-2.897301,0.000077,0.000080,0.016716,-0.094164,-0.013085,0.091722,0.035730,-0.150972,-0.000055,0.000363,-0.000320,-0.479599,0.180930,0.384475,0.071065,0.176884,0.497453,0.000248,0.000347,-0.000402,-0.148949,-25.115824,-0.191599,17.605207,0.336300,2.283743,-12.000000,-0.188978,-0.128493,-0.148949,-25.115824,-0.191599,17.605207,0.336300,2.283743,-117.065941,-0.188978,-0.128493,87.000000,87.000000,87.000000,87.000000,12.000000,12.000000,12.000000,200.000000,200.000000,0.000000,0.000000,0.000000,0.000000,0.000000,0.000000,0.000000,0.000000,0.000000
118,0.866598,0.540527,-0.432543,1.138820,0.094461,-0.896075,-10.206314,0.427500,0.019044,-0.210612,-2.462328,0.039524,2.564600,-2.897300,0.000077,0.000079,0.107605,-0.089752,-0.102109,0.076508,0.079201,-0.073510,-0.000055,0.000330,-0.000289,-2.601772,0.092288,2.605233,0.085293,-1.258951,-1.047562,-0.000212,0.000256,-0.000037,0.026857,-25.048132,-0.040147,17.419514,0.291584,2.253658,-12.000000,-0.187511,-0.129381,0.026857,-25.048132,-0.040147,17.419514,0.291584,2.253658,-117.188324,-0.187511,-0.129381,87.000000,87.000000,87.000000,87.000000,12.000000,12.000000,12.000000,200.000000,200.000000,0.000000,0.000000,0.000000,0.000000,0.000000,0.000000,0.000000,0.000000,0.000000
119,0.851231,0.523089,-0.421574,1.145033,0.079793,-0.906558,-10.204600,0.426923,0.019019,-0.210252,-2.462377,0.037253,2.563205,-2.897301,0.000077,0.000080,-0.019204,-0.104699,0.020477,0.084309,-0.029731,-0.165021,-0.000057,0.000332,-0.000290,0.375408,-0.416459,-0.328059,-0.385202,1.272893,0.770179,-0.000187,-0.000080,0.000082,-0.032759,-25.732815,-0.125483,17.624413,0.321636,2.292429,-12.000000,-0.187236,-0.129957,-0.032759,-25.732815,-0.125483,17.624413,0.321636,2.292429,-117.119728,-0.187236,-0.129957,87.000000,87.000000,87.000000,87.000000,12.000000,12.000000,12.000000,200.000000,200.000000,0.000000,0.000000,0.000000,0.000000,0.000000,0.000000,0.000000,0.000000,0.000000
120,0.858094,0.537158,-0.426129,1.149005,0.095902,-0.886205,-10.163071,0.427840,0.018992,-0.211179,-2.463022,0.039546,2.566821,-2.897300,0.000078,0.000079,0.022853,-0.093163,-0.016080,0.081938,0.089078,-0.029380,-0.000056,0.000347,-0.000305,-0.572246,0.309205,0.507514,0.873932,-1.451426,-1.873278,-0.000576,-0.000009,0.000121,0.002273,-25.157059,-0.088340,17.913130,0.310288,2.306039,-12.000000,-0.190251,-0.126969,0.002273,-25.157059,-0.088340,17.913130,0.310288,2.306039,-115.458588,-0.190251,-0.126969,87.000000,87.000000,87.000000,87.000000,12.000000,12.000000,12.000000,200.000000,200.000000,0.000000,0.000000,0.000000,0.000000,0.000000,0.000000,0.000000,0.000000,0.000000
121,-0.657819,-0.303622,0.364450,0.877239,0.616618,-1.539711,-1.603436,0.359137,-0.005306,-0.138591,-2.478760,0.122769,2.482178,-2.815915,0.000022,0.000286,-2.063160,-1.350448,2.170464,-0.894650,2.688270,-2.608699,2.610355,0.001740,0.007837,-2.413172,-31.917263,-0.044661,-30.258041,0.707617,0.026650,24.579418,0.060589,0.499671,-49.706573,-55.324238,19.873909,9.152109,7.665855,-10.246088,12.000000,-0.084429,-0.239561,-49.706573,-55.324238,19.873909,9.152109,7.665855,-10.246088,215.094528,-0.084429,-0.239561,87.000000,87.000000,87.000000,87.000000,12.000000,12.000000,12.000000,200.000000,200.000000,0.000000,0.000000,0.000000,0.000000,0.000000,0.000000,0.000000,0.000000,0.000000
122,-1.504890,0.040682,0.869126,1.304297,0.431077,-1.504758,-1.266792,0.286494,-0.047761,-0.066605,-2.501479,0.168918,2.395247,-2.728930,0.000026,0.000377,-2.211800,-1.408483,2.162899,-0.405906,0.935410,-2.610200,2.609473,-0.001352,0.001861,-3.078217,-2.603738,0.031586,12.944522,-25.904108,-0.031457,0.020657,-0.183909,-0.198012,-77.424294,-36.344879,34.326130,29.212551,-0.319539,-1.890284,12.000000,-0.270888,-1.230157,-77.424294,-36.344879,34.326130,29.212551,-0.319539,-1.890284,219.965897,-0.270888,-1.230157,87.000000,87.000000,87.000000,87.000000,12.000000,12.000000,12.000000,200.000000,200.000000,0.000000,0.000000,0.000000,0.000000,0.000000,0.000000,0.000000,0.000000,0.000000
123,-1.793218,0.190921,1.174154,1.028535,0.597161,-1.522401,-1.334043,0.212040,-0.092708,0.005758,-2.520068,0.228988,2.324293,-2.644968,0.000021,0.000368,-2.242587,-1.445071,2.165102,-0.476222,1.523561,-1.756804,2.609281,0.001273,-0.000105,-2.546024,-0.008569,-0.078664,-0.140648,-30.376129,35.032181,16.888803,0.121434,0.009145,-82.885483,-26.498339,40.727158,19.082628,-0.261921,2.968367,12.000000,0.075101,-0.740311,-82.885483,-26.498339,40.727158,19.082628,-0.261921,2.968367,211.683945,0.075101,-0.740311,87.000000,87.000000,87.000000,87.000000,12.000000,12.000000,12.000000,200.000000,200.000000,0.000000,0.000000,0.000000,0.000000,0.000000,0.000000,0.000000,0.000000,0.000000
124,-1.942993,0.227459,1.288675,0.985782,0.675229,-1.475984,-1.339039,0.136491,-0.136083,0.078168,-2.540272,0.281072,2.298317,-2.557982,0.000103,0.000262,-2.273540,-1.329732,2.171580,-0.447639,1.179332,-0.638239,2.609942,0.003386,-0.003218,-1.729874,4.108457,0.217652,4.811310,-29.514898,13.974741,0.021358,0.106636,-0.091068,-82.696686,-21.640182,39.517975,19.188164,-0.356225,2.739765,12.000000,-0.246082,-0.492276,-82.696686,-21.640182,39.517975,19.188164,-0.356225,2.739765,203.398422,-0.246082,-0.492276,87.000000,87.000000,87.000000,87.000000,12.000000,12.000000,12.000000,200.000000,200.000000,0.000000,0.000000,0.000000,0.000000,0.000000,0.000000,0.000000,0.000000,0.000000
125,-1.993062,0.220315,1.336825,0.900844,0.704178,-1.470043,-1.364091,0.060086,-0.175612,0.150810,-2.558660,0.314415,2.290238,-2.470976,0.000164,0.000149,-2.289579,-1.209230,2.179070,-0.411164,0.748751,-0.294827,2.610491,0.001611,-0.002443,-0.602918,4.145522,0.227938,2.758489,-18.739002,3.963396,0.016036,-0.021036,0.028926,-78.473434,-19.087875,35.614433,17.038536,-0.097638,2.128826,12.000000,-0.465468,-0.111567,-78.473434,-19.087875,35.614433,17.038536,-0.097638,2.128826,195.433716,-0.465468,-0.111567,87.000000,87.000000,87.000000,87.000000,12.000000,12.000000,12.000000,200.000000,200.000000,0.000000,0.000000,0.000000,0.000000,0.000000,0.000000,0.000000,0.000000,0.000000
126,-2.037485,0.207043,1.336420,0.892112,0.713116,-1.488427,-1.395321,-0.016464,-0.210929,0.223705,-2.574090,0.332909,2.282477,-2.383963,0.000178,0.000093,-2.281662,-1.066053,2.185948,-0.303349,0.425145,-0.325268,2.610909,0.000443,-0.000071,0.550446,4.551873,0.181818,3.062187,-10.076329,3.514568,0.008368,-0.028777,0.073706,-74.074448,-17.164337,29.745869,17.642193,0.148815,2.069550,12.000000,-0.442801,-0.094147,-74.074448,-17.164337,29.745869,17.642193,0.148815,2.069550,187.221588,-0.442801,-0.094147,87.000000,87.000000,87.000000,87.000000,12.000000,12.000000,12.000000,200.000000,200.000000,0.000000,0.000000,0.000000,0.000000,0.000000,0.000000,0.000000,0.000000,0.000000
127,-2.049384,0.154021,1.318489,0.870759,0.722270,-1.517015,-1.400606,-0.092348,-0.243297,0.296792,-2.587067,0.344193,2.271901,-2.296945,0.000174,0.000081,-2.261714,-1.000115,2.191045,-0.246453,0.274062,-0.403964,2.611105,-0.000009,0.001032,0.848093,2.270686,0.145082,1.374308,-6.014773,4.619241,0.003533,-0.024931,0.041730,-68.508186,-17.019398,23.165739,17.566040,0.256511,2.048451,12.000000,-0.397174,-0.196220,-68.508186,-17.019398,23.165739,17.566040,0.256511,2.048451,180.047836,-0.397174,-0.196220,87.000000,87.000000,87.000000,87.000000,12.000000,12.000000,12.000000,200.000000,200.000000,0.000000,0.000000,0.000000,0.000000,0.000000,0.000000,0.000000,0.000000,0.000000
128,-2.054724,0.147213,1.307349,0.869022,0.724319,-1.536091,-1.409284,-0.167215,-0.273758,0.370040,-2.598065,0.350251,2.261175,-2.210008,0.000170,0.000081,-2.235220,-0.929040,2.196440,-0.169115,0.144952,-0.396793,2.599399,-0.000101,0.001208,0.977583,2.279895,0.143695,2.009303,-3.536188,4.983231,-0.163479,-0.011966,0.013372,-62.786972,-15.060966,16.845587,18.196011,0.343727,2.149605,12.000000,-0.356764,-0.255962,-62.786972,-15.060966,16.845587,18.196011,0.343727,2.149605,172.777847,-0.356764,-0.255962,87.000000,87.000000,87.000000,87.000000,12.000000,12.000000,12.000000,200.000000,200.000000,0.000000,0.000000,0.000000,0.000000,0.000000,0.000000,0.000000,0.000000,0.000000
129,-2.059427,0.129422,1.290494,0.845532,0.725150,-1.545585,-1.407315,-0.240959,-0.302904,0.443396,-2.607581,0.353332,2.253299,-2.123180,0.000175,0.000075,-2.213489,-0.893908,2.200074,-0.129153,0.073118,-0.324062,2.587379,0.000159,0.001007,0.658178,1.219000,0.134726,1.344448,-2.147240,3.584028,-0.311937,-0.000189,0.001637,-57.142288,-13.611311,10.292233,17.863857,0.404710,2.128598,12.000000,-0.360444,-0.253480,-57.142288,-13.611311,10.292233,17.863857,0.404710,2.128598,165.943558,-0.360444,-0.253480,87.000000,87.000000,87.000000,87.000000,12.000000,12.000000,12.000000,200.000000,200.000000,0.000000,0.000000,0.000000,0.000000,0.000000,0.000000,0.000000,0.000000,0.000000
130,-2.064991,0.135152,1.275559,0.820813,0.727681,-1.555965,-1.429868,-0.313785,-0.331131,0.516842,-2.615996,0.355126,2.247038,-2.036504,0.000185,0.000066,-2.195434,-0.852949,2.202704,-0.092228,0.047091,-0.291735,2.575094,0.000182,0.001018,0.519419,1.403046,0.108476,1.213833,-1.357590,2.688027,-0.175152,-0.006740,0.008510,-51.584656,-11.236382,3.810130,17.435194,0.479918,2.076923,12.000000,-0.391097,-0.226622,-51.584656,-11.236382,3.810130,17.435194,0.479918,2.076923,158.160004,-0.391097,-0.226622,87.000000,87.000000,87.000000,87.000000,12.000000,12.000000,12.000000,200.000000,200.000000,0.000000,0.000000,0.000000,0.000000,0.000000,0.000000,0.000000,0.000000,0.000000
131,-2.061621,0.128453,1.251992,0.806952,0.733386,-1.553898,-1.472751,-0.385180,-0.358302,0.589536,-2.623629,0.356943,2.243925,-1.949984,0.000201,0.000053,-2.105103,-0.813470,2.098397,-0.065744,0.026228,-0.224351,2.556430,0.000570,0.000737,3.251338,1.145697,-4.451251,1.154294,-2.565037,0.317248,-0.741749,0.015519,-0.008734,-45.845730,-9.466046,-2.889330,17.412300,0.560149,2.099336,12.000000,-0.413345,-0.209656,-45.845730,-9.466046,-2.889330,17.412300,0.560149,2.099336,149.554016,-0.413345,-0.209656,87.000000,87.000000,87.000000,87.000000,12.000000,12.000000,12.000000,200.000000,200.000000,0.000000,0.000000,0.000000,0.000000,0.000000,0.000000,0.000000,0.000000,0.000000
132,-2.050381,0.114290,1.255121,0.798023,0.735840,-1.557753,-1.467564,-0.454306,-0.384896,0.657577,-2.630348,0.357564,2.240672,-1.864240,0.000220,0.000036,-2.035474,-0.797240,1.876500,-0.039718,-0.005718,-0.242786,2.473131,0.000452,0.000793,1.842413,0.606100,-7.611615,0.842444,-1.473339,0.284622,-2.412457,-0.006633,0.006697,-40.147617,-7.987246,-7.766483,17.502558,0.763876,2.254423,12.000000,-0.478870,-0.156216,-40.147617,-7.987246,-7.766483,17.502558,0.763876,2.254423,143.083023,-0.478870,-0.156216,87.000000,87.000000,87.000000,87.000000,12.000000,12.000000,12.000000,200.000000,200.000000,0.000000,0.000000,0.000000,0.000000,0.000000,0.000000,0.000000,0.000000,0.000000
133,-1.980412,0.087175,1.301669,0.775687,0.756549,-1.557191,-1.450358,-0.522690,-0.411933,0.718659,-2.637223,0.362186,2.238685,-1.778946,0.000242,0.000024,-2.026155,-0.819002,1.636753,-0.052942,0.099892,-0.210300,2.463578,0.000611,0.000976,1.047506,-0.255886,-9.115183,0.249586,-3.484303,-0.434514,0.897131,0.004209,0.012060,-31.948219,-6.908157,-10.228044,17.156641,0.830468,2.308186,12.000000,-0.510554,-0.138033,-31.948219,-6.908157,-10.228044,17.156641,0.830468,2.308186,137.207779,-0.510554,-0.138033,87.000000,87.000000,87.000000,87.000000,12.000000,12.000000,12.000000,200.000000,200.000000,0.000000,0.000000,0.000000,0.000000,0.000000,0.000000,0.000000,0.000000,0.000000
134,-1.900579,0.095601,1.367373,0.749598,0.782688,-1.557545,-1.444751,-0.591174,-0.439074,0.772232,-2.644489,0.370718,2.237772,-1.693399,0.000266,0.000019,-2.036797,-0.793509,1.409478,-0.057546,0.185624,-0.185861,2.467138,0.000600,0.001326,0.631356,1.238522,-8.760645,0.562767,-5.428745,-0.897028,-0.091782,-0.004027,0.019466,-23.270641,-4.389917,-11.250248,16.721521,0.861637,2.276545,12.000000,-0.570370,-0.141849,-23.270641,-4.389917,-11.250248,16.721521,0.861637,2.276545,130.509720,-0.570370,-0.141849,87.000000,87.000000,87.000000,87.000000,12.000000,12.000000,12.000000,200.000000,200.000000,0.000000,0.000000,0.000000,0.000000,0.000000,0.000000,0.000000,0.000000,0.000000
135,-1.805269,0.049986,1.435150,0.748398,0.804046,-1.546589,-1.388899,-0.660229,-0.465995,0.818815,-2.651831,0.380496,2.239238,-1.607768,0.000289,0.000017,-2.058827,-0.793464,1.201858,-0.050899,0.198642,-0.121287,2.472963,0.000559,0.001289,0.416350,0.506208,-8.162068,1.081803,-6.232463,-1.772782,-0.255275,0.005171,0.001791,-13.886061,-4.109576,-11.669176,17.270859,0.858810,2.376982,12.000000,-0.594503,-0.165225,-13.886061,-4.109576,-11.669176,17.270859,0.858810,2.376982,125.861771,-0.594503,-0.165225,87.000000,87.000000,87.000000,87.000000,12.000000,12.000000,12.000000,200.000000,200.000000,0.000000,0.000000,0.000000,0.000000,0.000000,0.000000,0.000000,0.000000,0.000000
136,-1.716202,0.054496,1.497829,0.713586,0.824623,-1.549356,-1.356619,-0.726982,-0.491702,0.856858,-2.659226,0.390504,2.240644,-1.521393,0.000308,0.000021,-1.779169,-0.692747,0.799160,-0.086303,0.200565,-0.106548,2.581929,-0.000097,0.001627,13.343575,4.303726,-16.490374,-1.109388,-6.113954,-0.357230,3.855772,-0.022681,0.026164,-5.071790,-1.942792,-11.536298,16.450644,0.893757,2.183688,12.000000,-0.626290,-0.151172,-5.071790,-1.942792,-11.536298,16.450644,0.893757,2.183688,120.125870,-0.626290,-0.151172,87.000000,87.000000,87.000000,87.000000,12.000000,12.000000,12.000000,200.000000,200.000000,0.000000,0.000000,0.000000,0.000000,0.000000,0.000000,0.000000,0.000000,0.000000
137,-1.672579,0.003582,1.544567,0.727614,0.832717,-1.551676,-1.324430,-0.780852,-0.513636,0.880039,-2.667446,0.398029,2.240649,-1.434394,0.000303,0.000043,-1.252173,-0.558191,0.286228,-0.118588,0.138575,-0.137534,2.611451,-0.001196,0.001926,17.134472,4.872894,-16.054623,-0.869880,-4.030308,-0.166936,0.003462,-0.030815,0.018814,-0.259627,-2.558669,-10.080709,17.777391,0.908300,2.172309,12.000000,-0.550624,-0.220713,-0.259627,-2.558669,-10.080709,17.777391,0.908300,2.172309,114.088768,-0.550624,-0.220713,87.000000,87.000000,87.000000,87.000000,12.000000,12.000000,12.000000,200.000000,200.000000,0.000000,0.000000,0.000000,0.000000,0.000000,0.000000,0.000000,0.000000,0.000000
138,-1.692137,-0.021382,1.559936,0.741764,0.828429,-1.569989,-1.338549,-0.820141,-0.531087,0.889707,-2.674999,0.401091,2.235741,-1.347392,0.000270,0.000073,-0.885618,-0.424812,-0.028989,-0.074279,0.037100,-0.258127,2.611554,-0.002126,0.002152,12.052956,4.672408,-9.501822,0.617496,-1.254236,2.471607,0.001459,-0.022921,0.006524,0.826959,-2.529480,-9.014386,18.915916,0.923782,2.300780,12.000000,-0.410065,-0.315222,0.826959,-2.529480,-9.014386,18.915916,0.923782,2.300780,106.563614,-0.410065,-0.315222,87.000000,87.000000,87.000000,87.000000,12.000000,12.000000,12.000000,200.000000,200.000000,0.000000,0.000000,0.000000,0.000000,0.000000,0.000000,0.000000,0.000000,0.000000
139,-1.708359,-0.039197,1.554115,0.732039,0.832632,-1.576826,-1.362293,-0.847813,-0.544226,0.890425,-2.681646,0.403802,2.231168,-1.260386,0.000227,0.000100,-0.574057,-0.302987,-0.252388,-0.044496,0.033579,-0.233535,2.611411,-0.002233,0.002034,9.258226,3.990433,-6.144115,0.973559,-1.167008,2.381889,-0.002003,-0.005876,0.003224,1.402284,-2.556155,-8.514488,18.999409,0.891260,2.321912,12.000000,-0.286338,-0.369110,1.402284,-2.556155,-8.514488,18.999409,0.891260,2.321912,98.653687,-0.286338,-0.369110,87.000000,87.000000,87.000000,87.000000,12.000000,12.000000,12.000000,200.000000,200.000000,0.000000,0.000000,0.000000,0.000000,0.000000,0.000000,0.000000,0.000000,0.000000
140,-1.734710,-0.039933,1.538029,0.712805,0.831413,-1.585359,-1.397758,-0.866830,-0.553453,0.885422,-2.687142,0.405142,2.227002,-1.173380,0.000188,0.000120,-0.364256,-0.190077,-0.377125,-0.008443,-0.001941,-0.222362,2.611233,-0.001923,0.002053,6.084092,3.575703,-3.046067,1.033289,-0.417856,2.233517,-0.003090,0.009797,0.007006,1.130905,-2.173495,-8.247636,18.576683,0.873183,2.273834,12.000000,-0.207984,-0.412789,1.130905,-2.173495,-8.247636,18.576683,0.873183,2.273834,90.275230,-0.207984,-0.412789,87.000000,87.000000,87.000000,87.000000,12.000000,12.000000,12.000000,200.000000,200.000000,0.000000,0.000000,0.000000,0.000000,0.000000,0.000000,0.000000,0.000000,0.000000
141,-1.752630,-0.054800,1.518900,0.706672,0.829321,-1.582388,-1.414353,-0.879965,-0.559494,0.877395,-2.691604,0.405499,2.225247,-1.086372,0.000157,0.000134,-0.224360,-0.111118,-0.438246,0.026111,-0.028137,-0.156193,2.611046,-0.001436,0.002013,3.845774,2.416970,-1.206728,1.271574,-0.075100,1.175097,-0.004849,0.015643,-0.003300,0.967099,-2.562373,-8.103766,18.608906,0.849502,2.295979,12.000000,-0.172435,-0.462867,0.967099,-2.562373,-8.103766,18.608906,0.849502,2.295979,82.651466,-0.172435,-0.462867,87.000000,87.000000,87.000000,87.000000,12.000000,12.000000,12.000000,200.000000,200.000000,0.000000,0.000000,0.000000,0.000000,0.000000,0.000000,0.000000,0.000000,0.000000
142,-1.776977,-0.042719,1.497657,0.684645,0.825739,-1.592829,-1.449798,-0.889395,-0.562891,0.867996,-2.694799,0.404784,2.222602,-0.999367,0.000137,0.000142,-0.139034,-0.030107,-0.458755,0.058118,-0.046140,-0.189200,2.610863,-0.001232,0.002046,2.368668,2.502062,0.017681,0.738512,0.783207,1.404474,-0.003862,0.004638,0.001348,0.438656,-2.018714,-8.078745,17.866840,0.860970,2.188303,12.000000,-0.164985,-0.476913,0.438656,-2.018714,-8.078745,17.866840,0.860970,2.188303,74.274017,-0.164985,-0.476913,87.000000,87.000000,87.000000,87.000000,12.000000,12.000000,12.000000,200.000000,200.000000,0.000000,0.000000,0.000000,0.000000,0.000000,0.000000,0.000000,0.000000,0.000000
143,-1.790181,-0.073632,1.488639,0.696412,0.817661,-1.588646,-1.424518,-0.897465,-0.564709,0.859249,-2.696905,0.402783,2.221374,-0.912360,0.000121,0.000149,-0.130684,-0.012051,-0.413571,0.096687,-0.083602,-0.141111,2.610706,-0.000854,0.001792,0.578835,0.640277,1.384749,1.071971,1.098960,1.094836,-0.006094,0.019374,-0.018411,0.432414,-3.264226,-7.782465,18.421192,0.813157,2.309226,12.000000,-0.135562,-0.506514,0.432414,-3.264226,-7.782465,18.421192,0.813157,2.309226,68.325119,-0.135562,-0.506514,87.000000,87.000000,87.000000,87.000000,12.000000,12.000000,12.000000,200.000000,200.000000,0.000000,0.000000,0.000000,0.000000,0.000000,0.000000,0.000000,0.000000,0.000000
144,-1.812424,-0.054279,1.470416,0.674179,0.815135,-1.602296,-1.441517,-0.904805,-0.565500,0.851426,-2.697992,0.400896,2.218502,-0.825355,0.000116,0.000150,-0.101304,0.030553,-0.394663,0.114282,-0.066867,-0.196408,2.610543,-0.000761,0.001802,1.107668,1.409645,0.782086,0.114857,1.459782,1.492996,-0.002947,0.001555,0.000819,0.084302,-2.496121,-7.972762,17.516190,0.839941,2.160437,12.000000,-0.161679,-0.475014,0.084302,-2.496121,-7.972762,17.516190,0.839941,2.160437,60.685574,-0.161679,-0.475014,87.000000,87.000000,87.000000,87.000000,12.000000,12.000000,12.000000,200.000000,200.000000,0.000000,0.000000,0.000000,0.000000,0.000000,0.000000,0.000000,0.000000,0.000000
145,-1.826817,-0.065769,1.456021,0.683635,0.811545,-1.595859,-1.444045,-0.911412,-0.565166,0.844427,-2.698788,0.399275,2.217772,-0.738347,0.000109,0.000153,-0.089869,0.052649,-0.367034,0.128171,-0.070298,-0.127928,2.610576,-0.000598,0.001681,0.507212,0.651103,0.833700,0.489154,0.869990,0.775305,-0.000472,0.009223,-0.009664,-0.026436,-3.084003,-8.060634,17.941364,0.797890,2.255007,12.000000,-0.146468,-0.490181,-0.026436,-3.084003,-8.060634,17.941364,0.797890,2.255007,53.623913,-0.146468,-0.490181,87.000000,87.000000,87.000000,87.000000,12.000000,12.000000,12.000000,200.000000,200.000000,0.000000,0.000000,0.000000,0.000000,0.000000,0.000000,0.000000,0.000000,0.000000
146,-1.846579,-0.043824,1.438772,0.660629,0.809292,-1.609831,-1.478173,-0.917315,-0.563757,0.837715,-2.699236,0.397705,2.215149,-0.651342,0.000108,0.000152,-0.062647,0.094493,-0.366749,0.125324,-0.056962,-0.192160,2.610389,-0.000536,0.001638,0.910795,1.308428,0.294367,-0.485320,1.326716,1.256925,-0.004649,0.002625,-0.001718,-0.392537,-2.392127,-8.247348,17.008408,0.824533,2.101616,12.000000,-0.161043,-0.470339,-0.392537,-2.392127,-8.247348,17.008408,0.824533,2.101616,45.298775,-0.161043,-0.470339,87.000000,87.000000,87.000000,87.000000,12.000000,12.000000,12.000000,200.000000,200.000000,0.000000,0.000000,0.000000,0.000000,0.000000,0.000000,0.000000,0.000000,0.000000
147,-1.843575,-0.068144,1.436681,0.678852,0.807539,-1.603187,-1.469315,-0.922438,-0.561590,0.831456,-2.699967,0.396800,2.214393,-0.564336,0.000103,0.000155,-0.045664,0.097138,-0.344565,0.125178,-0.050047,-0.130782,2.610234,-0.000443,0.001572,0.545046,0.049760,0.714896,0.117218,0.502390,0.659079,-0.005050,0.005775,-0.006358,0.071713,-3.616124,-7.866548,17.829781,0.757745,2.232275,12.000000,-0.155127,-0.477387,0.071713,-3.616124,-7.866548,17.829781,0.757745,2.232275,38.693222,-0.155127,-0.477387,87.000000,87.000000,87.000000,87.000000,12.000000,12.000000,12.000000,200.000000,200.000000,0.000000,0.000000,0.000000,0.000000,0.000000,0.000000,0.000000,0.000000,0.000000
148,-1.853502,-0.068127,1.424521,0.682665,0.803344,-1.602960,-1.465455,-0.927005,-0.559369,0.825679,-2.700428,0.395292,2.214086,-0.477332,0.000102,0.000154,-0.029432,0.096694,-0.332936,0.136113,-0.062421,-0.125856,2.610089,-0.000292,0.001393,0.539248,-0.024021,0.499291,0.233683,0.937102,0.375747,-0.004320,0.007209,-0.008843,-0.003010,-3.795036,-7.935303,17.996307,0.767143,2.235399,12.000000,-0.162255,-0.465501,-0.003010,-3.795036,-7.935303,17.996307,0.767143,2.235399,31.887884,-0.162255,-0.465501,87.000000,87.000000,87.000000,87.000000,12.000000,12.000000,12.000000,200.000000,200.000000,0.000000,0.000000,0.000000,0.000000,0.000000,0.000000,0.000000,0.000000,0.000000
149,-1.866462,-0.053880,1.403221,0.669363,0.801235,-1.607826,-1.503100,-0.930416,-0.556861,0.819438,-2.700869,0.393875,2.213208,-0.390328,0.000103,0.000152,0.012292,0.110705,-0.359567,0.128528,-0.054537,-0.144407,2.609960,-0.000216,0.001351,0.890695,0.359907,-0.258300,-0.297609,1.057285,0.450798,-0.003676,0.003133,-0.002783,-0.337926,-3.439915,-8.262571,17.488813,0.781346,2.163850,12.000000,-0.178119,-0.445602,-0.337926,-3.439915,-8.262571,17.488813,0.781346,2.163850,23.422321,-0.178119,-0.445602,87.000000,87.000000,87.000000,87.000000,12.000000,12.000000,12.000000,200.000000,200.000000,0.000000,0.000000,0.000000,0.000000,0.000000,0.000000,0.000000,0.000000,0.000000
150,-1.873900,-0.060480,1.407994,0.683386,0.796474,-1.606517,-1.489876,-0.934205,-0.554199,0.814106,-2.701024,0.392237,2.212559,-0.303327,0.000102,0.000151,-0.028741,0.107350,-0.300023,0.149497,-0.064240,-0.131479,2.609853,-0.000071,0.001212,-0.739380,-0.063013,1.514881,0.434647,0.918416,0.643826,-0.002475,0.010070,-0.011458,-0.318171,-3.931138,-7.701405,18.048082,0.738016,2.245170,12.000000,-0.178626,-0.446209,-0.318171,-3.931138,-7.701405,18.048082,0.738016,2.245170,16.991596,-0.178626,-0.446209,87.000000,87.000000,87.000000,87.000000,12.000000,12.000000,12.000000,200.000000,200.000000,0.000000,0.000000,0.000000,0.000000,0.000000,0.000000,0.000000,0.000000,0.000000
151,-1.867467,-0.059000,1.404354,0.670640,0.802711,-1.605310,-1.491639,-0.937505,-0.551526,0.809476,-2.701379,0.392818,2.213070,-0.216325,0.000104,0.000150,0.018435,0.107498,-0.302562,0.130716,-0.004525,-0.109540,2.609799,-0.000071,0.001293,1.130919,-0.044095,0.116417,-0.311691,-0.143571,-0.340325,-0.002131,-0.005401,0.008464,0.186347,-4.083743,-7.552430,17.573385,0.720749,2.136988,9.961156,-0.209886,-0.413707,0.186347,-4.083743,-7.552430,17.573385,0.720749,2.136988,9.961156,-0.209886,-0.413707,87.000000,87.000000,87.000000,87.000000,12.000000,12.000000,12.000000,200.000000,200.000000,0.000000,0.000000,0.000000,0.000000,0.000000,0.000000,0.000000,0.000000,0.000000
152,-1.890153,-0.059596,1.387122,0.681539,0.794343,-1.602616,-1.493580,-0.940674,-0.549028,0.805238,-2.701612,0.391337,2.213409,-0.129584,0.000103,0.000149,-0.004973,0.096190,-0.280307,0.143470,-0.057268,-0.106237,2.505452,0.000167,0.000942,-0.462125,-0.368320,0.662758,0.182403,1.288562,0.262623,-6.256113,0.014021,-0.017636,-0.497067,-4.294515,-7.930434,18.022663,0.719457,2.242900,2.923944,-0.196007,-0.426925,-0.497067,-4.294515,-7.930434,18.022663,0.719457,2.242900,2.923944,-0.196007,-0.426925,87.000000,87.000000,87.000000,87.000000,12.000000,12.000000,12.000000,200.000000,200.000000,0.000000,0.000000,0.000000,0.000000,0.000000,0.000000,0.000000,0.000000,0.000000
153,-1.883626,-0.054431,1.390001,0.672425,0.798263,-1.602856,-1.497239,-0.943656,-0.546777,0.801311,-2.702038,0.391838,2.214057,-0.070506,0.000092,0.000132,0.019630,0.092286,-0.280112,0.130725,-0.010710,-0.108205,1.280202,-0.000534,0.000293,0.665689,-0.083724,0.100733,-0.212879,-0.430848,-0.421270,-30.026442,-0.037405,-0.034295,0.002100,-4.240660,-7.535240,17.702787,0.619922,2.146451,-0.115856,-0.215041,-0.375310,0.002100,-4.240660,-7.535240,17.702787,0.619922,2.146451,-0.115856,-0.215041,-0.375310,87.000000,87.000000,87.000000,87.000000,12.000000,12.000000,12.000000,200.000000,200.000000,0.000000,0.000000,0.000000,0.000000,0.000000,0.000000,0.000000,0.000000,0.000000
154,-1.907240,-0.062539,1.371128,0.669762,0.788789,-1.596394,-1.477190,-0.946785,-0.545054,0.797547,-2.702806,0.389857,2.215498,-0.035276,0.000072,0.000112,-0.006102,0.063201,-0.271256,0.119256,-0.081385,-0.078225,0.767300,-0.000486,0.000043,-0.615549,-0.881584,0.273923,-0.291899,0.586879,-0.434094,-17.983431,0.016444,0.003159,-0.697498,-4.670003,-8.002473,17.683598,0.643447,2.210804,-0.071917,-0.079556,-0.240691,-0.697498,-4.670003,-8.002473,17.683598,0.643447,2.210804,-0.071917,-0.079556,-0.240691,87.000000,87.000000,87.000000,87.000000,12.000000,12.000000,12.000000,200.000000,200.000000,0.000000,0.000000,0.000000,0.000000,0.000000,0.000000,0.000000,0.000000,0.000000
155,-1.899699,-0.052907,1.365504,0.663030,0.789981,-1.590241,-1.495254,-0.949159,-0.543720,0.793099,-2.704309,0.388737,2.218151,-0.021339,0.000067,0.000100,0.044129,0.064770,-0.306682,0.097483,-0.052895,-0.057106,0.302321,-0.000383,0.000074,0.930817,-0.033149,-0.527174,-0.233750,0.445241,-1.387671,-7.037068,-0.000376,0.001899,-0.249374,-4.346070,-7.825377,17.595564,0.696733,2.133076,-0.039586,-0.099238,-0.215122,-0.249374,-4.346070,-7.825377,17.595564,0.696733,2.133076,-0.039586,-0.099238,-0.215122,87.000000,87.000000,87.000000,87.000000,12.000000,12.000000,12.000000,200.000000,200.000000,0.000000,0.000000,0.000000,0.000000,0.000000,0.000000,0.000000,0.000000,0.000000
156,-1.902720,-0.044883,1.361039,0.655516,0.785096,-1.582578,-1.503494,-0.950510,-0.542132,0.788151,-2.706324,0.387031,2.221449,-0.016169,0.000065,0.000095,0.060098,0.075476,-0.304823,0.085465,-0.070401,-0.040314,0.113880,-0.000278,0.000137,0.061284,0.197038,0.463809,-0.041689,0.677258,-1.644043,-2.617609,0.002253,-0.000058,-0.354427,-4.166742,-7.556811,17.499125,0.696271,2.116759,-0.025963,-0.097733,-0.209431,-0.354427,-4.166742,-7.556811,17.499125,0.696271,2.116759,-0.025963,-0.097733,-0.209431,87.000000,87.000000,87.000000,87.000000,12.000000,12.000000,12.000000,200.000000,200.000000,0.000000,0.000000,0.000000,0.000000,0.000000,0.000000,0.000000,0.000000,0.000000
157,-1.909719,-0.061725,1.363207,0.667089,0.780497,-1.578647,-1.466174,-0.952888,-0.540822,0.784614,-2.708058,0.384915,2.223711,-0.004645,0.000066,0.000094,0.006771,0.052454,-0.242685,0.101974,-0.067679,-0.069036,0.258649,-0.000268,0.000266,-1.095183,-0.622730,1.450696,0.405883,1.054523,-1.152935,-5.965481,0.002787,0.002999,-0.370399,-4.930122,-7.294579,18.082565,0.697449,2.196677,-0.033598,-0.097920,-0.209929,-0.370399,-4.930122,-7.294579,18.082565,0.697449,2.196677,-0.033598,-0.097920,-0.209929,87.000000,87.000000,87.000000,87.000000,12.000000,12.000000,12.000000,200.000000,200.000000,0.000000,0.000000,0.000000,0.000000,0.000000,0.000000,0.000000,0.000000,0.000000
158,-1.935798,-0.039728,1.353302,0.662543,0.772727,-1.589892,-1.487194,-0.957298,-0.539695,0.782818,-2.708829,0.381879,2.222439,-0.003577,0.000066,0.000092,-0.049202,0.064573,-0.200507,0.130441,-0.093703,-0.157016,0.023400,-0.000303,0.000209,-0.690212,0.538967,0.787718,0.234751,1.746777,0.798044,-0.439865,0.001845,-0.004068,-0.889130,-4.105686,-7.696856,17.876873,0.738115,2.194674,-0.014682,-0.098229,-0.214558,-0.889130,-4.105686,-7.696856,17.876873,0.738115,2.194674,-0.014682,-0.098229,-0.214558,87.000000,87.000000,87.000000,87.000000,12.000000,12.000000,12.000000,200.000000,200.000000,0.000000,0.000000,0.000000,0.000000,0.000000,0.000000,0.000000,0.000000,0.000000
159,-1.920452,-0.056581,1.351727,0.662047,0.781941,-1.583573,-1.478670,-0.960817,-0.538315,0.780695,-2.709926,0.382385,2.223082,-0.001079,0.000068,0.000091,0.019303,0.062060,-0.242353,0.111856,-0.000326,-0.105213,0.060182,-0.000309,0.000263,1.606063,-0.131260,-1.032875,-0.102573,-0.175078,-0.524159,-1.295465,-0.002475,0.003718,-0.042206,-4.920815,-7.585420,17.974447,0.707753,2.183450,-0.020664,-0.107660,-0.201801,-0.042206,-4.920815,-7.585420,17.974447,0.707753,2.183450,-0.020664,-0.107660,-0.201801,87.000000,87.000000,87.000000,87.000000,12.000000,12.000000,12.000000,200.000000,200.000000,0.000000,0.000000,0.000000,0.000000,0.000000,0.000000,0.000000,0.000000,0.000000
160,-1.925649,-0.041283,1.345751,0.653090,0.778882,-1.583468,-1.497694,-0.962607,-0.536668,0.777438,-2.711231,0.382219,2.223688,-0.004267,0.000068,0.000090,0.058425,0.078110,-0.263528,0.107866,-0.031572,-0.107407,-0.068272,-0.000298,0.000227,0.800511,0.393569,-0.178910,-0.032736,0.079355,-0.294468,1.676659,0.000634,-0.001717,-0.256837,-4.452696,-7.459207,17.735319,0.694193,2.158789,-0.013212,-0.104175,-0.206900,-0.256837,-4.452696,-7.459207,17.735319,0.694193,2.158789,-0.013212,-0.104175,-0.206900,87.000000,87.000000,87.000000,87.000000,12.000000,12.000000,12.000000,200.000000,200.000000,0.000000,0.000000,0.000000,0.000000,0.000000,0.000000,0.000000,0.000000,0.000000
161,-1.942341,-0.039804,1.345962,0.655830,0.772877,-1.582234,-1.484542,-0.965112,-0.534733,0.775163,-2.712194,0.380643,2.224072,-0.002859,0.000067,0.000091,0.003820,0.080862,-0.207644,0.124135,-0.060508,-0.110212,0.036024,-0.000314,0.000260,-1.018043,0.104620,1.213485,0.305307,0.729720,-0.038151,-0.751646,0.002190,-0.001490,-0.685180,-4.571672,-7.335927,17.898296,0.694668,2.200121,-0.017596,-0.098440,-0.210100,-0.685180,-4.571672,-7.335927,17.898296,0.694668,2.200121,-0.017596,-0.098440,-0.210100,87.000000,87.000000,87.000000,87.000000,12.000000,12.000000,12.000000,200.000000,200.000000,0.000000,0.000000,0.000000,0.000000,0.000000,0.000000,0.000000,0.000000,0.000000
162,-1.934713,-0.051911,1.347972,0.655883,0.777681,-1.585212,-1.477165,-0.967955,-0.533002,0.773657,-2.713019,0.380826,2.223727,-0.000335,0.000069,0.000089,0.023217,0.066948,-0.206604,0.121327,-0.007117,-0.136431,0.060278,-0.000333,0.000283,0.711481,-0.348316,-0.080524,-0.108996,0.128253,-0.025108,-1.285682,-0.001534,0.002147,-0.104391,-5.182267,-7.213108,17.950094,0.697009,2.178303,-0.019608,-0.106257,-0.203476,-0.104391,-5.182267,-7.213108,17.950094,0.697009,2.178303,-0.019608,-0.106257,-0.203476,87.000000,87.000000,87.000000,87.000000,12.000000,12.000000,12.000000,200.000000,200.000000,0.000000,0.000000,0.000000,0.000000,0.000000,0.000000,0.000000,0.000000,0.000000
163,-1.943210,-0.037076,1.341969,0.658792,0.774865,-1.585116,-1.496716,-0.970203,-0.531174,0.772072,-2.713657,0.380450,2.223337,-0.003643,0.000068,0.000089,0.038534,0.081632,-0.208034,0.133828,-0.035531,-0.129480,-0.070908,-0.000319,0.000252,0.508460,0.393760,0.028769,0.317375,0.160622,0.336396,1.740766,0.001330,-0.001981,-0.316754,-4.731015,-7.316619,18.108665,0.689497,2.217362,-0.013298,-0.102095,-0.208131,-0.316754,-4.731015,-7.316619,18.108665,0.689497,2.217362,-0.013298,-0.102095,-0.208131,87.000000,87.000000,87.000000,87.000000,12.000000,12.000000,12.000000,200.000000,200.000000,0.000000,0.000000,0.000000,0.000000,0.000000,0.000000,0.000000,0.000000,0.000000
164,-1.951805,-0.043912,1.331425,0.659480,0.774318,-1.581322,-1.488130,-0.972042,-0.529226,0.770282,-2.714070,0.379967,2.223876,-0.003399,0.000067,0.000090,0.045415,0.073859,-0.218512,0.138429,-0.031430,-0.107192,0.010496,-0.000345,0.000284,0.144130,-0.286413,-0.261961,0.229411,0.235496,-0.208742,-0.153078,0.000522,-0.000263,-0.552684,-5.177692,-7.584021,18.151976,0.699929,2.235741,-0.015333,-0.099609,-0.208904,-0.552684,-5.177692,-7.584021,18.151976,0.699929,2.235741,-0.015333,-0.099609,-0.208904,87.000000,87.000000,87.000000,87.000000,12.000000,12.000000,12.000000,200.000000,200.000000,0.000000,0.000000,0.000000,0.000000,0.000000,0.000000,0.000000,0.000000,0.000000
165,-1.938652,-0.037359,1.335344,0.643797,0.779006,-1.583105,-1.502620,-0.972602,-0.527375,0.767638,-2.714805,0.380892,2.224417,-0.006690,0.000070,0.000088,0.100955,0.074423,-0.248050,0.119332,0.004733,-0.115409,-0.069013,-0.000327,0.000263,1.076441,-0.043872,-0.377179,-0.355099,-0.311716,-0.500100,1.721165,-0.001938,0.001539,-0.075009,-5.050486,-7.145311,17.600899,0.685870,2.125873,-0.011696,-0.108617,-0.201192,-0.075009,-5.050486,-7.145311,17.600899,0.685870,2.125873,-0.011696,-0.108617,-0.201192,87.000000,87.000000,87.000000,87.000000,12.000000,12.000000,12.000000,200.000000,200.000000,0.000000,0.000000,0.000000,0.000000,0.000000,0.000000,0.000000,0.000000,0.000000
166,-1.955382,-0.034014,1.333445,0.651993,0.772162,-1.581424,-1.494209,-0.973667,-0.525590,0.765781,-2.715378,0.379914,2.224595,-0.006427,0.000068,0.000090,0.046593,0.070225,-0.194640,0.135418,-0.048763,-0.115762,0.010361,-0.000347,0.000284,-1.108022,-0.114373,1.232139,0.291331,0.374451,0.112253,-0.160360,0.002325,-0.002132,-0.641974,-5.051857,-7.120634,17.968979,0.670688,2.216272,-0.016369,-0.097320,-0.211091,-0.641974,-5.051857,-7.120634,17.968979,0.670688,2.216272,-0.016369,-0.097320,-0.211091,87.000000,87.000000,87.000000,87.000000,12.000000,12.000000,12.000000,200.000000,200.000000,0.000000,0.000000,0.000000,0.000000,0.000000,0.000000,0.000000,0.000000,0.000000
167,-1.963649,-0.032104,1.326148,0.653668,0.772819,-1.582859,-1.500493,-0.975812,-0.523899,0.764865,-2.715563,0.379295,2.224396,-0.007779,0.000068,0.000090,0.030388,0.068532,-0.186220,0.145168,-0.032013,-0.129808,-0.026086,-0.000355,0.000290,-0.146998,-0.009559,0.021447,0.178371,0.411550,0.141123,0.719208,0.000564,-0.000499,-0.702635,-5.099529,-7.431334,18.018389,0.704781,2.213536,-0.011678,-0.099206,-0.209140,-0.702635,-5.099529,-7.431334,18.018389,0.704781,2.213536,-0.011678,-0.099206,-0.209140,87.000000,87.000000,87.000000,87.000000,12.000000,12.000000,12.000000,200.000000,200.000000,0.000000,0.000000,0.000000,0.000000,0.000000,0.000000,0.000000,0.000000,0.000000
168,-1.944603,-0.028984,1.330491,0.639982,0.779680,-1.582050,-1.515266,-0.976422,-0.522026,0.762984,-2.716241,0.380703,2.224984,-0.012008,0.000071,0.000087,0.107958,0.076316,-0.231200,0.119596,0.016966,-0.113475,-0.089219,-0.000332,0.000267,1.546454,0.122457,-0.754319,-0.410435,-0.596642,-0.556325,2.190565,-0.002400,0.002073,0.000642,-5.136754,-7.034259,17.559477,0.677962,2.115669,-0.011196,-0.110282,-0.199399,0.000642,-5.136754,-7.034259,17.559477,0.677962,2.115669,-0.011196,-0.110282,-0.199399,87.000000,87.000000,87.000000,87.000000,12.000000,12.000000,12.000000,200.000000,200.000000,0.000000,0.000000,0.000000,0.000000,0.000000,0.000000,0.000000,0.000000,0.000000
169,-1.962096,-0.023248,1.324620,0.646477,0.770002,-1.579576,-1.517970,-0.976914,-0.519984,0.761261,-2.716880,0.379356,2.225403,-0.014878,0.000069,0.000089,0.068778,0.078991,-0.196335,0.131783,-0.061511,-0.109718,-0.059459,-0.000352,0.000288,-0.878619,0.029825,0.918104,0.207235,0.510832,0.031883,1.459289,0.002636,-0.002497,-0.696636,-5.082606,-7.126382,17.873621,0.668857,2.206345,-0.011422,-0.097429,-0.211002,-0.696636,-5.082606,-7.126382,17.873621,0.668857,2.206345,-0.011422,-0.097429,-0.211002,87.000000,87.000000,87.000000,87.000000,12.000000,12.000000,12.000000,200.000000,200.000000,0.000000,0.000000,0.000000,0.000000,0.000000,0.000000,0.000000,0.000000,0.000000
170,-1.958771,-0.045497,1.333741,0.665056,0.773791,-1.578207,-1.476362,-0.978881,-0.518480,0.761170,-2.716909,0.379222,2.225591,-0.006470,0.000069,0.000089,0.028447,0.047989,-0.148023,0.155608,-0.009914,-0.122223,0.192701,-0.000381,0.000349,-0.518255,-0.826765,0.714571,0.580512,0.184760,-0.150072,-4.390194,-0.000181,0.002620,-0.279923,-6.058764,-6.893396,18.577246,0.678158,2.267561,-0.028460,-0.100049,-0.207844,-0.279923,-6.058764,-6.893396,18.577246,0.678158,2.267561,-0.028460,-0.100049,-0.207844,87.000000,87.000000,87.000000,87.000000,12.000000,12.000000,12.000000,200.000000,200.000000,0.000000,0.000000,0.000000,0.000000,0.000000,0.000000,0.000000,0.000000,0.000000
171,-1.978215,-0.012647,1.330935,0.640008,0.771035,-1.593234,-1.504290,-0.981882,-0.517255,0.761982,-2.716353,0.378674,2.223022,-0.008631,0.000069,0.000089,0.009391,0.060749,-0.133519,0.158903,-0.032470,-0.192112,-0.047195,-0.000373,0.000293,0.198491,0.522936,0.029827,-0.430743,0.485964,1.347746,1.216869,0.000872,-0.001678,-0.725683,-4.799216,-7.148477,17.464525,0.687916,2.144309,-0.010463,-0.100284,-0.209553,-0.725683,-4.799216,-7.148477,17.464525,0.687916,2.144309,-0.010463,-0.100284,-0.209553,87.000000,87.000000,87.000000,87.000000,12.000000,12.000000,12.000000,200.000000,200.000000,0.000000,0.000000,0.000000,0.000000,0.000000,0.000000,0.000000,0.000000,0.000000
172,-1.964769,-0.039448,1.319857,0.658632,0.779390,-1.577295,-1.495574,-0.983081,-0.515944,0.761390,-2.716579,0.380296,2.224476,-0.007778,0.000069,0.000089,0.091254,0.046529,-0.206636,0.140074,0.019956,-0.081681,0.024235,-0.000369,0.000303,1.526967,-0.606543,-1.652631,0.132161,-1.003263,-0.758802,-0.490755,-0.000682,0.000771,-0.231269,-6.001967,-7.448320,18.309294,0.666061,2.252991,-0.018834,-0.101225,-0.207208,-0.231269,-6.001967,-7.448320,18.309294,0.666061,2.252991,-0.018834,-0.101225,-0.207208,87.000000,87.000000,87.000000,87.000000,12.000000,12.000000,12.000000,200.000000,200.000000,0.000000,0.000000,0.000000,0.000000,0.000000,0.000000,0.000000,0.000000,0.000000
173,-1.967563,-0.016209,1.323675,0.641483,0.772318,-1.582934,-1.522709,-0.983072,-0.514752,0.759563,-2.716745,0.379676,2.224763,-0.013753,0.000070,0.000088,0.103890,0.055068,-0.214178,0.139857,-0.042068,-0.120973,-0.130092,-0.000321,0.000264,0.192089,0.211988,0.159718,-0.166342,0.342108,-0.069788,3.122292,0.001567,-0.001073,-0.454753,-5.143488,-7.025019,17.620630,0.674191,2.147672,-0.006942,-0.102809,-0.206003,-0.454753,-5.143488,-7.025019,17.620630,0.674191,2.147672,-0.006942,-0.102809,-0.206003,87.000000,87.000000,87.000000,87.000000,12.000000,12.000000,12.000000,200.000000,200.000000,0.000000,0.000000,0.000000,0.000000,0.000000,0.000000,0.000000,0.000000,0.000000
174,-1.972793,-0.026824,1.324075,0.651272,0.774315,-1.576192,-1.496401,-0.983640,-0.513654,0.758556,-2.716934,0.379614,2.226027,-0.010686,0.000069,0.000089,0.068941,0.041728,-0.177293,0.145077,-0.016188,-0.092508,0.074537,-0.000385,0.000318,-0.765998,-0.401106,0.705820,0.278739,-0.047585,-0.616292,-1.645529,-0.000593,0.000715,-0.581928,-5.655165,-6.994200,18.038965,0.668875,2.209401,-0.019773,-0.100595,-0.207789,-0.581928,-5.655165,-6.994200,18.038965,0.668875,2.209401,-0.019773,-0.100595,-0.207789,87.000000,87.000000,87.000000,87.000000,12.000000,12.000000,12.000000,200.000000,200.000000,0.000000,0.000000,0.000000,0.000000,0.000000,0.000000,0.000000,0.000000,0.000000
175,-1.976307,-0.011335,1.332301,0.642332,0.773945,-1.584581,-1.509398,-0.985347,-0.512639,0.758767,-2.716733,0.379570,2.225289,-0.012093,0.000070,0.000088,0.044344,0.051041,-0.142262,0.152312,-0.017794,-0.149211,-0.028354,-0.000365,0.000293,-0.099397,0.381169,0.602444,-0.116458,0.170142,0.345659,0.774594,0.000207,-0.000209,-0.482828,-5.096606,-6.780949,17.623690,0.674513,2.138021,-0.013525,-0.103012,-0.205376,-0.482828,-5.096606,-6.780949,17.623690,0.674513,2.138021,-0.013525,-0.103012,-0.205376,87.000000,87.000000,87.000000,87.000000,12.000000,12.000000,12.000000,200.000000,200.000000,0.000000,0.000000,0.000000,0.000000,0.000000,0.000000,0.000000,0.000000,0.000000
176,-1.985692,-0.027820,1.323520,0.651748,0.773280,-1.582798,-1.490992,-0.987487,-0.511773,0.759452,-2.716534,0.379363,2.224705,-0.008493,0.000069,0.000089,0.035223,0.032353,-0.143556,0.151168,-0.021393,-0.137224,0.084600,-0.000393,0.000330,0.071770,-0.520663,-0.348470,-0.105003,0.079917,0.361849,-1.882128,0.001137,-0.000418,-0.652900,-5.826767,-7.237944,17.987953,0.668625,2.226387,-0.019365,-0.097371,-0.210137,-0.652900,-5.826767,-7.237944,17.987953,0.668625,2.226387,-0.019365,-0.097371,-0.210137,87.000000,87.000000,87.000000,87.000000,12.000000,12.000000,12.000000,200.000000,200.000000,0.000000,0.000000,0.000000,0.000000,0.000000,0.000000,0.000000,0.000000,0.000000
177,-1.971345,-0.019995,1.332293,0.646848,0.777674,-1.585021,-1.506315,-0.988580,-0.511103,0.759413,-2.716605,0.380337,2.224298,-0.010203,0.000071,0.000087,0.089333,0.036608,-0.172159,0.141391,0.006681,-0.138400,-0.035012,-0.000359,0.000287,1.303863,0.105521,-0.593760,-0.188757,-0.397423,0.076847,0.918309,-0.001507,0.000999,-0.063855,-5.542467,-6.823211,17.818861,0.664298,2.156472,-0.015377,-0.107504,-0.201799,-0.063855,-5.542467,-6.823211,17.818861,0.664298,2.156472,-0.015377,-0.107504,-0.201799,87.000000,87.000000,87.000000,87.000000,12.000000,12.000000,12.000000,200.000000,200.000000,0.000000,0.000000,0.000000,0.000000,0.000000,0.000000,0.000000,0.000000,0.000000
178,-1.981022,-0.015466,1.319469,0.648978,0.773110,-1.579141,-1.519834,-0.988463,-0.510211,0.758512,-2.716854,0.379863,2.225115,-0.014362,0.000070,0.000088,0.108672,0.042828,-0.193106,0.140824,-0.039422,-0.100291,-0.088702,-0.000350,0.000288,0.213102,0.062034,-0.268573,0.138126,0.048427,-0.233762,2.136894,0.002314,-0.001875,-0.574232,-5.451456,-7.189736,17.944178,0.665723,2.208740,-0.010267,-0.099896,-0.208247,-0.574232,-5.451456,-7.189736,17.944178,0.665723,2.208740,-0.010267,-0.099896,-0.208247,87.000000,87.000000,87.000000,87.000000,12.000000,12.000000,12.000000,200.000000,200.000000,0.000000,0.000000,0.000000,0.000000,0.000000,0.000000,0.000000,0.000000,0.000000
179,-1.985781,-0.013788,1.316703,0.649424,0.770654,-1.577301,-1.520461,-0.988450,-0.509241,0.757496,-2.716912,0.378820,2.226078,-0.016725,0.000070,0.000088,0.093733,0.042877,-0.188146,0.148242,-0.043602,-0.102421,-0.047453,-0.000376,0.000305,-0.431629,-0.034761,0.161316,0.219171,0.527739,-0.419817,1.200898,0.000153,-0.000295,-0.763582,-5.467320,-7.207025,17.951744,0.690606,2.199533,-0.010058,-0.100876,-0.207385,-0.763582,-5.467320,-7.207025,17.951744,0.690606,2.199533,-0.010058,-0.100876,-0.207385,87.000000,87.000000,87.000000,87.000000,12.000000,12.000000,12.000000,200.000000,200.000000,0.000000,0.000000,0.000000,0.000000,0.000000,0.000000,0.000000,0.000000,0.000000
180,-1.978833,-0.013808,1.315942,0.643079,0.773499,-1.577983,-1.527311,-0.988133,-0.508288,0.756086,-2.717057,0.378921,2.226702,-0.019584,0.000071,0.000087,0.115943,0.041528,-0.208261,0.139520,-0.011603,-0.115214,-0.058653,-0.000389,0.000316,0.286444,-0.076383,-0.273774,-0.149230,0.089280,-0.458992,1.477849,-0.001396,0.001322,-0.528157,-5.542703,-7.097062,17.711695,0.686457,2.153604,-0.009458,-0.104264,-0.203878,-0.528157,-5.542703,-7.097062,17.711695,0.686457,2.153604,-0.009458,-0.104264,-0.203878,87.000000,87.000000,87.000000,87.000000,12.000000,12.000000,12.000000,200.000000,200.000000,0.000000,0.000000,0.000000,0.000000,0.000000,0.000000,0.000000,0.000000,0.000000
181,-1.985085,-0.013356,1.322244,0.649794,0.772148,-1.577393,-1.510960,-0.988703,-0.507451,0.755518,-2.716988,0.378786,2.226894,-0.017174,0.000070,0.000088,0.065756,0.037037,-0.159855,0.153096,-0.019634,-0.120962,0.058498,-0.000407,0.000337,-0.943990,-0.087072,0.937740,0.261789,0.040413,-0.017662,-1.272011,0.000626,-0.000275,-0.671663,-5.580087,-6.857244,17.962370,0.661489,2.202909,-0.018807,-0.098113,-0.209380,-0.671663,-5.580087,-6.857244,17.962370,0.661489,2.202909,-0.018807,-0.098113,-0.209380,87.000000,87.000000,87.000000,87.000000,12.000000,12.000000,12.000000,200.000000,200.000000,0.000000,0.000000,0.000000,0.000000,0.000000,0.000000,0.000000,0.000000,0.000000
182,-1.982637,-0.009229,1.329011,0.639957,0.775528,-1.583127,-1.512769,-0.990044,-0.506679,0.755940,-2.716838,0.379517,2.226106,-0.016303,0.000071,0.000087,0.062781,0.037944,-0.142812,0.146113,0.004418,-0.150179,0.022873,-0.000395,0.000322,0.261757,0.104540,0.202501,-0.343561,-0.240361,0.271547,-0.422497,-0.000815,0.000843,-0.389082,-5.467982,-6.708414,17.540972,0.658719,2.130356,-0.016888,-0.103538,-0.204631,-0.389082,-5.467982,-6.708414,17.540972,0.658719,2.130356,-0.016888,-0.103538,-0.204631,87.000000,87.000000,87.000000,87.000000,12.000000,12.000000,12.000000,200.000000,200.000000,0.000000,0.000000,0.000000,0.000000,0.000000,0.000000,0.000000,0.000000,0.000000
183,-1.975719,-0.023330,1.320213,0.655308,0.776718,-1.576915,-1.516437,-0.990171,-0.505981,0.755617,-2.717010,0.380271,2.226477,-0.016723,0.000070,0.000087,0.114570,0.028904,-0.184073,0.142484,-0.003030,-0.114299,-0.005838,-0.000392,0.000318,0.977854,-0.369220,-0.776023,0.128473,-0.464386,-0.168977,0.209330,0.000126,-0.000310,-0.197524,-6.090265,-6.982088,18.205130,0.651275,2.229738,-0.017265,-0.101426,-0.206776,-0.197524,-6.090265,-6.982088,18.205130,0.651275,2.229738,-0.017265,-0.101426,-0.206776,87.000000,87.000000,87.000000,87.000000,12.000000,12.000000,12.000000,200.000000,200.000000,0.000000,0.000000,0.000000,0.000000,0.000000,0.000000,0.000000,0.000000,0.000000
184,-1.991689,-0.020040,1.325456,0.657336,0.772862,-1.578911,-1.481315,-0.991220,-0.505793,0.756115,-2.716594,0.379685,2.226203,-0.008590,0.000069,0.000089,0.047456,0.011585,-0.126533,0.165384,-0.028933,-0.131767,0.184954,-0.000401,0.000352,-1.124545,-0.416799,0.949967,0.369928,0.255660,0.282110,-4.235464,0.001768,-0.000022,-0.697405,-5.930665,-6.863578,18.206244,0.655373,2.243531,-0.027512,-0.095790,-0.211299,-0.697405,-5.930665,-6.863578,18.206244,0.655373,2.243531,-0.027512,-0.095790,-0.211299,87.000000,87.000000,87.000000,87.000000,12.000000,12.000000,12.000000,200.000000,200.000000,0.000000,0.000000,0.000000,0.000000,0.000000,0.000000,0.000000,0.000000,0.000000
185,-1.991845,0.000572,1.332790,0.637864,0.777000,-1.586333,-1.507775,-0.993046,-0.505579,0.757504,-2.716098,0.380350,2.225140,-0.010575,0.000071,0.000087,0.053860,0.028867,-0.118781,0.155209,-0.000371,-0.156183,-0.042609,-0.000365,0.000287,0.594679,0.602542,-0.089906,-0.432467,-0.240050,0.468656,1.105443,-0.000287,-0.000352,-0.475070,-5.111022,-6.762643,17.368980,0.663240,2.106990,-0.012995,-0.105115,-0.204245,-0.475070,-5.111022,-6.762643,17.368980,0.663240,2.106990,-0.012995,-0.105115,-0.204245,87.000000,87.000000,87.000000,87.000000,12.000000,12.000000,12.000000,200.000000,200.000000,0.000000,0.000000,0.000000,0.000000,0.000000,0.000000,0.000000,0.000000,0.000000
186,-1.996930,-0.020110,1.313548,0.659180,0.774135,-1.575682,-1.508295,-0.993820,-0.505168,0.757816,-2.715928,0.380032,2.226026,-0.011821,0.000069,0.000089,0.089099,0.019916,-0.171623,0.153664,-0.032759,-0.096810,-0.023585,-0.000377,0.000307,0.605416,-0.392580,-1.204719,0.200497,-0.052806,-0.242444,0.613009,0.002028,-0.001858,-0.708349,-6.003863,-7.481380,18.247913,0.669017,2.265245,-0.013311,-0.096691,-0.210881,-0.708349,-6.003863,-7.481380,18.247913,0.669017,2.265245,-0.013311,-0.096691,-0.210881,87.000000,87.000000,87.000000,87.000000,12.000000,12.000000,12.000000,200.000000,200.000000,0.000000,0.000000,0.000000,0.000000,0.000000,0.000000,0.000000,0.000000,0.000000
187,-1.990986,-0.009202,1.328377,0.645910,0.777568,-1.578230,-1.491454,-0.994266,-0.504945,0.757694,-2.715741,0.380551,2.226698,-0.008456,0.000070,0.000087,0.088013,0.019952,-0.160877,0.150288,0.001742,-0.114720,0.079719,-0.000386,0.000318,0.056223,0.019002,0.159017,-0.091831,-0.158165,-0.492751,-1.758820,-0.002396,0.002509,-0.464658,-5.562229,-6.828224,17.694784,0.669270,2.140792,-0.020643,-0.105930,-0.202380,-0.464658,-5.562229,-6.828224,17.694784,0.669270,2.140792,-0.020643,-0.105930,-0.202380,87.000000,87.000000,87.000000,87.000000,12.000000,12.000000,12.000000,200.000000,200.000000,0.000000,0.000000,0.000000,0.000000,0.000000,0.000000,0.000000,0.000000,0.000000
188,-2.004179,-0.000327,1.329148,0.648189,0.769208,-1.582620,-1.513342,-0.995762,-0.504565,0.758469,-2.715218,0.379080,2.225862,-0.011860,0.000070,0.000088,0.044903,0.030357,-0.125947,0.163178,-0.060862,-0.145078,-0.073730,-0.000359,0.000296,-0.519415,0.386198,0.578151,-0.009853,0.674350,0.691096,1.807180,0.003128,-0.002538,-0.792086,-5.244380,-6.927202,17.714684,0.664993,2.181924,-0.009637,-0.097712,-0.210125,-0.792086,-5.244380,-6.927202,17.714684,0.664993,2.181924,-0.009637,-0.097712,-0.210125,87.000000,87.000000,87.000000,87.000000,12.000000,12.000000,12.000000,200.000000,200.000000,0.000000,0.000000,0.000000,0.000000,0.000000,0.000000,0.000000,0.000000,0.000000
189,-1.999041,-0.015389,1.321907,0.654309,0.775188,-1.578268,-1.501960,-0.996809,-0.504116,0.758846,-2.714945,0.379386,2.226227,-0.011011,0.000070,0.000087,0.084305,0.022138,-0.166418,0.152121,-0.002938,-0.117657,0.024584,-0.000399,0.000323,0.836585,-0.290802,-1.039522,-0.092969,-0.078141,-0.303220,-0.469198,-0.001767,0.001470,-0.528272,-5.899270,-7.233532,17.961958,0.683992,2.196497,-0.015233,-0.103452,-0.204825,-0.528272,-5.899270,-7.233532,17.961958,0.683992,2.196497,-0.015233,-0.103452,-0.204825,87.000000,87.000000,87.000000,87.000000,12.000000,12.000000,12.000000,200.000000,200.000000,0.000000,0.000000,0.000000,0.000000,0.000000,0.000000,0.000000,0.000000,0.000000
190,-1.989100,-0.012696,1.331660,0.646617,0.777534,-1.580208,-1.497516,-0.996796,-0.503907,0.758408,-2.714975,0.380362,2.226321,-0.009449,0.000071,0.000087,0.111670,0.016594,-0.176281,0.140587,0.008288,-0.127699,0.038584,-0.000389,0.000317,0.568142,-0.173974,-0.105783,-0.280335,-0.427810,-0.192592,-0.806732,-0.001483,0.001468,-0.220092,-5.786759,-6.728723,17.676828,0.649502,2.144018,-0.019183,-0.105683,-0.202592,-0.220092,-5.786759,-6.728723,17.676828,0.649502,2.144018,-0.019183,-0.105683,-0.202592,87.000000,87.000000,87.000000,87.000000,12.000000,12.000000,12.000000,200.000000,200.000000,0.000000,0.000000,0.000000,0.000000,0.000000,0.000000,0.000000,0.000000,0.000000
191,-1.993166,-0.006739,1.321615,0.651678,0.776129,-1.575277,-1.516444,-0.995973,-0.503617,0.757465,-2.715231,0.380600,2.227204,-0.013133,0.000071,0.000087,0.129973,0.024390,-0.192135,0.140908,-0.019756,-0.102130,-0.079001,-0.000361,0.000297,0.140698,0.140829,-0.100552,0.181854,-0.259991,-0.344594,1.915507,0.002087,-0.001723,-0.521293,-5.574255,-7.012912,17.925188,0.656620,2.194935,-0.011539,-0.100728,-0.207324,-0.521293,-5.574255,-7.012912,17.925188,0.656620,2.194935,-0.011539,-0.100728,-0.207324,87.000000,87.000000,87.000000,87.000000,12.000000,12.000000,12.000000,200.000000,200.000000,0.000000,0.000000,0.000000,0.000000,0.000000,0.000000,0.000000,0.000000,0.000000
192,-2.008077,0.000015,1.330575,0.650536,0.768300,-1.579457,-1.501371,-0.996950,-0.503210,0.758065,-2.714840,0.378773,2.226821,-0.011519,0.000070,0.000088,0.044195,0.027614,-0.116561,0.162139,-0.061873,-0.134892,0.040648,-0.000385,0.000313,-1.450170,0.199800,1.374655,0.189484,0.882004,0.398092,-0.856170,0.001256,-0.001180,-0.905553,-5.342216,-6.816399,17.792725,0.668554,2.187545,-0.016207,-0.098840,-0.208913,-0.905553,-5.342216,-6.816399,17.792725,0.668554,2.187545,-0.016207,-0.098840,-0.208913,87.000000,87.000000,87.000000,87.000000,12.000000,12.000000,12.000000,200.000000,200.000000,0.000000,0.000000,0.000000,0.000000,0.000000,0.000000,0.000000,0.000000,0.000000
193,-2.002517,-0.007609,1.330312,0.648418,0.774708,-1.582567,-1.502857,-0.998507,-0.502801,0.759284,-2.714510,0.379147,2.226056,-0.011004,0.000071,0.000087,0.066285,0.024205,-0.133817,0.150738,0.000490,-0.149736,0.015540,-0.000402,0.000327,0.766233,-0.042292,-0.659139,-0.345834,-0.002638,0.206456,-0.242656,-0.001676,0.001686,-0.488565,-5.684360,-6.996749,17.681047,0.679462,2.152319,-0.014487,-0.104695,-0.203192,-0.488565,-5.684360,-6.996749,17.681047,0.679462,2.152319,-0.014487,-0.104695,-0.203192,87.000000,87.000000,87.000000,87.000000,12.000000,12.000000,12.000000,200.000000,200.000000,0.000000,0.000000,0.000000,0.000000,0.000000,0.000000,0.000000,0.000000,0.000000
194,-2.004321,0.002043,1.325750,0.646886,0.772805,-1.581127,-1.522095,-0.999014,-0.502133,0.759514,-2.714549,0.379126,2.225871,-0.015308,0.000071,0.000087,0.098106,0.038881,-0.165184,0.141830,-0.024174,-0.128425,-0.092423,-0.000370,0.000307,0.657869,0.354501,-0.633338,-0.182448,-0.068221,0.162130,2.237702,0.001348,-0.000887,-0.610426,-5.367864,-7.113210,17.655993,0.664645,2.167021,-0.009261,-0.101591,-0.206506,-0.610426,-5.367864,-7.113210,17.655993,0.664645,2.167021,-0.009261,-0.101591,-0.206506,87.000000,87.000000,87.000000,87.000000,12.000000,12.000000,12.000000,200.000000,200.000000,0.000000,0.000000,0.000000,0.000000,0.000000,0.000000,0.000000,0.000000,0.000000
195,-1.989953,-0.013740,1.319109,0.652331,0.776981,-1.572393,-1.518296,-0.997516,-0.501357,0.757993,-2.715181,0.379986,2.227613,-0.016703,0.000071,0.000087,0.164997,0.029562,-0.224996,0.125365,0.004035,-0.084094,-0.025513,-0.000395,0.000318,0.873679,-0.451629,-0.940230,0.004308,-0.466457,-1.040539,0.676249,-0.001841,0.001207,-0.319709,-6.082063,-7.116986,17.978687,0.665263,2.189729,-0.013841,-0.105284,-0.203543,-0.319709,-6.082063,-7.116986,17.978687,0.665263,2.189729,-0.013841,-0.105284,-0.203543,87.000000,87.000000,87.000000,87.000000,12.000000,12.000000,12.000000,200.000000,200.000000,0.000000,0.000000,0.000000,0.000000,0.000000,0.000000,0.000000,0.000000,0.000000
196,-1.990449,-0.009335,1.323119,0.653707,0.773966,-1.573199,-1.512881,-0.995829,-0.500945,0.756257,-2.715585,0.379838,2.228396,-0.016107,0.000071,0.000087,0.139900,0.020318,-0.199708,0.139074,-0.021748,-0.110467,0.017355,-0.000409,0.000333,-0.788462,-0.278560,0.839232,0.328133,0.093329,-0.389979,-0.320622,-0.000133,0.000150,-0.504913,-5.904284,-6.781452,18.048401,0.657269,2.201795,-0.016631,-0.100860,-0.206742,-0.504913,-5.904284,-6.781452,18.048401,0.657269,2.201795,-0.016631,-0.100860,-0.206742,87.000000,87.000000,87.000000,87.000000,12.000000,12.000000,12.000000,200.000000,200.000000,0.000000,0.000000,0.000000,0.000000,0.000000,0.000000,0.000000,0.000000,0.000000
197,-1.999481,0.004785,1.326111,0.644343,0.772049,-1.577331,-1.522032,-0.995659,-0.500567,0.755975,-2.715586,0.379279,2.228126,-0.017968,0.000070,0.000087,0.089331,0.027909,-0.150764,0.147319,-0.031319,-0.134843,-0.037834,-0.000392,0.000322,-0.949504,0.299702,1.028389,0.037042,0.291427,0.199798,0.984012,0.001155,-0.000825,-0.755615,-5.356819,-6.757727,17.635506,0.662188,2.156926,-0.011530,-0.099743,-0.207778,-0.755615,-5.356819,-6.757727,17.635506,0.662188,2.156926,-0.011530,-0.099743,-0.207778,87.000000,87.000000,87.000000,87.000000,12.000000,12.000000,12.000000,200.000000,200.000000,0.000000,0.000000,0.000000,0.000000,0.000000,0.000000,0.000000,0.000000,0.000000
198,-1.991221,-0.008375,1.321517,0.650285,0.776053,-1.574295,-1.521643,-0.995425,-0.500115,0.755798,-2.715751,0.379845,2.228456,-0.018874,0.000071,0.000087,0.117672,0.022647,-0.173992,0.139839,-0.000411,-0.119727,-0.015329,-0.000407,0.000331,0.483767,-0.199991,-0.454659,-0.036505,-0.247538,-0.273921,0.455618,-0.001096,0.000893,-0.435529,-5.933478,-6.952057,17.901821,0.664090,2.184660,-0.013816,-0.102943,-0.205080,-0.435529,-5.933478,-6.952057,17.901821,0.664090,2.184660,-0.013816,-0.102943,-0.205080,87.000000,87.000000,87.000000,87.000000,12.000000,12.000000,12.000000,200.000000,200.000000,0.000000,0.000000,0.000000,0.000000,0.000000,0.000000,0.000000,0.000000,0.000000
199,-2.002757,-0.007630,1.325514,0.656030,0.773686,-1.576514,-1.494802,-0.996176,-0.499979,0.756384,-2.715496,0.379636,2.227925,-0.012937,0.000070,0.000088,0.060797,0.011868,-0.128716,0.158626,-0.018988,-0.139624,0.136286,-0.000423,0.000360,-0.946726,-0.228630,0.700529,0.278724,0.106851,0.356181,-3.091778,0.001130,-0.000112,-0.769902,-5.887734,-6.891148,18.079565,0.656309,2.227310,-0.023556,-0.096165,-0.210804,-0.769902,-5.887734,-6.891148,18.079565,0.656309,2.227310,-0.023556,-0.096165,-0.210804,87.000000,87.000000,87.000000,87.000000,12.000000,12.000000,12.000000,200.000000,200.000000,0.000000,0.000000,0.000000,0.000000,0.000000,0.000000,0.000000,0.000000,0.000000
200,-2.001964,-0.003543,1.332901,0.647958,0.775698,-1.583217,-1.499405,-0.997879,-0.500063,0.757813,-2.715019,0.380027,2.226459,-0.010874,0.000070,0.000087,0.053019,0.009890,-0.116848,0.156789,-0.004244,-0.165109,0.048113,-0.000398,0.000322,0.283331,0.055699,-0.058255,-0.266292,-0.101814,0.710983,-1.017474,-0.000028,-0.000105,-0.510385,-5.696042,-6.785516,17.692263,0.654648,2.164440,-0.018245,-0.101354,-0.206880,-0.510385,-5.696042,-6.785516,17.692263,0.654648,2.164440,-0.018245,-0.101354,-0.206880,87.000000,87.000000,87.000000,87.000000,12.000000,12.000000,12.000000,200.000000,200.000000,0.000000,0.000000,0.000000,0.000000,0.000000,0.000000,0.000000,0.000000,0.000000
201,-1.997804,-0.010093,1.317261,0.654756,0.780333,-1.573716,-1.504924,-0.997847,-0.500073,0.757701,-2.715127,0.381313,2.227470,-0.011142,0.000070,0.000088,0.126260,0.010137,-0.191117,0.141525,0.010306,-0.097586,-0.002622,-0.000387,0.000314,1.228873,-0.150297,-1.500125,0.027781,-0.786390,-0.527278,0.128706,-0.000096,-0.000070,-0.484583,-5.969294,-7.289263,18.029768,0.657491,2.214188,-0.016496,-0.101236,-0.206811,-0.484583,-5.969294,-7.289263,18.029768,0.657491,2.214188,-0.016496,-0.101236,-0.206811,87.000000,87.000000,87.000000,87.000000,12.000000,12.000000,12.000000,200.000000,200.000000,0.000000,0.000000,0.000000,0.000000,0.000000,0.000000,0.000000,0.000000,0.000000
202,-1.980140,-0.011440,1.327263,0.649984,0.781322,-1.570811,-1.504397,-0.995988,-0.500173,0.756108,-2.715507,0.382346,2.229063,-0.011157,0.000071,0.000086,0.168689,0.005883,-0.210975,0.134216,0.005693,-0.090264,0.003610,-0.000369,0.000296,0.497594,-0.231069,0.021803,0.046332,-0.557786,-0.921649,-0.009890,-0.001656,0.001285,-0.081804,-6.008518,-6.621792,17.889935,0.640050,2.159773,-0.018721,-0.107422,-0.201234,-0.081804,-6.008518,-6.621792,17.889935,0.640050,2.159773,-0.018721,-0.107422,-0.201234,87.000000,87.000000,87.000000,87.000000,12.000000,12.000000,12.000000,200.000000,200.000000,0.000000,0.000000,0.000000,0.000000,0.000000,0.000000,0.000000,0.000000,0.000000
203,-2.015216,0.011619,1.327142,0.648360,0.767970,-1.577308,-1.507598,-0.996686,-0.500215,0.756727,-2.715015,0.379730,2.228327,-0.011935,0.000069,0.000088,0.037099,0.018412,-0.104651,0.167849,-0.087875,-0.142024,-0.014399,-0.000380,0.000316,-2.340158,0.535945,2.021523,0.320482,1.193255,0.782310,0.420201,0.004208,-0.003355,-1.245626,-5.072922,-6.840506,17.712473,0.664241,2.194539,-0.011914,-0.093449,-0.213344,-1.245626,-5.072922,-6.840506,17.712473,0.664241,2.194539,-0.011914,-0.093449,-0.213344,87.000000,87.000000,87.000000,87.000000,12.000000,12.000000,12.000000,200.000000,200.000000,0.000000,0.000000,0.000000,0.000000,0.000000,0.000000,0.000000,0.000000,0.000000
204,-2.000421,-0.007015,1.319262,0.649915,0.776282,-1.576505,-1.519331,-0.997558,-0.500052,0.757352,-2.714731,0.379925,2.228173,-0.015177,0.000071,0.000087,0.098404,0.015381,-0.166813,0.148531,-0.003138,-0.134061,-0.067191,-0.000394,0.000321,1.297623,-0.112097,-1.463191,-0.338061,0.107470,-0.140050,1.692010,-0.002169,0.001993,-0.534846,-5.859755,-7.243509,17.764971,0.695239,2.164213,-0.007630,-0.105706,-0.202618,-0.534846,-5.859755,-7.243509,17.764971,0.695239,2.164213,-0.007630,-0.105706,-0.202618,87.000000,87.000000,87.000000,87.000000,12.000000,12.000000,12.000000,200.000000,200.000000,0.000000,0.000000,0.000000,0.000000,0.000000,0.000000,0.000000,0.000000,0.000000
205,-2.001990,0.005271,1.324009,0.640624,0.774145,-1.578724,-1.518990,-0.997579,-0.499760,0.757048,-2.714816,0.379821,2.227772,-0.016787,0.000071,0.000087,0.102060,0.025060,-0.169991,0.137761,-0.020504,-0.136814,-0.031025,-0.000397,0.000323,0.037885,0.262003,0.006955,-0.356359,0.061241,0.176932,0.817546,-0.000279,0.000281,-0.678703,-5.396248,-6.935883,17.427996,0.660478,2.133758,-0.012036,-0.102792,-0.205155,-0.678703,-5.396248,-6.935883,17.427996,0.660478,2.133758,-0.012036,-0.102792,-0.205155,87.000000,87.000000,87.000000,87.000000,12.000000,12.000000,12.000000,200.000000,200.000000,0.000000,0.000000,0.000000,0.000000,0.000000,0.000000,0.000000,0.000000,0.000000
206,-2.007203,-0.000302,1.323489,0.650466,0.770563,-1.577433,-1.519397,-0.998206,-0.499345,0.757159,-2.714947,0.378909,2.227480,-0.017716,0.000070,0.000088,0.073588,0.024346,-0.151401,0.143071,-0.041105,-0.131397,-0.016512,-0.000399,0.000327,-0.495484,0.002065,0.289827,0.054124,0.391802,0.274869,0.475076,0.001470,-0.001298,-0.792749,-5.665283,-6.997936,17.841627,0.663653,2.200481,-0.012482,-0.097697,-0.209762,-0.792749,-5.665283,-6.997936,17.841627,0.663653,2.200481,-0.012482,-0.097697,-0.209762,87.000000,87.000000,87.000000,87.000000,12.000000,12.000000,12.000000,200.000000,200.000000,0.000000,0.000000,0.000000,0.000000,0.000000,0.000000,0.000000,0.000000,0.000000
207,-1.999509,-0.010816,1.334074,0.656330,0.771695,-1.581533,-1.502555,-0.999430,-0.499193,0.757893,-2.714826,0.378614,2.226393,-0.014180,0.000071,0.000087,0.066215,0.011220,-0.134715,0.150325,-0.016095,-0.156373,0.083245,-0.000409,0.000338,0.179344,-0.303344,0.144719,0.026035,0.294607,0.473649,-1.834179,-0.001094,0.001365,-0.329216,-6.080441,-6.685798,18.045628,0.662222,2.200456,-0.020445,-0.102780,-0.204981,-0.329216,-6.080441,-6.685798,18.045628,0.662222,2.200456,-0.020445,-0.102780,-0.204981,87.000000,87.000000,87.000000,87.000000,12.000000,12.000000,12.000000,200.000000,200.000000,0.000000,0.000000,0.000000,0.000000,0.000000,0.000000,0.000000,0.000000,0.000000
208,-2.010257,0.008118,1.328554,0.646377,0.772670,-1.583888,-1.516516,-1.000554,-0.498931,0.758688,-2.714721,0.378760,2.225466,-0.015620,0.000071,0.000087,0.073285,0.027578,-0.141163,0.147064,-0.015016,-0.148550,-0.029360,-0.000396,0.000322,0.348594,0.492201,-0.287955,-0.136027,-0.082042,0.502142,0.777714,0.000791,-0.000746,-0.677776,-5.342102,-6.978139,17.638550,0.663716,2.162138,-0.013213,-0.100667,-0.207209,-0.677776,-5.342102,-6.978139,17.638550,0.663716,2.162138,-0.013213,-0.100667,-0.207209,87.000000,87.000000,87.000000,87.000000,12.000000,12.000000,12.000000,200.000000,200.000000,0.000000,0.000000,0.000000,0.000000,0.000000,0.000000,0.000000,0.000000,0.000000
209,-1.993708,-0.011802,1.324000,0.653044,0.780282,-1.573281,-1.508949,-0.999812,-0.498508,0.758030,-2.715258,0.380619,2.227167,-0.014613,0.000071,0.000087,0.146775,0.018410,-0.201290,0.127924,0.028728,-0.084252,0.027279,-0.000405,0.000330,1.148187,-0.431591,-1.103963,0.016004,-1.029989,-1.031321,-0.559835,-0.001950,0.001648,-0.223070,-6.200660,-6.996241,18.007551,0.648520,2.191528,-0.019012,-0.104654,-0.203708,-0.223070,-6.200660,-6.996241,18.007551,0.648520,2.191528,-0.019012,-0.104654,-0.203708,87.000000,87.000000,87.000000,87.000000,12.000000,12.000000,12.000000,200.000000,200.000000,0.000000,0.000000,0.000000,0.000000,0.000000,0.000000,0.000000,0.000000,0.000000
210,-2.018166,0.005895,1.330203,0.654715,0.766130,-1.580202,-1.504494,-1.000669,-0.498299,0.758449,-2.714923,0.378420,2.226477,-0.012988,0.000069,0.000088,0.042433,0.020295,-0.119690,0.164163,-0.077823,-0.142364,0.038604,-0.000388,0.000318,-1.801004,0.187370,1.543977,0.412179,1.013810,0.722518,-0.827374,0.003893,-0.003404,-1.028428,-5.479551,-6.843031,17.974569,0.658554,2.224872,-0.016583,-0.092932,-0.214000,-1.028428,-5.479551,-6.843031,17.974569,0.658554,2.224872,-0.016583,-0.092932,-0.214000,87.000000,87.000000,87.000000,87.000000,12.000000,12.000000,12.000000,200.000000,200.000000,0.000000,0.000000,0.000000,0.000000,0.000000,0.000000,0.000000,0.000000,0.000000
211,-2.003374,-0.007381,1.338166,0.650490,0.776989,-1.581360,-1.493719,-1.002164,-0.498222,0.759733,-2.714616,0.379497,2.226148,-0.009595,0.000071,0.000087,0.071604,0.009917,-0.130313,0.150282,0.022084,-0.139988,0.080076,-0.000402,0.000332,0.922749,-0.243806,-0.546460,-0.268330,-0.362654,-0.101887,-1.746399,-0.003018,0.003202,-0.236765,-6.013605,-6.720703,17.778698,0.664658,2.150220,-0.020215,-0.107240,-0.200963,-0.236765,-6.013605,-6.720703,17.778698,0.664658,2.150220,-0.020215,-0.107240,-0.200963,87.000000,87.000000,87.000000,87.000000,12.000000,12.000000,12.000000,200.000000,200.000000,0.000000,0.000000,0.000000,0.000000,0.000000,0.000000,0.000000,0.000000,0.000000
212,-2.013786,0.000342,1.331751,0.654492,0.774859,-1.580727,-1.498390,-1.003155,-0.498208,0.760619,-2.714348,0.379842,2.225823,-0.008893,0.000070,0.000087,0.076481,0.014167,-0.139751,0.155036,-0.014060,-0.132482,0.018055,-0.000392,0.000318,0.269342,0.117746,-0.343540,0.075956,-0.269386,0.292514,-0.347356,0.001678,-0.001645,-0.624596,-5.696526,-7.011123,17.924427,0.651033,2.205350,-0.017554,-0.098735,-0.209061,-0.624596,-5.696526,-7.011123,17.924427,0.651033,2.205350,-0.017554,-0.098735,-0.209061,87.000000,87.000000,87.000000,87.000000,12.000000,12.000000,12.000000,200.000000,200.000000,0.000000,0.000000,0.000000,0.000000,0.000000,0.000000,0.000000,0.000000,0.000000
213,-2.003915,-0.000797,1.323421,0.645907,0.778067,-1.577071,-1.517807,-1.002318,-0.498025,0.759774,-2.714600,0.380679,2.226774,-0.013190,0.000071,0.000086,0.150617,0.017426,-0.209745,0.132057,0.000274,-0.104569,-0.091888,-0.000365,0.000298,1.170648,-0.039494,-1.205399,-0.302221,-0.432322,-0.599956,2.230048,-0.000337,0.000461,-0.439890,-5.774049,-7.141988,17.640518,0.664733,2.149975,-0.009003,-0.105558,-0.202864,-0.439890,-5.774049,-7.141988,17.640518,0.664733,2.149975,-0.009003,-0.105558,-0.202864,87.000000,87.000000,87.000000,87.000000,12.000000,12.000000,12.000000,200.000000,200.000000,0.000000,0.000000,0.000000,0.000000,0.000000,0.000000,0.000000,0.000000,0.000000
214,-1.987866,-0.008815,1.326552,0.655724,0.779261,-1.567309,-1.512207,-0.999683,-0.497853,0.757560,-2.715247,0.381489,2.229270,-0.014125,0.000072,0.000086,0.187911,0.012727,-0.228637,0.130823,-0.000781,-0.065266,-0.015561,-0.000379,0.000304,0.161905,-0.309548,0.135024,0.395038,-0.540819,-1.319166,0.429696,-0.001397,0.000839,-0.166122,-6.111328,-6.712507,18.127998,0.643724,2.194928,-0.017300,-0.106844,-0.202046,-0.166122,-6.111328,-6.712507,18.127998,0.643724,2.194928,-0.017300,-0.106844,-0.202046,87.000000,87.000000,87.000000,87.000000,12.000000,12.000000,12.000000,200.000000,200.000000,0.000000,0.000000,0.000000,0.000000,0.000000,0.000000,0.000000,0.000000,0.000000
215,-2.010678,0.006208,1.324441,0.645150,0.772145,-1.574140,-1.506082,-0.998769,-0.497908,0.756786,-2.715223,0.380178,2.229331,-0.013145,0.000070,0.000087,0.096250,0.009982,-0.156627,0.149324,-0.049401,-0.129244,0.025563,-0.000415,0.000341,-1.887770,0.043528,1.562715,0.108826,0.696999,0.080108,-0.500918,0.001301,-0.000951,-1.028191,-5.478854,-6.842130,17.638052,0.665131,2.166202,-0.013941,-0.097883,-0.209114,-1.028191,-5.478854,-6.842130,17.638052,0.665131,2.166202,-0.013941,-0.097883,-0.209114,87.000000,87.000000,87.000000,87.000000,12.000000,12.000000,12.000000,200.000000,200.000000,0.000000,0.000000,0.000000,0.000000,0.000000,0.000000,0.000000,0.000000,0.000000
216,-1.994380,-0.011028,1.328896,0.656688,0.779248,-1.571230,-1.500381,-0.998630,-0.498154,0.756865,-2.715175,0.381049,2.229740,-0.011259,0.000071,0.000087,0.111959,-0.000616,-0.160494,0.149367,0.011217,-0.119141,0.046228,-0.000411,0.000337,0.325371,-0.297418,-0.128133,0.176446,-0.367572,-0.341424,-0.974955,-0.001647,0.001595,-0.300741,-6.139546,-6.758604,18.099026,0.658006,2.198683,-0.018993,-0.104040,-0.203878,-0.300741,-6.139546,-6.758604,18.099026,0.658006,2.198683,-0.018993,-0.104040,-0.203878,87.000000,87.000000,87.000000,87.000000,12.000000,12.000000,12.000000,200.000000,200.000000,0.000000,0.000000,0.000000,0.000000,0.000000,0.000000,0.000000,0.000000,0.000000
217,-2.008600,0.012623,1.332912,0.639062,0.773982,-1.581509,-1.509976,-0.999277,-0.498328,0.757719,-2.714830,0.380457,2.228104,-0.012540,0.000071,0.000087,0.072250,0.014899,-0.121933,0.151831,-0.033438,-0.169088,-0.025625,-0.000394,0.000323,-0.485887,0.566088,0.711188,-0.357642,0.355818,0.894250,0.697775,0.001160,-0.000805,-0.759893,-5.171931,-6.719481,17.329611,0.654416,2.122345,-0.012592,-0.101017,-0.206557,-0.759893,-5.171931,-6.719481,17.329611,0.654416,2.122345,-0.012592,-0.101017,-0.206557,87.000000,87.000000,87.000000,87.000000,12.000000,12.000000,12.000000,200.000000,200.000000,0.000000,0.000000,0.000000,0.000000,0.000000,0.000000,0.000000,0.000000,0.000000
218,-2.019137,0.002530,1.327526,0.651886,0.770790,-1.579393,-1.506388,-1.001029,-0.498214,0.759431,-2.714510,0.379257,2.227108,-0.012397,0.000069,0.000088,0.042275,0.016203,-0.109056,0.155135,-0.047174,-0.145404,0.007343,-0.000397,0.000326,-0.299390,0.080423,-0.121656,-0.033727,0.497012,0.694619,-0.081636,0.002118,-0.001905,-0.950874,-5.616081,-7.153518,17.826653,0.667169,2.213466,-0.013320,-0.096166,-0.211191,-0.950874,-5.616081,-7.153518,17.826653,0.667169,2.213466,-0.013320,-0.096166,-0.211191,87.000000,87.000000,87.000000,87.000000,12.000000,12.000000,12.000000,200.000000,200.000000,0.000000,0.000000,0.000000,0.000000,0.000000,0.000000,0.000000,0.000000,0.000000
219,-1.995361,-0.017567,1.328294,0.659583,0.778327,-1.577321,-1.502097,-1.001150,-0.498324,0.759594,-2.714546,0.380290,2.227070,-0.011285,0.000071,0.000086,0.129414,0.000337,-0.183619,0.142231,0.016050,-0.131067,0.029245,-0.000409,0.000333,1.700953,-0.540187,-1.534598,-0.078499,-0.351843,-0.227860,-0.580342,-0.003281,0.002959,-0.104727,-6.404009,-7.020929,18.168749,0.670425,2.207227,-0.017586,-0.106919,-0.201387,-0.104727,-6.404009,-7.020929,18.168749,0.670425,2.207227,-0.017586,-0.106919,-0.201387,87.000000,87.000000,87.000000,87.000000,12.000000,12.000000,12.000000,200.000000,200.000000,0.000000,0.000000,0.000000,0.000000,0.000000,0.000000,0.000000,0.000000,0.000000
220,-1.995873,0.001708,1.332766,0.646594,0.778050,-1.577871,-1.508365,-0.999882,-0.498535,0.758768,-2.714776,0.381058,2.227272,-0.012168,0.000071,0.000086,0.143303,0.008977,-0.182281,0.137783,-0.002459,-0.121950,-0.016307,-0.000383,0.000310,0.089868,0.204676,0.315715,-0.037411,-0.452288,-0.121569,0.459153,0.000210,-0.000239,-0.357029,-5.596810,-6.672651,17.682096,0.639930,2.151485,-0.016502,-0.103868,-0.204247,-0.357029,-5.596810,-6.672651,17.682096,0.639930,2.151485,-0.016502,-0.103868,-0.204247,87.000000,87.000000,87.000000,87.000000,12.000000,12.000000,12.000000,200.000000,200.000000,0.000000,0.000000,0.000000,0.000000,0.000000,0.000000,0.000000,0.000000,0.000000
221,-2.015169,0.008570,1.326046,0.648245,0.769349,-1.577457,-1.519262,-0.999824,-0.498486,0.758942,-2.714719,0.379360,2.227266,-0.015257,0.000070,0.000088,0.082340,0.017742,-0.140698,0.150454,-0.066740,-0.122513,-0.065322,-0.000375,0.000315,-1.213117,0.289609,0.835398,0.147281,0.676995,0.296193,1.601665,0.003373,-0.002533,-1.047501,-5.344925,-7.034584,17.720570,0.662706,2.194653,-0.008943,-0.095947,-0.211410,-1.047501,-5.344925,-7.034584,17.720570,0.662706,2.194653,-0.008943,-0.095947,-0.211410,87.000000,87.000000,87.000000,87.000000,12.000000,12.000000,12.000000,200.000000,200.000000,0.000000,0.000000,0.000000,0.000000,0.000000,0.000000,0.000000,0.000000,0.000000
222,-2.004806,-0.016748,1.330250,0.663459,0.775740,-1.574018,-1.484855,-1.000563,-0.498700,0.759724,-2.714470,0.379640,2.227784,-0.008708,0.000070,0.000088,0.080511,-0.004838,-0.141101,0.157204,0.002183,-0.116521,0.151515,-0.000423,0.000360,0.078167,-0.629034,-0.306778,0.293833,-0.031564,-0.396428,-3.430245,-0.002267,0.002833,-0.494529,-6.332907,-6.993821,18.299425,0.674862,2.233611,-0.024045,-0.102209,-0.205872,-0.494529,-6.332907,-6.993821,18.299425,0.674862,2.233611,-0.024045,-0.102209,-0.205872,87.000000,87.000000,87.000000,87.000000,12.000000,12.000000,12.000000,200.000000,200.000000,0.000000,0.000000,0.000000,0.000000,0.000000,0.000000,0.000000,0.000000,0.000000
223,-2.005430,-0.000286,1.335018,0.652996,0.778546,-1.580017,-1.490733,-1.001207,-0.499170,0.760387,-2.713963,0.380691,2.227119,-0.006582,0.000071,0.000087,0.088629,0.001573,-0.143580,0.161086,0.010469,-0.147225,0.049225,-0.000400,0.000321,0.383560,0.249047,-0.162817,-0.018345,-0.418948,0.275471,-1.052950,-0.000320,0.000045,-0.471808,-5.603881,-6.841516,17.812206,0.657903,2.166864,-0.019792,-0.102317,-0.206121,-0.471808,-5.603881,-6.841516,17.812206,0.657903,2.166864,-0.019792,-0.102317,-0.206121,87.000000,87.000000,87.000000,87.000000,12.000000,12.000000,12.000000,200.000000,200.000000,0.000000,0.000000,0.000000,0.000000,0.000000,0.000000,0.000000,0.000000,0.000000
224,-2.011456,0.003026,1.338434,0.646323,0.776103,-1.580789,-1.492317,-1.002089,-0.499436,0.761424,-2.713531,0.380815,2.226619,-0.005883,0.000070,0.000087,0.072730,0.007036,-0.124884,0.154433,-0.018674,-0.136008,0.018567,-0.000370,0.000300,-0.098331,0.192659,0.240744,-0.285315,-0.193937,0.366880,-0.352593,0.001547,-0.001346,-0.628163,-5.468144,-6.813909,17.513271,0.639718,2.152391,-0.017120,-0.100625,-0.207134,-0.628163,-5.468144,-6.813909,17.513271,0.639718,2.152391,-0.017120,-0.100625,-0.207134,87.000000,87.000000,87.000000,87.000000,12.000000,12.000000,12.000000,200.000000,200.000000,0.000000,0.000000,0.000000,0.000000,0.000000,0.000000,0.000000,0.000000,0.000000
225,-2.003902,0.009325,1.327316,0.640405,0.777487,-1.576541,-1.531392,-1.001357,-0.499168,0.761104,-2.713882,0.381088,2.227535,-0.014848,0.000072,0.000086,0.149135,0.028958,-0.193344,0.127382,-0.017905,-0.103899,-0.196055,-0.000314,0.000281,1.287728,0.493096,-1.164258,-0.435655,-0.207699,-0.526543,4.660273,0.001633,0.000270,-0.505589,-5.278536,-7.133941,17.367657,0.669367,2.112596,-0.002202,-0.107215,-0.201512,-0.505589,-5.278536,-7.133941,17.367657,0.669367,2.112596,-0.002202,-0.107215,-0.201512,87.000000,87.000000,87.000000,87.000000,12.000000,12.000000,12.000000,200.000000,200.000000,0.000000,0.000000,0.000000,0.000000,0.000000,0.000000,0.000000,0.000000,0.000000
226,-2.012588,-0.014476,1.326881,0.667072,0.771764,-1.569246,-1.482727,-1.001035,-0.499037,0.760874,-2.713992,0.379765,2.228763,-0.008023,0.000069,0.000089,0.087960,0.004177,-0.154787,0.152289,-0.046557,-0.093076,0.158539,-0.000429,0.000355,-1.378779,-0.735778,0.692684,0.648646,0.547144,-0.461152,-3.627474,-0.000261,-0.000019,-0.872034,-6.245580,-7.126040,18.439196,0.667174,2.280741,-0.023948,-0.097771,-0.211172,-0.872034,-6.245580,-7.126040,18.439196,0.667174,2.280741,-0.023948,-0.097771,-0.211172,87.000000,87.000000,87.000000,87.000000,12.000000,12.000000,12.000000,200.000000,200.000000,0.000000,0.000000,0.000000,0.000000,0.000000,0.000000,0.000000,0.000000,0.000000
227,-2.000582,0.012634,1.331213,0.637662,0.777845,-1.580772,-1.526376,-1.000462,-0.498939,0.760249,-2.714068,0.380463,2.228052,-0.014730,0.000073,0.000085,0.137887,0.025751,-0.191310,0.135503,0.004658,-0.155515,-0.147225,-0.000372,0.000307,1.000917,0.667714,-0.546034,-0.527105,-0.013835,0.053923,3.564577,-0.001495,0.002029,-0.431585,-5.146052,-6.879141,17.246260,0.686875,2.070585,-0.004090,-0.109530,-0.199349,-0.431585,-5.146052,-6.879141,17.246260,0.686875,2.070585,-0.004090,-0.109530,-0.199349,87.000000,87.000000,87.000000,87.000000,12.000000,12.000000,12.000000,200.000000,200.000000,0.000000,0.000000,0.000000,0.000000,0.000000,0.000000,0.000000,0.000000,0.000000
228,-1.998612,-0.017813,1.328549,0.662849,0.774544,-1.570490,-1.497632,-0.999479,-0.498878,0.759453,-2.714348,0.380293,2.228787,-0.011485,0.000070,0.000088,0.122926,0.001608,-0.178798,0.142134,-0.023999,-0.101467,0.078119,-0.000421,0.000342,-0.578104,-0.783101,0.386795,0.369904,-0.137165,-0.223269,-1.757211,0.000578,-0.000888,-0.483384,-6.387258,-6.900572,18.309618,0.636058,2.265697,-0.021148,-0.098208,-0.210049,-0.483384,-6.387258,-6.900572,18.309618,0.636058,2.265697,-0.021148,-0.098208,-0.210049,87.000000,87.000000,87.000000,87.000000,12.000000,12.000000,12.000000,200.000000,200.000000,0.000000,0.000000,0.000000,0.000000,0.000000,0.000000,0.000000,0.000000,0.000000
229,-2.008730,0.010782,1.340312,0.643455,0.773234,-1.583462,-1.498449,-1.000169,-0.499074,0.760208,-2.714076,0.379751,2.227164,-0.009905,0.000071,0.000087,0.065578,0.013713,-0.117612,0.152694,-0.024952,-0.172756,0.038059,-0.000398,0.000322,-0.767389,0.529510,1.116919,-0.173353,0.459189,0.773998,-0.772775,-0.000031,0.000255,-0.692856,-5.185433,-6.610082,17.453440,0.665740,2.121540,-0.016650,-0.102521,-0.205035,-0.692856,-5.185433,-6.610082,17.453440,0.665740,2.121540,-0.016650,-0.102521,-0.205035,87.000000,87.000000,87.000000,87.000000,12.000000,12.000000,12.000000,200.000000,200.000000,0.000000,0.000000,0.000000,0.000000,0.000000,0.000000,0.000000,0.000000,0.000000
230,-2.009698,-0.008079,1.324718,0.655255,0.776394,-1.576453,-1.503908,-1.000722,-0.499138,0.760846,-2.714145,0.380211,2.227191,-0.010406,0.000070,0.000088,0.096217,0.006060,-0.159104,0.142055,-0.007596,-0.121549,-0.007610,-0.000401,0.000328,0.572180,-0.276778,-1.015018,-0.046369,-0.339940,0.024418,0.261971,0.001002,-0.000877,-0.689865,-5.960066,-7.298365,17.966000,0.661745,2.222292,-0.013690,-0.098373,-0.209109,-0.689865,-5.960066,-7.298365,17.966000,0.661745,2.222292,-0.013690,-0.098373,-0.209109,87.000000,87.000000,87.000000,87.000000,12.000000,12.000000,12.000000,200.000000,200.000000,0.000000,0.000000,0.000000,0.000000,0.000000,0.000000,0.000000,0.000000,0.000000
231,-2.008886,0.005392,1.335858,0.650265,0.774147,-1.579417,-1.503647,-1.001264,-0.499140,0.761272,-2.714089,0.379959,2.226917,-0.010605,0.000070,0.000087,0.083136,0.017692,-0.143417,0.148607,-0.024020,-0.133944,-0.000490,-0.000376,0.000305,-0.113734,0.362631,0.262262,0.056294,0.126174,0.181295,0.102150,0.000060,-0.000086,-0.619667,-5.415831,-6.854346,17.750673,0.662976,2.166993,-0.015516,-0.102505,-0.205530,-0.619667,-5.415831,-6.854346,17.750673,0.662976,2.166993,-0.015516,-0.102505,-0.205530,87.000000,87.000000,87.000000,87.000000,12.000000,12.000000,12.000000,200.000000,200.000000,0.000000,0.000000,0.000000,0.000000,0.000000,0.000000,0.000000,0.000000,0.000000
232,-2.006249,0.003684,1.322299,0.646525,0.774099,-1.576738,-1.530974,-1.000676,-0.498751,0.760568,-2.714362,0.379774,2.227383,-0.017233,0.000071,0.000087,0.136407,0.027008,-0.201642,0.133261,-0.026015,-0.115023,-0.143763,-0.000359,0.000307,0.812822,0.162132,-1.006837,-0.220989,0.084171,-0.258410,3.444031,0.000980,0.000055,-0.647669,-5.551166,-7.260129,17.647678,0.677656,2.161842,-0.004115,-0.103167,-0.204969,-0.647669,-5.551166,-7.260129,17.647678,0.677656,2.161842,-0.004115,-0.103167,-0.204969,87.000000,87.000000,87.000000,87.000000,12.000000,12.000000,12.000000,200.000000,200.000000,0.000000,0.000000,0.000000,0.000000,0.000000,0.000000,0.000000,0.000000,0.000000
233,-1.987885,-0.015266,1.323421,0.658608,0.778097,-1.568175,-1.509879,-0.998397,-0.498481,0.758383,-2.715005,0.380580,2.229275,-0.015719,0.000071,0.000087,0.179191,0.010598,-0.233931,0.129686,0.006562,-0.081563,0.040102,-0.000422,0.000339,0.285319,-0.631696,-0.259668,0.320972,-0.403074,-1.125322,-0.853156,-0.003411,0.002459,-0.239277,-6.332111,-6.912106,18.222784,0.659341,2.213779,-0.018790,-0.106148,-0.202968,-0.239277,-6.332111,-6.912106,18.222784,0.659341,2.213779,-0.018790,-0.106148,-0.202968,87.000000,87.000000,87.000000,87.000000,12.000000,12.000000,12.000000,200.000000,200.000000,0.000000,0.000000,0.000000,0.000000,0.000000,0.000000,0.000000,0.000000,0.000000
234,-2.006348,0.010409,1.331737,0.641258,0.769716,-1.580034,-1.514328,-0.997880,-0.498498,0.757693,-2.714984,0.379209,2.228132,-0.015916,0.000070,0.000087,0.085691,0.015378,-0.149247,0.147053,-0.051947,-0.159014,-0.001568,-0.000406,0.000332,-1.762237,0.307323,1.854937,-0.066956,0.765489,0.694683,0.137694,0.001921,-0.001430,-0.891108,-5.263189,-6.625508,17.459272,0.656472,2.140727,-0.012975,-0.097696,-0.209287,-0.891108,-5.263189,-6.625508,17.459272,0.656472,2.140727,-0.012975,-0.097696,-0.209287,87.000000,87.000000,87.000000,87.000000,12.000000,12.000000,12.000000,200.000000,200.000000,0.000000,0.000000,0.000000,0.000000,0.000000,0.000000,0.000000,0.000000,0.000000
235,-1.991513,-0.016244,1.326110,0.662868,0.779961,-1.570049,-1.501418,-0.997615,-0.498595,0.757596,-2.715141,0.380677,2.229075,-0.012968,0.000070,0.000087,0.120898,0.001755,-0.173483,0.145923,0.025221,-0.102210,0.070431,-0.000422,0.000350,0.570095,-0.460258,-0.558295,0.402894,-0.765531,-0.598660,-1.550599,-0.001669,0.001788,-0.276520,-6.328619,-6.918860,18.365517,0.656116,2.239903,-0.021431,-0.102069,-0.205751,-0.276520,-6.328619,-6.918860,18.365517,0.656116,2.239903,-0.021431,-0.102069,-0.205751,87.000000,87.000000,87.000000,87.000000,12.000000,12.000000,12.000000,200.000000,200.000000,0.000000,0.000000,0.000000,0.000000,0.000000,0.000000,0.000000,0.000000,0.000000
236,-2.010801,0.013841,1.326797,0.638289,0.771515,-1.582724,-1.518447,-0.998067,-0.498703,0.757844,-2.714826,0.379683,2.227458,-0.015447,0.000070,0.000087,0.074734,0.016906,-0.141796,0.151059,-0.046069,-0.169384,-0.052985,-0.000392,0.000323,-0.716034,0.556138,0.643898,-0.366536,0.575247,0.938952,1.332869,0.001966,-0.001489,-0.964253,-5.099285,-6.925118,17.299908,0.663654,2.128951,-0.009387,-0.097983,-0.209489,-0.964253,-5.099285,-6.925118,17.299908,0.663654,2.128951,-0.009387,-0.097983,-0.209489,87.000000,87.000000,87.000000,87.000000,12.000000,12.000000,12.000000,200.000000,200.000000,0.000000,0.000000,0.000000,0.000000,0.000000,0.000000,0.000000,0.000000,0.000000
237,-1.999728,-0.005092,1.325741,0.650463,0.777368,-1.574692,-1.513515,-0.998344,-0.498563,0.758039,-2.715040,0.380366,2.227941,-0.015628,0.000070,0.000087,0.102890,0.013824,-0.164315,0.137396,0.002223,-0.111814,0.001241,-0.000394,0.000319,0.495916,-0.152188,-0.551244,-0.050141,-0.424108,-0.309100,0.065135,-0.000621,0.000345,-0.503165,-5.899824,-6.992931,17.858061,0.657603,2.187609,-0.015106,-0.102029,-0.206134,-0.503165,-5.899824,-6.992931,17.858061,0.657603,2.187609,-0.015106,-0.102029,-0.206134,87.000000,87.000000,87.000000,87.000000,12.000000,12.000000,12.000000,200.000000,200.000000,0.000000,0.000000,0.000000,0.000000,0.000000,0.000000,0.000000,0.000000,0.000000
238,-2.002934,-0.002360,1.335261,0.651408,0.775782,-1.578056,-1.494615,-0.999109,-0.498585,0.758736,-2.715023,0.380452,2.227554,-0.011181,0.000070,0.000087,0.070248,0.010110,-0.128641,0.148171,-0.012438,-0.138315,0.102916,-0.000400,0.000334,-0.407764,-0.034412,0.575862,0.089872,-0.021610,0.198657,-2.310943,0.000073,0.000522,-0.536995,-5.772370,-6.696596,17.874191,0.649978,2.182736,-0.022688,-0.100871,-0.206631,-0.536995,-5.772370,-6.696596,17.874191,0.649978,2.182736,-0.022688,-0.100871,-0.206631,87.000000,87.000000,87.000000,87.000000,12.000000,12.000000,12.000000,200.000000,200.000000,0.000000,0.000000,0.000000,0.000000,0.000000,0.000000,0.000000,0.000000,0.000000
239,-1.998943,-0.012064,1.330927,0.659638,0.778937,-1.575997,-1.493463,-0.999627,-0.498804,0.759376,-2.714921,0.381217,2.227540,-0.008546,0.000070,0.000087,0.097678,0.000910,-0.151548,0.151347,0.002628,-0.127098,0.061270,-0.000402,0.000328,0.651132,-0.278635,-0.583420,0.189262,-0.388206,-0.012176,-1.346344,-0.000324,0.000299,-0.346882,-6.132290,-6.927760,18.192192,0.653517,2.224574,-0.020939,-0.101507,-0.206528,-0.346882,-6.132290,-6.927760,18.192192,0.653517,2.224574,-0.020939,-0.101507,-0.206528,87.000000,87.000000,87.000000,87.000000,12.000000,12.000000,12.000000,200.000000,200.000000,0.000000,0.000000,0.000000,0.000000,0.000000,0.000000,0.000000,0.000000,0.000000
240,-1.993138,-0.000971,1.325675,0.643700,0.780441,-1.576769,-1.513213,-0.998390,-0.499013,0.758516,-2.715136,0.382037,2.227848,-0.011888,0.000072,0.000086,0.158170,0.007980,-0.201948,0.133702,-0.000586,-0.121237,-0.071432,-0.000369,0.000300,0.944181,0.112744,-0.721089,-0.304743,-0.392769,-0.269315,1.751243,-0.000322,0.000409,-0.356227,-5.668280,-6.944181,17.590515,0.655686,2.138745,-0.011517,-0.105866,-0.202520,-0.356227,-5.668280,-6.944181,17.590515,0.655686,2.138745,-0.011517,-0.105866,-0.202520,87.000000,87.000000,87.000000,87.000000,12.000000,12.000000,12.000000,200.000000,200.000000,0.000000,0.000000,0.000000,0.000000,0.000000,0.000000,0.000000,0.000000,0.000000
241,-2.003946,0.006859,1.321799,0.642579,0.772531,-1.573315,-1.526386,-0.997140,-0.498961,0.757525,-2.715518,0.380660,2.228638,-0.016827,0.000070,0.000087,0.124209,0.017161,-0.179562,0.134600,-0.060323,-0.102758,-0.105668,-0.000358,0.000304,-0.971429,0.221777,0.712648,0.026434,0.479846,-0.183071,2.538904,0.002830,-0.001911,-0.909574,-5.377623,-6.995870,17.592978,0.657115,2.170431,-0.006812,-0.099329,-0.208712,-0.909574,-5.377623,-6.995870,17.592978,0.657115,2.170431,-0.006812,-0.099329,-0.208712,87.000000,87.000000,87.000000,87.000000,12.000000,12.000000,12.000000,200.000000,200.000000,0.000000,0.000000,0.000000,0.000000,0.000000,0.000000,0.000000,0.000000,0.000000
242,-1.774590,0.921908,1.679233,0.284021,0.097980,-0.581397,-1.364938,-0.981767,-0.465498,0.761596,-2.722011,0.296154,2.315706,0.020489,0.000107,0.000099,0.722455,1.689821,0.224128,-0.062184,-2.614368,2.615567,0.804245,0.003022,-0.000194,8.154895,41.416790,16.723804,-0.351198,0.614533,-0.065088,-19.350212,0.009126,0.121385,5.946725,26.438730,6.795310,4.296577,-12.000000,12.000000,-0.218191,-0.354701,-0.018544,5.946725,26.438730,6.795310,4.296577,-12.801091,27.471376,-0.218191,-0.354701,-0.018544,87.000000,87.000000,87.000000,87.000000,12.000000,12.000000,12.000000,200.000000,200.000000,0.000000,0.000000,0.000000,0.000000,0.000000,0.000000,0.000000,0.000000,0.000000
243,-2.217255,0.272249,1.059801,0.634742,-0.343438,-0.623209,-1.092378,-0.967942,-0.410970,0.766160,-2.727054,0.211755,2.401811,0.100538,0.000068,0.000125,0.351328,1.571195,-0.200383,-0.014300,-2.482192,2.606735,1.894241,-0.002189,0.001202,-10.792867,-4.246323,-12.077357,-1.652378,7.680988,21.033180,-42.950695,-0.197353,0.031207,-12.954168,-6.178352,-18.860273,18.510809,-12.000000,12.000000,0.026070,-0.316654,-0.305522,-12.954168,-6.178352,-18.860273,18.510809,-23.564430,20.339230,0.026070,-0.316654,-0.305522,87.000000,87.000000,87.000000,87.000000,12.000000,12.000000,12.000000,200.000000,200.000000,0.000000,0.000000,0.000000,0.000000,0.000000,0.000000,0.000000,0.000000,0.000000
244,-1.759948,0.336628,1.413978,0.436318,-0.041174,-0.647720,-1.173139,-0.947601,-0.358352,0.754023,-2.736560,0.126541,2.488936,0.127003,0.000115,0.000082,0.836960,1.529422,-0.572058,-0.275360,-2.531096,2.609911,0.558824,0.000758,0.000017,3.819465,-3.484568,-1.663309,-6.204707,0.411372,-0.069108,-13.287470,0.040385,0.010159,3.269951,-7.647221,-2.176634,11.804945,-5.032310,10.974416,-0.063827,-0.180313,-0.188143,3.269951,-7.647221,-2.176634,11.804945,-5.032310,10.974416,-0.063827,-0.180313,-0.188143,87.000000,87.000000,87.000000,87.000000,12.000000,12.000000,12.000000,200.000000,200.000000,0.000000,0.000000,0.000000,0.000000,0.000000,0.000000,0.000000,0.000000,0.000000
245,-1.869713,0.307714,1.306587,0.574408,-0.162159,-0.607640,-1.138805,-0.931141,-0.310405,0.743221,-2.748269,0.042280,2.575790,0.148347,0.000135,0.000069,0.445914,1.312328,-0.395597,-0.213002,-2.509580,2.561623,0.469341,-0.000073,0.000503,-10.656893,-6.904299,4.143626,1.961284,-0.763907,-2.784819,-10.923337,-0.008079,-0.015268,-2.269441,-12.238955,-5.703386,18.573265,-3.246931,5.629408,-0.023186,-0.262100,-0.229107,-2.269441,-12.238955,-5.703386,18.573265,-3.246931,5.629408,-0.023186,-0.262100,-0.229107,87.000000,87.000000,87.000000,87.000000,12.000000,12.000000,12.000000,200.000000,200.000000,0.000000,0.000000,0.000000,0.000000,0.000000,0.000000,0.000000,0.000000,0.000000
246,-1.788105,0.383679,1.432957,0.485907,-0.101439,-0.611926,-1.141728,-0.925312,-0.268661,0.742557,-2.758425,-0.010320,2.643771,0.158361,0.000168,0.000023,0.278284,1.130893,-0.090675,-0.163350,-1.063997,1.377443,0.222524,-0.000861,0.000273,-0.679811,-5.518419,4.012577,2.019986,28.549646,-38.741009,-4.910944,-0.121899,0.043067,1.535363,-11.955645,-1.397932,15.711027,1.236809,1.211731,0.067173,-0.456083,-0.034844,1.535363,-11.955645,-1.397932,15.711027,1.236809,1.211731,0.067173,-0.456083,-0.034844,87.000000,87.000000,87.000000,87.000000,12.000000,12.000000,12.000000,200.000000,200.000000,0.000000,0.000000,0.000000,0.000000,0.000000,0.000000,0.000000,0.000000,0.000000
247,-1.863157,0.436664,1.403571,0.480749,-0.129211,-0.581848,-1.093277,-0.924636,-0.231678,0.748212,-2.766976,-0.041729,2.684105,0.175351,0.000125,0.000042,0.150729,0.991683,0.002298,-0.130260,-0.689681,0.781966,0.371937,-0.001987,0.001506,1.338038,-4.559862,-2.002655,0.962732,16.592930,-22.724493,-8.735748,-0.015148,0.018360,-1.058096,-12.354198,-3.622012,16.044378,0.957068,1.684398,0.026487,-0.115055,-0.185116,-1.058096,-12.354198,-3.622012,16.044378,0.957068,1.684398,0.026487,-0.115055,-0.185116,87.000000,87.000000,87.000000,87.000000,12.000000,12.000000,12.000000,200.000000,200.000000,0.000000,0.000000,0.000000,0.000000,0.000000,0.000000,0.000000,0.000000,0.000000
248,-1.849645,0.470254,1.445951,0.478395,-0.123295,-0.567498,-1.064275,-0.925517,-0.198839,0.755494,-2.774519,-0.055682,2.707041,0.191264,0.000093,0.000067,0.128293,0.863040,0.037623,-0.103637,-0.281318,0.396631,0.350673,-0.001817,0.001621,2.831357,-4.258296,-2.988674,1.002133,7.729929,-13.652343,-8.112736,0.000056,0.002958,-0.287802,-13.265484,-2.673448,16.489466,0.725755,1.959421,0.006438,-0.032540,-0.266808,-0.287802,-13.265484,-2.673448,16.489466,0.725755,1.959421,0.006438,-0.032540,-0.266808,87.000000,87.000000,87.000000,87.000000,12.000000,12.000000,12.000000,200.000000,200.000000,0.000000,0.000000,0.000000,0.000000,0.000000,0.000000,0.000000,0.000000,0.000000
249,-1.875057,0.534092,1.470760,0.463640,-0.142095,-0.556739,-1.042461,-0.929019,-0.169226,0.764749,-2.780643,-0.066150,2.720735,0.204922,0.000072,0.000086,0.048700,0.781289,0.088754,-0.064341,-0.249817,0.219228,0.296251,-0.001474,0.001380,3.928788,-2.780699,-4.514596,0.947215,5.282339,-8.000585,-7.022543,0.002700,-0.004116,-0.735554,-12.768124,-2.659959,16.285383,0.587444,2.087489,-0.006814,-0.006633,-0.303393,-0.735554,-12.768124,-2.659959,16.285383,0.587444,2.087489,-0.006814,-0.006633,-0.303393,87.000000,87.000000,87.000000,87.000000,12.000000,12.000000,12.000000,200.000000,200.000000,0.000000,0.000000,0.000000,0.000000,0.000000,0.000000,0.000000,0.000000,0.000000
250,-1.865559,0.579795,1.503559,0.439649,-0.148646,-0.538411,-1.034026,-0.931513,-0.141733,0.772724,-2.786177,-0.072603,2.732071,0.214070,0.000062,0.000096,0.074998,0.713802,0.064429,-0.054502,-0.161948,0.183196,0.198557,-0.001258,0.001180,3.679778,-2.635821,-3.752589,0.792153,2.925141,-6.565289,-4.726985,-0.001319,-0.001184,-0.218151,-12.941906,-1.901706,15.737566,0.476394,2.087587,-0.008749,-0.007001,-0.305633,-0.218151,-12.941906,-1.901706,15.737566,0.476394,2.087587,-0.008749,-0.007001,-0.305633,87.000000,87.000000,87.000000,87.000000,12.000000,12.000000,12.000000,200.000000,200.000000,0.000000,0.000000,0.000000,0.000000,0.000000,0.000000,0.000000,0.000000,0.000000
251,-1.862721,0.620453,1.518360,0.433344,-0.164692,-0.514281,-1.034705,-0.931883,-0.116081,0.778308,-2.790978,-0.079330,2.743338,0.218706,0.000057,0.000101,0.108629,0.654852,0.023186,-0.027085,-0.189160,0.197401,0.097953,-0.001156,0.001074,2.491549,-2.475840,-2.545178,1.355864,2.764107,-6.079435,-2.448735,-0.000660,-0.001650,-0.209231,-13.192888,-1.602978,15.832789,0.436877,2.138098,-0.008049,-0.000521,-0.310879,-0.209231,-13.192888,-1.602978,15.832789,0.436877,2.138098,-0.008049,-0.000521,-0.310879,87.000000,87.000000,87.000000,87.000000,12.000000,12.000000,12.000000,200.000000,200.000000,0.000000,0.000000,0.000000,0.000000,0.000000,0.000000,0.000000,0.000000,0.000000
252,-1.871817,0.661442,1.535951,0.409306,-0.182607,-0.510035,-1.017757,-0.932723,-0.092423,0.783937,-2.794505,-0.087232,2.750939,0.225115,0.000055,0.000102,0.072080,0.589262,0.046685,-0.002095,-0.204283,0.102155,0.139387,-0.001150,0.001062,2.482141,-2.399279,-2.681507,0.590649,3.886153,-4.394641,-3.327890,-0.004746,0.002873,-0.386680,-13.259118,-1.444057,15.047222,0.463671,2.043098,-0.003991,-0.003327,-0.305892,-0.386680,-13.259118,-1.444057,15.047222,0.463671,2.043098,-0.003991,-0.003327,-0.305892,87.000000,87.000000,87.000000,87.000000,12.000000,12.000000,12.000000,200.000000,200.000000,0.000000,0.000000,0.000000,0.000000,0.000000,0.000000,0.000000,0.000000,0.000000
253,-1.869659,0.694485,1.551415,0.397745,-0.192393,-0.501304,-1.017594,-0.932807,-0.070698,0.788485,-2.797427,-0.093485,2.756884,0.228512,0.000054,0.000103,0.073823,0.526443,0.036463,0.012292,-0.167825,0.072796,0.072938,-0.001138,0.001060,1.908132,-2.374012,-2.146612,0.572131,2.988022,-3.424067,-1.758805,-0.002822,0.002124,-0.308711,-13.499767,-1.156282,14.782865,0.426710,2.047436,-0.001837,0.000956,-0.308207,-0.308711,-13.499767,-1.156282,14.782865,0.426710,2.047436,-0.001837,0.000956,-0.308207,87.000000,87.000000,87.000000,87.000000,12.000000,12.000000,12.000000,200.000000,200.000000,0.000000,0.000000,0.000000,0.000000,0.000000,0.000000,0.000000,0.000000,0.000000
254,-1.854199,0.733266,1.574312,0.380716,-0.205060,-0.481039,-0.981730,-0.932118,-0.050527,0.792262,-2.800116,-0.099312,2.764846,0.238845,0.000055,0.000101,0.080808,0.481988,0.040527,0.015852,-0.161789,0.134966,0.228125,-0.001094,0.000980,1.785284,-1.962851,-1.449155,0.654099,2.418769,-4.356648,-5.422178,-0.004290,0.001197,0.249246,-13.414215,-0.536395,14.315831,0.338890,2.000256,-0.018728,-0.005227,-0.301731,0.249246,-13.414215,-0.536395,14.315831,0.338890,2.000256,-0.018728,-0.005227,-0.301731,87.000000,87.000000,87.000000,87.000000,12.000000,12.000000,12.000000,200.000000,200.000000,0.000000,0.000000,0.000000,0.000000,0.000000,0.000000,0.000000,0.000000,0.000000
255,-1.859228,0.762486,1.584329,0.375269,-0.224775,-0.473600,-0.963977,-0.931418,-0.031831,0.795959,-2.801979,-0.106962,2.771015,0.248548,0.000056,0.000099,0.062541,0.434153,0.054433,0.039292,-0.209657,0.085737,0.210744,-0.001123,0.001026,1.661311,-1.882544,-1.536537,0.613322,3.597094,-3.354587,-5.018734,-0.003245,0.002533,0.052897,-13.603662,-0.495164,14.186069,0.359561,1.988041,-0.015775,-0.002979,-0.299642,0.052897,-13.603662,-0.495164,14.186069,0.359561,1.988041,-0.015775,-0.002979,-0.299642,87.000000,87.000000,87.000000,87.000000,12.000000,12.000000,12.000000,200.000000,200.000000,0.000000,0.000000,0.000000,0.000000,0.000000,0.000000,0.000000,0.000000,0.000000
256,-1.871422,0.793579,1.579977,0.369627,-0.240729,-0.469853,-0.988882,-0.929823,-0.014525,0.798103,-2.802999,-0.114919,2.775228,0.247651,0.000056,0.000100,0.060268,0.391965,0.026787,0.061509,-0.221622,0.042503,-0.024359,-0.001127,0.001098,0.515427,-1.664681,-1.114667,0.537676,3.884495,-2.197018,0.495646,0.000139,0.003044,-0.604483,-13.614881,-0.762859,13.982124,0.407282,1.979738,0.003694,0.002210,-0.304293,-0.604483,-13.614881,-0.762859,13.982124,0.407282,1.979738,0.003694,0.002210,-0.304293,87.000000,87.000000,87.000000,87.000000,12.000000,12.000000,12.000000,200.000000,200.000000,0.000000,0.000000,0.000000,0.000000,0.000000,0.000000,0.000000,0.000000,0.000000
257,-1.843571,0.818140,1.608296,0.348651,-0.245694,-0.456977,-0.954037,-0.928375,0.001520,0.800346,-2.803986,-0.120030,2.780748,0.255393,0.000059,0.000097,0.052714,0.349370,0.050862,0.050869,-0.135789,0.080067,0.174104,-0.001127,0.001007,1.108454,-1.771994,-0.817955,0.120112,2.388013,-3.160811,-4.060195,-0.005266,0.001788,0.463803,-13.804491,0.124844,13.229807,0.307251,1.895733,-0.012968,-0.010909,-0.295053,0.463803,-13.804491,0.124844,13.229807,0.307251,1.895733,-0.012968,-0.010909,-0.295053,87.000000,87.000000,87.000000,87.000000,12.000000,12.000000,12.000000,200.000000,200.000000,0.000000,0.000000,0.000000,0.000000,0.000000,0.000000,0.000000,0.000000,0.000000
258,-1.840930,0.840227,1.617264,0.350681,-0.261477,-0.447346,-0.932321,-0.926717,0.016264,0.802472,-2.804661,-0.126061,2.785803,0.264739,0.000060,0.000095,0.044626,0.309855,0.061768,0.063769,-0.173473,0.070339,0.204757,-0.001153,0.001051,0.972523,-1.596292,-0.709740,0.425427,2.748877,-2.670695,-4.849827,-0.002364,0.001965,0.465135,-13.981370,0.273459,13.351434,0.278625,1.928504,-0.019793,-0.006096,-0.294304,0.465135,-13.981370,0.273459,13.351434,0.278625,1.928504,-0.019793,-0.006096,-0.294304,87.000000,87.000000,87.000000,87.000000,12.000000,12.000000,12.000000,200.000000,200.000000,0.000000,0.000000,0.000000,0.000000,0.000000,0.000000,0.000000,0.000000,0.000000
259,-1.866994,0.861796,1.606213,0.341971,-0.272623,-0.461014,-0.939150,-0.925387,0.029492,0.804251,-2.804569,-0.132359,2.785758,0.267958,0.000060,0.000095,0.012021,0.260303,0.056132,0.076152,-0.170473,-0.064252,0.068891,-0.001237,0.001161,0.163332,-1.632652,-1.159226,-0.262308,3.508453,-0.205477,-1.581057,-0.002102,0.003315,-0.629593,-14.043752,-0.336893,12.926578,0.375158,1.881035,-0.000199,-0.000331,-0.299283,-0.629593,-14.043752,-0.336893,12.926578,0.375158,1.881035,-0.000199,-0.000331,-0.299283,87.000000,87.000000,87.000000,87.000000,12.000000,12.000000,12.000000,200.000000,200.000000,0.000000,0.000000,0.000000,0.000000,0.000000,0.000000,0.000000,0.000000,0.000000
260,-1.837832,0.875147,1.633776,0.343158,-0.274629,-0.443182,-0.922349,-0.924441,0.041450,0.806039,-2.804826,-0.135587,2.789209,0.273620,0.000060,0.000094,0.002057,0.221342,0.073986,0.069972,-0.100743,0.044984,0.127031,-0.001168,0.001065,0.839165,-1.603384,-0.762967,0.394025,1.297875,-1.811451,-2.970166,-0.001191,-0.000156,0.538406,-14.357956,0.583105,13.051014,0.239752,1.937499,-0.016065,-0.003978,-0.297505,0.538406,-14.357956,0.583105,13.051014,0.239752,1.937499,-0.016065,-0.003978,-0.297505,87.000000,87.000000,87.000000,87.000000,12.000000,12.000000,12.000000,200.000000,200.000000,0.000000,0.000000,0.000000,0.000000,0.000000,0.000000,0.000000,0.000000,0.000000
261,-1.839526,0.895732,1.640151,0.330798,-0.287203,-0.443789,-0.886490,-0.923727,0.052090,0.807943,-2.804744,-0.140146,2.791532,0.285174,0.000062,0.000092,-0.014225,0.181880,0.086344,0.072209,-0.131547,0.005441,0.255840,-0.001179,0.001087,0.846463,-1.438078,-0.871307,-0.101503,2.242232,-1.335383,-5.976717,-0.002374,0.002514,0.468319,-14.268821,0.633909,12.518575,0.238697,1.857135,-0.022868,-0.008781,-0.290706,0.468319,-14.268821,0.633909,12.518575,0.238697,1.857135,-0.022868,-0.008781,-0.290706,87.000000,87.000000,87.000000,87.000000,12.000000,12.000000,12.000000,200.000000,200.000000,0.000000,0.000000,0.000000,0.000000,0.000000,0.000000,0.000000,0.000000,0.000000
262,-1.845503,0.926042,1.639670,0.332948,-0.301049,-0.438847,-0.904097,-0.922866,0.062085,0.809252,-2.804409,-0.145692,2.793848,0.287073,0.000063,0.000091,-0.024074,0.176316,0.080041,0.085144,-0.170458,0.012643,0.038459,-0.001168,0.001087,0.396270,-0.467281,-0.591883,0.318374,2.555409,-1.029321,-0.953401,-0.000060,0.000867,0.170244,-13.783570,0.531427,12.569652,0.247784,1.867903,-0.010876,-0.007845,-0.291552,0.170244,-13.783570,0.531427,12.569652,0.247784,1.867903,-0.010876,-0.007845,-0.291552,87.000000,87.000000,87.000000,87.000000,12.000000,12.000000,12.000000,200.000000,200.000000,0.000000,0.000000,0.000000,0.000000,0.000000,0.000000,0.000000,0.000000,0.000000
263,-1.840047,0.937778,1.643151,0.319054,-0.307210,-0.436271,-0.905859,-0.921541,0.071646,0.809708,-2.804042,-0.150240,2.796078,0.287531,0.000065,0.000090,-0.021234,0.154985,0.066890,0.074288,-0.132585,0.006238,0.011535,-0.001183,0.001094,0.023586,-0.884301,-0.285434,-0.288686,2.291293,-1.253750,-0.233941,-0.001869,0.001749,0.263616,-14.044156,0.675121,11.981176,0.251349,1.794864,-0.004713,-0.013071,-0.287545,0.263616,-14.044156,0.675121,11.981176,0.251349,1.794864,-0.004713,-0.013071,-0.287545,87.000000,87.000000,87.000000,87.000000,12.000000,12.000000,12.000000,200.000000,200.000000,0.000000,0.000000,0.000000,0.000000,0.000000,0.000000,0.000000,0.000000,0.000000
264,-1.823626,0.933193,1.662721,0.325981,-0.306962,-0.434614,-0.877002,-0.920778,0.080099,0.810934,-2.803801,-0.152413,2.797286,0.294651,0.000066,0.000088,-0.034736,0.109328,0.097585,0.072361,-0.064618,-0.020669,0.161558,-0.001239,0.001136,0.797728,-1.567139,-0.525613,-0.040494,1.236911,-0.877353,-3.682533,-0.002284,0.001823,0.949414,-14.819343,1.252951,12.260386,0.195892,1.856060,-0.018361,-0.012031,-0.287817,0.949414,-14.819343,1.252951,12.260386,0.195892,1.856060,-0.018361,-0.012031,-0.287817,87.000000,87.000000,87.000000,87.000000,12.000000,12.000000,12.000000,200.000000,200.000000,0.000000,0.000000,0.000000,0.000000,0.000000,0.000000,0.000000,0.000000,0.000000
265,-1.832262,0.957480,1.654620,0.330151,-0.322156,-0.422717,-0.880106,-0.919275,0.087659,0.811116,-2.803396,-0.156773,2.800462,0.297739,0.000066,0.000089,-0.033410,0.095704,0.079646,0.083605,-0.147141,0.042504,0.066464,-0.001201,0.001107,-0.200818,-0.676847,0.086896,0.465536,1.743419,-1.325796,-1.620877,0.001137,-0.000849,0.429211,-14.363869,0.989195,12.395687,0.180360,1.886296,-0.018205,-0.007722,-0.291222,0.429211,-14.363869,0.989195,12.395687,0.180360,1.886296,-0.018205,-0.007722,-0.291222,87.000000,87.000000,87.000000,87.000000,12.000000,12.000000,12.000000,200.000000,200.000000,0.000000,0.000000,0.000000,0.000000,0.000000,0.000000,0.000000,0.000000,0.000000
266,-1.825372,0.974644,1.663129,0.320489,-0.330948,-0.421034,-0.875057,-0.918288,0.094885,0.811693,-2.802598,-0.161373,2.803123,0.300490,0.000068,0.000087,-0.047155,0.087710,0.096433,0.088718,-0.135086,0.018133,0.062128,-0.001197,0.001102,0.329739,-0.464977,-0.158175,0.091992,2.286111,-1.369676,-1.421437,-0.001858,0.001662,0.700744,-14.220693,1.215648,11.912442,0.198501,1.800269,-0.013182,-0.016748,-0.283127,0.700744,-14.220693,1.215648,11.912442,0.198501,1.800269,-0.013182,-0.016748,-0.283127,87.000000,87.000000,87.000000,87.000000,12.000000,12.000000,12.000000,200.000000,200.000000,0.000000,0.000000,0.000000,0.000000,0.000000,0.000000,0.000000,0.000000,0.000000
267,-1.831228,0.977738,1.656827,0.314818,-0.331426,-0.426867,-0.884789,-0.916838,0.101424,0.811621,-2.801750,-0.164071,2.803366,0.299577,0.000068,0.000086,-0.045200,0.057806,0.080385,0.081225,-0.083584,-0.046390,-0.018014,-0.001255,0.001162,-0.328728,-0.954578,-0.132980,-0.448188,1.630036,-0.309893,0.519310,-0.001291,0.001641,0.314740,-14.567194,1.005253,11.608625,0.221686,1.778442,-0.003956,-0.013208,-0.286047,0.314740,-14.567194,1.005253,11.608625,0.221686,1.778442,-0.003956,-0.013208,-0.286047,87.000000,87.000000,87.000000,87.000000,12.000000,12.000000,12.000000,200.000000,200.000000,0.000000,0.000000,0.000000,0.000000,0.000000,0.000000,0.000000,0.000000,0.000000
268,-1.836927,0.986312,1.656557,0.326171,-0.333896,-0.432377,-0.887427,-0.916189,0.107195,0.811696,-2.800777,-0.166052,2.801783,0.298457,0.000067,0.000087,-0.075003,0.038500,0.088034,0.090759,-0.068707,-0.084410,-0.021707,-0.001293,0.001191,-0.249033,-0.663329,-0.424806,-0.005691,1.235982,0.777444,0.596476,-0.000182,0.000335,0.124512,-14.616603,0.944553,11.986211,0.218352,1.849047,-0.005693,-0.007403,-0.291485,0.124512,-14.616603,0.944553,11.986211,0.218352,1.849047,-0.005693,-0.007403,-0.291485,87.000000,87.000000,87.000000,87.000000,12.000000,12.000000,12.000000,200.000000,200.000000,0.000000,0.000000,0.000000,0.000000,0.000000,0.000000,0.000000,0.000000,0.000000
269,-1.804626,0.989390,1.687838,0.316437,-0.333569,-0.421876,-0.842400,-0.916251,0.112393,0.812777,-2.800212,-0.166388,2.803318,0.308634,0.000069,0.000086,-0.081879,0.017254,0.127732,0.073423,-0.025622,0.002217,0.230659,-0.001210,0.001135,1.043592,-0.914479,-0.308018,-0.077001,-0.051281,-0.853137,-5.321871,-0.001531,0.002895,1.518982,-14.866130,2.003502,11.594960,0.069208,1.824171,-0.032188,-0.018518,-0.280948,1.518982,-14.866130,2.003502,11.594960,0.069208,1.824171,-0.032188,-0.018518,-0.280948,87.000000,87.000000,87.000000,87.000000,12.000000,12.000000,12.000000,200.000000,200.000000,0.000000,0.000000,0.000000,0.000000,0.000000,0.000000,0.000000,0.000000,0.000000
270,-1.815402,1.002182,1.681248,0.319835,-0.346095,-0.416016,-0.833012,-0.915754,0.117014,0.813597,-2.799616,-0.169383,2.805652,0.316318,0.000070,0.000085,-0.077704,0.005214,0.124416,0.078182,-0.108333,0.017507,0.168697,-0.001226,0.001122,0.402019,-0.523741,-0.100515,0.110931,1.172367,-1.002846,-3.970147,0.000041,-0.000234,1.004198,-14.668941,1.690170,11.682581,0.095029,1.822306,-0.029091,-0.015602,-0.284069,1.004198,-14.668941,1.690170,11.682581,0.095029,1.822306,-0.029091,-0.015602,-0.284069,87.000000,87.000000,87.000000,87.000000,12.000000,12.000000,12.000000,200.000000,200.000000,0.000000,0.000000,0.000000,0.000000,0.000000,0.000000,0.000000,0.000000,0.000000
271,-1.833263,1.021657,1.663752,0.316514,-0.357183,-0.415310,-0.860243,-0.914732,0.121519,0.813337,-2.798805,-0.174037,2.807428,0.313781,0.000070,0.000085,-0.077984,0.009844,0.095036,0.082213,-0.146996,-0.000453,-0.057480,-0.001207,0.001137,-0.571233,0.043908,0.036622,-0.056122,2.244028,-0.736306,1.347306,0.001808,0.000173,0.157105,-14.229559,1.092591,11.465825,0.187913,1.770371,-0.006501,-0.014780,-0.284208,0.157105,-14.229559,1.092591,11.465825,0.187913,1.770371,-0.006501,-0.014780,-0.284208,87.000000,87.000000,87.000000,87.000000,12.000000,12.000000,12.000000,200.000000,200.000000,0.000000,0.000000,0.000000,0.000000,0.000000,0.000000,0.000000,0.000000,0.000000
272,-1.812690,1.018069,1.679397,0.319148,-0.355991,-0.410194,-0.864197,-0.913809,0.125962,0.813082,-2.798077,-0.176227,2.809386,0.311412,0.000071,0.000084,-0.074520,-0.000164,0.103130,0.079494,-0.070735,0.002506,-0.047692,-0.001230,0.001129,0.044221,-0.440398,0.188467,0.063782,1.183935,-1.079319,1.217417,-0.001396,0.000952,0.937047,-14.728753,1.720235,11.528318,0.149455,1.789777,-0.008335,-0.021026,-0.279881,0.937047,-14.728753,1.720235,11.528318,0.149455,1.789777,-0.008335,-0.021026,-0.279881,87.000000,87.000000,87.000000,87.000000,12.000000,12.000000,12.000000,200.000000,200.000000,0.000000,0.000000,0.000000,0.000000,0.000000,0.000000,0.000000,0.000000,0.000000
273,-1.817241,1.021952,1.674013,0.313794,-0.356110,-0.415166,-0.857994,-0.912665,0.129864,0.812622,-2.797332,-0.177385,2.809473,0.311659,0.000072,0.000083,-0.075571,-0.020264,0.097949,0.073061,-0.045283,-0.047366,0.010100,-0.001278,0.001167,-0.310788,-0.624043,0.072568,-0.375458,0.812536,-0.213629,-0.118682,-0.001398,0.001116,0.649839,-14.841884,1.544324,11.247685,0.148552,1.765569,-0.011020,-0.018370,-0.281010,0.649839,-14.841884,1.544324,11.247685,0.148552,1.765569,-0.011020,-0.018370,-0.281010,87.000000,87.000000,87.000000,87.000000,12.000000,12.000000,12.000000,200.000000,200.000000,0.000000,0.000000,0.000000,0.000000,0.000000,0.000000,0.000000,0.000000,0.000000
274,-1.815487,1.024883,1.677718,0.317096,-0.356072,-0.417184,-0.858400,-0.912048,0.133176,0.812506,-2.796793,-0.177803,2.808805,0.311725,0.000072,0.000083,-0.092285,-0.037482,0.110478,0.068376,-0.032399,-0.060485,0.005109,-0.001280,0.001174,-0.103876,-0.568127,-0.076193,-0.216258,0.298672,0.290809,-0.024897,-0.000097,0.000207,0.729765,-14.939871,1.656329,11.359134,0.118487,1.803113,-0.013937,-0.015759,-0.282905,0.729765,-14.939871,1.656329,11.359134,0.118487,1.803113,-0.013937,-0.015759,-0.282905,87.000000,87.000000,87.000000,87.000000,12.000000,12.000000,12.000000,200.000000,200.000000,0.000000,0.000000,0.000000,0.000000,0.000000,0.000000,0.000000,0.000000,0.000000
275,-1.809813,1.031800,1.686045,0.315907,-0.357111,-0.418278,-0.843772,-0.911966,0.136096,0.812975,-2.796388,-0.178125,2.808187,0.315257,0.000072,0.000082,-0.103915,-0.046107,0.129237,0.064521,-0.028703,-0.057195,0.082273,-0.001263,0.001159,0.372520,-0.355365,-0.239393,-0.140817,0.175489,0.274423,-1.834724,-0.000451,0.000529,1.011024,-14.861242,1.889213,11.294494,0.085350,1.799941,-0.021337,-0.018718,-0.280226,1.011024,-14.861242,1.889213,11.294494,0.085350,1.799941,-0.021337,-0.018718,-0.280226,87.000000,87.000000,87.000000,87.000000,12.000000,12.000000,12.000000,200.000000,200.000000,0.000000,0.000000,0.000000,0.000000,0.000000,0.000000,0.000000,0.000000,0.000000
276,-1.824134,1.039898,1.680113,0.321220,-0.362591,-0.422473,-0.840878,-0.912415,0.138860,0.813733,-2.795789,-0.179701,2.806844,0.317824,0.000072,0.000083,-0.124445,-0.047311,0.134463,0.072883,-0.063498,-0.074857,0.058688,-0.001286,0.001181,0.241207,-0.108664,-0.608368,0.008412,0.818870,0.770927,-1.311895,0.000496,-0.000410,0.523627,-14.740697,1.553424,11.446128,0.120447,1.815496,-0.018157,-0.014686,-0.283989,0.523627,-14.740697,1.553424,11.446128,0.120447,1.815496,-0.018157,-0.014686,-0.283989,87.000000,87.000000,87.000000,87.000000,12.000000,12.000000,12.000000,200.000000,200.000000,0.000000,0.000000,0.000000,0.000000,0.000000,0.000000,0.000000,0.000000,0.000000
277,-1.809575,1.048416,1.685197,0.316698,-0.368897,-0.403920,-0.849330,-0.911825,0.141823,0.813154,-2.795550,-0.181696,2.810365,0.317155,0.000072,0.000083,-0.099187,-0.038492,0.109304,0.062812,-0.084620,0.055862,-0.013051,-0.001191,0.001102,-0.271989,0.061224,0.509457,0.223495,0.497920,-1.538435,0.299534,0.000959,-0.000499,0.963747,-14.650272,1.931547,11.285810,0.062786,1.797803,-0.018899,-0.021022,-0.278538,0.963747,-14.650272,1.931547,11.285810,0.062786,1.797803,-0.018899,-0.021022,-0.278538,87.000000,87.000000,87.000000,87.000000,12.000000,12.000000,12.000000,200.000000,200.000000,0.000000,0.000000,0.000000,0.000000,0.000000,0.000000,0.000000,0.000000,0.000000
278,-1.817465,1.039942,1.676816,0.317065,-0.367436,-0.413400,-0.865417,-0.911100,0.144367,0.812353,-2.795020,-0.182951,2.810527,0.312899,0.000073,0.000082,-0.098440,-0.064119,0.098760,0.066399,-0.046334,-0.053727,-0.090243,-0.001282,0.001186,-0.391533,-0.674456,0.072078,-0.248444,1.039220,-0.290056,2.250213,-0.000968,0.001394,0.584984,-15.166225,1.659760,11.222740,0.154653,1.764346,-0.003562,-0.019382,-0.280231,0.584984,-15.166225,1.659760,11.222740,0.154653,1.764346,-0.003562,-0.019382,-0.280231,87.000000,87.000000,87.000000,87.000000,12.000000,12.000000,12.000000,200.000000,200.000000,0.000000,0.000000,0.000000,0.000000,0.000000,0.000000,0.000000,0.000000,0.000000
279,-1.807636,1.043288,1.685460,0.324476,-0.368028,-0.406521,-0.851863,-0.910672,0.146446,0.811802,-2.794571,-0.183428,2.811607,0.313908,0.000073,0.000082,-0.106693,-0.072986,0.113662,0.069508,-0.032888,-0.012582,0.027836,-0.001269,0.001161,-0.109048,-0.373297,0.271665,0.275744,0.160170,-0.500376,-0.563869,-0.000204,-0.000068,0.982899,-15.157290,2.019738,11.505298,0.081433,1.834137,-0.018985,-0.018375,-0.281167,0.982899,-15.157290,2.019738,11.505298,0.081433,1.834137,-0.018985,-0.018375,-0.281167,87.000000,87.000000,87.000000,87.000000,12.000000,12.000000,12.000000,200.000000,200.000000,0.000000,0.000000,0.000000,0.000000,0.000000,0.000000,0.000000,0.000000,0.000000
280,-1.797544,1.051585,1.698285,0.310862,-0.371955,-0.406696,-0.813843,-0.910891,0.148328,0.812437,-2.794132,-0.184352,2.812630,0.323557,0.000075,0.000081,-0.116335,-0.077053,0.147867,0.060749,-0.039349,-0.018653,0.218022,-0.001236,0.001155,0.756269,-0.244817,-0.106986,-0.237941,0.392179,-0.597094,-5.012108,-0.001336,0.002650,1.480921,-14.957586,2.367088,10.920245,0.029278,1.755312,-0.033205,-0.026391,-0.273253,1.480921,-14.957586,2.367088,10.920245,0.029278,1.755312,-0.033205,-0.026391,-0.273253,87.000000,87.000000,87.000000,87.000000,12.000000,12.000000,12.000000,200.000000,200.000000,0.000000,0.000000,0.000000,0.000000,0.000000,0.000000,0.000000,0.000000,0.000000
281,-1.826570,1.060292,1.671009,0.325790,-0.377420,-0.411299,-0.862996,-0.910308,0.150173,0.811914,-2.793370,-0.186452,2.811926,0.316939,0.000073,0.000083,-0.110813,-0.071510,0.108789,0.079211,-0.086108,-0.063260,-0.148029,-0.001280,0.001206,-0.722477,0.228724,0.036173,0.170057,1.118497,0.554325,3.497888,0.002625,-0.000639,0.175257,-14.744294,1.428724,11.430999,0.142046,1.811984,-0.004662,-0.014003,-0.285496,0.175257,-14.744294,1.428724,11.430999,0.142046,1.811984,-0.004662,-0.014003,-0.285496,87.000000,87.000000,87.000000,87.000000,12.000000,12.000000,12.000000,200.000000,200.000000,0.000000,0.000000,0.000000,0.000000,0.000000,0.000000,0.000000,0.000000,0.000000
282,-1.802797,1.050335,1.693941,0.309094,-0.373654,-0.407555,-0.816157,-0.910524,0.151838,0.812203,-2.793044,-0.186644,2.812580,0.324487,0.000074,0.000081,-0.121390,-0.091508,0.137908,0.051138,-0.010835,-0.025457,0.175584,-0.001255,0.001155,0.492270,-0.718022,-0.228021,-0.527407,0.140800,-0.548464,-3.954324,-0.001970,0.001990,1.243072,-15.276375,2.227780,10.772386,0.055180,1.746059,-0.025946,-0.025658,-0.275419,1.243072,-15.276375,2.227780,10.772386,0.055180,1.746059,-0.025946,-0.025658,-0.275419,87.000000,87.000000,87.000000,87.000000,12.000000,12.000000,12.000000,200.000000,200.000000,0.000000,0.000000,0.000000,0.000000,0.000000,0.000000,0.000000,0.000000,0.000000
283,-1.813609,1.046965,1.693634,0.326688,-0.374821,-0.413694,-0.807151,-0.911360,0.152776,0.813323,-2.792694,-0.186892,2.811154,0.330732,0.000073,0.000082,-0.139496,-0.111975,0.156848,0.063760,-0.025723,-0.081965,0.140148,-0.001297,0.001191,0.628542,-0.601292,-0.658580,0.095094,0.240151,0.722212,-3.183190,0.001327,-0.000907,0.934354,-15.424889,2.049679,11.450498,0.072016,1.836981,-0.026912,-0.016290,-0.282872,0.934354,-15.424889,2.049679,11.450498,0.072016,1.836981,-0.026912,-0.016290,-0.282872,87.000000,87.000000,87.000000,87.000000,12.000000,12.000000,12.000000,200.000000,200.000000,0.000000,0.000000,0.000000,0.000000,0.000000,0.000000,0.000000,0.000000,0.000000
284,-1.804456,1.066875,1.696263,0.317207,-0.378914,-0.404932,-0.825298,-0.911210,0.153723,0.813531,-2.792464,-0.187636,2.812558,0.329677,0.000074,0.000081,-0.113968,-0.095990,0.139363,0.059563,-0.053196,0.000134,-0.022359,-0.001206,0.001110,0.134725,0.374942,0.274781,0.140852,0.007154,-0.489071,0.541252,0.000269,-0.000080,1.192121,-14.690866,2.237784,11.066685,0.024499,1.789520,-0.021010,-0.025449,-0.274618,1.192121,-14.690866,2.237784,11.066685,0.024499,1.789520,-0.021010,-0.025449,-0.274618,87.000000,87.000000,87.000000,87.000000,12.000000,12.000000,12.000000,200.000000,200.000000,0.000000,0.000000,0.000000,0.000000,0.000000,0.000000,0.000000,0.000000,0.000000
285,-1.806783,1.063951,1.697001,0.314544,-0.382049,-0.407730,-0.809833,-0.911132,0.154882,0.814147,-2.792144,-0.189132,2.812991,0.332730,0.000075,0.000080,-0.115134,-0.096779,0.149474,0.057389,-0.053672,-0.036526,0.072129,-0.001259,0.001153,0.414187,-0.062039,-0.161368,-0.201306,0.819871,-0.290801,-1.584355,-0.001412,0.001105,1.113563,-14.923485,2.164502,10.921138,0.069407,1.749660,-0.020734,-0.026746,-0.273426,1.113563,-14.923485,2.164502,10.921138,0.069407,1.749660,-0.020734,-0.026746,-0.273426,87.000000,87.000000,87.000000,87.000000,12.000000,12.000000,12.000000,200.000000,200.000000,0.000000,0.000000,0.000000,0.000000,0.000000,0.000000,0.000000,0.000000,0.000000
286,-1.818598,1.064790,1.681637,0.323731,-0.385754,-0.401428,-0.839391,-0.910122,0.156010,0.813487,-2.791894,-0.190859,2.814348,0.327311,0.000074,0.000081,-0.102164,-0.097161,0.114401,0.060843,-0.074306,-0.006951,-0.118447,-0.001245,0.001173,-0.772312,-0.009302,0.356718,0.159454,0.726519,-0.518453,2.814301,0.002799,-0.000839,0.458215,-14.975847,1.725096,11.280322,0.106492,1.802304,-0.008523,-0.018214,-0.281037,0.458215,-14.975847,1.725096,11.280322,0.106492,1.802304,-0.008523,-0.018214,-0.281037,87.000000,87.000000,87.000000,87.000000,12.000000,12.000000,12.000000,200.000000,200.000000,0.000000,0.000000,0.000000,0.000000,0.000000,0.000000,0.000000,0.000000,0.000000
287,-1.810780,1.058573,1.692597,0.316704,-0.379677,-0.413233,-0.815599,-0.910160,0.156798,0.813845,-2.791510,-0.190623,2.812684,0.330047,0.000075,0.000080,-0.121297,-0.115596,0.139814,0.056316,0.003327,-0.094766,0.068397,-0.001301,0.001182,0.324362,-0.510218,-0.461956,-0.383034,0.351608,0.520788,-1.399221,-0.002141,0.001007,0.889639,-15.267134,2.018512,10.949932,0.107447,1.753904,-0.015743,-0.024332,-0.276693,0.889639,-15.267134,2.018512,10.949932,0.107447,1.753904,-0.015743,-0.024332,-0.276693,87.000000,87.000000,87.000000,87.000000,12.000000,12.000000,12.000000,200.000000,200.000000,0.000000,0.000000,0.000000,0.000000,0.000000,0.000000,0.000000,0.000000,0.000000
288,-1.803052,1.070032,1.698571,0.320209,-0.384577,-0.401104,-0.811430,-0.909973,0.157600,0.814013,-2.791507,-0.190932,2.814110,0.332606,0.000075,0.000080,-0.118368,-0.102664,0.143313,0.052601,-0.040815,0.003736,0.059157,-0.001239,0.001139,0.065780,0.242289,0.261894,0.220962,-0.282275,-0.492512,-1.363059,0.000312,0.000042,1.159983,-14.864064,2.276614,11.134282,0.011985,1.808702,-0.027526,-0.023816,-0.275551,1.159983,-14.864064,2.276614,11.134282,0.011985,1.808702,-0.027526,-0.023816,-0.275551,87.000000,87.000000,87.000000,87.000000,12.000000,12.000000,12.000000,200.000000,200.000000,0.000000,0.000000,0.000000,0.000000,0.000000,0.000000,0.000000,0.000000,0.000000
289,-1.812998,1.062368,1.694955,0.322937,-0.384270,-0.410408,-0.811308,-0.910229,0.158309,0.814758,-2.791129,-0.191519,2.813048,0.333931,0.000074,0.000081,-0.128343,-0.115182,0.151037,0.061323,-0.030586,-0.077280,0.032899,-0.001294,0.001187,0.340573,-0.328012,-0.478085,-0.068597,0.546077,0.446724,-0.644467,-0.000025,-0.000019,0.826833,-15.226686,2.007726,11.173854,0.094376,1.787760,-0.017143,-0.020497,-0.278870,0.826833,-15.226686,2.007726,11.173854,0.094376,1.787760,-0.017143,-0.020497,-0.278870,87.000000,87.000000,87.000000,87.000000,12.000000,12.000000,12.000000,200.000000,200.000000,0.000000,0.000000,0.000000,0.000000,0.000000,0.000000,0.000000,0.000000,0.000000
290,-1.815008,1.066819,1.690937,0.322322,-0.384781,-0.406227,-0.817861,-0.910035,0.158807,0.814758,-2.790874,-0.191820,2.813236,0.333058,0.000074,0.000081,-0.122036,-0.117694,0.132987,0.057619,-0.033072,-0.033580,-0.015885,-0.001261,0.001163,-0.249656,-0.098929,-0.034523,0.014811,0.041954,-0.001283,0.447675,0.000856,-0.000562,0.680342,-15.068581,1.920261,11.143288,0.073844,1.799942,-0.016570,-0.019708,-0.279670,0.680342,-15.068581,1.920261,11.143288,0.073844,1.799942,-0.016570,-0.019708,-0.279670,87.000000,87.000000,87.000000,87.000000,12.000000,12.000000,12.000000,200.000000,200.000000,0.000000,0.000000,0.000000,0.000000,0.000000,0.000000,0.000000,0.000000,0.000000
291,-1.810110,1.078837,1.690430,0.321866,-0.389681,-0.400455,-0.833197,-0.909517,0.159625,0.814097,-2.790578,-0.193052,2.814835,0.328942,0.000074,0.000081,-0.114993,-0.098335,0.120080,0.062197,-0.060468,-0.000474,-0.088003,-0.001213,0.001128,-0.407773,0.517391,0.422260,0.222030,0.446232,-0.655401,2.108037,0.000771,0.000019,0.806974,-14.669470,2.013279,11.101348,0.071631,1.777449,-0.013039,-0.024457,-0.275695,0.806974,-14.669470,2.013279,11.101348,0.071631,1.777449,-0.013039,-0.024457,-0.275695,87.000000,87.000000,87.000000,87.000000,12.000000,12.000000,12.000000,200.000000,200.000000,0.000000,0.000000,0.000000,0.000000,0.000000,0.000000,0.000000,0.000000,0.000000
292,-1.811915,1.069091,1.684956,0.322815,-0.384990,-0.406342,-0.856550,-0.908762,0.160532,0.813069,-2.790053,-0.192922,2.814475,0.321157,0.000075,0.000081,-0.108562,-0.107352,0.105895,0.064689,-0.014100,-0.061048,-0.166867,-0.001273,0.001185,-0.532726,-0.177147,0.241443,-0.116770,0.270428,0.043430,4.052149,-0.000306,0.001060,0.651834,-15.147429,1.902448,11.071693,0.117831,1.769897,-0.001944,-0.022677,-0.277698,0.651834,-15.147429,1.902448,11.071693,0.117831,1.769897,-0.001944,-0.022677,-0.277698,87.000000,87.000000,87.000000,87.000000,12.000000,12.000000,12.000000,200.000000,200.000000,0.000000,0.000000,0.000000,0.000000,0.000000,0.000000,0.000000,0.000000,0.000000
293,-1.791829,1.070864,1.703375,0.310678,-0.382472,-0.402847,-0.812080,-0.908556,0.161316,0.812981,-2.790024,-0.191817,2.815084,0.327688,0.000076,0.000079,-0.115891,-0.111182,0.139694,0.042490,0.014905,-0.026334,0.153001,-0.001246,0.001152,0.378190,-0.220876,0.186430,-0.406371,-0.601658,-0.482992,-3.442173,-0.001801,0.002318,1.510319,-15.131344,2.552737,10.626521,0.003274,1.740273,-0.029551,-0.029977,-0.270619,1.510319,-15.131344,2.552737,10.626521,0.003274,1.740273,-0.029551,-0.029977,-0.270619,87.000000,87.000000,87.000000,87.000000,12.000000,12.000000,12.000000,200.000000,200.000000,0.000000,0.000000,0.000000,0.000000,0.000000,0.000000,0.000000,0.000000,0.000000
294,-1.817260,1.062865,1.687943,0.328821,-0.382311,-0.413907,-0.833964,-0.908821,0.161623,0.813363,-2.789821,-0.191412,2.812561,0.326001,0.000074,0.000081,-0.136076,-0.129672,0.141693,0.056805,-0.014972,-0.112282,-0.036003,-0.001337,0.001221,-0.045876,-0.435703,-0.462403,-0.025063,0.020397,1.296266,0.942372,0.001394,-0.001387,0.544335,-15.438806,1.861899,11.319936,0.090886,1.829453,-0.014093,-0.015009,-0.283955,0.544335,-15.438806,1.861899,11.319936,0.090886,1.829453,-0.014093,-0.015009,-0.283955,87.000000,87.000000,87.000000,87.000000,12.000000,12.000000,12.000000,200.000000,200.000000,0.000000,0.000000,0.000000,0.000000,0.000000,0.000000,0.000000,0.000000,0.000000
295,-1.812059,1.075146,1.695210,0.322443,-0.381736,-0.415302,-0.814477,-0.909604,0.161871,0.814009,-2.789611,-0.191034,2.810886,0.329693,0.000074,0.000081,-0.146155,-0.120973,0.151111,0.054850,-0.007963,-0.079347,0.087198,-0.001266,0.001165,0.366231,0.188264,-0.483043,-0.022031,-0.191764,0.867579,-1.929438,0.000422,-0.000063,0.865443,-14.954957,2.074471,11.053259,0.053025,1.797441,-0.023535,-0.021374,-0.277818,0.865443,-14.954957,2.074471,11.053259,0.053025,1.797441,-0.023535,-0.021374,-0.277818,87.000000,87.000000,87.000000,87.000000,12.000000,12.000000,12.000000,200.000000,200.000000,0.000000,0.000000,0.000000,0.000000,0.000000,0.000000,0.000000,0.000000,0.000000
296,-1.812331,1.067907,1.699316,0.323685,-0.383452,-0.411961,-0.808901,-0.910597,0.162119,0.814778,-2.789544,-0.191074,2.810717,0.333009,0.000074,0.000081,-0.152129,-0.128244,0.155355,0.050691,-0.025713,-0.042782,0.076339,-0.001264,0.001164,0.410805,-0.272009,-0.438560,-0.011674,-0.145198,0.192423,-1.717456,0.000485,-0.000272,0.952493,-15.271227,2.168139,11.109248,0.035929,1.809171,-0.024770,-0.021008,-0.278480,0.952493,-15.271227,2.168139,11.109248,0.035929,1.809171,-0.024770,-0.021008,-0.278480,87.000000,87.000000,87.000000,87.000000,12.000000,12.000000,12.000000,200.000000,200.000000,0.000000,0.000000,0.000000,0.000000,0.000000,0.000000,0.000000,0.000000,0.000000
297,-1.796004,1.074660,1.708192,0.318792,-0.387768,-0.398200,-0.804869,-0.910574,0.162396,0.814824,-2.789803,-0.191840,2.813941,0.335721,0.000075,0.000080,-0.120855,-0.121212,0.144611,0.043049,-0.048603,0.042676,0.062738,-0.001202,0.001108,0.284931,0.103850,0.466623,0.181196,-0.032864,-1.499607,-1.436270,-0.000641,0.000776,1.513095,-15.020537,2.599789,10.965640,-0.009008,1.777682,-0.028106,-0.029101,-0.271346,1.513095,-15.020537,2.599789,10.965640,-0.009008,1.777682,-0.028106,-0.029101,-0.271346,87.000000,87.000000,87.000000,87.000000,12.000000,12.000000,12.000000,200.000000,200.000000,0.000000,0.000000,0.000000,0.000000,0.000000,0.000000,0.000000,0.000000,0.000000
298,-1.821497,1.083247,1.682453,0.325546,-0.391244,-0.408205,-0.848068,-0.909865,0.162916,0.814054,-2.789442,-0.193714,2.813698,0.326799,0.000075,0.000081,-0.113405,-0.108487,0.113477,0.064366,-0.071984,-0.060852,-0.196121,-0.001256,0.001202,-0.663953,0.507863,0.181343,0.129818,1.219136,0.137561,4.677516,0.001722,0.001277,0.363557,-14.729430,1.697827,11.147636,0.137206,1.762953,-0.000385,-0.021686,-0.278202,0.363557,-14.729430,1.697827,11.147636,0.137206,1.762953,-0.000385,-0.021686,-0.278202,87.000000,87.000000,87.000000,87.000000,12.000000,12.000000,12.000000,200.000000,200.000000,0.000000,0.000000,0.000000,0.000000,0.000000,0.000000,0.000000,0.000000,0.000000
299,-1.803010,1.066897,1.697213,0.321053,-0.387470,-0.398933,-0.822527,-0.909401,0.163457,0.813495,-2.789383,-0.193679,2.815318,0.328117,0.000075,0.000080,-0.115687,-0.123559,0.126735,0.047717,-0.011705,0.000058,0.037641,-0.001270,0.001150,-0.133877,-0.527676,0.301658,-0.097975,-0.067655,-0.912561,-0.745083,-0.001397,0.000008,1.102626,-15.445581,2.304000,10.994428,0.052710,1.783716,-0.019055,-0.025403,-0.276478,1.102626,-15.445581,2.304000,10.994428,0.052710,1.783716,-0.019055,-0.025403,-0.276478,87.000000,87.000000,87.000000,87.000000,12.000000,12.000000,12.000000,200.000000,200.000000,0.000000,0.000000,0.000000,0.000000,0.000000,0.000000,0.000000,0.000000,0.000000
300,-1.805284,1.079162,1.691530,0.321104,-0.391933,-0.397461,-0.828367,-0.908712,0.163859,0.812718,-2.789337,-0.194493,2.816741,0.327531,0.000075,0.000080,-0.112094,-0.116337,0.120908,0.051575,-0.046895,-0.010130,-0.010110,-0.001246,0.001144,-0.397538,0.217766,0.486589,0.066288,0.326496,-0.675076,0.302647,0.000250,0.000129,0.931544,-14.963675,2.165130,10.992195,0.053854,1.768834,-0.018593,-0.024549,-0.274915,0.931544,-14.963675,2.165130,10.992195,0.053854,1.768834,-0.018593,-0.024549,-0.274915,87.000000,87.000000,87.000000,87.000000,12.000000,12.000000,12.000000,200.000000,200.000000,0.000000,0.000000,0.000000,0.000000,0.000000,0.000000,0.000000,0.000000,0.000000
301,-1.810037,1.075069,1.690896,0.323010,-0.391884,-0.401772,-0.823643,-0.908728,0.164326,0.812650,-2.789126,-0.195160,2.816481,0.328310,0.000075,0.000080,-0.129662,-0.119275,0.136144,0.054620,-0.032609,-0.054428,0.021916,-0.001287,0.001179,-0.001964,-0.083110,-0.119851,-0.058885,0.487025,0.062009,-0.391373,-0.000336,0.000221,0.812869,-15.174006,2.069373,11.036466,0.082019,1.776412,-0.017125,-0.022788,-0.276877,0.812869,-15.174006,2.069373,11.036466,0.082019,1.776412,-0.017125,-0.022788,-0.276877,87.000000,87.000000,87.000000,87.000000,12.000000,12.000000,12.000000,200.000000,200.000000,0.000000,0.000000,0.000000,0.000000,0.000000,0.000000,0.000000,0.000000,0.000000
302,-1.801905,1.065385,1.699280,0.321901,-0.388171,-0.400074,-0.807668,-0.908871,0.164412,0.812896,-2.789146,-0.194450,2.816539,0.332541,0.000075,0.000080,-0.128410,-0.138592,0.145489,0.045307,0.001754,-0.041666,0.098932,-0.001274,0.001176,0.266629,-0.585077,-0.101090,-0.137507,-0.339106,-0.123289,-2.188327,0.000086,0.000422,1.161896,-15.545444,2.360728,11.014018,0.035070,1.795675,-0.025306,-0.022696,-0.276688,1.161896,-15.545444,2.360728,11.014018,0.035070,1.795675,-0.025306,-0.022696,-0.276688,87.000000,87.000000,87.000000,87.000000,12.000000,12.000000,12.000000,200.000000,200.000000,0.000000,0.000000,0.000000,0.000000,0.000000,0.000000,0.000000,0.000000,0.000000
303,-1.798996,1.085660,1.698552,0.323786,-0.392833,-0.397518,-0.821729,-0.908487,0.164631,0.812829,-2.789068,-0.194907,2.817225,0.331468,0.000076,0.000080,-0.115175,-0.114630,0.141500,0.056102,-0.042740,-0.023498,-0.022026,-0.001231,0.001132,0.034231,0.671312,0.398107,0.305427,0.036459,-0.190063,0.558879,0.000093,-0.000068,1.198295,-14.743990,2.376639,11.079847,0.022685,1.791545,-0.021662,-0.026848,-0.273440,1.198295,-14.743990,2.376639,11.079847,0.022685,1.791545,-0.021662,-0.026848,-0.273440,87.000000,87.000000,87.000000,87.000000,12.000000,12.000000,12.000000,200.000000,200.000000,0.000000,0.000000,0.000000,0.000000,0.000000,0.000000,0.000000,0.000000,0.000000
304,-1.820031,1.073782,1.678921,0.327743,-0.391815,-0.404029,-0.848364,-0.907871,0.164984,0.812217,-2.788605,-0.195526,2.816149,0.324459,0.000074,0.000081,-0.118547,-0.124856,0.117300,0.062599,-0.036976,-0.075196,-0.151370,-0.001298,0.001217,-0.714054,-0.190813,-0.028481,-0.082984,0.560340,0.538166,3.659147,0.001286,0.000226,0.274944,-15.269308,1.679683,11.161729,0.129124,1.795155,-0.002889,-0.017678,-0.281770,0.274944,-15.269308,1.679683,11.161729,0.129124,1.795155,-0.002889,-0.017678,-0.281770,87.000000,87.000000,87.000000,87.000000,12.000000,12.000000,12.000000,200.000000,200.000000,0.000000,0.000000,0.000000,0.000000,0.000000,0.000000,0.000000,0.000000,0.000000
305,-1.804357,1.063537,1.698785,0.319828,-0.385083,-0.407148,-0.797279,-0.908549,0.164804,0.812838,-2.788473,-0.194136,2.814802,0.332922,0.000075,0.000081,-0.143295,-0.149484,0.153905,0.044895,0.031742,-0.077330,0.196659,-0.001268,0.001187,0.534947,-0.769885,-0.559253,-0.415605,-0.494196,0.432959,-4.410578,0.000219,0.001174,1.093659,-15.632314,2.296335,10.862583,0.046505,1.778386,-0.028339,-0.023085,-0.277382,1.093659,-15.632314,2.296335,10.862583,0.046505,1.778386,-0.028339,-0.023085,-0.277382,87.000000,87.000000,87.000000,87.000000,12.000000,12.000000,12.000000,200.000000,200.000000,0.000000,0.000000,0.000000,0.000000,0.000000,0.000000,0.000000,0.000000,0.000000
306,-1.803768,1.089678,1.699331,0.324743,-0.392762,-0.401510,-0.817189,-0.909024,0.164856,0.813270,-2.788458,-0.194560,2.815286,0.332800,0.000075,0.000080,-0.139677,-0.115740,0.153367,0.054881,-0.049888,-0.022877,-0.003068,-0.001231,0.001119,0.236470,0.908598,0.107453,0.358219,-0.192130,0.071713,0.067385,-0.000130,-0.000646,1.126876,-14.584704,2.324571,11.075473,0.001984,1.801785,-0.025499,-0.026956,-0.274359,1.126876,-14.584704,2.324571,11.075473,0.001984,1.801785,-0.025499,-0.026956,-0.274359,87.000000,87.000000,87.000000,87.000000,12.000000,12.000000,12.000000,200.000000,200.000000,0.000000,0.000000,0.000000,0.000000,0.000000,0.000000,0.000000,0.000000,0.000000
307,-1.812894,1.070453,1.692251,0.318718,-0.387304,-0.410827,-0.824813,-0.909277,0.164989,0.813557,-2.788329,-0.194173,2.813776,0.330770,0.000075,0.000080,-0.132689,-0.136287,0.139917,0.045869,-0.003461,-0.089557,-0.039844,-0.001296,0.001186,0.117774,-0.500804,-0.443120,-0.483209,0.146890,0.555924,1.092995,-0.000313,0.000392,0.758746,-15.390364,2.020944,10.800200,0.089475,1.752312,-0.010555,-0.022439,-0.276832,0.758746,-15.390364,2.020944,10.800200,0.089475,1.752312,-0.010555,-0.022439,-0.276832,87.000000,87.000000,87.000000,87.000000,12.000000,12.000000,12.000000,200.000000,200.000000,0.000000,0.000000,0.000000,0.000000,0.000000,0.000000,0.000000,0.000000,0.000000
308,-1.798525,1.074148,1.704781,0.326367,-0.388019,-0.400267,-0.807529,-0.909349,0.164960,0.813804,-2.788584,-0.193683,2.814836,0.333867,0.000075,0.000080,-0.126846,-0.132244,0.150516,0.044168,-0.012124,-0.008826,0.073764,-0.001248,0.001151,0.279603,0.013369,0.194529,0.283201,-0.527851,-0.434172,-1.652842,0.000026,0.000347,1.331671,-15.221461,2.511509,11.174722,0.003859,1.821047,-0.027980,-0.024798,-0.274803,1.331671,-15.221461,2.511509,11.174722,0.003859,1.821047,-0.027980,-0.024798,-0.274803,87.000000,87.000000,87.000000,87.000000,12.000000,12.000000,12.000000,200.000000,200.000000,0.000000,0.000000,0.000000,0.000000,0.000000,0.000000,0.000000,0.000000,0.000000
309,-1.828079,1.080762,1.686518,0.325079,-0.388630,-0.421384,-0.821429,-0.910223,0.164936,0.814650,-2.788170,-0.194137,2.811100,0.332176,0.000074,0.000080,-0.153857,-0.130117,0.151541,0.059918,-0.027369,-0.147200,-0.034690,-0.001327,0.001217,0.168392,0.189093,-0.960343,-0.234085,0.690145,1.802496,0.949953,0.000083,-0.000083,0.286207,-14.950800,1.643937,11.018776,0.127821,1.768669,-0.009731,-0.018450,-0.280794,0.286207,-14.950800,1.643937,11.018776,0.127821,1.768669,-0.009731,-0.018450,-0.280794,87.000000,87.000000,87.000000,87.000000,12.000000,12.000000,12.000000,200.000000,200.000000,0.000000,0.000000,0.000000,0.000000,0.000000,0.000000,0.000000,0.000000,0.000000
310,-1.821992,1.071063,1.692410,0.332056,-0.383519,-0.418323,-0.830376,-0.911049,0.164877,0.814843,-2.787918,-0.192991,2.809138,0.329118,0.000073,0.000082,-0.152845,-0.137024,0.137441,0.057657,0.007467,-0.084505,-0.062465,-0.001289,0.001184,-0.024661,-0.215043,-0.450710,0.100477,-0.559289,1.077397,1.576611,0.001364,-0.001148,0.581780,-15.338718,1.930759,11.302463,0.074751,1.842895,-0.012702,-0.016028,-0.282863,0.581780,-15.338718,1.930759,11.302463,0.074751,1.842895,-0.012702,-0.016028,-0.282863,87.000000,87.000000,87.000000,87.000000,12.000000,12.000000,12.000000,200.000000,200.000000,0.000000,0.000000,0.000000,0.000000,0.000000,0.000000,0.000000,0.000000,0.000000
311,-1.789829,1.083858,1.709710,0.318752,-0.389634,-0.393325,-0.817488,-0.910624,0.165152,0.813946,-2.788251,-0.193062,2.814129,0.330645,0.000075,0.000080,-0.114664,-0.116325,0.126790,0.040676,-0.037798,0.095068,0.038241,-0.001156,0.001070,-0.057090,0.419146,1.096572,0.286700,-0.691356,-2.280524,-0.896898,-0.001211,0.001521,1.729249,-14.867566,2.812369,10.852753,-0.054319,1.775490,-0.030432,-0.032628,-0.268122,1.729249,-14.867566,2.812369,10.852753,-0.054319,1.775490,-0.030432,-0.032628,-0.268122,87.000000,87.000000,87.000000,87.000000,12.000000,12.000000,12.000000,200.000000,200.000000,0.000000,0.000000,0.000000,0.000000,0.000000,0.000000,0.000000,0.000000,0.000000
312,-1.818636,1.081414,1.684396,0.323320,-0.391624,-0.408473,-0.846845,-0.910095,0.165570,0.813109,-2.787983,-0.194451,2.813966,0.324422,0.000076,0.000080,-0.118650,-0.118261,0.113709,0.056825,-0.053625,-0.066764,-0.135307,-0.001278,0.001193,-0.487199,0.113682,0.102654,-0.153892,1.132346,-0.069836,3.289204,0.000138,0.001057,0.522476,-15.011157,1.843673,10.946445,0.127634,1.734320,-0.003255,-0.023693,-0.276392,0.522476,-15.011157,1.843673,10.946445,0.127634,1.734320,-0.003255,-0.023693,-0.276392,87.000000,87.000000,87.000000,87.000000,12.000000,12.000000,12.000000,200.000000,200.000000,0.000000,0.000000,0.000000,0.000000,0.000000,0.000000,0.000000,0.000000,0.000000
313,-1.794845,1.064842,1.706544,0.321331,-0.386905,-0.398123,-0.802654,-0.909978,0.165696,0.813051,-2.788242,-0.193736,2.815593,0.331645,0.000076,0.000080,-0.121102,-0.139538,0.144109,0.036645,0.007921,0.000567,0.168389,-0.001265,0.001175,0.348619,-0.735190,0.232092,-0.128417,-0.473328,-0.964931,-3.799468,-0.001052,0.001894,1.518831,-15.675822,2.660580,10.942555,0.004287,1.790301,-0.030754,-0.026847,-0.273694,1.518831,-15.675822,2.660580,10.942555,0.004287,1.790301,-0.030754,-0.026847,-0.273694,87.000000,87.000000,87.000000,87.000000,12.000000,12.000000,12.000000,200.000000,200.000000,0.000000,0.000000,0.000000,0.000000,0.000000,0.000000,0.000000,0.000000,0.000000
314,-1.801228,1.078327,1.706559,0.320997,-0.391401,-0.404222,-0.787854,-0.910332,0.165527,0.814064,-2.788405,-0.194227,2.815343,0.339096,0.000077,0.000079,-0.131734,-0.135195,0.169795,0.043636,-0.033472,-0.053972,0.166840,-0.001260,0.001158,0.672846,0.116436,-0.216114,-0.028803,0.217371,0.112331,-3.824429,0.000207,0.000032,1.338327,-15.085912,2.486424,10.929552,0.012399,1.771897,-0.032565,-0.026684,-0.273777,1.338327,-15.085912,2.486424,10.929552,0.012399,1.771897,-0.032565,-0.026684,-0.273777,87.000000,87.000000,87.000000,87.000000,12.000000,12.000000,12.000000,200.000000,200.000000,0.000000,0.000000,0.000000,0.000000,0.000000,0.000000,0.000000,0.000000,0.000000
315,-1.819454,1.075236,1.696712,0.327231,-0.395291,-0.406088,-0.781361,-0.910896,0.165378,0.815261,-2.788410,-0.195726,2.814525,0.344517,0.000075,0.000080,-0.143233,-0.137657,0.167928,0.049314,-0.058281,-0.061565,0.121677,-0.001294,0.001189,0.282083,-0.084603,-0.607259,0.039084,0.698031,0.508070,-2.773717,0.001267,-0.000938,0.662890,-15.202641,1.979248,11.167806,0.069886,1.806028,-0.025698,-0.019731,-0.279581,0.662890,-15.202641,1.979248,11.167806,0.069886,1.806028,-0.025698,-0.019731,-0.279581,87.000000,87.000000,87.000000,87.000000,12.000000,12.000000,12.000000,200.000000,200.000000,0.000000,0.000000,0.000000,0.000000,0.000000,0.000000,0.000000,0.000000,0.000000
316,-1.815168,1.087829,1.692314,0.325361,-0.397680,-0.399239,-0.821104,-0.910371,0.165551,0.814903,-2.788417,-0.196987,2.815763,0.337860,0.000075,0.000081,-0.116875,-0.117205,0.129178,0.052848,-0.063765,-0.008066,-0.146268,-0.001204,0.001138,-0.474790,0.597500,0.322396,0.263683,0.435811,-0.439850,3.463910,0.002290,-0.000277,0.678799,-14.728286,1.988300,11.096947,0.073061,1.784614,-0.009630,-0.023834,-0.276224,0.678799,-14.728286,1.988300,11.096947,0.073061,1.784614,-0.009630,-0.023834,-0.276224,87.000000,87.000000,87.000000,87.000000,12.000000,12.000000,12.000000,200.000000,200.000000,0.000000,0.000000,0.000000,0.000000,0.000000,0.000000,0.000000,0.000000,0.000000
317,-1.804750,1.072296,1.700065,0.316146,-0.390083,-0.405646,-0.813898,-0.909883,0.165685,0.814747,-2.788480,-0.196109,2.815280,0.335966,0.000076,0.000079,-0.111935,-0.135789,0.134694,0.039979,0.013939,-0.064838,-0.033915,-0.001278,0.001159,0.068985,-0.481083,-0.016576,-0.442468,-0.087855,-0.068955,0.984689,-0.002545,0.001179,1.075807,-15.372596,2.275565,10.727545,0.074373,1.736746,-0.011578,-0.028830,-0.272856,1.075807,-15.372596,2.275565,10.727545,0.074373,1.736746,-0.011578,-0.028830,-0.272856,87.000000,87.000000,87.000000,87.000000,12.000000,12.000000,12.000000,200.000000,200.000000,0.000000,0.000000,0.000000,0.000000,0.000000,0.000000,0.000000,0.000000,0.000000
318,-1.827145,1.083230,1.682869,0.330226,-0.390827,-0.413907,-0.833368,-0.909761,0.165713,0.814441,-2.788325,-0.195851,2.812699,0.330401,0.000074,0.000081,-0.134037,-0.125415,0.126013,0.056992,-0.018585,-0.108557,-0.119437,-0.001319,0.001222,-0.576514,0.378073,-0.256821,0.146149,0.063110,1.375898,2.898363,0.001098,0.000012,0.191305,-14.915830,1.622480,11.266627,0.116509,1.813414,-0.007301,-0.016398,-0.282145,0.191305,-14.915830,1.622480,11.266627,0.116509,1.813414,-0.007301,-0.016398,-0.282145,87.000000,87.000000,87.000000,87.000000,12.000000,12.000000,12.000000,200.000000,200.000000,0.000000,0.000000,0.000000,0.000000,0.000000,0.000000,0.000000,0.000000,0.000000
319,-1.793591,1.077111,1.705528,0.323746,-0.386338,-0.400064,-0.835952,-0.909261,0.166037,0.813772,-2.788488,-0.194130,2.814342,0.326858,0.000075,0.000080,-0.112600,-0.121968,0.128360,0.045555,0.016574,0.006150,-0.071875,-0.001214,0.001112,-0.040039,0.000953,0.664110,0.219606,-1.138998,-0.769103,1.771562,-0.000041,-0.000094,1.466878,-15.217022,2.628555,11.055106,-0.004797,1.809751,-0.018668,-0.026706,-0.273571,1.466878,-15.217022,2.628555,11.055106,-0.004797,1.809751,-0.018668,-0.026706,-0.273571,87.000000,87.000000,87.000000,87.000000,12.000000,12.000000,12.000000,200.000000,200.000000,0.000000,0.000000,0.000000,0.000000,0.000000,0.000000,0.000000,0.000000,0.000000
320,-1.817785,1.076023,1.689082,0.320504,-0.385031,-0.418036,-0.826440,-0.909377,0.166093,0.813802,-2.788253,-0.193441,2.811661,0.327264,0.000075,0.000080,-0.134470,-0.134752,0.134983,0.050565,0.004737,-0.122574,0.014682,-0.001313,0.001199,-0.069453,-0.247006,-0.475174,-0.421709,0.113056,1.136313,-0.178576,-0.000646,0.000378,0.565982,-15.245330,1.884972,10.856929,0.098153,1.754158,-0.013700,-0.021595,-0.277776,0.565982,-15.245330,1.884972,10.856929,0.098153,1.754158,-0.013700,-0.021595,-0.277776,87.000000,87.000000,87.000000,87.000000,12.000000,12.000000,12.000000,200.000000,200.000000,0.000000,0.000000,0.000000,0.000000,0.000000,0.000000,0.000000,0.000000,0.000000
321,-1.806742,1.070503,1.704038,0.332307,-0.384676,-0.409608,-0.808684,-0.910156,0.165976,0.814410,-2.788265,-0.192565,2.811328,0.331772,0.000074,0.000081,-0.148740,-0.138865,0.157975,0.052247,-0.001646,-0.041525,0.104427,-0.001272,0.001179,0.404622,-0.233398,-0.213150,0.337230,-0.690667,0.327871,-2.367591,0.000982,-0.000124,1.133986,-15.444832,2.388993,11.368576,0.010540,1.859617,-0.029406,-0.020220,-0.278785,1.133986,-15.444832,2.388993,11.368576,0.010540,1.859617,-0.029406,-0.020220,-0.278785,87.000000,87.000000,87.000000,87.000000,12.000000,12.000000,12.000000,200.000000,200.000000,0.000000,0.000000,0.000000,0.000000,0.000000,0.000000,0.000000,0.000000,0.000000
322,-1.821396,1.092080,1.683949,0.325352,-0.391305,-0.407831,-0.847132,-0.910000,0.166182,0.813586,-2.787978,-0.193781,2.812186,0.324993,0.000075,0.000081,-0.132305,-0.113838,0.114799,0.061019,-0.066754,-0.020136,-0.149714,-0.001214,0.001142,-0.712072,0.766499,0.275088,0.190349,0.436308,-0.195753,3.523640,0.002225,-0.000671,0.427550,-14.607761,1.794477,11.035801,0.078329,1.774725,-0.008748,-0.022030,-0.278219,0.427550,-14.607761,1.794477,11.035801,0.078329,1.774725,-0.008748,-0.022030,-0.278219,87.000000,87.000000,87.000000,87.000000,12.000000,12.000000,12.000000,200.000000,200.000000,0.000000,0.000000,0.000000,0.000000,0.000000,0.000000,0.000000,0.000000,0.000000
323,-1.791077,1.073445,1.704527,0.317254,-0.387924,-0.395402,-0.831571,-0.909442,0.166610,0.812633,-2.788135,-0.193542,2.815544,0.325047,0.000076,0.000079,-0.110514,-0.125746,0.121818,0.039890,-0.010228,0.039330,0.008727,-0.001222,0.001113,0.010476,-0.421843,0.738541,-0.139206,-0.255114,-1.824016,-0.085267,-0.002436,0.001592,1.579576,-15.423499,2.700974,10.762001,0.007461,1.751013,-0.020218,-0.032343,-0.269271,1.579576,-15.423499,2.700974,10.762001,0.007461,1.751013,-0.020218,-0.032343,-0.269271,87.000000,87.000000,87.000000,87.000000,12.000000,12.000000,12.000000,200.000000,200.000000,0.000000,0.000000,0.000000,0.000000,0.000000,0.000000,0.000000,0.000000,0.000000
324,-1.812437,1.076182,1.690169,0.323383,-0.392198,-0.402707,-0.814534,-0.909380,0.166660,0.812400,-2.788123,-0.194685,2.815751,0.329201,0.000076,0.000079,-0.130788,-0.133830,0.133977,0.047580,-0.044571,-0.047583,0.095976,-0.001296,0.001189,-0.122619,-0.185538,-0.058481,-0.115145,0.739747,-0.199438,-2.135750,0.000047,0.000269,0.766635,-15.282932,2.067564,10.987385,0.076964,1.764791,-0.021991,-0.022786,-0.276538,0.766635,-15.282932,2.067564,10.987385,0.076964,1.764791,-0.021991,-0.022786,-0.276538,87.000000,87.000000,87.000000,87.000000,12.000000,12.000000,12.000000,200.000000,200.000000,0.000000,0.000000,0.000000,0.000000,0.000000,0.000000,0.000000,0.000000,0.000000
325,-1.818896,1.079268,1.692016,0.328323,-0.386793,-0.419433,-0.831851,-0.910400,0.166590,0.813168,-2.787734,-0.194140,2.811838,0.327253,0.000075,0.000080,-0.154343,-0.132987,0.153236,0.060657,0.000870,-0.149124,-0.039614,-0.001328,0.001213,0.466369,0.107503,-0.800958,-0.074628,0.179369,1.864507,1.088051,-0.000025,-0.000113,0.687038,-15.139451,1.985607,11.121300,0.097418,1.796714,-0.011580,-0.020046,-0.279108,0.687038,-15.139451,1.985607,11.121300,0.097418,1.796714,-0.011580,-0.020046,-0.279108,87.000000,87.000000,87.000000,87.000000,12.000000,12.000000,12.000000,200.000000,200.000000,0.000000,0.000000,0.000000,0.000000,0.000000,0.000000,0.000000,0.000000,0.000000
326,-1.802364,1.079596,1.703511,0.321927,-0.384394,-0.408881,-0.819530,-0.910744,0.166700,0.813381,-2.787781,-0.192755,2.811873,0.329157,0.000075,0.000080,-0.134073,-0.127650,0.147186,0.045156,0.009983,-0.030821,0.047676,-0.001242,0.001143,0.292302,0.055101,0.075744,-0.020530,-0.981474,0.071237,-1.033809,0.000197,0.000121,1.311173,-15.152282,2.494891,10.913265,-0.010885,1.802264,-0.025904,-0.025303,-0.274139,1.311173,-15.152282,2.494891,10.913265,-0.010885,1.802264,-0.025904,-0.025303,-0.274139,87.000000,87.000000,87.000000,87.000000,12.000000,12.000000,12.000000,200.000000,200.000000,0.000000,0.000000,0.000000,0.000000,0.000000,0.000000,0.000000,0.000000,0.000000
327,-1.811003,1.071789,1.694872,0.327942,-0.393070,-0.396771,-0.812571,-0.910612,0.166686,0.813033,-2.787997,-0.194129,2.814708,0.331859,0.000074,0.000081,-0.130525,-0.137861,0.134542,0.044030,-0.066464,0.032859,0.062081,-0.001248,0.001154,-0.336873,-0.350317,0.362429,0.196071,0.274902,-1.207469,-1.438034,0.001116,-0.000654,0.908864,-15.459359,2.227892,11.186574,0.025829,1.816949,-0.025786,-0.021376,-0.278342,0.908864,-15.459359,2.227892,11.186574,0.025829,1.816949,-0.025786,-0.021376,-0.278342,87.000000,87.000000,87.000000,87.000000,12.000000,12.000000,12.000000,200.000000,200.000000,0.000000,0.000000,0.000000,0.000000,0.000000,0.000000,0.000000,0.000000,0.000000
328,-1.801356,1.082368,1.703302,0.326305,-0.395945,-0.396938,-0.807974,-0.910689,0.166710,0.813225,-2.787910,-0.195709,2.816558,0.334356,0.000076,0.000079,-0.125936,-0.126664,0.149878,0.055672,-0.056592,-0.003567,0.058682,-0.001235,0.001134,0.413599,0.294702,0.184018,0.293480,0.800256,-0.958089,-1.280648,-0.001221,0.000934,1.332229,-15.031204,2.498294,11.088897,0.043861,1.770749,-0.023327,-0.029144,-0.271709,1.332229,-15.031204,2.498294,11.088897,0.043861,1.770749,-0.023327,-0.029144,-0.271709,87.000000,87.000000,87.000000,87.000000,12.000000,12.000000,12.000000,200.000000,200.000000,0.000000,0.000000,0.000000,0.000000,0.000000,0.000000,0.000000,0.000000,0.000000
329,-1.818361,1.073872,1.691105,0.317643,-0.390409,-0.411643,-0.811121,-0.910797,0.166492,0.813648,-2.787664,-0.195585,2.814421,0.334864,0.000076,0.000079,-0.130442,-0.146177,0.144311,0.047250,-0.005983,-0.108578,0.015795,-0.001307,0.001195,0.088457,-0.439287,-0.559696,-0.621489,0.388048,0.812095,-0.193815,-0.000307,0.000123,0.655230,-15.343733,1.947951,10.692974,0.099177,1.732597,-0.012840,-0.022768,-0.276772,0.655230,-15.343733,1.947951,10.692974,0.099177,1.732597,-0.012840,-0.022768,-0.276772,87.000000,87.000000,87.000000,87.000000,12.000000,12.000000,12.000000,200.000000,200.000000,0.000000,0.000000,0.000000,0.000000,0.000000,0.000000,0.000000,0.000000,0.000000
330,-1.821925,1.078245,1.687261,0.333676,-0.389711,-0.409021,-0.832018,-0.910792,0.166137,0.813384,-2.787566,-0.195135,2.813125,0.330169,0.000074,0.000081,-0.134615,-0.139403,0.129840,0.056365,-0.016722,-0.069570,-0.100570,-0.001287,0.001192,-0.443088,0.215631,-0.035848,0.295737,-0.276586,0.822417,2.433058,0.001613,-0.000828,0.491637,-15.120986,1.885056,11.354162,0.078375,1.840923,-0.011825,-0.017474,-0.281563,0.491637,-15.120986,1.885056,11.354162,0.078375,1.840923,-0.011825,-0.017474,-0.281563,87.000000,87.000000,87.000000,87.000000,12.000000,12.000000,12.000000,200.000000,200.000000,0.000000,0.000000,0.000000,0.000000,0.000000,0.000000,0.000000,0.000000,0.000000
331,-1.805272,1.074387,1.703970,0.322572,-0.385495,-0.412447,-0.813110,-0.911385,0.165834,0.813844,-2.787441,-0.193798,2.812003,0.332174,0.000075,0.000080,-0.139496,-0.143316,0.152165,0.049240,0.019992,-0.072144,0.051486,-0.001255,0.001150,0.545386,-0.137559,-0.247463,-0.173201,-0.556786,0.451084,-1.056329,-0.001032,0.000774,1.274967,-15.260914,2.444839,10.892108,0.028415,1.778571,-0.021814,-0.026512,-0.273759,1.274967,-15.260914,2.444839,10.892108,0.028415,1.778571,-0.021814,-0.026512,-0.273759,87.000000,87.000000,87.000000,87.000000,12.000000,12.000000,12.000000,200.000000,200.000000,0.000000,0.000000,0.000000,0.000000,0.000000,0.000000,0.000000,0.000000,0.000000
332,-1.801003,1.075659,1.705692,0.327471,-0.389120,-0.400615,-0.809882,-0.911257,0.165579,0.813955,-2.787571,-0.193571,2.813864,0.334088,0.000075,0.000080,-0.122464,-0.138168,0.148392,0.047983,-0.026433,0.010807,0.045285,-0.001232,0.001135,0.127739,0.074239,0.405107,0.272062,-0.519500,-0.743708,-1.027568,0.000232,0.000050,1.365120,-15.191229,2.553104,11.127055,-0.012296,1.815684,-0.027991,-0.025960,-0.273935,1.365120,-15.191229,2.553104,11.127055,-0.012296,1.815684,-0.027991,-0.025960,-0.273935,87.000000,87.000000,87.000000,87.000000,12.000000,12.000000,12.000000,200.000000,200.000000,0.000000,0.000000,0.000000,0.000000,0.000000,0.000000,0.000000,0.000000,0.000000
333,-1.822144,1.087195,1.687513,0.323820,-0.393170,-0.410013,-0.824716,-0.911142,0.165604,0.813949,-2.787265,-0.194983,2.813289,0.331510,0.000075,0.000080,-0.128791,-0.123585,0.135869,0.057731,-0.056991,-0.065322,-0.054561,-0.001271,0.001175,-0.250737,0.499382,-0.172307,-0.103136,0.882222,0.289657,1.368722,0.000136,0.000271,0.506125,-14.746477,1.826526,10.909316,0.102120,1.745024,-0.011040,-0.023760,-0.276215,0.506125,-14.746477,1.826526,10.909316,0.102120,1.745024,-0.011040,-0.023760,-0.276215,87.000000,87.000000,87.000000,87.000000,12.000000,12.000000,12.000000,200.000000,200.000000,0.000000,0.000000,0.000000,0.000000,0.000000,0.000000,0.000000,0.000000,0.000000
334,-1.816726,1.076130,1.695722,0.325461,-0.387268,-0.416068,-0.823432,-0.911585,0.165775,0.814348,-2.787008,-0.194406,2.811311,0.330408,0.000075,0.000080,-0.138768,-0.129333,0.145711,0.053131,0.003322,-0.096381,-0.018218,-0.001297,0.001184,0.251506,-0.148840,-0.471205,-0.234698,-0.012138,0.858026,0.587957,-0.000371,-0.000005,0.814373,-15.224500,2.078957,10.959058,0.081984,1.776459,-0.012983,-0.022597,-0.277163,0.814373,-15.224500,2.078957,10.959058,0.081984,1.776459,-0.012983,-0.022597,-0.277163,87.000000,87.000000,87.000000,87.000000,12.000000,12.000000,12.000000,200.000000,200.000000,0.000000,0.000000,0.000000,0.000000,0.000000,0.000000,0.000000,0.000000,0.000000
335,-1.818783,1.071297,1.694430,0.329249,-0.383061,-0.417384,-0.830519,-0.911911,0.165646,0.814415,-2.786934,-0.192916,2.809695,0.328175,0.000074,0.000081,-0.138771,-0.140759,0.136984,0.049733,0.015302,-0.082209,-0.044599,-0.001291,0.001185,-0.065282,-0.301787,-0.263692,-0.086846,-0.679966,0.816405,1.161126,0.000806,-0.000619,0.739752,-15.385736,2.057121,11.122068,0.059226,1.814443,-0.014513,-0.019059,-0.279861,0.739752,-15.385736,2.057121,11.122068,0.059226,1.814443,-0.014513,-0.019059,-0.279861,87.000000,87.000000,87.000000,87.000000,12.000000,12.000000,12.000000,200.000000,200.000000,0.000000,0.000000,0.000000,0.000000,0.000000,0.000000,0.000000,0.000000,0.000000
336,-1.811302,1.084140,1.693717,0.323385,-0.386359,-0.406661,-0.841138,-0.911539,0.165652,0.813470,-2.787176,-0.192621,2.811439,0.324493,0.000075,0.000080,-0.123241,-0.125119,0.117199,0.042343,-0.026155,0.006987,-0.077732,-0.001210,0.001119,-0.506567,0.410406,0.578916,0.102347,-0.490961,-0.713298,1.857251,0.000686,-0.000247,0.941504,-14.873379,2.206072,10.937230,0.022438,1.780617,-0.016530,-0.025399,-0.274535,0.941504,-14.873379,2.206072,10.937230,0.022438,1.780617,-0.016530,-0.025399,-0.274535,87.000000,87.000000,87.000000,87.000000,12.000000,12.000000,12.000000,200.000000,200.000000,0.000000,0.000000,0.000000,0.000000,0.000000,0.000000,0.000000,0.000000,0.000000
337,-1.816302,1.069858,1.695098,0.328752,-0.384195,-0.416505,-0.835595,-0.912082,0.165592,0.813512,-2.787122,-0.192398,2.810242,0.323844,0.000075,0.000080,-0.143157,-0.139972,0.138165,0.049868,-0.006519,-0.083974,-0.008504,-0.001302,0.001189,0.222126,-0.371075,-0.319302,-0.086343,0.221264,0.447176,0.352825,-0.000895,0.000484,0.880650,-15.444974,2.150062,11.117081,0.083447,1.788112,-0.013762,-0.022741,-0.277109,0.880650,-15.444974,2.150062,11.117081,0.083447,1.788112,-0.013762,-0.022741,-0.277109,87.000000,87.000000,87.000000,87.000000,12.000000,12.000000,12.000000,200.000000,200.000000,0.000000,0.000000,0.000000,0.000000,0.000000,0.000000,0.000000,0.000000,0.000000
338,-1.804364,1.086403,1.698892,0.328525,-0.385982,-0.404944,-0.841916,-0.911759,0.165814,0.812839,-2.787178,-0.192220,2.811999,0.322060,0.000076,0.000080,-0.119069,-0.114760,0.126594,0.052798,-0.025641,0.007470,-0.035767,-0.001221,0.001124,-0.142261,0.652500,0.634385,0.420791,-0.409226,-0.719968,0.882011,0.000283,0.000001,1.246373,-14.809435,2.441708,11.133410,0.009312,1.802749,-0.020992,-0.026829,-0.272996,1.246373,-14.809435,2.441708,11.133410,0.009312,1.802749,-0.020992,-0.026829,-0.272996,87.000000,87.000000,87.000000,87.000000,12.000000,12.000000,12.000000,200.000000,200.000000,0.000000,0.000000,0.000000,0.000000,0.000000,0.000000,0.000000,0.000000,0.000000
339,-1.810258,1.065874,1.699656,0.325165,-0.384309,-0.412188,-0.819413,-0.912063,0.165917,0.813224,-2.787015,-0.192094,2.811575,0.326448,0.000076,0.000079,-0.133910,-0.140569,0.149579,0.048986,-0.007237,-0.063279,0.102938,-0.001295,0.001191,0.383279,-0.723984,-0.293428,-0.304884,0.164278,0.031476,-2.260699,-0.000575,0.000732,1.105669,-15.648855,2.326214,10.954917,0.053392,1.775526,-0.022334,-0.024079,-0.275589,1.105669,-15.648855,2.326214,10.954917,0.053392,1.775526,-0.022334,-0.024079,-0.275589,87.000000,87.000000,87.000000,87.000000,12.000000,12.000000,12.000000,200.000000,200.000000,0.000000,0.000000,0.000000,0.000000,0.000000,0.000000,0.000000,0.000000,0.000000
340,-1.811108,1.076520,1.699636,0.324363,-0.385623,-0.409523,-0.811473,-0.912273,0.165670,0.813643,-2.787129,-0.192087,2.811809,0.330706,0.000076,0.000080,-0.132419,-0.139225,0.151610,0.044006,-0.022908,-0.035473,0.097181,-0.001264,0.001164,0.200952,0.006548,-0.073974,-0.049810,-0.158256,-0.070171,-2.199974,0.000202,0.000003,1.073250,-15.165131,2.299665,10.959648,0.021292,1.785296,-0.026797,-0.024522,-0.275348,1.073250,-15.165131,2.299665,10.959648,0.021292,1.785296,-0.026797,-0.024522,-0.275348,87.000000,87.000000,87.000000,87.000000,12.000000,12.000000,12.000000,200.000000,200.000000,0.000000,0.000000,0.000000,0.000000,0.000000,0.000000,0.000000,0.000000,0.000000
341,-1.823106,1.077167,1.692289,0.330367,-0.389756,-0.411389,-0.817739,-0.912704,0.165471,0.814054,-2.787074,-0.193283,2.811480,0.331431,0.000075,0.000080,-0.142521,-0.136556,0.147820,0.052547,-0.053408,-0.052545,0.018103,-0.001283,0.001179,0.004275,0.090301,-0.297459,0.105609,0.574005,0.270702,-0.353537,0.000893,-0.000777,0.643425,-15.125713,1.970411,11.181494,0.074597,1.801350,-0.018417,-0.020426,-0.279152,0.643425,-15.125713,1.970411,11.181494,0.074597,1.801350,-0.018417,-0.020426,-0.279152,87.000000,87.000000,87.000000,87.000000,12.000000,12.000000,12.000000,200.000000,200.000000,0.000000,0.000000,0.000000,0.000000,0.000000,0.000000,0.000000,0.000000,0.000000
342,-1.796519,1.082011,1.705863,0.322856,-0.391406,-0.395187,-0.823860,-0.911947,0.165614,0.813504,-2.787345,-0.193909,2.815069,0.330338,0.000076,0.000079,-0.103548,-0.122188,0.132979,0.042820,-0.043745,0.051649,-0.020523,-0.001184,0.001093,-0.038994,0.326630,0.861834,0.232902,-0.080971,-1.707522,0.525602,-0.000139,0.000416,1.539748,-14.968054,2.663294,10.935898,-0.005313,1.772598,-0.022170,-0.031144,-0.269483,1.539748,-14.968054,2.663294,10.935898,-0.005313,1.772598,-0.022170,-0.031144,-0.269483,87.000000,87.000000,87.000000,87.000000,12.000000,12.000000,12.000000,200.000000,200.000000,0.000000,0.000000,0.000000,0.000000,0.000000,0.000000,0.000000,0.000000,0.000000
343,-1.826662,1.081647,1.680295,0.326046,-0.395038,-0.406655,-0.834894,-0.911273,0.165891,0.812908,-2.787123,-0.195816,2.814744,0.327085,0.000075,0.000080,-0.117693,-0.122219,0.119998,0.054579,-0.064433,-0.064363,-0.068462,-0.001303,0.001206,-0.643071,0.119462,-0.031786,-0.157917,1.287996,0.066324,1.719966,-0.000217,0.000697,0.284123,-15.016646,1.671282,10.992392,0.137939,1.746802,-0.006745,-0.022318,-0.277754,0.284123,-15.016646,1.671282,10.992392,0.137939,1.746802,-0.006745,-0.022318,-0.277754,87.000000,87.000000,87.000000,87.000000,12.000000,12.000000,12.000000,200.000000,200.000000,0.000000,0.000000,0.000000,0.000000,0.000000,0.000000,0.000000,0.000000,0.000000
344,-1.805103,1.068558,1.701656,0.326112,-0.384804,-0.409869,-0.824962,-0.911330,0.165929,0.813182,-2.787111,-0.194166,2.813404,0.327724,0.000076,0.000079,-0.124638,-0.138688,0.146902,0.046122,0.033469,-0.081028,0.021620,-0.001292,0.001178,0.409273,-0.484399,-0.187763,-0.163203,-0.562963,0.446329,-0.320269,-0.000632,0.000258,1.230278,-15.533834,2.422559,11.016274,0.050432,1.792160,-0.017762,-0.024152,-0.275701,1.230278,-15.533834,2.422559,11.016274,0.050432,1.792160,-0.017762,-0.024152,-0.275701,87.000000,87.000000,87.000000,87.000000,12.000000,12.000000,12.000000,200.000000,200.000000,0.000000,0.000000,0.000000,0.000000,0.000000,0.000000,0.000000,0.000000,0.000000
345,-1.820907,1.085325,1.683945,0.325327,-0.386319,-0.413912,-0.847022,-0.910838,0.165921,0.812611,-2.787069,-0.193486,2.811825,0.322866,0.000075,0.000080,-0.121322,-0.125270,0.121180,0.049721,-0.013276,-0.081557,-0.104786,-0.001281,0.001184,-0.623188,0.461615,0.110990,-0.071271,-0.332328,0.886100,2.526956,0.000793,-0.000062,0.490045,-14.844108,1.846102,10.977050,0.069570,1.785105,-0.011055,-0.020635,-0.278410,0.490045,-14.844108,1.846102,10.977050,0.069570,1.785105,-0.011055,-0.020635,-0.278410,87.000000,87.000000,87.000000,87.000000,12.000000,12.000000,12.000000,200.000000,200.000000,0.000000,0.000000,0.000000,0.000000,0.000000,0.000000,0.000000,0.000000,0.000000
346,-1.812742,1.065291,1.697957,0.328946,-0.382685,-0.414722,-0.824096,-0.911513,0.165807,0.813078,-2.787152,-0.192370,2.810536,0.325728,0.000075,0.000081,-0.146330,-0.145214,0.151055,0.043965,0.014164,-0.074760,0.070373,-0.001291,0.001185,0.349722,-0.618942,-0.405828,-0.100677,-0.485681,0.584653,-1.506339,0.000409,-0.000317,0.993096,-15.645001,2.259920,11.142063,0.045745,1.820693,-0.021776,-0.020181,-0.279309,0.993096,-15.645001,2.259920,11.142063,0.045745,1.820693,-0.021776,-0.020181,-0.279309,87.000000,87.000000,87.000000,87.000000,12.000000,12.000000,12.000000,200.000000,200.000000,0.000000,0.000000,0.000000,0.000000,0.000000,0.000000,0.000000,0.000000,0.000000
347,-1.798061,1.079238,1.704971,0.324588,-0.385997,-0.400946,-0.823349,-0.911314,0.165631,0.812945,-2.787569,-0.192013,2.813077,0.327513,0.000075,0.000080,-0.119532,-0.132702,0.142620,0.039410,-0.024157,0.027754,0.042196,-0.001212,0.001115,0.111962,0.272795,0.576223,0.293980,-0.648008,-1.107367,-0.962707,-0.000435,0.000519,1.478403,-15.055309,2.630452,11.035664,-0.025892,1.800443,-0.028629,-0.028171,-0.272140,1.478403,-15.055309,2.630452,11.035664,-0.025892,1.800443,-0.028629,-0.028171,-0.272140,87.000000,87.000000,87.000000,87.000000,12.000000,12.000000,12.000000,200.000000,200.000000,0.000000,0.000000,0.000000,0.000000,0.000000,0.000000,0.000000,0.000000,0.000000
348,-1.814979,1.079860,1.688990,0.329389,-0.394045,-0.400152,-0.830467,-0.910798,0.165718,0.812520,-2.787556,-0.194218,2.814873,0.326718,0.000075,0.000080,-0.118759,-0.126034,0.130221,0.053521,-0.081252,-0.003038,-0.015557,-0.001252,0.001158,-0.399773,0.218431,0.316860,0.249875,1.026585,-0.797103,0.413288,0.000878,-0.000322,0.729245,-15.058285,2.043446,11.186793,0.077578,1.786042,-0.016676,-0.023044,-0.276874,0.729245,-15.058285,2.043446,11.186793,0.077578,1.786042,-0.016676,-0.023044,-0.276874,87.000000,87.000000,87.000000,87.000000,12.000000,12.000000,12.000000,200.000000,200.000000,0.000000,0.000000,0.000000,0.000000,0.000000,0.000000,0.000000,0.000000,0.000000
349,-1.814043,1.075755,1.691837,0.317583,-0.387769,-0.411008,-0.822786,-0.910876,0.165710,0.812734,-2.787489,-0.194199,2.813679,0.328058,0.000076,0.000079,-0.128417,-0.136428,0.141090,0.043379,-0.004929,-0.084566,0.035740,-0.001291,0.001177,0.178387,-0.240468,-0.391177,-0.496987,0.394015,0.298980,-0.652202,-0.001515,0.000889,0.833109,-15.220543,2.069714,10.693621,0.091629,1.724908,-0.014293,-0.026022,-0.274322,0.833109,-15.220543,2.069714,10.693621,0.091629,1.724908,-0.014293,-0.026022,-0.274322,87.000000,87.000000,87.000000,87.000000,12.000000,12.000000,12.000000,200.000000,200.000000,0.000000,0.000000,0.000000,0.000000,0.000000,0.000000,0.000000,0.000000,0.000000
350,-1.817327,1.074513,1.695462,0.331397,-0.388253,-0.411520,-0.806847,-0.911590,0.165597,0.813459,-2.787504,-0.194029,2.812233,0.332621,0.000075,0.000080,-0.147636,-0.135535,0.156635,0.050644,-0.014534,-0.076079,0.105216,-0.001294,0.001193,0.310339,-0.015148,-0.477099,0.168860,-0.095638,0.783732,-2.362063,0.001205,-0.000555,0.816661,-15.250625,2.111118,11.265954,0.053917,1.827456,-0.025627,-0.019482,-0.279378,0.816661,-15.250625,2.111118,11.265954,0.053917,1.827456,-0.025627,-0.019482,-0.279378,87.000000,87.000000,87.000000,87.000000,12.000000,12.000000,12.000000,200.000000,200.000000,0.000000,0.000000,0.000000,0.000000,0.000000,0.000000,0.000000,0.000000,0.000000
351,-1.816690,1.083814,1.692609,0.324587,-0.387743,-0.412223,-0.836039,-0.911800,0.165690,0.813456,-2.787456,-0.193686,2.811585,0.328071,0.000075,0.000080,-0.134360,-0.123375,0.136174,0.050808,-0.020233,-0.058229,-0.098731,-0.001252,0.001156,-0.080514,0.377070,-0.055320,0.009835,-0.222016,0.416548,2.383087,0.000466,-0.000117,0.801367,-14.896048,2.075611,10.980134,0.053258,1.782977,-0.012596,-0.023457,-0.276438,0.801367,-14.896048,2.075611,10.980134,0.053258,1.782977,-0.012596,-0.023457,-0.276438,87.000000,87.000000,87.000000,87.000000,12.000000,12.000000,12.000000,200.000000,200.000000,0.000000,0.000000,0.000000,0.000000,0.000000,0.000000,0.000000,0.000000,0.000000
352,-1.796757,1.070177,1.709349,0.323475,-0.389244,-0.397708,-0.799534,-0.911760,0.165866,0.813582,-2.787804,-0.193677,2.814378,0.334338,0.000075,0.000080,-0.122460,-0.132661,0.150386,0.037467,-0.019630,0.032397,0.145280,-0.001238,0.001150,0.383504,-0.406021,0.358878,0.089055,-0.345062,-1.390759,-3.320089,-0.001298,0.001949,1.590156,-15.475570,2.720968,11.003453,-0.015350,1.796299,-0.032368,-0.028249,-0.272135,1.590156,-15.475570,2.720968,11.003453,-0.015350,1.796299,-0.032368,-0.028249,-0.272135,87.000000,87.000000,87.000000,87.000000,12.000000,12.000000,12.000000,200.000000,200.000000,0.000000,0.000000,0.000000,0.000000,0.000000,0.000000,0.000000,0.000000,0.000000
353,-1.814698,1.069090,1.701917,0.327430,-0.392222,-0.408192,-0.778381,-0.912346,0.165546,0.814765,-2.787792,-0.194717,2.813743,0.342732,0.000075,0.000080,-0.140216,-0.148243,0.169669,0.048912,-0.039125,-0.068802,0.188511,-0.001285,0.001188,0.591757,-0.412087,-0.588860,-0.054113,0.709339,0.219264,-4.295350,0.000966,-0.000315,0.979191,-15.452456,2.223183,11.122232,0.062754,1.786142,-0.029324,-0.021665,-0.278255,0.979191,-15.452456,2.223183,11.122232,0.062754,1.786142,-0.029324,-0.021665,-0.278255,87.000000,87.000000,87.000000,87.000000,12.000000,12.000000,12.000000,200.000000,200.000000,0.000000,0.000000,0.000000,0.000000,0.000000,0.000000,0.000000,0.000000,0.000000
354,-1.827788,1.087160,1.686990,0.333677,-0.397996,-0.403777,-0.820531,-0.912257,0.165430,0.814705,-2.787537,-0.196583,2.814135,0.337094,0.000074,0.000081,-0.132354,-0.124162,0.135003,0.064032,-0.081941,-0.027516,-0.125418,-0.001237,0.001164,-0.526343,0.708279,0.040593,0.444533,0.714679,0.122459,2.949545,0.002663,-0.000933,0.362697,-14.720440,1.760023,11.339687,0.091589,1.818096,-0.010757,-0.019739,-0.280396,0.362697,-14.720440,1.760023,11.339687,0.091589,1.818096,-0.010757,-0.019739,-0.280396,87.000000,87.000000,87.000000,87.000000,12.000000,12.000000,12.000000,200.000000,200.000000,0.000000,0.000000,0.000000,0.000000,0.000000,0.000000,0.000000,0.000000,0.000000
355,-1.807324,1.085214,1.698022,0.315378,-0.392412,-0.405037,-0.826063,-0.911731,0.165808,0.814178,-2.787355,-0.196357,2.814665,0.332678,0.000076,0.000079,-0.111090,-0.117290,0.125532,0.048413,-0.007279,-0.035622,-0.090761,-0.001228,0.001120,-0.053938,0.216288,0.251925,-0.364101,0.079839,-0.477067,2.279553,-0.002259,0.001427,1.110936,-14.875054,2.279615,10.588712,0.065713,1.710529,-0.009069,-0.032109,-0.269793,1.110936,-14.875054,2.279615,10.588712,0.065713,1.710529,-0.009069,-0.032109,-0.269793,87.000000,87.000000,87.000000,87.000000,12.000000,12.000000,12.000000,200.000000,200.000000,0.000000,0.000000,0.000000,0.000000,0.000000,0.000000,0.000000,0.000000,0.000000
356,-1.830630,1.074804,1.680089,0.330569,-0.390654,-0.413504,-0.835672,-0.911482,0.166047,0.813487,-2.787095,-0.196079,2.812571,0.328093,0.000074,0.000081,-0.131399,-0.128894,0.114695,0.055536,-0.011077,-0.101212,-0.096202,-0.001333,0.001225,-0.691856,-0.232217,-0.226003,-0.138526,0.186290,0.989119,2.390304,0.000757,-0.000244,0.176394,-15.305170,1.619210,11.169568,0.129447,1.797924,-0.005880,-0.016275,-0.282539,0.176394,-15.305170,1.619210,11.169568,0.129447,1.797924,-0.005880,-0.016275,-0.282539,87.000000,87.000000,87.000000,87.000000,12.000000,12.000000,12.000000,200.000000,200.000000,0.000000,0.000000,0.000000,0.000000,0.000000,0.000000,0.000000,0.000000,0.000000
357,-1.808672,1.084466,1.694825,0.320301,-0.384863,-0.412578,-0.844554,-0.911414,0.166356,0.812706,-2.787162,-0.194104,2.811724,0.323590,0.000075,0.000080,-0.127584,-0.118172,0.119254,0.043703,0.027732,-0.062601,-0.093386,-0.001245,0.001138,-0.134856,0.294928,0.249426,-0.162737,-0.960629,0.361012,2.312067,-0.000590,0.000457,1.070716,-14.941714,2.286141,10.794394,0.033311,1.765904,-0.012784,-0.026020,-0.273726,1.070716,-14.941714,2.286141,10.794394,0.033311,1.765904,-0.012784,-0.026020,-0.273726,87.000000,87.000000,87.000000,87.000000,12.000000,12.000000,12.000000,200.000000,200.000000,0.000000,0.000000,0.000000,0.000000,0.000000,0.000000,0.000000,0.000000,0.000000
358,-1.795620,1.063172,1.709878,0.327846,-0.386269,-0.399572,-0.800284,-0.911627,0.166487,0.812772,-2.787623,-0.193101,2.813818,0.331829,0.000075,0.000080,-0.130885,-0.139785,0.149916,0.035062,0.003567,0.015038,0.188976,-0.001254,0.001183,0.443670,-0.759614,0.314087,0.157426,-0.844668,-1.024241,-4.342638,-0.000248,0.002276,1.651116,-15.806419,2.805269,11.174301,-0.032887,1.833844,-0.037004,-0.025026,-0.274445,1.651116,-15.806419,2.805269,11.174301,-0.032887,1.833844,-0.037004,-0.025026,-0.274445,87.000000,87.000000,87.000000,87.000000,12.000000,12.000000,12.000000,200.000000,200.000000,0.000000,0.000000,0.000000,0.000000,0.000000,0.000000,0.000000,0.000000,0.000000
359,-1.822908,1.082269,1.686249,0.334226,-0.393910,-0.405433,-0.830189,0.000000,-0.715131,0.000000,-2.078013,0.000000,2.822906,0.898834,0.040000,0.020361,0.000000,0.000000,0.000000,0.000000,0.000000,0.000000,0.000000,0.000000,0.000000,0.000000,0.000000,0.000000,0.000000,0.000000,0.000000,0.000000,0.000000,0.000000,-72.916306,54.981239,67.449982,-45.189915,-12.000000,0.910149,-12.000000,-80.000000,-40.721458,-72.916306,54.981239,67.449982,-45.189915,-15.756415,0.910149,-45.834267,-80.000000,-40.721458,87.000000,87.000000,87.000000,87.000000,12.000000,12.000000,12.000000,200.000000,200.000000,0.000000,0.000000,0.000000,0.000000,0.000000,0.000000,0.000000,0.000000,0.000000
